2025-05-27 19:56:20,464 - all_data_dino_improved - INFO - Initialized logger: all_data_dino_improved
2025-05-27 19:56:20,464 - all_data_dino_improved - INFO - Configuration: {
  "data_root": "/home/pokle/Trans-VG/visual_grounding/dior-rsvg",
  "image_size": 384,
  "max_text_len": 40,
  "hidden_dim": 256,
  "bert_model": "bert-base-uncased",
  "dropout": 0.1,
  "num_heads": 8,
  "num_encoder_layers": 6,
  "cross_layers": 6,
  "dim_feedforward": 2048,
  "mlp_hidden_dim": 256,
  "vision_backbone": "dino_vit",
  "pretrained": true,
  "freeze_backbone": true,
  "partial_freeze_vision": true,
  "freeze_linguistic": false,
  "partial_freeze_linguistic": true,
  "batch_size": 16,
  "num_workers": 4,
  "learning_rate": 0.0001,
  "weight_decay": 0.0001,
  "num_epochs": 100,
  "lr": 5e-05,
  "lr_bert": 2e-05,
  "lr_drop": 70,
  "gradient_clip_val": 1.0,
  "output_dir": "output/improved_dino_vit",
  "l1_weight": 5.0,
  "giou_weight": 2.0,
  "center_weight": 1.0,
  "use_center_loss": true,
  "use_focal_loss": true,
  "use_augmentation": true,
  "aug_scale": true,
  "aug_crop": true,
  "aug_translate": true,
  "aug_color": true,
  "aug_blur": false,
  "aug_erase": false,
  "aug_scale_factor": 0.1,
  "aug_brightness": 0.1,
  "aug_contrast": 0.1,
  "aug_saturation": 0.1,
  "aug_hue": 0.05,
  "aug_translate_percent": 0.05,
  "epochs": 200
}
2025-05-27 19:56:20,465 - all_data_dino_improved - INFO - Running with configuration: {'data_root': '/home/pokle/Trans-VG/visual_grounding/dior-rsvg', 'output_dir': 'output/improved_dino_vit', 'log_name': 'all_data_dino_improved', 'epochs': 200, 'batch_size': 16, 'lr': 5e-05, 'lr_bert': 2e-05, 'weight_decay': 0.0001, 'lr_drop': 70, 'resume': '', 'device': 'cuda:1', 'num_workers': 4, 'scheduler': 'step', 'center_weight': 1.0, 'no_augmentation': False, 'no_center_loss': False, 'no_focal_loss': False}
2025-05-27 19:56:20,465 - all_data_dino_improved - INFO - Using DINO ViT backbone | Data augmentation: True, Center loss: True, Focal loss: True
2025-05-27 19:56:20,471 - all_data_dino_improved - INFO - Using device: cuda:1
2025-05-27 19:56:20,471 - all_data_dino_improved - INFO - Building data loaders...
2025-05-27 19:56:22,317 - all_data_dino_improved - INFO - Train dataset size: 32638
2025-05-27 19:56:22,317 - all_data_dino_improved - INFO - Val dataset size: 4966
2025-05-27 19:56:22,317 - all_data_dino_improved - INFO - Test dataset size: 8649
2025-05-27 19:56:22,317 - all_data_dino_improved - INFO - Building model...
2025-05-27 19:56:24,745 - all_data_dino_improved - INFO - Using step scheduler with step_size=70, gamma=0.1
2025-05-27 19:56:24,745 - all_data_dino_improved - INFO - Starting training...
2025-05-27 19:56:24,745 - all_data_dino_improved - INFO - Epoch 0/200
2025-05-27 19:56:28,451 - all_data_dino_improved - INFO - Epoch 0, Batch 0/2040, Loss: 7.6604
2025-05-27 19:56:28,451 - all_data_dino_improved - INFO - Train metrics: l1_loss: 0.9610 | giou_loss: 1.3984 | center_loss: 0.0587 | total_loss: 7.6604
2025-05-27 19:57:28,781 - all_data_dino_improved - INFO - Epoch 0, Batch 50/2040, Loss: 7.5804
2025-05-27 19:57:28,781 - all_data_dino_improved - INFO - Train metrics: l1_loss: 1.0470 | giou_loss: 1.1386 | center_loss: 0.0684 | total_loss: 7.5804
2025-05-27 19:57:51,158 - all_data_dino_improved - INFO - Initialized logger: all_data_dino_improved
2025-05-27 19:57:51,158 - all_data_dino_improved - INFO - Configuration: {
  "data_root": "/home/pokle/Trans-VG/visual_grounding/dior-rsvg",
  "image_size": 384,
  "max_text_len": 40,
  "hidden_dim": 256,
  "bert_model": "bert-base-uncased",
  "dropout": 0.1,
  "num_heads": 8,
  "num_encoder_layers": 6,
  "cross_layers": 6,
  "dim_feedforward": 2048,
  "mlp_hidden_dim": 256,
  "vision_backbone": "dino_vit",
  "pretrained": true,
  "freeze_backbone": true,
  "partial_freeze_vision": true,
  "freeze_linguistic": false,
  "partial_freeze_linguistic": true,
  "batch_size": 24,
  "num_workers": 4,
  "learning_rate": 0.0001,
  "weight_decay": 0.0001,
  "num_epochs": 100,
  "lr": 5e-05,
  "lr_bert": 2e-05,
  "lr_drop": 70,
  "gradient_clip_val": 1.0,
  "output_dir": "output/improved_dino_vit",
  "l1_weight": 5.0,
  "giou_weight": 2.0,
  "center_weight": 1.0,
  "use_center_loss": true,
  "use_focal_loss": true,
  "use_augmentation": true,
  "aug_scale": true,
  "aug_crop": true,
  "aug_translate": true,
  "aug_color": true,
  "aug_blur": false,
  "aug_erase": false,
  "aug_scale_factor": 0.1,
  "aug_brightness": 0.1,
  "aug_contrast": 0.1,
  "aug_saturation": 0.1,
  "aug_hue": 0.05,
  "aug_translate_percent": 0.05,
  "epochs": 200
}
2025-05-27 19:57:51,158 - all_data_dino_improved - INFO - Running with configuration: {'data_root': '/home/pokle/Trans-VG/visual_grounding/dior-rsvg', 'output_dir': 'output/improved_dino_vit', 'log_name': 'all_data_dino_improved', 'epochs': 200, 'batch_size': 24, 'lr': 5e-05, 'lr_bert': 2e-05, 'weight_decay': 0.0001, 'lr_drop': 70, 'resume': '', 'device': 'cuda:1', 'num_workers': 4, 'scheduler': 'step', 'center_weight': 1.0, 'no_augmentation': False, 'no_center_loss': False, 'no_focal_loss': False}
2025-05-27 19:57:51,158 - all_data_dino_improved - INFO - Using DINO ViT backbone | Data augmentation: True, Center loss: True, Focal loss: True
2025-05-27 19:57:51,165 - all_data_dino_improved - INFO - Using device: cuda:1
2025-05-27 19:57:51,165 - all_data_dino_improved - INFO - Building data loaders...
2025-05-27 19:57:52,237 - all_data_dino_improved - INFO - Train dataset size: 32638
2025-05-27 19:57:52,238 - all_data_dino_improved - INFO - Val dataset size: 4966
2025-05-27 19:57:52,238 - all_data_dino_improved - INFO - Test dataset size: 8649
2025-05-27 19:57:52,238 - all_data_dino_improved - INFO - Building model...
2025-05-27 19:57:54,410 - all_data_dino_improved - INFO - Using step scheduler with step_size=70, gamma=0.1
2025-05-27 19:57:54,410 - all_data_dino_improved - INFO - Starting training...
2025-05-27 19:57:54,410 - all_data_dino_improved - INFO - Epoch 0/200
2025-05-27 19:57:59,277 - all_data_dino_improved - INFO - Epoch 0, Batch 0/1360, Loss: 7.3899
2025-05-27 19:57:59,277 - all_data_dino_improved - INFO - Train metrics: l1_loss: 0.9151 | giou_loss: 1.3778 | center_loss: 0.0590 | total_loss: 7.3899
2025-05-27 19:59:25,225 - all_data_dino_improved - INFO - Epoch 0, Batch 50/1360, Loss: 6.9089
2025-05-27 19:59:25,225 - all_data_dino_improved - INFO - Train metrics: l1_loss: 0.9292 | giou_loss: 1.1054 | center_loss: 0.0520 | total_loss: 6.9089
2025-05-27 20:00:53,802 - all_data_dino_improved - INFO - Epoch 0, Batch 100/1360, Loss: 4.9827
2025-05-27 20:00:53,803 - all_data_dino_improved - INFO - Train metrics: l1_loss: 0.6074 | giou_loss: 0.9615 | center_loss: 0.0226 | total_loss: 4.9827
2025-05-27 20:02:22,664 - all_data_dino_improved - INFO - Epoch 0, Batch 150/1360, Loss: 5.1930
2025-05-27 20:02:22,665 - all_data_dino_improved - INFO - Train metrics: l1_loss: 0.6192 | giou_loss: 1.0354 | center_loss: 0.0260 | total_loss: 5.1930
2025-05-27 20:03:51,945 - all_data_dino_improved - INFO - Epoch 0, Batch 200/1360, Loss: 5.7408
2025-05-27 20:03:51,945 - all_data_dino_improved - INFO - Train metrics: l1_loss: 0.6656 | giou_loss: 1.1884 | center_loss: 0.0361 | total_loss: 5.7408
2025-05-27 20:05:21,470 - all_data_dino_improved - INFO - Epoch 0, Batch 250/1360, Loss: 5.2580
2025-05-27 20:05:21,471 - all_data_dino_improved - INFO - Train metrics: l1_loss: 0.6365 | giou_loss: 1.0256 | center_loss: 0.0243 | total_loss: 5.2580
2025-05-27 20:06:51,022 - all_data_dino_improved - INFO - Epoch 0, Batch 300/1360, Loss: 4.9316
2025-05-27 20:06:51,022 - all_data_dino_improved - INFO - Train metrics: l1_loss: 0.5831 | giou_loss: 0.9949 | center_loss: 0.0262 | total_loss: 4.9316
2025-05-27 20:08:20,779 - all_data_dino_improved - INFO - Epoch 0, Batch 350/1360, Loss: 4.9048
2025-05-27 20:08:20,779 - all_data_dino_improved - INFO - Train metrics: l1_loss: 0.5845 | giou_loss: 0.9776 | center_loss: 0.0271 | total_loss: 4.9048
2025-05-27 20:09:50,250 - all_data_dino_improved - INFO - Epoch 0, Batch 400/1360, Loss: 5.1438
2025-05-27 20:09:50,251 - all_data_dino_improved - INFO - Train metrics: l1_loss: 0.5926 | giou_loss: 1.0773 | center_loss: 0.0265 | total_loss: 5.1438
2025-05-27 20:11:19,606 - all_data_dino_improved - INFO - Epoch 0, Batch 450/1360, Loss: 4.5260
2025-05-27 20:11:19,607 - all_data_dino_improved - INFO - Train metrics: l1_loss: 0.4890 | giou_loss: 1.0292 | center_loss: 0.0226 | total_loss: 4.5260
2025-05-27 20:12:49,267 - all_data_dino_improved - INFO - Epoch 0, Batch 500/1360, Loss: 5.2679
2025-05-27 20:12:49,267 - all_data_dino_improved - INFO - Train metrics: l1_loss: 0.5956 | giou_loss: 1.1305 | center_loss: 0.0291 | total_loss: 5.2679
2025-05-27 20:14:18,917 - all_data_dino_improved - INFO - Epoch 0, Batch 550/1360, Loss: 4.8598
2025-05-27 20:14:18,917 - all_data_dino_improved - INFO - Train metrics: l1_loss: 0.5461 | giou_loss: 1.0521 | center_loss: 0.0248 | total_loss: 4.8598
2025-05-27 20:15:48,396 - all_data_dino_improved - INFO - Epoch 0, Batch 600/1360, Loss: 4.8748
2025-05-27 20:15:48,396 - all_data_dino_improved - INFO - Train metrics: l1_loss: 0.5517 | giou_loss: 1.0463 | center_loss: 0.0236 | total_loss: 4.8748
2025-05-27 20:17:17,756 - all_data_dino_improved - INFO - Epoch 0, Batch 650/1360, Loss: 4.3432
2025-05-27 20:17:17,756 - all_data_dino_improved - INFO - Train metrics: l1_loss: 0.4895 | giou_loss: 0.9373 | center_loss: 0.0208 | total_loss: 4.3432
2025-05-27 20:18:47,386 - all_data_dino_improved - INFO - Epoch 0, Batch 700/1360, Loss: 5.6226
2025-05-27 20:18:47,386 - all_data_dino_improved - INFO - Train metrics: l1_loss: 0.6554 | giou_loss: 1.1535 | center_loss: 0.0383 | total_loss: 5.6226
2025-05-27 20:20:17,244 - all_data_dino_improved - INFO - Epoch 0, Batch 750/1360, Loss: 4.3422
2025-05-27 20:20:17,244 - all_data_dino_improved - INFO - Train metrics: l1_loss: 0.4731 | giou_loss: 0.9821 | center_loss: 0.0123 | total_loss: 4.3422
2025-05-27 20:21:46,862 - all_data_dino_improved - INFO - Epoch 0, Batch 800/1360, Loss: 4.7915
2025-05-27 20:21:46,863 - all_data_dino_improved - INFO - Train metrics: l1_loss: 0.5238 | giou_loss: 1.0762 | center_loss: 0.0201 | total_loss: 4.7915
2025-05-27 20:23:16,727 - all_data_dino_improved - INFO - Epoch 0, Batch 850/1360, Loss: 5.3588
2025-05-27 20:23:16,727 - all_data_dino_improved - INFO - Train metrics: l1_loss: 0.6156 | giou_loss: 1.1241 | center_loss: 0.0325 | total_loss: 5.3588
2025-05-27 20:24:46,572 - all_data_dino_improved - INFO - Epoch 0, Batch 900/1360, Loss: 4.5277
2025-05-27 20:24:46,572 - all_data_dino_improved - INFO - Train metrics: l1_loss: 0.5018 | giou_loss: 0.9994 | center_loss: 0.0199 | total_loss: 4.5277
2025-05-27 20:26:16,170 - all_data_dino_improved - INFO - Epoch 0, Batch 950/1360, Loss: 4.7962
2025-05-27 20:26:16,170 - all_data_dino_improved - INFO - Train metrics: l1_loss: 0.5480 | giou_loss: 1.0149 | center_loss: 0.0266 | total_loss: 4.7962
2025-05-27 20:27:46,172 - all_data_dino_improved - INFO - Epoch 0, Batch 1000/1360, Loss: 5.0234
2025-05-27 20:27:46,172 - all_data_dino_improved - INFO - Train metrics: l1_loss: 0.5424 | giou_loss: 1.1437 | center_loss: 0.0240 | total_loss: 5.0234
2025-05-27 20:29:15,807 - all_data_dino_improved - INFO - Epoch 0, Batch 1050/1360, Loss: 4.5982
2025-05-27 20:29:15,808 - all_data_dino_improved - INFO - Train metrics: l1_loss: 0.4929 | giou_loss: 1.0557 | center_loss: 0.0223 | total_loss: 4.5982
2025-05-27 20:30:45,711 - all_data_dino_improved - INFO - Epoch 0, Batch 1100/1360, Loss: 5.4600
2025-05-27 20:30:45,711 - all_data_dino_improved - INFO - Train metrics: l1_loss: 0.6255 | giou_loss: 1.1491 | center_loss: 0.0341 | total_loss: 5.4600
2025-05-27 20:32:15,335 - all_data_dino_improved - INFO - Epoch 0, Batch 1150/1360, Loss: 5.2142
2025-05-27 20:32:15,335 - all_data_dino_improved - INFO - Train metrics: l1_loss: 0.5951 | giou_loss: 1.1026 | center_loss: 0.0334 | total_loss: 5.2142
2025-05-27 20:33:45,297 - all_data_dino_improved - INFO - Epoch 0, Batch 1200/1360, Loss: 4.7234
2025-05-27 20:33:45,297 - all_data_dino_improved - INFO - Train metrics: l1_loss: 0.5023 | giou_loss: 1.0968 | center_loss: 0.0185 | total_loss: 4.7234
2025-05-27 20:35:14,495 - all_data_dino_improved - INFO - Epoch 0, Batch 1250/1360, Loss: 5.2268
2025-05-27 20:35:14,495 - all_data_dino_improved - INFO - Train metrics: l1_loss: 0.5952 | giou_loss: 1.1116 | center_loss: 0.0275 | total_loss: 5.2268
2025-05-27 20:36:44,183 - all_data_dino_improved - INFO - Epoch 0, Batch 1300/1360, Loss: 5.1516
2025-05-27 20:36:44,183 - all_data_dino_improved - INFO - Train metrics: l1_loss: 0.5863 | giou_loss: 1.0970 | center_loss: 0.0262 | total_loss: 5.1516
2025-05-27 20:38:13,614 - all_data_dino_improved - INFO - Epoch 0, Batch 1350/1360, Loss: 4.8575
2025-05-27 20:38:13,614 - all_data_dino_improved - INFO - Train metrics: l1_loss: 0.5214 | giou_loss: 1.1133 | center_loss: 0.0237 | total_loss: 4.8575
2025-05-27 20:38:29,564 - all_data_dino_improved - INFO - Train Epoch 0, Loss: 5.0881
2025-05-27 20:40:58,466 - all_data_dino_improved - INFO - Pred box sample: [71.92013549804688, 88.82469177246094, 218.0244140625, 232.38275146484375]
2025-05-27 20:40:58,467 - all_data_dino_improved - INFO - Target box sample: [207.0, 198.0, 287.0, 283.0]
2025-05-27 20:40:58,570 - all_data_dino_improved - INFO - Validation Epoch 0, Loss: 4.8628
2025-05-27 20:40:58,570 - all_data_dino_improved - INFO - Val metrics: Acc@0.25: 0.2277 | Acc@0.5: 0.0747 | Acc@0.75: 0.0068 | mIoU: 0.1362 | medianIoU: 0.0290 | mae_x1: 122.2265 | mae_y1: 116.2138 | mae_x2: 110.4646 | mae_y2: 116.5212 | center_x_error: 98.4507 | center_y_error: 99.6784 | width_error: 3.4928 | height_error: 3.0904 | loss: 4.8628
2025-05-27 20:40:59,443 - all_data_dino_improved - INFO - Saved model checkpoint to /home/pokle/Trans-VG/visual_grounding/checkpoints/all_data_dino_improved_epoch0.pth
2025-05-27 20:40:59,445 - all_data_dino_improved - INFO - New best model! Acc@0.5: 0.0747
2025-05-27 20:40:59,445 - all_data_dino_improved - INFO - Epoch 1/200
2025-05-27 20:41:03,166 - all_data_dino_improved - INFO - Epoch 1, Batch 0/1360, Loss: 3.8856
2025-05-27 20:41:03,166 - all_data_dino_improved - INFO - Train metrics: l1_loss: 0.4066 | giou_loss: 0.9213 | center_loss: 0.0102 | total_loss: 3.8856
2025-05-27 20:42:32,984 - all_data_dino_improved - INFO - Epoch 1, Batch 50/1360, Loss: 4.9702
2025-05-27 20:42:32,985 - all_data_dino_improved - INFO - Train metrics: l1_loss: 0.5642 | giou_loss: 1.0626 | center_loss: 0.0241 | total_loss: 4.9702
2025-05-27 20:44:02,545 - all_data_dino_improved - INFO - Epoch 1, Batch 100/1360, Loss: 4.7338
2025-05-27 20:44:02,545 - all_data_dino_improved - INFO - Train metrics: l1_loss: 0.5259 | giou_loss: 1.0402 | center_loss: 0.0236 | total_loss: 4.7338
2025-05-27 20:45:31,647 - all_data_dino_improved - INFO - Epoch 1, Batch 150/1360, Loss: 4.8262
2025-05-27 20:45:31,648 - all_data_dino_improved - INFO - Train metrics: l1_loss: 0.5388 | giou_loss: 1.0557 | center_loss: 0.0210 | total_loss: 4.8262
2025-05-27 20:47:00,725 - all_data_dino_improved - INFO - Epoch 1, Batch 200/1360, Loss: 4.7826
2025-05-27 20:47:00,725 - all_data_dino_improved - INFO - Train metrics: l1_loss: 0.5251 | giou_loss: 1.0662 | center_loss: 0.0247 | total_loss: 4.7826
2025-05-27 20:48:30,217 - all_data_dino_improved - INFO - Epoch 1, Batch 250/1360, Loss: 5.6327
2025-05-27 20:48:30,217 - all_data_dino_improved - INFO - Train metrics: l1_loss: 0.6486 | giou_loss: 1.1797 | center_loss: 0.0301 | total_loss: 5.6327
2025-05-27 20:50:00,455 - all_data_dino_improved - INFO - Epoch 1, Batch 300/1360, Loss: 4.5777
2025-05-27 20:50:00,456 - all_data_dino_improved - INFO - Train metrics: l1_loss: 0.5107 | giou_loss: 1.0009 | center_loss: 0.0226 | total_loss: 4.5777
2025-05-27 20:51:29,621 - all_data_dino_improved - INFO - Epoch 1, Batch 350/1360, Loss: 5.1844
2025-05-27 20:51:29,621 - all_data_dino_improved - INFO - Train metrics: l1_loss: 0.6230 | giou_loss: 1.0193 | center_loss: 0.0309 | total_loss: 5.1844
2025-05-27 20:52:58,867 - all_data_dino_improved - INFO - Epoch 1, Batch 400/1360, Loss: 5.0609
2025-05-27 20:52:58,867 - all_data_dino_improved - INFO - Train metrics: l1_loss: 0.5887 | giou_loss: 1.0454 | center_loss: 0.0267 | total_loss: 5.0609
2025-05-27 20:54:28,638 - all_data_dino_improved - INFO - Epoch 1, Batch 450/1360, Loss: 4.3388
2025-05-27 20:54:28,639 - all_data_dino_improved - INFO - Train metrics: l1_loss: 0.5014 | giou_loss: 0.9070 | center_loss: 0.0175 | total_loss: 4.3388
2025-05-27 20:55:58,271 - all_data_dino_improved - INFO - Epoch 1, Batch 500/1360, Loss: 4.6835
2025-05-27 20:55:58,271 - all_data_dino_improved - INFO - Train metrics: l1_loss: 0.5300 | giou_loss: 1.0063 | center_loss: 0.0209 | total_loss: 4.6835
2025-05-27 20:57:27,918 - all_data_dino_improved - INFO - Epoch 1, Batch 550/1360, Loss: 4.9602
2025-05-27 20:57:27,919 - all_data_dino_improved - INFO - Train metrics: l1_loss: 0.5688 | giou_loss: 1.0439 | center_loss: 0.0282 | total_loss: 4.9602
2025-05-27 20:58:57,629 - all_data_dino_improved - INFO - Epoch 1, Batch 600/1360, Loss: 5.2867
2025-05-27 20:58:57,630 - all_data_dino_improved - INFO - Train metrics: l1_loss: 0.6341 | giou_loss: 1.0423 | center_loss: 0.0318 | total_loss: 5.2867
2025-05-27 21:00:27,589 - all_data_dino_improved - INFO - Epoch 1, Batch 650/1360, Loss: 4.1551
2025-05-27 21:00:27,589 - all_data_dino_improved - INFO - Train metrics: l1_loss: 0.4452 | giou_loss: 0.9561 | center_loss: 0.0166 | total_loss: 4.1551
2025-05-27 21:01:57,762 - all_data_dino_improved - INFO - Epoch 1, Batch 700/1360, Loss: 4.6392
2025-05-27 21:01:57,762 - all_data_dino_improved - INFO - Train metrics: l1_loss: 0.5140 | giou_loss: 1.0265 | center_loss: 0.0164 | total_loss: 4.6392
2025-05-27 21:03:27,145 - all_data_dino_improved - INFO - Epoch 1, Batch 750/1360, Loss: 4.8489
2025-05-27 21:03:27,146 - all_data_dino_improved - INFO - Train metrics: l1_loss: 0.5359 | giou_loss: 1.0740 | center_loss: 0.0212 | total_loss: 4.8489
2025-05-27 21:04:56,638 - all_data_dino_improved - INFO - Epoch 1, Batch 800/1360, Loss: 4.1300
2025-05-27 21:04:56,638 - all_data_dino_improved - INFO - Train metrics: l1_loss: 0.4204 | giou_loss: 1.0079 | center_loss: 0.0125 | total_loss: 4.1300
2025-05-27 21:06:26,035 - all_data_dino_improved - INFO - Epoch 1, Batch 850/1360, Loss: 3.9777
2025-05-27 21:06:26,035 - all_data_dino_improved - INFO - Train metrics: l1_loss: 0.4119 | giou_loss: 0.9531 | center_loss: 0.0121 | total_loss: 3.9777
2025-05-27 21:07:55,815 - all_data_dino_improved - INFO - Epoch 1, Batch 900/1360, Loss: 3.8872
2025-05-27 21:07:55,816 - all_data_dino_improved - INFO - Train metrics: l1_loss: 0.4050 | giou_loss: 0.9262 | center_loss: 0.0098 | total_loss: 3.8872
2025-05-27 21:09:25,112 - all_data_dino_improved - INFO - Epoch 1, Batch 950/1360, Loss: 4.7402
2025-05-27 21:09:25,112 - all_data_dino_improved - INFO - Train metrics: l1_loss: 0.5267 | giou_loss: 1.0423 | center_loss: 0.0220 | total_loss: 4.7402
2025-05-27 21:10:54,306 - all_data_dino_improved - INFO - Epoch 1, Batch 1000/1360, Loss: 4.4327
2025-05-27 21:10:54,306 - all_data_dino_improved - INFO - Train metrics: l1_loss: 0.5011 | giou_loss: 0.9523 | center_loss: 0.0227 | total_loss: 4.4327
2025-05-27 21:12:23,435 - all_data_dino_improved - INFO - Epoch 1, Batch 1050/1360, Loss: 5.3596
2025-05-27 21:12:23,435 - all_data_dino_improved - INFO - Train metrics: l1_loss: 0.6284 | giou_loss: 1.0920 | center_loss: 0.0334 | total_loss: 5.3596
2025-05-27 21:13:53,066 - all_data_dino_improved - INFO - Epoch 1, Batch 1100/1360, Loss: 4.7213
2025-05-27 21:13:53,066 - all_data_dino_improved - INFO - Train metrics: l1_loss: 0.5239 | giou_loss: 1.0393 | center_loss: 0.0230 | total_loss: 4.7213
2025-05-27 21:15:22,192 - all_data_dino_improved - INFO - Epoch 1, Batch 1150/1360, Loss: 5.5460
2025-05-27 21:15:22,192 - all_data_dino_improved - INFO - Train metrics: l1_loss: 0.6730 | giou_loss: 1.0736 | center_loss: 0.0337 | total_loss: 5.5460
2025-05-27 21:16:51,118 - all_data_dino_improved - INFO - Epoch 1, Batch 1200/1360, Loss: 4.9889
2025-05-27 21:16:51,118 - all_data_dino_improved - INFO - Train metrics: l1_loss: 0.5808 | giou_loss: 1.0289 | center_loss: 0.0271 | total_loss: 4.9889
2025-05-27 21:18:20,891 - all_data_dino_improved - INFO - Epoch 1, Batch 1250/1360, Loss: 4.2662
2025-05-27 21:18:20,891 - all_data_dino_improved - INFO - Train metrics: l1_loss: 0.4713 | giou_loss: 0.9469 | center_loss: 0.0160 | total_loss: 4.2662
2025-05-27 21:19:49,973 - all_data_dino_improved - INFO - Epoch 1, Batch 1300/1360, Loss: 5.5757
2025-05-27 21:19:49,973 - all_data_dino_improved - INFO - Train metrics: l1_loss: 0.6453 | giou_loss: 1.1571 | center_loss: 0.0349 | total_loss: 5.5757
2025-05-27 21:21:19,573 - all_data_dino_improved - INFO - Epoch 1, Batch 1350/1360, Loss: 4.8108
2025-05-27 21:21:19,573 - all_data_dino_improved - INFO - Train metrics: l1_loss: 0.5546 | giou_loss: 1.0056 | center_loss: 0.0266 | total_loss: 4.8108
2025-05-27 21:21:35,366 - all_data_dino_improved - INFO - Train Epoch 1, Loss: 4.7588
2025-05-27 21:24:04,261 - all_data_dino_improved - INFO - Pred box sample: [46.77210998535156, 71.04547119140625, 193.9335479736328, 246.5272674560547]
2025-05-27 21:24:04,261 - all_data_dino_improved - INFO - Target box sample: [207.0, 198.0, 287.0, 283.0]
2025-05-27 21:24:04,362 - all_data_dino_improved - INFO - Validation Epoch 1, Loss: 4.7644
2025-05-27 21:24:04,362 - all_data_dino_improved - INFO - Val metrics: Acc@0.25: 0.2477 | Acc@0.5: 0.0896 | Acc@0.75: 0.0129 | mIoU: 0.1472 | medianIoU: 0.0332 | mae_x1: 112.1657 | mae_y1: 119.9337 | mae_x2: 115.6757 | mae_y2: 110.6505 | center_x_error: 97.4492 | center_y_error: 97.1123 | width_error: 3.3916 | height_error: 3.3359 | loss: 4.7644
2025-05-27 21:24:05,211 - all_data_dino_improved - INFO - Saved model checkpoint to /home/pokle/Trans-VG/visual_grounding/checkpoints/all_data_dino_improved_epoch1.pth
2025-05-27 21:24:05,212 - all_data_dino_improved - INFO - New best model! Acc@0.5: 0.0896
2025-05-27 21:24:05,212 - all_data_dino_improved - INFO - Epoch 2/200
2025-05-27 21:24:09,133 - all_data_dino_improved - INFO - Epoch 2, Batch 0/1360, Loss: 4.2802
2025-05-27 21:24:09,133 - all_data_dino_improved - INFO - Train metrics: l1_loss: 0.4669 | giou_loss: 0.9658 | center_loss: 0.0143 | total_loss: 4.2802
2025-05-27 21:25:38,445 - all_data_dino_improved - INFO - Epoch 2, Batch 50/1360, Loss: 4.9462
2025-05-27 21:25:38,445 - all_data_dino_improved - INFO - Train metrics: l1_loss: 0.5614 | giou_loss: 1.0568 | center_loss: 0.0257 | total_loss: 4.9462
2025-05-27 21:27:08,027 - all_data_dino_improved - INFO - Epoch 2, Batch 100/1360, Loss: 4.0386
2025-05-27 21:27:08,028 - all_data_dino_improved - INFO - Train metrics: l1_loss: 0.4161 | giou_loss: 0.9726 | center_loss: 0.0131 | total_loss: 4.0386
2025-05-27 21:28:37,437 - all_data_dino_improved - INFO - Epoch 2, Batch 150/1360, Loss: 4.8206
2025-05-27 21:28:37,437 - all_data_dino_improved - INFO - Train metrics: l1_loss: 0.5440 | giou_loss: 1.0385 | center_loss: 0.0234 | total_loss: 4.8206
2025-05-27 21:30:06,708 - all_data_dino_improved - INFO - Epoch 2, Batch 200/1360, Loss: 4.3205
2025-05-27 21:30:06,708 - all_data_dino_improved - INFO - Train metrics: l1_loss: 0.4825 | giou_loss: 0.9460 | center_loss: 0.0162 | total_loss: 4.3205
2025-05-27 21:31:35,592 - all_data_dino_improved - INFO - Epoch 2, Batch 250/1360, Loss: 4.3816
2025-05-27 21:31:35,592 - all_data_dino_improved - INFO - Train metrics: l1_loss: 0.4749 | giou_loss: 0.9948 | center_loss: 0.0174 | total_loss: 4.3816
2025-05-27 21:33:05,397 - all_data_dino_improved - INFO - Epoch 2, Batch 300/1360, Loss: 4.0466
2025-05-27 21:33:05,397 - all_data_dino_improved - INFO - Train metrics: l1_loss: 0.4427 | giou_loss: 0.9097 | center_loss: 0.0137 | total_loss: 4.0466
2025-05-27 21:34:34,901 - all_data_dino_improved - INFO - Epoch 2, Batch 350/1360, Loss: 4.3711
2025-05-27 21:34:34,901 - all_data_dino_improved - INFO - Train metrics: l1_loss: 0.4587 | giou_loss: 1.0303 | center_loss: 0.0169 | total_loss: 4.3711
2025-05-27 21:36:04,310 - all_data_dino_improved - INFO - Epoch 2, Batch 400/1360, Loss: 4.7274
2025-05-27 21:36:04,310 - all_data_dino_improved - INFO - Train metrics: l1_loss: 0.5342 | giou_loss: 1.0163 | center_loss: 0.0238 | total_loss: 4.7274
2025-05-27 21:37:33,604 - all_data_dino_improved - INFO - Epoch 2, Batch 450/1360, Loss: 4.3654
2025-05-27 21:37:33,605 - all_data_dino_improved - INFO - Train metrics: l1_loss: 0.4881 | giou_loss: 0.9544 | center_loss: 0.0163 | total_loss: 4.3654
2025-05-27 21:39:02,827 - all_data_dino_improved - INFO - Epoch 2, Batch 500/1360, Loss: 5.0102
2025-05-27 21:39:02,827 - all_data_dino_improved - INFO - Train metrics: l1_loss: 0.5790 | giou_loss: 1.0425 | center_loss: 0.0305 | total_loss: 5.0102
2025-05-27 21:40:31,974 - all_data_dino_improved - INFO - Epoch 2, Batch 550/1360, Loss: 5.1544
2025-05-27 21:40:31,974 - all_data_dino_improved - INFO - Train metrics: l1_loss: 0.5760 | giou_loss: 1.1224 | center_loss: 0.0298 | total_loss: 5.1544
2025-05-27 21:42:01,453 - all_data_dino_improved - INFO - Epoch 2, Batch 600/1360, Loss: 4.7731
2025-05-27 21:42:01,453 - all_data_dino_improved - INFO - Train metrics: l1_loss: 0.5133 | giou_loss: 1.0941 | center_loss: 0.0182 | total_loss: 4.7731
2025-05-27 21:43:31,123 - all_data_dino_improved - INFO - Epoch 2, Batch 650/1360, Loss: 4.5679
2025-05-27 21:43:31,123 - all_data_dino_improved - INFO - Train metrics: l1_loss: 0.5163 | giou_loss: 0.9834 | center_loss: 0.0194 | total_loss: 4.5679
2025-05-27 21:45:00,702 - all_data_dino_improved - INFO - Epoch 2, Batch 700/1360, Loss: 5.2340
2025-05-27 21:45:00,702 - all_data_dino_improved - INFO - Train metrics: l1_loss: 0.5595 | giou_loss: 1.2029 | center_loss: 0.0305 | total_loss: 5.2340
2025-05-27 21:46:30,178 - all_data_dino_improved - INFO - Epoch 2, Batch 750/1360, Loss: 4.4636
2025-05-27 21:46:30,178 - all_data_dino_improved - INFO - Train metrics: l1_loss: 0.4927 | giou_loss: 0.9918 | center_loss: 0.0166 | total_loss: 4.4636
2025-05-27 21:47:59,281 - all_data_dino_improved - INFO - Epoch 2, Batch 800/1360, Loss: 5.4317
2025-05-27 21:47:59,281 - all_data_dino_improved - INFO - Train metrics: l1_loss: 0.6098 | giou_loss: 1.1765 | center_loss: 0.0295 | total_loss: 5.4317
2025-05-27 21:49:28,580 - all_data_dino_improved - INFO - Epoch 2, Batch 850/1360, Loss: 4.1996
2025-05-27 21:49:28,580 - all_data_dino_improved - INFO - Train metrics: l1_loss: 0.4524 | giou_loss: 0.9613 | center_loss: 0.0151 | total_loss: 4.1996
2025-05-27 21:50:57,943 - all_data_dino_improved - INFO - Epoch 2, Batch 900/1360, Loss: 5.5502
2025-05-27 21:50:57,943 - all_data_dino_improved - INFO - Train metrics: l1_loss: 0.6387 | giou_loss: 1.1591 | center_loss: 0.0383 | total_loss: 5.5502
2025-05-27 21:52:27,615 - all_data_dino_improved - INFO - Epoch 2, Batch 950/1360, Loss: 4.3380
2025-05-27 21:52:27,615 - all_data_dino_improved - INFO - Train metrics: l1_loss: 0.4635 | giou_loss: 1.0029 | center_loss: 0.0146 | total_loss: 4.3380
2025-05-27 21:53:57,067 - all_data_dino_improved - INFO - Epoch 2, Batch 1000/1360, Loss: 4.7958
2025-05-27 21:53:57,067 - all_data_dino_improved - INFO - Train metrics: l1_loss: 0.5540 | giou_loss: 0.9984 | center_loss: 0.0289 | total_loss: 4.7958
2025-05-27 21:55:26,623 - all_data_dino_improved - INFO - Epoch 2, Batch 1050/1360, Loss: 4.7084
2025-05-27 21:55:26,623 - all_data_dino_improved - INFO - Train metrics: l1_loss: 0.5110 | giou_loss: 1.0681 | center_loss: 0.0171 | total_loss: 4.7084
2025-05-27 21:56:56,642 - all_data_dino_improved - INFO - Epoch 2, Batch 1100/1360, Loss: 4.6707
2025-05-27 21:56:56,642 - all_data_dino_improved - INFO - Train metrics: l1_loss: 0.5121 | giou_loss: 1.0447 | center_loss: 0.0208 | total_loss: 4.6707
2025-05-27 21:58:26,152 - all_data_dino_improved - INFO - Epoch 2, Batch 1150/1360, Loss: 4.7296
2025-05-27 21:58:26,152 - all_data_dino_improved - INFO - Train metrics: l1_loss: 0.5315 | giou_loss: 1.0259 | center_loss: 0.0203 | total_loss: 4.7296
2025-05-27 21:59:55,854 - all_data_dino_improved - INFO - Epoch 2, Batch 1200/1360, Loss: 4.8404
2025-05-27 21:59:55,855 - all_data_dino_improved - INFO - Train metrics: l1_loss: 0.5572 | giou_loss: 1.0159 | center_loss: 0.0225 | total_loss: 4.8404
2025-05-27 22:01:25,590 - all_data_dino_improved - INFO - Epoch 2, Batch 1250/1360, Loss: 4.6339
2025-05-27 22:01:25,590 - all_data_dino_improved - INFO - Train metrics: l1_loss: 0.5069 | giou_loss: 1.0391 | center_loss: 0.0212 | total_loss: 4.6339
2025-05-27 22:02:55,610 - all_data_dino_improved - INFO - Epoch 2, Batch 1300/1360, Loss: 4.8657
2025-05-27 22:02:55,610 - all_data_dino_improved - INFO - Train metrics: l1_loss: 0.5306 | giou_loss: 1.0961 | center_loss: 0.0207 | total_loss: 4.8657
2025-05-27 22:04:25,256 - all_data_dino_improved - INFO - Epoch 2, Batch 1350/1360, Loss: 4.7089
2025-05-27 22:04:25,256 - all_data_dino_improved - INFO - Train metrics: l1_loss: 0.5410 | giou_loss: 0.9898 | center_loss: 0.0243 | total_loss: 4.7089
2025-05-27 22:04:41,049 - all_data_dino_improved - INFO - Train Epoch 2, Loss: 4.7068
2025-05-27 22:07:09,955 - all_data_dino_improved - INFO - Pred box sample: [55.78205108642578, 70.38203430175781, 238.85760498046875, 225.1109619140625]
2025-05-27 22:07:09,956 - all_data_dino_improved - INFO - Target box sample: [207.0, 198.0, 287.0, 283.0]
2025-05-27 22:07:10,054 - all_data_dino_improved - INFO - Validation Epoch 2, Loss: 4.7563
2025-05-27 22:07:10,054 - all_data_dino_improved - INFO - Val metrics: Acc@0.25: 0.2551 | Acc@0.5: 0.0902 | Acc@0.75: 0.0103 | mIoU: 0.1483 | medianIoU: 0.0333 | mae_x1: 111.2775 | mae_y1: 111.2101 | mae_x2: 115.1218 | mae_y2: 114.5659 | center_x_error: 96.7485 | center_y_error: 97.3070 | width_error: 3.3366 | height_error: 2.9840 | loss: 4.7563
2025-05-27 22:07:10,903 - all_data_dino_improved - INFO - Saved model checkpoint to /home/pokle/Trans-VG/visual_grounding/checkpoints/all_data_dino_improved_epoch2.pth
2025-05-27 22:07:10,903 - all_data_dino_improved - INFO - New best model! Acc@0.5: 0.0902
2025-05-27 22:07:10,903 - all_data_dino_improved - INFO - Epoch 3/200
2025-05-27 22:07:14,794 - all_data_dino_improved - INFO - Epoch 3, Batch 0/1360, Loss: 4.7639
2025-05-27 22:07:14,794 - all_data_dino_improved - INFO - Train metrics: l1_loss: 0.5322 | giou_loss: 1.0367 | center_loss: 0.0295 | total_loss: 4.7639
2025-05-27 22:08:44,521 - all_data_dino_improved - INFO - Epoch 3, Batch 50/1360, Loss: 4.4744
2025-05-27 22:08:44,521 - all_data_dino_improved - INFO - Train metrics: l1_loss: 0.4967 | giou_loss: 0.9854 | center_loss: 0.0203 | total_loss: 4.4744
2025-05-27 22:10:14,555 - all_data_dino_improved - INFO - Epoch 3, Batch 100/1360, Loss: 4.3766
2025-05-27 22:10:14,555 - all_data_dino_improved - INFO - Train metrics: l1_loss: 0.4701 | giou_loss: 1.0048 | center_loss: 0.0163 | total_loss: 4.3766
2025-05-27 22:11:43,859 - all_data_dino_improved - INFO - Epoch 3, Batch 150/1360, Loss: 4.5996
2025-05-27 22:11:43,860 - all_data_dino_improved - INFO - Train metrics: l1_loss: 0.5302 | giou_loss: 0.9624 | center_loss: 0.0239 | total_loss: 4.5996
2025-05-27 22:13:13,130 - all_data_dino_improved - INFO - Epoch 3, Batch 200/1360, Loss: 5.1359
2025-05-27 22:13:13,130 - all_data_dino_improved - INFO - Train metrics: l1_loss: 0.5805 | giou_loss: 1.1014 | center_loss: 0.0306 | total_loss: 5.1359
2025-05-27 22:14:43,393 - all_data_dino_improved - INFO - Epoch 3, Batch 250/1360, Loss: 4.6468
2025-05-27 22:14:43,393 - all_data_dino_improved - INFO - Train metrics: l1_loss: 0.5115 | giou_loss: 1.0361 | center_loss: 0.0170 | total_loss: 4.6468
2025-05-27 22:16:12,476 - all_data_dino_improved - INFO - Epoch 3, Batch 300/1360, Loss: 5.5513
2025-05-27 22:16:12,477 - all_data_dino_improved - INFO - Train metrics: l1_loss: 0.6271 | giou_loss: 1.1923 | center_loss: 0.0312 | total_loss: 5.5513
2025-05-27 22:17:41,857 - all_data_dino_improved - INFO - Epoch 3, Batch 350/1360, Loss: 4.4104
2025-05-27 22:17:41,857 - all_data_dino_improved - INFO - Train metrics: l1_loss: 0.4358 | giou_loss: 1.1091 | center_loss: 0.0130 | total_loss: 4.4104
2025-05-27 22:19:11,365 - all_data_dino_improved - INFO - Epoch 3, Batch 400/1360, Loss: 4.5055
2025-05-27 22:19:11,365 - all_data_dino_improved - INFO - Train metrics: l1_loss: 0.5057 | giou_loss: 0.9791 | center_loss: 0.0189 | total_loss: 4.5055
2025-05-27 22:20:41,110 - all_data_dino_improved - INFO - Epoch 3, Batch 450/1360, Loss: 4.4697
2025-05-27 22:20:41,111 - all_data_dino_improved - INFO - Train metrics: l1_loss: 0.5011 | giou_loss: 0.9748 | center_loss: 0.0148 | total_loss: 4.4697
2025-05-27 22:22:10,530 - all_data_dino_improved - INFO - Epoch 3, Batch 500/1360, Loss: 4.7964
2025-05-27 22:22:10,530 - all_data_dino_improved - INFO - Train metrics: l1_loss: 0.5448 | giou_loss: 1.0229 | center_loss: 0.0264 | total_loss: 4.7964
2025-05-27 22:23:39,929 - all_data_dino_improved - INFO - Epoch 3, Batch 550/1360, Loss: 4.9207
2025-05-27 22:23:39,929 - all_data_dino_improved - INFO - Train metrics: l1_loss: 0.5610 | giou_loss: 1.0457 | center_loss: 0.0243 | total_loss: 4.9207
2025-05-27 22:25:09,340 - all_data_dino_improved - INFO - Epoch 3, Batch 600/1360, Loss: 3.8451
2025-05-27 22:25:09,340 - all_data_dino_improved - INFO - Train metrics: l1_loss: 0.4075 | giou_loss: 0.8971 | center_loss: 0.0134 | total_loss: 3.8451
2025-05-27 22:26:39,245 - all_data_dino_improved - INFO - Epoch 3, Batch 650/1360, Loss: 4.1905
2025-05-27 22:26:39,245 - all_data_dino_improved - INFO - Train metrics: l1_loss: 0.4202 | giou_loss: 1.0388 | center_loss: 0.0121 | total_loss: 4.1905
2025-05-27 22:28:08,911 - all_data_dino_improved - INFO - Epoch 3, Batch 700/1360, Loss: 4.8498
2025-05-27 22:28:08,911 - all_data_dino_improved - INFO - Train metrics: l1_loss: 0.5284 | giou_loss: 1.0921 | center_loss: 0.0233 | total_loss: 4.8498
2025-05-27 22:29:39,136 - all_data_dino_improved - INFO - Epoch 3, Batch 750/1360, Loss: 4.5260
2025-05-27 22:29:39,136 - all_data_dino_improved - INFO - Train metrics: l1_loss: 0.5109 | giou_loss: 0.9739 | center_loss: 0.0239 | total_loss: 4.5260
2025-05-27 22:31:08,403 - all_data_dino_improved - INFO - Epoch 3, Batch 800/1360, Loss: 4.9264
2025-05-27 22:31:08,403 - all_data_dino_improved - INFO - Train metrics: l1_loss: 0.5721 | giou_loss: 1.0224 | center_loss: 0.0210 | total_loss: 4.9264
2025-05-27 22:32:38,382 - all_data_dino_improved - INFO - Epoch 3, Batch 850/1360, Loss: 5.9521
2025-05-27 22:32:38,382 - all_data_dino_improved - INFO - Train metrics: l1_loss: 0.6967 | giou_loss: 1.2152 | center_loss: 0.0383 | total_loss: 5.9521
2025-05-27 22:34:07,828 - all_data_dino_improved - INFO - Epoch 3, Batch 900/1360, Loss: 4.7265
2025-05-27 22:34:07,828 - all_data_dino_improved - INFO - Train metrics: l1_loss: 0.5228 | giou_loss: 1.0447 | center_loss: 0.0232 | total_loss: 4.7265
2025-05-27 22:35:37,422 - all_data_dino_improved - INFO - Epoch 3, Batch 950/1360, Loss: 4.8920
2025-05-27 22:35:37,422 - all_data_dino_improved - INFO - Train metrics: l1_loss: 0.5201 | giou_loss: 1.1351 | center_loss: 0.0212 | total_loss: 4.8920
2025-05-27 22:37:07,222 - all_data_dino_improved - INFO - Epoch 3, Batch 1000/1360, Loss: 4.8626
2025-05-27 22:37:07,222 - all_data_dino_improved - INFO - Train metrics: l1_loss: 0.5520 | giou_loss: 1.0424 | center_loss: 0.0179 | total_loss: 4.8626
2025-05-27 22:38:36,457 - all_data_dino_improved - INFO - Epoch 3, Batch 1050/1360, Loss: 4.2191
2025-05-27 22:38:36,457 - all_data_dino_improved - INFO - Train metrics: l1_loss: 0.4702 | giou_loss: 0.9262 | center_loss: 0.0157 | total_loss: 4.2191
2025-05-27 22:40:06,114 - all_data_dino_improved - INFO - Epoch 3, Batch 1100/1360, Loss: 4.5595
2025-05-27 22:40:06,115 - all_data_dino_improved - INFO - Train metrics: l1_loss: 0.5073 | giou_loss: 1.0019 | center_loss: 0.0193 | total_loss: 4.5595
2025-05-27 22:41:35,724 - all_data_dino_improved - INFO - Epoch 3, Batch 1150/1360, Loss: 5.6290
2025-05-27 22:41:35,724 - all_data_dino_improved - INFO - Train metrics: l1_loss: 0.6530 | giou_loss: 1.1603 | center_loss: 0.0433 | total_loss: 5.6290
2025-05-27 22:43:05,625 - all_data_dino_improved - INFO - Epoch 3, Batch 1200/1360, Loss: 4.7311
2025-05-27 22:43:05,626 - all_data_dino_improved - INFO - Train metrics: l1_loss: 0.5235 | giou_loss: 1.0456 | center_loss: 0.0227 | total_loss: 4.7311
2025-05-27 22:44:35,348 - all_data_dino_improved - INFO - Epoch 3, Batch 1250/1360, Loss: 4.8926
2025-05-27 22:44:35,348 - all_data_dino_improved - INFO - Train metrics: l1_loss: 0.5410 | giou_loss: 1.0833 | center_loss: 0.0210 | total_loss: 4.8926
2025-05-27 22:46:05,162 - all_data_dino_improved - INFO - Epoch 3, Batch 1300/1360, Loss: 4.6077
2025-05-27 22:46:05,162 - all_data_dino_improved - INFO - Train metrics: l1_loss: 0.5235 | giou_loss: 0.9832 | center_loss: 0.0238 | total_loss: 4.6077
2025-05-27 22:47:34,518 - all_data_dino_improved - INFO - Epoch 3, Batch 1350/1360, Loss: 4.3449
2025-05-27 22:47:34,518 - all_data_dino_improved - INFO - Train metrics: l1_loss: 0.4891 | giou_loss: 0.9407 | center_loss: 0.0178 | total_loss: 4.3449
2025-05-27 22:47:50,414 - all_data_dino_improved - INFO - Train Epoch 3, Loss: 4.6666
2025-05-27 22:50:19,197 - all_data_dino_improved - INFO - Pred box sample: [64.78606414794922, 53.377079010009766, 220.22366333007812, 221.84152221679688]
2025-05-27 22:50:19,197 - all_data_dino_improved - INFO - Target box sample: [207.0, 198.0, 287.0, 283.0]
2025-05-27 22:50:19,295 - all_data_dino_improved - INFO - Validation Epoch 3, Loss: 4.8300
2025-05-27 22:50:19,295 - all_data_dino_improved - INFO - Val metrics: Acc@0.25: 0.2431 | Acc@0.5: 0.0902 | Acc@0.75: 0.0109 | mIoU: 0.1454 | medianIoU: 0.0325 | mae_x1: 115.7906 | mae_y1: 129.2580 | mae_x2: 115.6011 | mae_y2: 109.8278 | center_x_error: 98.3283 | center_y_error: 101.5122 | width_error: 3.5472 | height_error: 3.4226 | loss: 4.8300
2025-05-27 22:50:20,147 - all_data_dino_improved - INFO - Saved model checkpoint to /home/pokle/Trans-VG/visual_grounding/checkpoints/all_data_dino_improved_epoch3.pth
2025-05-27 22:50:20,147 - all_data_dino_improved - INFO - Epoch 4/200
2025-05-27 22:50:24,059 - all_data_dino_improved - INFO - Epoch 4, Batch 0/1360, Loss: 4.3177
2025-05-27 22:50:24,059 - all_data_dino_improved - INFO - Train metrics: l1_loss: 0.4987 | giou_loss: 0.8998 | center_loss: 0.0245 | total_loss: 4.3177
2025-05-27 22:51:53,917 - all_data_dino_improved - INFO - Epoch 4, Batch 50/1360, Loss: 5.3366
2025-05-27 22:51:53,918 - all_data_dino_improved - INFO - Train metrics: l1_loss: 0.6032 | giou_loss: 1.1428 | center_loss: 0.0351 | total_loss: 5.3366
2025-05-27 22:53:23,191 - all_data_dino_improved - INFO - Epoch 4, Batch 100/1360, Loss: 4.4980
2025-05-27 22:53:23,191 - all_data_dino_improved - INFO - Train metrics: l1_loss: 0.5237 | giou_loss: 0.9305 | center_loss: 0.0185 | total_loss: 4.4980
2025-05-27 22:54:52,795 - all_data_dino_improved - INFO - Epoch 4, Batch 150/1360, Loss: 4.9411
2025-05-27 22:54:52,795 - all_data_dino_improved - INFO - Train metrics: l1_loss: 0.5786 | giou_loss: 1.0090 | center_loss: 0.0301 | total_loss: 4.9411
2025-05-27 22:56:22,411 - all_data_dino_improved - INFO - Epoch 4, Batch 200/1360, Loss: 3.8482
2025-05-27 22:56:22,411 - all_data_dino_improved - INFO - Train metrics: l1_loss: 0.3731 | giou_loss: 0.9871 | center_loss: 0.0084 | total_loss: 3.8482
2025-05-27 22:57:52,059 - all_data_dino_improved - INFO - Epoch 4, Batch 250/1360, Loss: 4.1831
2025-05-27 22:57:52,059 - all_data_dino_improved - INFO - Train metrics: l1_loss: 0.4321 | giou_loss: 1.0055 | center_loss: 0.0117 | total_loss: 4.1831
2025-05-27 22:59:21,549 - all_data_dino_improved - INFO - Epoch 4, Batch 300/1360, Loss: 4.6175
2025-05-27 22:59:21,549 - all_data_dino_improved - INFO - Train metrics: l1_loss: 0.5088 | giou_loss: 1.0280 | center_loss: 0.0175 | total_loss: 4.6175
2025-05-27 23:00:51,292 - all_data_dino_improved - INFO - Epoch 4, Batch 350/1360, Loss: 4.8915
2025-05-27 23:00:51,293 - all_data_dino_improved - INFO - Train metrics: l1_loss: 0.5339 | giou_loss: 1.0985 | center_loss: 0.0249 | total_loss: 4.8915
2025-05-27 23:02:20,698 - all_data_dino_improved - INFO - Epoch 4, Batch 400/1360, Loss: 4.7048
2025-05-27 23:02:20,699 - all_data_dino_improved - INFO - Train metrics: l1_loss: 0.5193 | giou_loss: 1.0452 | center_loss: 0.0182 | total_loss: 4.7048
2025-05-27 23:03:49,994 - all_data_dino_improved - INFO - Epoch 4, Batch 450/1360, Loss: 4.1812
2025-05-27 23:03:49,995 - all_data_dino_improved - INFO - Train metrics: l1_loss: 0.4611 | giou_loss: 0.9299 | center_loss: 0.0157 | total_loss: 4.1812
2025-05-27 23:05:19,125 - all_data_dino_improved - INFO - Epoch 4, Batch 500/1360, Loss: 5.1521
2025-05-27 23:05:19,125 - all_data_dino_improved - INFO - Train metrics: l1_loss: 0.5688 | giou_loss: 1.1413 | center_loss: 0.0255 | total_loss: 5.1521
2025-05-27 23:06:48,750 - all_data_dino_improved - INFO - Epoch 4, Batch 550/1360, Loss: 5.2622
2025-05-27 23:06:48,750 - all_data_dino_improved - INFO - Train metrics: l1_loss: 0.6112 | giou_loss: 1.0894 | center_loss: 0.0273 | total_loss: 5.2622
2025-05-27 23:08:18,311 - all_data_dino_improved - INFO - Epoch 4, Batch 600/1360, Loss: 4.5078
2025-05-27 23:08:18,311 - all_data_dino_improved - INFO - Train metrics: l1_loss: 0.5063 | giou_loss: 0.9760 | center_loss: 0.0244 | total_loss: 4.5078
2025-05-27 23:09:47,460 - all_data_dino_improved - INFO - Epoch 4, Batch 650/1360, Loss: 4.7992
2025-05-27 23:09:47,460 - all_data_dino_improved - INFO - Train metrics: l1_loss: 0.5302 | giou_loss: 1.0610 | center_loss: 0.0261 | total_loss: 4.7992
2025-05-27 23:11:16,868 - all_data_dino_improved - INFO - Epoch 4, Batch 700/1360, Loss: 3.7318
2025-05-27 23:11:16,869 - all_data_dino_improved - INFO - Train metrics: l1_loss: 0.3915 | giou_loss: 0.8819 | center_loss: 0.0107 | total_loss: 3.7318
2025-05-27 23:12:46,487 - all_data_dino_improved - INFO - Epoch 4, Batch 750/1360, Loss: 3.9406
2025-05-27 23:12:46,488 - all_data_dino_improved - INFO - Train metrics: l1_loss: 0.4190 | giou_loss: 0.9152 | center_loss: 0.0152 | total_loss: 3.9406
2025-05-27 23:14:16,169 - all_data_dino_improved - INFO - Epoch 4, Batch 800/1360, Loss: 4.7139
2025-05-27 23:14:16,170 - all_data_dino_improved - INFO - Train metrics: l1_loss: 0.5000 | giou_loss: 1.0974 | center_loss: 0.0190 | total_loss: 4.7139
2025-05-27 23:15:46,055 - all_data_dino_improved - INFO - Epoch 4, Batch 850/1360, Loss: 4.8952
2025-05-27 23:15:46,055 - all_data_dino_improved - INFO - Train metrics: l1_loss: 0.5351 | giou_loss: 1.0969 | center_loss: 0.0261 | total_loss: 4.8952
2025-05-27 23:17:15,514 - all_data_dino_improved - INFO - Epoch 4, Batch 900/1360, Loss: 4.8308
2025-05-27 23:17:15,514 - all_data_dino_improved - INFO - Train metrics: l1_loss: 0.5443 | giou_loss: 1.0421 | center_loss: 0.0253 | total_loss: 4.8308
2025-05-27 23:18:45,071 - all_data_dino_improved - INFO - Epoch 4, Batch 950/1360, Loss: 4.3590
2025-05-27 23:18:45,072 - all_data_dino_improved - INFO - Train metrics: l1_loss: 0.4772 | giou_loss: 0.9774 | center_loss: 0.0182 | total_loss: 4.3590
2025-05-27 23:20:14,460 - all_data_dino_improved - INFO - Epoch 4, Batch 1000/1360, Loss: 4.8663
2025-05-27 23:20:14,460 - all_data_dino_improved - INFO - Train metrics: l1_loss: 0.5471 | giou_loss: 1.0524 | center_loss: 0.0263 | total_loss: 4.8663
2025-05-27 23:21:43,839 - all_data_dino_improved - INFO - Epoch 4, Batch 1050/1360, Loss: 5.1488
2025-05-27 23:21:43,839 - all_data_dino_improved - INFO - Train metrics: l1_loss: 0.5902 | giou_loss: 1.0845 | center_loss: 0.0288 | total_loss: 5.1488
2025-05-27 23:23:12,637 - all_data_dino_improved - INFO - Epoch 4, Batch 1100/1360, Loss: 5.0542
2025-05-27 23:23:12,637 - all_data_dino_improved - INFO - Train metrics: l1_loss: 0.5696 | giou_loss: 1.0899 | center_loss: 0.0262 | total_loss: 5.0542
2025-05-27 23:24:42,051 - all_data_dino_improved - INFO - Epoch 4, Batch 1150/1360, Loss: 4.2802
2025-05-27 23:24:42,051 - all_data_dino_improved - INFO - Train metrics: l1_loss: 0.4517 | giou_loss: 1.0028 | center_loss: 0.0158 | total_loss: 4.2802
2025-05-27 23:26:10,982 - all_data_dino_improved - INFO - Epoch 4, Batch 1200/1360, Loss: 4.2594
2025-05-27 23:26:10,983 - all_data_dino_improved - INFO - Train metrics: l1_loss: 0.4629 | giou_loss: 0.9630 | center_loss: 0.0187 | total_loss: 4.2594
2025-05-27 23:27:40,646 - all_data_dino_improved - INFO - Epoch 4, Batch 1250/1360, Loss: 4.2730
2025-05-27 23:27:40,646 - all_data_dino_improved - INFO - Train metrics: l1_loss: 0.4486 | giou_loss: 1.0072 | center_loss: 0.0155 | total_loss: 4.2730
2025-05-27 23:29:10,207 - all_data_dino_improved - INFO - Epoch 4, Batch 1300/1360, Loss: 4.5039
2025-05-27 23:29:10,208 - all_data_dino_improved - INFO - Train metrics: l1_loss: 0.4872 | giou_loss: 1.0262 | center_loss: 0.0153 | total_loss: 4.5039
2025-05-27 23:30:39,606 - all_data_dino_improved - INFO - Epoch 4, Batch 1350/1360, Loss: 4.3783
2025-05-27 23:30:39,606 - all_data_dino_improved - INFO - Train metrics: l1_loss: 0.4727 | giou_loss: 0.9978 | center_loss: 0.0193 | total_loss: 4.3783
2025-05-27 23:30:55,591 - all_data_dino_improved - INFO - Train Epoch 4, Loss: 4.6216
2025-05-27 23:33:24,698 - all_data_dino_improved - INFO - Pred box sample: [66.48284149169922, 117.74385833740234, 205.64927673339844, 256.6454772949219]
2025-05-27 23:33:24,698 - all_data_dino_improved - INFO - Target box sample: [207.0, 198.0, 287.0, 283.0]
2025-05-27 23:33:24,796 - all_data_dino_improved - INFO - Validation Epoch 4, Loss: 4.8377
2025-05-27 23:33:24,796 - all_data_dino_improved - INFO - Val metrics: Acc@0.25: 0.2451 | Acc@0.5: 0.0856 | Acc@0.75: 0.0133 | mIoU: 0.1445 | medianIoU: 0.0297 | mae_x1: 116.3238 | mae_y1: 114.2474 | mae_x2: 111.1455 | mae_y2: 117.4417 | center_x_error: 97.9686 | center_y_error: 101.8916 | width_error: 3.2401 | height_error: 2.7477 | loss: 4.8377
2025-05-27 23:33:25,643 - all_data_dino_improved - INFO - Saved model checkpoint to /home/pokle/Trans-VG/visual_grounding/checkpoints/all_data_dino_improved_epoch4.pth
2025-05-27 23:33:25,643 - all_data_dino_improved - INFO - Epoch 5/200
2025-05-27 23:33:29,600 - all_data_dino_improved - INFO - Epoch 5, Batch 0/1360, Loss: 4.7322
2025-05-27 23:33:29,601 - all_data_dino_improved - INFO - Train metrics: l1_loss: 0.5015 | giou_loss: 1.1007 | center_loss: 0.0232 | total_loss: 4.7322
2025-05-27 23:34:59,295 - all_data_dino_improved - INFO - Epoch 5, Batch 50/1360, Loss: 3.8338
2025-05-27 23:34:59,296 - all_data_dino_improved - INFO - Train metrics: l1_loss: 0.4011 | giou_loss: 0.9082 | center_loss: 0.0117 | total_loss: 3.8338
2025-05-27 23:36:29,370 - all_data_dino_improved - INFO - Epoch 5, Batch 100/1360, Loss: 4.5795
2025-05-27 23:36:29,371 - all_data_dino_improved - INFO - Train metrics: l1_loss: 0.4968 | giou_loss: 1.0389 | center_loss: 0.0179 | total_loss: 4.5795
2025-05-27 23:37:59,057 - all_data_dino_improved - INFO - Epoch 5, Batch 150/1360, Loss: 4.9214
2025-05-27 23:37:59,058 - all_data_dino_improved - INFO - Train metrics: l1_loss: 0.5665 | giou_loss: 1.0285 | center_loss: 0.0317 | total_loss: 4.9214
2025-05-27 23:39:28,479 - all_data_dino_improved - INFO - Epoch 5, Batch 200/1360, Loss: 3.7190
2025-05-27 23:39:28,479 - all_data_dino_improved - INFO - Train metrics: l1_loss: 0.3767 | giou_loss: 0.9120 | center_loss: 0.0115 | total_loss: 3.7190
2025-05-27 23:40:58,086 - all_data_dino_improved - INFO - Epoch 5, Batch 250/1360, Loss: 5.3467
2025-05-27 23:40:58,087 - all_data_dino_improved - INFO - Train metrics: l1_loss: 0.5928 | giou_loss: 1.1746 | center_loss: 0.0336 | total_loss: 5.3467
2025-05-27 23:42:27,470 - all_data_dino_improved - INFO - Epoch 5, Batch 300/1360, Loss: 4.5892
2025-05-27 23:42:27,470 - all_data_dino_improved - INFO - Train metrics: l1_loss: 0.4993 | giou_loss: 1.0367 | center_loss: 0.0195 | total_loss: 4.5892
2025-05-27 23:43:56,916 - all_data_dino_improved - INFO - Epoch 5, Batch 350/1360, Loss: 4.7988
2025-05-27 23:43:56,916 - all_data_dino_improved - INFO - Train metrics: l1_loss: 0.5535 | giou_loss: 1.0040 | center_loss: 0.0234 | total_loss: 4.7988
2025-05-27 23:45:27,030 - all_data_dino_improved - INFO - Epoch 5, Batch 400/1360, Loss: 4.4594
2025-05-27 23:45:27,030 - all_data_dino_improved - INFO - Train metrics: l1_loss: 0.4644 | giou_loss: 1.0621 | center_loss: 0.0129 | total_loss: 4.4594
2025-05-27 23:46:56,071 - all_data_dino_improved - INFO - Epoch 5, Batch 450/1360, Loss: 4.7607
2025-05-27 23:46:56,071 - all_data_dino_improved - INFO - Train metrics: l1_loss: 0.5220 | giou_loss: 1.0659 | center_loss: 0.0189 | total_loss: 4.7607
2025-05-27 23:48:25,413 - all_data_dino_improved - INFO - Epoch 5, Batch 500/1360, Loss: 4.0216
2025-05-27 23:48:25,413 - all_data_dino_improved - INFO - Train metrics: l1_loss: 0.4241 | giou_loss: 0.9427 | center_loss: 0.0155 | total_loss: 4.0216
2025-05-27 23:49:55,198 - all_data_dino_improved - INFO - Epoch 5, Batch 550/1360, Loss: 3.9356
2025-05-27 23:49:55,198 - all_data_dino_improved - INFO - Train metrics: l1_loss: 0.4419 | giou_loss: 0.8552 | center_loss: 0.0159 | total_loss: 3.9356
2025-05-27 23:51:24,602 - all_data_dino_improved - INFO - Epoch 5, Batch 600/1360, Loss: 4.0111
2025-05-27 23:51:24,602 - all_data_dino_improved - INFO - Train metrics: l1_loss: 0.4249 | giou_loss: 0.9365 | center_loss: 0.0134 | total_loss: 4.0111
2025-05-27 23:52:54,289 - all_data_dino_improved - INFO - Epoch 5, Batch 650/1360, Loss: 4.6632
2025-05-27 23:52:54,290 - all_data_dino_improved - INFO - Train metrics: l1_loss: 0.5115 | giou_loss: 1.0419 | center_loss: 0.0218 | total_loss: 4.6632
2025-05-27 23:54:23,869 - all_data_dino_improved - INFO - Epoch 5, Batch 700/1360, Loss: 5.0015
2025-05-27 23:54:23,870 - all_data_dino_improved - INFO - Train metrics: l1_loss: 0.5744 | giou_loss: 1.0509 | center_loss: 0.0274 | total_loss: 5.0015
2025-05-27 23:55:53,230 - all_data_dino_improved - INFO - Epoch 5, Batch 750/1360, Loss: 4.8057
2025-05-27 23:55:53,230 - all_data_dino_improved - INFO - Train metrics: l1_loss: 0.5021 | giou_loss: 1.1383 | center_loss: 0.0184 | total_loss: 4.8057
2025-05-27 23:57:22,666 - all_data_dino_improved - INFO - Epoch 5, Batch 800/1360, Loss: 4.2571
2025-05-27 23:57:22,667 - all_data_dino_improved - INFO - Train metrics: l1_loss: 0.4719 | giou_loss: 0.9395 | center_loss: 0.0186 | total_loss: 4.2571
2025-05-27 23:58:51,886 - all_data_dino_improved - INFO - Epoch 5, Batch 850/1360, Loss: 4.9670
2025-05-27 23:58:51,887 - all_data_dino_improved - INFO - Train metrics: l1_loss: 0.5487 | giou_loss: 1.0994 | center_loss: 0.0246 | total_loss: 4.9670
2025-05-28 00:00:21,142 - all_data_dino_improved - INFO - Epoch 5, Batch 900/1360, Loss: 4.6269
2025-05-28 00:00:21,142 - all_data_dino_improved - INFO - Train metrics: l1_loss: 0.5088 | giou_loss: 1.0315 | center_loss: 0.0199 | total_loss: 4.6269
2025-05-28 00:01:50,609 - all_data_dino_improved - INFO - Epoch 5, Batch 950/1360, Loss: 4.3350
2025-05-28 00:01:50,610 - all_data_dino_improved - INFO - Train metrics: l1_loss: 0.4746 | giou_loss: 0.9733 | center_loss: 0.0153 | total_loss: 4.3350
2025-05-28 00:03:20,374 - all_data_dino_improved - INFO - Epoch 5, Batch 1000/1360, Loss: 4.2755
2025-05-28 00:03:20,375 - all_data_dino_improved - INFO - Train metrics: l1_loss: 0.4523 | giou_loss: 0.9991 | center_loss: 0.0157 | total_loss: 4.2755
2025-05-28 00:04:50,363 - all_data_dino_improved - INFO - Epoch 5, Batch 1050/1360, Loss: 4.0283
2025-05-28 00:04:50,363 - all_data_dino_improved - INFO - Train metrics: l1_loss: 0.4300 | giou_loss: 0.9337 | center_loss: 0.0110 | total_loss: 4.0283
2025-05-28 00:06:20,103 - all_data_dino_improved - INFO - Epoch 5, Batch 1100/1360, Loss: 4.6291
2025-05-28 00:06:20,104 - all_data_dino_improved - INFO - Train metrics: l1_loss: 0.5110 | giou_loss: 1.0252 | center_loss: 0.0239 | total_loss: 4.6291
2025-05-28 00:07:49,736 - all_data_dino_improved - INFO - Epoch 5, Batch 1150/1360, Loss: 4.7651
2025-05-28 00:07:49,737 - all_data_dino_improved - INFO - Train metrics: l1_loss: 0.5284 | giou_loss: 1.0514 | center_loss: 0.0203 | total_loss: 4.7651
2025-05-28 00:09:18,994 - all_data_dino_improved - INFO - Epoch 5, Batch 1200/1360, Loss: 5.3086
2025-05-28 00:09:18,994 - all_data_dino_improved - INFO - Train metrics: l1_loss: 0.5982 | giou_loss: 1.1420 | center_loss: 0.0335 | total_loss: 5.3086
2025-05-28 00:10:48,454 - all_data_dino_improved - INFO - Epoch 5, Batch 1250/1360, Loss: 4.7889
2025-05-28 00:10:48,454 - all_data_dino_improved - INFO - Train metrics: l1_loss: 0.5384 | giou_loss: 1.0366 | center_loss: 0.0234 | total_loss: 4.7889
2025-05-28 00:12:17,529 - all_data_dino_improved - INFO - Epoch 5, Batch 1300/1360, Loss: 4.9480
2025-05-28 00:12:17,530 - all_data_dino_improved - INFO - Train metrics: l1_loss: 0.5385 | giou_loss: 1.1145 | center_loss: 0.0264 | total_loss: 4.9480
2025-05-28 00:13:47,151 - all_data_dino_improved - INFO - Epoch 5, Batch 1350/1360, Loss: 4.5157
2025-05-28 00:13:47,151 - all_data_dino_improved - INFO - Train metrics: l1_loss: 0.4965 | giou_loss: 1.0059 | center_loss: 0.0213 | total_loss: 4.5157
2025-05-28 00:14:03,215 - all_data_dino_improved - INFO - Train Epoch 5, Loss: 4.5744
2025-05-28 00:16:32,127 - all_data_dino_improved - INFO - Pred box sample: [67.05067443847656, 92.3455581665039, 274.5174560546875, 287.79107666015625]
2025-05-28 00:16:32,127 - all_data_dino_improved - INFO - Target box sample: [207.0, 198.0, 287.0, 283.0]
2025-05-28 00:16:32,221 - all_data_dino_improved - INFO - Validation Epoch 5, Loss: 4.7847
2025-05-28 00:16:32,221 - all_data_dino_improved - INFO - Val metrics: Acc@0.25: 0.2549 | Acc@0.5: 0.0918 | Acc@0.75: 0.0119 | mIoU: 0.1496 | medianIoU: 0.0334 | mae_x1: 113.3523 | mae_y1: 119.4369 | mae_x2: 113.7947 | mae_y2: 115.9803 | center_x_error: 97.5899 | center_y_error: 99.0868 | width_error: 3.3409 | height_error: 3.3309 | loss: 4.7847
2025-05-28 00:16:33,057 - all_data_dino_improved - INFO - Saved model checkpoint to /home/pokle/Trans-VG/visual_grounding/checkpoints/all_data_dino_improved_epoch5.pth
2025-05-28 00:16:33,058 - all_data_dino_improved - INFO - New best model! Acc@0.5: 0.0918
2025-05-28 00:16:33,058 - all_data_dino_improved - INFO - Epoch 6/200
2025-05-28 00:16:37,002 - all_data_dino_improved - INFO - Epoch 6, Batch 0/1360, Loss: 4.7117
2025-05-28 00:16:37,002 - all_data_dino_improved - INFO - Train metrics: l1_loss: 0.5175 | giou_loss: 1.0517 | center_loss: 0.0211 | total_loss: 4.7117
2025-05-28 00:18:06,296 - all_data_dino_improved - INFO - Epoch 6, Batch 50/1360, Loss: 4.5117
2025-05-28 00:18:06,296 - all_data_dino_improved - INFO - Train metrics: l1_loss: 0.4752 | giou_loss: 1.0579 | center_loss: 0.0197 | total_loss: 4.5117
2025-05-28 00:19:35,597 - all_data_dino_improved - INFO - Epoch 6, Batch 100/1360, Loss: 4.7546
2025-05-28 00:19:35,597 - all_data_dino_improved - INFO - Train metrics: l1_loss: 0.5020 | giou_loss: 1.1126 | center_loss: 0.0193 | total_loss: 4.7546
2025-05-28 00:21:05,056 - all_data_dino_improved - INFO - Epoch 6, Batch 150/1360, Loss: 4.4886
2025-05-28 00:21:05,056 - all_data_dino_improved - INFO - Train metrics: l1_loss: 0.4686 | giou_loss: 1.0644 | center_loss: 0.0166 | total_loss: 4.4886
2025-05-28 00:22:34,802 - all_data_dino_improved - INFO - Epoch 6, Batch 200/1360, Loss: 4.6779
2025-05-28 00:22:34,802 - all_data_dino_improved - INFO - Train metrics: l1_loss: 0.5012 | giou_loss: 1.0753 | center_loss: 0.0212 | total_loss: 4.6779
2025-05-28 00:24:04,486 - all_data_dino_improved - INFO - Epoch 6, Batch 250/1360, Loss: 4.0581
2025-05-28 00:24:04,487 - all_data_dino_improved - INFO - Train metrics: l1_loss: 0.4267 | giou_loss: 0.9543 | center_loss: 0.0158 | total_loss: 4.0581
2025-05-28 00:25:33,494 - all_data_dino_improved - INFO - Epoch 6, Batch 300/1360, Loss: 3.8018
2025-05-28 00:25:33,494 - all_data_dino_improved - INFO - Train metrics: l1_loss: 0.3931 | giou_loss: 0.9124 | center_loss: 0.0116 | total_loss: 3.8018
2025-05-28 00:27:02,296 - all_data_dino_improved - INFO - Epoch 6, Batch 350/1360, Loss: 3.8445
2025-05-28 00:27:02,296 - all_data_dino_improved - INFO - Train metrics: l1_loss: 0.4013 | giou_loss: 0.9123 | center_loss: 0.0134 | total_loss: 3.8445
2025-05-28 00:28:31,552 - all_data_dino_improved - INFO - Epoch 6, Batch 400/1360, Loss: 4.3140
2025-05-28 00:28:31,552 - all_data_dino_improved - INFO - Train metrics: l1_loss: 0.4757 | giou_loss: 0.9576 | center_loss: 0.0203 | total_loss: 4.3140
2025-05-28 00:30:00,638 - all_data_dino_improved - INFO - Epoch 6, Batch 450/1360, Loss: 4.2851
2025-05-28 00:30:00,638 - all_data_dino_improved - INFO - Train metrics: l1_loss: 0.4487 | giou_loss: 1.0130 | center_loss: 0.0153 | total_loss: 4.2851
2025-05-28 00:31:29,564 - all_data_dino_improved - INFO - Epoch 6, Batch 500/1360, Loss: 5.2247
2025-05-28 00:31:29,564 - all_data_dino_improved - INFO - Train metrics: l1_loss: 0.6197 | giou_loss: 1.0478 | center_loss: 0.0309 | total_loss: 5.2247
2025-05-28 00:32:58,825 - all_data_dino_improved - INFO - Epoch 6, Batch 550/1360, Loss: 5.3100
2025-05-28 00:32:58,826 - all_data_dino_improved - INFO - Train metrics: l1_loss: 0.5864 | giou_loss: 1.1745 | center_loss: 0.0288 | total_loss: 5.3100
2025-05-28 00:34:28,060 - all_data_dino_improved - INFO - Epoch 6, Batch 600/1360, Loss: 4.7538
2025-05-28 00:34:28,060 - all_data_dino_improved - INFO - Train metrics: l1_loss: 0.5081 | giou_loss: 1.0968 | center_loss: 0.0196 | total_loss: 4.7538
2025-05-28 00:35:57,821 - all_data_dino_improved - INFO - Epoch 6, Batch 650/1360, Loss: 4.2406
2025-05-28 00:35:57,822 - all_data_dino_improved - INFO - Train metrics: l1_loss: 0.4364 | giou_loss: 1.0232 | center_loss: 0.0125 | total_loss: 4.2406
2025-05-28 00:37:26,704 - all_data_dino_improved - INFO - Epoch 6, Batch 700/1360, Loss: 4.1006
2025-05-28 00:37:26,704 - all_data_dino_improved - INFO - Train metrics: l1_loss: 0.4346 | giou_loss: 0.9557 | center_loss: 0.0161 | total_loss: 4.1006
2025-05-28 00:38:56,854 - all_data_dino_improved - INFO - Epoch 6, Batch 750/1360, Loss: 5.8139
2025-05-28 00:38:56,854 - all_data_dino_improved - INFO - Train metrics: l1_loss: 0.6813 | giou_loss: 1.1822 | center_loss: 0.0432 | total_loss: 5.8139
2025-05-28 00:40:26,317 - all_data_dino_improved - INFO - Epoch 6, Batch 800/1360, Loss: 4.2103
2025-05-28 00:40:26,317 - all_data_dino_improved - INFO - Train metrics: l1_loss: 0.4739 | giou_loss: 0.9107 | center_loss: 0.0193 | total_loss: 4.2103
2025-05-28 00:41:55,803 - all_data_dino_improved - INFO - Epoch 6, Batch 850/1360, Loss: 5.2382
2025-05-28 00:41:55,803 - all_data_dino_improved - INFO - Train metrics: l1_loss: 0.6120 | giou_loss: 1.0743 | center_loss: 0.0296 | total_loss: 5.2382
2025-05-28 00:43:25,088 - all_data_dino_improved - INFO - Epoch 6, Batch 900/1360, Loss: 4.5727
2025-05-28 00:43:25,089 - all_data_dino_improved - INFO - Train metrics: l1_loss: 0.5338 | giou_loss: 0.9385 | center_loss: 0.0264 | total_loss: 4.5727
2025-05-28 00:44:53,978 - all_data_dino_improved - INFO - Epoch 6, Batch 950/1360, Loss: 4.5256
2025-05-28 00:44:53,978 - all_data_dino_improved - INFO - Train metrics: l1_loss: 0.4694 | giou_loss: 1.0789 | center_loss: 0.0207 | total_loss: 4.5256
2025-05-28 00:46:23,567 - all_data_dino_improved - INFO - Epoch 6, Batch 1000/1360, Loss: 5.4130
2025-05-28 00:46:23,567 - all_data_dino_improved - INFO - Train metrics: l1_loss: 0.6247 | giou_loss: 1.1269 | center_loss: 0.0355 | total_loss: 5.4130
2025-05-28 00:47:52,852 - all_data_dino_improved - INFO - Epoch 6, Batch 1050/1360, Loss: 4.2104
2025-05-28 00:47:52,852 - all_data_dino_improved - INFO - Train metrics: l1_loss: 0.4471 | giou_loss: 0.9777 | center_loss: 0.0194 | total_loss: 4.2104
2025-05-28 00:49:22,214 - all_data_dino_improved - INFO - Epoch 6, Batch 1100/1360, Loss: 4.2949
2025-05-28 00:49:22,214 - all_data_dino_improved - INFO - Train metrics: l1_loss: 0.4865 | giou_loss: 0.9238 | center_loss: 0.0147 | total_loss: 4.2949
2025-05-28 00:50:51,453 - all_data_dino_improved - INFO - Epoch 6, Batch 1150/1360, Loss: 4.5552
2025-05-28 00:50:51,453 - all_data_dino_improved - INFO - Train metrics: l1_loss: 0.4635 | giou_loss: 1.1104 | center_loss: 0.0169 | total_loss: 4.5552
2025-05-28 00:52:21,207 - all_data_dino_improved - INFO - Epoch 6, Batch 1200/1360, Loss: 4.1818
2025-05-28 00:52:21,207 - all_data_dino_improved - INFO - Train metrics: l1_loss: 0.4683 | giou_loss: 0.9125 | center_loss: 0.0155 | total_loss: 4.1818
2025-05-28 00:53:50,650 - all_data_dino_improved - INFO - Epoch 6, Batch 1250/1360, Loss: 4.3260
2025-05-28 00:53:50,651 - all_data_dino_improved - INFO - Train metrics: l1_loss: 0.4603 | giou_loss: 1.0033 | center_loss: 0.0180 | total_loss: 4.3260
2025-05-28 00:55:19,812 - all_data_dino_improved - INFO - Epoch 6, Batch 1300/1360, Loss: 4.6580
2025-05-28 00:55:19,813 - all_data_dino_improved - INFO - Train metrics: l1_loss: 0.4953 | giou_loss: 1.0821 | center_loss: 0.0174 | total_loss: 4.6580
2025-05-28 00:56:49,233 - all_data_dino_improved - INFO - Epoch 6, Batch 1350/1360, Loss: 4.1717
2025-05-28 00:56:49,233 - all_data_dino_improved - INFO - Train metrics: l1_loss: 0.4279 | giou_loss: 1.0099 | center_loss: 0.0123 | total_loss: 4.1717
2025-05-28 00:57:05,315 - all_data_dino_improved - INFO - Train Epoch 6, Loss: 4.5308
2025-05-28 00:59:34,108 - all_data_dino_improved - INFO - Pred box sample: [63.099693298339844, 67.65645599365234, 266.2005615234375, 219.84896850585938]
2025-05-28 00:59:34,108 - all_data_dino_improved - INFO - Target box sample: [207.0, 198.0, 287.0, 283.0]
2025-05-28 00:59:34,210 - all_data_dino_improved - INFO - Validation Epoch 6, Loss: 4.8282
2025-05-28 00:59:34,211 - all_data_dino_improved - INFO - Val metrics: Acc@0.25: 0.2461 | Acc@0.5: 0.0906 | Acc@0.75: 0.0135 | mIoU: 0.1465 | medianIoU: 0.0316 | mae_x1: 114.0499 | mae_y1: 117.6901 | mae_x2: 117.4454 | mae_y2: 115.8241 | center_x_error: 99.3387 | center_y_error: 100.7759 | width_error: 3.3257 | height_error: 3.0875 | loss: 4.8282
2025-05-28 00:59:35,053 - all_data_dino_improved - INFO - Saved model checkpoint to /home/pokle/Trans-VG/visual_grounding/checkpoints/all_data_dino_improved_epoch6.pth
2025-05-28 00:59:35,054 - all_data_dino_improved - INFO - Epoch 7/200
2025-05-28 00:59:39,019 - all_data_dino_improved - INFO - Epoch 7, Batch 0/1360, Loss: 4.6446
2025-05-28 00:59:39,019 - all_data_dino_improved - INFO - Train metrics: l1_loss: 0.5164 | giou_loss: 1.0214 | center_loss: 0.0196 | total_loss: 4.6446
2025-05-28 01:01:08,361 - all_data_dino_improved - INFO - Epoch 7, Batch 50/1360, Loss: 4.8081
2025-05-28 01:01:08,362 - all_data_dino_improved - INFO - Train metrics: l1_loss: 0.5547 | giou_loss: 1.0036 | center_loss: 0.0276 | total_loss: 4.8081
2025-05-28 01:02:37,485 - all_data_dino_improved - INFO - Epoch 7, Batch 100/1360, Loss: 4.4271
2025-05-28 01:02:37,485 - all_data_dino_improved - INFO - Train metrics: l1_loss: 0.4697 | giou_loss: 1.0308 | center_loss: 0.0169 | total_loss: 4.4271
2025-05-28 01:04:07,087 - all_data_dino_improved - INFO - Epoch 7, Batch 150/1360, Loss: 4.9559
2025-05-28 01:04:07,087 - all_data_dino_improved - INFO - Train metrics: l1_loss: 0.5303 | giou_loss: 1.1404 | center_loss: 0.0237 | total_loss: 4.9559
2025-05-28 01:05:36,333 - all_data_dino_improved - INFO - Epoch 7, Batch 200/1360, Loss: 4.0732
2025-05-28 01:05:36,333 - all_data_dino_improved - INFO - Train metrics: l1_loss: 0.4209 | giou_loss: 0.9780 | center_loss: 0.0127 | total_loss: 4.0732
2025-05-28 01:07:05,380 - all_data_dino_improved - INFO - Epoch 7, Batch 250/1360, Loss: 4.5846
2025-05-28 01:07:05,380 - all_data_dino_improved - INFO - Train metrics: l1_loss: 0.4975 | giou_loss: 1.0391 | center_loss: 0.0188 | total_loss: 4.5846
2025-05-28 01:08:34,912 - all_data_dino_improved - INFO - Epoch 7, Batch 300/1360, Loss: 4.7642
2025-05-28 01:08:34,912 - all_data_dino_improved - INFO - Train metrics: l1_loss: 0.5285 | giou_loss: 1.0513 | center_loss: 0.0194 | total_loss: 4.7642
2025-05-28 01:10:04,559 - all_data_dino_improved - INFO - Epoch 7, Batch 350/1360, Loss: 4.3655
2025-05-28 01:10:04,559 - all_data_dino_improved - INFO - Train metrics: l1_loss: 0.4672 | giou_loss: 1.0062 | center_loss: 0.0170 | total_loss: 4.3655
2025-05-28 01:11:33,827 - all_data_dino_improved - INFO - Epoch 7, Batch 400/1360, Loss: 3.7316
2025-05-28 01:11:33,827 - all_data_dino_improved - INFO - Train metrics: l1_loss: 0.3808 | giou_loss: 0.9080 | center_loss: 0.0115 | total_loss: 3.7316
2025-05-28 01:13:02,432 - all_data_dino_improved - INFO - Epoch 7, Batch 450/1360, Loss: 5.2967
2025-05-28 01:13:02,432 - all_data_dino_improved - INFO - Train metrics: l1_loss: 0.5759 | giou_loss: 1.1940 | center_loss: 0.0294 | total_loss: 5.2967
2025-05-28 01:14:31,523 - all_data_dino_improved - INFO - Epoch 7, Batch 500/1360, Loss: 4.4278
2025-05-28 01:14:31,523 - all_data_dino_improved - INFO - Train metrics: l1_loss: 0.4871 | giou_loss: 0.9879 | center_loss: 0.0162 | total_loss: 4.4278
2025-05-28 01:16:00,678 - all_data_dino_improved - INFO - Epoch 7, Batch 550/1360, Loss: 3.8483
2025-05-28 01:16:00,678 - all_data_dino_improved - INFO - Train metrics: l1_loss: 0.4123 | giou_loss: 0.8859 | center_loss: 0.0148 | total_loss: 3.8483
2025-05-28 01:17:30,112 - all_data_dino_improved - INFO - Epoch 7, Batch 600/1360, Loss: 4.2883
2025-05-28 01:17:30,113 - all_data_dino_improved - INFO - Train metrics: l1_loss: 0.4761 | giou_loss: 0.9454 | center_loss: 0.0169 | total_loss: 4.2883
2025-05-28 01:18:59,814 - all_data_dino_improved - INFO - Epoch 7, Batch 650/1360, Loss: 4.9430
2025-05-28 01:18:59,814 - all_data_dino_improved - INFO - Train metrics: l1_loss: 0.5545 | giou_loss: 1.0718 | center_loss: 0.0271 | total_loss: 4.9430
2025-05-28 01:20:28,678 - all_data_dino_improved - INFO - Epoch 7, Batch 700/1360, Loss: 4.9955
2025-05-28 01:20:28,678 - all_data_dino_improved - INFO - Train metrics: l1_loss: 0.5607 | giou_loss: 1.0831 | center_loss: 0.0257 | total_loss: 4.9955
2025-05-28 01:21:57,831 - all_data_dino_improved - INFO - Epoch 7, Batch 750/1360, Loss: 4.9358
2025-05-28 01:21:57,831 - all_data_dino_improved - INFO - Train metrics: l1_loss: 0.5283 | giou_loss: 1.1330 | center_loss: 0.0284 | total_loss: 4.9358
2025-05-28 01:23:27,055 - all_data_dino_improved - INFO - Epoch 7, Batch 800/1360, Loss: 4.0644
2025-05-28 01:23:27,056 - all_data_dino_improved - INFO - Train metrics: l1_loss: 0.4455 | giou_loss: 0.9121 | center_loss: 0.0130 | total_loss: 4.0644
2025-05-28 01:24:56,686 - all_data_dino_improved - INFO - Epoch 7, Batch 850/1360, Loss: 4.5439
2025-05-28 01:24:56,686 - all_data_dino_improved - INFO - Train metrics: l1_loss: 0.4944 | giou_loss: 1.0260 | center_loss: 0.0199 | total_loss: 4.5439
2025-05-28 01:26:25,978 - all_data_dino_improved - INFO - Epoch 7, Batch 900/1360, Loss: 5.5636
2025-05-28 01:26:25,978 - all_data_dino_improved - INFO - Train metrics: l1_loss: 0.6580 | giou_loss: 1.1174 | center_loss: 0.0388 | total_loss: 5.5636
2025-05-28 01:27:55,887 - all_data_dino_improved - INFO - Epoch 7, Batch 950/1360, Loss: 4.7227
2025-05-28 01:27:55,887 - all_data_dino_improved - INFO - Train metrics: l1_loss: 0.5352 | giou_loss: 1.0111 | center_loss: 0.0243 | total_loss: 4.7227
2025-05-28 01:29:24,765 - all_data_dino_improved - INFO - Epoch 7, Batch 1000/1360, Loss: 4.6960
2025-05-28 01:29:24,765 - all_data_dino_improved - INFO - Train metrics: l1_loss: 0.4915 | giou_loss: 1.1098 | center_loss: 0.0190 | total_loss: 4.6960
2025-05-28 01:30:54,459 - all_data_dino_improved - INFO - Epoch 7, Batch 1050/1360, Loss: 3.8575
2025-05-28 01:30:54,459 - all_data_dino_improved - INFO - Train metrics: l1_loss: 0.3884 | giou_loss: 0.9524 | center_loss: 0.0106 | total_loss: 3.8575
2025-05-28 01:32:23,920 - all_data_dino_improved - INFO - Epoch 7, Batch 1100/1360, Loss: 4.2387
2025-05-28 01:32:23,921 - all_data_dino_improved - INFO - Train metrics: l1_loss: 0.4525 | giou_loss: 0.9802 | center_loss: 0.0161 | total_loss: 4.2387
2025-05-28 01:33:53,543 - all_data_dino_improved - INFO - Epoch 7, Batch 1150/1360, Loss: 3.7034
2025-05-28 01:33:53,544 - all_data_dino_improved - INFO - Train metrics: l1_loss: 0.3799 | giou_loss: 0.8964 | center_loss: 0.0111 | total_loss: 3.7034
2025-05-28 01:35:22,652 - all_data_dino_improved - INFO - Epoch 7, Batch 1200/1360, Loss: 4.5091
2025-05-28 01:35:22,652 - all_data_dino_improved - INFO - Train metrics: l1_loss: 0.5063 | giou_loss: 0.9811 | center_loss: 0.0154 | total_loss: 4.5091
2025-05-28 01:36:52,330 - all_data_dino_improved - INFO - Epoch 7, Batch 1250/1360, Loss: 4.7103
2025-05-28 01:36:52,331 - all_data_dino_improved - INFO - Train metrics: l1_loss: 0.4974 | giou_loss: 1.1018 | center_loss: 0.0196 | total_loss: 4.7103
2025-05-28 01:38:21,159 - all_data_dino_improved - INFO - Epoch 7, Batch 1300/1360, Loss: 5.1499
2025-05-28 01:38:21,159 - all_data_dino_improved - INFO - Train metrics: l1_loss: 0.5889 | giou_loss: 1.0885 | center_loss: 0.0283 | total_loss: 5.1499
2025-05-28 01:39:50,082 - all_data_dino_improved - INFO - Epoch 7, Batch 1350/1360, Loss: 4.5490
2025-05-28 01:39:50,082 - all_data_dino_improved - INFO - Train metrics: l1_loss: 0.4785 | giou_loss: 1.0703 | center_loss: 0.0160 | total_loss: 4.5490
2025-05-28 01:40:06,004 - all_data_dino_improved - INFO - Train Epoch 7, Loss: 4.4799
2025-05-28 01:42:34,865 - all_data_dino_improved - INFO - Pred box sample: [82.31282806396484, 88.29818725585938, 266.5084228515625, 277.7467956542969]
2025-05-28 01:42:34,866 - all_data_dino_improved - INFO - Target box sample: [207.0, 198.0, 287.0, 283.0]
2025-05-28 01:42:34,968 - all_data_dino_improved - INFO - Validation Epoch 7, Loss: 4.8927
2025-05-28 01:42:34,968 - all_data_dino_improved - INFO - Val metrics: Acc@0.25: 0.2457 | Acc@0.5: 0.0930 | Acc@0.75: 0.0109 | mIoU: 0.1457 | medianIoU: 0.0276 | mae_x1: 116.4188 | mae_y1: 117.0904 | mae_x2: 116.5203 | mae_y2: 120.8730 | center_x_error: 101.9542 | center_y_error: 103.2812 | width_error: 3.0896 | height_error: 3.0173 | loss: 4.8927
2025-05-28 01:42:35,812 - all_data_dino_improved - INFO - Saved model checkpoint to /home/pokle/Trans-VG/visual_grounding/checkpoints/all_data_dino_improved_epoch7.pth
2025-05-28 01:42:35,813 - all_data_dino_improved - INFO - New best model! Acc@0.5: 0.0930
2025-05-28 01:42:35,813 - all_data_dino_improved - INFO - Epoch 8/200
2025-05-28 01:42:39,631 - all_data_dino_improved - INFO - Epoch 8, Batch 0/1360, Loss: 4.7763
2025-05-28 01:42:39,631 - all_data_dino_improved - INFO - Train metrics: l1_loss: 0.5253 | giou_loss: 1.0638 | center_loss: 0.0223 | total_loss: 4.7763
2025-05-28 01:44:08,727 - all_data_dino_improved - INFO - Epoch 8, Batch 50/1360, Loss: 4.2083
2025-05-28 01:44:08,728 - all_data_dino_improved - INFO - Train metrics: l1_loss: 0.4458 | giou_loss: 0.9825 | center_loss: 0.0143 | total_loss: 4.2083
2025-05-28 01:45:37,969 - all_data_dino_improved - INFO - Epoch 8, Batch 100/1360, Loss: 4.5711
2025-05-28 01:45:37,969 - all_data_dino_improved - INFO - Train metrics: l1_loss: 0.5020 | giou_loss: 1.0218 | center_loss: 0.0175 | total_loss: 4.5711
2025-05-28 01:47:06,659 - all_data_dino_improved - INFO - Epoch 8, Batch 150/1360, Loss: 4.6737
2025-05-28 01:47:06,659 - all_data_dino_improved - INFO - Train metrics: l1_loss: 0.5199 | giou_loss: 1.0245 | center_loss: 0.0252 | total_loss: 4.6737
2025-05-28 01:48:35,529 - all_data_dino_improved - INFO - Epoch 8, Batch 200/1360, Loss: 4.2506
2025-05-28 01:48:35,529 - all_data_dino_improved - INFO - Train metrics: l1_loss: 0.4414 | giou_loss: 1.0145 | center_loss: 0.0143 | total_loss: 4.2506
2025-05-28 01:50:05,229 - all_data_dino_improved - INFO - Epoch 8, Batch 250/1360, Loss: 4.7054
2025-05-28 01:50:05,230 - all_data_dino_improved - INFO - Train metrics: l1_loss: 0.4995 | giou_loss: 1.0931 | center_loss: 0.0214 | total_loss: 4.7054
2025-05-28 01:51:34,337 - all_data_dino_improved - INFO - Epoch 8, Batch 300/1360, Loss: 4.4719
2025-05-28 01:51:34,337 - all_data_dino_improved - INFO - Train metrics: l1_loss: 0.5063 | giou_loss: 0.9593 | center_loss: 0.0217 | total_loss: 4.4719
2025-05-28 01:53:03,394 - all_data_dino_improved - INFO - Epoch 8, Batch 350/1360, Loss: 4.6897
2025-05-28 01:53:03,395 - all_data_dino_improved - INFO - Train metrics: l1_loss: 0.5131 | giou_loss: 1.0504 | center_loss: 0.0234 | total_loss: 4.6897
2025-05-28 01:54:32,451 - all_data_dino_improved - INFO - Epoch 8, Batch 400/1360, Loss: 4.3851
2025-05-28 01:54:32,452 - all_data_dino_improved - INFO - Train metrics: l1_loss: 0.4648 | giou_loss: 1.0227 | center_loss: 0.0157 | total_loss: 4.3851
2025-05-28 01:56:01,197 - all_data_dino_improved - INFO - Epoch 8, Batch 450/1360, Loss: 3.9563
2025-05-28 01:56:01,197 - all_data_dino_improved - INFO - Train metrics: l1_loss: 0.3813 | giou_loss: 1.0188 | center_loss: 0.0122 | total_loss: 3.9563
2025-05-28 01:57:30,340 - all_data_dino_improved - INFO - Epoch 8, Batch 500/1360, Loss: 4.2776
2025-05-28 01:57:30,341 - all_data_dino_improved - INFO - Train metrics: l1_loss: 0.4386 | giou_loss: 1.0352 | center_loss: 0.0144 | total_loss: 4.2776
2025-05-28 01:58:59,374 - all_data_dino_improved - INFO - Epoch 8, Batch 550/1360, Loss: 4.3366
2025-05-28 01:58:59,375 - all_data_dino_improved - INFO - Train metrics: l1_loss: 0.4591 | giou_loss: 1.0102 | center_loss: 0.0208 | total_loss: 4.3366
2025-05-28 02:00:28,221 - all_data_dino_improved - INFO - Epoch 8, Batch 600/1360, Loss: 4.7087
2025-05-28 02:00:28,221 - all_data_dino_improved - INFO - Train metrics: l1_loss: 0.5065 | giou_loss: 1.0773 | center_loss: 0.0213 | total_loss: 4.7087
2025-05-28 02:01:56,910 - all_data_dino_improved - INFO - Epoch 8, Batch 650/1360, Loss: 4.0283
2025-05-28 02:01:56,910 - all_data_dino_improved - INFO - Train metrics: l1_loss: 0.4335 | giou_loss: 0.9241 | center_loss: 0.0129 | total_loss: 4.0283
2025-05-28 02:03:26,282 - all_data_dino_improved - INFO - Epoch 8, Batch 700/1360, Loss: 3.5879
2025-05-28 02:03:26,282 - all_data_dino_improved - INFO - Train metrics: l1_loss: 0.3789 | giou_loss: 0.8417 | center_loss: 0.0103 | total_loss: 3.5879
2025-05-28 02:04:55,500 - all_data_dino_improved - INFO - Epoch 8, Batch 750/1360, Loss: 4.9335
2025-05-28 02:04:55,501 - all_data_dino_improved - INFO - Train metrics: l1_loss: 0.5280 | giou_loss: 1.1324 | center_loss: 0.0284 | total_loss: 4.9335
2025-05-28 02:06:24,826 - all_data_dino_improved - INFO - Epoch 8, Batch 800/1360, Loss: 4.2634
2025-05-28 02:06:24,827 - all_data_dino_improved - INFO - Train metrics: l1_loss: 0.4577 | giou_loss: 0.9790 | center_loss: 0.0168 | total_loss: 4.2634
2025-05-28 02:07:53,662 - all_data_dino_improved - INFO - Epoch 8, Batch 850/1360, Loss: 4.6050
2025-05-28 02:07:53,662 - all_data_dino_improved - INFO - Train metrics: l1_loss: 0.4990 | giou_loss: 1.0457 | center_loss: 0.0188 | total_loss: 4.6050
2025-05-28 02:09:23,065 - all_data_dino_improved - INFO - Epoch 8, Batch 900/1360, Loss: 4.3630
2025-05-28 02:09:23,065 - all_data_dino_improved - INFO - Train metrics: l1_loss: 0.4741 | giou_loss: 0.9893 | center_loss: 0.0141 | total_loss: 4.3630
2025-05-28 02:10:52,048 - all_data_dino_improved - INFO - Epoch 8, Batch 950/1360, Loss: 4.5741
2025-05-28 02:10:52,048 - all_data_dino_improved - INFO - Train metrics: l1_loss: 0.4918 | giou_loss: 1.0471 | center_loss: 0.0210 | total_loss: 4.5741
2025-05-28 02:12:21,236 - all_data_dino_improved - INFO - Epoch 8, Batch 1000/1360, Loss: 4.1653
2025-05-28 02:12:21,236 - all_data_dino_improved - INFO - Train metrics: l1_loss: 0.4418 | giou_loss: 0.9695 | center_loss: 0.0172 | total_loss: 4.1653
2025-05-28 02:13:50,625 - all_data_dino_improved - INFO - Epoch 8, Batch 1050/1360, Loss: 4.4776
2025-05-28 02:13:50,625 - all_data_dino_improved - INFO - Train metrics: l1_loss: 0.4918 | giou_loss: 0.9993 | center_loss: 0.0199 | total_loss: 4.4776
2025-05-28 02:15:20,215 - all_data_dino_improved - INFO - Epoch 8, Batch 1100/1360, Loss: 4.1098
2025-05-28 02:15:20,215 - all_data_dino_improved - INFO - Train metrics: l1_loss: 0.4371 | giou_loss: 0.9548 | center_loss: 0.0148 | total_loss: 4.1098
2025-05-28 02:16:49,650 - all_data_dino_improved - INFO - Epoch 8, Batch 1150/1360, Loss: 3.9287
2025-05-28 02:16:49,650 - all_data_dino_improved - INFO - Train metrics: l1_loss: 0.4390 | giou_loss: 0.8600 | center_loss: 0.0138 | total_loss: 3.9287
2025-05-28 02:18:18,848 - all_data_dino_improved - INFO - Epoch 8, Batch 1200/1360, Loss: 5.2954
2025-05-28 02:18:18,849 - all_data_dino_improved - INFO - Train metrics: l1_loss: 0.5946 | giou_loss: 1.1467 | center_loss: 0.0288 | total_loss: 5.2954
2025-05-28 02:19:47,948 - all_data_dino_improved - INFO - Epoch 8, Batch 1250/1360, Loss: 4.4939
2025-05-28 02:19:47,948 - all_data_dino_improved - INFO - Train metrics: l1_loss: 0.4752 | giou_loss: 1.0512 | center_loss: 0.0152 | total_loss: 4.4939
2025-05-28 02:21:16,880 - all_data_dino_improved - INFO - Epoch 8, Batch 1300/1360, Loss: 4.1188
2025-05-28 02:21:16,880 - all_data_dino_improved - INFO - Train metrics: l1_loss: 0.4319 | giou_loss: 0.9720 | center_loss: 0.0155 | total_loss: 4.1188
2025-05-28 02:22:46,048 - all_data_dino_improved - INFO - Epoch 8, Batch 1350/1360, Loss: 3.6626
2025-05-28 02:22:46,048 - all_data_dino_improved - INFO - Train metrics: l1_loss: 0.3750 | giou_loss: 0.8875 | center_loss: 0.0126 | total_loss: 3.6626
2025-05-28 02:23:02,152 - all_data_dino_improved - INFO - Train Epoch 8, Loss: 4.4355
2025-05-28 02:25:30,926 - all_data_dino_improved - INFO - Pred box sample: [64.8078842163086, 71.87248992919922, 255.23214721679688, 234.29481506347656]
2025-05-28 02:25:30,927 - all_data_dino_improved - INFO - Target box sample: [207.0, 198.0, 287.0, 283.0]
2025-05-28 02:25:31,022 - all_data_dino_improved - INFO - Validation Epoch 8, Loss: 4.8115
2025-05-28 02:25:31,022 - all_data_dino_improved - INFO - Val metrics: Acc@0.25: 0.2541 | Acc@0.5: 0.0959 | Acc@0.75: 0.0143 | mIoU: 0.1500 | medianIoU: 0.0337 | mae_x1: 116.5942 | mae_y1: 114.4426 | mae_x2: 114.6206 | mae_y2: 115.2665 | center_x_error: 100.1794 | center_y_error: 98.6543 | width_error: 3.1893 | height_error: 2.9539 | loss: 4.8115
2025-05-28 02:25:31,861 - all_data_dino_improved - INFO - Saved model checkpoint to /home/pokle/Trans-VG/visual_grounding/checkpoints/all_data_dino_improved_epoch8.pth
2025-05-28 02:25:31,861 - all_data_dino_improved - INFO - New best model! Acc@0.5: 0.0959
2025-05-28 02:25:31,861 - all_data_dino_improved - INFO - Epoch 9/200
2025-05-28 02:25:35,687 - all_data_dino_improved - INFO - Epoch 9, Batch 0/1360, Loss: 4.1457
2025-05-28 02:25:35,688 - all_data_dino_improved - INFO - Train metrics: l1_loss: 0.4461 | giou_loss: 0.9507 | center_loss: 0.0136 | total_loss: 4.1457
2025-05-28 02:27:05,233 - all_data_dino_improved - INFO - Epoch 9, Batch 50/1360, Loss: 3.9951
2025-05-28 02:27:05,233 - all_data_dino_improved - INFO - Train metrics: l1_loss: 0.3960 | giou_loss: 1.0019 | center_loss: 0.0110 | total_loss: 3.9951
2025-05-28 02:28:34,437 - all_data_dino_improved - INFO - Epoch 9, Batch 100/1360, Loss: 5.0152
2025-05-28 02:28:34,437 - all_data_dino_improved - INFO - Train metrics: l1_loss: 0.5820 | giou_loss: 1.0393 | center_loss: 0.0267 | total_loss: 5.0152
2025-05-28 02:30:04,040 - all_data_dino_improved - INFO - Epoch 9, Batch 150/1360, Loss: 4.5789
2025-05-28 02:30:04,040 - all_data_dino_improved - INFO - Train metrics: l1_loss: 0.4730 | giou_loss: 1.0970 | center_loss: 0.0197 | total_loss: 4.5789
2025-05-28 02:31:33,142 - all_data_dino_improved - INFO - Epoch 9, Batch 200/1360, Loss: 4.1212
2025-05-28 02:31:33,142 - all_data_dino_improved - INFO - Train metrics: l1_loss: 0.4406 | giou_loss: 0.9519 | center_loss: 0.0147 | total_loss: 4.1212
2025-05-28 02:33:01,833 - all_data_dino_improved - INFO - Epoch 9, Batch 250/1360, Loss: 4.5477
2025-05-28 02:33:01,833 - all_data_dino_improved - INFO - Train metrics: l1_loss: 0.4891 | giou_loss: 1.0425 | center_loss: 0.0174 | total_loss: 4.5477
2025-05-28 02:34:30,996 - all_data_dino_improved - INFO - Epoch 9, Batch 300/1360, Loss: 4.4120
2025-05-28 02:34:30,996 - all_data_dino_improved - INFO - Train metrics: l1_loss: 0.4710 | giou_loss: 1.0221 | center_loss: 0.0126 | total_loss: 4.4120
2025-05-28 02:36:00,080 - all_data_dino_improved - INFO - Epoch 9, Batch 350/1360, Loss: 4.4828
2025-05-28 02:36:00,080 - all_data_dino_improved - INFO - Train metrics: l1_loss: 0.4616 | giou_loss: 1.0774 | center_loss: 0.0200 | total_loss: 4.4828
2025-05-28 02:37:29,230 - all_data_dino_improved - INFO - Epoch 9, Batch 400/1360, Loss: 4.4055
2025-05-28 02:37:29,230 - all_data_dino_improved - INFO - Train metrics: l1_loss: 0.4608 | giou_loss: 1.0419 | center_loss: 0.0176 | total_loss: 4.4055
2025-05-28 02:38:58,765 - all_data_dino_improved - INFO - Epoch 9, Batch 450/1360, Loss: 4.5505
2025-05-28 02:38:58,765 - all_data_dino_improved - INFO - Train metrics: l1_loss: 0.4920 | giou_loss: 1.0349 | center_loss: 0.0206 | total_loss: 4.5505
2025-05-28 02:40:27,739 - all_data_dino_improved - INFO - Epoch 9, Batch 500/1360, Loss: 4.0827
2025-05-28 02:40:27,740 - all_data_dino_improved - INFO - Train metrics: l1_loss: 0.4488 | giou_loss: 0.9124 | center_loss: 0.0138 | total_loss: 4.0827
2025-05-28 02:41:56,882 - all_data_dino_improved - INFO - Epoch 9, Batch 550/1360, Loss: 3.9566
2025-05-28 02:41:56,882 - all_data_dino_improved - INFO - Train metrics: l1_loss: 0.4241 | giou_loss: 0.9098 | center_loss: 0.0164 | total_loss: 3.9566
2025-05-28 02:43:25,736 - all_data_dino_improved - INFO - Epoch 9, Batch 600/1360, Loss: 4.4925
2025-05-28 02:43:25,737 - all_data_dino_improved - INFO - Train metrics: l1_loss: 0.4755 | giou_loss: 1.0469 | center_loss: 0.0211 | total_loss: 4.4925
2025-05-28 02:44:55,126 - all_data_dino_improved - INFO - Epoch 9, Batch 650/1360, Loss: 4.5055
2025-05-28 02:44:55,126 - all_data_dino_improved - INFO - Train metrics: l1_loss: 0.4638 | giou_loss: 1.0840 | center_loss: 0.0185 | total_loss: 4.5055
2025-05-28 02:46:24,221 - all_data_dino_improved - INFO - Epoch 9, Batch 700/1360, Loss: 4.4807
2025-05-28 02:46:24,221 - all_data_dino_improved - INFO - Train metrics: l1_loss: 0.4762 | giou_loss: 1.0406 | center_loss: 0.0187 | total_loss: 4.4807
2025-05-28 02:47:53,089 - all_data_dino_improved - INFO - Epoch 9, Batch 750/1360, Loss: 4.3647
2025-05-28 02:47:53,089 - all_data_dino_improved - INFO - Train metrics: l1_loss: 0.4698 | giou_loss: 0.9971 | center_loss: 0.0214 | total_loss: 4.3647
2025-05-28 02:49:22,382 - all_data_dino_improved - INFO - Epoch 9, Batch 800/1360, Loss: 4.8358
2025-05-28 02:49:22,382 - all_data_dino_improved - INFO - Train metrics: l1_loss: 0.5248 | giou_loss: 1.0954 | center_loss: 0.0209 | total_loss: 4.8358
2025-05-28 02:50:51,904 - all_data_dino_improved - INFO - Epoch 9, Batch 850/1360, Loss: 5.1949
2025-05-28 02:50:51,904 - all_data_dino_improved - INFO - Train metrics: l1_loss: 0.5824 | giou_loss: 1.1256 | center_loss: 0.0317 | total_loss: 5.1949
2025-05-28 02:52:21,054 - all_data_dino_improved - INFO - Epoch 9, Batch 900/1360, Loss: 5.3645
2025-05-28 02:52:21,054 - all_data_dino_improved - INFO - Train metrics: l1_loss: 0.6055 | giou_loss: 1.1548 | center_loss: 0.0274 | total_loss: 5.3645
2025-05-28 02:53:50,287 - all_data_dino_improved - INFO - Epoch 9, Batch 950/1360, Loss: 4.3877
2025-05-28 02:53:50,287 - all_data_dino_improved - INFO - Train metrics: l1_loss: 0.4423 | giou_loss: 1.0817 | center_loss: 0.0125 | total_loss: 4.3877
2025-05-28 02:55:19,252 - all_data_dino_improved - INFO - Epoch 9, Batch 1000/1360, Loss: 3.7215
2025-05-28 02:55:19,252 - all_data_dino_improved - INFO - Train metrics: l1_loss: 0.3895 | giou_loss: 0.8813 | center_loss: 0.0114 | total_loss: 3.7215
2025-05-28 02:56:48,439 - all_data_dino_improved - INFO - Epoch 9, Batch 1050/1360, Loss: 4.3028
2025-05-28 02:56:48,440 - all_data_dino_improved - INFO - Train metrics: l1_loss: 0.4504 | giou_loss: 1.0166 | center_loss: 0.0178 | total_loss: 4.3028
2025-05-28 02:58:17,418 - all_data_dino_improved - INFO - Epoch 9, Batch 1100/1360, Loss: 4.8346
2025-05-28 02:58:17,418 - all_data_dino_improved - INFO - Train metrics: l1_loss: 0.5330 | giou_loss: 1.0739 | center_loss: 0.0218 | total_loss: 4.8346
2025-05-28 02:59:46,910 - all_data_dino_improved - INFO - Epoch 9, Batch 1150/1360, Loss: 4.5850
2025-05-28 02:59:46,910 - all_data_dino_improved - INFO - Train metrics: l1_loss: 0.4981 | giou_loss: 1.0392 | center_loss: 0.0160 | total_loss: 4.5850
2025-05-28 03:01:15,503 - all_data_dino_improved - INFO - Epoch 9, Batch 1200/1360, Loss: 4.7110
2025-05-28 03:01:15,503 - all_data_dino_improved - INFO - Train metrics: l1_loss: 0.5304 | giou_loss: 1.0181 | center_loss: 0.0227 | total_loss: 4.7110
2025-05-28 03:02:43,996 - all_data_dino_improved - INFO - Epoch 9, Batch 1250/1360, Loss: 4.7696
2025-05-28 03:02:43,996 - all_data_dino_improved - INFO - Train metrics: l1_loss: 0.5105 | giou_loss: 1.0972 | center_loss: 0.0226 | total_loss: 4.7696
2025-05-28 03:04:12,630 - all_data_dino_improved - INFO - Epoch 9, Batch 1300/1360, Loss: 4.7747
2025-05-28 03:04:12,630 - all_data_dino_improved - INFO - Train metrics: l1_loss: 0.5354 | giou_loss: 1.0350 | center_loss: 0.0277 | total_loss: 4.7747
2025-05-28 03:05:41,733 - all_data_dino_improved - INFO - Epoch 9, Batch 1350/1360, Loss: 4.9746
2025-05-28 03:05:41,733 - all_data_dino_improved - INFO - Train metrics: l1_loss: 0.5672 | giou_loss: 1.0552 | center_loss: 0.0281 | total_loss: 4.9746
2025-05-28 03:05:57,634 - all_data_dino_improved - INFO - Train Epoch 9, Loss: 4.3945
2025-05-28 03:08:26,530 - all_data_dino_improved - INFO - Pred box sample: [82.56593322753906, 76.3336181640625, 249.4221649169922, 244.2273406982422]
2025-05-28 03:08:26,530 - all_data_dino_improved - INFO - Target box sample: [207.0, 198.0, 287.0, 283.0]
2025-05-28 03:08:26,630 - all_data_dino_improved - INFO - Validation Epoch 9, Loss: 4.8324
2025-05-28 03:08:26,630 - all_data_dino_improved - INFO - Val metrics: Acc@0.25: 0.2553 | Acc@0.5: 0.0932 | Acc@0.75: 0.0123 | mIoU: 0.1497 | medianIoU: 0.0307 | mae_x1: 113.7673 | mae_y1: 114.7027 | mae_x2: 115.5153 | mae_y2: 115.9370 | center_x_error: 100.2459 | center_y_error: 100.1022 | width_error: 2.9916 | height_error: 2.8515 | loss: 4.8324
2025-05-28 03:08:27,469 - all_data_dino_improved - INFO - Saved model checkpoint to /home/pokle/Trans-VG/visual_grounding/checkpoints/all_data_dino_improved_epoch9.pth
2025-05-28 03:08:27,469 - all_data_dino_improved - INFO - Epoch 10/200
2025-05-28 03:08:31,421 - all_data_dino_improved - INFO - Epoch 10, Batch 0/1360, Loss: 4.1406
2025-05-28 03:08:31,421 - all_data_dino_improved - INFO - Train metrics: l1_loss: 0.4136 | giou_loss: 1.0303 | center_loss: 0.0121 | total_loss: 4.1406
2025-05-28 03:10:00,553 - all_data_dino_improved - INFO - Epoch 10, Batch 50/1360, Loss: 4.5626
2025-05-28 03:10:00,553 - all_data_dino_improved - INFO - Train metrics: l1_loss: 0.5130 | giou_loss: 0.9898 | center_loss: 0.0178 | total_loss: 4.5626
2025-05-28 03:11:29,873 - all_data_dino_improved - INFO - Epoch 10, Batch 100/1360, Loss: 4.0025
2025-05-28 03:11:29,873 - all_data_dino_improved - INFO - Train metrics: l1_loss: 0.4037 | giou_loss: 0.9858 | center_loss: 0.0124 | total_loss: 4.0025
2025-05-28 03:12:58,767 - all_data_dino_improved - INFO - Epoch 10, Batch 150/1360, Loss: 4.1170
2025-05-28 03:12:58,767 - all_data_dino_improved - INFO - Train metrics: l1_loss: 0.4332 | giou_loss: 0.9707 | center_loss: 0.0094 | total_loss: 4.1170
2025-05-28 03:14:28,034 - all_data_dino_improved - INFO - Epoch 10, Batch 200/1360, Loss: 4.0303
2025-05-28 03:14:28,034 - all_data_dino_improved - INFO - Train metrics: l1_loss: 0.4132 | giou_loss: 0.9765 | center_loss: 0.0113 | total_loss: 4.0303
2025-05-28 03:15:56,685 - all_data_dino_improved - INFO - Epoch 10, Batch 250/1360, Loss: 4.4097
2025-05-28 03:15:56,686 - all_data_dino_improved - INFO - Train metrics: l1_loss: 0.4452 | giou_loss: 1.0832 | center_loss: 0.0174 | total_loss: 4.4097
2025-05-28 03:17:25,579 - all_data_dino_improved - INFO - Epoch 10, Batch 300/1360, Loss: 4.3017
2025-05-28 03:17:25,580 - all_data_dino_improved - INFO - Train metrics: l1_loss: 0.4359 | giou_loss: 1.0550 | center_loss: 0.0123 | total_loss: 4.3017
2025-05-28 03:18:54,826 - all_data_dino_improved - INFO - Epoch 10, Batch 350/1360, Loss: 4.4180
2025-05-28 03:18:54,826 - all_data_dino_improved - INFO - Train metrics: l1_loss: 0.4353 | giou_loss: 1.1134 | center_loss: 0.0147 | total_loss: 4.4180
2025-05-28 03:20:23,830 - all_data_dino_improved - INFO - Epoch 10, Batch 400/1360, Loss: 4.5635
2025-05-28 03:20:23,830 - all_data_dino_improved - INFO - Train metrics: l1_loss: 0.4841 | giou_loss: 1.0607 | center_loss: 0.0215 | total_loss: 4.5635
2025-05-28 03:21:52,961 - all_data_dino_improved - INFO - Epoch 10, Batch 450/1360, Loss: 4.4917
2025-05-28 03:21:52,961 - all_data_dino_improved - INFO - Train metrics: l1_loss: 0.4615 | giou_loss: 1.0836 | center_loss: 0.0170 | total_loss: 4.4917
2025-05-28 03:23:21,592 - all_data_dino_improved - INFO - Epoch 10, Batch 500/1360, Loss: 3.7281
2025-05-28 03:23:21,592 - all_data_dino_improved - INFO - Train metrics: l1_loss: 0.3819 | giou_loss: 0.9033 | center_loss: 0.0119 | total_loss: 3.7281
2025-05-28 03:24:50,849 - all_data_dino_improved - INFO - Epoch 10, Batch 550/1360, Loss: 4.3800
2025-05-28 03:24:50,849 - all_data_dino_improved - INFO - Train metrics: l1_loss: 0.4557 | giou_loss: 1.0420 | center_loss: 0.0176 | total_loss: 4.3800
2025-05-28 03:26:19,975 - all_data_dino_improved - INFO - Epoch 10, Batch 600/1360, Loss: 4.4548
2025-05-28 03:26:19,975 - all_data_dino_improved - INFO - Train metrics: l1_loss: 0.4674 | giou_loss: 1.0503 | center_loss: 0.0173 | total_loss: 4.4548
2025-05-28 03:27:48,950 - all_data_dino_improved - INFO - Epoch 10, Batch 650/1360, Loss: 4.6765
2025-05-28 03:27:48,950 - all_data_dino_improved - INFO - Train metrics: l1_loss: 0.5240 | giou_loss: 1.0134 | center_loss: 0.0300 | total_loss: 4.6765
2025-05-28 03:29:18,208 - all_data_dino_improved - INFO - Epoch 10, Batch 700/1360, Loss: 3.7339
2025-05-28 03:29:18,209 - all_data_dino_improved - INFO - Train metrics: l1_loss: 0.3839 | giou_loss: 0.9016 | center_loss: 0.0113 | total_loss: 3.7339
2025-05-28 03:30:47,605 - all_data_dino_improved - INFO - Epoch 10, Batch 750/1360, Loss: 4.5906
2025-05-28 03:30:47,605 - all_data_dino_improved - INFO - Train metrics: l1_loss: 0.4993 | giou_loss: 1.0366 | center_loss: 0.0206 | total_loss: 4.5906
2025-05-28 03:32:16,781 - all_data_dino_improved - INFO - Epoch 10, Batch 800/1360, Loss: 4.9030
2025-05-28 03:32:16,781 - all_data_dino_improved - INFO - Train metrics: l1_loss: 0.5593 | giou_loss: 1.0387 | center_loss: 0.0291 | total_loss: 4.9030
2025-05-28 03:33:45,781 - all_data_dino_improved - INFO - Epoch 10, Batch 850/1360, Loss: 3.7873
2025-05-28 03:33:45,781 - all_data_dino_improved - INFO - Train metrics: l1_loss: 0.4136 | giou_loss: 0.8513 | center_loss: 0.0167 | total_loss: 3.7873
2025-05-28 03:35:14,586 - all_data_dino_improved - INFO - Epoch 10, Batch 900/1360, Loss: 3.0605
2025-05-28 03:35:14,586 - all_data_dino_improved - INFO - Train metrics: l1_loss: 0.3026 | giou_loss: 0.7715 | center_loss: 0.0047 | total_loss: 3.0605
2025-05-28 03:36:43,971 - all_data_dino_improved - INFO - Epoch 10, Batch 950/1360, Loss: 3.9894
2025-05-28 03:36:43,971 - all_data_dino_improved - INFO - Train metrics: l1_loss: 0.4069 | giou_loss: 0.9694 | center_loss: 0.0160 | total_loss: 3.9894
2025-05-28 03:38:13,261 - all_data_dino_improved - INFO - Epoch 10, Batch 1000/1360, Loss: 5.7469
2025-05-28 03:38:13,262 - all_data_dino_improved - INFO - Train metrics: l1_loss: 0.6361 | giou_loss: 1.2671 | center_loss: 0.0321 | total_loss: 5.7469
2025-05-28 03:39:42,348 - all_data_dino_improved - INFO - Epoch 10, Batch 1050/1360, Loss: 3.1743
2025-05-28 03:39:42,349 - all_data_dino_improved - INFO - Train metrics: l1_loss: 0.3340 | giou_loss: 0.7483 | center_loss: 0.0076 | total_loss: 3.1743
2025-05-28 03:41:11,460 - all_data_dino_improved - INFO - Epoch 10, Batch 1100/1360, Loss: 3.6152
2025-05-28 03:41:11,460 - all_data_dino_improved - INFO - Train metrics: l1_loss: 0.3476 | giou_loss: 0.9340 | center_loss: 0.0089 | total_loss: 3.6152
2025-05-28 03:42:40,541 - all_data_dino_improved - INFO - Epoch 10, Batch 1150/1360, Loss: 4.6839
2025-05-28 03:42:40,541 - all_data_dino_improved - INFO - Train metrics: l1_loss: 0.5316 | giou_loss: 0.9987 | center_loss: 0.0283 | total_loss: 4.6839
2025-05-28 03:44:09,599 - all_data_dino_improved - INFO - Epoch 10, Batch 1200/1360, Loss: 4.4518
2025-05-28 03:44:09,599 - all_data_dino_improved - INFO - Train metrics: l1_loss: 0.4636 | giou_loss: 1.0587 | center_loss: 0.0165 | total_loss: 4.4518
2025-05-28 03:45:39,795 - all_data_dino_improved - INFO - Epoch 10, Batch 1250/1360, Loss: 4.2146
2025-05-28 03:45:39,795 - all_data_dino_improved - INFO - Train metrics: l1_loss: 0.4280 | giou_loss: 1.0295 | center_loss: 0.0154 | total_loss: 4.2146
2025-05-28 03:47:09,428 - all_data_dino_improved - INFO - Epoch 10, Batch 1300/1360, Loss: 3.9412
2025-05-28 03:47:09,429 - all_data_dino_improved - INFO - Train metrics: l1_loss: 0.4308 | giou_loss: 0.8859 | center_loss: 0.0153 | total_loss: 3.9412
2025-05-28 03:48:38,702 - all_data_dino_improved - INFO - Epoch 10, Batch 1350/1360, Loss: 4.3878
2025-05-28 03:48:38,702 - all_data_dino_improved - INFO - Train metrics: l1_loss: 0.4704 | giou_loss: 1.0083 | center_loss: 0.0193 | total_loss: 4.3878
2025-05-28 03:48:54,785 - all_data_dino_improved - INFO - Train Epoch 10, Loss: 4.3521
2025-05-28 03:51:23,606 - all_data_dino_improved - INFO - Pred box sample: [75.100341796875, 93.81047058105469, 235.93301391601562, 277.00146484375]
2025-05-28 03:51:23,606 - all_data_dino_improved - INFO - Target box sample: [207.0, 198.0, 287.0, 283.0]
2025-05-28 03:51:23,702 - all_data_dino_improved - INFO - Validation Epoch 10, Loss: 4.8827
2025-05-28 03:51:23,702 - all_data_dino_improved - INFO - Val metrics: Acc@0.25: 0.2503 | Acc@0.5: 0.0902 | Acc@0.75: 0.0107 | mIoU: 0.1453 | medianIoU: 0.0252 | mae_x1: 119.1965 | mae_y1: 114.8211 | mae_x2: 113.2095 | mae_y2: 113.0884 | center_x_error: 103.3540 | center_y_error: 99.9422 | width_error: 2.7524 | height_error: 2.6494 | loss: 4.8827
2025-05-28 03:51:24,673 - all_data_dino_improved - INFO - Saved model checkpoint to /home/pokle/Trans-VG/visual_grounding/checkpoints/all_data_dino_improved_epoch10.pth
2025-05-28 03:51:24,673 - all_data_dino_improved - INFO - Epoch 11/200
2025-05-28 03:51:28,553 - all_data_dino_improved - INFO - Epoch 11, Batch 0/1360, Loss: 3.3792
2025-05-28 03:51:28,553 - all_data_dino_improved - INFO - Train metrics: l1_loss: 0.3284 | giou_loss: 0.8644 | center_loss: 0.0084 | total_loss: 3.3792
2025-05-28 03:52:58,269 - all_data_dino_improved - INFO - Epoch 11, Batch 50/1360, Loss: 4.9620
2025-05-28 03:52:58,269 - all_data_dino_improved - INFO - Train metrics: l1_loss: 0.5302 | giou_loss: 1.1429 | center_loss: 0.0255 | total_loss: 4.9620
2025-05-28 03:54:28,108 - all_data_dino_improved - INFO - Epoch 11, Batch 100/1360, Loss: 5.0086
2025-05-28 03:54:28,108 - all_data_dino_improved - INFO - Train metrics: l1_loss: 0.5684 | giou_loss: 1.0710 | center_loss: 0.0245 | total_loss: 5.0086
2025-05-28 03:55:57,180 - all_data_dino_improved - INFO - Epoch 11, Batch 150/1360, Loss: 4.3583
2025-05-28 03:55:57,181 - all_data_dino_improved - INFO - Train metrics: l1_loss: 0.4586 | giou_loss: 1.0232 | center_loss: 0.0188 | total_loss: 4.3583
2025-05-28 03:57:26,581 - all_data_dino_improved - INFO - Epoch 11, Batch 200/1360, Loss: 5.0037
2025-05-28 03:57:26,581 - all_data_dino_improved - INFO - Train metrics: l1_loss: 0.5504 | giou_loss: 1.1130 | center_loss: 0.0259 | total_loss: 5.0037
2025-05-28 03:58:55,687 - all_data_dino_improved - INFO - Epoch 11, Batch 250/1360, Loss: 4.4211
2025-05-28 03:58:55,687 - all_data_dino_improved - INFO - Train metrics: l1_loss: 0.4778 | giou_loss: 1.0053 | center_loss: 0.0216 | total_loss: 4.4211
2025-05-28 04:00:24,982 - all_data_dino_improved - INFO - Epoch 11, Batch 300/1360, Loss: 4.4019
2025-05-28 04:00:24,982 - all_data_dino_improved - INFO - Train metrics: l1_loss: 0.4727 | giou_loss: 1.0095 | center_loss: 0.0192 | total_loss: 4.4019
2025-05-28 04:01:54,344 - all_data_dino_improved - INFO - Epoch 11, Batch 350/1360, Loss: 4.5136
2025-05-28 04:01:54,344 - all_data_dino_improved - INFO - Train metrics: l1_loss: 0.4815 | giou_loss: 1.0428 | center_loss: 0.0202 | total_loss: 4.5136
2025-05-28 04:03:23,643 - all_data_dino_improved - INFO - Epoch 11, Batch 400/1360, Loss: 4.6404
2025-05-28 04:03:23,643 - all_data_dino_improved - INFO - Train metrics: l1_loss: 0.4939 | giou_loss: 1.0743 | center_loss: 0.0223 | total_loss: 4.6404
2025-05-28 04:04:53,152 - all_data_dino_improved - INFO - Epoch 11, Batch 450/1360, Loss: 3.9469
2025-05-28 04:04:53,152 - all_data_dino_improved - INFO - Train metrics: l1_loss: 0.3983 | giou_loss: 0.9710 | center_loss: 0.0132 | total_loss: 3.9469
2025-05-28 04:06:22,668 - all_data_dino_improved - INFO - Epoch 11, Batch 500/1360, Loss: 4.3983
2025-05-28 04:06:22,668 - all_data_dino_improved - INFO - Train metrics: l1_loss: 0.4457 | giou_loss: 1.0774 | center_loss: 0.0153 | total_loss: 4.3983
2025-05-28 04:07:52,127 - all_data_dino_improved - INFO - Epoch 11, Batch 550/1360, Loss: 3.9399
2025-05-28 04:07:52,127 - all_data_dino_improved - INFO - Train metrics: l1_loss: 0.4264 | giou_loss: 0.8972 | center_loss: 0.0132 | total_loss: 3.9399
2025-05-28 04:09:21,426 - all_data_dino_improved - INFO - Epoch 11, Batch 600/1360, Loss: 4.3637
2025-05-28 04:09:21,426 - all_data_dino_improved - INFO - Train metrics: l1_loss: 0.4791 | giou_loss: 0.9723 | center_loss: 0.0239 | total_loss: 4.3637
2025-05-28 04:10:50,395 - all_data_dino_improved - INFO - Epoch 11, Batch 650/1360, Loss: 4.9651
2025-05-28 04:10:50,396 - all_data_dino_improved - INFO - Train metrics: l1_loss: 0.5582 | giou_loss: 1.0748 | center_loss: 0.0245 | total_loss: 4.9651
2025-05-28 04:12:19,659 - all_data_dino_improved - INFO - Epoch 11, Batch 700/1360, Loss: 4.3362
2025-05-28 04:12:19,659 - all_data_dino_improved - INFO - Train metrics: l1_loss: 0.4664 | giou_loss: 0.9937 | center_loss: 0.0167 | total_loss: 4.3362
2025-05-28 04:13:49,092 - all_data_dino_improved - INFO - Epoch 11, Batch 750/1360, Loss: 4.8704
2025-05-28 04:13:49,093 - all_data_dino_improved - INFO - Train metrics: l1_loss: 0.5225 | giou_loss: 1.1192 | center_loss: 0.0194 | total_loss: 4.8704
2025-05-28 04:15:18,389 - all_data_dino_improved - INFO - Epoch 11, Batch 800/1360, Loss: 4.3122
2025-05-28 04:15:18,389 - all_data_dino_improved - INFO - Train metrics: l1_loss: 0.4339 | giou_loss: 1.0619 | center_loss: 0.0192 | total_loss: 4.3122
2025-05-28 04:16:47,578 - all_data_dino_improved - INFO - Epoch 11, Batch 850/1360, Loss: 3.9500
2025-05-28 04:16:47,578 - all_data_dino_improved - INFO - Train metrics: l1_loss: 0.3912 | giou_loss: 0.9917 | center_loss: 0.0107 | total_loss: 3.9500
2025-05-28 04:18:16,876 - all_data_dino_improved - INFO - Epoch 11, Batch 900/1360, Loss: 3.7431
2025-05-28 04:18:16,876 - all_data_dino_improved - INFO - Train metrics: l1_loss: 0.3856 | giou_loss: 0.9039 | center_loss: 0.0072 | total_loss: 3.7431
2025-05-28 04:19:45,866 - all_data_dino_improved - INFO - Epoch 11, Batch 950/1360, Loss: 4.7249
2025-05-28 04:19:45,866 - all_data_dino_improved - INFO - Train metrics: l1_loss: 0.5250 | giou_loss: 1.0395 | center_loss: 0.0209 | total_loss: 4.7249
2025-05-28 04:21:14,979 - all_data_dino_improved - INFO - Epoch 11, Batch 1000/1360, Loss: 4.6987
2025-05-28 04:21:14,980 - all_data_dino_improved - INFO - Train metrics: l1_loss: 0.5292 | giou_loss: 1.0153 | center_loss: 0.0221 | total_loss: 4.6987
2025-05-28 04:22:44,160 - all_data_dino_improved - INFO - Epoch 11, Batch 1050/1360, Loss: 4.2792
2025-05-28 04:22:44,160 - all_data_dino_improved - INFO - Train metrics: l1_loss: 0.4514 | giou_loss: 1.0026 | center_loss: 0.0171 | total_loss: 4.2792
2025-05-28 04:24:13,363 - all_data_dino_improved - INFO - Epoch 11, Batch 1100/1360, Loss: 4.8509
2025-05-28 04:24:13,363 - all_data_dino_improved - INFO - Train metrics: l1_loss: 0.5231 | giou_loss: 1.1031 | center_loss: 0.0292 | total_loss: 4.8509
2025-05-28 04:25:41,831 - all_data_dino_improved - INFO - Epoch 11, Batch 1150/1360, Loss: 4.8881
2025-05-28 04:25:41,832 - all_data_dino_improved - INFO - Train metrics: l1_loss: 0.5146 | giou_loss: 1.1454 | center_loss: 0.0242 | total_loss: 4.8881
2025-05-28 04:27:11,052 - all_data_dino_improved - INFO - Epoch 11, Batch 1200/1360, Loss: 4.0273
2025-05-28 04:27:11,052 - all_data_dino_improved - INFO - Train metrics: l1_loss: 0.4154 | giou_loss: 0.9693 | center_loss: 0.0116 | total_loss: 4.0273
2025-05-28 04:28:40,087 - all_data_dino_improved - INFO - Epoch 11, Batch 1250/1360, Loss: 4.3984
2025-05-28 04:28:40,087 - all_data_dino_improved - INFO - Train metrics: l1_loss: 0.4821 | giou_loss: 0.9841 | center_loss: 0.0196 | total_loss: 4.3984
2025-05-28 04:30:09,266 - all_data_dino_improved - INFO - Epoch 11, Batch 1300/1360, Loss: 4.6425
2025-05-28 04:30:09,267 - all_data_dino_improved - INFO - Train metrics: l1_loss: 0.5255 | giou_loss: 0.9960 | center_loss: 0.0227 | total_loss: 4.6425
2025-05-28 04:31:38,540 - all_data_dino_improved - INFO - Epoch 11, Batch 1350/1360, Loss: 3.9050
2025-05-28 04:31:38,540 - all_data_dino_improved - INFO - Train metrics: l1_loss: 0.3911 | giou_loss: 0.9683 | center_loss: 0.0130 | total_loss: 3.9050
2025-05-28 04:31:54,549 - all_data_dino_improved - INFO - Train Epoch 11, Loss: 4.3125
2025-05-28 04:34:23,447 - all_data_dino_improved - INFO - Pred box sample: [82.67501831054688, 84.72499084472656, 245.1312255859375, 256.3003845214844]
2025-05-28 04:34:23,448 - all_data_dino_improved - INFO - Target box sample: [207.0, 198.0, 287.0, 283.0]
2025-05-28 04:34:23,550 - all_data_dino_improved - INFO - Validation Epoch 11, Loss: 4.9439
2025-05-28 04:34:23,551 - all_data_dino_improved - INFO - Val metrics: Acc@0.25: 0.2481 | Acc@0.5: 0.0856 | Acc@0.75: 0.0105 | mIoU: 0.1435 | medianIoU: 0.0227 | mae_x1: 119.6969 | mae_y1: 116.5465 | mae_x2: 114.3617 | mae_y2: 116.6396 | center_x_error: 104.5333 | center_y_error: 102.8046 | width_error: 2.6735 | height_error: 2.5893 | loss: 4.9439
2025-05-28 04:34:24,399 - all_data_dino_improved - INFO - Saved model checkpoint to /home/pokle/Trans-VG/visual_grounding/checkpoints/all_data_dino_improved_epoch11.pth
2025-05-28 04:34:24,400 - all_data_dino_improved - INFO - Epoch 12/200
2025-05-28 04:34:28,412 - all_data_dino_improved - INFO - Epoch 12, Batch 0/1360, Loss: 4.0742
2025-05-28 04:34:28,413 - all_data_dino_improved - INFO - Train metrics: l1_loss: 0.3865 | giou_loss: 1.0644 | center_loss: 0.0131 | total_loss: 4.0742
2025-05-28 04:35:57,369 - all_data_dino_improved - INFO - Epoch 12, Batch 50/1360, Loss: 3.7798
2025-05-28 04:35:57,369 - all_data_dino_improved - INFO - Train metrics: l1_loss: 0.3921 | giou_loss: 0.9041 | center_loss: 0.0108 | total_loss: 3.7798
2025-05-28 04:37:26,258 - all_data_dino_improved - INFO - Epoch 12, Batch 100/1360, Loss: 4.3562
2025-05-28 04:37:26,259 - all_data_dino_improved - INFO - Train metrics: l1_loss: 0.4542 | giou_loss: 1.0360 | center_loss: 0.0132 | total_loss: 4.3562
2025-05-28 04:38:55,402 - all_data_dino_improved - INFO - Epoch 12, Batch 150/1360, Loss: 5.3594
2025-05-28 04:38:55,402 - all_data_dino_improved - INFO - Train metrics: l1_loss: 0.6020 | giou_loss: 1.1585 | center_loss: 0.0323 | total_loss: 5.3594
2025-05-28 04:40:24,687 - all_data_dino_improved - INFO - Epoch 12, Batch 200/1360, Loss: 4.5164
2025-05-28 04:40:24,688 - all_data_dino_improved - INFO - Train metrics: l1_loss: 0.4904 | giou_loss: 1.0244 | center_loss: 0.0155 | total_loss: 4.5164
2025-05-28 04:41:53,884 - all_data_dino_improved - INFO - Epoch 12, Batch 250/1360, Loss: 4.4237
2025-05-28 04:41:53,884 - all_data_dino_improved - INFO - Train metrics: l1_loss: 0.4884 | giou_loss: 0.9798 | center_loss: 0.0219 | total_loss: 4.4237
2025-05-28 04:43:22,863 - all_data_dino_improved - INFO - Epoch 12, Batch 300/1360, Loss: 4.3537
2025-05-28 04:43:22,863 - all_data_dino_improved - INFO - Train metrics: l1_loss: 0.4411 | giou_loss: 1.0658 | center_loss: 0.0165 | total_loss: 4.3537
2025-05-28 04:44:51,651 - all_data_dino_improved - INFO - Epoch 12, Batch 350/1360, Loss: 4.4483
2025-05-28 04:44:51,651 - all_data_dino_improved - INFO - Train metrics: l1_loss: 0.4637 | giou_loss: 1.0569 | center_loss: 0.0162 | total_loss: 4.4483
2025-05-28 04:46:21,053 - all_data_dino_improved - INFO - Epoch 12, Batch 400/1360, Loss: 3.9170
2025-05-28 04:46:21,054 - all_data_dino_improved - INFO - Train metrics: l1_loss: 0.4217 | giou_loss: 0.8967 | center_loss: 0.0149 | total_loss: 3.9170
2025-05-28 04:47:50,155 - all_data_dino_improved - INFO - Epoch 12, Batch 450/1360, Loss: 4.1376
2025-05-28 04:47:50,155 - all_data_dino_improved - INFO - Train metrics: l1_loss: 0.4134 | giou_loss: 1.0285 | center_loss: 0.0134 | total_loss: 4.1376
2025-05-28 04:49:19,355 - all_data_dino_improved - INFO - Epoch 12, Batch 500/1360, Loss: 3.9997
2025-05-28 04:49:19,355 - all_data_dino_improved - INFO - Train metrics: l1_loss: 0.4277 | giou_loss: 0.9228 | center_loss: 0.0156 | total_loss: 3.9997
2025-05-28 04:50:48,271 - all_data_dino_improved - INFO - Epoch 12, Batch 550/1360, Loss: 4.6702
2025-05-28 04:50:48,271 - all_data_dino_improved - INFO - Train metrics: l1_loss: 0.5086 | giou_loss: 1.0518 | center_loss: 0.0235 | total_loss: 4.6702
2025-05-28 04:52:17,388 - all_data_dino_improved - INFO - Epoch 12, Batch 600/1360, Loss: 4.2045
2025-05-28 04:52:17,389 - all_data_dino_improved - INFO - Train metrics: l1_loss: 0.4472 | giou_loss: 0.9768 | center_loss: 0.0150 | total_loss: 4.2045
2025-05-28 04:53:46,467 - all_data_dino_improved - INFO - Epoch 12, Batch 650/1360, Loss: 4.3141
2025-05-28 04:53:46,468 - all_data_dino_improved - INFO - Train metrics: l1_loss: 0.4544 | giou_loss: 1.0113 | center_loss: 0.0194 | total_loss: 4.3141
2025-05-28 04:55:15,696 - all_data_dino_improved - INFO - Epoch 12, Batch 700/1360, Loss: 3.9809
2025-05-28 04:55:15,696 - all_data_dino_improved - INFO - Train metrics: l1_loss: 0.4064 | giou_loss: 0.9698 | center_loss: 0.0094 | total_loss: 3.9809
2025-05-28 04:56:45,217 - all_data_dino_improved - INFO - Epoch 12, Batch 750/1360, Loss: 3.9138
2025-05-28 04:56:45,218 - all_data_dino_improved - INFO - Train metrics: l1_loss: 0.4069 | giou_loss: 0.9317 | center_loss: 0.0159 | total_loss: 3.9138
2025-05-28 04:58:14,342 - all_data_dino_improved - INFO - Epoch 12, Batch 800/1360, Loss: 4.6790
2025-05-28 04:58:14,342 - all_data_dino_improved - INFO - Train metrics: l1_loss: 0.4990 | giou_loss: 1.0819 | center_loss: 0.0205 | total_loss: 4.6790
2025-05-28 04:59:43,848 - all_data_dino_improved - INFO - Epoch 12, Batch 850/1360, Loss: 4.1056
2025-05-28 04:59:43,848 - all_data_dino_improved - INFO - Train metrics: l1_loss: 0.4020 | giou_loss: 1.0424 | center_loss: 0.0107 | total_loss: 4.1056
2025-05-28 05:01:13,544 - all_data_dino_improved - INFO - Epoch 12, Batch 900/1360, Loss: 4.4928
2025-05-28 05:01:13,544 - all_data_dino_improved - INFO - Train metrics: l1_loss: 0.4677 | giou_loss: 1.0677 | center_loss: 0.0188 | total_loss: 4.4928
2025-05-28 05:02:42,853 - all_data_dino_improved - INFO - Epoch 12, Batch 950/1360, Loss: 4.9396
2025-05-28 05:02:42,854 - all_data_dino_improved - INFO - Train metrics: l1_loss: 0.5309 | giou_loss: 1.1307 | center_loss: 0.0237 | total_loss: 4.9396
2025-05-28 05:04:12,091 - all_data_dino_improved - INFO - Epoch 12, Batch 1000/1360, Loss: 4.4900
2025-05-28 05:04:12,091 - all_data_dino_improved - INFO - Train metrics: l1_loss: 0.4787 | giou_loss: 1.0410 | center_loss: 0.0145 | total_loss: 4.4900
2025-05-28 05:05:41,550 - all_data_dino_improved - INFO - Epoch 12, Batch 1050/1360, Loss: 4.4449
2025-05-28 05:05:41,550 - all_data_dino_improved - INFO - Train metrics: l1_loss: 0.4726 | giou_loss: 1.0323 | center_loss: 0.0172 | total_loss: 4.4449
2025-05-28 05:07:10,931 - all_data_dino_improved - INFO - Epoch 12, Batch 1100/1360, Loss: 4.1238
2025-05-28 05:07:10,931 - all_data_dino_improved - INFO - Train metrics: l1_loss: 0.4407 | giou_loss: 0.9524 | center_loss: 0.0153 | total_loss: 4.1238
2025-05-28 05:08:40,248 - all_data_dino_improved - INFO - Epoch 12, Batch 1150/1360, Loss: 3.8104
2025-05-28 05:08:40,248 - all_data_dino_improved - INFO - Train metrics: l1_loss: 0.3970 | giou_loss: 0.9078 | center_loss: 0.0097 | total_loss: 3.8104
2025-05-28 05:10:09,721 - all_data_dino_improved - INFO - Epoch 12, Batch 1200/1360, Loss: 3.4909
2025-05-28 05:10:09,721 - all_data_dino_improved - INFO - Train metrics: l1_loss: 0.3368 | giou_loss: 0.8995 | center_loss: 0.0079 | total_loss: 3.4909
2025-05-28 05:11:38,829 - all_data_dino_improved - INFO - Epoch 12, Batch 1250/1360, Loss: 4.7080
2025-05-28 05:11:38,829 - all_data_dino_improved - INFO - Train metrics: l1_loss: 0.5436 | giou_loss: 0.9798 | center_loss: 0.0304 | total_loss: 4.7080
2025-05-28 05:13:08,207 - all_data_dino_improved - INFO - Epoch 12, Batch 1300/1360, Loss: 3.7678
2025-05-28 05:13:08,207 - all_data_dino_improved - INFO - Train metrics: l1_loss: 0.3830 | giou_loss: 0.9206 | center_loss: 0.0119 | total_loss: 3.7678
2025-05-28 05:14:38,010 - all_data_dino_improved - INFO - Epoch 12, Batch 1350/1360, Loss: 3.4139
2025-05-28 05:14:38,010 - all_data_dino_improved - INFO - Train metrics: l1_loss: 0.3455 | giou_loss: 0.8387 | center_loss: 0.0088 | total_loss: 3.4139
2025-05-28 05:14:53,977 - all_data_dino_improved - INFO - Train Epoch 12, Loss: 4.2665
2025-05-28 05:17:22,906 - all_data_dino_improved - INFO - Pred box sample: [82.740234375, 81.33232879638672, 273.9393310546875, 265.1917724609375]
2025-05-28 05:17:22,907 - all_data_dino_improved - INFO - Target box sample: [207.0, 198.0, 287.0, 283.0]
2025-05-28 05:17:23,007 - all_data_dino_improved - INFO - Validation Epoch 12, Loss: 4.9334
2025-05-28 05:17:23,007 - all_data_dino_improved - INFO - Val metrics: Acc@0.25: 0.2533 | Acc@0.5: 0.0908 | Acc@0.75: 0.0113 | mIoU: 0.1461 | medianIoU: 0.0251 | mae_x1: 117.2809 | mae_y1: 117.0792 | mae_x2: 116.1411 | mae_y2: 119.3064 | center_x_error: 103.7083 | center_y_error: 103.7132 | width_error: 2.7993 | height_error: 2.7032 | loss: 4.9334
2025-05-28 05:17:23,845 - all_data_dino_improved - INFO - Saved model checkpoint to /home/pokle/Trans-VG/visual_grounding/checkpoints/all_data_dino_improved_epoch12.pth
2025-05-28 05:17:23,845 - all_data_dino_improved - INFO - Epoch 13/200
2025-05-28 05:17:27,672 - all_data_dino_improved - INFO - Epoch 13, Batch 0/1360, Loss: 4.3679
2025-05-28 05:17:27,672 - all_data_dino_improved - INFO - Train metrics: l1_loss: 0.4598 | giou_loss: 1.0253 | center_loss: 0.0181 | total_loss: 4.3679
2025-05-28 05:18:56,867 - all_data_dino_improved - INFO - Epoch 13, Batch 50/1360, Loss: 5.5043
2025-05-28 05:18:56,867 - all_data_dino_improved - INFO - Train metrics: l1_loss: 0.6120 | giou_loss: 1.2040 | center_loss: 0.0362 | total_loss: 5.5043
2025-05-28 05:20:26,262 - all_data_dino_improved - INFO - Epoch 13, Batch 100/1360, Loss: 3.9395
2025-05-28 05:20:26,262 - all_data_dino_improved - INFO - Train metrics: l1_loss: 0.3898 | giou_loss: 0.9892 | center_loss: 0.0118 | total_loss: 3.9395
2025-05-28 05:21:55,662 - all_data_dino_improved - INFO - Epoch 13, Batch 150/1360, Loss: 4.0989
2025-05-28 05:21:55,662 - all_data_dino_improved - INFO - Train metrics: l1_loss: 0.3952 | giou_loss: 1.0559 | center_loss: 0.0113 | total_loss: 4.0989
2025-05-28 05:23:24,753 - all_data_dino_improved - INFO - Epoch 13, Batch 200/1360, Loss: 4.2049
2025-05-28 05:23:24,753 - all_data_dino_improved - INFO - Train metrics: l1_loss: 0.4266 | giou_loss: 1.0290 | center_loss: 0.0138 | total_loss: 4.2049
2025-05-28 05:24:54,343 - all_data_dino_improved - INFO - Epoch 13, Batch 250/1360, Loss: 3.8950
2025-05-28 05:24:54,344 - all_data_dino_improved - INFO - Train metrics: l1_loss: 0.4030 | giou_loss: 0.9335 | center_loss: 0.0131 | total_loss: 3.8950
2025-05-28 05:26:23,336 - all_data_dino_improved - INFO - Epoch 13, Batch 300/1360, Loss: 4.4815
2025-05-28 05:26:23,336 - all_data_dino_improved - INFO - Train metrics: l1_loss: 0.4748 | giou_loss: 1.0457 | center_loss: 0.0159 | total_loss: 4.4815
2025-05-28 05:27:52,611 - all_data_dino_improved - INFO - Epoch 13, Batch 350/1360, Loss: 4.4427
2025-05-28 05:27:52,612 - all_data_dino_improved - INFO - Train metrics: l1_loss: 0.4567 | giou_loss: 1.0709 | center_loss: 0.0174 | total_loss: 4.4427
2025-05-28 05:29:21,948 - all_data_dino_improved - INFO - Epoch 13, Batch 400/1360, Loss: 3.7625
2025-05-28 05:29:21,948 - all_data_dino_improved - INFO - Train metrics: l1_loss: 0.3401 | giou_loss: 1.0260 | center_loss: 0.0099 | total_loss: 3.7625
2025-05-28 05:30:51,008 - all_data_dino_improved - INFO - Epoch 13, Batch 450/1360, Loss: 3.5458
2025-05-28 05:30:51,008 - all_data_dino_improved - INFO - Train metrics: l1_loss: 0.3598 | giou_loss: 0.8690 | center_loss: 0.0086 | total_loss: 3.5458
2025-05-28 05:32:20,293 - all_data_dino_improved - INFO - Epoch 13, Batch 500/1360, Loss: 4.5584
2025-05-28 05:32:20,293 - all_data_dino_improved - INFO - Train metrics: l1_loss: 0.5000 | giou_loss: 1.0180 | center_loss: 0.0224 | total_loss: 4.5584
2025-05-28 05:33:49,662 - all_data_dino_improved - INFO - Epoch 13, Batch 550/1360, Loss: 4.5901
2025-05-28 05:33:49,662 - all_data_dino_improved - INFO - Train metrics: l1_loss: 0.4877 | giou_loss: 1.0647 | center_loss: 0.0222 | total_loss: 4.5901
2025-05-28 05:35:19,285 - all_data_dino_improved - INFO - Epoch 13, Batch 600/1360, Loss: 4.8841
2025-05-28 05:35:19,285 - all_data_dino_improved - INFO - Train metrics: l1_loss: 0.5363 | giou_loss: 1.0869 | center_loss: 0.0288 | total_loss: 4.8841
2025-05-28 05:36:48,382 - all_data_dino_improved - INFO - Epoch 13, Batch 650/1360, Loss: 4.2970
2025-05-28 05:36:48,382 - all_data_dino_improved - INFO - Train metrics: l1_loss: 0.4523 | giou_loss: 1.0110 | center_loss: 0.0138 | total_loss: 4.2970
2025-05-28 05:38:17,669 - all_data_dino_improved - INFO - Epoch 13, Batch 700/1360, Loss: 4.6117
2025-05-28 05:38:17,669 - all_data_dino_improved - INFO - Train metrics: l1_loss: 0.4846 | giou_loss: 1.0839 | center_loss: 0.0207 | total_loss: 4.6117
2025-05-28 05:39:46,672 - all_data_dino_improved - INFO - Epoch 13, Batch 750/1360, Loss: 3.9957
2025-05-28 05:39:46,672 - all_data_dino_improved - INFO - Train metrics: l1_loss: 0.3961 | giou_loss: 1.0013 | center_loss: 0.0126 | total_loss: 3.9957
2025-05-28 05:41:15,939 - all_data_dino_improved - INFO - Epoch 13, Batch 800/1360, Loss: 4.5855
2025-05-28 05:41:15,939 - all_data_dino_improved - INFO - Train metrics: l1_loss: 0.5050 | giou_loss: 1.0190 | center_loss: 0.0227 | total_loss: 4.5855
2025-05-28 05:42:44,935 - all_data_dino_improved - INFO - Epoch 13, Batch 850/1360, Loss: 3.7326
2025-05-28 05:42:44,935 - all_data_dino_improved - INFO - Train metrics: l1_loss: 0.3925 | giou_loss: 0.8783 | center_loss: 0.0133 | total_loss: 3.7326
2025-05-28 05:44:13,820 - all_data_dino_improved - INFO - Epoch 13, Batch 900/1360, Loss: 4.1681
2025-05-28 05:44:13,820 - all_data_dino_improved - INFO - Train metrics: l1_loss: 0.4172 | giou_loss: 1.0344 | center_loss: 0.0132 | total_loss: 4.1681
2025-05-28 05:45:43,315 - all_data_dino_improved - INFO - Epoch 13, Batch 950/1360, Loss: 5.2196
2025-05-28 05:45:43,315 - all_data_dino_improved - INFO - Train metrics: l1_loss: 0.5869 | giou_loss: 1.1273 | center_loss: 0.0303 | total_loss: 5.2196
2025-05-28 05:47:12,561 - all_data_dino_improved - INFO - Epoch 13, Batch 1000/1360, Loss: 4.1680
2025-05-28 05:47:12,562 - all_data_dino_improved - INFO - Train metrics: l1_loss: 0.4544 | giou_loss: 0.9399 | center_loss: 0.0162 | total_loss: 4.1680
2025-05-28 05:48:42,219 - all_data_dino_improved - INFO - Epoch 13, Batch 1050/1360, Loss: 3.8257
2025-05-28 05:48:42,219 - all_data_dino_improved - INFO - Train metrics: l1_loss: 0.3949 | giou_loss: 0.9201 | center_loss: 0.0110 | total_loss: 3.8257
2025-05-28 05:50:11,498 - all_data_dino_improved - INFO - Epoch 13, Batch 1100/1360, Loss: 3.5494
2025-05-28 05:50:11,498 - all_data_dino_improved - INFO - Train metrics: l1_loss: 0.3529 | giou_loss: 0.8882 | center_loss: 0.0085 | total_loss: 3.5494
2025-05-28 05:51:40,276 - all_data_dino_improved - INFO - Epoch 13, Batch 1150/1360, Loss: 4.6139
2025-05-28 05:51:40,276 - all_data_dino_improved - INFO - Train metrics: l1_loss: 0.4787 | giou_loss: 1.1005 | center_loss: 0.0194 | total_loss: 4.6139
2025-05-28 05:53:10,148 - all_data_dino_improved - INFO - Epoch 13, Batch 1200/1360, Loss: 3.8650
2025-05-28 05:53:10,148 - all_data_dino_improved - INFO - Train metrics: l1_loss: 0.3930 | giou_loss: 0.9448 | center_loss: 0.0105 | total_loss: 3.8650
2025-05-28 05:54:39,436 - all_data_dino_improved - INFO - Epoch 13, Batch 1250/1360, Loss: 5.0285
2025-05-28 05:54:39,436 - all_data_dino_improved - INFO - Train metrics: l1_loss: 0.5364 | giou_loss: 1.1596 | center_loss: 0.0272 | total_loss: 5.0285
2025-05-28 05:56:09,377 - all_data_dino_improved - INFO - Epoch 13, Batch 1300/1360, Loss: 3.5053
2025-05-28 05:56:09,377 - all_data_dino_improved - INFO - Train metrics: l1_loss: 0.3445 | giou_loss: 0.8877 | center_loss: 0.0073 | total_loss: 3.5053
2025-05-28 05:57:38,479 - all_data_dino_improved - INFO - Epoch 13, Batch 1350/1360, Loss: 4.6725
2025-05-28 05:57:38,479 - all_data_dino_improved - INFO - Train metrics: l1_loss: 0.5032 | giou_loss: 1.0679 | center_loss: 0.0206 | total_loss: 4.6725
2025-05-28 05:57:54,450 - all_data_dino_improved - INFO - Train Epoch 13, Loss: 4.2356
2025-05-28 06:00:23,358 - all_data_dino_improved - INFO - Pred box sample: [79.34800720214844, 89.04732513427734, 259.8365783691406, 272.1224365234375]
2025-05-28 06:00:23,359 - all_data_dino_improved - INFO - Target box sample: [207.0, 198.0, 287.0, 283.0]
2025-05-28 06:00:23,458 - all_data_dino_improved - INFO - Validation Epoch 13, Loss: 4.9078
2025-05-28 06:00:23,458 - all_data_dino_improved - INFO - Val metrics: Acc@0.25: 0.2543 | Acc@0.5: 0.0912 | Acc@0.75: 0.0149 | mIoU: 0.1474 | medianIoU: 0.0272 | mae_x1: 117.5399 | mae_y1: 116.7684 | mae_x2: 114.7446 | mae_y2: 116.4807 | center_x_error: 102.6952 | center_y_error: 102.7075 | width_error: 2.8114 | height_error: 2.6108 | loss: 4.9078
2025-05-28 06:00:24,292 - all_data_dino_improved - INFO - Saved model checkpoint to /home/pokle/Trans-VG/visual_grounding/checkpoints/all_data_dino_improved_epoch13.pth
2025-05-28 06:00:24,292 - all_data_dino_improved - INFO - Epoch 14/200
2025-05-28 06:00:28,217 - all_data_dino_improved - INFO - Epoch 14, Batch 0/1360, Loss: 4.0776
2025-05-28 06:00:28,217 - all_data_dino_improved - INFO - Train metrics: l1_loss: 0.4303 | giou_loss: 0.9555 | center_loss: 0.0150 | total_loss: 4.0776
2025-05-28 06:01:57,942 - all_data_dino_improved - INFO - Epoch 14, Batch 50/1360, Loss: 3.8995
2025-05-28 06:01:57,943 - all_data_dino_improved - INFO - Train metrics: l1_loss: 0.4144 | giou_loss: 0.9060 | center_loss: 0.0153 | total_loss: 3.8995
2025-05-28 06:03:27,323 - all_data_dino_improved - INFO - Epoch 14, Batch 100/1360, Loss: 4.2898
2025-05-28 06:03:27,323 - all_data_dino_improved - INFO - Train metrics: l1_loss: 0.4621 | giou_loss: 0.9799 | center_loss: 0.0194 | total_loss: 4.2898
2025-05-28 06:04:56,527 - all_data_dino_improved - INFO - Epoch 14, Batch 150/1360, Loss: 4.7030
2025-05-28 06:04:56,527 - all_data_dino_improved - INFO - Train metrics: l1_loss: 0.4944 | giou_loss: 1.1053 | center_loss: 0.0204 | total_loss: 4.7030
2025-05-28 06:06:25,989 - all_data_dino_improved - INFO - Epoch 14, Batch 200/1360, Loss: 3.8823
2025-05-28 06:06:25,989 - all_data_dino_improved - INFO - Train metrics: l1_loss: 0.3898 | giou_loss: 0.9610 | center_loss: 0.0113 | total_loss: 3.8823
2025-05-28 06:07:55,697 - all_data_dino_improved - INFO - Epoch 14, Batch 250/1360, Loss: 4.2413
2025-05-28 06:07:55,697 - all_data_dino_improved - INFO - Train metrics: l1_loss: 0.4538 | giou_loss: 0.9788 | center_loss: 0.0148 | total_loss: 4.2413
2025-05-28 06:09:25,316 - all_data_dino_improved - INFO - Epoch 14, Batch 300/1360, Loss: 3.8588
2025-05-28 06:09:25,316 - all_data_dino_improved - INFO - Train metrics: l1_loss: 0.3906 | giou_loss: 0.9457 | center_loss: 0.0142 | total_loss: 3.8588
2025-05-28 06:10:55,084 - all_data_dino_improved - INFO - Epoch 14, Batch 350/1360, Loss: 4.0511
2025-05-28 06:10:55,084 - all_data_dino_improved - INFO - Train metrics: l1_loss: 0.4295 | giou_loss: 0.9448 | center_loss: 0.0143 | total_loss: 4.0511
2025-05-28 06:12:24,362 - all_data_dino_improved - INFO - Epoch 14, Batch 400/1360, Loss: 3.8725
2025-05-28 06:12:24,362 - all_data_dino_improved - INFO - Train metrics: l1_loss: 0.3896 | giou_loss: 0.9556 | center_loss: 0.0132 | total_loss: 3.8725
2025-05-28 06:13:53,595 - all_data_dino_improved - INFO - Epoch 14, Batch 450/1360, Loss: 4.3868
2025-05-28 06:13:53,595 - all_data_dino_improved - INFO - Train metrics: l1_loss: 0.4662 | giou_loss: 1.0197 | center_loss: 0.0161 | total_loss: 4.3868
2025-05-28 06:15:22,794 - all_data_dino_improved - INFO - Epoch 14, Batch 500/1360, Loss: 4.4923
2025-05-28 06:15:22,794 - all_data_dino_improved - INFO - Train metrics: l1_loss: 0.4996 | giou_loss: 0.9901 | center_loss: 0.0143 | total_loss: 4.4923
2025-05-28 06:16:52,394 - all_data_dino_improved - INFO - Epoch 14, Batch 550/1360, Loss: 4.6726
2025-05-28 06:16:52,394 - all_data_dino_improved - INFO - Train metrics: l1_loss: 0.5373 | giou_loss: 0.9798 | center_loss: 0.0268 | total_loss: 4.6726
2025-05-28 06:18:21,808 - all_data_dino_improved - INFO - Epoch 14, Batch 600/1360, Loss: 3.8273
2025-05-28 06:18:21,808 - all_data_dino_improved - INFO - Train metrics: l1_loss: 0.3727 | giou_loss: 0.9753 | center_loss: 0.0131 | total_loss: 3.8273
2025-05-28 06:19:50,882 - all_data_dino_improved - INFO - Epoch 14, Batch 650/1360, Loss: 4.9074
2025-05-28 06:19:50,882 - all_data_dino_improved - INFO - Train metrics: l1_loss: 0.5357 | giou_loss: 1.1028 | center_loss: 0.0236 | total_loss: 4.9074
2025-05-28 06:21:19,985 - all_data_dino_improved - INFO - Epoch 14, Batch 700/1360, Loss: 4.6038
2025-05-28 06:21:19,985 - all_data_dino_improved - INFO - Train metrics: l1_loss: 0.5066 | giou_loss: 1.0252 | center_loss: 0.0206 | total_loss: 4.6038
2025-05-28 06:22:49,166 - all_data_dino_improved - INFO - Epoch 14, Batch 750/1360, Loss: 4.0920
2025-05-28 06:22:49,166 - all_data_dino_improved - INFO - Train metrics: l1_loss: 0.4039 | giou_loss: 1.0275 | center_loss: 0.0176 | total_loss: 4.0920
2025-05-28 06:24:18,357 - all_data_dino_improved - INFO - Epoch 14, Batch 800/1360, Loss: 5.6436
2025-05-28 06:24:18,357 - all_data_dino_improved - INFO - Train metrics: l1_loss: 0.6252 | giou_loss: 1.2427 | center_loss: 0.0320 | total_loss: 5.6436
2025-05-28 06:25:47,357 - all_data_dino_improved - INFO - Epoch 14, Batch 850/1360, Loss: 4.7429
2025-05-28 06:25:47,357 - all_data_dino_improved - INFO - Train metrics: l1_loss: 0.5033 | giou_loss: 1.1027 | center_loss: 0.0213 | total_loss: 4.7429
2025-05-28 06:27:16,356 - all_data_dino_improved - INFO - Epoch 14, Batch 900/1360, Loss: 4.2129
2025-05-28 06:27:16,356 - all_data_dino_improved - INFO - Train metrics: l1_loss: 0.4809 | giou_loss: 0.8930 | center_loss: 0.0226 | total_loss: 4.2129
2025-05-28 06:28:45,587 - all_data_dino_improved - INFO - Epoch 14, Batch 950/1360, Loss: 4.6225
2025-05-28 06:28:45,588 - all_data_dino_improved - INFO - Train metrics: l1_loss: 0.5168 | giou_loss: 1.0066 | center_loss: 0.0252 | total_loss: 4.6225
2025-05-28 06:30:14,303 - all_data_dino_improved - INFO - Epoch 14, Batch 1000/1360, Loss: 4.2183
2025-05-28 06:30:14,303 - all_data_dino_improved - INFO - Train metrics: l1_loss: 0.4434 | giou_loss: 0.9925 | center_loss: 0.0164 | total_loss: 4.2183
2025-05-28 06:31:43,553 - all_data_dino_improved - INFO - Epoch 14, Batch 1050/1360, Loss: 3.9736
2025-05-28 06:31:43,553 - all_data_dino_improved - INFO - Train metrics: l1_loss: 0.4046 | giou_loss: 0.9689 | center_loss: 0.0127 | total_loss: 3.9736
2025-05-28 06:33:12,478 - all_data_dino_improved - INFO - Epoch 14, Batch 1100/1360, Loss: 4.1166
2025-05-28 06:33:12,478 - all_data_dino_improved - INFO - Train metrics: l1_loss: 0.3968 | giou_loss: 1.0592 | center_loss: 0.0140 | total_loss: 4.1166
2025-05-28 06:34:41,763 - all_data_dino_improved - INFO - Epoch 14, Batch 1150/1360, Loss: 4.0615
2025-05-28 06:34:41,764 - all_data_dino_improved - INFO - Train metrics: l1_loss: 0.4509 | giou_loss: 0.8957 | center_loss: 0.0154 | total_loss: 4.0615
2025-05-28 06:36:10,882 - all_data_dino_improved - INFO - Epoch 14, Batch 1200/1360, Loss: 4.0886
2025-05-28 06:36:10,882 - all_data_dino_improved - INFO - Train metrics: l1_loss: 0.4232 | giou_loss: 0.9779 | center_loss: 0.0165 | total_loss: 4.0886
2025-05-28 06:37:40,141 - all_data_dino_improved - INFO - Epoch 14, Batch 1250/1360, Loss: 4.4922
2025-05-28 06:37:40,141 - all_data_dino_improved - INFO - Train metrics: l1_loss: 0.4671 | giou_loss: 1.0690 | center_loss: 0.0186 | total_loss: 4.4922
2025-05-28 06:39:09,169 - all_data_dino_improved - INFO - Epoch 14, Batch 1300/1360, Loss: 3.8265
2025-05-28 06:39:09,170 - all_data_dino_improved - INFO - Train metrics: l1_loss: 0.3826 | giou_loss: 0.9510 | center_loss: 0.0117 | total_loss: 3.8265
2025-05-28 06:40:38,087 - all_data_dino_improved - INFO - Epoch 14, Batch 1350/1360, Loss: 4.5636
2025-05-28 06:40:38,087 - all_data_dino_improved - INFO - Train metrics: l1_loss: 0.4871 | giou_loss: 1.0518 | center_loss: 0.0245 | total_loss: 4.5636
2025-05-28 06:40:54,105 - all_data_dino_improved - INFO - Train Epoch 14, Loss: 4.1946
2025-05-28 06:43:22,878 - all_data_dino_improved - INFO - Pred box sample: [81.13001251220703, 91.6021499633789, 255.73561096191406, 262.9759826660156]
2025-05-28 06:43:22,878 - all_data_dino_improved - INFO - Target box sample: [207.0, 198.0, 287.0, 283.0]
2025-05-28 06:43:22,980 - all_data_dino_improved - INFO - Validation Epoch 14, Loss: 4.9927
2025-05-28 06:43:22,980 - all_data_dino_improved - INFO - Val metrics: Acc@0.25: 0.2501 | Acc@0.5: 0.0868 | Acc@0.75: 0.0129 | mIoU: 0.1434 | medianIoU: 0.0221 | mae_x1: 117.3150 | mae_y1: 120.1640 | mae_x2: 118.8462 | mae_y2: 117.9469 | center_x_error: 105.6558 | center_y_error: 105.2901 | width_error: 2.6428 | height_error: 2.5570 | loss: 4.9927
2025-05-28 06:43:23,827 - all_data_dino_improved - INFO - Saved model checkpoint to /home/pokle/Trans-VG/visual_grounding/checkpoints/all_data_dino_improved_epoch14.pth
2025-05-28 06:43:23,827 - all_data_dino_improved - INFO - Epoch 15/200
2025-05-28 06:43:27,803 - all_data_dino_improved - INFO - Epoch 15, Batch 0/1360, Loss: 4.2722
2025-05-28 06:43:27,804 - all_data_dino_improved - INFO - Train metrics: l1_loss: 0.4357 | giou_loss: 1.0382 | center_loss: 0.0171 | total_loss: 4.2722
2025-05-28 06:44:57,379 - all_data_dino_improved - INFO - Epoch 15, Batch 50/1360, Loss: 3.7571
2025-05-28 06:44:57,380 - all_data_dino_improved - INFO - Train metrics: l1_loss: 0.3863 | giou_loss: 0.9046 | center_loss: 0.0162 | total_loss: 3.7571
2025-05-28 06:46:26,695 - all_data_dino_improved - INFO - Epoch 15, Batch 100/1360, Loss: 4.1252
2025-05-28 06:46:26,695 - all_data_dino_improved - INFO - Train metrics: l1_loss: 0.4216 | giou_loss: 1.0020 | center_loss: 0.0135 | total_loss: 4.1252
2025-05-28 06:47:55,769 - all_data_dino_improved - INFO - Epoch 15, Batch 150/1360, Loss: 4.1475
2025-05-28 06:47:55,769 - all_data_dino_improved - INFO - Train metrics: l1_loss: 0.4270 | giou_loss: 1.0005 | center_loss: 0.0114 | total_loss: 4.1475
2025-05-28 06:49:24,849 - all_data_dino_improved - INFO - Epoch 15, Batch 200/1360, Loss: 4.2258
2025-05-28 06:49:24,849 - all_data_dino_improved - INFO - Train metrics: l1_loss: 0.4252 | giou_loss: 1.0430 | center_loss: 0.0140 | total_loss: 4.2258
2025-05-28 06:50:54,066 - all_data_dino_improved - INFO - Epoch 15, Batch 250/1360, Loss: 4.1943
2025-05-28 06:50:54,067 - all_data_dino_improved - INFO - Train metrics: l1_loss: 0.4303 | giou_loss: 1.0146 | center_loss: 0.0138 | total_loss: 4.1943
2025-05-28 06:52:23,065 - all_data_dino_improved - INFO - Epoch 15, Batch 300/1360, Loss: 3.4864
2025-05-28 06:52:23,065 - all_data_dino_improved - INFO - Train metrics: l1_loss: 0.3587 | giou_loss: 0.8420 | center_loss: 0.0092 | total_loss: 3.4864
2025-05-28 06:53:52,229 - all_data_dino_improved - INFO - Epoch 15, Batch 350/1360, Loss: 4.2694
2025-05-28 06:53:52,229 - all_data_dino_improved - INFO - Train metrics: l1_loss: 0.4530 | giou_loss: 0.9949 | center_loss: 0.0146 | total_loss: 4.2694
2025-05-28 06:55:21,149 - all_data_dino_improved - INFO - Epoch 15, Batch 400/1360, Loss: 3.9573
2025-05-28 06:55:21,149 - all_data_dino_improved - INFO - Train metrics: l1_loss: 0.4247 | giou_loss: 0.9094 | center_loss: 0.0148 | total_loss: 3.9573
2025-05-28 06:56:49,775 - all_data_dino_improved - INFO - Epoch 15, Batch 450/1360, Loss: 4.1572
2025-05-28 06:56:49,776 - all_data_dino_improved - INFO - Train metrics: l1_loss: 0.4203 | giou_loss: 1.0201 | center_loss: 0.0153 | total_loss: 4.1572
2025-05-28 06:58:19,210 - all_data_dino_improved - INFO - Epoch 15, Batch 500/1360, Loss: 4.2398
2025-05-28 06:58:19,210 - all_data_dino_improved - INFO - Train metrics: l1_loss: 0.4234 | giou_loss: 1.0550 | center_loss: 0.0126 | total_loss: 4.2398
2025-05-28 06:59:48,269 - all_data_dino_improved - INFO - Epoch 15, Batch 550/1360, Loss: 4.2706
2025-05-28 06:59:48,270 - all_data_dino_improved - INFO - Train metrics: l1_loss: 0.4790 | giou_loss: 0.9295 | center_loss: 0.0166 | total_loss: 4.2706
2025-05-28 07:01:17,462 - all_data_dino_improved - INFO - Epoch 15, Batch 600/1360, Loss: 4.1677
2025-05-28 07:01:17,463 - all_data_dino_improved - INFO - Train metrics: l1_loss: 0.4381 | giou_loss: 0.9805 | center_loss: 0.0162 | total_loss: 4.1677
2025-05-28 07:02:46,389 - all_data_dino_improved - INFO - Epoch 15, Batch 650/1360, Loss: 3.9754
2025-05-28 07:02:46,390 - all_data_dino_improved - INFO - Train metrics: l1_loss: 0.3976 | giou_loss: 0.9869 | center_loss: 0.0137 | total_loss: 3.9754
2025-05-28 07:04:16,225 - all_data_dino_improved - INFO - Epoch 15, Batch 700/1360, Loss: 3.6555
2025-05-28 07:04:16,225 - all_data_dino_improved - INFO - Train metrics: l1_loss: 0.3671 | giou_loss: 0.9054 | center_loss: 0.0092 | total_loss: 3.6555
2025-05-28 07:05:45,166 - all_data_dino_improved - INFO - Epoch 15, Batch 750/1360, Loss: 4.3196
2025-05-28 07:05:45,166 - all_data_dino_improved - INFO - Train metrics: l1_loss: 0.4314 | giou_loss: 1.0748 | center_loss: 0.0130 | total_loss: 4.3196
2025-05-28 07:07:14,300 - all_data_dino_improved - INFO - Epoch 15, Batch 800/1360, Loss: 3.7806
2025-05-28 07:07:14,300 - all_data_dino_improved - INFO - Train metrics: l1_loss: 0.4054 | giou_loss: 0.8709 | center_loss: 0.0118 | total_loss: 3.7806
2025-05-28 07:08:43,309 - all_data_dino_improved - INFO - Epoch 15, Batch 850/1360, Loss: 3.9945
2025-05-28 07:08:43,309 - all_data_dino_improved - INFO - Train metrics: l1_loss: 0.4012 | giou_loss: 0.9874 | center_loss: 0.0136 | total_loss: 3.9945
2025-05-28 07:10:12,497 - all_data_dino_improved - INFO - Epoch 15, Batch 900/1360, Loss: 3.7011
2025-05-28 07:10:12,497 - all_data_dino_improved - INFO - Train metrics: l1_loss: 0.3710 | giou_loss: 0.9176 | center_loss: 0.0108 | total_loss: 3.7011
2025-05-28 07:11:41,777 - all_data_dino_improved - INFO - Epoch 15, Batch 950/1360, Loss: 4.3670
2025-05-28 07:11:41,777 - all_data_dino_improved - INFO - Train metrics: l1_loss: 0.4683 | giou_loss: 1.0014 | center_loss: 0.0228 | total_loss: 4.3670
2025-05-28 07:13:11,073 - all_data_dino_improved - INFO - Epoch 15, Batch 1000/1360, Loss: 5.1521
2025-05-28 07:13:11,074 - all_data_dino_improved - INFO - Train metrics: l1_loss: 0.5997 | giou_loss: 1.0592 | center_loss: 0.0351 | total_loss: 5.1521
2025-05-28 07:14:40,169 - all_data_dino_improved - INFO - Epoch 15, Batch 1050/1360, Loss: 4.4867
2025-05-28 07:14:40,169 - all_data_dino_improved - INFO - Train metrics: l1_loss: 0.4575 | giou_loss: 1.0911 | center_loss: 0.0168 | total_loss: 4.4867
2025-05-28 07:16:09,611 - all_data_dino_improved - INFO - Epoch 15, Batch 1100/1360, Loss: 4.0084
2025-05-28 07:16:09,611 - all_data_dino_improved - INFO - Train metrics: l1_loss: 0.4193 | giou_loss: 0.9494 | center_loss: 0.0131 | total_loss: 4.0084
2025-05-28 07:17:38,864 - all_data_dino_improved - INFO - Epoch 15, Batch 1150/1360, Loss: 4.2575
2025-05-28 07:17:38,865 - all_data_dino_improved - INFO - Train metrics: l1_loss: 0.4546 | giou_loss: 0.9838 | center_loss: 0.0170 | total_loss: 4.2575
2025-05-28 07:19:08,247 - all_data_dino_improved - INFO - Epoch 15, Batch 1200/1360, Loss: 3.7826
2025-05-28 07:19:08,248 - all_data_dino_improved - INFO - Train metrics: l1_loss: 0.3970 | giou_loss: 0.8926 | center_loss: 0.0126 | total_loss: 3.7826
2025-05-28 07:20:37,329 - all_data_dino_improved - INFO - Epoch 15, Batch 1250/1360, Loss: 3.5971
2025-05-28 07:20:37,329 - all_data_dino_improved - INFO - Train metrics: l1_loss: 0.3770 | giou_loss: 0.8509 | center_loss: 0.0106 | total_loss: 3.5971
2025-05-28 07:22:06,716 - all_data_dino_improved - INFO - Epoch 15, Batch 1300/1360, Loss: 3.8868
2025-05-28 07:22:06,716 - all_data_dino_improved - INFO - Train metrics: l1_loss: 0.3927 | giou_loss: 0.9569 | center_loss: 0.0093 | total_loss: 3.8868
2025-05-28 07:23:35,709 - all_data_dino_improved - INFO - Epoch 15, Batch 1350/1360, Loss: 4.6733
2025-05-28 07:23:35,710 - all_data_dino_improved - INFO - Train metrics: l1_loss: 0.4954 | giou_loss: 1.0861 | center_loss: 0.0238 | total_loss: 4.6733
2025-05-28 07:23:51,710 - all_data_dino_improved - INFO - Train Epoch 15, Loss: 4.1624
2025-05-28 07:26:20,612 - all_data_dino_improved - INFO - Pred box sample: [72.1839370727539, 75.13753509521484, 244.45339965820312, 254.42132568359375]
2025-05-28 07:26:20,613 - all_data_dino_improved - INFO - Target box sample: [207.0, 198.0, 287.0, 283.0]
2025-05-28 07:26:20,721 - all_data_dino_improved - INFO - Validation Epoch 15, Loss: 5.0423
2025-05-28 07:26:20,722 - all_data_dino_improved - INFO - Val metrics: Acc@0.25: 0.2424 | Acc@0.5: 0.0830 | Acc@0.75: 0.0093 | mIoU: 0.1397 | medianIoU: 0.0217 | mae_x1: 117.9493 | mae_y1: 122.4943 | mae_x2: 116.1693 | mae_y2: 120.7585 | center_x_error: 104.6932 | center_y_error: 108.5564 | width_error: 2.5450 | height_error: 2.4931 | loss: 5.0423
2025-05-28 07:26:21,549 - all_data_dino_improved - INFO - Saved model checkpoint to /home/pokle/Trans-VG/visual_grounding/checkpoints/all_data_dino_improved_epoch15.pth
2025-05-28 07:26:21,550 - all_data_dino_improved - INFO - Epoch 16/200
2025-05-28 07:26:25,406 - all_data_dino_improved - INFO - Epoch 16, Batch 0/1360, Loss: 4.1407
2025-05-28 07:26:25,406 - all_data_dino_improved - INFO - Train metrics: l1_loss: 0.4180 | giou_loss: 1.0170 | center_loss: 0.0167 | total_loss: 4.1407
2025-05-28 07:27:54,948 - all_data_dino_improved - INFO - Epoch 16, Batch 50/1360, Loss: 4.2169
2025-05-28 07:27:54,948 - all_data_dino_improved - INFO - Train metrics: l1_loss: 0.4545 | giou_loss: 0.9629 | center_loss: 0.0185 | total_loss: 4.2169
2025-05-28 07:29:24,536 - all_data_dino_improved - INFO - Epoch 16, Batch 100/1360, Loss: 3.8467
2025-05-28 07:29:24,536 - all_data_dino_improved - INFO - Train metrics: l1_loss: 0.4043 | giou_loss: 0.9048 | center_loss: 0.0156 | total_loss: 3.8467
2025-05-28 07:30:54,195 - all_data_dino_improved - INFO - Epoch 16, Batch 150/1360, Loss: 4.0803
2025-05-28 07:30:54,196 - all_data_dino_improved - INFO - Train metrics: l1_loss: 0.4187 | giou_loss: 0.9866 | center_loss: 0.0138 | total_loss: 4.0803
2025-05-28 07:32:23,922 - all_data_dino_improved - INFO - Epoch 16, Batch 200/1360, Loss: 4.5402
2025-05-28 07:32:23,922 - all_data_dino_improved - INFO - Train metrics: l1_loss: 0.4897 | giou_loss: 1.0379 | center_loss: 0.0158 | total_loss: 4.5402
2025-05-28 07:33:53,216 - all_data_dino_improved - INFO - Epoch 16, Batch 250/1360, Loss: 3.9267
2025-05-28 07:33:53,217 - all_data_dino_improved - INFO - Train metrics: l1_loss: 0.3945 | giou_loss: 0.9709 | center_loss: 0.0123 | total_loss: 3.9267
2025-05-28 07:35:22,872 - all_data_dino_improved - INFO - Epoch 16, Batch 300/1360, Loss: 4.5800
2025-05-28 07:35:22,872 - all_data_dino_improved - INFO - Train metrics: l1_loss: 0.4725 | giou_loss: 1.0986 | center_loss: 0.0203 | total_loss: 4.5800
2025-05-28 07:36:52,367 - all_data_dino_improved - INFO - Epoch 16, Batch 350/1360, Loss: 4.0051
2025-05-28 07:36:52,368 - all_data_dino_improved - INFO - Train metrics: l1_loss: 0.4003 | giou_loss: 0.9968 | center_loss: 0.0100 | total_loss: 4.0051
2025-05-28 07:38:22,250 - all_data_dino_improved - INFO - Epoch 16, Batch 400/1360, Loss: 3.8953
2025-05-28 07:38:22,250 - all_data_dino_improved - INFO - Train metrics: l1_loss: 0.3775 | giou_loss: 0.9969 | center_loss: 0.0137 | total_loss: 3.8953
2025-05-28 07:39:51,537 - all_data_dino_improved - INFO - Epoch 16, Batch 450/1360, Loss: 3.7496
2025-05-28 07:39:51,537 - all_data_dino_improved - INFO - Train metrics: l1_loss: 0.3737 | giou_loss: 0.9354 | center_loss: 0.0103 | total_loss: 3.7496
2025-05-28 07:41:20,658 - all_data_dino_improved - INFO - Epoch 16, Batch 500/1360, Loss: 4.3380
2025-05-28 07:41:20,658 - all_data_dino_improved - INFO - Train metrics: l1_loss: 0.4561 | giou_loss: 1.0192 | center_loss: 0.0192 | total_loss: 4.3380
2025-05-28 07:42:50,052 - all_data_dino_improved - INFO - Epoch 16, Batch 550/1360, Loss: 3.6996
2025-05-28 07:42:50,052 - all_data_dino_improved - INFO - Train metrics: l1_loss: 0.3493 | giou_loss: 0.9721 | center_loss: 0.0090 | total_loss: 3.6996
2025-05-28 07:44:18,835 - all_data_dino_improved - INFO - Epoch 16, Batch 600/1360, Loss: 4.1445
2025-05-28 07:44:18,835 - all_data_dino_improved - INFO - Train metrics: l1_loss: 0.4204 | giou_loss: 1.0156 | center_loss: 0.0117 | total_loss: 4.1445
2025-05-28 07:45:47,832 - all_data_dino_improved - INFO - Epoch 16, Batch 650/1360, Loss: 4.3342
2025-05-28 07:45:47,832 - all_data_dino_improved - INFO - Train metrics: l1_loss: 0.4550 | giou_loss: 1.0216 | center_loss: 0.0161 | total_loss: 4.3342
2025-05-28 07:47:16,805 - all_data_dino_improved - INFO - Epoch 16, Batch 700/1360, Loss: 4.5475
2025-05-28 07:47:16,805 - all_data_dino_improved - INFO - Train metrics: l1_loss: 0.4837 | giou_loss: 1.0539 | center_loss: 0.0214 | total_loss: 4.5475
2025-05-28 07:48:45,711 - all_data_dino_improved - INFO - Epoch 16, Batch 750/1360, Loss: 4.4438
2025-05-28 07:48:45,711 - all_data_dino_improved - INFO - Train metrics: l1_loss: 0.4951 | giou_loss: 0.9740 | center_loss: 0.0204 | total_loss: 4.4438
2025-05-28 07:50:14,902 - all_data_dino_improved - INFO - Epoch 16, Batch 800/1360, Loss: 4.0921
2025-05-28 07:50:14,902 - all_data_dino_improved - INFO - Train metrics: l1_loss: 0.4213 | giou_loss: 0.9853 | center_loss: 0.0153 | total_loss: 4.0921
2025-05-28 07:51:43,852 - all_data_dino_improved - INFO - Epoch 16, Batch 850/1360, Loss: 4.1869
2025-05-28 07:51:43,853 - all_data_dino_improved - INFO - Train metrics: l1_loss: 0.4293 | giou_loss: 1.0116 | center_loss: 0.0171 | total_loss: 4.1869
2025-05-28 07:53:12,749 - all_data_dino_improved - INFO - Epoch 16, Batch 900/1360, Loss: 4.2323
2025-05-28 07:53:12,750 - all_data_dino_improved - INFO - Train metrics: l1_loss: 0.4527 | giou_loss: 0.9770 | center_loss: 0.0148 | total_loss: 4.2323
2025-05-28 07:54:41,670 - all_data_dino_improved - INFO - Epoch 16, Batch 950/1360, Loss: 3.9357
2025-05-28 07:54:41,671 - all_data_dino_improved - INFO - Train metrics: l1_loss: 0.4008 | giou_loss: 0.9608 | center_loss: 0.0100 | total_loss: 3.9357
2025-05-28 07:56:10,514 - all_data_dino_improved - INFO - Epoch 16, Batch 1000/1360, Loss: 3.6419
2025-05-28 07:56:10,515 - all_data_dino_improved - INFO - Train metrics: l1_loss: 0.3542 | giou_loss: 0.9315 | center_loss: 0.0077 | total_loss: 3.6419
2025-05-28 07:57:39,922 - all_data_dino_improved - INFO - Epoch 16, Batch 1050/1360, Loss: 3.8185
2025-05-28 07:57:39,923 - all_data_dino_improved - INFO - Train metrics: l1_loss: 0.3945 | giou_loss: 0.9162 | center_loss: 0.0136 | total_loss: 3.8185
2025-05-28 07:59:09,109 - all_data_dino_improved - INFO - Epoch 16, Batch 1100/1360, Loss: 5.0070
2025-05-28 07:59:09,109 - all_data_dino_improved - INFO - Train metrics: l1_loss: 0.5177 | giou_loss: 1.1973 | center_loss: 0.0239 | total_loss: 5.0070
2025-05-28 08:00:38,284 - all_data_dino_improved - INFO - Epoch 16, Batch 1150/1360, Loss: 4.1905
2025-05-28 08:00:38,285 - all_data_dino_improved - INFO - Train metrics: l1_loss: 0.4124 | giou_loss: 1.0561 | center_loss: 0.0162 | total_loss: 4.1905
2025-05-28 08:02:07,484 - all_data_dino_improved - INFO - Epoch 16, Batch 1200/1360, Loss: 3.9731
2025-05-28 08:02:07,484 - all_data_dino_improved - INFO - Train metrics: l1_loss: 0.3990 | giou_loss: 0.9832 | center_loss: 0.0117 | total_loss: 3.9731
2025-05-28 08:03:36,687 - all_data_dino_improved - INFO - Epoch 16, Batch 1250/1360, Loss: 4.8983
2025-05-28 08:03:36,687 - all_data_dino_improved - INFO - Train metrics: l1_loss: 0.5484 | giou_loss: 1.0641 | center_loss: 0.0279 | total_loss: 4.8983
2025-05-28 08:05:05,849 - all_data_dino_improved - INFO - Epoch 16, Batch 1300/1360, Loss: 3.4327
2025-05-28 08:05:05,850 - all_data_dino_improved - INFO - Train metrics: l1_loss: 0.3400 | giou_loss: 0.8610 | center_loss: 0.0106 | total_loss: 3.4327
2025-05-28 08:06:34,536 - all_data_dino_improved - INFO - Epoch 16, Batch 1350/1360, Loss: 4.0043
2025-05-28 08:06:34,536 - all_data_dino_improved - INFO - Train metrics: l1_loss: 0.4050 | giou_loss: 0.9818 | center_loss: 0.0154 | total_loss: 4.0043
2025-05-28 08:06:50,320 - all_data_dino_improved - INFO - Train Epoch 16, Loss: 4.1263
2025-05-28 08:09:19,300 - all_data_dino_improved - INFO - Pred box sample: [85.08195495605469, 84.30095672607422, 270.8084716796875, 249.90357971191406]
2025-05-28 08:09:19,301 - all_data_dino_improved - INFO - Target box sample: [207.0, 198.0, 287.0, 283.0]
2025-05-28 08:09:19,404 - all_data_dino_improved - INFO - Validation Epoch 16, Loss: 5.0060
2025-05-28 08:09:19,404 - all_data_dino_improved - INFO - Val metrics: Acc@0.25: 0.2469 | Acc@0.5: 0.0878 | Acc@0.75: 0.0143 | mIoU: 0.1445 | medianIoU: 0.0221 | mae_x1: 119.5562 | mae_y1: 120.1552 | mae_x2: 116.8662 | mae_y2: 118.9248 | center_x_error: 104.8237 | center_y_error: 105.7707 | width_error: 2.6392 | height_error: 2.5387 | loss: 5.0060
2025-05-28 08:09:20,248 - all_data_dino_improved - INFO - Saved model checkpoint to /home/pokle/Trans-VG/visual_grounding/checkpoints/all_data_dino_improved_epoch16.pth
2025-05-28 08:09:20,249 - all_data_dino_improved - INFO - Epoch 17/200
2025-05-28 08:09:24,103 - all_data_dino_improved - INFO - Epoch 17, Batch 0/1360, Loss: 3.9444
2025-05-28 08:09:24,104 - all_data_dino_improved - INFO - Train metrics: l1_loss: 0.3760 | giou_loss: 1.0275 | center_loss: 0.0095 | total_loss: 3.9444
2025-05-28 08:10:53,096 - all_data_dino_improved - INFO - Epoch 17, Batch 50/1360, Loss: 3.7141
2025-05-28 08:10:53,096 - all_data_dino_improved - INFO - Train metrics: l1_loss: 0.3709 | giou_loss: 0.9241 | center_loss: 0.0115 | total_loss: 3.7141
2025-05-28 08:12:22,659 - all_data_dino_improved - INFO - Epoch 17, Batch 100/1360, Loss: 3.8453
2025-05-28 08:12:22,659 - all_data_dino_improved - INFO - Train metrics: l1_loss: 0.3811 | giou_loss: 0.9647 | center_loss: 0.0103 | total_loss: 3.8453
2025-05-28 08:13:51,980 - all_data_dino_improved - INFO - Epoch 17, Batch 150/1360, Loss: 3.8284
2025-05-28 08:13:51,980 - all_data_dino_improved - INFO - Train metrics: l1_loss: 0.3567 | giou_loss: 1.0178 | center_loss: 0.0091 | total_loss: 3.8284
2025-05-28 08:15:21,154 - all_data_dino_improved - INFO - Epoch 17, Batch 200/1360, Loss: 3.9296
2025-05-28 08:15:21,155 - all_data_dino_improved - INFO - Train metrics: l1_loss: 0.3971 | giou_loss: 0.9656 | center_loss: 0.0127 | total_loss: 3.9296
2025-05-28 08:16:50,044 - all_data_dino_improved - INFO - Epoch 17, Batch 250/1360, Loss: 3.9466
2025-05-28 08:16:50,044 - all_data_dino_improved - INFO - Train metrics: l1_loss: 0.4213 | giou_loss: 0.9143 | center_loss: 0.0118 | total_loss: 3.9466
2025-05-28 08:18:19,284 - all_data_dino_improved - INFO - Epoch 17, Batch 300/1360, Loss: 4.3555
2025-05-28 08:18:19,285 - all_data_dino_improved - INFO - Train metrics: l1_loss: 0.4573 | giou_loss: 1.0238 | center_loss: 0.0216 | total_loss: 4.3555
2025-05-28 08:19:48,351 - all_data_dino_improved - INFO - Epoch 17, Batch 350/1360, Loss: 4.1936
2025-05-28 08:19:48,351 - all_data_dino_improved - INFO - Train metrics: l1_loss: 0.4142 | giou_loss: 1.0560 | center_loss: 0.0107 | total_loss: 4.1936
2025-05-28 08:21:17,668 - all_data_dino_improved - INFO - Epoch 17, Batch 400/1360, Loss: 4.4506
2025-05-28 08:21:17,668 - all_data_dino_improved - INFO - Train metrics: l1_loss: 0.4724 | giou_loss: 1.0357 | center_loss: 0.0172 | total_loss: 4.4506
2025-05-28 08:22:46,592 - all_data_dino_improved - INFO - Epoch 17, Batch 450/1360, Loss: 3.8231
2025-05-28 08:22:46,592 - all_data_dino_improved - INFO - Train metrics: l1_loss: 0.3842 | giou_loss: 0.9458 | center_loss: 0.0102 | total_loss: 3.8231
2025-05-28 08:24:15,192 - all_data_dino_improved - INFO - Epoch 17, Batch 500/1360, Loss: 3.9303
2025-05-28 08:24:15,193 - all_data_dino_improved - INFO - Train metrics: l1_loss: 0.3974 | giou_loss: 0.9658 | center_loss: 0.0115 | total_loss: 3.9303
2025-05-28 08:25:44,483 - all_data_dino_improved - INFO - Epoch 17, Batch 550/1360, Loss: 3.0805
2025-05-28 08:25:44,483 - all_data_dino_improved - INFO - Train metrics: l1_loss: 0.2931 | giou_loss: 0.8051 | center_loss: 0.0048 | total_loss: 3.0805
2025-05-28 08:27:13,670 - all_data_dino_improved - INFO - Epoch 17, Batch 600/1360, Loss: 4.3052
2025-05-28 08:27:13,671 - all_data_dino_improved - INFO - Train metrics: l1_loss: 0.4375 | giou_loss: 1.0517 | center_loss: 0.0144 | total_loss: 4.3052
2025-05-28 08:28:42,283 - all_data_dino_improved - INFO - Epoch 17, Batch 650/1360, Loss: 3.7810
2025-05-28 08:28:42,284 - all_data_dino_improved - INFO - Train metrics: l1_loss: 0.3766 | giou_loss: 0.9412 | center_loss: 0.0153 | total_loss: 3.7810
2025-05-28 08:30:11,355 - all_data_dino_improved - INFO - Epoch 17, Batch 700/1360, Loss: 4.1301
2025-05-28 08:30:11,356 - all_data_dino_improved - INFO - Train metrics: l1_loss: 0.4137 | giou_loss: 1.0240 | center_loss: 0.0136 | total_loss: 4.1301
2025-05-28 08:31:40,345 - all_data_dino_improved - INFO - Epoch 17, Batch 750/1360, Loss: 4.3325
2025-05-28 08:31:40,346 - all_data_dino_improved - INFO - Train metrics: l1_loss: 0.4496 | giou_loss: 1.0332 | center_loss: 0.0180 | total_loss: 4.3325
2025-05-28 08:33:09,425 - all_data_dino_improved - INFO - Epoch 17, Batch 800/1360, Loss: 4.2529
2025-05-28 08:33:09,426 - all_data_dino_improved - INFO - Train metrics: l1_loss: 0.4375 | giou_loss: 1.0249 | center_loss: 0.0155 | total_loss: 4.2529
2025-05-28 08:34:38,065 - all_data_dino_improved - INFO - Epoch 17, Batch 850/1360, Loss: 3.9002
2025-05-28 08:34:38,065 - all_data_dino_improved - INFO - Train metrics: l1_loss: 0.4164 | giou_loss: 0.9038 | center_loss: 0.0104 | total_loss: 3.9002
2025-05-28 08:36:06,874 - all_data_dino_improved - INFO - Epoch 17, Batch 900/1360, Loss: 3.7840
2025-05-28 08:36:06,874 - all_data_dino_improved - INFO - Train metrics: l1_loss: 0.4042 | giou_loss: 0.8752 | center_loss: 0.0124 | total_loss: 3.7840
2025-05-28 08:37:35,763 - all_data_dino_improved - INFO - Epoch 17, Batch 950/1360, Loss: 3.8688
2025-05-28 08:37:35,763 - all_data_dino_improved - INFO - Train metrics: l1_loss: 0.3693 | giou_loss: 1.0040 | center_loss: 0.0143 | total_loss: 3.8688
2025-05-28 08:39:04,461 - all_data_dino_improved - INFO - Epoch 17, Batch 1000/1360, Loss: 3.8062
2025-05-28 08:39:04,461 - all_data_dino_improved - INFO - Train metrics: l1_loss: 0.3948 | giou_loss: 0.9111 | center_loss: 0.0101 | total_loss: 3.8062
2025-05-28 08:40:33,554 - all_data_dino_improved - INFO - Epoch 17, Batch 1050/1360, Loss: 3.7618
2025-05-28 08:40:33,555 - all_data_dino_improved - INFO - Train metrics: l1_loss: 0.3682 | giou_loss: 0.9563 | center_loss: 0.0081 | total_loss: 3.7618
2025-05-28 08:42:02,930 - all_data_dino_improved - INFO - Epoch 17, Batch 1100/1360, Loss: 4.3808
2025-05-28 08:42:02,930 - all_data_dino_improved - INFO - Train metrics: l1_loss: 0.4479 | giou_loss: 1.0640 | center_loss: 0.0133 | total_loss: 4.3808
2025-05-28 08:43:31,801 - all_data_dino_improved - INFO - Epoch 17, Batch 1150/1360, Loss: 4.1099
2025-05-28 08:43:31,802 - all_data_dino_improved - INFO - Train metrics: l1_loss: 0.4184 | giou_loss: 1.0022 | center_loss: 0.0136 | total_loss: 4.1099
2025-05-28 08:45:00,596 - all_data_dino_improved - INFO - Epoch 17, Batch 1200/1360, Loss: 4.2030
2025-05-28 08:45:00,596 - all_data_dino_improved - INFO - Train metrics: l1_loss: 0.4239 | giou_loss: 1.0348 | center_loss: 0.0141 | total_loss: 4.2030
2025-05-28 08:46:29,215 - all_data_dino_improved - INFO - Epoch 17, Batch 1250/1360, Loss: 4.1853
2025-05-28 08:46:29,216 - all_data_dino_improved - INFO - Train metrics: l1_loss: 0.4410 | giou_loss: 0.9794 | center_loss: 0.0216 | total_loss: 4.1853
2025-05-28 08:47:58,332 - all_data_dino_improved - INFO - Epoch 17, Batch 1300/1360, Loss: 4.2787
2025-05-28 08:47:58,332 - all_data_dino_improved - INFO - Train metrics: l1_loss: 0.4501 | giou_loss: 1.0061 | center_loss: 0.0157 | total_loss: 4.2787
2025-05-28 08:49:27,412 - all_data_dino_improved - INFO - Epoch 17, Batch 1350/1360, Loss: 4.2368
2025-05-28 08:49:27,412 - all_data_dino_improved - INFO - Train metrics: l1_loss: 0.4457 | giou_loss: 0.9961 | center_loss: 0.0158 | total_loss: 4.2368
2025-05-28 08:49:43,199 - all_data_dino_improved - INFO - Train Epoch 17, Loss: 4.1008
2025-05-28 08:52:11,979 - all_data_dino_improved - INFO - Pred box sample: [85.44477081298828, 73.13177490234375, 255.28428649902344, 232.654052734375]
2025-05-28 08:52:11,979 - all_data_dino_improved - INFO - Target box sample: [207.0, 198.0, 287.0, 283.0]
2025-05-28 08:52:12,079 - all_data_dino_improved - INFO - Validation Epoch 17, Loss: 4.9879
2025-05-28 08:52:12,080 - all_data_dino_improved - INFO - Val metrics: Acc@0.25: 0.2451 | Acc@0.5: 0.0898 | Acc@0.75: 0.0119 | mIoU: 0.1445 | medianIoU: 0.0222 | mae_x1: 116.6979 | mae_y1: 122.1026 | mae_x2: 115.9455 | mae_y2: 115.6944 | center_x_error: 103.5068 | center_y_error: 106.2646 | width_error: 2.6409 | height_error: 2.3938 | loss: 4.9879
2025-05-28 08:52:12,920 - all_data_dino_improved - INFO - Saved model checkpoint to /home/pokle/Trans-VG/visual_grounding/checkpoints/all_data_dino_improved_epoch17.pth
2025-05-28 08:52:12,921 - all_data_dino_improved - INFO - Epoch 18/200
2025-05-28 08:52:16,783 - all_data_dino_improved - INFO - Epoch 18, Batch 0/1360, Loss: 4.0506
2025-05-28 08:52:16,784 - all_data_dino_improved - INFO - Train metrics: l1_loss: 0.4162 | giou_loss: 0.9770 | center_loss: 0.0154 | total_loss: 4.0506
2025-05-28 08:53:45,367 - all_data_dino_improved - INFO - Epoch 18, Batch 50/1360, Loss: 4.4199
2025-05-28 08:53:45,367 - all_data_dino_improved - INFO - Train metrics: l1_loss: 0.4803 | giou_loss: 0.9957 | center_loss: 0.0267 | total_loss: 4.4199
2025-05-28 08:55:14,131 - all_data_dino_improved - INFO - Epoch 18, Batch 100/1360, Loss: 4.5517
2025-05-28 08:55:14,131 - all_data_dino_improved - INFO - Train metrics: l1_loss: 0.4753 | giou_loss: 1.0779 | center_loss: 0.0191 | total_loss: 4.5517
2025-05-28 08:56:42,824 - all_data_dino_improved - INFO - Epoch 18, Batch 150/1360, Loss: 3.8885
2025-05-28 08:56:42,825 - all_data_dino_improved - INFO - Train metrics: l1_loss: 0.3935 | giou_loss: 0.9535 | center_loss: 0.0143 | total_loss: 3.8885
2025-05-28 08:58:11,739 - all_data_dino_improved - INFO - Epoch 18, Batch 200/1360, Loss: 4.1755
2025-05-28 08:58:11,739 - all_data_dino_improved - INFO - Train metrics: l1_loss: 0.4329 | giou_loss: 0.9968 | center_loss: 0.0175 | total_loss: 4.1755
2025-05-28 08:59:40,381 - all_data_dino_improved - INFO - Epoch 18, Batch 250/1360, Loss: 4.1556
2025-05-28 08:59:40,382 - all_data_dino_improved - INFO - Train metrics: l1_loss: 0.4204 | giou_loss: 1.0178 | center_loss: 0.0181 | total_loss: 4.1556
2025-05-28 09:01:09,061 - all_data_dino_improved - INFO - Epoch 18, Batch 300/1360, Loss: 3.9723
2025-05-28 09:01:09,062 - all_data_dino_improved - INFO - Train metrics: l1_loss: 0.4200 | giou_loss: 0.9289 | center_loss: 0.0148 | total_loss: 3.9723
2025-05-28 09:02:38,153 - all_data_dino_improved - INFO - Epoch 18, Batch 350/1360, Loss: 3.8393
2025-05-28 09:02:38,153 - all_data_dino_improved - INFO - Train metrics: l1_loss: 0.4064 | giou_loss: 0.8967 | center_loss: 0.0141 | total_loss: 3.8393
2025-05-28 09:04:06,706 - all_data_dino_improved - INFO - Epoch 18, Batch 400/1360, Loss: 3.8478
2025-05-28 09:04:06,706 - all_data_dino_improved - INFO - Train metrics: l1_loss: 0.3835 | giou_loss: 0.9588 | center_loss: 0.0128 | total_loss: 3.8478
2025-05-28 09:05:35,545 - all_data_dino_improved - INFO - Epoch 18, Batch 450/1360, Loss: 4.5178
2025-05-28 09:05:35,545 - all_data_dino_improved - INFO - Train metrics: l1_loss: 0.4719 | giou_loss: 1.0698 | center_loss: 0.0189 | total_loss: 4.5178
2025-05-28 09:07:04,635 - all_data_dino_improved - INFO - Epoch 18, Batch 500/1360, Loss: 3.7788
2025-05-28 09:07:04,635 - all_data_dino_improved - INFO - Train metrics: l1_loss: 0.3821 | giou_loss: 0.9290 | center_loss: 0.0104 | total_loss: 3.7788
2025-05-28 09:08:33,778 - all_data_dino_improved - INFO - Epoch 18, Batch 550/1360, Loss: 3.9572
2025-05-28 09:08:33,779 - all_data_dino_improved - INFO - Train metrics: l1_loss: 0.3901 | giou_loss: 0.9949 | center_loss: 0.0168 | total_loss: 3.9572
2025-05-28 09:10:02,967 - all_data_dino_improved - INFO - Epoch 18, Batch 600/1360, Loss: 4.3096
2025-05-28 09:10:02,968 - all_data_dino_improved - INFO - Train metrics: l1_loss: 0.4573 | giou_loss: 1.0043 | center_loss: 0.0144 | total_loss: 4.3096
2025-05-28 09:11:31,951 - all_data_dino_improved - INFO - Epoch 18, Batch 650/1360, Loss: 3.3316
2025-05-28 09:11:31,951 - all_data_dino_improved - INFO - Train metrics: l1_loss: 0.3182 | giou_loss: 0.8665 | center_loss: 0.0075 | total_loss: 3.3316
2025-05-28 09:13:00,541 - all_data_dino_improved - INFO - Epoch 18, Batch 700/1360, Loss: 4.0190
2025-05-28 09:13:00,542 - all_data_dino_improved - INFO - Train metrics: l1_loss: 0.4175 | giou_loss: 0.9579 | center_loss: 0.0156 | total_loss: 4.0190
2025-05-28 09:14:29,413 - all_data_dino_improved - INFO - Epoch 18, Batch 750/1360, Loss: 4.1146
2025-05-28 09:14:29,413 - all_data_dino_improved - INFO - Train metrics: l1_loss: 0.4314 | giou_loss: 0.9692 | center_loss: 0.0192 | total_loss: 4.1146
2025-05-28 09:15:58,504 - all_data_dino_improved - INFO - Epoch 18, Batch 800/1360, Loss: 3.4225
2025-05-28 09:15:58,504 - all_data_dino_improved - INFO - Train metrics: l1_loss: 0.3438 | giou_loss: 0.8479 | center_loss: 0.0078 | total_loss: 3.4225
2025-05-28 09:17:27,714 - all_data_dino_improved - INFO - Epoch 18, Batch 850/1360, Loss: 3.7371
2025-05-28 09:17:27,714 - all_data_dino_improved - INFO - Train metrics: l1_loss: 0.3495 | giou_loss: 0.9911 | center_loss: 0.0075 | total_loss: 3.7371
2025-05-28 09:18:57,089 - all_data_dino_improved - INFO - Epoch 18, Batch 900/1360, Loss: 4.0273
2025-05-28 09:18:57,089 - all_data_dino_improved - INFO - Train metrics: l1_loss: 0.4222 | giou_loss: 0.9494 | center_loss: 0.0174 | total_loss: 4.0273
2025-05-28 09:20:26,300 - all_data_dino_improved - INFO - Epoch 18, Batch 950/1360, Loss: 4.3469
2025-05-28 09:20:26,300 - all_data_dino_improved - INFO - Train metrics: l1_loss: 0.4330 | giou_loss: 1.0830 | center_loss: 0.0159 | total_loss: 4.3469
2025-05-28 09:21:55,299 - all_data_dino_improved - INFO - Epoch 18, Batch 1000/1360, Loss: 3.9976
2025-05-28 09:21:55,299 - all_data_dino_improved - INFO - Train metrics: l1_loss: 0.3947 | giou_loss: 1.0058 | center_loss: 0.0123 | total_loss: 3.9976
2025-05-28 09:23:24,356 - all_data_dino_improved - INFO - Epoch 18, Batch 1050/1360, Loss: 3.7345
2025-05-28 09:23:24,356 - all_data_dino_improved - INFO - Train metrics: l1_loss: 0.3813 | giou_loss: 0.9089 | center_loss: 0.0101 | total_loss: 3.7345
2025-05-28 09:24:53,541 - all_data_dino_improved - INFO - Epoch 18, Batch 1100/1360, Loss: 4.2138
2025-05-28 09:24:53,542 - all_data_dino_improved - INFO - Train metrics: l1_loss: 0.4825 | giou_loss: 0.8871 | center_loss: 0.0270 | total_loss: 4.2138
2025-05-28 09:26:22,843 - all_data_dino_improved - INFO - Epoch 18, Batch 1150/1360, Loss: 4.5248
2025-05-28 09:26:22,843 - all_data_dino_improved - INFO - Train metrics: l1_loss: 0.4734 | giou_loss: 1.0707 | center_loss: 0.0165 | total_loss: 4.5248
2025-05-28 09:27:52,034 - all_data_dino_improved - INFO - Epoch 18, Batch 1200/1360, Loss: 4.0352
2025-05-28 09:27:52,035 - all_data_dino_improved - INFO - Train metrics: l1_loss: 0.3847 | giou_loss: 1.0501 | center_loss: 0.0115 | total_loss: 4.0352
2025-05-28 09:29:21,206 - all_data_dino_improved - INFO - Epoch 18, Batch 1250/1360, Loss: 3.9915
2025-05-28 09:29:21,207 - all_data_dino_improved - INFO - Train metrics: l1_loss: 0.4096 | giou_loss: 0.9644 | center_loss: 0.0145 | total_loss: 3.9915
2025-05-28 09:30:50,498 - all_data_dino_improved - INFO - Epoch 18, Batch 1300/1360, Loss: 4.0630
2025-05-28 09:30:50,499 - all_data_dino_improved - INFO - Train metrics: l1_loss: 0.4331 | giou_loss: 0.9403 | center_loss: 0.0169 | total_loss: 4.0630
2025-05-28 09:32:19,714 - all_data_dino_improved - INFO - Epoch 18, Batch 1350/1360, Loss: 4.7859
2025-05-28 09:32:19,714 - all_data_dino_improved - INFO - Train metrics: l1_loss: 0.5097 | giou_loss: 1.1071 | center_loss: 0.0233 | total_loss: 4.7859
2025-05-28 09:32:35,681 - all_data_dino_improved - INFO - Train Epoch 18, Loss: 4.0661
2025-05-28 09:35:04,396 - all_data_dino_improved - INFO - Pred box sample: [90.92481994628906, 106.03694915771484, 273.993896484375, 284.2566833496094]
2025-05-28 09:35:04,397 - all_data_dino_improved - INFO - Target box sample: [207.0, 198.0, 287.0, 283.0]
2025-05-28 09:35:04,496 - all_data_dino_improved - INFO - Validation Epoch 18, Loss: 4.9588
2025-05-28 09:35:04,496 - all_data_dino_improved - INFO - Val metrics: Acc@0.25: 0.2515 | Acc@0.5: 0.0908 | Acc@0.75: 0.0129 | mIoU: 0.1460 | medianIoU: 0.0245 | mae_x1: 114.2388 | mae_y1: 117.5025 | mae_x2: 115.7338 | mae_y2: 120.2198 | center_x_error: 102.2320 | center_y_error: 105.6090 | width_error: 2.6170 | height_error: 2.4586 | loss: 4.9588
2025-05-28 09:35:05,334 - all_data_dino_improved - INFO - Saved model checkpoint to /home/pokle/Trans-VG/visual_grounding/checkpoints/all_data_dino_improved_epoch18.pth
2025-05-28 09:35:05,334 - all_data_dino_improved - INFO - Epoch 19/200
2025-05-28 09:35:09,134 - all_data_dino_improved - INFO - Epoch 19, Batch 0/1360, Loss: 4.1936
2025-05-28 09:35:09,135 - all_data_dino_improved - INFO - Train metrics: l1_loss: 0.4443 | giou_loss: 0.9777 | center_loss: 0.0169 | total_loss: 4.1936
2025-05-28 09:36:38,240 - all_data_dino_improved - INFO - Epoch 19, Batch 50/1360, Loss: 4.3298
2025-05-28 09:36:38,241 - all_data_dino_improved - INFO - Train metrics: l1_loss: 0.4466 | giou_loss: 1.0383 | center_loss: 0.0201 | total_loss: 4.3298
2025-05-28 09:38:07,682 - all_data_dino_improved - INFO - Epoch 19, Batch 100/1360, Loss: 3.6409
2025-05-28 09:38:07,682 - all_data_dino_improved - INFO - Train metrics: l1_loss: 0.3648 | giou_loss: 0.9038 | center_loss: 0.0091 | total_loss: 3.6409
2025-05-28 09:39:37,342 - all_data_dino_improved - INFO - Epoch 19, Batch 150/1360, Loss: 4.2067
2025-05-28 09:39:37,342 - all_data_dino_improved - INFO - Train metrics: l1_loss: 0.4412 | giou_loss: 0.9926 | center_loss: 0.0157 | total_loss: 4.2067
2025-05-28 09:41:06,745 - all_data_dino_improved - INFO - Epoch 19, Batch 200/1360, Loss: 3.9230
2025-05-28 09:41:06,745 - all_data_dino_improved - INFO - Train metrics: l1_loss: 0.4068 | giou_loss: 0.9393 | center_loss: 0.0104 | total_loss: 3.9230
2025-05-28 09:42:35,725 - all_data_dino_improved - INFO - Epoch 19, Batch 250/1360, Loss: 3.3179
2025-05-28 09:42:35,725 - all_data_dino_improved - INFO - Train metrics: l1_loss: 0.3369 | giou_loss: 0.8118 | center_loss: 0.0100 | total_loss: 3.3179
2025-05-28 09:44:04,831 - all_data_dino_improved - INFO - Epoch 19, Batch 300/1360, Loss: 4.6717
2025-05-28 09:44:04,831 - all_data_dino_improved - INFO - Train metrics: l1_loss: 0.4798 | giou_loss: 1.1275 | center_loss: 0.0174 | total_loss: 4.6717
2025-05-28 09:45:33,750 - all_data_dino_improved - INFO - Epoch 19, Batch 350/1360, Loss: 3.6445
2025-05-28 09:45:33,750 - all_data_dino_improved - INFO - Train metrics: l1_loss: 0.3721 | giou_loss: 0.8874 | center_loss: 0.0090 | total_loss: 3.6445
2025-05-28 09:47:03,033 - all_data_dino_improved - INFO - Epoch 19, Batch 400/1360, Loss: 3.4507
2025-05-28 09:47:03,033 - all_data_dino_improved - INFO - Train metrics: l1_loss: 0.3406 | giou_loss: 0.8700 | center_loss: 0.0076 | total_loss: 3.4507
2025-05-28 09:48:31,783 - all_data_dino_improved - INFO - Epoch 19, Batch 450/1360, Loss: 3.7043
2025-05-28 09:48:31,783 - all_data_dino_improved - INFO - Train metrics: l1_loss: 0.3851 | giou_loss: 0.8823 | center_loss: 0.0142 | total_loss: 3.7043
2025-05-28 09:50:00,635 - all_data_dino_improved - INFO - Epoch 19, Batch 500/1360, Loss: 4.3846
2025-05-28 09:50:00,635 - all_data_dino_improved - INFO - Train metrics: l1_loss: 0.4574 | giou_loss: 1.0393 | center_loss: 0.0188 | total_loss: 4.3846
2025-05-28 09:51:29,887 - all_data_dino_improved - INFO - Epoch 19, Batch 550/1360, Loss: 4.4300
2025-05-28 09:51:29,887 - all_data_dino_improved - INFO - Train metrics: l1_loss: 0.4628 | giou_loss: 1.0465 | center_loss: 0.0231 | total_loss: 4.4300
2025-05-28 09:52:59,048 - all_data_dino_improved - INFO - Epoch 19, Batch 600/1360, Loss: 3.1318
2025-05-28 09:52:59,048 - all_data_dino_improved - INFO - Train metrics: l1_loss: 0.2998 | giou_loss: 0.8121 | center_loss: 0.0085 | total_loss: 3.1318
2025-05-28 09:54:28,019 - all_data_dino_improved - INFO - Epoch 19, Batch 650/1360, Loss: 4.4527
2025-05-28 09:54:28,019 - all_data_dino_improved - INFO - Train metrics: l1_loss: 0.4734 | giou_loss: 1.0343 | center_loss: 0.0168 | total_loss: 4.4527
2025-05-28 09:55:57,218 - all_data_dino_improved - INFO - Epoch 19, Batch 700/1360, Loss: 3.6090
2025-05-28 09:55:57,218 - all_data_dino_improved - INFO - Train metrics: l1_loss: 0.3554 | giou_loss: 0.9112 | center_loss: 0.0097 | total_loss: 3.6090
2025-05-28 09:57:26,201 - all_data_dino_improved - INFO - Epoch 19, Batch 750/1360, Loss: 4.0179
2025-05-28 09:57:26,202 - all_data_dino_improved - INFO - Train metrics: l1_loss: 0.4064 | giou_loss: 0.9852 | center_loss: 0.0155 | total_loss: 4.0179
2025-05-28 09:58:55,190 - all_data_dino_improved - INFO - Epoch 19, Batch 800/1360, Loss: 4.0918
2025-05-28 09:58:55,190 - all_data_dino_improved - INFO - Train metrics: l1_loss: 0.4318 | giou_loss: 0.9587 | center_loss: 0.0151 | total_loss: 4.0918
2025-05-28 10:00:24,460 - all_data_dino_improved - INFO - Epoch 19, Batch 850/1360, Loss: 4.8484
2025-05-28 10:00:24,460 - all_data_dino_improved - INFO - Train metrics: l1_loss: 0.5338 | giou_loss: 1.0724 | center_loss: 0.0345 | total_loss: 4.8484
2025-05-28 10:01:53,659 - all_data_dino_improved - INFO - Epoch 19, Batch 900/1360, Loss: 4.3979
2025-05-28 10:01:53,659 - all_data_dino_improved - INFO - Train metrics: l1_loss: 0.4834 | giou_loss: 0.9788 | center_loss: 0.0232 | total_loss: 4.3979
2025-05-28 10:03:22,650 - all_data_dino_improved - INFO - Epoch 19, Batch 950/1360, Loss: 4.7332
2025-05-28 10:03:22,651 - all_data_dino_improved - INFO - Train metrics: l1_loss: 0.5156 | giou_loss: 1.0654 | center_loss: 0.0242 | total_loss: 4.7332
2025-05-28 10:04:52,151 - all_data_dino_improved - INFO - Epoch 19, Batch 1000/1360, Loss: 4.3903
2025-05-28 10:04:52,151 - all_data_dino_improved - INFO - Train metrics: l1_loss: 0.4416 | giou_loss: 1.0838 | center_loss: 0.0149 | total_loss: 4.3903
2025-05-28 10:06:21,239 - all_data_dino_improved - INFO - Epoch 19, Batch 1050/1360, Loss: 4.3427
2025-05-28 10:06:21,239 - all_data_dino_improved - INFO - Train metrics: l1_loss: 0.4430 | giou_loss: 1.0571 | center_loss: 0.0136 | total_loss: 4.3427
2025-05-28 10:07:50,723 - all_data_dino_improved - INFO - Epoch 19, Batch 1100/1360, Loss: 3.6430
2025-05-28 10:07:50,723 - all_data_dino_improved - INFO - Train metrics: l1_loss: 0.3646 | giou_loss: 0.9064 | center_loss: 0.0073 | total_loss: 3.6430
2025-05-28 10:09:19,947 - all_data_dino_improved - INFO - Epoch 19, Batch 1150/1360, Loss: 3.9970
2025-05-28 10:09:19,947 - all_data_dino_improved - INFO - Train metrics: l1_loss: 0.3769 | giou_loss: 1.0504 | center_loss: 0.0118 | total_loss: 3.9970
2025-05-28 10:10:49,424 - all_data_dino_improved - INFO - Epoch 19, Batch 1200/1360, Loss: 3.7695
2025-05-28 10:10:49,424 - all_data_dino_improved - INFO - Train metrics: l1_loss: 0.3983 | giou_loss: 0.8843 | center_loss: 0.0096 | total_loss: 3.7695
2025-05-28 10:12:18,434 - all_data_dino_improved - INFO - Epoch 19, Batch 1250/1360, Loss: 3.9425
2025-05-28 10:12:18,435 - all_data_dino_improved - INFO - Train metrics: l1_loss: 0.4165 | giou_loss: 0.9226 | center_loss: 0.0150 | total_loss: 3.9425
2025-05-28 10:13:47,801 - all_data_dino_improved - INFO - Epoch 19, Batch 1300/1360, Loss: 4.4599
2025-05-28 10:13:47,802 - all_data_dino_improved - INFO - Train metrics: l1_loss: 0.4953 | giou_loss: 0.9813 | center_loss: 0.0207 | total_loss: 4.4599
2025-05-28 10:15:16,686 - all_data_dino_improved - INFO - Epoch 19, Batch 1350/1360, Loss: 4.0546
2025-05-28 10:15:16,686 - all_data_dino_improved - INFO - Train metrics: l1_loss: 0.4342 | giou_loss: 0.9324 | center_loss: 0.0186 | total_loss: 4.0546
2025-05-28 10:15:32,786 - all_data_dino_improved - INFO - Train Epoch 19, Loss: 4.0424
2025-05-28 10:18:01,704 - all_data_dino_improved - INFO - Pred box sample: [88.30388641357422, 85.14144134521484, 293.57928466796875, 284.2566833496094]
2025-05-28 10:18:01,705 - all_data_dino_improved - INFO - Target box sample: [207.0, 198.0, 287.0, 283.0]
2025-05-28 10:18:01,807 - all_data_dino_improved - INFO - Validation Epoch 19, Loss: 4.9940
2025-05-28 10:18:01,808 - all_data_dino_improved - INFO - Val metrics: Acc@0.25: 0.2505 | Acc@0.5: 0.0932 | Acc@0.75: 0.0127 | mIoU: 0.1459 | medianIoU: 0.0236 | mae_x1: 117.1797 | mae_y1: 118.1820 | mae_x2: 116.8786 | mae_y2: 118.7234 | center_x_error: 104.9041 | center_y_error: 105.2171 | width_error: 2.5107 | height_error: 2.4053 | loss: 4.9940
2025-05-28 10:18:02,635 - all_data_dino_improved - INFO - Saved model checkpoint to /home/pokle/Trans-VG/visual_grounding/checkpoints/all_data_dino_improved_epoch19.pth
2025-05-28 10:18:02,636 - all_data_dino_improved - INFO - Epoch 20/200
2025-05-28 10:18:06,586 - all_data_dino_improved - INFO - Epoch 20, Batch 0/1360, Loss: 4.2521
2025-05-28 10:18:06,586 - all_data_dino_improved - INFO - Train metrics: l1_loss: 0.4197 | giou_loss: 1.0697 | center_loss: 0.0141 | total_loss: 4.2521
2025-05-28 10:19:35,366 - all_data_dino_improved - INFO - Epoch 20, Batch 50/1360, Loss: 3.8357
2025-05-28 10:19:35,366 - all_data_dino_improved - INFO - Train metrics: l1_loss: 0.3841 | giou_loss: 0.9510 | center_loss: 0.0132 | total_loss: 3.8357
2025-05-28 10:21:04,838 - all_data_dino_improved - INFO - Epoch 20, Batch 100/1360, Loss: 3.7013
2025-05-28 10:21:04,839 - all_data_dino_improved - INFO - Train metrics: l1_loss: 0.3941 | giou_loss: 0.8578 | center_loss: 0.0153 | total_loss: 3.7013
2025-05-28 10:22:33,942 - all_data_dino_improved - INFO - Epoch 20, Batch 150/1360, Loss: 4.4243
2025-05-28 10:22:33,942 - all_data_dino_improved - INFO - Train metrics: l1_loss: 0.4426 | giou_loss: 1.0975 | center_loss: 0.0162 | total_loss: 4.4243
2025-05-28 10:24:03,515 - all_data_dino_improved - INFO - Epoch 20, Batch 200/1360, Loss: 3.9879
2025-05-28 10:24:03,515 - all_data_dino_improved - INFO - Train metrics: l1_loss: 0.4347 | giou_loss: 0.8978 | center_loss: 0.0189 | total_loss: 3.9879
2025-05-28 10:25:32,909 - all_data_dino_improved - INFO - Epoch 20, Batch 250/1360, Loss: 4.0798
2025-05-28 10:25:32,909 - all_data_dino_improved - INFO - Train metrics: l1_loss: 0.4261 | giou_loss: 0.9672 | center_loss: 0.0148 | total_loss: 4.0798
2025-05-28 10:27:02,619 - all_data_dino_improved - INFO - Epoch 20, Batch 300/1360, Loss: 3.7116
2025-05-28 10:27:02,619 - all_data_dino_improved - INFO - Train metrics: l1_loss: 0.3935 | giou_loss: 0.8667 | center_loss: 0.0105 | total_loss: 3.7116
2025-05-28 10:28:32,449 - all_data_dino_improved - INFO - Epoch 20, Batch 350/1360, Loss: 4.3136
2025-05-28 10:28:32,449 - all_data_dino_improved - INFO - Train metrics: l1_loss: 0.4684 | giou_loss: 0.9769 | center_loss: 0.0180 | total_loss: 4.3136
2025-05-28 10:30:02,122 - all_data_dino_improved - INFO - Epoch 20, Batch 400/1360, Loss: 3.9739
2025-05-28 10:30:02,123 - all_data_dino_improved - INFO - Train metrics: l1_loss: 0.4310 | giou_loss: 0.9031 | center_loss: 0.0125 | total_loss: 3.9739
2025-05-28 10:31:32,138 - all_data_dino_improved - INFO - Epoch 20, Batch 450/1360, Loss: 3.9848
2025-05-28 10:31:32,138 - all_data_dino_improved - INFO - Train metrics: l1_loss: 0.4052 | giou_loss: 0.9730 | center_loss: 0.0128 | total_loss: 3.9848
2025-05-28 10:33:02,166 - all_data_dino_improved - INFO - Epoch 20, Batch 500/1360, Loss: 3.7275
2025-05-28 10:33:02,167 - all_data_dino_improved - INFO - Train metrics: l1_loss: 0.3739 | giou_loss: 0.9244 | center_loss: 0.0093 | total_loss: 3.7275
2025-05-28 10:34:32,159 - all_data_dino_improved - INFO - Epoch 20, Batch 550/1360, Loss: 4.4582
2025-05-28 10:34:32,159 - all_data_dino_improved - INFO - Train metrics: l1_loss: 0.5063 | giou_loss: 0.9503 | center_loss: 0.0263 | total_loss: 4.4582
2025-05-28 10:36:02,060 - all_data_dino_improved - INFO - Epoch 20, Batch 600/1360, Loss: 4.0966
2025-05-28 10:36:02,060 - all_data_dino_improved - INFO - Train metrics: l1_loss: 0.4248 | giou_loss: 0.9794 | center_loss: 0.0138 | total_loss: 4.0966
2025-05-28 10:37:31,184 - all_data_dino_improved - INFO - Epoch 20, Batch 650/1360, Loss: 4.0282
2025-05-28 10:37:31,185 - all_data_dino_improved - INFO - Train metrics: l1_loss: 0.3952 | giou_loss: 1.0189 | center_loss: 0.0146 | total_loss: 4.0282
2025-05-28 10:39:00,885 - all_data_dino_improved - INFO - Epoch 20, Batch 700/1360, Loss: 4.6118
2025-05-28 10:39:00,885 - all_data_dino_improved - INFO - Train metrics: l1_loss: 0.4841 | giou_loss: 1.0839 | center_loss: 0.0234 | total_loss: 4.6118
2025-05-28 10:40:30,931 - all_data_dino_improved - INFO - Epoch 20, Batch 750/1360, Loss: 4.0660
2025-05-28 10:40:30,931 - all_data_dino_improved - INFO - Train metrics: l1_loss: 0.4150 | giou_loss: 0.9863 | center_loss: 0.0185 | total_loss: 4.0660
2025-05-28 10:42:00,026 - all_data_dino_improved - INFO - Epoch 20, Batch 800/1360, Loss: 4.6605
2025-05-28 10:42:00,026 - all_data_dino_improved - INFO - Train metrics: l1_loss: 0.5093 | giou_loss: 1.0445 | center_loss: 0.0247 | total_loss: 4.6605
2025-05-28 10:43:29,274 - all_data_dino_improved - INFO - Epoch 20, Batch 850/1360, Loss: 3.6796
2025-05-28 10:43:29,274 - all_data_dino_improved - INFO - Train metrics: l1_loss: 0.3724 | giou_loss: 0.9026 | center_loss: 0.0123 | total_loss: 3.6796
2025-05-28 10:44:58,836 - all_data_dino_improved - INFO - Epoch 20, Batch 900/1360, Loss: 4.0407
2025-05-28 10:44:58,836 - all_data_dino_improved - INFO - Train metrics: l1_loss: 0.4141 | giou_loss: 0.9785 | center_loss: 0.0131 | total_loss: 4.0407
2025-05-28 10:46:28,332 - all_data_dino_improved - INFO - Epoch 20, Batch 950/1360, Loss: 4.1354
2025-05-28 10:46:28,332 - all_data_dino_improved - INFO - Train metrics: l1_loss: 0.4012 | giou_loss: 1.0591 | center_loss: 0.0112 | total_loss: 4.1354
2025-05-28 10:47:58,159 - all_data_dino_improved - INFO - Epoch 20, Batch 1000/1360, Loss: 4.6429
2025-05-28 10:47:58,159 - all_data_dino_improved - INFO - Train metrics: l1_loss: 0.5044 | giou_loss: 1.0475 | center_loss: 0.0257 | total_loss: 4.6429
2025-05-28 10:49:27,746 - all_data_dino_improved - INFO - Epoch 20, Batch 1050/1360, Loss: 5.5829
2025-05-28 10:49:27,746 - all_data_dino_improved - INFO - Train metrics: l1_loss: 0.6342 | giou_loss: 1.1895 | center_loss: 0.0328 | total_loss: 5.5829
2025-05-28 10:50:58,028 - all_data_dino_improved - INFO - Epoch 20, Batch 1100/1360, Loss: 3.7536
2025-05-28 10:50:58,028 - all_data_dino_improved - INFO - Train metrics: l1_loss: 0.3441 | giou_loss: 1.0110 | center_loss: 0.0110 | total_loss: 3.7536
2025-05-28 10:52:27,252 - all_data_dino_improved - INFO - Epoch 20, Batch 1150/1360, Loss: 4.2187
2025-05-28 10:52:27,252 - all_data_dino_improved - INFO - Train metrics: l1_loss: 0.4348 | giou_loss: 1.0130 | center_loss: 0.0186 | total_loss: 4.2187
2025-05-28 10:53:57,164 - all_data_dino_improved - INFO - Epoch 20, Batch 1200/1360, Loss: 3.9332
2025-05-28 10:53:57,164 - all_data_dino_improved - INFO - Train metrics: l1_loss: 0.4008 | giou_loss: 0.9587 | center_loss: 0.0115 | total_loss: 3.9332
2025-05-28 10:55:26,638 - all_data_dino_improved - INFO - Epoch 20, Batch 1250/1360, Loss: 4.4070
2025-05-28 10:55:26,638 - all_data_dino_improved - INFO - Train metrics: l1_loss: 0.4837 | giou_loss: 0.9835 | center_loss: 0.0215 | total_loss: 4.4070
2025-05-28 10:56:56,652 - all_data_dino_improved - INFO - Epoch 20, Batch 1300/1360, Loss: 3.3785
2025-05-28 10:56:56,652 - all_data_dino_improved - INFO - Train metrics: l1_loss: 0.3307 | giou_loss: 0.8587 | center_loss: 0.0075 | total_loss: 3.3785
2025-05-28 10:58:26,774 - all_data_dino_improved - INFO - Epoch 20, Batch 1350/1360, Loss: 4.0249
2025-05-28 10:58:26,774 - all_data_dino_improved - INFO - Train metrics: l1_loss: 0.4044 | giou_loss: 0.9954 | center_loss: 0.0118 | total_loss: 4.0249
2025-05-28 10:58:42,972 - all_data_dino_improved - INFO - Train Epoch 20, Loss: 4.0149
2025-05-28 11:01:11,982 - all_data_dino_improved - INFO - Pred box sample: [86.56269073486328, 97.49386596679688, 281.7653503417969, 274.39776611328125]
2025-05-28 11:01:11,983 - all_data_dino_improved - INFO - Target box sample: [207.0, 198.0, 287.0, 283.0]
2025-05-28 11:01:12,084 - all_data_dino_improved - INFO - Validation Epoch 20, Loss: 5.0194
2025-05-28 11:01:12,085 - all_data_dino_improved - INFO - Val metrics: Acc@0.25: 0.2475 | Acc@0.5: 0.0975 | Acc@0.75: 0.0107 | mIoU: 0.1462 | medianIoU: 0.0250 | mae_x1: 119.0081 | mae_y1: 120.0362 | mae_x2: 119.6745 | mae_y2: 119.8600 | center_x_error: 106.4168 | center_y_error: 106.3417 | width_error: 2.7078 | height_error: 2.5031 | loss: 5.0194
2025-05-28 11:01:12,925 - all_data_dino_improved - INFO - Saved model checkpoint to /home/pokle/Trans-VG/visual_grounding/checkpoints/all_data_dino_improved_epoch20.pth
2025-05-28 11:01:12,925 - all_data_dino_improved - INFO - New best model! Acc@0.5: 0.0975
2025-05-28 11:01:12,925 - all_data_dino_improved - INFO - Epoch 21/200
2025-05-28 11:01:16,829 - all_data_dino_improved - INFO - Epoch 21, Batch 0/1360, Loss: 3.9603
2025-05-28 11:01:16,830 - all_data_dino_improved - INFO - Train metrics: l1_loss: 0.3962 | giou_loss: 0.9840 | center_loss: 0.0114 | total_loss: 3.9603
2025-05-28 11:02:46,353 - all_data_dino_improved - INFO - Epoch 21, Batch 50/1360, Loss: 4.1393
2025-05-28 11:02:46,353 - all_data_dino_improved - INFO - Train metrics: l1_loss: 0.4402 | giou_loss: 0.9620 | center_loss: 0.0145 | total_loss: 4.1393
2025-05-28 11:04:16,406 - all_data_dino_improved - INFO - Epoch 21, Batch 100/1360, Loss: 3.6942
2025-05-28 11:04:16,406 - all_data_dino_improved - INFO - Train metrics: l1_loss: 0.3655 | giou_loss: 0.9291 | center_loss: 0.0088 | total_loss: 3.6942
2025-05-28 11:05:46,223 - all_data_dino_improved - INFO - Epoch 21, Batch 150/1360, Loss: 4.1518
2025-05-28 11:05:46,224 - all_data_dino_improved - INFO - Train metrics: l1_loss: 0.4427 | giou_loss: 0.9605 | center_loss: 0.0174 | total_loss: 4.1518
2025-05-28 11:07:15,806 - all_data_dino_improved - INFO - Epoch 21, Batch 200/1360, Loss: 3.8057
2025-05-28 11:07:15,806 - all_data_dino_improved - INFO - Train metrics: l1_loss: 0.3773 | giou_loss: 0.9544 | center_loss: 0.0104 | total_loss: 3.8057
2025-05-28 11:08:45,914 - all_data_dino_improved - INFO - Epoch 21, Batch 250/1360, Loss: 4.4726
2025-05-28 11:08:45,914 - all_data_dino_improved - INFO - Train metrics: l1_loss: 0.4822 | giou_loss: 1.0227 | center_loss: 0.0164 | total_loss: 4.4726
2025-05-28 11:10:15,574 - all_data_dino_improved - INFO - Epoch 21, Batch 300/1360, Loss: 4.1967
2025-05-28 11:10:15,575 - all_data_dino_improved - INFO - Train metrics: l1_loss: 0.4184 | giou_loss: 1.0450 | center_loss: 0.0146 | total_loss: 4.1967
2025-05-28 11:11:45,950 - all_data_dino_improved - INFO - Epoch 21, Batch 350/1360, Loss: 3.6484
2025-05-28 11:11:45,950 - all_data_dino_improved - INFO - Train metrics: l1_loss: 0.3409 | giou_loss: 0.9681 | center_loss: 0.0078 | total_loss: 3.6484
2025-05-28 11:13:15,849 - all_data_dino_improved - INFO - Epoch 21, Batch 400/1360, Loss: 3.7195
2025-05-28 11:13:15,849 - all_data_dino_improved - INFO - Train metrics: l1_loss: 0.3810 | giou_loss: 0.9025 | center_loss: 0.0096 | total_loss: 3.7195
2025-05-28 11:14:45,706 - all_data_dino_improved - INFO - Epoch 21, Batch 450/1360, Loss: 4.0351
2025-05-28 11:14:45,706 - all_data_dino_improved - INFO - Train metrics: l1_loss: 0.4046 | giou_loss: 0.9984 | center_loss: 0.0152 | total_loss: 4.0351
2025-05-28 11:16:15,418 - all_data_dino_improved - INFO - Epoch 21, Batch 500/1360, Loss: 3.6061
2025-05-28 11:16:15,418 - all_data_dino_improved - INFO - Train metrics: l1_loss: 0.3655 | giou_loss: 0.8850 | center_loss: 0.0085 | total_loss: 3.6061
2025-05-28 11:17:45,223 - all_data_dino_improved - INFO - Epoch 21, Batch 550/1360, Loss: 4.3888
2025-05-28 11:17:45,223 - all_data_dino_improved - INFO - Train metrics: l1_loss: 0.4776 | giou_loss: 0.9887 | center_loss: 0.0231 | total_loss: 4.3888
2025-05-28 11:19:15,033 - all_data_dino_improved - INFO - Epoch 21, Batch 600/1360, Loss: 3.9279
2025-05-28 11:19:15,033 - all_data_dino_improved - INFO - Train metrics: l1_loss: 0.3811 | giou_loss: 1.0062 | center_loss: 0.0101 | total_loss: 3.9279
2025-05-28 11:20:45,103 - all_data_dino_improved - INFO - Epoch 21, Batch 650/1360, Loss: 3.9129
2025-05-28 11:20:45,103 - all_data_dino_improved - INFO - Train metrics: l1_loss: 0.3810 | giou_loss: 0.9967 | center_loss: 0.0146 | total_loss: 3.9129
2025-05-28 11:22:14,829 - all_data_dino_improved - INFO - Epoch 21, Batch 700/1360, Loss: 3.8450
2025-05-28 11:22:14,829 - all_data_dino_improved - INFO - Train metrics: l1_loss: 0.4003 | giou_loss: 0.9149 | center_loss: 0.0136 | total_loss: 3.8450
2025-05-28 11:23:44,794 - all_data_dino_improved - INFO - Epoch 21, Batch 750/1360, Loss: 4.0535
2025-05-28 11:23:44,794 - all_data_dino_improved - INFO - Train metrics: l1_loss: 0.4124 | giou_loss: 0.9892 | center_loss: 0.0131 | total_loss: 4.0535
2025-05-28 11:25:14,639 - all_data_dino_improved - INFO - Epoch 21, Batch 800/1360, Loss: 4.0722
2025-05-28 11:25:14,639 - all_data_dino_improved - INFO - Train metrics: l1_loss: 0.4327 | giou_loss: 0.9478 | center_loss: 0.0134 | total_loss: 4.0722
2025-05-28 11:26:44,128 - all_data_dino_improved - INFO - Epoch 21, Batch 850/1360, Loss: 4.2499
2025-05-28 11:26:44,129 - all_data_dino_improved - INFO - Train metrics: l1_loss: 0.4289 | giou_loss: 1.0453 | center_loss: 0.0151 | total_loss: 4.2499
2025-05-28 11:28:14,296 - all_data_dino_improved - INFO - Epoch 21, Batch 900/1360, Loss: 4.1014
2025-05-28 11:28:14,296 - all_data_dino_improved - INFO - Train metrics: l1_loss: 0.4678 | giou_loss: 0.8718 | center_loss: 0.0187 | total_loss: 4.1014
2025-05-28 11:29:44,384 - all_data_dino_improved - INFO - Epoch 21, Batch 950/1360, Loss: 3.6604
2025-05-28 11:29:44,384 - all_data_dino_improved - INFO - Train metrics: l1_loss: 0.3506 | giou_loss: 0.9470 | center_loss: 0.0131 | total_loss: 3.6604
2025-05-28 11:31:14,253 - all_data_dino_improved - INFO - Epoch 21, Batch 1000/1360, Loss: 4.1424
2025-05-28 11:31:14,253 - all_data_dino_improved - INFO - Train metrics: l1_loss: 0.4326 | giou_loss: 0.9816 | center_loss: 0.0162 | total_loss: 4.1424
2025-05-28 11:32:44,221 - all_data_dino_improved - INFO - Epoch 21, Batch 1050/1360, Loss: 3.5405
2025-05-28 11:32:44,221 - all_data_dino_improved - INFO - Train metrics: l1_loss: 0.3424 | giou_loss: 0.9100 | center_loss: 0.0085 | total_loss: 3.5405
2025-05-28 11:34:14,706 - all_data_dino_improved - INFO - Epoch 21, Batch 1100/1360, Loss: 4.0310
2025-05-28 11:34:14,706 - all_data_dino_improved - INFO - Train metrics: l1_loss: 0.4003 | giou_loss: 1.0080 | center_loss: 0.0132 | total_loss: 4.0310
2025-05-28 11:35:45,012 - all_data_dino_improved - INFO - Epoch 21, Batch 1150/1360, Loss: 3.8291
2025-05-28 11:35:45,012 - all_data_dino_improved - INFO - Train metrics: l1_loss: 0.3730 | giou_loss: 0.9768 | center_loss: 0.0103 | total_loss: 3.8291
2025-05-28 11:37:15,580 - all_data_dino_improved - INFO - Epoch 21, Batch 1200/1360, Loss: 3.9963
2025-05-28 11:37:15,580 - all_data_dino_improved - INFO - Train metrics: l1_loss: 0.4082 | giou_loss: 0.9706 | center_loss: 0.0142 | total_loss: 3.9963
2025-05-28 11:38:45,970 - all_data_dino_improved - INFO - Epoch 21, Batch 1250/1360, Loss: 4.6179
2025-05-28 11:38:45,970 - all_data_dino_improved - INFO - Train metrics: l1_loss: 0.4899 | giou_loss: 1.0706 | center_loss: 0.0274 | total_loss: 4.6179
2025-05-28 11:40:16,418 - all_data_dino_improved - INFO - Epoch 21, Batch 1300/1360, Loss: 3.8490
2025-05-28 11:40:16,419 - all_data_dino_improved - INFO - Train metrics: l1_loss: 0.3702 | giou_loss: 0.9932 | center_loss: 0.0114 | total_loss: 3.8490
2025-05-28 11:41:47,009 - all_data_dino_improved - INFO - Epoch 21, Batch 1350/1360, Loss: 4.6059
2025-05-28 11:41:47,009 - all_data_dino_improved - INFO - Train metrics: l1_loss: 0.4904 | giou_loss: 1.0653 | center_loss: 0.0232 | total_loss: 4.6059
2025-05-28 11:42:03,311 - all_data_dino_improved - INFO - Train Epoch 21, Loss: 3.9834
2025-05-28 11:44:32,209 - all_data_dino_improved - INFO - Pred box sample: [110.43904113769531, 119.1462631225586, 284.1683654785156, 287.9285888671875]
2025-05-28 11:44:32,210 - all_data_dino_improved - INFO - Target box sample: [207.0, 198.0, 287.0, 283.0]
2025-05-28 11:44:32,313 - all_data_dino_improved - INFO - Validation Epoch 21, Loss: 5.1123
2025-05-28 11:44:32,313 - all_data_dino_improved - INFO - Val metrics: Acc@0.25: 0.2463 | Acc@0.5: 0.0908 | Acc@0.75: 0.0107 | mIoU: 0.1432 | medianIoU: 0.0201 | mae_x1: 119.0010 | mae_y1: 122.5916 | mae_x2: 119.4334 | mae_y2: 124.3860 | center_x_error: 106.9110 | center_y_error: 110.8784 | width_error: 2.4631 | height_error: 2.3169 | loss: 5.1123
2025-05-28 11:44:33,161 - all_data_dino_improved - INFO - Saved model checkpoint to /home/pokle/Trans-VG/visual_grounding/checkpoints/all_data_dino_improved_epoch21.pth
2025-05-28 11:44:33,162 - all_data_dino_improved - INFO - Epoch 22/200
2025-05-28 11:44:37,062 - all_data_dino_improved - INFO - Epoch 22, Batch 0/1360, Loss: 3.5702
2025-05-28 11:44:37,062 - all_data_dino_improved - INFO - Train metrics: l1_loss: 0.3564 | giou_loss: 0.8872 | center_loss: 0.0137 | total_loss: 3.5702
2025-05-28 11:46:07,575 - all_data_dino_improved - INFO - Epoch 22, Batch 50/1360, Loss: 3.6933
2025-05-28 11:46:07,575 - all_data_dino_improved - INFO - Train metrics: l1_loss: 0.3625 | giou_loss: 0.9362 | center_loss: 0.0085 | total_loss: 3.6933
2025-05-28 11:47:37,817 - all_data_dino_improved - INFO - Epoch 22, Batch 100/1360, Loss: 3.8629
2025-05-28 11:47:37,817 - all_data_dino_improved - INFO - Train metrics: l1_loss: 0.3925 | giou_loss: 0.9431 | center_loss: 0.0139 | total_loss: 3.8629
2025-05-28 11:49:08,455 - all_data_dino_improved - INFO - Epoch 22, Batch 150/1360, Loss: 4.4949
2025-05-28 11:49:08,456 - all_data_dino_improved - INFO - Train metrics: l1_loss: 0.4946 | giou_loss: 0.9994 | center_loss: 0.0232 | total_loss: 4.4949
2025-05-28 11:50:38,620 - all_data_dino_improved - INFO - Epoch 22, Batch 200/1360, Loss: 3.9428
2025-05-28 11:50:38,620 - all_data_dino_improved - INFO - Train metrics: l1_loss: 0.4151 | giou_loss: 0.9255 | center_loss: 0.0164 | total_loss: 3.9428
2025-05-28 11:52:09,328 - all_data_dino_improved - INFO - Epoch 22, Batch 250/1360, Loss: 4.0865
2025-05-28 11:52:09,328 - all_data_dino_improved - INFO - Train metrics: l1_loss: 0.4284 | giou_loss: 0.9656 | center_loss: 0.0131 | total_loss: 4.0865
2025-05-28 11:53:39,389 - all_data_dino_improved - INFO - Epoch 22, Batch 300/1360, Loss: 3.8688
2025-05-28 11:53:39,390 - all_data_dino_improved - INFO - Train metrics: l1_loss: 0.4024 | giou_loss: 0.9221 | center_loss: 0.0127 | total_loss: 3.8688
2025-05-28 11:55:10,338 - all_data_dino_improved - INFO - Epoch 22, Batch 350/1360, Loss: 3.7806
2025-05-28 11:55:10,339 - all_data_dino_improved - INFO - Train metrics: l1_loss: 0.3692 | giou_loss: 0.9626 | center_loss: 0.0096 | total_loss: 3.7806
2025-05-28 11:56:40,689 - all_data_dino_improved - INFO - Epoch 22, Batch 400/1360, Loss: 4.2590
2025-05-28 11:56:40,690 - all_data_dino_improved - INFO - Train metrics: l1_loss: 0.4462 | giou_loss: 1.0076 | center_loss: 0.0131 | total_loss: 4.2590
2025-05-28 11:58:11,574 - all_data_dino_improved - INFO - Epoch 22, Batch 450/1360, Loss: 4.3054
2025-05-28 11:58:11,574 - all_data_dino_improved - INFO - Train metrics: l1_loss: 0.4386 | giou_loss: 1.0479 | center_loss: 0.0166 | total_loss: 4.3054
2025-05-28 11:59:41,886 - all_data_dino_improved - INFO - Epoch 22, Batch 500/1360, Loss: 4.3668
2025-05-28 11:59:41,886 - all_data_dino_improved - INFO - Train metrics: l1_loss: 0.4306 | giou_loss: 1.0990 | center_loss: 0.0160 | total_loss: 4.3668
2025-05-28 12:01:12,420 - all_data_dino_improved - INFO - Epoch 22, Batch 550/1360, Loss: 3.5063
2025-05-28 12:01:12,420 - all_data_dino_improved - INFO - Train metrics: l1_loss: 0.3416 | giou_loss: 0.8952 | center_loss: 0.0081 | total_loss: 3.5063
2025-05-28 12:02:42,462 - all_data_dino_improved - INFO - Epoch 22, Batch 600/1360, Loss: 4.0892
2025-05-28 12:02:42,463 - all_data_dino_improved - INFO - Train metrics: l1_loss: 0.4420 | giou_loss: 0.9301 | center_loss: 0.0190 | total_loss: 4.0892
2025-05-28 12:04:13,241 - all_data_dino_improved - INFO - Epoch 22, Batch 650/1360, Loss: 3.7311
2025-05-28 12:04:13,242 - all_data_dino_improved - INFO - Train metrics: l1_loss: 0.3662 | giou_loss: 0.9449 | center_loss: 0.0107 | total_loss: 3.7311
2025-05-28 12:05:43,793 - all_data_dino_improved - INFO - Epoch 22, Batch 700/1360, Loss: 3.7892
2025-05-28 12:05:43,793 - all_data_dino_improved - INFO - Train metrics: l1_loss: 0.3809 | giou_loss: 0.9361 | center_loss: 0.0122 | total_loss: 3.7892
2025-05-28 12:07:14,916 - all_data_dino_improved - INFO - Epoch 22, Batch 750/1360, Loss: 3.2982
2025-05-28 12:07:14,917 - all_data_dino_improved - INFO - Train metrics: l1_loss: 0.3117 | giou_loss: 0.8663 | center_loss: 0.0074 | total_loss: 3.2982
2025-05-28 12:08:45,011 - all_data_dino_improved - INFO - Epoch 22, Batch 800/1360, Loss: 4.0316
2025-05-28 12:08:45,011 - all_data_dino_improved - INFO - Train metrics: l1_loss: 0.4206 | giou_loss: 0.9556 | center_loss: 0.0176 | total_loss: 4.0316
2025-05-28 12:10:15,118 - all_data_dino_improved - INFO - Epoch 22, Batch 850/1360, Loss: 4.3773
2025-05-28 12:10:15,119 - all_data_dino_improved - INFO - Train metrics: l1_loss: 0.4567 | giou_loss: 1.0377 | center_loss: 0.0184 | total_loss: 4.3773
2025-05-28 12:11:45,212 - all_data_dino_improved - INFO - Epoch 22, Batch 900/1360, Loss: 3.2670
2025-05-28 12:11:45,213 - all_data_dino_improved - INFO - Train metrics: l1_loss: 0.3090 | giou_loss: 0.8582 | center_loss: 0.0057 | total_loss: 3.2670
2025-05-28 12:13:15,598 - all_data_dino_improved - INFO - Epoch 22, Batch 950/1360, Loss: 5.0407
2025-05-28 12:13:15,598 - all_data_dino_improved - INFO - Train metrics: l1_loss: 0.5489 | giou_loss: 1.1362 | center_loss: 0.0240 | total_loss: 5.0407
2025-05-28 12:14:46,087 - all_data_dino_improved - INFO - Epoch 22, Batch 1000/1360, Loss: 4.0696
2025-05-28 12:14:46,087 - all_data_dino_improved - INFO - Train metrics: l1_loss: 0.4159 | giou_loss: 0.9882 | center_loss: 0.0137 | total_loss: 4.0696
2025-05-28 12:16:16,896 - all_data_dino_improved - INFO - Epoch 22, Batch 1050/1360, Loss: 4.0240
2025-05-28 12:16:16,897 - all_data_dino_improved - INFO - Train metrics: l1_loss: 0.4142 | giou_loss: 0.9704 | center_loss: 0.0123 | total_loss: 4.0240
2025-05-28 12:17:47,126 - all_data_dino_improved - INFO - Epoch 22, Batch 1100/1360, Loss: 3.6397
2025-05-28 12:17:47,126 - all_data_dino_improved - INFO - Train metrics: l1_loss: 0.3467 | giou_loss: 0.9483 | center_loss: 0.0098 | total_loss: 3.6397
2025-05-28 12:19:17,668 - all_data_dino_improved - INFO - Epoch 22, Batch 1150/1360, Loss: 4.7507
2025-05-28 12:19:17,668 - all_data_dino_improved - INFO - Train metrics: l1_loss: 0.5304 | giou_loss: 1.0347 | center_loss: 0.0294 | total_loss: 4.7507
2025-05-28 12:20:48,149 - all_data_dino_improved - INFO - Epoch 22, Batch 1200/1360, Loss: 3.8024
2025-05-28 12:20:48,150 - all_data_dino_improved - INFO - Train metrics: l1_loss: 0.3746 | giou_loss: 0.9591 | center_loss: 0.0113 | total_loss: 3.8024
2025-05-28 12:22:19,268 - all_data_dino_improved - INFO - Epoch 22, Batch 1250/1360, Loss: 4.5042
2025-05-28 12:22:19,268 - all_data_dino_improved - INFO - Train metrics: l1_loss: 0.4833 | giou_loss: 1.0311 | center_loss: 0.0254 | total_loss: 4.5042
2025-05-28 12:23:49,517 - all_data_dino_improved - INFO - Epoch 22, Batch 1300/1360, Loss: 4.0983
2025-05-28 12:23:49,517 - all_data_dino_improved - INFO - Train metrics: l1_loss: 0.4106 | giou_loss: 1.0158 | center_loss: 0.0138 | total_loss: 4.0983
2025-05-28 12:25:20,387 - all_data_dino_improved - INFO - Epoch 22, Batch 1350/1360, Loss: 4.3118
2025-05-28 12:25:20,387 - all_data_dino_improved - INFO - Train metrics: l1_loss: 0.4749 | giou_loss: 0.9560 | center_loss: 0.0250 | total_loss: 4.3118
2025-05-28 12:25:36,838 - all_data_dino_improved - INFO - Train Epoch 22, Loss: 3.9585
2025-05-28 12:28:05,844 - all_data_dino_improved - INFO - Pred box sample: [87.39451599121094, 87.9653549194336, 263.5893249511719, 257.3114318847656]
2025-05-28 12:28:05,844 - all_data_dino_improved - INFO - Target box sample: [207.0, 198.0, 287.0, 283.0]
2025-05-28 12:28:05,944 - all_data_dino_improved - INFO - Validation Epoch 22, Loss: 5.0696
2025-05-28 12:28:05,944 - all_data_dino_improved - INFO - Val metrics: Acc@0.25: 0.2429 | Acc@0.5: 0.0930 | Acc@0.75: 0.0109 | mIoU: 0.1430 | medianIoU: 0.0198 | mae_x1: 116.5804 | mae_y1: 120.1382 | mae_x2: 119.7041 | mae_y2: 122.2881 | center_x_error: 106.5647 | center_y_error: 107.9410 | width_error: 2.4292 | height_error: 2.3977 | loss: 5.0696
2025-05-28 12:28:06,781 - all_data_dino_improved - INFO - Saved model checkpoint to /home/pokle/Trans-VG/visual_grounding/checkpoints/all_data_dino_improved_epoch22.pth
2025-05-28 12:28:06,782 - all_data_dino_improved - INFO - Epoch 23/200
2025-05-28 12:28:10,530 - all_data_dino_improved - INFO - Epoch 23, Batch 0/1360, Loss: 3.9449
2025-05-28 12:28:10,530 - all_data_dino_improved - INFO - Train metrics: l1_loss: 0.3999 | giou_loss: 0.9661 | center_loss: 0.0131 | total_loss: 3.9449
2025-05-28 12:29:40,764 - all_data_dino_improved - INFO - Epoch 23, Batch 50/1360, Loss: 4.1132
2025-05-28 12:29:40,764 - all_data_dino_improved - INFO - Train metrics: l1_loss: 0.4247 | giou_loss: 0.9874 | center_loss: 0.0149 | total_loss: 4.1132
2025-05-28 12:31:10,784 - all_data_dino_improved - INFO - Epoch 23, Batch 100/1360, Loss: 3.8560
2025-05-28 12:31:10,784 - all_data_dino_improved - INFO - Train metrics: l1_loss: 0.3682 | giou_loss: 1.0035 | center_loss: 0.0081 | total_loss: 3.8560
2025-05-28 12:32:40,869 - all_data_dino_improved - INFO - Epoch 23, Batch 150/1360, Loss: 4.1817
2025-05-28 12:32:40,869 - all_data_dino_improved - INFO - Train metrics: l1_loss: 0.4180 | giou_loss: 1.0397 | center_loss: 0.0122 | total_loss: 4.1817
2025-05-28 12:34:11,374 - all_data_dino_improved - INFO - Epoch 23, Batch 200/1360, Loss: 3.6979
2025-05-28 12:34:11,374 - all_data_dino_improved - INFO - Train metrics: l1_loss: 0.3790 | giou_loss: 0.8944 | center_loss: 0.0143 | total_loss: 3.6979
2025-05-28 12:35:41,396 - all_data_dino_improved - INFO - Epoch 23, Batch 250/1360, Loss: 4.2969
2025-05-28 12:35:41,396 - all_data_dino_improved - INFO - Train metrics: l1_loss: 0.4242 | giou_loss: 1.0817 | center_loss: 0.0125 | total_loss: 4.2969
2025-05-28 12:37:11,597 - all_data_dino_improved - INFO - Epoch 23, Batch 300/1360, Loss: 4.1333
2025-05-28 12:37:11,597 - all_data_dino_improved - INFO - Train metrics: l1_loss: 0.4293 | giou_loss: 0.9874 | center_loss: 0.0121 | total_loss: 4.1333
2025-05-28 12:38:42,484 - all_data_dino_improved - INFO - Epoch 23, Batch 350/1360, Loss: 3.4483
2025-05-28 12:38:42,484 - all_data_dino_improved - INFO - Train metrics: l1_loss: 0.3307 | giou_loss: 0.8926 | center_loss: 0.0099 | total_loss: 3.4483
2025-05-28 12:40:12,699 - all_data_dino_improved - INFO - Epoch 23, Batch 400/1360, Loss: 4.8488
2025-05-28 12:40:12,699 - all_data_dino_improved - INFO - Train metrics: l1_loss: 0.5300 | giou_loss: 1.0889 | center_loss: 0.0208 | total_loss: 4.8488
2025-05-28 12:41:42,825 - all_data_dino_improved - INFO - Epoch 23, Batch 450/1360, Loss: 3.9926
2025-05-28 12:41:42,825 - all_data_dino_improved - INFO - Train metrics: l1_loss: 0.4136 | giou_loss: 0.9555 | center_loss: 0.0139 | total_loss: 3.9926
2025-05-28 12:43:13,101 - all_data_dino_improved - INFO - Epoch 23, Batch 500/1360, Loss: 4.3812
2025-05-28 12:43:13,101 - all_data_dino_improved - INFO - Train metrics: l1_loss: 0.4821 | giou_loss: 0.9774 | center_loss: 0.0158 | total_loss: 4.3812
2025-05-28 12:44:43,306 - all_data_dino_improved - INFO - Epoch 23, Batch 550/1360, Loss: 3.5740
2025-05-28 12:44:43,306 - all_data_dino_improved - INFO - Train metrics: l1_loss: 0.3412 | giou_loss: 0.9303 | center_loss: 0.0076 | total_loss: 3.5740
2025-05-28 12:46:13,509 - all_data_dino_improved - INFO - Epoch 23, Batch 600/1360, Loss: 3.8940
2025-05-28 12:46:13,509 - all_data_dino_improved - INFO - Train metrics: l1_loss: 0.3982 | giou_loss: 0.9439 | center_loss: 0.0149 | total_loss: 3.8940
2025-05-28 12:47:44,086 - all_data_dino_improved - INFO - Epoch 23, Batch 650/1360, Loss: 3.8124
2025-05-28 12:47:44,086 - all_data_dino_improved - INFO - Train metrics: l1_loss: 0.3843 | giou_loss: 0.9401 | center_loss: 0.0108 | total_loss: 3.8124
2025-05-28 12:49:14,992 - all_data_dino_improved - INFO - Epoch 23, Batch 700/1360, Loss: 4.6847
2025-05-28 12:49:14,992 - all_data_dino_improved - INFO - Train metrics: l1_loss: 0.5113 | giou_loss: 1.0517 | center_loss: 0.0248 | total_loss: 4.6847
2025-05-28 12:50:45,377 - all_data_dino_improved - INFO - Epoch 23, Batch 750/1360, Loss: 3.8181
2025-05-28 12:50:45,378 - all_data_dino_improved - INFO - Train metrics: l1_loss: 0.3755 | giou_loss: 0.9637 | center_loss: 0.0133 | total_loss: 3.8181
2025-05-28 12:52:16,211 - all_data_dino_improved - INFO - Epoch 23, Batch 800/1360, Loss: 3.9780
2025-05-28 12:52:16,212 - all_data_dino_improved - INFO - Train metrics: l1_loss: 0.4226 | giou_loss: 0.9264 | center_loss: 0.0123 | total_loss: 3.9780
2025-05-28 12:53:46,501 - all_data_dino_improved - INFO - Epoch 23, Batch 850/1360, Loss: 4.2011
2025-05-28 12:53:46,501 - all_data_dino_improved - INFO - Train metrics: l1_loss: 0.4259 | giou_loss: 1.0281 | center_loss: 0.0154 | total_loss: 4.2011
2025-05-28 12:55:17,442 - all_data_dino_improved - INFO - Epoch 23, Batch 900/1360, Loss: 4.2285
2025-05-28 12:55:17,442 - all_data_dino_improved - INFO - Train metrics: l1_loss: 0.4473 | giou_loss: 0.9867 | center_loss: 0.0184 | total_loss: 4.2285
2025-05-28 12:56:47,866 - all_data_dino_improved - INFO - Epoch 23, Batch 950/1360, Loss: 3.7659
2025-05-28 12:56:47,866 - all_data_dino_improved - INFO - Train metrics: l1_loss: 0.3434 | giou_loss: 1.0191 | center_loss: 0.0108 | total_loss: 3.7659
2025-05-28 12:58:18,510 - all_data_dino_improved - INFO - Epoch 23, Batch 1000/1360, Loss: 3.5452
2025-05-28 12:58:18,510 - all_data_dino_improved - INFO - Train metrics: l1_loss: 0.3480 | giou_loss: 0.8964 | center_loss: 0.0127 | total_loss: 3.5452
2025-05-28 12:59:49,406 - all_data_dino_improved - INFO - Epoch 23, Batch 1050/1360, Loss: 3.8456
2025-05-28 12:59:49,406 - all_data_dino_improved - INFO - Train metrics: l1_loss: 0.4034 | giou_loss: 0.9076 | center_loss: 0.0136 | total_loss: 3.8456
2025-05-28 13:01:20,016 - all_data_dino_improved - INFO - Epoch 23, Batch 1100/1360, Loss: 4.1539
2025-05-28 13:01:20,016 - all_data_dino_improved - INFO - Train metrics: l1_loss: 0.4061 | giou_loss: 1.0541 | center_loss: 0.0150 | total_loss: 4.1539
2025-05-28 13:02:50,517 - all_data_dino_improved - INFO - Epoch 23, Batch 1150/1360, Loss: 3.4802
2025-05-28 13:02:50,517 - all_data_dino_improved - INFO - Train metrics: l1_loss: 0.3390 | giou_loss: 0.8881 | center_loss: 0.0093 | total_loss: 3.4802
2025-05-28 13:04:21,716 - all_data_dino_improved - INFO - Epoch 23, Batch 1200/1360, Loss: 4.6739
2025-05-28 13:04:21,717 - all_data_dino_improved - INFO - Train metrics: l1_loss: 0.5258 | giou_loss: 1.0093 | center_loss: 0.0260 | total_loss: 4.6739
2025-05-28 13:05:52,221 - all_data_dino_improved - INFO - Epoch 23, Batch 1250/1360, Loss: 3.8045
2025-05-28 13:05:52,221 - all_data_dino_improved - INFO - Train metrics: l1_loss: 0.3777 | giou_loss: 0.9534 | center_loss: 0.0091 | total_loss: 3.8045
2025-05-28 13:07:22,672 - all_data_dino_improved - INFO - Epoch 23, Batch 1300/1360, Loss: 4.3741
2025-05-28 13:07:22,672 - all_data_dino_improved - INFO - Train metrics: l1_loss: 0.4616 | giou_loss: 1.0237 | center_loss: 0.0189 | total_loss: 4.3741
2025-05-28 13:08:53,395 - all_data_dino_improved - INFO - Epoch 23, Batch 1350/1360, Loss: 3.8384
2025-05-28 13:08:53,396 - all_data_dino_improved - INFO - Train metrics: l1_loss: 0.3694 | giou_loss: 0.9880 | center_loss: 0.0154 | total_loss: 3.8384
2025-05-28 13:09:09,792 - all_data_dino_improved - INFO - Train Epoch 23, Loss: 3.9425
2025-05-28 13:11:38,843 - all_data_dino_improved - INFO - Pred box sample: [81.6607894897461, 82.09944152832031, 260.91680908203125, 256.8564758300781]
2025-05-28 13:11:38,843 - all_data_dino_improved - INFO - Target box sample: [207.0, 198.0, 287.0, 283.0]
2025-05-28 13:11:38,944 - all_data_dino_improved - INFO - Validation Epoch 23, Loss: 5.0802
2025-05-28 13:11:38,944 - all_data_dino_improved - INFO - Val metrics: Acc@0.25: 0.2455 | Acc@0.5: 0.0902 | Acc@0.75: 0.0105 | mIoU: 0.1423 | medianIoU: 0.0191 | mae_x1: 116.5248 | mae_y1: 123.7040 | mae_x2: 119.3545 | mae_y2: 117.6981 | center_x_error: 106.4767 | center_y_error: 108.6554 | width_error: 2.3304 | height_error: 2.2266 | loss: 5.0802
2025-05-28 13:11:39,778 - all_data_dino_improved - INFO - Saved model checkpoint to /home/pokle/Trans-VG/visual_grounding/checkpoints/all_data_dino_improved_epoch23.pth
2025-05-28 13:11:39,778 - all_data_dino_improved - INFO - Epoch 24/200
2025-05-28 13:11:43,595 - all_data_dino_improved - INFO - Epoch 24, Batch 0/1360, Loss: 4.4980
2025-05-28 13:11:43,595 - all_data_dino_improved - INFO - Train metrics: l1_loss: 0.4884 | giou_loss: 1.0157 | center_loss: 0.0245 | total_loss: 4.4980
2025-05-28 13:13:15,204 - all_data_dino_improved - INFO - Epoch 24, Batch 50/1360, Loss: 4.0917
2025-05-28 13:13:15,204 - all_data_dino_improved - INFO - Train metrics: l1_loss: 0.4519 | giou_loss: 0.9065 | center_loss: 0.0193 | total_loss: 4.0917
2025-05-28 13:14:46,022 - all_data_dino_improved - INFO - Epoch 24, Batch 100/1360, Loss: 3.8352
2025-05-28 13:14:46,022 - all_data_dino_improved - INFO - Train metrics: l1_loss: 0.3621 | giou_loss: 1.0054 | center_loss: 0.0138 | total_loss: 3.8352
2025-05-28 13:16:17,048 - all_data_dino_improved - INFO - Epoch 24, Batch 150/1360, Loss: 4.2006
2025-05-28 13:16:17,048 - all_data_dino_improved - INFO - Train metrics: l1_loss: 0.4213 | giou_loss: 1.0392 | center_loss: 0.0157 | total_loss: 4.2006
2025-05-28 13:17:47,936 - all_data_dino_improved - INFO - Epoch 24, Batch 200/1360, Loss: 4.9175
2025-05-28 13:17:47,936 - all_data_dino_improved - INFO - Train metrics: l1_loss: 0.5226 | giou_loss: 1.1395 | center_loss: 0.0252 | total_loss: 4.9175
2025-05-28 13:19:18,404 - all_data_dino_improved - INFO - Epoch 24, Batch 250/1360, Loss: 3.5134
2025-05-28 13:19:18,405 - all_data_dino_improved - INFO - Train metrics: l1_loss: 0.3318 | giou_loss: 0.9222 | center_loss: 0.0101 | total_loss: 3.5134
2025-05-28 13:20:48,718 - all_data_dino_improved - INFO - Epoch 24, Batch 300/1360, Loss: 4.0055
2025-05-28 13:20:48,718 - all_data_dino_improved - INFO - Train metrics: l1_loss: 0.4066 | giou_loss: 0.9795 | center_loss: 0.0134 | total_loss: 4.0055
2025-05-28 13:22:19,060 - all_data_dino_improved - INFO - Epoch 24, Batch 350/1360, Loss: 4.2942
2025-05-28 13:22:19,061 - all_data_dino_improved - INFO - Train metrics: l1_loss: 0.4419 | giou_loss: 1.0311 | center_loss: 0.0222 | total_loss: 4.2942
2025-05-28 13:23:50,059 - all_data_dino_improved - INFO - Epoch 24, Batch 400/1360, Loss: 3.2033
2025-05-28 13:23:50,059 - all_data_dino_improved - INFO - Train metrics: l1_loss: 0.3006 | giou_loss: 0.8469 | center_loss: 0.0064 | total_loss: 3.2033
2025-05-28 13:25:21,533 - all_data_dino_improved - INFO - Epoch 24, Batch 450/1360, Loss: 3.9529
2025-05-28 13:25:21,534 - all_data_dino_improved - INFO - Train metrics: l1_loss: 0.4450 | giou_loss: 0.8559 | center_loss: 0.0161 | total_loss: 3.9529
2025-05-28 13:26:51,988 - all_data_dino_improved - INFO - Epoch 24, Batch 500/1360, Loss: 3.1723
2025-05-28 13:26:51,988 - all_data_dino_improved - INFO - Train metrics: l1_loss: 0.3208 | giou_loss: 0.7809 | center_loss: 0.0065 | total_loss: 3.1723
2025-05-28 13:28:22,261 - all_data_dino_improved - INFO - Epoch 24, Batch 550/1360, Loss: 4.0210
2025-05-28 13:28:22,261 - all_data_dino_improved - INFO - Train metrics: l1_loss: 0.4028 | giou_loss: 0.9969 | center_loss: 0.0133 | total_loss: 4.0210
2025-05-28 13:29:52,766 - all_data_dino_improved - INFO - Epoch 24, Batch 600/1360, Loss: 3.8243
2025-05-28 13:29:52,766 - all_data_dino_improved - INFO - Train metrics: l1_loss: 0.3872 | giou_loss: 0.9375 | center_loss: 0.0132 | total_loss: 3.8243
2025-05-28 13:31:23,205 - all_data_dino_improved - INFO - Epoch 24, Batch 650/1360, Loss: 3.6396
2025-05-28 13:31:23,206 - all_data_dino_improved - INFO - Train metrics: l1_loss: 0.3561 | giou_loss: 0.9250 | center_loss: 0.0093 | total_loss: 3.6396
2025-05-28 13:32:53,515 - all_data_dino_improved - INFO - Epoch 24, Batch 700/1360, Loss: 4.6684
2025-05-28 13:32:53,515 - all_data_dino_improved - INFO - Train metrics: l1_loss: 0.4907 | giou_loss: 1.0933 | center_loss: 0.0281 | total_loss: 4.6684
2025-05-28 13:34:24,343 - all_data_dino_improved - INFO - Epoch 24, Batch 750/1360, Loss: 3.7760
2025-05-28 13:34:24,343 - all_data_dino_improved - INFO - Train metrics: l1_loss: 0.3816 | giou_loss: 0.9269 | center_loss: 0.0143 | total_loss: 3.7760
2025-05-28 13:35:55,266 - all_data_dino_improved - INFO - Epoch 24, Batch 800/1360, Loss: 4.1761
2025-05-28 13:35:55,267 - all_data_dino_improved - INFO - Train metrics: l1_loss: 0.4167 | giou_loss: 1.0385 | center_loss: 0.0157 | total_loss: 4.1761
2025-05-28 13:37:26,739 - all_data_dino_improved - INFO - Epoch 24, Batch 850/1360, Loss: 4.4545
2025-05-28 13:37:26,739 - all_data_dino_improved - INFO - Train metrics: l1_loss: 0.4444 | giou_loss: 1.1084 | center_loss: 0.0157 | total_loss: 4.4545
2025-05-28 13:38:57,185 - all_data_dino_improved - INFO - Epoch 24, Batch 900/1360, Loss: 3.6193
2025-05-28 13:38:57,185 - all_data_dino_improved - INFO - Train metrics: l1_loss: 0.4010 | giou_loss: 0.7979 | center_loss: 0.0183 | total_loss: 3.6193
2025-05-28 13:40:28,227 - all_data_dino_improved - INFO - Epoch 24, Batch 950/1360, Loss: 3.9369
2025-05-28 13:40:28,227 - all_data_dino_improved - INFO - Train metrics: l1_loss: 0.3806 | giou_loss: 1.0106 | center_loss: 0.0125 | total_loss: 3.9369
2025-05-28 13:41:58,487 - all_data_dino_improved - INFO - Epoch 24, Batch 1000/1360, Loss: 3.5510
2025-05-28 13:41:58,488 - all_data_dino_improved - INFO - Train metrics: l1_loss: 0.3578 | giou_loss: 0.8761 | center_loss: 0.0098 | total_loss: 3.5510
2025-05-28 13:43:28,286 - all_data_dino_improved - INFO - Epoch 24, Batch 1050/1360, Loss: 4.0949
2025-05-28 13:43:28,286 - all_data_dino_improved - INFO - Train metrics: l1_loss: 0.4122 | giou_loss: 1.0101 | center_loss: 0.0138 | total_loss: 4.0949
2025-05-28 13:44:58,874 - all_data_dino_improved - INFO - Epoch 24, Batch 1100/1360, Loss: 3.7886
2025-05-28 13:44:58,874 - all_data_dino_improved - INFO - Train metrics: l1_loss: 0.3835 | giou_loss: 0.9293 | center_loss: 0.0124 | total_loss: 3.7886
2025-05-28 13:46:29,511 - all_data_dino_improved - INFO - Epoch 24, Batch 1150/1360, Loss: 4.0664
2025-05-28 13:46:29,511 - all_data_dino_improved - INFO - Train metrics: l1_loss: 0.3877 | giou_loss: 1.0585 | center_loss: 0.0109 | total_loss: 4.0664
2025-05-28 13:48:00,317 - all_data_dino_improved - INFO - Epoch 24, Batch 1200/1360, Loss: 4.3179
2025-05-28 13:48:00,317 - all_data_dino_improved - INFO - Train metrics: l1_loss: 0.4499 | giou_loss: 1.0255 | center_loss: 0.0176 | total_loss: 4.3179
2025-05-28 13:49:30,702 - all_data_dino_improved - INFO - Epoch 24, Batch 1250/1360, Loss: 3.6676
2025-05-28 13:49:30,702 - all_data_dino_improved - INFO - Train metrics: l1_loss: 0.3719 | giou_loss: 0.8969 | center_loss: 0.0142 | total_loss: 3.6676
2025-05-28 13:51:00,984 - all_data_dino_improved - INFO - Epoch 24, Batch 1300/1360, Loss: 3.5420
2025-05-28 13:51:00,984 - all_data_dino_improved - INFO - Train metrics: l1_loss: 0.3401 | giou_loss: 0.9149 | center_loss: 0.0115 | total_loss: 3.5420
2025-05-28 13:52:31,428 - all_data_dino_improved - INFO - Epoch 24, Batch 1350/1360, Loss: 4.1404
2025-05-28 13:52:31,428 - all_data_dino_improved - INFO - Train metrics: l1_loss: 0.4008 | giou_loss: 1.0612 | center_loss: 0.0139 | total_loss: 4.1404
2025-05-28 13:52:47,701 - all_data_dino_improved - INFO - Train Epoch 24, Loss: 3.9150
2025-05-28 13:55:16,725 - all_data_dino_improved - INFO - Pred box sample: [80.41177368164062, 74.27767944335938, 279.391845703125, 265.3793640136719]
2025-05-28 13:55:16,725 - all_data_dino_improved - INFO - Target box sample: [207.0, 198.0, 287.0, 283.0]
2025-05-28 13:55:16,821 - all_data_dino_improved - INFO - Validation Epoch 24, Loss: 5.0829
2025-05-28 13:55:16,821 - all_data_dino_improved - INFO - Val metrics: Acc@0.25: 0.2487 | Acc@0.5: 0.0932 | Acc@0.75: 0.0153 | mIoU: 0.1451 | medianIoU: 0.0220 | mae_x1: 119.3792 | mae_y1: 122.5997 | mae_x2: 118.7678 | mae_y2: 122.5488 | center_x_error: 106.6250 | center_y_error: 109.1898 | width_error: 2.4819 | height_error: 2.3888 | loss: 5.0829
2025-05-28 13:55:17,659 - all_data_dino_improved - INFO - Saved model checkpoint to /home/pokle/Trans-VG/visual_grounding/checkpoints/all_data_dino_improved_epoch24.pth
2025-05-28 13:55:17,660 - all_data_dino_improved - INFO - Epoch 25/200
2025-05-28 13:55:21,597 - all_data_dino_improved - INFO - Epoch 25, Batch 0/1360, Loss: 4.0925
2025-05-28 13:55:21,597 - all_data_dino_improved - INFO - Train metrics: l1_loss: 0.4271 | giou_loss: 0.9682 | center_loss: 0.0204 | total_loss: 4.0925
2025-05-28 13:56:52,301 - all_data_dino_improved - INFO - Epoch 25, Batch 50/1360, Loss: 3.6263
2025-05-28 13:56:52,302 - all_data_dino_improved - INFO - Train metrics: l1_loss: 0.3519 | giou_loss: 0.9295 | center_loss: 0.0079 | total_loss: 3.6263
2025-05-28 13:58:23,306 - all_data_dino_improved - INFO - Epoch 25, Batch 100/1360, Loss: 3.8370
2025-05-28 13:58:23,306 - all_data_dino_improved - INFO - Train metrics: l1_loss: 0.4022 | giou_loss: 0.9073 | center_loss: 0.0114 | total_loss: 3.8370
2025-05-28 13:59:54,518 - all_data_dino_improved - INFO - Epoch 25, Batch 150/1360, Loss: 3.6415
2025-05-28 13:59:54,519 - all_data_dino_improved - INFO - Train metrics: l1_loss: 0.3770 | giou_loss: 0.8727 | center_loss: 0.0111 | total_loss: 3.6415
2025-05-28 14:01:25,450 - all_data_dino_improved - INFO - Epoch 25, Batch 200/1360, Loss: 3.4083
2025-05-28 14:01:25,451 - all_data_dino_improved - INFO - Train metrics: l1_loss: 0.3489 | giou_loss: 0.8266 | center_loss: 0.0103 | total_loss: 3.4083
2025-05-28 14:02:55,982 - all_data_dino_improved - INFO - Epoch 25, Batch 250/1360, Loss: 4.1517
2025-05-28 14:02:55,982 - all_data_dino_improved - INFO - Train metrics: l1_loss: 0.4320 | giou_loss: 0.9873 | center_loss: 0.0170 | total_loss: 4.1517
2025-05-28 14:04:26,340 - all_data_dino_improved - INFO - Epoch 25, Batch 300/1360, Loss: 4.3393
2025-05-28 14:04:26,341 - all_data_dino_improved - INFO - Train metrics: l1_loss: 0.4331 | giou_loss: 1.0800 | center_loss: 0.0140 | total_loss: 4.3393
2025-05-28 14:05:56,979 - all_data_dino_improved - INFO - Epoch 25, Batch 350/1360, Loss: 4.4937
2025-05-28 14:05:56,979 - all_data_dino_improved - INFO - Train metrics: l1_loss: 0.4646 | giou_loss: 1.0742 | center_loss: 0.0226 | total_loss: 4.4937
2025-05-28 14:07:27,379 - all_data_dino_improved - INFO - Epoch 25, Batch 400/1360, Loss: 4.0604
2025-05-28 14:07:27,379 - all_data_dino_improved - INFO - Train metrics: l1_loss: 0.4262 | giou_loss: 0.9537 | center_loss: 0.0221 | total_loss: 4.0604
2025-05-28 14:08:57,813 - all_data_dino_improved - INFO - Epoch 25, Batch 450/1360, Loss: 3.3522
2025-05-28 14:08:57,813 - all_data_dino_improved - INFO - Train metrics: l1_loss: 0.3219 | giou_loss: 0.8672 | center_loss: 0.0085 | total_loss: 3.3522
2025-05-28 14:10:28,398 - all_data_dino_improved - INFO - Epoch 25, Batch 500/1360, Loss: 3.7673
2025-05-28 14:10:28,398 - all_data_dino_improved - INFO - Train metrics: l1_loss: 0.3999 | giou_loss: 0.8772 | center_loss: 0.0137 | total_loss: 3.7673
2025-05-28 14:11:58,904 - all_data_dino_improved - INFO - Epoch 25, Batch 550/1360, Loss: 3.9986
2025-05-28 14:11:58,904 - all_data_dino_improved - INFO - Train metrics: l1_loss: 0.4148 | giou_loss: 0.9525 | center_loss: 0.0199 | total_loss: 3.9986
2025-05-28 14:13:29,787 - all_data_dino_improved - INFO - Epoch 25, Batch 600/1360, Loss: 3.4236
2025-05-28 14:13:29,788 - all_data_dino_improved - INFO - Train metrics: l1_loss: 0.3211 | giou_loss: 0.9058 | center_loss: 0.0067 | total_loss: 3.4236
2025-05-28 14:15:00,717 - all_data_dino_improved - INFO - Epoch 25, Batch 650/1360, Loss: 3.7898
2025-05-28 14:15:00,717 - all_data_dino_improved - INFO - Train metrics: l1_loss: 0.3457 | giou_loss: 1.0267 | center_loss: 0.0081 | total_loss: 3.7898
2025-05-28 14:16:31,560 - all_data_dino_improved - INFO - Epoch 25, Batch 700/1360, Loss: 3.5891
2025-05-28 14:16:31,561 - all_data_dino_improved - INFO - Train metrics: l1_loss: 0.3456 | giou_loss: 0.9253 | center_loss: 0.0103 | total_loss: 3.5891
2025-05-28 14:18:01,867 - all_data_dino_improved - INFO - Epoch 25, Batch 750/1360, Loss: 3.9263
2025-05-28 14:18:01,867 - all_data_dino_improved - INFO - Train metrics: l1_loss: 0.4055 | giou_loss: 0.9435 | center_loss: 0.0119 | total_loss: 3.9263
2025-05-28 14:19:32,309 - all_data_dino_improved - INFO - Epoch 25, Batch 800/1360, Loss: 4.3823
2025-05-28 14:19:32,309 - all_data_dino_improved - INFO - Train metrics: l1_loss: 0.4758 | giou_loss: 0.9916 | center_loss: 0.0199 | total_loss: 4.3823
2025-05-28 14:21:02,405 - all_data_dino_improved - INFO - Epoch 25, Batch 850/1360, Loss: 3.5621
2025-05-28 14:21:02,405 - all_data_dino_improved - INFO - Train metrics: l1_loss: 0.3515 | giou_loss: 0.8967 | center_loss: 0.0113 | total_loss: 3.5621
2025-05-28 14:22:32,512 - all_data_dino_improved - INFO - Epoch 25, Batch 900/1360, Loss: 4.3599
2025-05-28 14:22:32,512 - all_data_dino_improved - INFO - Train metrics: l1_loss: 0.4450 | giou_loss: 1.0594 | center_loss: 0.0162 | total_loss: 4.3599
2025-05-28 14:24:02,509 - all_data_dino_improved - INFO - Epoch 25, Batch 950/1360, Loss: 3.9683
2025-05-28 14:24:02,509 - all_data_dino_improved - INFO - Train metrics: l1_loss: 0.4331 | giou_loss: 0.8935 | center_loss: 0.0158 | total_loss: 3.9683
2025-05-28 14:25:33,201 - all_data_dino_improved - INFO - Epoch 25, Batch 1000/1360, Loss: 3.6125
2025-05-28 14:25:33,201 - all_data_dino_improved - INFO - Train metrics: l1_loss: 0.3638 | giou_loss: 0.8926 | center_loss: 0.0084 | total_loss: 3.6125
2025-05-28 14:27:04,219 - all_data_dino_improved - INFO - Epoch 25, Batch 1050/1360, Loss: 3.7165
2025-05-28 14:27:04,220 - all_data_dino_improved - INFO - Train metrics: l1_loss: 0.3798 | giou_loss: 0.9033 | center_loss: 0.0108 | total_loss: 3.7165
2025-05-28 14:28:34,855 - all_data_dino_improved - INFO - Epoch 25, Batch 1100/1360, Loss: 4.3140
2025-05-28 14:28:34,855 - all_data_dino_improved - INFO - Train metrics: l1_loss: 0.4288 | giou_loss: 1.0789 | center_loss: 0.0124 | total_loss: 4.3140
2025-05-28 14:30:04,403 - all_data_dino_improved - INFO - Epoch 25, Batch 1150/1360, Loss: 4.3480
2025-05-28 14:30:04,403 - all_data_dino_improved - INFO - Train metrics: l1_loss: 0.4818 | giou_loss: 0.9600 | center_loss: 0.0189 | total_loss: 4.3480
2025-05-28 14:31:34,715 - all_data_dino_improved - INFO - Epoch 25, Batch 1200/1360, Loss: 3.7176
2025-05-28 14:31:34,715 - all_data_dino_improved - INFO - Train metrics: l1_loss: 0.3733 | giou_loss: 0.9183 | center_loss: 0.0145 | total_loss: 3.7176
2025-05-28 14:33:05,565 - all_data_dino_improved - INFO - Epoch 25, Batch 1250/1360, Loss: 3.6848
2025-05-28 14:33:05,566 - all_data_dino_improved - INFO - Train metrics: l1_loss: 0.3656 | giou_loss: 0.9239 | center_loss: 0.0092 | total_loss: 3.6848
2025-05-28 14:34:36,473 - all_data_dino_improved - INFO - Epoch 25, Batch 1300/1360, Loss: 3.9916
2025-05-28 14:34:36,473 - all_data_dino_improved - INFO - Train metrics: l1_loss: 0.4026 | giou_loss: 0.9837 | center_loss: 0.0112 | total_loss: 3.9916
2025-05-28 14:36:06,875 - all_data_dino_improved - INFO - Epoch 25, Batch 1350/1360, Loss: 3.7810
2025-05-28 14:36:06,876 - all_data_dino_improved - INFO - Train metrics: l1_loss: 0.3849 | giou_loss: 0.9192 | center_loss: 0.0183 | total_loss: 3.7810
2025-05-28 14:36:23,100 - all_data_dino_improved - INFO - Train Epoch 25, Loss: 3.8969
2025-05-28 14:38:52,218 - all_data_dino_improved - INFO - Pred box sample: [81.51490020751953, 97.33912658691406, 264.7278747558594, 267.3349914550781]
2025-05-28 14:38:52,218 - all_data_dino_improved - INFO - Target box sample: [207.0, 198.0, 287.0, 283.0]
2025-05-28 14:38:52,316 - all_data_dino_improved - INFO - Validation Epoch 25, Loss: 5.1301
2025-05-28 14:38:52,316 - all_data_dino_improved - INFO - Val metrics: Acc@0.25: 0.2439 | Acc@0.5: 0.0886 | Acc@0.75: 0.0115 | mIoU: 0.1418 | medianIoU: 0.0185 | mae_x1: 119.4232 | mae_y1: 123.4980 | mae_x2: 120.3446 | mae_y2: 123.2539 | center_x_error: 108.2030 | center_y_error: 110.9288 | width_error: 2.4368 | height_error: 2.2523 | loss: 5.1301
2025-05-28 14:38:53,152 - all_data_dino_improved - INFO - Saved model checkpoint to /home/pokle/Trans-VG/visual_grounding/checkpoints/all_data_dino_improved_epoch25.pth
2025-05-28 14:38:53,152 - all_data_dino_improved - INFO - Epoch 26/200
2025-05-28 14:38:57,244 - all_data_dino_improved - INFO - Epoch 26, Batch 0/1360, Loss: 4.1067
2025-05-28 14:38:57,244 - all_data_dino_improved - INFO - Train metrics: l1_loss: 0.4034 | giou_loss: 1.0378 | center_loss: 0.0141 | total_loss: 4.1067
2025-05-28 14:40:28,008 - all_data_dino_improved - INFO - Epoch 26, Batch 50/1360, Loss: 3.7162
2025-05-28 14:40:28,008 - all_data_dino_improved - INFO - Train metrics: l1_loss: 0.3523 | giou_loss: 0.9726 | center_loss: 0.0098 | total_loss: 3.7162
2025-05-28 14:41:58,639 - all_data_dino_improved - INFO - Epoch 26, Batch 100/1360, Loss: 3.9717
2025-05-28 14:41:58,640 - all_data_dino_improved - INFO - Train metrics: l1_loss: 0.4046 | giou_loss: 0.9667 | center_loss: 0.0155 | total_loss: 3.9717
2025-05-28 14:43:29,056 - all_data_dino_improved - INFO - Epoch 26, Batch 150/1360, Loss: 3.2194
2025-05-28 14:43:29,056 - all_data_dino_improved - INFO - Train metrics: l1_loss: 0.2762 | giou_loss: 0.9171 | center_loss: 0.0044 | total_loss: 3.2194
2025-05-28 14:44:59,669 - all_data_dino_improved - INFO - Epoch 26, Batch 200/1360, Loss: 3.8783
2025-05-28 14:44:59,669 - all_data_dino_improved - INFO - Train metrics: l1_loss: 0.3835 | giou_loss: 0.9749 | center_loss: 0.0112 | total_loss: 3.8783
2025-05-28 14:46:30,011 - all_data_dino_improved - INFO - Epoch 26, Batch 250/1360, Loss: 3.8430
2025-05-28 14:46:30,012 - all_data_dino_improved - INFO - Train metrics: l1_loss: 0.3823 | giou_loss: 0.9599 | center_loss: 0.0116 | total_loss: 3.8430
2025-05-28 14:48:00,211 - all_data_dino_improved - INFO - Epoch 26, Batch 300/1360, Loss: 3.8989
2025-05-28 14:48:00,212 - all_data_dino_improved - INFO - Train metrics: l1_loss: 0.3816 | giou_loss: 0.9890 | center_loss: 0.0129 | total_loss: 3.8989
2025-05-28 14:49:30,313 - all_data_dino_improved - INFO - Epoch 26, Batch 350/1360, Loss: 3.7384
2025-05-28 14:49:30,313 - all_data_dino_improved - INFO - Train metrics: l1_loss: 0.3657 | giou_loss: 0.9503 | center_loss: 0.0092 | total_loss: 3.7384
2025-05-28 14:51:00,735 - all_data_dino_improved - INFO - Epoch 26, Batch 400/1360, Loss: 4.0839
2025-05-28 14:51:00,735 - all_data_dino_improved - INFO - Train metrics: l1_loss: 0.4166 | giou_loss: 0.9936 | center_loss: 0.0135 | total_loss: 4.0839
2025-05-28 14:52:31,154 - all_data_dino_improved - INFO - Epoch 26, Batch 450/1360, Loss: 4.0104
2025-05-28 14:52:31,154 - all_data_dino_improved - INFO - Train metrics: l1_loss: 0.4024 | giou_loss: 0.9920 | center_loss: 0.0144 | total_loss: 4.0104
2025-05-28 14:54:02,248 - all_data_dino_improved - INFO - Epoch 26, Batch 500/1360, Loss: 3.1912
2025-05-28 14:54:02,248 - all_data_dino_improved - INFO - Train metrics: l1_loss: 0.2951 | giou_loss: 0.8546 | center_loss: 0.0067 | total_loss: 3.1912
2025-05-28 14:55:32,918 - all_data_dino_improved - INFO - Epoch 26, Batch 550/1360, Loss: 3.6617
2025-05-28 14:55:32,918 - all_data_dino_improved - INFO - Train metrics: l1_loss: 0.3621 | giou_loss: 0.9211 | center_loss: 0.0092 | total_loss: 3.6617
2025-05-28 14:57:03,883 - all_data_dino_improved - INFO - Epoch 26, Batch 600/1360, Loss: 4.1889
2025-05-28 14:57:03,883 - all_data_dino_improved - INFO - Train metrics: l1_loss: 0.4297 | giou_loss: 1.0127 | center_loss: 0.0148 | total_loss: 4.1889
2025-05-28 14:58:34,717 - all_data_dino_improved - INFO - Epoch 26, Batch 650/1360, Loss: 3.8500
2025-05-28 14:58:34,717 - all_data_dino_improved - INFO - Train metrics: l1_loss: 0.3798 | giou_loss: 0.9694 | center_loss: 0.0121 | total_loss: 3.8500
2025-05-28 15:00:04,678 - all_data_dino_improved - INFO - Epoch 26, Batch 700/1360, Loss: 3.5037
2025-05-28 15:00:04,678 - all_data_dino_improved - INFO - Train metrics: l1_loss: 0.3238 | giou_loss: 0.9373 | center_loss: 0.0098 | total_loss: 3.5037
2025-05-28 15:01:35,250 - all_data_dino_improved - INFO - Epoch 26, Batch 750/1360, Loss: 3.3699
2025-05-28 15:01:35,250 - all_data_dino_improved - INFO - Train metrics: l1_loss: 0.3356 | giou_loss: 0.8424 | center_loss: 0.0072 | total_loss: 3.3699
2025-05-28 15:03:05,528 - all_data_dino_improved - INFO - Epoch 26, Batch 800/1360, Loss: 4.2006
2025-05-28 15:03:05,528 - all_data_dino_improved - INFO - Train metrics: l1_loss: 0.4199 | giou_loss: 1.0426 | center_loss: 0.0160 | total_loss: 4.2006
2025-05-28 15:04:35,853 - all_data_dino_improved - INFO - Epoch 26, Batch 850/1360, Loss: 3.9055
2025-05-28 15:04:35,853 - all_data_dino_improved - INFO - Train metrics: l1_loss: 0.4043 | giou_loss: 0.9365 | center_loss: 0.0111 | total_loss: 3.9055
2025-05-28 15:06:06,047 - all_data_dino_improved - INFO - Epoch 26, Batch 900/1360, Loss: 3.0925
2025-05-28 15:06:06,048 - all_data_dino_improved - INFO - Train metrics: l1_loss: 0.2815 | giou_loss: 0.8402 | center_loss: 0.0049 | total_loss: 3.0925
2025-05-28 15:07:35,844 - all_data_dino_improved - INFO - Epoch 26, Batch 950/1360, Loss: 3.9810
2025-05-28 15:07:35,844 - all_data_dino_improved - INFO - Train metrics: l1_loss: 0.4131 | giou_loss: 0.9472 | center_loss: 0.0207 | total_loss: 3.9810
2025-05-28 15:09:06,234 - all_data_dino_improved - INFO - Epoch 26, Batch 1000/1360, Loss: 3.3714
2025-05-28 15:09:06,234 - all_data_dino_improved - INFO - Train metrics: l1_loss: 0.3351 | giou_loss: 0.8452 | center_loss: 0.0053 | total_loss: 3.3714
2025-05-28 15:10:36,294 - all_data_dino_improved - INFO - Epoch 26, Batch 1050/1360, Loss: 4.2101
2025-05-28 15:10:36,294 - all_data_dino_improved - INFO - Train metrics: l1_loss: 0.4303 | giou_loss: 1.0195 | center_loss: 0.0194 | total_loss: 4.2101
2025-05-28 15:12:06,593 - all_data_dino_improved - INFO - Epoch 26, Batch 1100/1360, Loss: 4.0002
2025-05-28 15:12:06,594 - all_data_dino_improved - INFO - Train metrics: l1_loss: 0.4068 | giou_loss: 0.9743 | center_loss: 0.0174 | total_loss: 4.0002
2025-05-28 15:13:37,124 - all_data_dino_improved - INFO - Epoch 26, Batch 1150/1360, Loss: 4.1507
2025-05-28 15:13:37,124 - all_data_dino_improved - INFO - Train metrics: l1_loss: 0.4057 | giou_loss: 1.0531 | center_loss: 0.0158 | total_loss: 4.1507
2025-05-28 15:15:07,437 - all_data_dino_improved - INFO - Epoch 26, Batch 1200/1360, Loss: 3.9498
2025-05-28 15:15:07,437 - all_data_dino_improved - INFO - Train metrics: l1_loss: 0.4127 | giou_loss: 0.9341 | center_loss: 0.0179 | total_loss: 3.9498
2025-05-28 15:16:37,391 - all_data_dino_improved - INFO - Epoch 26, Batch 1250/1360, Loss: 4.3720
2025-05-28 15:16:37,392 - all_data_dino_improved - INFO - Train metrics: l1_loss: 0.4112 | giou_loss: 1.1520 | center_loss: 0.0123 | total_loss: 4.3720
2025-05-28 15:18:07,859 - all_data_dino_improved - INFO - Epoch 26, Batch 1300/1360, Loss: 3.5293
2025-05-28 15:18:07,860 - all_data_dino_improved - INFO - Train metrics: l1_loss: 0.3377 | giou_loss: 0.9158 | center_loss: 0.0091 | total_loss: 3.5293
2025-05-28 15:19:37,966 - all_data_dino_improved - INFO - Epoch 26, Batch 1350/1360, Loss: 4.1153
2025-05-28 15:19:37,966 - all_data_dino_improved - INFO - Train metrics: l1_loss: 0.4119 | giou_loss: 1.0208 | center_loss: 0.0146 | total_loss: 4.1153
2025-05-28 15:19:54,211 - all_data_dino_improved - INFO - Train Epoch 26, Loss: 3.8764
2025-05-28 15:22:23,205 - all_data_dino_improved - INFO - Pred box sample: [89.6849594116211, 85.41653442382812, 286.38873291015625, 270.25567626953125]
2025-05-28 15:22:23,205 - all_data_dino_improved - INFO - Target box sample: [207.0, 198.0, 287.0, 283.0]
2025-05-28 15:22:23,296 - all_data_dino_improved - INFO - Validation Epoch 26, Loss: 5.0798
2025-05-28 15:22:23,296 - all_data_dino_improved - INFO - Val metrics: Acc@0.25: 0.2501 | Acc@0.5: 0.0922 | Acc@0.75: 0.0115 | mIoU: 0.1454 | medianIoU: 0.0196 | mae_x1: 116.2036 | mae_y1: 122.4607 | mae_x2: 120.1508 | mae_y2: 120.4642 | center_x_error: 106.2192 | center_y_error: 108.7852 | width_error: 2.3961 | height_error: 2.2556 | loss: 5.0798
2025-05-28 15:22:24,134 - all_data_dino_improved - INFO - Saved model checkpoint to /home/pokle/Trans-VG/visual_grounding/checkpoints/all_data_dino_improved_epoch26.pth
2025-05-28 15:22:24,134 - all_data_dino_improved - INFO - Epoch 27/200
2025-05-28 15:22:27,904 - all_data_dino_improved - INFO - Epoch 27, Batch 0/1360, Loss: 4.2952
2025-05-28 15:22:27,905 - all_data_dino_improved - INFO - Train metrics: l1_loss: 0.4706 | giou_loss: 0.9610 | center_loss: 0.0203 | total_loss: 4.2952
2025-05-28 15:23:58,263 - all_data_dino_improved - INFO - Epoch 27, Batch 50/1360, Loss: 4.1633
2025-05-28 15:23:58,263 - all_data_dino_improved - INFO - Train metrics: l1_loss: 0.4077 | giou_loss: 1.0530 | center_loss: 0.0186 | total_loss: 4.1633
2025-05-28 15:25:28,617 - all_data_dino_improved - INFO - Epoch 27, Batch 100/1360, Loss: 3.7976
2025-05-28 15:25:28,617 - all_data_dino_improved - INFO - Train metrics: l1_loss: 0.3865 | giou_loss: 0.9265 | center_loss: 0.0120 | total_loss: 3.7976
2025-05-28 15:26:58,798 - all_data_dino_improved - INFO - Epoch 27, Batch 150/1360, Loss: 4.0335
2025-05-28 15:26:58,798 - all_data_dino_improved - INFO - Train metrics: l1_loss: 0.4038 | giou_loss: 0.9999 | center_loss: 0.0149 | total_loss: 4.0335
2025-05-28 15:28:29,233 - all_data_dino_improved - INFO - Epoch 27, Batch 200/1360, Loss: 4.3167
2025-05-28 15:28:29,234 - all_data_dino_improved - INFO - Train metrics: l1_loss: 0.4775 | giou_loss: 0.9543 | center_loss: 0.0206 | total_loss: 4.3167
2025-05-28 15:30:00,158 - all_data_dino_improved - INFO - Epoch 27, Batch 250/1360, Loss: 3.6423
2025-05-28 15:30:00,158 - all_data_dino_improved - INFO - Train metrics: l1_loss: 0.3598 | giou_loss: 0.9158 | center_loss: 0.0116 | total_loss: 3.6423
2025-05-28 15:31:30,751 - all_data_dino_improved - INFO - Epoch 27, Batch 300/1360, Loss: 3.7274
2025-05-28 15:31:30,751 - all_data_dino_improved - INFO - Train metrics: l1_loss: 0.3684 | giou_loss: 0.9388 | center_loss: 0.0078 | total_loss: 3.7274
2025-05-28 15:33:01,203 - all_data_dino_improved - INFO - Epoch 27, Batch 350/1360, Loss: 4.1486
2025-05-28 15:33:01,203 - all_data_dino_improved - INFO - Train metrics: l1_loss: 0.4356 | giou_loss: 0.9762 | center_loss: 0.0181 | total_loss: 4.1486
2025-05-28 15:34:31,326 - all_data_dino_improved - INFO - Epoch 27, Batch 400/1360, Loss: 3.6537
2025-05-28 15:34:31,326 - all_data_dino_improved - INFO - Train metrics: l1_loss: 0.3466 | giou_loss: 0.9542 | center_loss: 0.0121 | total_loss: 3.6537
2025-05-28 15:36:01,565 - all_data_dino_improved - INFO - Epoch 27, Batch 450/1360, Loss: 3.9421
2025-05-28 15:36:01,565 - all_data_dino_improved - INFO - Train metrics: l1_loss: 0.3810 | giou_loss: 1.0124 | center_loss: 0.0123 | total_loss: 3.9421
2025-05-28 15:37:31,716 - all_data_dino_improved - INFO - Epoch 27, Batch 500/1360, Loss: 3.5272
2025-05-28 15:37:31,716 - all_data_dino_improved - INFO - Train metrics: l1_loss: 0.3430 | giou_loss: 0.9016 | center_loss: 0.0087 | total_loss: 3.5272
2025-05-28 15:39:02,456 - all_data_dino_improved - INFO - Epoch 27, Batch 550/1360, Loss: 3.7841
2025-05-28 15:39:02,456 - all_data_dino_improved - INFO - Train metrics: l1_loss: 0.3728 | giou_loss: 0.9550 | center_loss: 0.0102 | total_loss: 3.7841
2025-05-28 15:40:33,179 - all_data_dino_improved - INFO - Epoch 27, Batch 600/1360, Loss: 4.0949
2025-05-28 15:40:33,179 - all_data_dino_improved - INFO - Train metrics: l1_loss: 0.4207 | giou_loss: 0.9867 | center_loss: 0.0178 | total_loss: 4.0949
2025-05-28 15:42:03,493 - all_data_dino_improved - INFO - Epoch 27, Batch 650/1360, Loss: 4.1481
2025-05-28 15:42:03,493 - all_data_dino_improved - INFO - Train metrics: l1_loss: 0.4294 | giou_loss: 0.9921 | center_loss: 0.0170 | total_loss: 4.1481
2025-05-28 15:43:33,607 - all_data_dino_improved - INFO - Epoch 27, Batch 700/1360, Loss: 3.7026
2025-05-28 15:43:33,607 - all_data_dino_improved - INFO - Train metrics: l1_loss: 0.3718 | giou_loss: 0.9148 | center_loss: 0.0138 | total_loss: 3.7026
2025-05-28 15:45:03,797 - all_data_dino_improved - INFO - Epoch 27, Batch 750/1360, Loss: 4.0461
2025-05-28 15:45:03,798 - all_data_dino_improved - INFO - Train metrics: l1_loss: 0.4073 | giou_loss: 0.9975 | center_loss: 0.0144 | total_loss: 4.0461
2025-05-28 15:46:34,057 - all_data_dino_improved - INFO - Epoch 27, Batch 800/1360, Loss: 4.1572
2025-05-28 15:46:34,057 - all_data_dino_improved - INFO - Train metrics: l1_loss: 0.4093 | giou_loss: 1.0480 | center_loss: 0.0145 | total_loss: 4.1572
2025-05-28 15:48:04,370 - all_data_dino_improved - INFO - Epoch 27, Batch 850/1360, Loss: 3.4310
2025-05-28 15:48:04,370 - all_data_dino_improved - INFO - Train metrics: l1_loss: 0.3371 | giou_loss: 0.8677 | center_loss: 0.0100 | total_loss: 3.4310
2025-05-28 15:49:34,712 - all_data_dino_improved - INFO - Epoch 27, Batch 900/1360, Loss: 3.8974
2025-05-28 15:49:34,712 - all_data_dino_improved - INFO - Train metrics: l1_loss: 0.3719 | giou_loss: 1.0132 | center_loss: 0.0115 | total_loss: 3.8974
2025-05-28 15:51:05,411 - all_data_dino_improved - INFO - Epoch 27, Batch 950/1360, Loss: 4.0767
2025-05-28 15:51:05,411 - all_data_dino_improved - INFO - Train metrics: l1_loss: 0.4176 | giou_loss: 0.9880 | center_loss: 0.0127 | total_loss: 4.0767
2025-05-28 15:52:35,700 - all_data_dino_improved - INFO - Epoch 27, Batch 1000/1360, Loss: 4.6525
2025-05-28 15:52:35,700 - all_data_dino_improved - INFO - Train metrics: l1_loss: 0.5036 | giou_loss: 1.0532 | center_loss: 0.0281 | total_loss: 4.6525
2025-05-28 15:54:05,820 - all_data_dino_improved - INFO - Epoch 27, Batch 1050/1360, Loss: 3.8424
2025-05-28 15:54:05,820 - all_data_dino_improved - INFO - Train metrics: l1_loss: 0.4329 | giou_loss: 0.8293 | center_loss: 0.0194 | total_loss: 3.8424
2025-05-28 15:55:36,449 - all_data_dino_improved - INFO - Epoch 27, Batch 1100/1360, Loss: 3.6471
2025-05-28 15:55:36,449 - all_data_dino_improved - INFO - Train metrics: l1_loss: 0.3447 | giou_loss: 0.9564 | center_loss: 0.0107 | total_loss: 3.6471
2025-05-28 15:57:06,938 - all_data_dino_improved - INFO - Epoch 27, Batch 1150/1360, Loss: 4.0097
2025-05-28 15:57:06,938 - all_data_dino_improved - INFO - Train metrics: l1_loss: 0.3979 | giou_loss: 1.0044 | center_loss: 0.0115 | total_loss: 4.0097
2025-05-28 15:58:36,723 - all_data_dino_improved - INFO - Epoch 27, Batch 1200/1360, Loss: 4.0164
2025-05-28 15:58:36,723 - all_data_dino_improved - INFO - Train metrics: l1_loss: 0.4164 | giou_loss: 0.9607 | center_loss: 0.0132 | total_loss: 4.0164
2025-05-28 16:00:07,512 - all_data_dino_improved - INFO - Epoch 27, Batch 1250/1360, Loss: 3.4059
2025-05-28 16:00:07,512 - all_data_dino_improved - INFO - Train metrics: l1_loss: 0.3202 | giou_loss: 0.8978 | center_loss: 0.0091 | total_loss: 3.4059
2025-05-28 16:01:37,439 - all_data_dino_improved - INFO - Epoch 27, Batch 1300/1360, Loss: 4.2322
2025-05-28 16:01:37,439 - all_data_dino_improved - INFO - Train metrics: l1_loss: 0.4580 | giou_loss: 0.9630 | center_loss: 0.0163 | total_loss: 4.2322
2025-05-28 16:03:08,139 - all_data_dino_improved - INFO - Epoch 27, Batch 1350/1360, Loss: 4.0108
2025-05-28 16:03:08,139 - all_data_dino_improved - INFO - Train metrics: l1_loss: 0.3866 | giou_loss: 1.0329 | center_loss: 0.0118 | total_loss: 4.0108
2025-05-28 16:03:24,356 - all_data_dino_improved - INFO - Train Epoch 27, Loss: 3.8572
2025-05-28 16:05:53,330 - all_data_dino_improved - INFO - Pred box sample: [81.5286865234375, 100.86461639404297, 270.17059326171875, 284.4491882324219]
2025-05-28 16:05:53,330 - all_data_dino_improved - INFO - Target box sample: [207.0, 198.0, 287.0, 283.0]
2025-05-28 16:05:53,439 - all_data_dino_improved - INFO - Validation Epoch 27, Loss: 5.0852
2025-05-28 16:05:53,439 - all_data_dino_improved - INFO - Val metrics: Acc@0.25: 0.2473 | Acc@0.5: 0.0916 | Acc@0.75: 0.0127 | mIoU: 0.1449 | medianIoU: 0.0204 | mae_x1: 118.4128 | mae_y1: 122.1334 | mae_x2: 117.1616 | mae_y2: 123.9200 | center_x_error: 105.2218 | center_y_error: 110.0877 | width_error: 2.4765 | height_error: 2.3040 | loss: 5.0852
2025-05-28 16:05:54,449 - all_data_dino_improved - INFO - Saved model checkpoint to /home/pokle/Trans-VG/visual_grounding/checkpoints/all_data_dino_improved_epoch27.pth
2025-05-28 16:05:54,450 - all_data_dino_improved - INFO - Epoch 28/200
2025-05-28 16:05:58,417 - all_data_dino_improved - INFO - Epoch 28, Batch 0/1360, Loss: 3.9304
2025-05-28 16:05:58,418 - all_data_dino_improved - INFO - Train metrics: l1_loss: 0.3986 | giou_loss: 0.9625 | center_loss: 0.0122 | total_loss: 3.9304
2025-05-28 16:07:28,475 - all_data_dino_improved - INFO - Epoch 28, Batch 50/1360, Loss: 3.6576
2025-05-28 16:07:28,475 - all_data_dino_improved - INFO - Train metrics: l1_loss: 0.3441 | giou_loss: 0.9643 | center_loss: 0.0084 | total_loss: 3.6576
2025-05-28 16:08:58,584 - all_data_dino_improved - INFO - Epoch 28, Batch 100/1360, Loss: 3.9729
2025-05-28 16:08:58,584 - all_data_dino_improved - INFO - Train metrics: l1_loss: 0.4262 | giou_loss: 0.9122 | center_loss: 0.0177 | total_loss: 3.9729
2025-05-28 16:10:28,241 - all_data_dino_improved - INFO - Epoch 28, Batch 150/1360, Loss: 3.6972
2025-05-28 16:10:28,241 - all_data_dino_improved - INFO - Train metrics: l1_loss: 0.3575 | giou_loss: 0.9501 | center_loss: 0.0097 | total_loss: 3.6972
2025-05-28 16:11:58,980 - all_data_dino_improved - INFO - Epoch 28, Batch 200/1360, Loss: 3.4899
2025-05-28 16:11:58,980 - all_data_dino_improved - INFO - Train metrics: l1_loss: 0.3401 | giou_loss: 0.8899 | center_loss: 0.0098 | total_loss: 3.4899
2025-05-28 16:13:29,367 - all_data_dino_improved - INFO - Epoch 28, Batch 250/1360, Loss: 3.4559
2025-05-28 16:13:29,367 - all_data_dino_improved - INFO - Train metrics: l1_loss: 0.3386 | giou_loss: 0.8781 | center_loss: 0.0068 | total_loss: 3.4559
2025-05-28 16:14:59,729 - all_data_dino_improved - INFO - Epoch 28, Batch 300/1360, Loss: 3.8543
2025-05-28 16:14:59,730 - all_data_dino_improved - INFO - Train metrics: l1_loss: 0.4040 | giou_loss: 0.9095 | center_loss: 0.0151 | total_loss: 3.8543
2025-05-28 16:16:30,571 - all_data_dino_improved - INFO - Epoch 28, Batch 350/1360, Loss: 4.1736
2025-05-28 16:16:30,571 - all_data_dino_improved - INFO - Train metrics: l1_loss: 0.4570 | giou_loss: 0.9358 | center_loss: 0.0171 | total_loss: 4.1736
2025-05-28 16:18:00,660 - all_data_dino_improved - INFO - Epoch 28, Batch 400/1360, Loss: 4.6116
2025-05-28 16:18:00,660 - all_data_dino_improved - INFO - Train metrics: l1_loss: 0.4836 | giou_loss: 1.0842 | center_loss: 0.0249 | total_loss: 4.6116
2025-05-28 16:19:30,956 - all_data_dino_improved - INFO - Epoch 28, Batch 450/1360, Loss: 4.2072
2025-05-28 16:19:30,956 - all_data_dino_improved - INFO - Train metrics: l1_loss: 0.4247 | giou_loss: 1.0344 | center_loss: 0.0151 | total_loss: 4.2072
2025-05-28 16:21:01,074 - all_data_dino_improved - INFO - Epoch 28, Batch 500/1360, Loss: 3.3262
2025-05-28 16:21:01,074 - all_data_dino_improved - INFO - Train metrics: l1_loss: 0.3413 | giou_loss: 0.8048 | center_loss: 0.0100 | total_loss: 3.3262
2025-05-28 16:22:31,294 - all_data_dino_improved - INFO - Epoch 28, Batch 550/1360, Loss: 3.5788
2025-05-28 16:22:31,295 - all_data_dino_improved - INFO - Train metrics: l1_loss: 0.3856 | giou_loss: 0.8193 | center_loss: 0.0123 | total_loss: 3.5788
2025-05-28 16:24:01,740 - all_data_dino_improved - INFO - Epoch 28, Batch 600/1360, Loss: 4.2286
2025-05-28 16:24:01,741 - all_data_dino_improved - INFO - Train metrics: l1_loss: 0.4361 | giou_loss: 1.0171 | center_loss: 0.0140 | total_loss: 4.2286
2025-05-28 16:25:32,415 - all_data_dino_improved - INFO - Epoch 28, Batch 650/1360, Loss: 4.0283
2025-05-28 16:25:32,415 - all_data_dino_improved - INFO - Train metrics: l1_loss: 0.4261 | giou_loss: 0.9385 | center_loss: 0.0205 | total_loss: 4.0283
2025-05-28 16:27:01,667 - all_data_dino_improved - INFO - Epoch 28, Batch 700/1360, Loss: 3.8780
2025-05-28 16:27:01,667 - all_data_dino_improved - INFO - Train metrics: l1_loss: 0.4131 | giou_loss: 0.9002 | center_loss: 0.0120 | total_loss: 3.8780
2025-05-28 16:28:31,813 - all_data_dino_improved - INFO - Epoch 28, Batch 750/1360, Loss: 3.9657
2025-05-28 16:28:31,813 - all_data_dino_improved - INFO - Train metrics: l1_loss: 0.4096 | giou_loss: 0.9510 | center_loss: 0.0156 | total_loss: 3.9657
2025-05-28 16:30:02,367 - all_data_dino_improved - INFO - Epoch 28, Batch 800/1360, Loss: 4.2719
2025-05-28 16:30:02,367 - all_data_dino_improved - INFO - Train metrics: l1_loss: 0.4541 | giou_loss: 0.9919 | center_loss: 0.0178 | total_loss: 4.2719
2025-05-28 16:31:33,125 - all_data_dino_improved - INFO - Epoch 28, Batch 850/1360, Loss: 3.8389
2025-05-28 16:31:33,126 - all_data_dino_improved - INFO - Train metrics: l1_loss: 0.3812 | giou_loss: 0.9597 | center_loss: 0.0135 | total_loss: 3.8389
2025-05-28 16:33:03,566 - all_data_dino_improved - INFO - Epoch 28, Batch 900/1360, Loss: 3.6957
2025-05-28 16:33:03,566 - all_data_dino_improved - INFO - Train metrics: l1_loss: 0.3925 | giou_loss: 0.8593 | center_loss: 0.0144 | total_loss: 3.6957
2025-05-28 16:34:34,332 - all_data_dino_improved - INFO - Epoch 28, Batch 950/1360, Loss: 4.0358
2025-05-28 16:34:34,332 - all_data_dino_improved - INFO - Train metrics: l1_loss: 0.4041 | giou_loss: 1.0012 | center_loss: 0.0129 | total_loss: 4.0358
2025-05-28 16:36:05,258 - all_data_dino_improved - INFO - Epoch 28, Batch 1000/1360, Loss: 3.8953
2025-05-28 16:36:05,258 - all_data_dino_improved - INFO - Train metrics: l1_loss: 0.3666 | giou_loss: 1.0263 | center_loss: 0.0097 | total_loss: 3.8953
2025-05-28 16:37:35,382 - all_data_dino_improved - INFO - Epoch 28, Batch 1050/1360, Loss: 3.4943
2025-05-28 16:37:35,382 - all_data_dino_improved - INFO - Train metrics: l1_loss: 0.3402 | giou_loss: 0.8923 | center_loss: 0.0085 | total_loss: 3.4943
2025-05-28 16:39:06,111 - all_data_dino_improved - INFO - Epoch 28, Batch 1100/1360, Loss: 4.0338
2025-05-28 16:39:06,111 - all_data_dino_improved - INFO - Train metrics: l1_loss: 0.4072 | giou_loss: 0.9928 | center_loss: 0.0125 | total_loss: 4.0338
2025-05-28 16:40:36,626 - all_data_dino_improved - INFO - Epoch 28, Batch 1150/1360, Loss: 3.4394
2025-05-28 16:40:36,626 - all_data_dino_improved - INFO - Train metrics: l1_loss: 0.3478 | giou_loss: 0.8430 | center_loss: 0.0145 | total_loss: 3.4394
2025-05-28 16:42:06,465 - all_data_dino_improved - INFO - Epoch 28, Batch 1200/1360, Loss: 3.6733
2025-05-28 16:42:06,466 - all_data_dino_improved - INFO - Train metrics: l1_loss: 0.3477 | giou_loss: 0.9639 | center_loss: 0.0070 | total_loss: 3.6733
2025-05-28 16:43:37,054 - all_data_dino_improved - INFO - Epoch 28, Batch 1250/1360, Loss: 3.6798
2025-05-28 16:43:37,054 - all_data_dino_improved - INFO - Train metrics: l1_loss: 0.3703 | giou_loss: 0.9056 | center_loss: 0.0172 | total_loss: 3.6798
2025-05-28 16:45:06,986 - all_data_dino_improved - INFO - Epoch 28, Batch 1300/1360, Loss: 4.7897
2025-05-28 16:45:06,986 - all_data_dino_improved - INFO - Train metrics: l1_loss: 0.5243 | giou_loss: 1.0679 | center_loss: 0.0323 | total_loss: 4.7897
2025-05-28 16:46:37,695 - all_data_dino_improved - INFO - Epoch 28, Batch 1350/1360, Loss: 3.4588
2025-05-28 16:46:37,695 - all_data_dino_improved - INFO - Train metrics: l1_loss: 0.3276 | giou_loss: 0.9056 | center_loss: 0.0099 | total_loss: 3.4588
2025-05-28 16:46:53,676 - all_data_dino_improved - INFO - Train Epoch 28, Loss: 3.8342
2025-05-28 16:49:22,795 - all_data_dino_improved - INFO - Pred box sample: [88.34626770019531, 91.24524688720703, 262.39630126953125, 255.84075927734375]
2025-05-28 16:49:22,796 - all_data_dino_improved - INFO - Target box sample: [207.0, 198.0, 287.0, 283.0]
2025-05-28 16:49:22,899 - all_data_dino_improved - INFO - Validation Epoch 28, Loss: 5.1476
2025-05-28 16:49:22,899 - all_data_dino_improved - INFO - Val metrics: Acc@0.25: 0.2435 | Acc@0.5: 0.0874 | Acc@0.75: 0.0131 | mIoU: 0.1421 | medianIoU: 0.0176 | mae_x1: 121.4635 | mae_y1: 122.0047 | mae_x2: 121.0001 | mae_y2: 123.2214 | center_x_error: 109.1594 | center_y_error: 110.0219 | width_error: 2.3961 | height_error: 2.2182 | loss: 5.1476
2025-05-28 16:49:23,742 - all_data_dino_improved - INFO - Saved model checkpoint to /home/pokle/Trans-VG/visual_grounding/checkpoints/all_data_dino_improved_epoch28.pth
2025-05-28 16:49:23,743 - all_data_dino_improved - INFO - Epoch 29/200
2025-05-28 16:49:27,557 - all_data_dino_improved - INFO - Epoch 29, Batch 0/1360, Loss: 3.5475
2025-05-28 16:49:27,557 - all_data_dino_improved - INFO - Train metrics: l1_loss: 0.3457 | giou_loss: 0.9052 | center_loss: 0.0085 | total_loss: 3.5475
2025-05-28 16:50:58,181 - all_data_dino_improved - INFO - Epoch 29, Batch 50/1360, Loss: 3.3741
2025-05-28 16:50:58,181 - all_data_dino_improved - INFO - Train metrics: l1_loss: 0.3086 | giou_loss: 0.9121 | center_loss: 0.0070 | total_loss: 3.3741
2025-05-28 16:52:28,689 - all_data_dino_improved - INFO - Epoch 29, Batch 100/1360, Loss: 4.3891
2025-05-28 16:52:28,689 - all_data_dino_improved - INFO - Train metrics: l1_loss: 0.4409 | giou_loss: 1.0831 | center_loss: 0.0183 | total_loss: 4.3891
2025-05-28 16:53:59,426 - all_data_dino_improved - INFO - Epoch 29, Batch 150/1360, Loss: 3.6593
2025-05-28 16:53:59,426 - all_data_dino_improved - INFO - Train metrics: l1_loss: 0.3561 | giou_loss: 0.9348 | center_loss: 0.0091 | total_loss: 3.6593
2025-05-28 16:55:29,451 - all_data_dino_improved - INFO - Epoch 29, Batch 200/1360, Loss: 3.5543
2025-05-28 16:55:29,451 - all_data_dino_improved - INFO - Train metrics: l1_loss: 0.3432 | giou_loss: 0.9130 | center_loss: 0.0123 | total_loss: 3.5543
2025-05-28 16:57:00,097 - all_data_dino_improved - INFO - Epoch 29, Batch 250/1360, Loss: 3.7292
2025-05-28 16:57:00,097 - all_data_dino_improved - INFO - Train metrics: l1_loss: 0.3732 | giou_loss: 0.9254 | center_loss: 0.0126 | total_loss: 3.7292
2025-05-28 16:58:30,207 - all_data_dino_improved - INFO - Epoch 29, Batch 300/1360, Loss: 3.5112
2025-05-28 16:58:30,207 - all_data_dino_improved - INFO - Train metrics: l1_loss: 0.3265 | giou_loss: 0.9360 | center_loss: 0.0066 | total_loss: 3.5112
2025-05-28 17:00:00,500 - all_data_dino_improved - INFO - Epoch 29, Batch 350/1360, Loss: 3.8721
2025-05-28 17:00:00,500 - all_data_dino_improved - INFO - Train metrics: l1_loss: 0.3496 | giou_loss: 1.0576 | center_loss: 0.0090 | total_loss: 3.8721
2025-05-28 17:01:30,388 - all_data_dino_improved - INFO - Epoch 29, Batch 400/1360, Loss: 3.4115
2025-05-28 17:01:30,389 - all_data_dino_improved - INFO - Train metrics: l1_loss: 0.3106 | giou_loss: 0.9257 | center_loss: 0.0071 | total_loss: 3.4115
2025-05-28 17:03:01,373 - all_data_dino_improved - INFO - Epoch 29, Batch 450/1360, Loss: 3.9636
2025-05-28 17:03:01,373 - all_data_dino_improved - INFO - Train metrics: l1_loss: 0.3951 | giou_loss: 0.9875 | center_loss: 0.0132 | total_loss: 3.9636
2025-05-28 17:04:31,450 - all_data_dino_improved - INFO - Epoch 29, Batch 500/1360, Loss: 4.0594
2025-05-28 17:04:31,450 - all_data_dino_improved - INFO - Train metrics: l1_loss: 0.4178 | giou_loss: 0.9752 | center_loss: 0.0200 | total_loss: 4.0594
2025-05-28 17:06:02,196 - all_data_dino_improved - INFO - Epoch 29, Batch 550/1360, Loss: 3.4375
2025-05-28 17:06:02,196 - all_data_dino_improved - INFO - Train metrics: l1_loss: 0.3251 | giou_loss: 0.9016 | center_loss: 0.0091 | total_loss: 3.4375
2025-05-28 17:07:32,320 - all_data_dino_improved - INFO - Epoch 29, Batch 600/1360, Loss: 3.6437
2025-05-28 17:07:32,320 - all_data_dino_improved - INFO - Train metrics: l1_loss: 0.3792 | giou_loss: 0.8685 | center_loss: 0.0104 | total_loss: 3.6437
2025-05-28 17:09:02,373 - all_data_dino_improved - INFO - Epoch 29, Batch 650/1360, Loss: 3.8296
2025-05-28 17:09:02,373 - all_data_dino_improved - INFO - Train metrics: l1_loss: 0.3692 | giou_loss: 0.9868 | center_loss: 0.0100 | total_loss: 3.8296
2025-05-28 17:10:32,715 - all_data_dino_improved - INFO - Epoch 29, Batch 700/1360, Loss: 3.8727
2025-05-28 17:10:32,715 - all_data_dino_improved - INFO - Train metrics: l1_loss: 0.3967 | giou_loss: 0.9383 | center_loss: 0.0124 | total_loss: 3.8727
2025-05-28 17:12:03,475 - all_data_dino_improved - INFO - Epoch 29, Batch 750/1360, Loss: 3.4921
2025-05-28 17:12:03,476 - all_data_dino_improved - INFO - Train metrics: l1_loss: 0.3165 | giou_loss: 0.9510 | center_loss: 0.0077 | total_loss: 3.4921
2025-05-28 17:13:34,045 - all_data_dino_improved - INFO - Epoch 29, Batch 800/1360, Loss: 4.0179
2025-05-28 17:13:34,045 - all_data_dino_improved - INFO - Train metrics: l1_loss: 0.3924 | giou_loss: 1.0200 | center_loss: 0.0159 | total_loss: 4.0179
2025-05-28 17:15:04,511 - all_data_dino_improved - INFO - Epoch 29, Batch 850/1360, Loss: 3.8421
2025-05-28 17:15:04,512 - all_data_dino_improved - INFO - Train metrics: l1_loss: 0.3949 | giou_loss: 0.9253 | center_loss: 0.0168 | total_loss: 3.8421
2025-05-28 17:16:35,264 - all_data_dino_improved - INFO - Epoch 29, Batch 900/1360, Loss: 3.9992
2025-05-28 17:16:35,264 - all_data_dino_improved - INFO - Train metrics: l1_loss: 0.4148 | giou_loss: 0.9530 | center_loss: 0.0192 | total_loss: 3.9992
2025-05-28 17:18:05,531 - all_data_dino_improved - INFO - Epoch 29, Batch 950/1360, Loss: 3.3897
2025-05-28 17:18:05,531 - all_data_dino_improved - INFO - Train metrics: l1_loss: 0.3167 | giou_loss: 0.9002 | center_loss: 0.0058 | total_loss: 3.3897
2025-05-28 17:19:36,223 - all_data_dino_improved - INFO - Epoch 29, Batch 1000/1360, Loss: 3.0484
2025-05-28 17:19:36,223 - all_data_dino_improved - INFO - Train metrics: l1_loss: 0.2919 | giou_loss: 0.7922 | center_loss: 0.0046 | total_loss: 3.0484
2025-05-28 17:21:07,176 - all_data_dino_improved - INFO - Epoch 29, Batch 1050/1360, Loss: 3.7803
2025-05-28 17:21:07,176 - all_data_dino_improved - INFO - Train metrics: l1_loss: 0.3825 | giou_loss: 0.9265 | center_loss: 0.0146 | total_loss: 3.7803
2025-05-28 17:22:37,638 - all_data_dino_improved - INFO - Epoch 29, Batch 1100/1360, Loss: 4.2054
2025-05-28 17:22:37,638 - all_data_dino_improved - INFO - Train metrics: l1_loss: 0.4231 | giou_loss: 1.0366 | center_loss: 0.0168 | total_loss: 4.2054
2025-05-28 17:24:08,218 - all_data_dino_improved - INFO - Epoch 29, Batch 1150/1360, Loss: 3.5805
2025-05-28 17:24:08,218 - all_data_dino_improved - INFO - Train metrics: l1_loss: 0.3287 | giou_loss: 0.9640 | center_loss: 0.0093 | total_loss: 3.5805
2025-05-28 17:25:39,156 - all_data_dino_improved - INFO - Epoch 29, Batch 1200/1360, Loss: 3.4032
2025-05-28 17:25:39,156 - all_data_dino_improved - INFO - Train metrics: l1_loss: 0.3310 | giou_loss: 0.8707 | center_loss: 0.0067 | total_loss: 3.4032
2025-05-28 17:27:10,118 - all_data_dino_improved - INFO - Epoch 29, Batch 1250/1360, Loss: 4.3407
2025-05-28 17:27:10,118 - all_data_dino_improved - INFO - Train metrics: l1_loss: 0.4481 | giou_loss: 1.0410 | center_loss: 0.0185 | total_loss: 4.3407
2025-05-28 17:28:40,609 - all_data_dino_improved - INFO - Epoch 29, Batch 1300/1360, Loss: 4.1712
2025-05-28 17:28:40,609 - all_data_dino_improved - INFO - Train metrics: l1_loss: 0.4394 | giou_loss: 0.9800 | center_loss: 0.0141 | total_loss: 4.1712
2025-05-28 17:30:11,751 - all_data_dino_improved - INFO - Epoch 29, Batch 1350/1360, Loss: 4.1029
2025-05-28 17:30:11,752 - all_data_dino_improved - INFO - Train metrics: l1_loss: 0.4127 | giou_loss: 1.0112 | center_loss: 0.0171 | total_loss: 4.1029
2025-05-28 17:30:28,104 - all_data_dino_improved - INFO - Train Epoch 29, Loss: 3.8170
2025-05-28 17:32:57,239 - all_data_dino_improved - INFO - Pred box sample: [69.22183227539062, 85.525634765625, 260.35302734375, 273.2359619140625]
2025-05-28 17:32:57,239 - all_data_dino_improved - INFO - Target box sample: [207.0, 198.0, 287.0, 283.0]
2025-05-28 17:32:57,340 - all_data_dino_improved - INFO - Validation Epoch 29, Loss: 5.1447
2025-05-28 17:32:57,340 - all_data_dino_improved - INFO - Val metrics: Acc@0.25: 0.2414 | Acc@0.5: 0.0912 | Acc@0.75: 0.0145 | mIoU: 0.1421 | medianIoU: 0.0198 | mae_x1: 121.1037 | mae_y1: 121.7594 | mae_x2: 121.5947 | mae_y2: 123.6452 | center_x_error: 109.5065 | center_y_error: 109.5433 | width_error: 2.3920 | height_error: 2.3197 | loss: 5.1447
2025-05-28 17:32:58,313 - all_data_dino_improved - INFO - Saved model checkpoint to /home/pokle/Trans-VG/visual_grounding/checkpoints/all_data_dino_improved_epoch29.pth
2025-05-28 17:32:58,313 - all_data_dino_improved - INFO - Epoch 30/200
2025-05-28 17:33:02,317 - all_data_dino_improved - INFO - Epoch 30, Batch 0/1360, Loss: 4.2777
2025-05-28 17:33:02,317 - all_data_dino_improved - INFO - Train metrics: l1_loss: 0.4611 | giou_loss: 0.9771 | center_loss: 0.0177 | total_loss: 4.2777
2025-05-28 17:34:32,895 - all_data_dino_improved - INFO - Epoch 30, Batch 50/1360, Loss: 4.3642
2025-05-28 17:34:32,895 - all_data_dino_improved - INFO - Train metrics: l1_loss: 0.4588 | giou_loss: 1.0257 | center_loss: 0.0188 | total_loss: 4.3642
2025-05-28 17:36:03,259 - all_data_dino_improved - INFO - Epoch 30, Batch 100/1360, Loss: 4.1965
2025-05-28 17:36:03,259 - all_data_dino_improved - INFO - Train metrics: l1_loss: 0.4100 | giou_loss: 1.0661 | center_loss: 0.0145 | total_loss: 4.1965
2025-05-28 17:37:34,088 - all_data_dino_improved - INFO - Epoch 30, Batch 150/1360, Loss: 4.1611
2025-05-28 17:37:34,088 - all_data_dino_improved - INFO - Train metrics: l1_loss: 0.4043 | giou_loss: 1.0629 | center_loss: 0.0138 | total_loss: 4.1611
2025-05-28 17:39:04,512 - all_data_dino_improved - INFO - Epoch 30, Batch 200/1360, Loss: 3.7177
2025-05-28 17:39:04,512 - all_data_dino_improved - INFO - Train metrics: l1_loss: 0.3586 | giou_loss: 0.9560 | center_loss: 0.0125 | total_loss: 3.7177
2025-05-28 17:40:34,608 - all_data_dino_improved - INFO - Epoch 30, Batch 250/1360, Loss: 3.4223
2025-05-28 17:40:34,608 - all_data_dino_improved - INFO - Train metrics: l1_loss: 0.3025 | giou_loss: 0.9508 | center_loss: 0.0083 | total_loss: 3.4223
2025-05-28 17:42:05,057 - all_data_dino_improved - INFO - Epoch 30, Batch 300/1360, Loss: 4.5497
2025-05-28 17:42:05,058 - all_data_dino_improved - INFO - Train metrics: l1_loss: 0.4826 | giou_loss: 1.0555 | center_loss: 0.0255 | total_loss: 4.5497
2025-05-28 17:43:35,169 - all_data_dino_improved - INFO - Epoch 30, Batch 350/1360, Loss: 3.5265
2025-05-28 17:43:35,170 - all_data_dino_improved - INFO - Train metrics: l1_loss: 0.3483 | giou_loss: 0.8872 | center_loss: 0.0105 | total_loss: 3.5265
2025-05-28 17:45:06,258 - all_data_dino_improved - INFO - Epoch 30, Batch 400/1360, Loss: 3.5247
2025-05-28 17:45:06,258 - all_data_dino_improved - INFO - Train metrics: l1_loss: 0.3366 | giou_loss: 0.9169 | center_loss: 0.0078 | total_loss: 3.5247
2025-05-28 17:46:36,495 - all_data_dino_improved - INFO - Epoch 30, Batch 450/1360, Loss: 3.9563
2025-05-28 17:46:36,495 - all_data_dino_improved - INFO - Train metrics: l1_loss: 0.3733 | giou_loss: 1.0388 | center_loss: 0.0123 | total_loss: 3.9563
2025-05-28 17:48:07,359 - all_data_dino_improved - INFO - Epoch 30, Batch 500/1360, Loss: 4.0139
2025-05-28 17:48:07,360 - all_data_dino_improved - INFO - Train metrics: l1_loss: 0.4193 | giou_loss: 0.9523 | center_loss: 0.0128 | total_loss: 4.0139
2025-05-28 17:49:37,902 - all_data_dino_improved - INFO - Epoch 30, Batch 550/1360, Loss: 3.8307
2025-05-28 17:49:37,902 - all_data_dino_improved - INFO - Train metrics: l1_loss: 0.3595 | giou_loss: 1.0123 | center_loss: 0.0084 | total_loss: 3.8307
2025-05-28 17:51:08,675 - all_data_dino_improved - INFO - Epoch 30, Batch 600/1360, Loss: 3.7715
2025-05-28 17:51:08,675 - all_data_dino_improved - INFO - Train metrics: l1_loss: 0.3690 | giou_loss: 0.9584 | center_loss: 0.0097 | total_loss: 3.7715
2025-05-28 17:52:39,305 - all_data_dino_improved - INFO - Epoch 30, Batch 650/1360, Loss: 3.5151
2025-05-28 17:52:39,305 - all_data_dino_improved - INFO - Train metrics: l1_loss: 0.3481 | giou_loss: 0.8823 | center_loss: 0.0103 | total_loss: 3.5151
2025-05-28 17:54:10,699 - all_data_dino_improved - INFO - Epoch 30, Batch 700/1360, Loss: 4.4203
2025-05-28 17:54:10,699 - all_data_dino_improved - INFO - Train metrics: l1_loss: 0.4720 | giou_loss: 1.0213 | center_loss: 0.0176 | total_loss: 4.4203
2025-05-28 17:55:41,131 - all_data_dino_improved - INFO - Epoch 30, Batch 750/1360, Loss: 3.8488
2025-05-28 17:55:41,131 - all_data_dino_improved - INFO - Train metrics: l1_loss: 0.3783 | giou_loss: 0.9699 | center_loss: 0.0173 | total_loss: 3.8488
2025-05-28 17:57:11,374 - all_data_dino_improved - INFO - Epoch 30, Batch 800/1360, Loss: 3.4792
2025-05-28 17:57:11,374 - all_data_dino_improved - INFO - Train metrics: l1_loss: 0.3208 | giou_loss: 0.9345 | center_loss: 0.0063 | total_loss: 3.4792
2025-05-28 17:58:41,644 - all_data_dino_improved - INFO - Epoch 30, Batch 850/1360, Loss: 3.0489
2025-05-28 17:58:41,645 - all_data_dino_improved - INFO - Train metrics: l1_loss: 0.2899 | giou_loss: 0.7960 | center_loss: 0.0073 | total_loss: 3.0489
2025-05-28 18:00:12,111 - all_data_dino_improved - INFO - Epoch 30, Batch 900/1360, Loss: 4.0826
2025-05-28 18:00:12,111 - all_data_dino_improved - INFO - Train metrics: l1_loss: 0.4181 | giou_loss: 0.9879 | center_loss: 0.0161 | total_loss: 4.0826
2025-05-28 18:01:42,846 - all_data_dino_improved - INFO - Epoch 30, Batch 950/1360, Loss: 3.4463
2025-05-28 18:01:42,846 - all_data_dino_improved - INFO - Train metrics: l1_loss: 0.3424 | giou_loss: 0.8638 | center_loss: 0.0066 | total_loss: 3.4463
2025-05-28 18:03:13,226 - all_data_dino_improved - INFO - Epoch 30, Batch 1000/1360, Loss: 4.1123
2025-05-28 18:03:13,227 - all_data_dino_improved - INFO - Train metrics: l1_loss: 0.4341 | giou_loss: 0.9631 | center_loss: 0.0154 | total_loss: 4.1123
2025-05-28 18:04:43,285 - all_data_dino_improved - INFO - Epoch 30, Batch 1050/1360, Loss: 4.2390
2025-05-28 18:04:43,286 - all_data_dino_improved - INFO - Train metrics: l1_loss: 0.4272 | giou_loss: 1.0415 | center_loss: 0.0201 | total_loss: 4.2390
2025-05-28 18:06:13,832 - all_data_dino_improved - INFO - Epoch 30, Batch 1100/1360, Loss: 3.9702
2025-05-28 18:06:13,832 - all_data_dino_improved - INFO - Train metrics: l1_loss: 0.4199 | giou_loss: 0.9269 | center_loss: 0.0167 | total_loss: 3.9702
2025-05-28 18:07:44,560 - all_data_dino_improved - INFO - Epoch 30, Batch 1150/1360, Loss: 3.3937
2025-05-28 18:07:44,560 - all_data_dino_improved - INFO - Train metrics: l1_loss: 0.3109 | giou_loss: 0.9159 | center_loss: 0.0072 | total_loss: 3.3937
2025-05-28 18:09:15,439 - all_data_dino_improved - INFO - Epoch 30, Batch 1200/1360, Loss: 3.5359
2025-05-28 18:09:15,439 - all_data_dino_improved - INFO - Train metrics: l1_loss: 0.3527 | giou_loss: 0.8823 | center_loss: 0.0077 | total_loss: 3.5359
2025-05-28 18:10:45,976 - all_data_dino_improved - INFO - Epoch 30, Batch 1250/1360, Loss: 3.6620
2025-05-28 18:10:45,976 - all_data_dino_improved - INFO - Train metrics: l1_loss: 0.3719 | giou_loss: 0.8962 | center_loss: 0.0104 | total_loss: 3.6620
2025-05-28 18:12:16,068 - all_data_dino_improved - INFO - Epoch 30, Batch 1300/1360, Loss: 3.2107
2025-05-28 18:12:16,068 - all_data_dino_improved - INFO - Train metrics: l1_loss: 0.2985 | giou_loss: 0.8552 | center_loss: 0.0076 | total_loss: 3.2107
2025-05-28 18:13:45,818 - all_data_dino_improved - INFO - Epoch 30, Batch 1350/1360, Loss: 4.4872
2025-05-28 18:13:45,819 - all_data_dino_improved - INFO - Train metrics: l1_loss: 0.4762 | giou_loss: 1.0432 | center_loss: 0.0199 | total_loss: 4.4872
2025-05-28 18:14:02,093 - all_data_dino_improved - INFO - Train Epoch 30, Loss: 3.8003
2025-05-28 18:16:30,954 - all_data_dino_improved - INFO - Pred box sample: [101.96259307861328, 81.608154296875, 283.4070739746094, 238.88345336914062]
2025-05-28 18:16:30,955 - all_data_dino_improved - INFO - Target box sample: [207.0, 198.0, 287.0, 283.0]
2025-05-28 18:16:31,056 - all_data_dino_improved - INFO - Validation Epoch 30, Loss: 5.1127
2025-05-28 18:16:31,056 - all_data_dino_improved - INFO - Val metrics: Acc@0.25: 0.2435 | Acc@0.5: 0.0904 | Acc@0.75: 0.0129 | mIoU: 0.1434 | medianIoU: 0.0199 | mae_x1: 117.1634 | mae_y1: 122.4241 | mae_x2: 119.9915 | mae_y2: 122.4203 | center_x_error: 106.7663 | center_y_error: 109.8916 | width_error: 2.3872 | height_error: 2.1837 | loss: 5.1127
2025-05-28 18:16:31,930 - all_data_dino_improved - INFO - Saved model checkpoint to /home/pokle/Trans-VG/visual_grounding/checkpoints/all_data_dino_improved_epoch30.pth
2025-05-28 18:16:31,930 - all_data_dino_improved - INFO - Epoch 31/200
2025-05-28 18:16:35,968 - all_data_dino_improved - INFO - Epoch 31, Batch 0/1360, Loss: 3.7326
2025-05-28 18:16:35,968 - all_data_dino_improved - INFO - Train metrics: l1_loss: 0.3543 | giou_loss: 0.9751 | center_loss: 0.0108 | total_loss: 3.7326
2025-05-28 18:18:07,094 - all_data_dino_improved - INFO - Epoch 31, Batch 50/1360, Loss: 4.0875
2025-05-28 18:18:07,094 - all_data_dino_improved - INFO - Train metrics: l1_loss: 0.4045 | giou_loss: 1.0250 | center_loss: 0.0152 | total_loss: 4.0875
2025-05-28 18:19:37,322 - all_data_dino_improved - INFO - Epoch 31, Batch 100/1360, Loss: 4.3801
2025-05-28 18:19:37,322 - all_data_dino_improved - INFO - Train metrics: l1_loss: 0.4591 | giou_loss: 1.0322 | center_loss: 0.0200 | total_loss: 4.3801
2025-05-28 18:21:07,385 - all_data_dino_improved - INFO - Epoch 31, Batch 150/1360, Loss: 3.8578
2025-05-28 18:21:07,385 - all_data_dino_improved - INFO - Train metrics: l1_loss: 0.3779 | giou_loss: 0.9777 | center_loss: 0.0129 | total_loss: 3.8578
2025-05-28 18:22:37,973 - all_data_dino_improved - INFO - Epoch 31, Batch 200/1360, Loss: 3.7562
2025-05-28 18:22:37,973 - all_data_dino_improved - INFO - Train metrics: l1_loss: 0.3864 | giou_loss: 0.9037 | center_loss: 0.0166 | total_loss: 3.7562
2025-05-28 18:24:08,200 - all_data_dino_improved - INFO - Epoch 31, Batch 250/1360, Loss: 3.6621
2025-05-28 18:24:08,200 - all_data_dino_improved - INFO - Train metrics: l1_loss: 0.3691 | giou_loss: 0.9020 | center_loss: 0.0126 | total_loss: 3.6621
2025-05-28 18:25:38,268 - all_data_dino_improved - INFO - Epoch 31, Batch 300/1360, Loss: 4.2249
2025-05-28 18:25:38,268 - all_data_dino_improved - INFO - Train metrics: l1_loss: 0.4687 | giou_loss: 0.9304 | center_loss: 0.0206 | total_loss: 4.2249
2025-05-28 18:27:08,673 - all_data_dino_improved - INFO - Epoch 31, Batch 350/1360, Loss: 4.5649
2025-05-28 18:27:08,673 - all_data_dino_improved - INFO - Train metrics: l1_loss: 0.4823 | giou_loss: 1.0654 | center_loss: 0.0223 | total_loss: 4.5649
2025-05-28 18:28:39,759 - all_data_dino_improved - INFO - Epoch 31, Batch 400/1360, Loss: 4.0035
2025-05-28 18:28:39,759 - all_data_dino_improved - INFO - Train metrics: l1_loss: 0.4092 | giou_loss: 0.9706 | center_loss: 0.0160 | total_loss: 4.0035
2025-05-28 18:30:10,876 - all_data_dino_improved - INFO - Epoch 31, Batch 450/1360, Loss: 4.1302
2025-05-28 18:30:10,877 - all_data_dino_improved - INFO - Train metrics: l1_loss: 0.4444 | giou_loss: 0.9477 | center_loss: 0.0129 | total_loss: 4.1302
2025-05-28 18:31:41,065 - all_data_dino_improved - INFO - Epoch 31, Batch 500/1360, Loss: 2.8483
2025-05-28 18:31:41,065 - all_data_dino_improved - INFO - Train metrics: l1_loss: 0.2530 | giou_loss: 0.7886 | center_loss: 0.0061 | total_loss: 2.8483
2025-05-28 18:33:12,079 - all_data_dino_improved - INFO - Epoch 31, Batch 550/1360, Loss: 4.0958
2025-05-28 18:33:12,079 - all_data_dino_improved - INFO - Train metrics: l1_loss: 0.4023 | giou_loss: 1.0360 | center_loss: 0.0125 | total_loss: 4.0958
2025-05-28 18:34:42,948 - all_data_dino_improved - INFO - Epoch 31, Batch 600/1360, Loss: 3.5991
2025-05-28 18:34:42,948 - all_data_dino_improved - INFO - Train metrics: l1_loss: 0.3345 | giou_loss: 0.9577 | center_loss: 0.0110 | total_loss: 3.5991
2025-05-28 18:36:13,376 - all_data_dino_improved - INFO - Epoch 31, Batch 650/1360, Loss: 3.9257
2025-05-28 18:36:13,376 - all_data_dino_improved - INFO - Train metrics: l1_loss: 0.3966 | giou_loss: 0.9631 | center_loss: 0.0166 | total_loss: 3.9257
2025-05-28 18:37:43,794 - all_data_dino_improved - INFO - Epoch 31, Batch 700/1360, Loss: 4.1504
2025-05-28 18:37:43,794 - all_data_dino_improved - INFO - Train metrics: l1_loss: 0.4328 | giou_loss: 0.9838 | center_loss: 0.0189 | total_loss: 4.1504
2025-05-28 18:39:14,631 - all_data_dino_improved - INFO - Epoch 31, Batch 750/1360, Loss: 3.7143
2025-05-28 18:39:14,631 - all_data_dino_improved - INFO - Train metrics: l1_loss: 0.3740 | giou_loss: 0.9155 | center_loss: 0.0134 | total_loss: 3.7143
2025-05-28 18:40:45,138 - all_data_dino_improved - INFO - Epoch 31, Batch 800/1360, Loss: 3.9423
2025-05-28 18:40:45,138 - all_data_dino_improved - INFO - Train metrics: l1_loss: 0.3832 | giou_loss: 1.0038 | center_loss: 0.0188 | total_loss: 3.9423
2025-05-28 18:42:16,481 - all_data_dino_improved - INFO - Epoch 31, Batch 850/1360, Loss: 3.1446
2025-05-28 18:42:16,481 - all_data_dino_improved - INFO - Train metrics: l1_loss: 0.2842 | giou_loss: 0.8586 | center_loss: 0.0064 | total_loss: 3.1446
2025-05-28 18:43:47,184 - all_data_dino_improved - INFO - Epoch 31, Batch 900/1360, Loss: 4.7485
2025-05-28 18:43:47,184 - all_data_dino_improved - INFO - Train metrics: l1_loss: 0.5084 | giou_loss: 1.0896 | center_loss: 0.0272 | total_loss: 4.7485
2025-05-28 18:45:17,623 - all_data_dino_improved - INFO - Epoch 31, Batch 950/1360, Loss: 3.6276
2025-05-28 18:45:17,623 - all_data_dino_improved - INFO - Train metrics: l1_loss: 0.3368 | giou_loss: 0.9677 | center_loss: 0.0081 | total_loss: 3.6276
2025-05-28 18:46:48,447 - all_data_dino_improved - INFO - Epoch 31, Batch 1000/1360, Loss: 3.8704
2025-05-28 18:46:48,448 - all_data_dino_improved - INFO - Train metrics: l1_loss: 0.3586 | giou_loss: 1.0323 | center_loss: 0.0129 | total_loss: 3.8704
2025-05-28 18:48:19,381 - all_data_dino_improved - INFO - Epoch 31, Batch 1050/1360, Loss: 3.7623
2025-05-28 18:48:19,381 - all_data_dino_improved - INFO - Train metrics: l1_loss: 0.3890 | giou_loss: 0.9030 | center_loss: 0.0112 | total_loss: 3.7623
2025-05-28 18:49:50,308 - all_data_dino_improved - INFO - Epoch 31, Batch 1100/1360, Loss: 3.7329
2025-05-28 18:49:50,308 - all_data_dino_improved - INFO - Train metrics: l1_loss: 0.3598 | giou_loss: 0.9612 | center_loss: 0.0114 | total_loss: 3.7329
2025-05-28 18:51:20,839 - all_data_dino_improved - INFO - Epoch 31, Batch 1150/1360, Loss: 4.1279
2025-05-28 18:51:20,839 - all_data_dino_improved - INFO - Train metrics: l1_loss: 0.4289 | giou_loss: 0.9843 | center_loss: 0.0151 | total_loss: 4.1279
2025-05-28 18:52:51,352 - all_data_dino_improved - INFO - Epoch 31, Batch 1200/1360, Loss: 4.0111
2025-05-28 18:52:51,352 - all_data_dino_improved - INFO - Train metrics: l1_loss: 0.4077 | giou_loss: 0.9805 | center_loss: 0.0117 | total_loss: 4.0111
2025-05-28 18:54:22,587 - all_data_dino_improved - INFO - Epoch 31, Batch 1250/1360, Loss: 3.7287
2025-05-28 18:54:22,587 - all_data_dino_improved - INFO - Train metrics: l1_loss: 0.3550 | giou_loss: 0.9733 | center_loss: 0.0071 | total_loss: 3.7287
2025-05-28 18:55:53,211 - all_data_dino_improved - INFO - Epoch 31, Batch 1300/1360, Loss: 4.1807
2025-05-28 18:55:53,211 - all_data_dino_improved - INFO - Train metrics: l1_loss: 0.4387 | giou_loss: 0.9842 | center_loss: 0.0189 | total_loss: 4.1807
2025-05-28 18:57:23,226 - all_data_dino_improved - INFO - Epoch 31, Batch 1350/1360, Loss: 3.5530
2025-05-28 18:57:23,227 - all_data_dino_improved - INFO - Train metrics: l1_loss: 0.3694 | giou_loss: 0.8480 | center_loss: 0.0099 | total_loss: 3.5530
2025-05-28 18:57:39,294 - all_data_dino_improved - INFO - Train Epoch 31, Loss: 3.7837
2025-05-28 19:00:08,208 - all_data_dino_improved - INFO - Pred box sample: [88.0708999633789, 100.05069732666016, 273.4054870605469, 275.9239501953125]
2025-05-28 19:00:08,209 - all_data_dino_improved - INFO - Target box sample: [207.0, 198.0, 287.0, 283.0]
2025-05-28 19:00:08,300 - all_data_dino_improved - INFO - Validation Epoch 31, Loss: 5.1439
2025-05-28 19:00:08,300 - all_data_dino_improved - INFO - Val metrics: Acc@0.25: 0.2483 | Acc@0.5: 0.0902 | Acc@0.75: 0.0139 | mIoU: 0.1428 | medianIoU: 0.0182 | mae_x1: 116.8404 | mae_y1: 125.0044 | mae_x2: 120.0864 | mae_y2: 125.3694 | center_x_error: 106.3395 | center_y_error: 112.4404 | width_error: 2.3796 | height_error: 2.2529 | loss: 5.1439
2025-05-28 19:00:09,154 - all_data_dino_improved - INFO - Saved model checkpoint to /home/pokle/Trans-VG/visual_grounding/checkpoints/all_data_dino_improved_epoch31.pth
2025-05-28 19:00:09,155 - all_data_dino_improved - INFO - Epoch 32/200
2025-05-28 19:00:13,088 - all_data_dino_improved - INFO - Epoch 32, Batch 0/1360, Loss: 3.6123
2025-05-28 19:00:13,088 - all_data_dino_improved - INFO - Train metrics: l1_loss: 0.3469 | giou_loss: 0.9331 | center_loss: 0.0117 | total_loss: 3.6123
2025-05-28 19:01:44,149 - all_data_dino_improved - INFO - Epoch 32, Batch 50/1360, Loss: 3.9490
2025-05-28 19:01:44,150 - all_data_dino_improved - INFO - Train metrics: l1_loss: 0.4120 | giou_loss: 0.9324 | center_loss: 0.0243 | total_loss: 3.9490
2025-05-28 19:03:14,450 - all_data_dino_improved - INFO - Epoch 32, Batch 100/1360, Loss: 4.2257
2025-05-28 19:03:14,451 - all_data_dino_improved - INFO - Train metrics: l1_loss: 0.4455 | giou_loss: 0.9878 | center_loss: 0.0224 | total_loss: 4.2257
2025-05-28 19:04:44,660 - all_data_dino_improved - INFO - Epoch 32, Batch 150/1360, Loss: 3.6288
2025-05-28 19:04:44,660 - all_data_dino_improved - INFO - Train metrics: l1_loss: 0.3688 | giou_loss: 0.8864 | center_loss: 0.0117 | total_loss: 3.6288
2025-05-28 19:06:15,825 - all_data_dino_improved - INFO - Epoch 32, Batch 200/1360, Loss: 3.5638
2025-05-28 19:06:15,825 - all_data_dino_improved - INFO - Train metrics: l1_loss: 0.3657 | giou_loss: 0.8631 | center_loss: 0.0090 | total_loss: 3.5638
2025-05-28 19:07:46,815 - all_data_dino_improved - INFO - Epoch 32, Batch 250/1360, Loss: 3.6801
2025-05-28 19:07:46,815 - all_data_dino_improved - INFO - Train metrics: l1_loss: 0.3665 | giou_loss: 0.9185 | center_loss: 0.0107 | total_loss: 3.6801
2025-05-28 19:09:17,231 - all_data_dino_improved - INFO - Epoch 32, Batch 300/1360, Loss: 3.6905
2025-05-28 19:09:17,232 - all_data_dino_improved - INFO - Train metrics: l1_loss: 0.3423 | giou_loss: 0.9854 | center_loss: 0.0084 | total_loss: 3.6905
2025-05-28 19:10:47,805 - all_data_dino_improved - INFO - Epoch 32, Batch 350/1360, Loss: 3.5618
2025-05-28 19:10:47,805 - all_data_dino_improved - INFO - Train metrics: l1_loss: 0.3481 | giou_loss: 0.9067 | center_loss: 0.0078 | total_loss: 3.5618
2025-05-28 19:12:18,276 - all_data_dino_improved - INFO - Epoch 32, Batch 400/1360, Loss: 4.1062
2025-05-28 19:12:18,276 - all_data_dino_improved - INFO - Train metrics: l1_loss: 0.4344 | giou_loss: 0.9582 | center_loss: 0.0178 | total_loss: 4.1062
2025-05-28 19:13:48,613 - all_data_dino_improved - INFO - Epoch 32, Batch 450/1360, Loss: 3.2589
2025-05-28 19:13:48,613 - all_data_dino_improved - INFO - Train metrics: l1_loss: 0.3032 | giou_loss: 0.8666 | center_loss: 0.0097 | total_loss: 3.2589
2025-05-28 19:15:18,547 - all_data_dino_improved - INFO - Epoch 32, Batch 500/1360, Loss: 3.4338
2025-05-28 19:15:18,547 - all_data_dino_improved - INFO - Train metrics: l1_loss: 0.3245 | giou_loss: 0.9008 | center_loss: 0.0094 | total_loss: 3.4338
2025-05-28 19:16:48,655 - all_data_dino_improved - INFO - Epoch 32, Batch 550/1360, Loss: 3.6129
2025-05-28 19:16:48,655 - all_data_dino_improved - INFO - Train metrics: l1_loss: 0.3572 | giou_loss: 0.9078 | center_loss: 0.0111 | total_loss: 3.6129
2025-05-28 19:18:18,148 - all_data_dino_improved - INFO - Epoch 32, Batch 600/1360, Loss: 3.9980
2025-05-28 19:18:18,148 - all_data_dino_improved - INFO - Train metrics: l1_loss: 0.4083 | giou_loss: 0.9700 | center_loss: 0.0166 | total_loss: 3.9980
2025-05-28 19:19:48,942 - all_data_dino_improved - INFO - Epoch 32, Batch 650/1360, Loss: 3.6592
2025-05-28 19:19:48,942 - all_data_dino_improved - INFO - Train metrics: l1_loss: 0.3737 | giou_loss: 0.8893 | center_loss: 0.0119 | total_loss: 3.6592
2025-05-28 19:21:19,034 - all_data_dino_improved - INFO - Epoch 32, Batch 700/1360, Loss: 3.5993
2025-05-28 19:21:19,035 - all_data_dino_improved - INFO - Train metrics: l1_loss: 0.3429 | giou_loss: 0.9365 | center_loss: 0.0119 | total_loss: 3.5993
2025-05-28 19:22:50,100 - all_data_dino_improved - INFO - Epoch 32, Batch 750/1360, Loss: 3.9699
2025-05-28 19:22:50,101 - all_data_dino_improved - INFO - Train metrics: l1_loss: 0.4087 | giou_loss: 0.9568 | center_loss: 0.0126 | total_loss: 3.9699
2025-05-28 19:24:20,701 - all_data_dino_improved - INFO - Epoch 32, Batch 800/1360, Loss: 3.7675
2025-05-28 19:24:20,701 - all_data_dino_improved - INFO - Train metrics: l1_loss: 0.3883 | giou_loss: 0.9034 | center_loss: 0.0193 | total_loss: 3.7675
2025-05-28 19:25:51,446 - all_data_dino_improved - INFO - Epoch 32, Batch 850/1360, Loss: 3.5940
2025-05-28 19:25:51,446 - all_data_dino_improved - INFO - Train metrics: l1_loss: 0.3292 | giou_loss: 0.9699 | center_loss: 0.0083 | total_loss: 3.5940
2025-05-28 19:27:22,157 - all_data_dino_improved - INFO - Epoch 32, Batch 900/1360, Loss: 4.1765
2025-05-28 19:27:22,157 - all_data_dino_improved - INFO - Train metrics: l1_loss: 0.4049 | giou_loss: 1.0693 | center_loss: 0.0132 | total_loss: 4.1765
2025-05-28 19:28:52,418 - all_data_dino_improved - INFO - Epoch 32, Batch 950/1360, Loss: 3.5616
2025-05-28 19:28:52,418 - all_data_dino_improved - INFO - Train metrics: l1_loss: 0.3491 | giou_loss: 0.9024 | center_loss: 0.0113 | total_loss: 3.5616
2025-05-28 19:30:22,783 - all_data_dino_improved - INFO - Epoch 32, Batch 1000/1360, Loss: 4.4498
2025-05-28 19:30:22,783 - all_data_dino_improved - INFO - Train metrics: l1_loss: 0.4536 | giou_loss: 1.0815 | center_loss: 0.0185 | total_loss: 4.4498
2025-05-28 19:31:53,660 - all_data_dino_improved - INFO - Epoch 32, Batch 1050/1360, Loss: 3.8482
2025-05-28 19:31:53,660 - all_data_dino_improved - INFO - Train metrics: l1_loss: 0.3910 | giou_loss: 0.9395 | center_loss: 0.0140 | total_loss: 3.8482
2025-05-28 19:33:23,972 - all_data_dino_improved - INFO - Epoch 32, Batch 1100/1360, Loss: 3.6887
2025-05-28 19:33:23,972 - all_data_dino_improved - INFO - Train metrics: l1_loss: 0.3721 | giou_loss: 0.9088 | center_loss: 0.0106 | total_loss: 3.6887
2025-05-28 19:34:55,073 - all_data_dino_improved - INFO - Epoch 32, Batch 1150/1360, Loss: 4.0360
2025-05-28 19:34:55,073 - all_data_dino_improved - INFO - Train metrics: l1_loss: 0.4083 | giou_loss: 0.9909 | center_loss: 0.0127 | total_loss: 4.0360
2025-05-28 19:36:26,020 - all_data_dino_improved - INFO - Epoch 32, Batch 1200/1360, Loss: 3.4986
2025-05-28 19:36:26,020 - all_data_dino_improved - INFO - Train metrics: l1_loss: 0.3490 | giou_loss: 0.8726 | center_loss: 0.0081 | total_loss: 3.4986
2025-05-28 19:37:56,121 - all_data_dino_improved - INFO - Epoch 32, Batch 1250/1360, Loss: 4.4901
2025-05-28 19:37:56,122 - all_data_dino_improved - INFO - Train metrics: l1_loss: 0.4639 | giou_loss: 1.0755 | center_loss: 0.0195 | total_loss: 4.4901
2025-05-28 19:39:27,054 - all_data_dino_improved - INFO - Epoch 32, Batch 1300/1360, Loss: 3.8420
2025-05-28 19:39:27,055 - all_data_dino_improved - INFO - Train metrics: l1_loss: 0.3827 | giou_loss: 0.9578 | center_loss: 0.0130 | total_loss: 3.8420
2025-05-28 19:40:57,803 - all_data_dino_improved - INFO - Epoch 32, Batch 1350/1360, Loss: 3.5001
2025-05-28 19:40:57,804 - all_data_dino_improved - INFO - Train metrics: l1_loss: 0.3300 | giou_loss: 0.9207 | center_loss: 0.0085 | total_loss: 3.5001
2025-05-28 19:41:14,275 - all_data_dino_improved - INFO - Train Epoch 32, Loss: 3.7682
2025-05-28 19:43:43,279 - all_data_dino_improved - INFO - Pred box sample: [84.75936889648438, 107.77717590332031, 264.7799377441406, 280.16180419921875]
2025-05-28 19:43:43,279 - all_data_dino_improved - INFO - Target box sample: [207.0, 198.0, 287.0, 283.0]
2025-05-28 19:43:43,381 - all_data_dino_improved - INFO - Validation Epoch 32, Loss: 5.1347
2025-05-28 19:43:43,381 - all_data_dino_improved - INFO - Val metrics: Acc@0.25: 0.2412 | Acc@0.5: 0.0894 | Acc@0.75: 0.0121 | mIoU: 0.1403 | medianIoU: 0.0170 | mae_x1: 117.9799 | mae_y1: 121.8520 | mae_x2: 118.9242 | mae_y2: 124.6638 | center_x_error: 106.5995 | center_y_error: 110.7696 | width_error: 2.3179 | height_error: 2.2163 | loss: 5.1347
2025-05-28 19:43:44,227 - all_data_dino_improved - INFO - Saved model checkpoint to /home/pokle/Trans-VG/visual_grounding/checkpoints/all_data_dino_improved_epoch32.pth
2025-05-28 19:43:44,228 - all_data_dino_improved - INFO - Epoch 33/200
2025-05-28 19:43:48,059 - all_data_dino_improved - INFO - Epoch 33, Batch 0/1360, Loss: 3.3429
2025-05-28 19:43:48,059 - all_data_dino_improved - INFO - Train metrics: l1_loss: 0.3440 | giou_loss: 0.8067 | center_loss: 0.0094 | total_loss: 3.3429
2025-05-28 19:45:18,889 - all_data_dino_improved - INFO - Epoch 33, Batch 50/1360, Loss: 3.6225
2025-05-28 19:45:18,889 - all_data_dino_improved - INFO - Train metrics: l1_loss: 0.3523 | giou_loss: 0.9227 | center_loss: 0.0155 | total_loss: 3.6225
2025-05-28 19:46:49,198 - all_data_dino_improved - INFO - Epoch 33, Batch 100/1360, Loss: 3.7407
2025-05-28 19:46:49,199 - all_data_dino_improved - INFO - Train metrics: l1_loss: 0.3733 | giou_loss: 0.9329 | center_loss: 0.0085 | total_loss: 3.7407
2025-05-28 19:48:19,626 - all_data_dino_improved - INFO - Epoch 33, Batch 150/1360, Loss: 3.9015
2025-05-28 19:48:19,626 - all_data_dino_improved - INFO - Train metrics: l1_loss: 0.4076 | giou_loss: 0.9232 | center_loss: 0.0170 | total_loss: 3.9015
2025-05-28 19:49:49,420 - all_data_dino_improved - INFO - Epoch 33, Batch 200/1360, Loss: 3.5210
2025-05-28 19:49:49,421 - all_data_dino_improved - INFO - Train metrics: l1_loss: 0.3277 | giou_loss: 0.9365 | center_loss: 0.0095 | total_loss: 3.5210
2025-05-28 19:51:19,996 - all_data_dino_improved - INFO - Epoch 33, Batch 250/1360, Loss: 3.8922
2025-05-28 19:51:19,996 - all_data_dino_improved - INFO - Train metrics: l1_loss: 0.4055 | giou_loss: 0.9239 | center_loss: 0.0170 | total_loss: 3.8922
2025-05-28 19:52:49,985 - all_data_dino_improved - INFO - Epoch 33, Batch 300/1360, Loss: 3.0116
2025-05-28 19:52:49,986 - all_data_dino_improved - INFO - Train metrics: l1_loss: 0.2758 | giou_loss: 0.8138 | center_loss: 0.0052 | total_loss: 3.0116
2025-05-28 19:54:20,194 - all_data_dino_improved - INFO - Epoch 33, Batch 350/1360, Loss: 3.3866
2025-05-28 19:54:20,195 - all_data_dino_improved - INFO - Train metrics: l1_loss: 0.3014 | giou_loss: 0.9368 | center_loss: 0.0059 | total_loss: 3.3866
2025-05-28 19:55:50,293 - all_data_dino_improved - INFO - Epoch 33, Batch 400/1360, Loss: 4.0284
2025-05-28 19:55:50,293 - all_data_dino_improved - INFO - Train metrics: l1_loss: 0.4319 | giou_loss: 0.9261 | center_loss: 0.0167 | total_loss: 4.0284
2025-05-28 19:57:20,439 - all_data_dino_improved - INFO - Epoch 33, Batch 450/1360, Loss: 3.4141
2025-05-28 19:57:20,439 - all_data_dino_improved - INFO - Train metrics: l1_loss: 0.3014 | giou_loss: 0.9498 | center_loss: 0.0074 | total_loss: 3.4141
2025-05-28 19:58:50,123 - all_data_dino_improved - INFO - Epoch 33, Batch 500/1360, Loss: 3.7958
2025-05-28 19:58:50,123 - all_data_dino_improved - INFO - Train metrics: l1_loss: 0.3782 | giou_loss: 0.9461 | center_loss: 0.0128 | total_loss: 3.7958
2025-05-28 20:00:20,335 - all_data_dino_improved - INFO - Epoch 33, Batch 550/1360, Loss: 3.5464
2025-05-28 20:00:20,335 - all_data_dino_improved - INFO - Train metrics: l1_loss: 0.3428 | giou_loss: 0.9123 | center_loss: 0.0076 | total_loss: 3.5464
2025-05-28 20:01:50,578 - all_data_dino_improved - INFO - Epoch 33, Batch 600/1360, Loss: 4.1417
2025-05-28 20:01:50,578 - all_data_dino_improved - INFO - Train metrics: l1_loss: 0.4257 | giou_loss: 0.9973 | center_loss: 0.0189 | total_loss: 4.1417
2025-05-28 20:03:20,986 - all_data_dino_improved - INFO - Epoch 33, Batch 650/1360, Loss: 4.2781
2025-05-28 20:03:20,987 - all_data_dino_improved - INFO - Train metrics: l1_loss: 0.4504 | giou_loss: 1.0064 | center_loss: 0.0134 | total_loss: 4.2781
2025-05-28 20:04:50,758 - all_data_dino_improved - INFO - Epoch 33, Batch 700/1360, Loss: 3.0788
2025-05-28 20:04:50,758 - all_data_dino_improved - INFO - Train metrics: l1_loss: 0.2919 | giou_loss: 0.8069 | center_loss: 0.0054 | total_loss: 3.0788
2025-05-28 20:06:21,065 - all_data_dino_improved - INFO - Epoch 33, Batch 750/1360, Loss: 3.8628
2025-05-28 20:06:21,065 - all_data_dino_improved - INFO - Train metrics: l1_loss: 0.3954 | giou_loss: 0.9337 | center_loss: 0.0185 | total_loss: 3.8628
2025-05-28 20:07:51,086 - all_data_dino_improved - INFO - Epoch 33, Batch 800/1360, Loss: 4.1028
2025-05-28 20:07:51,086 - all_data_dino_improved - INFO - Train metrics: l1_loss: 0.3970 | giou_loss: 1.0518 | center_loss: 0.0140 | total_loss: 4.1028
2025-05-28 20:09:21,193 - all_data_dino_improved - INFO - Epoch 33, Batch 850/1360, Loss: 4.1500
2025-05-28 20:09:21,194 - all_data_dino_improved - INFO - Train metrics: l1_loss: 0.4340 | giou_loss: 0.9828 | center_loss: 0.0145 | total_loss: 4.1500
2025-05-28 20:10:51,497 - all_data_dino_improved - INFO - Epoch 33, Batch 900/1360, Loss: 3.0495
2025-05-28 20:10:51,497 - all_data_dino_improved - INFO - Train metrics: l1_loss: 0.2855 | giou_loss: 0.8068 | center_loss: 0.0084 | total_loss: 3.0495
2025-05-28 20:12:21,212 - all_data_dino_improved - INFO - Epoch 33, Batch 950/1360, Loss: 3.7040
2025-05-28 20:12:21,212 - all_data_dino_improved - INFO - Train metrics: l1_loss: 0.3688 | giou_loss: 0.9241 | center_loss: 0.0118 | total_loss: 3.7040
2025-05-28 20:13:51,508 - all_data_dino_improved - INFO - Epoch 33, Batch 1000/1360, Loss: 3.6805
2025-05-28 20:13:51,508 - all_data_dino_improved - INFO - Train metrics: l1_loss: 0.3602 | giou_loss: 0.9353 | center_loss: 0.0091 | total_loss: 3.6805
2025-05-28 20:15:21,545 - all_data_dino_improved - INFO - Epoch 33, Batch 1050/1360, Loss: 3.4990
2025-05-28 20:15:21,545 - all_data_dino_improved - INFO - Train metrics: l1_loss: 0.3444 | giou_loss: 0.8832 | center_loss: 0.0106 | total_loss: 3.4990
2025-05-28 20:16:51,336 - all_data_dino_improved - INFO - Epoch 33, Batch 1100/1360, Loss: 3.6737
2025-05-28 20:16:51,336 - all_data_dino_improved - INFO - Train metrics: l1_loss: 0.3590 | giou_loss: 0.9341 | center_loss: 0.0102 | total_loss: 3.6737
2025-05-28 20:18:21,730 - all_data_dino_improved - INFO - Epoch 33, Batch 1150/1360, Loss: 3.9906
2025-05-28 20:18:21,730 - all_data_dino_improved - INFO - Train metrics: l1_loss: 0.3841 | giou_loss: 1.0299 | center_loss: 0.0104 | total_loss: 3.9906
2025-05-28 20:19:52,032 - all_data_dino_improved - INFO - Epoch 33, Batch 1200/1360, Loss: 3.8752
2025-05-28 20:19:52,033 - all_data_dino_improved - INFO - Train metrics: l1_loss: 0.3779 | giou_loss: 0.9878 | center_loss: 0.0100 | total_loss: 3.8752
2025-05-28 20:21:22,223 - all_data_dino_improved - INFO - Epoch 33, Batch 1250/1360, Loss: 3.4121
2025-05-28 20:21:22,223 - all_data_dino_improved - INFO - Train metrics: l1_loss: 0.3172 | giou_loss: 0.9094 | center_loss: 0.0074 | total_loss: 3.4121
2025-05-28 20:22:52,386 - all_data_dino_improved - INFO - Epoch 33, Batch 1300/1360, Loss: 3.8136
2025-05-28 20:22:52,387 - all_data_dino_improved - INFO - Train metrics: l1_loss: 0.3770 | giou_loss: 0.9582 | center_loss: 0.0122 | total_loss: 3.8136
2025-05-28 20:24:22,398 - all_data_dino_improved - INFO - Epoch 33, Batch 1350/1360, Loss: 3.8848
2025-05-28 20:24:22,398 - all_data_dino_improved - INFO - Train metrics: l1_loss: 0.3758 | giou_loss: 0.9968 | center_loss: 0.0120 | total_loss: 3.8848
2025-05-28 20:24:38,594 - all_data_dino_improved - INFO - Train Epoch 33, Loss: 3.7477
2025-05-28 20:27:07,512 - all_data_dino_improved - INFO - Pred box sample: [94.09036254882812, 87.2332763671875, 274.7265930175781, 246.42703247070312]
2025-05-28 20:27:07,512 - all_data_dino_improved - INFO - Target box sample: [207.0, 198.0, 287.0, 283.0]
2025-05-28 20:27:07,613 - all_data_dino_improved - INFO - Validation Epoch 33, Loss: 5.1768
2025-05-28 20:27:07,613 - all_data_dino_improved - INFO - Val metrics: Acc@0.25: 0.2394 | Acc@0.5: 0.0840 | Acc@0.75: 0.0119 | mIoU: 0.1391 | medianIoU: 0.0172 | mae_x1: 119.5404 | mae_y1: 125.2284 | mae_x2: 120.8680 | mae_y2: 124.0327 | center_x_error: 108.4497 | center_y_error: 112.3388 | width_error: 2.3926 | height_error: 2.2117 | loss: 5.1768
2025-05-28 20:27:08,457 - all_data_dino_improved - INFO - Saved model checkpoint to /home/pokle/Trans-VG/visual_grounding/checkpoints/all_data_dino_improved_epoch33.pth
2025-05-28 20:27:08,457 - all_data_dino_improved - INFO - Epoch 34/200
2025-05-28 20:27:12,423 - all_data_dino_improved - INFO - Epoch 34, Batch 0/1360, Loss: 4.0185
2025-05-28 20:27:12,423 - all_data_dino_improved - INFO - Train metrics: l1_loss: 0.3993 | giou_loss: 1.0048 | center_loss: 0.0125 | total_loss: 4.0185
2025-05-28 20:28:42,371 - all_data_dino_improved - INFO - Epoch 34, Batch 50/1360, Loss: 3.5056
2025-05-28 20:28:42,371 - all_data_dino_improved - INFO - Train metrics: l1_loss: 0.3430 | giou_loss: 0.8917 | center_loss: 0.0071 | total_loss: 3.5056
2025-05-28 20:30:13,126 - all_data_dino_improved - INFO - Epoch 34, Batch 100/1360, Loss: 3.8587
2025-05-28 20:30:13,126 - all_data_dino_improved - INFO - Train metrics: l1_loss: 0.3921 | giou_loss: 0.9414 | center_loss: 0.0151 | total_loss: 3.8587
2025-05-28 20:31:43,169 - all_data_dino_improved - INFO - Epoch 34, Batch 150/1360, Loss: 3.3793
2025-05-28 20:31:43,169 - all_data_dino_improved - INFO - Train metrics: l1_loss: 0.2998 | giou_loss: 0.9371 | center_loss: 0.0058 | total_loss: 3.3793
2025-05-28 20:33:13,429 - all_data_dino_improved - INFO - Epoch 34, Batch 200/1360, Loss: 3.8400
2025-05-28 20:33:13,429 - all_data_dino_improved - INFO - Train metrics: l1_loss: 0.3484 | giou_loss: 1.0446 | center_loss: 0.0090 | total_loss: 3.8400
2025-05-28 20:34:43,798 - all_data_dino_improved - INFO - Epoch 34, Batch 250/1360, Loss: 3.2990
2025-05-28 20:34:43,798 - all_data_dino_improved - INFO - Train metrics: l1_loss: 0.2978 | giou_loss: 0.9015 | center_loss: 0.0072 | total_loss: 3.2990
2025-05-28 20:36:14,709 - all_data_dino_improved - INFO - Epoch 34, Batch 300/1360, Loss: 3.8114
2025-05-28 20:36:14,709 - all_data_dino_improved - INFO - Train metrics: l1_loss: 0.3929 | giou_loss: 0.9155 | center_loss: 0.0158 | total_loss: 3.8114
2025-05-28 20:37:45,010 - all_data_dino_improved - INFO - Epoch 34, Batch 350/1360, Loss: 3.6789
2025-05-28 20:37:45,010 - all_data_dino_improved - INFO - Train metrics: l1_loss: 0.3541 | giou_loss: 0.9491 | center_loss: 0.0103 | total_loss: 3.6789
2025-05-28 20:39:15,746 - all_data_dino_improved - INFO - Epoch 34, Batch 400/1360, Loss: 3.6065
2025-05-28 20:39:15,747 - all_data_dino_improved - INFO - Train metrics: l1_loss: 0.3434 | giou_loss: 0.9401 | center_loss: 0.0094 | total_loss: 3.6065
2025-05-28 20:40:46,501 - all_data_dino_improved - INFO - Epoch 34, Batch 450/1360, Loss: 4.0266
2025-05-28 20:40:46,501 - all_data_dino_improved - INFO - Train metrics: l1_loss: 0.4043 | giou_loss: 0.9949 | center_loss: 0.0151 | total_loss: 4.0266
2025-05-28 20:42:16,984 - all_data_dino_improved - INFO - Epoch 34, Batch 500/1360, Loss: 3.8353
2025-05-28 20:42:16,984 - all_data_dino_improved - INFO - Train metrics: l1_loss: 0.3588 | giou_loss: 1.0161 | center_loss: 0.0093 | total_loss: 3.8353
2025-05-28 20:43:47,703 - all_data_dino_improved - INFO - Epoch 34, Batch 550/1360, Loss: 4.1657
2025-05-28 20:43:47,704 - all_data_dino_improved - INFO - Train metrics: l1_loss: 0.4072 | giou_loss: 1.0586 | center_loss: 0.0126 | total_loss: 4.1657
2025-05-28 20:45:18,861 - all_data_dino_improved - INFO - Epoch 34, Batch 600/1360, Loss: 3.7214
2025-05-28 20:45:18,861 - all_data_dino_improved - INFO - Train metrics: l1_loss: 0.3657 | giou_loss: 0.9419 | center_loss: 0.0093 | total_loss: 3.7214
2025-05-28 20:46:49,861 - all_data_dino_improved - INFO - Epoch 34, Batch 650/1360, Loss: 3.8348
2025-05-28 20:46:49,861 - all_data_dino_improved - INFO - Train metrics: l1_loss: 0.3842 | giou_loss: 0.9503 | center_loss: 0.0130 | total_loss: 3.8348
2025-05-28 20:48:20,518 - all_data_dino_improved - INFO - Epoch 34, Batch 700/1360, Loss: 2.7821
2025-05-28 20:48:20,519 - all_data_dino_improved - INFO - Train metrics: l1_loss: 0.2434 | giou_loss: 0.7794 | center_loss: 0.0064 | total_loss: 2.7821
2025-05-28 20:49:50,994 - all_data_dino_improved - INFO - Epoch 34, Batch 750/1360, Loss: 3.6498
2025-05-28 20:49:50,994 - all_data_dino_improved - INFO - Train metrics: l1_loss: 0.3485 | giou_loss: 0.9494 | center_loss: 0.0087 | total_loss: 3.6498
2025-05-28 20:51:21,458 - all_data_dino_improved - INFO - Epoch 34, Batch 800/1360, Loss: 3.5966
2025-05-28 20:51:21,458 - all_data_dino_improved - INFO - Train metrics: l1_loss: 0.3579 | giou_loss: 0.8989 | center_loss: 0.0095 | total_loss: 3.5966
2025-05-28 20:52:51,857 - all_data_dino_improved - INFO - Epoch 34, Batch 850/1360, Loss: 4.0770
2025-05-28 20:52:51,857 - all_data_dino_improved - INFO - Train metrics: l1_loss: 0.4248 | giou_loss: 0.9677 | center_loss: 0.0174 | total_loss: 4.0770
2025-05-28 20:54:22,397 - all_data_dino_improved - INFO - Epoch 34, Batch 900/1360, Loss: 3.9290
2025-05-28 20:54:22,397 - all_data_dino_improved - INFO - Train metrics: l1_loss: 0.4100 | giou_loss: 0.9338 | center_loss: 0.0115 | total_loss: 3.9290
2025-05-28 20:55:52,698 - all_data_dino_improved - INFO - Epoch 34, Batch 950/1360, Loss: 4.0225
2025-05-28 20:55:52,698 - all_data_dino_improved - INFO - Train metrics: l1_loss: 0.4023 | giou_loss: 0.9972 | center_loss: 0.0167 | total_loss: 4.0225
2025-05-28 20:57:22,934 - all_data_dino_improved - INFO - Epoch 34, Batch 1000/1360, Loss: 3.3800
2025-05-28 20:57:22,934 - all_data_dino_improved - INFO - Train metrics: l1_loss: 0.3045 | giou_loss: 0.9262 | center_loss: 0.0052 | total_loss: 3.3800
2025-05-28 20:58:53,439 - all_data_dino_improved - INFO - Epoch 34, Batch 1050/1360, Loss: 3.8007
2025-05-28 20:58:53,440 - all_data_dino_improved - INFO - Train metrics: l1_loss: 0.3875 | giou_loss: 0.9245 | center_loss: 0.0143 | total_loss: 3.8007
2025-05-28 21:00:23,975 - all_data_dino_improved - INFO - Epoch 34, Batch 1100/1360, Loss: 3.9188
2025-05-28 21:00:23,975 - all_data_dino_improved - INFO - Train metrics: l1_loss: 0.3978 | giou_loss: 0.9574 | center_loss: 0.0152 | total_loss: 3.9188
2025-05-28 21:01:53,711 - all_data_dino_improved - INFO - Epoch 34, Batch 1150/1360, Loss: 3.6549
2025-05-28 21:01:53,711 - all_data_dino_improved - INFO - Train metrics: l1_loss: 0.3481 | giou_loss: 0.9531 | center_loss: 0.0081 | total_loss: 3.6549
2025-05-28 21:03:24,186 - all_data_dino_improved - INFO - Epoch 34, Batch 1200/1360, Loss: 3.4016
2025-05-28 21:03:24,187 - all_data_dino_improved - INFO - Train metrics: l1_loss: 0.3494 | giou_loss: 0.8208 | center_loss: 0.0131 | total_loss: 3.4016
2025-05-28 21:04:54,391 - all_data_dino_improved - INFO - Epoch 34, Batch 1250/1360, Loss: 3.3801
2025-05-28 21:04:54,391 - all_data_dino_improved - INFO - Train metrics: l1_loss: 0.3166 | giou_loss: 0.8935 | center_loss: 0.0103 | total_loss: 3.3801
2025-05-28 21:06:24,704 - all_data_dino_improved - INFO - Epoch 34, Batch 1300/1360, Loss: 4.1227
2025-05-28 21:06:24,704 - all_data_dino_improved - INFO - Train metrics: l1_loss: 0.4187 | giou_loss: 1.0052 | center_loss: 0.0185 | total_loss: 4.1227
2025-05-28 21:07:54,987 - all_data_dino_improved - INFO - Epoch 34, Batch 1350/1360, Loss: 3.5099
2025-05-28 21:07:54,987 - all_data_dino_improved - INFO - Train metrics: l1_loss: 0.3417 | giou_loss: 0.8959 | center_loss: 0.0095 | total_loss: 3.5099
2025-05-28 21:08:11,116 - all_data_dino_improved - INFO - Train Epoch 34, Loss: 3.7353
2025-05-28 21:10:40,125 - all_data_dino_improved - INFO - Pred box sample: [98.35184478759766, 81.4044418334961, 287.1018371582031, 253.3426055908203]
2025-05-28 21:10:40,126 - all_data_dino_improved - INFO - Target box sample: [207.0, 198.0, 287.0, 283.0]
2025-05-28 21:10:40,225 - all_data_dino_improved - INFO - Validation Epoch 34, Loss: 5.1019
2025-05-28 21:10:40,225 - all_data_dino_improved - INFO - Val metrics: Acc@0.25: 0.2479 | Acc@0.5: 0.0912 | Acc@0.75: 0.0123 | mIoU: 0.1430 | medianIoU: 0.0170 | mae_x1: 116.3998 | mae_y1: 120.5384 | mae_x2: 119.5255 | mae_y2: 121.1526 | center_x_error: 106.1995 | center_y_error: 108.6032 | width_error: 2.2781 | height_error: 2.1495 | loss: 5.1019
2025-05-28 21:10:41,075 - all_data_dino_improved - INFO - Saved model checkpoint to /home/pokle/Trans-VG/visual_grounding/checkpoints/all_data_dino_improved_epoch34.pth
2025-05-28 21:10:41,075 - all_data_dino_improved - INFO - Epoch 35/200
2025-05-28 21:10:44,992 - all_data_dino_improved - INFO - Epoch 35, Batch 0/1360, Loss: 3.9572
2025-05-28 21:10:44,992 - all_data_dino_improved - INFO - Train metrics: l1_loss: 0.4190 | giou_loss: 0.9241 | center_loss: 0.0140 | total_loss: 3.9572
2025-05-28 21:12:15,013 - all_data_dino_improved - INFO - Epoch 35, Batch 50/1360, Loss: 3.4798
2025-05-28 21:12:15,014 - all_data_dino_improved - INFO - Train metrics: l1_loss: 0.3231 | giou_loss: 0.9286 | center_loss: 0.0073 | total_loss: 3.4798
2025-05-28 21:13:44,675 - all_data_dino_improved - INFO - Epoch 35, Batch 100/1360, Loss: 2.9408
2025-05-28 21:13:44,675 - all_data_dino_improved - INFO - Train metrics: l1_loss: 0.2735 | giou_loss: 0.7832 | center_loss: 0.0067 | total_loss: 2.9408
2025-05-28 21:15:14,410 - all_data_dino_improved - INFO - Epoch 35, Batch 150/1360, Loss: 4.1701
2025-05-28 21:15:14,410 - all_data_dino_improved - INFO - Train metrics: l1_loss: 0.4521 | giou_loss: 0.9467 | center_loss: 0.0161 | total_loss: 4.1701
2025-05-28 21:16:44,422 - all_data_dino_improved - INFO - Epoch 35, Batch 200/1360, Loss: 3.4240
2025-05-28 21:16:44,422 - all_data_dino_improved - INFO - Train metrics: l1_loss: 0.3145 | giou_loss: 0.9226 | center_loss: 0.0065 | total_loss: 3.4240
2025-05-28 21:18:14,530 - all_data_dino_improved - INFO - Epoch 35, Batch 250/1360, Loss: 3.3908
2025-05-28 21:18:14,531 - all_data_dino_improved - INFO - Train metrics: l1_loss: 0.3558 | giou_loss: 0.8015 | center_loss: 0.0089 | total_loss: 3.3908
2025-05-28 21:19:44,823 - all_data_dino_improved - INFO - Epoch 35, Batch 300/1360, Loss: 3.6943
2025-05-28 21:19:44,824 - all_data_dino_improved - INFO - Train metrics: l1_loss: 0.3648 | giou_loss: 0.9288 | center_loss: 0.0127 | total_loss: 3.6943
2025-05-28 21:21:14,861 - all_data_dino_improved - INFO - Epoch 35, Batch 350/1360, Loss: 4.3736
2025-05-28 21:21:14,861 - all_data_dino_improved - INFO - Train metrics: l1_loss: 0.4329 | giou_loss: 1.0961 | center_loss: 0.0168 | total_loss: 4.3736
2025-05-28 21:22:44,163 - all_data_dino_improved - INFO - Epoch 35, Batch 400/1360, Loss: 3.5413
2025-05-28 21:22:44,163 - all_data_dino_improved - INFO - Train metrics: l1_loss: 0.3659 | giou_loss: 0.8497 | center_loss: 0.0123 | total_loss: 3.5413
2025-05-28 21:24:14,129 - all_data_dino_improved - INFO - Epoch 35, Batch 450/1360, Loss: 3.4372
2025-05-28 21:24:14,130 - all_data_dino_improved - INFO - Train metrics: l1_loss: 0.3229 | giou_loss: 0.9077 | center_loss: 0.0070 | total_loss: 3.4372
2025-05-28 21:25:44,382 - all_data_dino_improved - INFO - Epoch 35, Batch 500/1360, Loss: 3.8682
2025-05-28 21:25:44,382 - all_data_dino_improved - INFO - Train metrics: l1_loss: 0.3550 | giou_loss: 1.0403 | center_loss: 0.0124 | total_loss: 3.8682
2025-05-28 21:27:14,181 - all_data_dino_improved - INFO - Epoch 35, Batch 550/1360, Loss: 3.5876
2025-05-28 21:27:14,181 - all_data_dino_improved - INFO - Train metrics: l1_loss: 0.3541 | giou_loss: 0.9038 | center_loss: 0.0094 | total_loss: 3.5876
2025-05-28 21:28:44,401 - all_data_dino_improved - INFO - Epoch 35, Batch 600/1360, Loss: 3.0673
2025-05-28 21:28:44,402 - all_data_dino_improved - INFO - Train metrics: l1_loss: 0.2849 | giou_loss: 0.8180 | center_loss: 0.0068 | total_loss: 3.0673
2025-05-28 21:30:14,615 - all_data_dino_improved - INFO - Epoch 35, Batch 650/1360, Loss: 4.1224
2025-05-28 21:30:14,616 - all_data_dino_improved - INFO - Train metrics: l1_loss: 0.4468 | giou_loss: 0.9379 | center_loss: 0.0126 | total_loss: 4.1224
2025-05-28 21:31:44,804 - all_data_dino_improved - INFO - Epoch 35, Batch 700/1360, Loss: 4.1467
2025-05-28 21:31:44,804 - all_data_dino_improved - INFO - Train metrics: l1_loss: 0.4144 | giou_loss: 1.0279 | center_loss: 0.0189 | total_loss: 4.1467
2025-05-28 21:33:15,244 - all_data_dino_improved - INFO - Epoch 35, Batch 750/1360, Loss: 3.6551
2025-05-28 21:33:15,245 - all_data_dino_improved - INFO - Train metrics: l1_loss: 0.3347 | giou_loss: 0.9860 | center_loss: 0.0096 | total_loss: 3.6551
2025-05-28 21:34:45,149 - all_data_dino_improved - INFO - Epoch 35, Batch 800/1360, Loss: 4.1142
2025-05-28 21:34:45,149 - all_data_dino_improved - INFO - Train metrics: l1_loss: 0.4081 | giou_loss: 1.0319 | center_loss: 0.0100 | total_loss: 4.1142
2025-05-28 21:36:15,256 - all_data_dino_improved - INFO - Epoch 35, Batch 850/1360, Loss: 3.1865
2025-05-28 21:36:15,256 - all_data_dino_improved - INFO - Train metrics: l1_loss: 0.2933 | giou_loss: 0.8571 | center_loss: 0.0061 | total_loss: 3.1865
2025-05-28 21:37:45,660 - all_data_dino_improved - INFO - Epoch 35, Batch 900/1360, Loss: 3.6002
2025-05-28 21:37:45,660 - all_data_dino_improved - INFO - Train metrics: l1_loss: 0.3547 | giou_loss: 0.9071 | center_loss: 0.0128 | total_loss: 3.6002
2025-05-28 21:39:16,142 - all_data_dino_improved - INFO - Epoch 35, Batch 950/1360, Loss: 3.9964
2025-05-28 21:39:16,142 - all_data_dino_improved - INFO - Train metrics: l1_loss: 0.4121 | giou_loss: 0.9575 | center_loss: 0.0209 | total_loss: 3.9964
2025-05-28 21:40:46,846 - all_data_dino_improved - INFO - Epoch 35, Batch 1000/1360, Loss: 4.4023
2025-05-28 21:40:46,846 - all_data_dino_improved - INFO - Train metrics: l1_loss: 0.4475 | giou_loss: 1.0736 | center_loss: 0.0174 | total_loss: 4.4023
2025-05-28 21:42:17,451 - all_data_dino_improved - INFO - Epoch 35, Batch 1050/1360, Loss: 3.7137
2025-05-28 21:42:17,452 - all_data_dino_improved - INFO - Train metrics: l1_loss: 0.3903 | giou_loss: 0.8743 | center_loss: 0.0137 | total_loss: 3.7137
2025-05-28 21:43:47,677 - all_data_dino_improved - INFO - Epoch 35, Batch 1100/1360, Loss: 3.5035
2025-05-28 21:43:47,677 - all_data_dino_improved - INFO - Train metrics: l1_loss: 0.3507 | giou_loss: 0.8701 | center_loss: 0.0098 | total_loss: 3.5035
2025-05-28 21:45:17,739 - all_data_dino_improved - INFO - Epoch 35, Batch 1150/1360, Loss: 3.3361
2025-05-28 21:45:17,739 - all_data_dino_improved - INFO - Train metrics: l1_loss: 0.3302 | giou_loss: 0.8371 | center_loss: 0.0109 | total_loss: 3.3361
2025-05-28 21:46:48,497 - all_data_dino_improved - INFO - Epoch 35, Batch 1200/1360, Loss: 4.0854
2025-05-28 21:46:48,497 - all_data_dino_improved - INFO - Train metrics: l1_loss: 0.4200 | giou_loss: 0.9853 | center_loss: 0.0150 | total_loss: 4.0854
2025-05-28 21:48:19,071 - all_data_dino_improved - INFO - Epoch 35, Batch 1250/1360, Loss: 3.9526
2025-05-28 21:48:19,071 - all_data_dino_improved - INFO - Train metrics: l1_loss: 0.4199 | giou_loss: 0.9187 | center_loss: 0.0155 | total_loss: 3.9526
2025-05-28 21:49:49,255 - all_data_dino_improved - INFO - Epoch 35, Batch 1300/1360, Loss: 3.5238
2025-05-28 21:49:49,255 - all_data_dino_improved - INFO - Train metrics: l1_loss: 0.3300 | giou_loss: 0.9335 | center_loss: 0.0066 | total_loss: 3.5238
2025-05-28 21:51:19,449 - all_data_dino_improved - INFO - Epoch 35, Batch 1350/1360, Loss: 3.7869
2025-05-28 21:51:19,449 - all_data_dino_improved - INFO - Train metrics: l1_loss: 0.3902 | giou_loss: 0.9100 | center_loss: 0.0161 | total_loss: 3.7869
2025-05-28 21:51:35,865 - all_data_dino_improved - INFO - Train Epoch 35, Loss: 3.7245
2025-05-28 21:54:04,777 - all_data_dino_improved - INFO - Pred box sample: [84.25050354003906, 91.07964324951172, 288.24847412109375, 277.48541259765625]
2025-05-28 21:54:04,777 - all_data_dino_improved - INFO - Target box sample: [207.0, 198.0, 287.0, 283.0]
2025-05-28 21:54:04,876 - all_data_dino_improved - INFO - Validation Epoch 35, Loss: 5.1030
2025-05-28 21:54:04,876 - all_data_dino_improved - INFO - Val metrics: Acc@0.25: 0.2457 | Acc@0.5: 0.0948 | Acc@0.75: 0.0121 | mIoU: 0.1433 | medianIoU: 0.0184 | mae_x1: 117.0918 | mae_y1: 120.9831 | mae_x2: 117.9676 | mae_y2: 121.4366 | center_x_error: 105.9054 | center_y_error: 108.8217 | width_error: 2.2520 | height_error: 2.1184 | loss: 5.1030
2025-05-28 21:54:05,795 - all_data_dino_improved - INFO - Saved model checkpoint to /home/pokle/Trans-VG/visual_grounding/checkpoints/all_data_dino_improved_epoch35.pth
2025-05-28 21:54:05,795 - all_data_dino_improved - INFO - Epoch 36/200
2025-05-28 21:54:09,744 - all_data_dino_improved - INFO - Epoch 36, Batch 0/1360, Loss: 3.3079
2025-05-28 21:54:09,744 - all_data_dino_improved - INFO - Train metrics: l1_loss: 0.3033 | giou_loss: 0.8914 | center_loss: 0.0085 | total_loss: 3.3079
2025-05-28 21:55:39,835 - all_data_dino_improved - INFO - Epoch 36, Batch 50/1360, Loss: 3.8442
2025-05-28 21:55:39,835 - all_data_dino_improved - INFO - Train metrics: l1_loss: 0.3848 | giou_loss: 0.9529 | center_loss: 0.0143 | total_loss: 3.8442
2025-05-28 21:57:10,135 - all_data_dino_improved - INFO - Epoch 36, Batch 100/1360, Loss: 4.0576
2025-05-28 21:57:10,136 - all_data_dino_improved - INFO - Train metrics: l1_loss: 0.4032 | giou_loss: 1.0134 | center_loss: 0.0148 | total_loss: 4.0576
2025-05-28 21:58:40,276 - all_data_dino_improved - INFO - Epoch 36, Batch 150/1360, Loss: 3.4964
2025-05-28 21:58:40,277 - all_data_dino_improved - INFO - Train metrics: l1_loss: 0.3524 | giou_loss: 0.8606 | center_loss: 0.0129 | total_loss: 3.4964
2025-05-28 22:00:09,867 - all_data_dino_improved - INFO - Epoch 36, Batch 200/1360, Loss: 4.2003
2025-05-28 22:00:09,867 - all_data_dino_improved - INFO - Train metrics: l1_loss: 0.4463 | giou_loss: 0.9711 | center_loss: 0.0264 | total_loss: 4.2003
2025-05-28 22:01:40,186 - all_data_dino_improved - INFO - Epoch 36, Batch 250/1360, Loss: 4.3270
2025-05-28 22:01:40,186 - all_data_dino_improved - INFO - Train metrics: l1_loss: 0.4474 | giou_loss: 1.0365 | center_loss: 0.0171 | total_loss: 4.3270
2025-05-28 22:03:10,485 - all_data_dino_improved - INFO - Epoch 36, Batch 300/1360, Loss: 4.5905
2025-05-28 22:03:10,485 - all_data_dino_improved - INFO - Train metrics: l1_loss: 0.4745 | giou_loss: 1.0961 | center_loss: 0.0260 | total_loss: 4.5905
2025-05-28 22:04:40,211 - all_data_dino_improved - INFO - Epoch 36, Batch 350/1360, Loss: 4.7985
2025-05-28 22:04:40,212 - all_data_dino_improved - INFO - Train metrics: l1_loss: 0.5149 | giou_loss: 1.1011 | center_loss: 0.0220 | total_loss: 4.7985
2025-05-28 22:06:10,779 - all_data_dino_improved - INFO - Epoch 36, Batch 400/1360, Loss: 4.5646
2025-05-28 22:06:10,779 - all_data_dino_improved - INFO - Train metrics: l1_loss: 0.4786 | giou_loss: 1.0742 | center_loss: 0.0234 | total_loss: 4.5646
2025-05-28 22:07:40,689 - all_data_dino_improved - INFO - Epoch 36, Batch 450/1360, Loss: 3.8204
2025-05-28 22:07:40,689 - all_data_dino_improved - INFO - Train metrics: l1_loss: 0.3874 | giou_loss: 0.9365 | center_loss: 0.0103 | total_loss: 3.8204
2025-05-28 22:09:10,733 - all_data_dino_improved - INFO - Epoch 36, Batch 500/1360, Loss: 3.5221
2025-05-28 22:09:10,733 - all_data_dino_improved - INFO - Train metrics: l1_loss: 0.3491 | giou_loss: 0.8834 | center_loss: 0.0096 | total_loss: 3.5221
2025-05-28 22:10:40,604 - all_data_dino_improved - INFO - Epoch 36, Batch 550/1360, Loss: 3.5887
2025-05-28 22:10:40,605 - all_data_dino_improved - INFO - Train metrics: l1_loss: 0.3418 | giou_loss: 0.9361 | center_loss: 0.0076 | total_loss: 3.5887
2025-05-28 22:12:09,773 - all_data_dino_improved - INFO - Epoch 36, Batch 600/1360, Loss: 3.0100
2025-05-28 22:12:09,773 - all_data_dino_improved - INFO - Train metrics: l1_loss: 0.2657 | giou_loss: 0.8383 | center_loss: 0.0049 | total_loss: 3.0100
2025-05-28 22:13:39,852 - all_data_dino_improved - INFO - Epoch 36, Batch 650/1360, Loss: 3.6427
2025-05-28 22:13:39,852 - all_data_dino_improved - INFO - Train metrics: l1_loss: 0.3880 | giou_loss: 0.8437 | center_loss: 0.0155 | total_loss: 3.6427
2025-05-28 22:15:10,206 - all_data_dino_improved - INFO - Epoch 36, Batch 700/1360, Loss: 3.7691
2025-05-28 22:15:10,206 - all_data_dino_improved - INFO - Train metrics: l1_loss: 0.3715 | giou_loss: 0.9505 | center_loss: 0.0106 | total_loss: 3.7691
2025-05-28 22:16:39,783 - all_data_dino_improved - INFO - Epoch 36, Batch 750/1360, Loss: 3.3971
2025-05-28 22:16:39,783 - all_data_dino_improved - INFO - Train metrics: l1_loss: 0.3293 | giou_loss: 0.8715 | center_loss: 0.0077 | total_loss: 3.3971
2025-05-28 22:18:09,168 - all_data_dino_improved - INFO - Epoch 36, Batch 800/1360, Loss: 4.4602
2025-05-28 22:18:09,168 - all_data_dino_improved - INFO - Train metrics: l1_loss: 0.4890 | giou_loss: 0.9947 | center_loss: 0.0255 | total_loss: 4.4602
2025-05-28 22:19:39,085 - all_data_dino_improved - INFO - Epoch 36, Batch 850/1360, Loss: 3.9773
2025-05-28 22:19:39,085 - all_data_dino_improved - INFO - Train metrics: l1_loss: 0.3807 | giou_loss: 1.0313 | center_loss: 0.0110 | total_loss: 3.9773
2025-05-28 22:21:08,660 - all_data_dino_improved - INFO - Epoch 36, Batch 900/1360, Loss: 3.0336
2025-05-28 22:21:08,660 - all_data_dino_improved - INFO - Train metrics: l1_loss: 0.2546 | giou_loss: 0.8779 | center_loss: 0.0046 | total_loss: 3.0336
2025-05-28 22:22:38,477 - all_data_dino_improved - INFO - Epoch 36, Batch 950/1360, Loss: 4.1076
2025-05-28 22:22:38,477 - all_data_dino_improved - INFO - Train metrics: l1_loss: 0.4173 | giou_loss: 1.0028 | center_loss: 0.0158 | total_loss: 4.1076
2025-05-28 22:24:08,503 - all_data_dino_improved - INFO - Epoch 36, Batch 1000/1360, Loss: 3.6150
2025-05-28 22:24:08,503 - all_data_dino_improved - INFO - Train metrics: l1_loss: 0.3421 | giou_loss: 0.9468 | center_loss: 0.0107 | total_loss: 3.6150
2025-05-28 22:25:38,696 - all_data_dino_improved - INFO - Epoch 36, Batch 1050/1360, Loss: 4.4928
2025-05-28 22:25:38,696 - all_data_dino_improved - INFO - Train metrics: l1_loss: 0.4717 | giou_loss: 1.0550 | center_loss: 0.0242 | total_loss: 4.4928
2025-05-28 22:27:08,701 - all_data_dino_improved - INFO - Epoch 36, Batch 1100/1360, Loss: 4.3401
2025-05-28 22:27:08,702 - all_data_dino_improved - INFO - Train metrics: l1_loss: 0.4541 | giou_loss: 1.0263 | center_loss: 0.0170 | total_loss: 4.3401
2025-05-28 22:28:38,730 - all_data_dino_improved - INFO - Epoch 36, Batch 1150/1360, Loss: 4.0554
2025-05-28 22:28:38,730 - all_data_dino_improved - INFO - Train metrics: l1_loss: 0.4338 | giou_loss: 0.9350 | center_loss: 0.0162 | total_loss: 4.0554
2025-05-28 22:30:08,455 - all_data_dino_improved - INFO - Epoch 36, Batch 1200/1360, Loss: 3.8585
2025-05-28 22:30:08,455 - all_data_dino_improved - INFO - Train metrics: l1_loss: 0.3833 | giou_loss: 0.9633 | center_loss: 0.0156 | total_loss: 3.8585
2025-05-28 22:31:38,338 - all_data_dino_improved - INFO - Epoch 36, Batch 1250/1360, Loss: 4.8750
2025-05-28 22:31:38,339 - all_data_dino_improved - INFO - Train metrics: l1_loss: 0.5294 | giou_loss: 1.1006 | center_loss: 0.0268 | total_loss: 4.8750
2025-05-28 22:33:08,333 - all_data_dino_improved - INFO - Epoch 36, Batch 1300/1360, Loss: 3.9180
2025-05-28 22:33:08,333 - all_data_dino_improved - INFO - Train metrics: l1_loss: 0.3894 | giou_loss: 0.9807 | center_loss: 0.0097 | total_loss: 3.9180
2025-05-28 22:34:37,926 - all_data_dino_improved - INFO - Epoch 36, Batch 1350/1360, Loss: 3.9920
2025-05-28 22:34:37,926 - all_data_dino_improved - INFO - Train metrics: l1_loss: 0.3919 | giou_loss: 1.0101 | center_loss: 0.0122 | total_loss: 3.9920
2025-05-28 22:34:53,719 - all_data_dino_improved - INFO - Train Epoch 36, Loss: 3.7121
2025-05-28 22:37:22,647 - all_data_dino_improved - INFO - Pred box sample: [79.44628143310547, 92.74041748046875, 263.83203125, 273.2539367675781]
2025-05-28 22:37:22,648 - all_data_dino_improved - INFO - Target box sample: [207.0, 198.0, 287.0, 283.0]
2025-05-28 22:37:22,748 - all_data_dino_improved - INFO - Validation Epoch 36, Loss: 5.1410
2025-05-28 22:37:22,748 - all_data_dino_improved - INFO - Val metrics: Acc@0.25: 0.2445 | Acc@0.5: 0.0862 | Acc@0.75: 0.0143 | mIoU: 0.1423 | medianIoU: 0.0190 | mae_x1: 118.7177 | mae_y1: 123.3764 | mae_x2: 119.8917 | mae_y2: 123.0237 | center_x_error: 107.1821 | center_y_error: 110.3732 | width_error: 2.3713 | height_error: 2.2056 | loss: 5.1410
2025-05-28 22:37:23,617 - all_data_dino_improved - INFO - Saved model checkpoint to /home/pokle/Trans-VG/visual_grounding/checkpoints/all_data_dino_improved_epoch36.pth
2025-05-28 22:37:23,618 - all_data_dino_improved - INFO - Epoch 37/200
2025-05-28 22:37:27,472 - all_data_dino_improved - INFO - Epoch 37, Batch 0/1360, Loss: 3.7585
2025-05-28 22:37:27,472 - all_data_dino_improved - INFO - Train metrics: l1_loss: 0.3792 | giou_loss: 0.9249 | center_loss: 0.0124 | total_loss: 3.7585
2025-05-28 22:38:57,258 - all_data_dino_improved - INFO - Epoch 37, Batch 50/1360, Loss: 4.2606
2025-05-28 22:38:57,259 - all_data_dino_improved - INFO - Train metrics: l1_loss: 0.4581 | giou_loss: 0.9766 | center_loss: 0.0171 | total_loss: 4.2606
2025-05-28 22:40:26,921 - all_data_dino_improved - INFO - Epoch 37, Batch 100/1360, Loss: 3.8876
2025-05-28 22:40:26,921 - all_data_dino_improved - INFO - Train metrics: l1_loss: 0.4030 | giou_loss: 0.9286 | center_loss: 0.0156 | total_loss: 3.8876
2025-05-28 22:41:57,232 - all_data_dino_improved - INFO - Epoch 37, Batch 150/1360, Loss: 3.7314
2025-05-28 22:41:57,232 - all_data_dino_improved - INFO - Train metrics: l1_loss: 0.3756 | giou_loss: 0.9208 | center_loss: 0.0115 | total_loss: 3.7314
2025-05-28 22:43:26,651 - all_data_dino_improved - INFO - Epoch 37, Batch 200/1360, Loss: 3.5535
2025-05-28 22:43:26,651 - all_data_dino_improved - INFO - Train metrics: l1_loss: 0.3412 | giou_loss: 0.9187 | center_loss: 0.0103 | total_loss: 3.5535
2025-05-28 22:44:56,478 - all_data_dino_improved - INFO - Epoch 37, Batch 250/1360, Loss: 4.6872
2025-05-28 22:44:56,478 - all_data_dino_improved - INFO - Train metrics: l1_loss: 0.4613 | giou_loss: 1.1787 | center_loss: 0.0230 | total_loss: 4.6872
2025-05-28 22:46:26,175 - all_data_dino_improved - INFO - Epoch 37, Batch 300/1360, Loss: 3.6431
2025-05-28 22:46:26,175 - all_data_dino_improved - INFO - Train metrics: l1_loss: 0.3198 | giou_loss: 1.0183 | center_loss: 0.0075 | total_loss: 3.6431
2025-05-28 22:47:56,248 - all_data_dino_improved - INFO - Epoch 37, Batch 350/1360, Loss: 4.0986
2025-05-28 22:47:56,248 - all_data_dino_improved - INFO - Train metrics: l1_loss: 0.4151 | giou_loss: 1.0048 | center_loss: 0.0137 | total_loss: 4.0986
2025-05-28 22:49:26,322 - all_data_dino_improved - INFO - Epoch 37, Batch 400/1360, Loss: 3.8626
2025-05-28 22:49:26,322 - all_data_dino_improved - INFO - Train metrics: l1_loss: 0.3901 | giou_loss: 0.9502 | center_loss: 0.0115 | total_loss: 3.8626
2025-05-28 22:50:56,460 - all_data_dino_improved - INFO - Epoch 37, Batch 450/1360, Loss: 4.0987
2025-05-28 22:50:56,460 - all_data_dino_improved - INFO - Train metrics: l1_loss: 0.3997 | giou_loss: 1.0424 | center_loss: 0.0153 | total_loss: 4.0987
2025-05-28 22:52:26,389 - all_data_dino_improved - INFO - Epoch 37, Batch 500/1360, Loss: 3.2203
2025-05-28 22:52:26,389 - all_data_dino_improved - INFO - Train metrics: l1_loss: 0.3377 | giou_loss: 0.7609 | center_loss: 0.0101 | total_loss: 3.2203
2025-05-28 22:53:55,957 - all_data_dino_improved - INFO - Epoch 37, Batch 550/1360, Loss: 3.4775
2025-05-28 22:53:55,958 - all_data_dino_improved - INFO - Train metrics: l1_loss: 0.3322 | giou_loss: 0.9038 | center_loss: 0.0090 | total_loss: 3.4775
2025-05-28 22:55:25,787 - all_data_dino_improved - INFO - Epoch 37, Batch 600/1360, Loss: 4.1444
2025-05-28 22:55:25,788 - all_data_dino_improved - INFO - Train metrics: l1_loss: 0.4152 | giou_loss: 1.0265 | center_loss: 0.0154 | total_loss: 4.1444
2025-05-28 22:56:55,546 - all_data_dino_improved - INFO - Epoch 37, Batch 650/1360, Loss: 4.1693
2025-05-28 22:56:55,546 - all_data_dino_improved - INFO - Train metrics: l1_loss: 0.4206 | giou_loss: 1.0275 | center_loss: 0.0116 | total_loss: 4.1693
2025-05-28 22:58:25,805 - all_data_dino_improved - INFO - Epoch 37, Batch 700/1360, Loss: 3.3617
2025-05-28 22:58:25,805 - all_data_dino_improved - INFO - Train metrics: l1_loss: 0.3361 | giou_loss: 0.8377 | center_loss: 0.0060 | total_loss: 3.3617
2025-05-28 22:59:55,737 - all_data_dino_improved - INFO - Epoch 37, Batch 750/1360, Loss: 3.9421
2025-05-28 22:59:55,737 - all_data_dino_improved - INFO - Train metrics: l1_loss: 0.3755 | giou_loss: 1.0254 | center_loss: 0.0138 | total_loss: 3.9421
2025-05-28 23:01:25,411 - all_data_dino_improved - INFO - Epoch 37, Batch 800/1360, Loss: 3.1402
2025-05-28 23:01:25,411 - all_data_dino_improved - INFO - Train metrics: l1_loss: 0.2862 | giou_loss: 0.8504 | center_loss: 0.0082 | total_loss: 3.1402
2025-05-28 23:02:55,145 - all_data_dino_improved - INFO - Epoch 37, Batch 850/1360, Loss: 3.6555
2025-05-28 23:02:55,145 - all_data_dino_improved - INFO - Train metrics: l1_loss: 0.3784 | giou_loss: 0.8756 | center_loss: 0.0123 | total_loss: 3.6555
2025-05-28 23:04:24,716 - all_data_dino_improved - INFO - Epoch 37, Batch 900/1360, Loss: 3.1270
2025-05-28 23:04:24,716 - all_data_dino_improved - INFO - Train metrics: l1_loss: 0.3006 | giou_loss: 0.8082 | center_loss: 0.0077 | total_loss: 3.1270
2025-05-28 23:05:54,434 - all_data_dino_improved - INFO - Epoch 37, Batch 950/1360, Loss: 3.7821
2025-05-28 23:05:54,435 - all_data_dino_improved - INFO - Train metrics: l1_loss: 0.3863 | giou_loss: 0.9185 | center_loss: 0.0136 | total_loss: 3.7821
2025-05-28 23:07:24,125 - all_data_dino_improved - INFO - Epoch 37, Batch 1000/1360, Loss: 3.2627
2025-05-28 23:07:24,125 - all_data_dino_improved - INFO - Train metrics: l1_loss: 0.3019 | giou_loss: 0.8729 | center_loss: 0.0072 | total_loss: 3.2627
2025-05-28 23:08:53,722 - all_data_dino_improved - INFO - Epoch 37, Batch 1050/1360, Loss: 3.0335
2025-05-28 23:08:53,723 - all_data_dino_improved - INFO - Train metrics: l1_loss: 0.2684 | giou_loss: 0.8433 | center_loss: 0.0046 | total_loss: 3.0335
2025-05-28 23:10:23,505 - all_data_dino_improved - INFO - Epoch 37, Batch 1100/1360, Loss: 3.5878
2025-05-28 23:10:23,505 - all_data_dino_improved - INFO - Train metrics: l1_loss: 0.3115 | giou_loss: 1.0110 | center_loss: 0.0081 | total_loss: 3.5878
2025-05-28 23:11:53,612 - all_data_dino_improved - INFO - Epoch 37, Batch 1150/1360, Loss: 3.2954
2025-05-28 23:11:53,612 - all_data_dino_improved - INFO - Train metrics: l1_loss: 0.3032 | giou_loss: 0.8865 | center_loss: 0.0063 | total_loss: 3.2954
2025-05-28 23:13:23,430 - all_data_dino_improved - INFO - Epoch 37, Batch 1200/1360, Loss: 3.2841
2025-05-28 23:13:23,430 - all_data_dino_improved - INFO - Train metrics: l1_loss: 0.3185 | giou_loss: 0.8397 | center_loss: 0.0122 | total_loss: 3.2841
2025-05-28 23:14:53,169 - all_data_dino_improved - INFO - Epoch 37, Batch 1250/1360, Loss: 3.4636
2025-05-28 23:14:53,169 - all_data_dino_improved - INFO - Train metrics: l1_loss: 0.3270 | giou_loss: 0.9085 | center_loss: 0.0113 | total_loss: 3.4636
2025-05-28 23:16:22,956 - all_data_dino_improved - INFO - Epoch 37, Batch 1300/1360, Loss: 3.5199
2025-05-28 23:16:22,957 - all_data_dino_improved - INFO - Train metrics: l1_loss: 0.3410 | giou_loss: 0.9036 | center_loss: 0.0078 | total_loss: 3.5199
2025-05-28 23:17:52,534 - all_data_dino_improved - INFO - Epoch 37, Batch 1350/1360, Loss: 3.8665
2025-05-28 23:17:52,534 - all_data_dino_improved - INFO - Train metrics: l1_loss: 0.4118 | giou_loss: 0.8956 | center_loss: 0.0164 | total_loss: 3.8665
2025-05-28 23:18:08,444 - all_data_dino_improved - INFO - Train Epoch 37, Loss: 3.6955
2025-05-28 23:20:37,503 - all_data_dino_improved - INFO - Pred box sample: [70.98542022705078, 87.48565673828125, 259.3499755859375, 250.7010955810547]
2025-05-28 23:20:37,504 - all_data_dino_improved - INFO - Target box sample: [207.0, 198.0, 287.0, 283.0]
2025-05-28 23:20:37,602 - all_data_dino_improved - INFO - Validation Epoch 37, Loss: 5.1475
2025-05-28 23:20:37,602 - all_data_dino_improved - INFO - Val metrics: Acc@0.25: 0.2473 | Acc@0.5: 0.0924 | Acc@0.75: 0.0117 | mIoU: 0.1428 | medianIoU: 0.0181 | mae_x1: 119.1435 | mae_y1: 123.4761 | mae_x2: 120.0257 | mae_y2: 124.6337 | center_x_error: 107.4764 | center_y_error: 111.0594 | width_error: 2.3794 | height_error: 2.2366 | loss: 5.1475
2025-05-28 23:20:38,467 - all_data_dino_improved - INFO - Saved model checkpoint to /home/pokle/Trans-VG/visual_grounding/checkpoints/all_data_dino_improved_epoch37.pth
2025-05-28 23:20:38,467 - all_data_dino_improved - INFO - Epoch 38/200
2025-05-28 23:20:42,447 - all_data_dino_improved - INFO - Epoch 38, Batch 0/1360, Loss: 3.6928
2025-05-28 23:20:42,447 - all_data_dino_improved - INFO - Train metrics: l1_loss: 0.3458 | giou_loss: 0.9770 | center_loss: 0.0095 | total_loss: 3.6928
2025-05-28 23:22:12,423 - all_data_dino_improved - INFO - Epoch 38, Batch 50/1360, Loss: 3.5395
2025-05-28 23:22:12,423 - all_data_dino_improved - INFO - Train metrics: l1_loss: 0.3211 | giou_loss: 0.9627 | center_loss: 0.0087 | total_loss: 3.5395
2025-05-28 23:23:42,121 - all_data_dino_improved - INFO - Epoch 38, Batch 100/1360, Loss: 3.5822
2025-05-28 23:23:42,121 - all_data_dino_improved - INFO - Train metrics: l1_loss: 0.3468 | giou_loss: 0.9180 | center_loss: 0.0123 | total_loss: 3.5822
2025-05-28 23:25:11,766 - all_data_dino_improved - INFO - Epoch 38, Batch 150/1360, Loss: 3.0313
2025-05-28 23:25:11,766 - all_data_dino_improved - INFO - Train metrics: l1_loss: 0.2827 | giou_loss: 0.8065 | center_loss: 0.0049 | total_loss: 3.0313
2025-05-28 23:26:41,945 - all_data_dino_improved - INFO - Epoch 38, Batch 200/1360, Loss: 3.3377
2025-05-28 23:26:41,945 - all_data_dino_improved - INFO - Train metrics: l1_loss: 0.2939 | giou_loss: 0.9311 | center_loss: 0.0060 | total_loss: 3.3377
2025-05-28 23:28:11,263 - all_data_dino_improved - INFO - Epoch 38, Batch 250/1360, Loss: 3.1943
2025-05-28 23:28:11,263 - all_data_dino_improved - INFO - Train metrics: l1_loss: 0.2862 | giou_loss: 0.8785 | center_loss: 0.0062 | total_loss: 3.1943
2025-05-28 23:29:41,147 - all_data_dino_improved - INFO - Epoch 38, Batch 300/1360, Loss: 4.3578
2025-05-28 23:29:41,147 - all_data_dino_improved - INFO - Train metrics: l1_loss: 0.4605 | giou_loss: 1.0182 | center_loss: 0.0188 | total_loss: 4.3578
2025-05-28 23:31:10,674 - all_data_dino_improved - INFO - Epoch 38, Batch 350/1360, Loss: 3.1662
2025-05-28 23:31:10,675 - all_data_dino_improved - INFO - Train metrics: l1_loss: 0.3117 | giou_loss: 0.7998 | center_loss: 0.0080 | total_loss: 3.1662
2025-05-28 23:32:40,122 - all_data_dino_improved - INFO - Epoch 38, Batch 400/1360, Loss: 4.1409
2025-05-28 23:32:40,123 - all_data_dino_improved - INFO - Train metrics: l1_loss: 0.4361 | giou_loss: 0.9718 | center_loss: 0.0165 | total_loss: 4.1409
2025-05-28 23:34:09,635 - all_data_dino_improved - INFO - Epoch 38, Batch 450/1360, Loss: 3.1425
2025-05-28 23:34:09,635 - all_data_dino_improved - INFO - Train metrics: l1_loss: 0.3122 | giou_loss: 0.7875 | center_loss: 0.0063 | total_loss: 3.1425
2025-05-28 23:35:39,620 - all_data_dino_improved - INFO - Epoch 38, Batch 500/1360, Loss: 3.8183
2025-05-28 23:35:39,621 - all_data_dino_improved - INFO - Train metrics: l1_loss: 0.3801 | giou_loss: 0.9532 | center_loss: 0.0114 | total_loss: 3.8183
2025-05-28 23:37:09,268 - all_data_dino_improved - INFO - Epoch 38, Batch 550/1360, Loss: 3.9203
2025-05-28 23:37:09,268 - all_data_dino_improved - INFO - Train metrics: l1_loss: 0.3895 | giou_loss: 0.9806 | center_loss: 0.0116 | total_loss: 3.9203
2025-05-28 23:38:39,570 - all_data_dino_improved - INFO - Epoch 38, Batch 600/1360, Loss: 3.6888
2025-05-28 23:38:39,571 - all_data_dino_improved - INFO - Train metrics: l1_loss: 0.3503 | giou_loss: 0.9633 | center_loss: 0.0106 | total_loss: 3.6888
2025-05-28 23:40:09,664 - all_data_dino_improved - INFO - Epoch 38, Batch 650/1360, Loss: 3.5702
2025-05-28 23:40:09,664 - all_data_dino_improved - INFO - Train metrics: l1_loss: 0.3372 | giou_loss: 0.9372 | center_loss: 0.0099 | total_loss: 3.5702
2025-05-28 23:41:39,677 - all_data_dino_improved - INFO - Epoch 38, Batch 700/1360, Loss: 3.2450
2025-05-28 23:41:39,677 - all_data_dino_improved - INFO - Train metrics: l1_loss: 0.3180 | giou_loss: 0.8241 | center_loss: 0.0067 | total_loss: 3.2450
2025-05-28 23:43:09,696 - all_data_dino_improved - INFO - Epoch 38, Batch 750/1360, Loss: 4.2961
2025-05-28 23:43:09,696 - all_data_dino_improved - INFO - Train metrics: l1_loss: 0.4292 | giou_loss: 1.0677 | center_loss: 0.0149 | total_loss: 4.2961
2025-05-28 23:44:39,474 - all_data_dino_improved - INFO - Epoch 38, Batch 800/1360, Loss: 3.2017
2025-05-28 23:44:39,474 - all_data_dino_improved - INFO - Train metrics: l1_loss: 0.2965 | giou_loss: 0.8549 | center_loss: 0.0095 | total_loss: 3.2017
2025-05-28 23:46:09,543 - all_data_dino_improved - INFO - Epoch 38, Batch 850/1360, Loss: 3.4096
2025-05-28 23:46:09,543 - all_data_dino_improved - INFO - Train metrics: l1_loss: 0.3546 | giou_loss: 0.8110 | center_loss: 0.0147 | total_loss: 3.4096
2025-05-28 23:47:39,376 - all_data_dino_improved - INFO - Epoch 38, Batch 900/1360, Loss: 3.3583
2025-05-28 23:47:39,376 - all_data_dino_improved - INFO - Train metrics: l1_loss: 0.3202 | giou_loss: 0.8743 | center_loss: 0.0086 | total_loss: 3.3583
2025-05-28 23:49:09,469 - all_data_dino_improved - INFO - Epoch 38, Batch 950/1360, Loss: 3.4680
2025-05-28 23:49:09,469 - all_data_dino_improved - INFO - Train metrics: l1_loss: 0.3588 | giou_loss: 0.8324 | center_loss: 0.0094 | total_loss: 3.4680
2025-05-28 23:50:39,211 - all_data_dino_improved - INFO - Epoch 38, Batch 1000/1360, Loss: 3.6405
2025-05-28 23:50:39,211 - all_data_dino_improved - INFO - Train metrics: l1_loss: 0.3362 | giou_loss: 0.9752 | center_loss: 0.0092 | total_loss: 3.6405
2025-05-28 23:52:08,901 - all_data_dino_improved - INFO - Epoch 38, Batch 1050/1360, Loss: 2.9748
2025-05-28 23:52:08,902 - all_data_dino_improved - INFO - Train metrics: l1_loss: 0.2688 | giou_loss: 0.8131 | center_loss: 0.0047 | total_loss: 2.9748
2025-05-28 23:53:38,765 - all_data_dino_improved - INFO - Epoch 38, Batch 1100/1360, Loss: 3.7285
2025-05-28 23:53:38,766 - all_data_dino_improved - INFO - Train metrics: l1_loss: 0.3966 | giou_loss: 0.8645 | center_loss: 0.0166 | total_loss: 3.7285
2025-05-28 23:55:08,462 - all_data_dino_improved - INFO - Epoch 38, Batch 1150/1360, Loss: 3.3553
2025-05-28 23:55:08,462 - all_data_dino_improved - INFO - Train metrics: l1_loss: 0.3242 | giou_loss: 0.8616 | center_loss: 0.0112 | total_loss: 3.3553
2025-05-28 23:56:38,833 - all_data_dino_improved - INFO - Epoch 38, Batch 1200/1360, Loss: 4.0161
2025-05-28 23:56:38,833 - all_data_dino_improved - INFO - Train metrics: l1_loss: 0.4167 | giou_loss: 0.9569 | center_loss: 0.0189 | total_loss: 4.0161
2025-05-28 23:58:08,664 - all_data_dino_improved - INFO - Epoch 38, Batch 1250/1360, Loss: 3.4885
2025-05-28 23:58:08,664 - all_data_dino_improved - INFO - Train metrics: l1_loss: 0.3719 | giou_loss: 0.8094 | center_loss: 0.0103 | total_loss: 3.4885
2025-05-28 23:59:38,520 - all_data_dino_improved - INFO - Epoch 38, Batch 1300/1360, Loss: 3.6513
2025-05-28 23:59:38,520 - all_data_dino_improved - INFO - Train metrics: l1_loss: 0.3661 | giou_loss: 0.9039 | center_loss: 0.0131 | total_loss: 3.6513
2025-05-29 00:01:08,158 - all_data_dino_improved - INFO - Epoch 38, Batch 1350/1360, Loss: 3.3623
2025-05-29 00:01:08,158 - all_data_dino_improved - INFO - Train metrics: l1_loss: 0.3099 | giou_loss: 0.9031 | center_loss: 0.0066 | total_loss: 3.3623
2025-05-29 00:01:24,448 - all_data_dino_improved - INFO - Train Epoch 38, Loss: 3.6843
2025-05-29 00:03:53,449 - all_data_dino_improved - INFO - Pred box sample: [62.963951110839844, 77.97484588623047, 249.40769958496094, 241.0848388671875]
2025-05-29 00:03:53,449 - all_data_dino_improved - INFO - Target box sample: [207.0, 198.0, 287.0, 283.0]
2025-05-29 00:03:53,548 - all_data_dino_improved - INFO - Validation Epoch 38, Loss: 5.1434
2025-05-29 00:03:53,548 - all_data_dino_improved - INFO - Val metrics: Acc@0.25: 0.2443 | Acc@0.5: 0.0884 | Acc@0.75: 0.0117 | mIoU: 0.1414 | medianIoU: 0.0180 | mae_x1: 118.6080 | mae_y1: 124.0097 | mae_x2: 118.6218 | mae_y2: 123.8031 | center_x_error: 106.3949 | center_y_error: 111.3382 | width_error: 2.3474 | height_error: 2.1788 | loss: 5.1434
2025-05-29 00:03:54,445 - all_data_dino_improved - INFO - Saved model checkpoint to /home/pokle/Trans-VG/visual_grounding/checkpoints/all_data_dino_improved_epoch38.pth
2025-05-29 00:03:54,445 - all_data_dino_improved - INFO - Epoch 39/200
2025-05-29 00:03:58,280 - all_data_dino_improved - INFO - Epoch 39, Batch 0/1360, Loss: 3.3977
2025-05-29 00:03:58,280 - all_data_dino_improved - INFO - Train metrics: l1_loss: 0.3108 | giou_loss: 0.9185 | center_loss: 0.0066 | total_loss: 3.3977
2025-05-29 00:05:27,918 - all_data_dino_improved - INFO - Epoch 39, Batch 50/1360, Loss: 4.0319
2025-05-29 00:05:27,918 - all_data_dino_improved - INFO - Train metrics: l1_loss: 0.3968 | giou_loss: 1.0194 | center_loss: 0.0091 | total_loss: 4.0319
2025-05-29 00:06:57,682 - all_data_dino_improved - INFO - Epoch 39, Batch 100/1360, Loss: 3.4791
2025-05-29 00:06:57,682 - all_data_dino_improved - INFO - Train metrics: l1_loss: 0.3218 | giou_loss: 0.9311 | center_loss: 0.0076 | total_loss: 3.4791
2025-05-29 00:08:27,645 - all_data_dino_improved - INFO - Epoch 39, Batch 150/1360, Loss: 3.9043
2025-05-29 00:08:27,645 - all_data_dino_improved - INFO - Train metrics: l1_loss: 0.3865 | giou_loss: 0.9788 | center_loss: 0.0143 | total_loss: 3.9043
2025-05-29 00:09:57,160 - all_data_dino_improved - INFO - Epoch 39, Batch 200/1360, Loss: 3.4240
2025-05-29 00:09:57,160 - all_data_dino_improved - INFO - Train metrics: l1_loss: 0.3289 | giou_loss: 0.8826 | center_loss: 0.0143 | total_loss: 3.4240
2025-05-29 00:11:26,686 - all_data_dino_improved - INFO - Epoch 39, Batch 250/1360, Loss: 3.4389
2025-05-29 00:11:26,687 - all_data_dino_improved - INFO - Train metrics: l1_loss: 0.3469 | giou_loss: 0.8463 | center_loss: 0.0116 | total_loss: 3.4389
2025-05-29 00:12:56,135 - all_data_dino_improved - INFO - Epoch 39, Batch 300/1360, Loss: 3.5905
2025-05-29 00:12:56,136 - all_data_dino_improved - INFO - Train metrics: l1_loss: 0.3250 | giou_loss: 0.9789 | center_loss: 0.0079 | total_loss: 3.5905
2025-05-29 00:14:25,673 - all_data_dino_improved - INFO - Epoch 39, Batch 350/1360, Loss: 2.9625
2025-05-29 00:14:25,674 - all_data_dino_improved - INFO - Train metrics: l1_loss: 0.2919 | giou_loss: 0.7479 | center_loss: 0.0071 | total_loss: 2.9625
2025-05-29 00:15:55,075 - all_data_dino_improved - INFO - Epoch 39, Batch 400/1360, Loss: 3.8650
2025-05-29 00:15:55,075 - all_data_dino_improved - INFO - Train metrics: l1_loss: 0.3785 | giou_loss: 0.9795 | center_loss: 0.0136 | total_loss: 3.8650
2025-05-29 00:17:24,935 - all_data_dino_improved - INFO - Epoch 39, Batch 450/1360, Loss: 4.2191
2025-05-29 00:17:24,935 - all_data_dino_improved - INFO - Train metrics: l1_loss: 0.4594 | giou_loss: 0.9503 | center_loss: 0.0216 | total_loss: 4.2191
2025-05-29 00:18:54,553 - all_data_dino_improved - INFO - Epoch 39, Batch 500/1360, Loss: 3.0929
2025-05-29 00:18:54,553 - all_data_dino_improved - INFO - Train metrics: l1_loss: 0.2745 | giou_loss: 0.8572 | center_loss: 0.0059 | total_loss: 3.0929
2025-05-29 00:20:24,031 - all_data_dino_improved - INFO - Epoch 39, Batch 550/1360, Loss: 3.2127
2025-05-29 00:20:24,031 - all_data_dino_improved - INFO - Train metrics: l1_loss: 0.2622 | giou_loss: 0.9480 | center_loss: 0.0056 | total_loss: 3.2127
2025-05-29 00:21:53,958 - all_data_dino_improved - INFO - Epoch 39, Batch 600/1360, Loss: 3.9169
2025-05-29 00:21:53,958 - all_data_dino_improved - INFO - Train metrics: l1_loss: 0.4015 | giou_loss: 0.9455 | center_loss: 0.0185 | total_loss: 3.9169
2025-05-29 00:23:24,071 - all_data_dino_improved - INFO - Epoch 39, Batch 650/1360, Loss: 2.9793
2025-05-29 00:23:24,071 - all_data_dino_improved - INFO - Train metrics: l1_loss: 0.2698 | giou_loss: 0.8136 | center_loss: 0.0031 | total_loss: 2.9793
2025-05-29 00:24:53,986 - all_data_dino_improved - INFO - Epoch 39, Batch 700/1360, Loss: 3.9433
2025-05-29 00:24:53,986 - all_data_dino_improved - INFO - Train metrics: l1_loss: 0.4231 | giou_loss: 0.9056 | center_loss: 0.0169 | total_loss: 3.9433
2025-05-29 00:26:23,465 - all_data_dino_improved - INFO - Epoch 39, Batch 750/1360, Loss: 3.6378
2025-05-29 00:26:23,465 - all_data_dino_improved - INFO - Train metrics: l1_loss: 0.3662 | giou_loss: 0.8975 | center_loss: 0.0117 | total_loss: 3.6378
2025-05-29 00:27:53,182 - all_data_dino_improved - INFO - Epoch 39, Batch 800/1360, Loss: 3.6998
2025-05-29 00:27:53,182 - all_data_dino_improved - INFO - Train metrics: l1_loss: 0.3537 | giou_loss: 0.9589 | center_loss: 0.0135 | total_loss: 3.6998
2025-05-29 00:29:22,862 - all_data_dino_improved - INFO - Epoch 39, Batch 850/1360, Loss: 3.6316
2025-05-29 00:29:22,862 - all_data_dino_improved - INFO - Train metrics: l1_loss: 0.3826 | giou_loss: 0.8524 | center_loss: 0.0138 | total_loss: 3.6316
2025-05-29 00:30:52,686 - all_data_dino_improved - INFO - Epoch 39, Batch 900/1360, Loss: 4.0736
2025-05-29 00:30:52,687 - all_data_dino_improved - INFO - Train metrics: l1_loss: 0.4110 | giou_loss: 1.0023 | center_loss: 0.0141 | total_loss: 4.0736
2025-05-29 00:32:22,065 - all_data_dino_improved - INFO - Epoch 39, Batch 950/1360, Loss: 4.5088
2025-05-29 00:32:22,066 - all_data_dino_improved - INFO - Train metrics: l1_loss: 0.4679 | giou_loss: 1.0755 | center_loss: 0.0183 | total_loss: 4.5088
2025-05-29 00:33:51,802 - all_data_dino_improved - INFO - Epoch 39, Batch 1000/1360, Loss: 3.6383
2025-05-29 00:33:51,802 - all_data_dino_improved - INFO - Train metrics: l1_loss: 0.3580 | giou_loss: 0.9204 | center_loss: 0.0077 | total_loss: 3.6383
2025-05-29 00:35:21,638 - all_data_dino_improved - INFO - Epoch 39, Batch 1050/1360, Loss: 3.6631
2025-05-29 00:35:21,639 - all_data_dino_improved - INFO - Train metrics: l1_loss: 0.3557 | giou_loss: 0.9349 | center_loss: 0.0148 | total_loss: 3.6631
2025-05-29 00:36:51,569 - all_data_dino_improved - INFO - Epoch 39, Batch 1100/1360, Loss: 3.5754
2025-05-29 00:36:51,569 - all_data_dino_improved - INFO - Train metrics: l1_loss: 0.3352 | giou_loss: 0.9444 | center_loss: 0.0104 | total_loss: 3.5754
2025-05-29 00:38:20,884 - all_data_dino_improved - INFO - Epoch 39, Batch 1150/1360, Loss: 3.6636
2025-05-29 00:38:20,885 - all_data_dino_improved - INFO - Train metrics: l1_loss: 0.3714 | giou_loss: 0.8984 | center_loss: 0.0098 | total_loss: 3.6636
2025-05-29 00:39:50,396 - all_data_dino_improved - INFO - Epoch 39, Batch 1200/1360, Loss: 3.6850
2025-05-29 00:39:50,397 - all_data_dino_improved - INFO - Train metrics: l1_loss: 0.3782 | giou_loss: 0.8904 | center_loss: 0.0135 | total_loss: 3.6850
2025-05-29 00:41:20,319 - all_data_dino_improved - INFO - Epoch 39, Batch 1250/1360, Loss: 4.3154
2025-05-29 00:41:20,319 - all_data_dino_improved - INFO - Train metrics: l1_loss: 0.4388 | giou_loss: 1.0521 | center_loss: 0.0170 | total_loss: 4.3154
2025-05-29 00:42:50,619 - all_data_dino_improved - INFO - Epoch 39, Batch 1300/1360, Loss: 3.2561
2025-05-29 00:42:50,619 - all_data_dino_improved - INFO - Train metrics: l1_loss: 0.3197 | giou_loss: 0.8243 | center_loss: 0.0091 | total_loss: 3.2561
2025-05-29 00:44:20,694 - all_data_dino_improved - INFO - Epoch 39, Batch 1350/1360, Loss: 3.5141
2025-05-29 00:44:20,694 - all_data_dino_improved - INFO - Train metrics: l1_loss: 0.3362 | giou_loss: 0.9130 | center_loss: 0.0073 | total_loss: 3.5141
2025-05-29 00:44:36,500 - all_data_dino_improved - INFO - Train Epoch 39, Loss: 3.6717
2025-05-29 00:47:05,514 - all_data_dino_improved - INFO - Pred box sample: [75.25366973876953, 101.86441040039062, 277.31536865234375, 268.0971984863281]
2025-05-29 00:47:05,515 - all_data_dino_improved - INFO - Target box sample: [207.0, 198.0, 287.0, 283.0]
2025-05-29 00:47:05,611 - all_data_dino_improved - INFO - Validation Epoch 39, Loss: 5.1623
2025-05-29 00:47:05,612 - all_data_dino_improved - INFO - Val metrics: Acc@0.25: 0.2384 | Acc@0.5: 0.0860 | Acc@0.75: 0.0103 | mIoU: 0.1392 | medianIoU: 0.0153 | mae_x1: 119.6468 | mae_y1: 119.5982 | mae_x2: 120.3229 | mae_y2: 122.3493 | center_x_error: 108.4392 | center_y_error: 108.6199 | width_error: 2.2126 | height_error: 2.0205 | loss: 5.1623
2025-05-29 00:47:06,430 - all_data_dino_improved - INFO - Saved model checkpoint to /home/pokle/Trans-VG/visual_grounding/checkpoints/all_data_dino_improved_epoch39.pth
2025-05-29 00:47:06,431 - all_data_dino_improved - INFO - Epoch 40/200
2025-05-29 00:47:10,265 - all_data_dino_improved - INFO - Epoch 40, Batch 0/1360, Loss: 3.8496
2025-05-29 00:47:10,267 - all_data_dino_improved - INFO - Train metrics: l1_loss: 0.3791 | giou_loss: 0.9707 | center_loss: 0.0128 | total_loss: 3.8496
2025-05-29 00:48:40,377 - all_data_dino_improved - INFO - Epoch 40, Batch 50/1360, Loss: 4.0199
2025-05-29 00:48:40,377 - all_data_dino_improved - INFO - Train metrics: l1_loss: 0.4194 | giou_loss: 0.9527 | center_loss: 0.0173 | total_loss: 4.0199
2025-05-29 00:50:10,489 - all_data_dino_improved - INFO - Epoch 40, Batch 100/1360, Loss: 3.1772
2025-05-29 00:50:10,490 - all_data_dino_improved - INFO - Train metrics: l1_loss: 0.3034 | giou_loss: 0.8262 | center_loss: 0.0077 | total_loss: 3.1772
2025-05-29 00:51:40,767 - all_data_dino_improved - INFO - Epoch 40, Batch 150/1360, Loss: 2.9207
2025-05-29 00:51:40,767 - all_data_dino_improved - INFO - Train metrics: l1_loss: 0.2782 | giou_loss: 0.7619 | center_loss: 0.0061 | total_loss: 2.9207
2025-05-29 00:53:10,118 - all_data_dino_improved - INFO - Epoch 40, Batch 200/1360, Loss: 3.8141
2025-05-29 00:53:10,119 - all_data_dino_improved - INFO - Train metrics: l1_loss: 0.3690 | giou_loss: 0.9770 | center_loss: 0.0149 | total_loss: 3.8141
2025-05-29 00:54:39,799 - all_data_dino_improved - INFO - Epoch 40, Batch 250/1360, Loss: 3.5378
2025-05-29 00:54:39,799 - all_data_dino_improved - INFO - Train metrics: l1_loss: 0.3339 | giou_loss: 0.9305 | center_loss: 0.0075 | total_loss: 3.5378
2025-05-29 00:56:09,410 - all_data_dino_improved - INFO - Epoch 40, Batch 300/1360, Loss: 4.0685
2025-05-29 00:56:09,410 - all_data_dino_improved - INFO - Train metrics: l1_loss: 0.4090 | giou_loss: 1.0033 | center_loss: 0.0168 | total_loss: 4.0685
2025-05-29 00:57:39,020 - all_data_dino_improved - INFO - Epoch 40, Batch 350/1360, Loss: 4.2235
2025-05-29 00:57:39,020 - all_data_dino_improved - INFO - Train metrics: l1_loss: 0.3941 | giou_loss: 1.1192 | center_loss: 0.0145 | total_loss: 4.2235
2025-05-29 00:59:08,752 - all_data_dino_improved - INFO - Epoch 40, Batch 400/1360, Loss: 3.9926
2025-05-29 00:59:08,752 - all_data_dino_improved - INFO - Train metrics: l1_loss: 0.4318 | giou_loss: 0.9074 | center_loss: 0.0187 | total_loss: 3.9926
2025-05-29 01:00:38,556 - all_data_dino_improved - INFO - Epoch 40, Batch 450/1360, Loss: 3.7505
2025-05-29 01:00:38,557 - all_data_dino_improved - INFO - Train metrics: l1_loss: 0.3810 | giou_loss: 0.9178 | center_loss: 0.0099 | total_loss: 3.7505
2025-05-29 01:02:08,515 - all_data_dino_improved - INFO - Epoch 40, Batch 500/1360, Loss: 4.1330
2025-05-29 01:02:08,515 - all_data_dino_improved - INFO - Train metrics: l1_loss: 0.4348 | giou_loss: 0.9708 | center_loss: 0.0172 | total_loss: 4.1330
2025-05-29 01:03:37,807 - all_data_dino_improved - INFO - Epoch 40, Batch 550/1360, Loss: 4.1406
2025-05-29 01:03:37,808 - all_data_dino_improved - INFO - Train metrics: l1_loss: 0.4235 | giou_loss: 1.0028 | center_loss: 0.0176 | total_loss: 4.1406
2025-05-29 01:05:07,531 - all_data_dino_improved - INFO - Epoch 40, Batch 600/1360, Loss: 3.8020
2025-05-29 01:05:07,532 - all_data_dino_improved - INFO - Train metrics: l1_loss: 0.3654 | giou_loss: 0.9818 | center_loss: 0.0112 | total_loss: 3.8020
2025-05-29 01:06:37,005 - all_data_dino_improved - INFO - Epoch 40, Batch 650/1360, Loss: 4.1465
2025-05-29 01:06:37,006 - all_data_dino_improved - INFO - Train metrics: l1_loss: 0.4278 | giou_loss: 0.9915 | center_loss: 0.0244 | total_loss: 4.1465
2025-05-29 01:08:06,937 - all_data_dino_improved - INFO - Epoch 40, Batch 700/1360, Loss: 3.7893
2025-05-29 01:08:06,938 - all_data_dino_improved - INFO - Train metrics: l1_loss: 0.3794 | giou_loss: 0.9406 | center_loss: 0.0109 | total_loss: 3.7893
2025-05-29 01:09:36,864 - all_data_dino_improved - INFO - Epoch 40, Batch 750/1360, Loss: 3.6454
2025-05-29 01:09:36,864 - all_data_dino_improved - INFO - Train metrics: l1_loss: 0.3565 | giou_loss: 0.9242 | center_loss: 0.0145 | total_loss: 3.6454
2025-05-29 01:11:06,715 - all_data_dino_improved - INFO - Epoch 40, Batch 800/1360, Loss: 3.5236
2025-05-29 01:11:06,715 - all_data_dino_improved - INFO - Train metrics: l1_loss: 0.3720 | giou_loss: 0.8272 | center_loss: 0.0091 | total_loss: 3.5236
2025-05-29 01:12:36,249 - all_data_dino_improved - INFO - Epoch 40, Batch 850/1360, Loss: 3.5992
2025-05-29 01:12:36,249 - all_data_dino_improved - INFO - Train metrics: l1_loss: 0.3711 | giou_loss: 0.8674 | center_loss: 0.0088 | total_loss: 3.5992
2025-05-29 01:14:06,180 - all_data_dino_improved - INFO - Epoch 40, Batch 900/1360, Loss: 2.7127
2025-05-29 01:14:06,180 - all_data_dino_improved - INFO - Train metrics: l1_loss: 0.2205 | giou_loss: 0.8035 | center_loss: 0.0033 | total_loss: 2.7127
2025-05-29 01:15:35,646 - all_data_dino_improved - INFO - Epoch 40, Batch 950/1360, Loss: 3.2160
2025-05-29 01:15:35,646 - all_data_dino_improved - INFO - Train metrics: l1_loss: 0.2840 | giou_loss: 0.8946 | center_loss: 0.0067 | total_loss: 3.2160
2025-05-29 01:17:05,562 - all_data_dino_improved - INFO - Epoch 40, Batch 1000/1360, Loss: 3.6668
2025-05-29 01:17:05,562 - all_data_dino_improved - INFO - Train metrics: l1_loss: 0.3416 | giou_loss: 0.9750 | center_loss: 0.0090 | total_loss: 3.6668
2025-05-29 01:18:35,639 - all_data_dino_improved - INFO - Epoch 40, Batch 1050/1360, Loss: 4.0510
2025-05-29 01:18:35,640 - all_data_dino_improved - INFO - Train metrics: l1_loss: 0.3903 | giou_loss: 1.0444 | center_loss: 0.0106 | total_loss: 4.0510
2025-05-29 01:20:05,454 - all_data_dino_improved - INFO - Epoch 40, Batch 1100/1360, Loss: 3.9047
2025-05-29 01:20:05,454 - all_data_dino_improved - INFO - Train metrics: l1_loss: 0.3525 | giou_loss: 1.0662 | center_loss: 0.0098 | total_loss: 3.9047
2025-05-29 01:21:35,064 - all_data_dino_improved - INFO - Epoch 40, Batch 1150/1360, Loss: 3.0651
2025-05-29 01:21:35,065 - all_data_dino_improved - INFO - Train metrics: l1_loss: 0.2812 | giou_loss: 0.8272 | center_loss: 0.0045 | total_loss: 3.0651
2025-05-29 01:23:04,736 - all_data_dino_improved - INFO - Epoch 40, Batch 1200/1360, Loss: 3.5127
2025-05-29 01:23:04,736 - all_data_dino_improved - INFO - Train metrics: l1_loss: 0.3322 | giou_loss: 0.9196 | center_loss: 0.0123 | total_loss: 3.5127
2025-05-29 01:24:34,289 - all_data_dino_improved - INFO - Epoch 40, Batch 1250/1360, Loss: 4.0615
2025-05-29 01:24:34,289 - all_data_dino_improved - INFO - Train metrics: l1_loss: 0.4213 | giou_loss: 0.9672 | center_loss: 0.0206 | total_loss: 4.0615
2025-05-29 01:26:04,296 - all_data_dino_improved - INFO - Epoch 40, Batch 1300/1360, Loss: 3.8579
2025-05-29 01:26:04,296 - all_data_dino_improved - INFO - Train metrics: l1_loss: 0.4006 | giou_loss: 0.9190 | center_loss: 0.0171 | total_loss: 3.8579
2025-05-29 01:27:34,493 - all_data_dino_improved - INFO - Epoch 40, Batch 1350/1360, Loss: 3.5485
2025-05-29 01:27:34,493 - all_data_dino_improved - INFO - Train metrics: l1_loss: 0.3571 | giou_loss: 0.8761 | center_loss: 0.0107 | total_loss: 3.5485
2025-05-29 01:27:50,674 - all_data_dino_improved - INFO - Train Epoch 40, Loss: 3.6604
2025-05-29 01:30:19,587 - all_data_dino_improved - INFO - Pred box sample: [87.83562469482422, 105.47953796386719, 279.0272521972656, 268.4701232910156]
2025-05-29 01:30:19,588 - all_data_dino_improved - INFO - Target box sample: [207.0, 198.0, 287.0, 283.0]
2025-05-29 01:30:19,684 - all_data_dino_improved - INFO - Validation Epoch 40, Loss: 5.1675
2025-05-29 01:30:19,684 - all_data_dino_improved - INFO - Val metrics: Acc@0.25: 0.2400 | Acc@0.5: 0.0860 | Acc@0.75: 0.0109 | mIoU: 0.1395 | medianIoU: 0.0148 | mae_x1: 118.3406 | mae_y1: 122.3467 | mae_x2: 119.1879 | mae_y2: 123.9695 | center_x_error: 107.1738 | center_y_error: 110.9528 | width_error: 2.2195 | height_error: 2.0263 | loss: 5.1675
2025-05-29 01:30:20,511 - all_data_dino_improved - INFO - Saved model checkpoint to /home/pokle/Trans-VG/visual_grounding/checkpoints/all_data_dino_improved_epoch40.pth
2025-05-29 01:30:20,511 - all_data_dino_improved - INFO - Epoch 41/200
2025-05-29 01:30:24,364 - all_data_dino_improved - INFO - Epoch 41, Batch 0/1360, Loss: 4.1170
2025-05-29 01:30:24,364 - all_data_dino_improved - INFO - Train metrics: l1_loss: 0.4027 | giou_loss: 1.0464 | center_loss: 0.0107 | total_loss: 4.1170
2025-05-29 01:31:54,065 - all_data_dino_improved - INFO - Epoch 41, Batch 50/1360, Loss: 4.1193
2025-05-29 01:31:54,066 - all_data_dino_improved - INFO - Train metrics: l1_loss: 0.4007 | giou_loss: 1.0507 | center_loss: 0.0144 | total_loss: 4.1193
2025-05-29 01:33:23,468 - all_data_dino_improved - INFO - Epoch 41, Batch 100/1360, Loss: 3.2270
2025-05-29 01:33:23,468 - all_data_dino_improved - INFO - Train metrics: l1_loss: 0.3232 | giou_loss: 0.8007 | center_loss: 0.0095 | total_loss: 3.2270
2025-05-29 01:34:52,776 - all_data_dino_improved - INFO - Epoch 41, Batch 150/1360, Loss: 3.6156
2025-05-29 01:34:52,776 - all_data_dino_improved - INFO - Train metrics: l1_loss: 0.3339 | giou_loss: 0.9687 | center_loss: 0.0086 | total_loss: 3.6156
2025-05-29 01:36:22,444 - all_data_dino_improved - INFO - Epoch 41, Batch 200/1360, Loss: 4.2414
2025-05-29 01:36:22,444 - all_data_dino_improved - INFO - Train metrics: l1_loss: 0.4194 | giou_loss: 1.0659 | center_loss: 0.0124 | total_loss: 4.2414
2025-05-29 01:37:52,188 - all_data_dino_improved - INFO - Epoch 41, Batch 250/1360, Loss: 3.5146
2025-05-29 01:37:52,188 - all_data_dino_improved - INFO - Train metrics: l1_loss: 0.3333 | giou_loss: 0.9200 | center_loss: 0.0084 | total_loss: 3.5146
2025-05-29 01:39:22,479 - all_data_dino_improved - INFO - Epoch 41, Batch 300/1360, Loss: 4.7364
2025-05-29 01:39:22,480 - all_data_dino_improved - INFO - Train metrics: l1_loss: 0.5204 | giou_loss: 1.0532 | center_loss: 0.0283 | total_loss: 4.7364
2025-05-29 01:40:52,420 - all_data_dino_improved - INFO - Epoch 41, Batch 350/1360, Loss: 3.0615
2025-05-29 01:40:52,421 - all_data_dino_improved - INFO - Train metrics: l1_loss: 0.3041 | giou_loss: 0.7658 | center_loss: 0.0098 | total_loss: 3.0615
2025-05-29 01:42:22,285 - all_data_dino_improved - INFO - Epoch 41, Batch 400/1360, Loss: 4.1249
2025-05-29 01:42:22,285 - all_data_dino_improved - INFO - Train metrics: l1_loss: 0.4032 | giou_loss: 1.0476 | center_loss: 0.0136 | total_loss: 4.1249
2025-05-29 01:43:51,896 - all_data_dino_improved - INFO - Epoch 41, Batch 450/1360, Loss: 3.4009
2025-05-29 01:43:51,897 - all_data_dino_improved - INFO - Train metrics: l1_loss: 0.3483 | giou_loss: 0.8259 | center_loss: 0.0075 | total_loss: 3.4009
2025-05-29 01:45:21,447 - all_data_dino_improved - INFO - Epoch 41, Batch 500/1360, Loss: 3.9203
2025-05-29 01:45:21,447 - all_data_dino_improved - INFO - Train metrics: l1_loss: 0.3993 | giou_loss: 0.9555 | center_loss: 0.0129 | total_loss: 3.9203
2025-05-29 01:46:50,679 - all_data_dino_improved - INFO - Epoch 41, Batch 550/1360, Loss: 3.7464
2025-05-29 01:46:50,679 - all_data_dino_improved - INFO - Train metrics: l1_loss: 0.3431 | giou_loss: 1.0099 | center_loss: 0.0112 | total_loss: 3.7464
2025-05-29 01:48:20,134 - all_data_dino_improved - INFO - Epoch 41, Batch 600/1360, Loss: 3.2399
2025-05-29 01:48:20,135 - all_data_dino_improved - INFO - Train metrics: l1_loss: 0.3113 | giou_loss: 0.8369 | center_loss: 0.0095 | total_loss: 3.2399
2025-05-29 01:49:50,115 - all_data_dino_improved - INFO - Epoch 41, Batch 650/1360, Loss: 3.6757
2025-05-29 01:49:50,115 - all_data_dino_improved - INFO - Train metrics: l1_loss: 0.3654 | giou_loss: 0.9205 | center_loss: 0.0078 | total_loss: 3.6757
2025-05-29 01:51:19,676 - all_data_dino_improved - INFO - Epoch 41, Batch 700/1360, Loss: 3.9130
2025-05-29 01:51:19,676 - all_data_dino_improved - INFO - Train metrics: l1_loss: 0.3991 | giou_loss: 0.9528 | center_loss: 0.0118 | total_loss: 3.9130
2025-05-29 01:52:49,509 - all_data_dino_improved - INFO - Epoch 41, Batch 750/1360, Loss: 3.4087
2025-05-29 01:52:49,510 - all_data_dino_improved - INFO - Train metrics: l1_loss: 0.3430 | giou_loss: 0.8417 | center_loss: 0.0101 | total_loss: 3.4087
2025-05-29 01:54:19,285 - all_data_dino_improved - INFO - Epoch 41, Batch 800/1360, Loss: 4.2914
2025-05-29 01:54:19,285 - all_data_dino_improved - INFO - Train metrics: l1_loss: 0.4319 | giou_loss: 1.0591 | center_loss: 0.0138 | total_loss: 4.2914
2025-05-29 01:55:49,204 - all_data_dino_improved - INFO - Epoch 41, Batch 850/1360, Loss: 2.8022
2025-05-29 01:55:49,204 - all_data_dino_improved - INFO - Train metrics: l1_loss: 0.2955 | giou_loss: 0.6594 | center_loss: 0.0060 | total_loss: 2.8022
2025-05-29 01:57:19,470 - all_data_dino_improved - INFO - Epoch 41, Batch 900/1360, Loss: 3.8885
2025-05-29 01:57:19,470 - all_data_dino_improved - INFO - Train metrics: l1_loss: 0.4075 | giou_loss: 0.9176 | center_loss: 0.0160 | total_loss: 3.8885
2025-05-29 01:58:48,904 - all_data_dino_improved - INFO - Epoch 41, Batch 950/1360, Loss: 3.6854
2025-05-29 01:58:48,904 - all_data_dino_improved - INFO - Train metrics: l1_loss: 0.3567 | giou_loss: 0.9449 | center_loss: 0.0123 | total_loss: 3.6854
2025-05-29 02:00:18,921 - all_data_dino_improved - INFO - Epoch 41, Batch 1000/1360, Loss: 3.7144
2025-05-29 02:00:18,921 - all_data_dino_improved - INFO - Train metrics: l1_loss: 0.3393 | giou_loss: 1.0036 | center_loss: 0.0109 | total_loss: 3.7144
2025-05-29 02:01:48,626 - all_data_dino_improved - INFO - Epoch 41, Batch 1050/1360, Loss: 3.5977
2025-05-29 02:01:48,626 - all_data_dino_improved - INFO - Train metrics: l1_loss: 0.3424 | giou_loss: 0.9370 | center_loss: 0.0117 | total_loss: 3.5977
2025-05-29 02:03:18,735 - all_data_dino_improved - INFO - Epoch 41, Batch 1100/1360, Loss: 3.9931
2025-05-29 02:03:18,735 - all_data_dino_improved - INFO - Train metrics: l1_loss: 0.4096 | giou_loss: 0.9646 | center_loss: 0.0161 | total_loss: 3.9931
2025-05-29 02:04:48,653 - all_data_dino_improved - INFO - Epoch 41, Batch 1150/1360, Loss: 3.9315
2025-05-29 02:04:48,654 - all_data_dino_improved - INFO - Train metrics: l1_loss: 0.3932 | giou_loss: 0.9745 | center_loss: 0.0163 | total_loss: 3.9315
2025-05-29 02:06:18,127 - all_data_dino_improved - INFO - Epoch 41, Batch 1200/1360, Loss: 3.7294
2025-05-29 02:06:18,127 - all_data_dino_improved - INFO - Train metrics: l1_loss: 0.3627 | giou_loss: 0.9520 | center_loss: 0.0118 | total_loss: 3.7294
2025-05-29 02:07:47,955 - all_data_dino_improved - INFO - Epoch 41, Batch 1250/1360, Loss: 3.9410
2025-05-29 02:07:47,955 - all_data_dino_improved - INFO - Train metrics: l1_loss: 0.3879 | giou_loss: 0.9910 | center_loss: 0.0193 | total_loss: 3.9410
2025-05-29 02:09:17,530 - all_data_dino_improved - INFO - Epoch 41, Batch 1300/1360, Loss: 3.4774
2025-05-29 02:09:17,530 - all_data_dino_improved - INFO - Train metrics: l1_loss: 0.3571 | giou_loss: 0.8401 | center_loss: 0.0116 | total_loss: 3.4774
2025-05-29 02:10:46,927 - all_data_dino_improved - INFO - Epoch 41, Batch 1350/1360, Loss: 3.6644
2025-05-29 02:10:46,927 - all_data_dino_improved - INFO - Train metrics: l1_loss: 0.3549 | giou_loss: 0.9381 | center_loss: 0.0137 | total_loss: 3.6644
2025-05-29 02:11:02,917 - all_data_dino_improved - INFO - Train Epoch 41, Loss: 3.6472
2025-05-29 02:13:31,915 - all_data_dino_improved - INFO - Pred box sample: [83.27214050292969, 108.87220001220703, 279.02490234375, 279.1957702636719]
2025-05-29 02:13:31,916 - all_data_dino_improved - INFO - Target box sample: [207.0, 198.0, 287.0, 283.0]
2025-05-29 02:13:32,015 - all_data_dino_improved - INFO - Validation Epoch 41, Loss: 5.1395
2025-05-29 02:13:32,016 - all_data_dino_improved - INFO - Val metrics: Acc@0.25: 0.2435 | Acc@0.5: 0.0894 | Acc@0.75: 0.0101 | mIoU: 0.1403 | medianIoU: 0.0155 | mae_x1: 117.7990 | mae_y1: 122.0020 | mae_x2: 119.1058 | mae_y2: 120.8249 | center_x_error: 106.9560 | center_y_error: 109.4561 | width_error: 2.2329 | height_error: 2.0490 | loss: 5.1395
2025-05-29 02:13:32,949 - all_data_dino_improved - INFO - Saved model checkpoint to /home/pokle/Trans-VG/visual_grounding/checkpoints/all_data_dino_improved_epoch41.pth
2025-05-29 02:13:32,949 - all_data_dino_improved - INFO - Epoch 42/200
2025-05-29 02:13:36,917 - all_data_dino_improved - INFO - Epoch 42, Batch 0/1360, Loss: 3.1061
2025-05-29 02:13:36,917 - all_data_dino_improved - INFO - Train metrics: l1_loss: 0.2961 | giou_loss: 0.8090 | center_loss: 0.0074 | total_loss: 3.1061
2025-05-29 02:15:06,196 - all_data_dino_improved - INFO - Epoch 42, Batch 50/1360, Loss: 4.5876
2025-05-29 02:15:06,196 - all_data_dino_improved - INFO - Train metrics: l1_loss: 0.5162 | giou_loss: 0.9870 | center_loss: 0.0325 | total_loss: 4.5876
2025-05-29 02:16:35,816 - all_data_dino_improved - INFO - Epoch 42, Batch 100/1360, Loss: 3.2510
2025-05-29 02:16:35,816 - all_data_dino_improved - INFO - Train metrics: l1_loss: 0.3336 | giou_loss: 0.7853 | center_loss: 0.0124 | total_loss: 3.2510
2025-05-29 02:18:05,115 - all_data_dino_improved - INFO - Epoch 42, Batch 150/1360, Loss: 3.4619
2025-05-29 02:18:05,115 - all_data_dino_improved - INFO - Train metrics: l1_loss: 0.3322 | giou_loss: 0.8953 | center_loss: 0.0105 | total_loss: 3.4619
2025-05-29 02:19:34,696 - all_data_dino_improved - INFO - Epoch 42, Batch 200/1360, Loss: 3.5527
2025-05-29 02:19:34,696 - all_data_dino_improved - INFO - Train metrics: l1_loss: 0.3417 | giou_loss: 0.9170 | center_loss: 0.0103 | total_loss: 3.5527
2025-05-29 02:21:04,509 - all_data_dino_improved - INFO - Epoch 42, Batch 250/1360, Loss: 3.3350
2025-05-29 02:21:04,509 - all_data_dino_improved - INFO - Train metrics: l1_loss: 0.3295 | giou_loss: 0.8403 | center_loss: 0.0069 | total_loss: 3.3350
2025-05-29 02:22:33,796 - all_data_dino_improved - INFO - Epoch 42, Batch 300/1360, Loss: 4.1872
2025-05-29 02:22:33,796 - all_data_dino_improved - INFO - Train metrics: l1_loss: 0.4449 | giou_loss: 0.9707 | center_loss: 0.0215 | total_loss: 4.1872
2025-05-29 02:24:03,702 - all_data_dino_improved - INFO - Epoch 42, Batch 350/1360, Loss: 3.5261
2025-05-29 02:24:03,702 - all_data_dino_improved - INFO - Train metrics: l1_loss: 0.3561 | giou_loss: 0.8678 | center_loss: 0.0102 | total_loss: 3.5261
2025-05-29 02:25:33,642 - all_data_dino_improved - INFO - Epoch 42, Batch 400/1360, Loss: 3.5832
2025-05-29 02:25:33,642 - all_data_dino_improved - INFO - Train metrics: l1_loss: 0.3476 | giou_loss: 0.9177 | center_loss: 0.0100 | total_loss: 3.5832
2025-05-29 02:27:03,534 - all_data_dino_improved - INFO - Epoch 42, Batch 450/1360, Loss: 3.2073
2025-05-29 02:27:03,534 - all_data_dino_improved - INFO - Train metrics: l1_loss: 0.3081 | giou_loss: 0.8272 | center_loss: 0.0126 | total_loss: 3.2073
2025-05-29 02:28:33,292 - all_data_dino_improved - INFO - Epoch 42, Batch 500/1360, Loss: 3.5292
2025-05-29 02:28:33,292 - all_data_dino_improved - INFO - Train metrics: l1_loss: 0.3448 | giou_loss: 0.8983 | center_loss: 0.0086 | total_loss: 3.5292
2025-05-29 02:30:03,479 - all_data_dino_improved - INFO - Epoch 42, Batch 550/1360, Loss: 3.0744
2025-05-29 02:30:03,479 - all_data_dino_improved - INFO - Train metrics: l1_loss: 0.2971 | giou_loss: 0.7917 | center_loss: 0.0057 | total_loss: 3.0744
2025-05-29 02:31:33,244 - all_data_dino_improved - INFO - Epoch 42, Batch 600/1360, Loss: 3.7050
2025-05-29 02:31:33,244 - all_data_dino_improved - INFO - Train metrics: l1_loss: 0.3669 | giou_loss: 0.9296 | center_loss: 0.0110 | total_loss: 3.7050
2025-05-29 02:33:03,136 - all_data_dino_improved - INFO - Epoch 42, Batch 650/1360, Loss: 3.7145
2025-05-29 02:33:03,136 - all_data_dino_improved - INFO - Train metrics: l1_loss: 0.3683 | giou_loss: 0.9301 | center_loss: 0.0127 | total_loss: 3.7145
2025-05-29 02:34:32,934 - all_data_dino_improved - INFO - Epoch 42, Batch 700/1360, Loss: 3.1699
2025-05-29 02:34:32,934 - all_data_dino_improved - INFO - Train metrics: l1_loss: 0.2840 | giou_loss: 0.8714 | center_loss: 0.0069 | total_loss: 3.1699
2025-05-29 02:36:02,921 - all_data_dino_improved - INFO - Epoch 42, Batch 750/1360, Loss: 3.2297
2025-05-29 02:36:02,921 - all_data_dino_improved - INFO - Train metrics: l1_loss: 0.3120 | giou_loss: 0.8299 | center_loss: 0.0097 | total_loss: 3.2297
2025-05-29 02:37:32,847 - all_data_dino_improved - INFO - Epoch 42, Batch 800/1360, Loss: 4.2707
2025-05-29 02:37:32,847 - all_data_dino_improved - INFO - Train metrics: l1_loss: 0.4286 | giou_loss: 1.0540 | center_loss: 0.0197 | total_loss: 4.2707
2025-05-29 02:39:02,663 - all_data_dino_improved - INFO - Epoch 42, Batch 850/1360, Loss: 3.7498
2025-05-29 02:39:02,663 - all_data_dino_improved - INFO - Train metrics: l1_loss: 0.3664 | giou_loss: 0.9546 | center_loss: 0.0089 | total_loss: 3.7498
2025-05-29 02:40:32,762 - all_data_dino_improved - INFO - Epoch 42, Batch 900/1360, Loss: 4.2153
2025-05-29 02:40:32,762 - all_data_dino_improved - INFO - Train metrics: l1_loss: 0.4497 | giou_loss: 0.9743 | center_loss: 0.0184 | total_loss: 4.2153
2025-05-29 02:42:02,743 - all_data_dino_improved - INFO - Epoch 42, Batch 950/1360, Loss: 3.2734
2025-05-29 02:42:02,743 - all_data_dino_improved - INFO - Train metrics: l1_loss: 0.3107 | giou_loss: 0.8560 | center_loss: 0.0078 | total_loss: 3.2734
2025-05-29 02:43:33,104 - all_data_dino_improved - INFO - Epoch 42, Batch 1000/1360, Loss: 3.9264
2025-05-29 02:43:33,104 - all_data_dino_improved - INFO - Train metrics: l1_loss: 0.4026 | giou_loss: 0.9478 | center_loss: 0.0177 | total_loss: 3.9264
2025-05-29 02:45:03,218 - all_data_dino_improved - INFO - Epoch 42, Batch 1050/1360, Loss: 3.3059
2025-05-29 02:45:03,219 - all_data_dino_improved - INFO - Train metrics: l1_loss: 0.3179 | giou_loss: 0.8554 | center_loss: 0.0060 | total_loss: 3.3059
2025-05-29 02:46:32,920 - all_data_dino_improved - INFO - Epoch 42, Batch 1100/1360, Loss: 2.8576
2025-05-29 02:46:32,920 - all_data_dino_improved - INFO - Train metrics: l1_loss: 0.2483 | giou_loss: 0.8061 | center_loss: 0.0037 | total_loss: 2.8576
2025-05-29 02:48:02,418 - all_data_dino_improved - INFO - Epoch 42, Batch 1150/1360, Loss: 4.1488
2025-05-29 02:48:02,418 - all_data_dino_improved - INFO - Train metrics: l1_loss: 0.4051 | giou_loss: 1.0552 | center_loss: 0.0128 | total_loss: 4.1488
2025-05-29 02:49:32,122 - all_data_dino_improved - INFO - Epoch 42, Batch 1200/1360, Loss: 3.0918
2025-05-29 02:49:32,122 - all_data_dino_improved - INFO - Train metrics: l1_loss: 0.2771 | giou_loss: 0.8502 | center_loss: 0.0060 | total_loss: 3.0918
2025-05-29 02:51:01,632 - all_data_dino_improved - INFO - Epoch 42, Batch 1250/1360, Loss: 3.4948
2025-05-29 02:51:01,632 - all_data_dino_improved - INFO - Train metrics: l1_loss: 0.3079 | giou_loss: 0.9736 | center_loss: 0.0083 | total_loss: 3.4948
2025-05-29 02:52:31,401 - all_data_dino_improved - INFO - Epoch 42, Batch 1300/1360, Loss: 4.0503
2025-05-29 02:52:31,401 - all_data_dino_improved - INFO - Train metrics: l1_loss: 0.4092 | giou_loss: 0.9962 | center_loss: 0.0117 | total_loss: 4.0503
2025-05-29 02:54:01,022 - all_data_dino_improved - INFO - Epoch 42, Batch 1350/1360, Loss: 4.0703
2025-05-29 02:54:01,022 - all_data_dino_improved - INFO - Train metrics: l1_loss: 0.4183 | giou_loss: 0.9813 | center_loss: 0.0161 | total_loss: 4.0703
2025-05-29 02:54:16,997 - all_data_dino_improved - INFO - Train Epoch 42, Loss: 3.6390
2025-05-29 02:56:45,913 - all_data_dino_improved - INFO - Pred box sample: [83.74897003173828, 100.4452133178711, 266.6038513183594, 252.89260864257812]
2025-05-29 02:56:45,913 - all_data_dino_improved - INFO - Target box sample: [207.0, 198.0, 287.0, 283.0]
2025-05-29 02:56:46,011 - all_data_dino_improved - INFO - Validation Epoch 42, Loss: 5.2024
2025-05-29 02:56:46,011 - all_data_dino_improved - INFO - Val metrics: Acc@0.25: 0.2350 | Acc@0.5: 0.0844 | Acc@0.75: 0.0091 | mIoU: 0.1380 | medianIoU: 0.0151 | mae_x1: 117.6846 | mae_y1: 125.7017 | mae_x2: 119.3380 | mae_y2: 124.3662 | center_x_error: 107.2239 | center_y_error: 112.3181 | width_error: 2.1091 | height_error: 2.0910 | loss: 5.2024
2025-05-29 02:56:47,035 - all_data_dino_improved - INFO - Saved model checkpoint to /home/pokle/Trans-VG/visual_grounding/checkpoints/all_data_dino_improved_epoch42.pth
2025-05-29 02:56:47,036 - all_data_dino_improved - INFO - Epoch 43/200
2025-05-29 02:56:50,778 - all_data_dino_improved - INFO - Epoch 43, Batch 0/1360, Loss: 3.4674
2025-05-29 02:56:50,779 - all_data_dino_improved - INFO - Train metrics: l1_loss: 0.3407 | giou_loss: 0.8771 | center_loss: 0.0095 | total_loss: 3.4674
2025-05-29 02:58:20,642 - all_data_dino_improved - INFO - Epoch 43, Batch 50/1360, Loss: 4.0986
2025-05-29 02:58:20,642 - all_data_dino_improved - INFO - Train metrics: l1_loss: 0.4076 | giou_loss: 1.0229 | center_loss: 0.0146 | total_loss: 4.0986
2025-05-29 02:59:50,226 - all_data_dino_improved - INFO - Epoch 43, Batch 100/1360, Loss: 3.1627
2025-05-29 02:59:50,226 - all_data_dino_improved - INFO - Train metrics: l1_loss: 0.2826 | giou_loss: 0.8721 | center_loss: 0.0055 | total_loss: 3.1627
2025-05-29 03:01:19,708 - all_data_dino_improved - INFO - Epoch 43, Batch 150/1360, Loss: 2.9505
2025-05-29 03:01:19,708 - all_data_dino_improved - INFO - Train metrics: l1_loss: 0.2767 | giou_loss: 0.7803 | center_loss: 0.0067 | total_loss: 2.9505
2025-05-29 03:02:50,087 - all_data_dino_improved - INFO - Epoch 43, Batch 200/1360, Loss: 3.8469
2025-05-29 03:02:50,088 - all_data_dino_improved - INFO - Train metrics: l1_loss: 0.3933 | giou_loss: 0.9328 | center_loss: 0.0146 | total_loss: 3.8469
2025-05-29 03:04:20,213 - all_data_dino_improved - INFO - Epoch 43, Batch 250/1360, Loss: 3.8377
2025-05-29 03:04:20,213 - all_data_dino_improved - INFO - Train metrics: l1_loss: 0.4119 | giou_loss: 0.8808 | center_loss: 0.0167 | total_loss: 3.8377
2025-05-29 03:05:49,649 - all_data_dino_improved - INFO - Epoch 43, Batch 300/1360, Loss: 3.5748
2025-05-29 03:05:49,649 - all_data_dino_improved - INFO - Train metrics: l1_loss: 0.3473 | giou_loss: 0.9131 | center_loss: 0.0120 | total_loss: 3.5748
2025-05-29 03:07:19,758 - all_data_dino_improved - INFO - Epoch 43, Batch 350/1360, Loss: 4.0643
2025-05-29 03:07:19,759 - all_data_dino_improved - INFO - Train metrics: l1_loss: 0.4004 | giou_loss: 1.0242 | center_loss: 0.0140 | total_loss: 4.0643
2025-05-29 03:08:49,140 - all_data_dino_improved - INFO - Epoch 43, Batch 400/1360, Loss: 3.7192
2025-05-29 03:08:49,141 - all_data_dino_improved - INFO - Train metrics: l1_loss: 0.3536 | giou_loss: 0.9697 | center_loss: 0.0115 | total_loss: 3.7192
2025-05-29 03:10:19,122 - all_data_dino_improved - INFO - Epoch 43, Batch 450/1360, Loss: 3.3391
2025-05-29 03:10:19,122 - all_data_dino_improved - INFO - Train metrics: l1_loss: 0.3389 | giou_loss: 0.8169 | center_loss: 0.0106 | total_loss: 3.3391
2025-05-29 03:11:48,784 - all_data_dino_improved - INFO - Epoch 43, Batch 500/1360, Loss: 4.0260
2025-05-29 03:11:48,784 - all_data_dino_improved - INFO - Train metrics: l1_loss: 0.4254 | giou_loss: 0.9392 | center_loss: 0.0205 | total_loss: 4.0260
2025-05-29 03:13:18,258 - all_data_dino_improved - INFO - Epoch 43, Batch 550/1360, Loss: 4.5078
2025-05-29 03:13:18,258 - all_data_dino_improved - INFO - Train metrics: l1_loss: 0.5087 | giou_loss: 0.9661 | center_loss: 0.0319 | total_loss: 4.5078
2025-05-29 03:14:47,838 - all_data_dino_improved - INFO - Epoch 43, Batch 600/1360, Loss: 4.1165
2025-05-29 03:14:47,838 - all_data_dino_improved - INFO - Train metrics: l1_loss: 0.4261 | giou_loss: 0.9851 | center_loss: 0.0159 | total_loss: 4.1165
2025-05-29 03:16:17,124 - all_data_dino_improved - INFO - Epoch 43, Batch 650/1360, Loss: 3.3263
2025-05-29 03:16:17,124 - all_data_dino_improved - INFO - Train metrics: l1_loss: 0.3104 | giou_loss: 0.8823 | center_loss: 0.0095 | total_loss: 3.3263
2025-05-29 03:17:46,216 - all_data_dino_improved - INFO - Epoch 43, Batch 700/1360, Loss: 2.9541
2025-05-29 03:17:46,216 - all_data_dino_improved - INFO - Train metrics: l1_loss: 0.2560 | giou_loss: 0.8344 | center_loss: 0.0053 | total_loss: 2.9541
2025-05-29 03:19:15,512 - all_data_dino_improved - INFO - Epoch 43, Batch 750/1360, Loss: 4.3352
2025-05-29 03:19:15,512 - all_data_dino_improved - INFO - Train metrics: l1_loss: 0.4376 | giou_loss: 1.0638 | center_loss: 0.0195 | total_loss: 4.3352
2025-05-29 03:20:44,795 - all_data_dino_improved - INFO - Epoch 43, Batch 800/1360, Loss: 3.1796
2025-05-29 03:20:44,795 - all_data_dino_improved - INFO - Train metrics: l1_loss: 0.3006 | giou_loss: 0.8343 | center_loss: 0.0080 | total_loss: 3.1796
2025-05-29 03:22:14,253 - all_data_dino_improved - INFO - Epoch 43, Batch 850/1360, Loss: 4.0261
2025-05-29 03:22:14,253 - all_data_dino_improved - INFO - Train metrics: l1_loss: 0.4080 | giou_loss: 0.9856 | center_loss: 0.0149 | total_loss: 4.0261
2025-05-29 03:23:43,834 - all_data_dino_improved - INFO - Epoch 43, Batch 900/1360, Loss: 3.8412
2025-05-29 03:23:43,834 - all_data_dino_improved - INFO - Train metrics: l1_loss: 0.3736 | giou_loss: 0.9813 | center_loss: 0.0109 | total_loss: 3.8412
2025-05-29 03:25:13,477 - all_data_dino_improved - INFO - Epoch 43, Batch 950/1360, Loss: 3.2708
2025-05-29 03:25:13,478 - all_data_dino_improved - INFO - Train metrics: l1_loss: 0.3207 | giou_loss: 0.8303 | center_loss: 0.0067 | total_loss: 3.2708
2025-05-29 03:26:43,286 - all_data_dino_improved - INFO - Epoch 43, Batch 1000/1360, Loss: 3.2138
2025-05-29 03:26:43,286 - all_data_dino_improved - INFO - Train metrics: l1_loss: 0.2925 | giou_loss: 0.8711 | center_loss: 0.0089 | total_loss: 3.2138
2025-05-29 03:28:12,688 - all_data_dino_improved - INFO - Epoch 43, Batch 1050/1360, Loss: 3.9263
2025-05-29 03:28:12,688 - all_data_dino_improved - INFO - Train metrics: l1_loss: 0.3739 | giou_loss: 1.0238 | center_loss: 0.0094 | total_loss: 3.9263
2025-05-29 03:29:42,247 - all_data_dino_improved - INFO - Epoch 43, Batch 1100/1360, Loss: 2.8790
2025-05-29 03:29:42,248 - all_data_dino_improved - INFO - Train metrics: l1_loss: 0.2585 | giou_loss: 0.7911 | center_loss: 0.0041 | total_loss: 2.8790
2025-05-29 03:31:12,090 - all_data_dino_improved - INFO - Epoch 43, Batch 1150/1360, Loss: 3.8825
2025-05-29 03:31:12,090 - all_data_dino_improved - INFO - Train metrics: l1_loss: 0.4009 | giou_loss: 0.9319 | center_loss: 0.0141 | total_loss: 3.8825
2025-05-29 03:32:42,004 - all_data_dino_improved - INFO - Epoch 43, Batch 1200/1360, Loss: 3.7040
2025-05-29 03:32:42,004 - all_data_dino_improved - INFO - Train metrics: l1_loss: 0.3623 | giou_loss: 0.9412 | center_loss: 0.0103 | total_loss: 3.7040
2025-05-29 03:34:11,578 - all_data_dino_improved - INFO - Epoch 43, Batch 1250/1360, Loss: 4.1229
2025-05-29 03:34:11,578 - all_data_dino_improved - INFO - Train metrics: l1_loss: 0.4025 | giou_loss: 1.0489 | center_loss: 0.0125 | total_loss: 4.1229
2025-05-29 03:35:41,185 - all_data_dino_improved - INFO - Epoch 43, Batch 1300/1360, Loss: 3.3086
2025-05-29 03:35:41,186 - all_data_dino_improved - INFO - Train metrics: l1_loss: 0.2992 | giou_loss: 0.9038 | center_loss: 0.0050 | total_loss: 3.3086
2025-05-29 03:37:10,480 - all_data_dino_improved - INFO - Epoch 43, Batch 1350/1360, Loss: 3.6409
2025-05-29 03:37:10,480 - all_data_dino_improved - INFO - Train metrics: l1_loss: 0.3518 | giou_loss: 0.9361 | center_loss: 0.0096 | total_loss: 3.6409
2025-05-29 03:37:26,370 - all_data_dino_improved - INFO - Train Epoch 43, Loss: 3.6261
2025-05-29 03:39:55,040 - all_data_dino_improved - INFO - Pred box sample: [91.38323211669922, 89.5490493774414, 268.69873046875, 241.7623748779297]
2025-05-29 03:39:55,040 - all_data_dino_improved - INFO - Target box sample: [207.0, 198.0, 287.0, 283.0]
2025-05-29 03:39:55,136 - all_data_dino_improved - INFO - Validation Epoch 43, Loss: 5.1582
2025-05-29 03:39:55,137 - all_data_dino_improved - INFO - Val metrics: Acc@0.25: 0.2433 | Acc@0.5: 0.0870 | Acc@0.75: 0.0119 | mIoU: 0.1399 | medianIoU: 0.0149 | mae_x1: 118.8474 | mae_y1: 121.8801 | mae_x2: 118.3791 | mae_y2: 122.7411 | center_x_error: 107.4085 | center_y_error: 109.9940 | width_error: 2.1540 | height_error: 2.0423 | loss: 5.1582
2025-05-29 03:39:56,041 - all_data_dino_improved - INFO - Saved model checkpoint to /home/pokle/Trans-VG/visual_grounding/checkpoints/all_data_dino_improved_epoch43.pth
2025-05-29 03:39:56,041 - all_data_dino_improved - INFO - Epoch 44/200
2025-05-29 03:39:59,870 - all_data_dino_improved - INFO - Epoch 44, Batch 0/1360, Loss: 3.3501
2025-05-29 03:39:59,870 - all_data_dino_improved - INFO - Train metrics: l1_loss: 0.3288 | giou_loss: 0.8479 | center_loss: 0.0102 | total_loss: 3.3501
2025-05-29 03:41:29,313 - all_data_dino_improved - INFO - Epoch 44, Batch 50/1360, Loss: 3.8440
2025-05-29 03:41:29,313 - all_data_dino_improved - INFO - Train metrics: l1_loss: 0.3738 | giou_loss: 0.9825 | center_loss: 0.0102 | total_loss: 3.8440
2025-05-29 03:42:58,738 - all_data_dino_improved - INFO - Epoch 44, Batch 100/1360, Loss: 3.9224
2025-05-29 03:42:58,738 - all_data_dino_improved - INFO - Train metrics: l1_loss: 0.3995 | giou_loss: 0.9560 | center_loss: 0.0132 | total_loss: 3.9224
2025-05-29 03:44:27,894 - all_data_dino_improved - INFO - Epoch 44, Batch 150/1360, Loss: 3.3962
2025-05-29 03:44:27,894 - all_data_dino_improved - INFO - Train metrics: l1_loss: 0.3305 | giou_loss: 0.8661 | center_loss: 0.0113 | total_loss: 3.3962
2025-05-29 03:45:57,431 - all_data_dino_improved - INFO - Epoch 44, Batch 200/1360, Loss: 3.4178
2025-05-29 03:45:57,431 - all_data_dino_improved - INFO - Train metrics: l1_loss: 0.3153 | giou_loss: 0.9161 | center_loss: 0.0090 | total_loss: 3.4178
2025-05-29 03:47:26,848 - all_data_dino_improved - INFO - Epoch 44, Batch 250/1360, Loss: 4.3061
2025-05-29 03:47:26,848 - all_data_dino_improved - INFO - Train metrics: l1_loss: 0.4398 | giou_loss: 1.0449 | center_loss: 0.0174 | total_loss: 4.3061
2025-05-29 03:48:56,014 - all_data_dino_improved - INFO - Epoch 44, Batch 300/1360, Loss: 3.1971
2025-05-29 03:48:56,015 - all_data_dino_improved - INFO - Train metrics: l1_loss: 0.3159 | giou_loss: 0.8044 | center_loss: 0.0089 | total_loss: 3.1971
2025-05-29 03:50:26,138 - all_data_dino_improved - INFO - Epoch 44, Batch 350/1360, Loss: 3.1237
2025-05-29 03:50:26,138 - all_data_dino_improved - INFO - Train metrics: l1_loss: 0.2709 | giou_loss: 0.8819 | center_loss: 0.0052 | total_loss: 3.1237
2025-05-29 03:51:55,864 - all_data_dino_improved - INFO - Epoch 44, Batch 400/1360, Loss: 3.0056
2025-05-29 03:51:55,864 - all_data_dino_improved - INFO - Train metrics: l1_loss: 0.2811 | giou_loss: 0.7971 | center_loss: 0.0059 | total_loss: 3.0056
2025-05-29 03:53:25,932 - all_data_dino_improved - INFO - Epoch 44, Batch 450/1360, Loss: 3.6669
2025-05-29 03:53:25,933 - all_data_dino_improved - INFO - Train metrics: l1_loss: 0.3379 | giou_loss: 0.9839 | center_loss: 0.0097 | total_loss: 3.6669
2025-05-29 03:54:55,636 - all_data_dino_improved - INFO - Epoch 44, Batch 500/1360, Loss: 3.5781
2025-05-29 03:54:55,636 - all_data_dino_improved - INFO - Train metrics: l1_loss: 0.3607 | giou_loss: 0.8798 | center_loss: 0.0149 | total_loss: 3.5781
2025-05-29 03:56:24,570 - all_data_dino_improved - INFO - Epoch 44, Batch 550/1360, Loss: 3.6001
2025-05-29 03:56:24,570 - all_data_dino_improved - INFO - Train metrics: l1_loss: 0.3377 | giou_loss: 0.9498 | center_loss: 0.0121 | total_loss: 3.6001
2025-05-29 03:57:54,234 - all_data_dino_improved - INFO - Epoch 44, Batch 600/1360, Loss: 4.0985
2025-05-29 03:57:54,234 - all_data_dino_improved - INFO - Train metrics: l1_loss: 0.4323 | giou_loss: 0.9580 | center_loss: 0.0209 | total_loss: 4.0985
2025-05-29 03:59:24,043 - all_data_dino_improved - INFO - Epoch 44, Batch 650/1360, Loss: 3.5148
2025-05-29 03:59:24,043 - all_data_dino_improved - INFO - Train metrics: l1_loss: 0.3542 | giou_loss: 0.8665 | center_loss: 0.0107 | total_loss: 3.5148
2025-05-29 04:00:53,875 - all_data_dino_improved - INFO - Epoch 44, Batch 700/1360, Loss: 2.9229
2025-05-29 04:00:53,875 - all_data_dino_improved - INFO - Train metrics: l1_loss: 0.2677 | giou_loss: 0.7906 | center_loss: 0.0034 | total_loss: 2.9229
2025-05-29 04:02:23,745 - all_data_dino_improved - INFO - Epoch 44, Batch 750/1360, Loss: 4.9261
2025-05-29 04:02:23,745 - all_data_dino_improved - INFO - Train metrics: l1_loss: 0.5186 | giou_loss: 1.1520 | center_loss: 0.0290 | total_loss: 4.9261
2025-05-29 04:03:53,440 - all_data_dino_improved - INFO - Epoch 44, Batch 800/1360, Loss: 3.9624
2025-05-29 04:03:53,440 - all_data_dino_improved - INFO - Train metrics: l1_loss: 0.4234 | giou_loss: 0.9143 | center_loss: 0.0167 | total_loss: 3.9624
2025-05-29 04:05:23,038 - all_data_dino_improved - INFO - Epoch 44, Batch 850/1360, Loss: 3.4245
2025-05-29 04:05:23,038 - all_data_dino_improved - INFO - Train metrics: l1_loss: 0.3207 | giou_loss: 0.9060 | center_loss: 0.0088 | total_loss: 3.4245
2025-05-29 04:06:52,477 - all_data_dino_improved - INFO - Epoch 44, Batch 900/1360, Loss: 3.1064
2025-05-29 04:06:52,477 - all_data_dino_improved - INFO - Train metrics: l1_loss: 0.2891 | giou_loss: 0.8274 | center_loss: 0.0061 | total_loss: 3.1064
2025-05-29 04:08:22,294 - all_data_dino_improved - INFO - Epoch 44, Batch 950/1360, Loss: 3.8715
2025-05-29 04:08:22,294 - all_data_dino_improved - INFO - Train metrics: l1_loss: 0.4024 | giou_loss: 0.9238 | center_loss: 0.0120 | total_loss: 3.8715
2025-05-29 04:09:52,245 - all_data_dino_improved - INFO - Epoch 44, Batch 1000/1360, Loss: 3.7568
2025-05-29 04:09:52,246 - all_data_dino_improved - INFO - Train metrics: l1_loss: 0.3902 | giou_loss: 0.8964 | center_loss: 0.0127 | total_loss: 3.7568
2025-05-29 04:11:21,800 - all_data_dino_improved - INFO - Epoch 44, Batch 1050/1360, Loss: 3.6784
2025-05-29 04:11:21,801 - all_data_dino_improved - INFO - Train metrics: l1_loss: 0.3502 | giou_loss: 0.9580 | center_loss: 0.0115 | total_loss: 3.6784
2025-05-29 04:12:51,615 - all_data_dino_improved - INFO - Epoch 44, Batch 1100/1360, Loss: 3.6391
2025-05-29 04:12:51,615 - all_data_dino_improved - INFO - Train metrics: l1_loss: 0.3612 | giou_loss: 0.9139 | center_loss: 0.0053 | total_loss: 3.6391
2025-05-29 04:14:21,570 - all_data_dino_improved - INFO - Epoch 44, Batch 1150/1360, Loss: 3.8386
2025-05-29 04:14:21,570 - all_data_dino_improved - INFO - Train metrics: l1_loss: 0.3613 | giou_loss: 1.0097 | center_loss: 0.0129 | total_loss: 3.8386
2025-05-29 04:15:51,484 - all_data_dino_improved - INFO - Epoch 44, Batch 1200/1360, Loss: 3.6935
2025-05-29 04:15:51,484 - all_data_dino_improved - INFO - Train metrics: l1_loss: 0.3733 | giou_loss: 0.9057 | center_loss: 0.0159 | total_loss: 3.6935
2025-05-29 04:17:21,046 - all_data_dino_improved - INFO - Epoch 44, Batch 1250/1360, Loss: 2.6946
2025-05-29 04:17:21,047 - all_data_dino_improved - INFO - Train metrics: l1_loss: 0.2232 | giou_loss: 0.7877 | center_loss: 0.0033 | total_loss: 2.6946
2025-05-29 04:18:50,504 - all_data_dino_improved - INFO - Epoch 44, Batch 1300/1360, Loss: 3.2963
2025-05-29 04:18:50,505 - all_data_dino_improved - INFO - Train metrics: l1_loss: 0.3149 | giou_loss: 0.8566 | center_loss: 0.0084 | total_loss: 3.2963
2025-05-29 04:20:20,613 - all_data_dino_improved - INFO - Epoch 44, Batch 1350/1360, Loss: 3.5938
2025-05-29 04:20:20,614 - all_data_dino_improved - INFO - Train metrics: l1_loss: 0.3482 | giou_loss: 0.9196 | center_loss: 0.0139 | total_loss: 3.5938
2025-05-29 04:20:36,762 - all_data_dino_improved - INFO - Train Epoch 44, Loss: 3.6175
2025-05-29 04:23:05,788 - all_data_dino_improved - INFO - Pred box sample: [103.04554748535156, 114.8124008178711, 261.701416015625, 251.49942016601562]
2025-05-29 04:23:05,788 - all_data_dino_improved - INFO - Target box sample: [207.0, 198.0, 287.0, 283.0]
2025-05-29 04:23:05,890 - all_data_dino_improved - INFO - Validation Epoch 44, Loss: 5.1614
2025-05-29 04:23:05,890 - all_data_dino_improved - INFO - Val metrics: Acc@0.25: 0.2410 | Acc@0.5: 0.0854 | Acc@0.75: 0.0127 | mIoU: 0.1398 | medianIoU: 0.0137 | mae_x1: 117.7471 | mae_y1: 121.9307 | mae_x2: 119.1144 | mae_y2: 122.0367 | center_x_error: 106.9289 | center_y_error: 109.7685 | width_error: 2.1047 | height_error: 2.0255 | loss: 5.1614
2025-05-29 04:23:06,762 - all_data_dino_improved - INFO - Saved model checkpoint to /home/pokle/Trans-VG/visual_grounding/checkpoints/all_data_dino_improved_epoch44.pth
2025-05-29 04:23:06,762 - all_data_dino_improved - INFO - Epoch 45/200
2025-05-29 04:23:10,571 - all_data_dino_improved - INFO - Epoch 45, Batch 0/1360, Loss: 3.3833
2025-05-29 04:23:10,571 - all_data_dino_improved - INFO - Train metrics: l1_loss: 0.3450 | giou_loss: 0.8241 | center_loss: 0.0103 | total_loss: 3.3833
2025-05-29 04:24:40,717 - all_data_dino_improved - INFO - Epoch 45, Batch 50/1360, Loss: 3.1082
2025-05-29 04:24:40,718 - all_data_dino_improved - INFO - Train metrics: l1_loss: 0.2853 | giou_loss: 0.8369 | center_loss: 0.0079 | total_loss: 3.1082
2025-05-29 04:26:10,765 - all_data_dino_improved - INFO - Epoch 45, Batch 100/1360, Loss: 3.8899
2025-05-29 04:26:10,766 - all_data_dino_improved - INFO - Train metrics: l1_loss: 0.3817 | giou_loss: 0.9832 | center_loss: 0.0149 | total_loss: 3.8899
2025-05-29 04:27:40,713 - all_data_dino_improved - INFO - Epoch 45, Batch 150/1360, Loss: 2.8878
2025-05-29 04:27:40,714 - all_data_dino_improved - INFO - Train metrics: l1_loss: 0.2559 | giou_loss: 0.8020 | center_loss: 0.0046 | total_loss: 2.8878
2025-05-29 04:29:10,401 - all_data_dino_improved - INFO - Epoch 45, Batch 200/1360, Loss: 3.3707
2025-05-29 04:29:10,402 - all_data_dino_improved - INFO - Train metrics: l1_loss: 0.3416 | giou_loss: 0.8253 | center_loss: 0.0123 | total_loss: 3.3707
2025-05-29 04:30:40,295 - all_data_dino_improved - INFO - Epoch 45, Batch 250/1360, Loss: 3.4088
2025-05-29 04:30:40,295 - all_data_dino_improved - INFO - Train metrics: l1_loss: 0.3267 | giou_loss: 0.8818 | center_loss: 0.0120 | total_loss: 3.4088
2025-05-29 04:32:09,883 - all_data_dino_improved - INFO - Epoch 45, Batch 300/1360, Loss: 3.5547
2025-05-29 04:32:09,884 - all_data_dino_improved - INFO - Train metrics: l1_loss: 0.3192 | giou_loss: 0.9748 | center_loss: 0.0088 | total_loss: 3.5547
2025-05-29 04:33:39,898 - all_data_dino_improved - INFO - Epoch 45, Batch 350/1360, Loss: 3.4901
2025-05-29 04:33:39,898 - all_data_dino_improved - INFO - Train metrics: l1_loss: 0.3328 | giou_loss: 0.9078 | center_loss: 0.0106 | total_loss: 3.4901
2025-05-29 04:35:09,196 - all_data_dino_improved - INFO - Epoch 45, Batch 400/1360, Loss: 4.0293
2025-05-29 04:35:09,196 - all_data_dino_improved - INFO - Train metrics: l1_loss: 0.4191 | giou_loss: 0.9594 | center_loss: 0.0151 | total_loss: 4.0293
2025-05-29 04:36:38,705 - all_data_dino_improved - INFO - Epoch 45, Batch 450/1360, Loss: 3.5346
2025-05-29 04:36:38,705 - all_data_dino_improved - INFO - Train metrics: l1_loss: 0.3544 | giou_loss: 0.8760 | center_loss: 0.0103 | total_loss: 3.5346
2025-05-29 04:38:08,388 - all_data_dino_improved - INFO - Epoch 45, Batch 500/1360, Loss: 4.2542
2025-05-29 04:38:08,388 - all_data_dino_improved - INFO - Train metrics: l1_loss: 0.4246 | giou_loss: 1.0556 | center_loss: 0.0199 | total_loss: 4.2542
2025-05-29 04:39:38,318 - all_data_dino_improved - INFO - Epoch 45, Batch 550/1360, Loss: 3.5772
2025-05-29 04:39:38,318 - all_data_dino_improved - INFO - Train metrics: l1_loss: 0.3239 | giou_loss: 0.9748 | center_loss: 0.0084 | total_loss: 3.5772
2025-05-29 04:41:07,794 - all_data_dino_improved - INFO - Epoch 45, Batch 600/1360, Loss: 3.6824
2025-05-29 04:41:07,794 - all_data_dino_improved - INFO - Train metrics: l1_loss: 0.3424 | giou_loss: 0.9792 | center_loss: 0.0119 | total_loss: 3.6824
2025-05-29 04:42:36,680 - all_data_dino_improved - INFO - Epoch 45, Batch 650/1360, Loss: 3.7198
2025-05-29 04:42:36,680 - all_data_dino_improved - INFO - Train metrics: l1_loss: 0.3798 | giou_loss: 0.9040 | center_loss: 0.0129 | total_loss: 3.7198
2025-05-29 04:44:06,179 - all_data_dino_improved - INFO - Epoch 45, Batch 700/1360, Loss: 4.2143
2025-05-29 04:44:06,179 - all_data_dino_improved - INFO - Train metrics: l1_loss: 0.4641 | giou_loss: 0.9366 | center_loss: 0.0207 | total_loss: 4.2143
2025-05-29 04:45:35,706 - all_data_dino_improved - INFO - Epoch 45, Batch 750/1360, Loss: 3.7339
2025-05-29 04:45:35,706 - all_data_dino_improved - INFO - Train metrics: l1_loss: 0.3676 | giou_loss: 0.9383 | center_loss: 0.0193 | total_loss: 3.7339
2025-05-29 04:47:04,915 - all_data_dino_improved - INFO - Epoch 45, Batch 800/1360, Loss: 3.9856
2025-05-29 04:47:04,915 - all_data_dino_improved - INFO - Train metrics: l1_loss: 0.3750 | giou_loss: 1.0487 | center_loss: 0.0130 | total_loss: 3.9856
2025-05-29 04:48:34,663 - all_data_dino_improved - INFO - Epoch 45, Batch 850/1360, Loss: 3.1552
2025-05-29 04:48:34,663 - all_data_dino_improved - INFO - Train metrics: l1_loss: 0.3017 | giou_loss: 0.8198 | center_loss: 0.0071 | total_loss: 3.1552
2025-05-29 04:50:04,282 - all_data_dino_improved - INFO - Epoch 45, Batch 900/1360, Loss: 3.6223
2025-05-29 04:50:04,282 - all_data_dino_improved - INFO - Train metrics: l1_loss: 0.3568 | giou_loss: 0.9131 | center_loss: 0.0121 | total_loss: 3.6223
2025-05-29 04:51:33,588 - all_data_dino_improved - INFO - Epoch 45, Batch 950/1360, Loss: 4.0560
2025-05-29 04:51:33,588 - all_data_dino_improved - INFO - Train metrics: l1_loss: 0.4304 | giou_loss: 0.9421 | center_loss: 0.0200 | total_loss: 4.0560
2025-05-29 04:53:03,170 - all_data_dino_improved - INFO - Epoch 45, Batch 1000/1360, Loss: 3.2737
2025-05-29 04:53:03,170 - all_data_dino_improved - INFO - Train metrics: l1_loss: 0.3034 | giou_loss: 0.8742 | center_loss: 0.0083 | total_loss: 3.2737
2025-05-29 04:54:33,099 - all_data_dino_improved - INFO - Epoch 45, Batch 1050/1360, Loss: 4.5619
2025-05-29 04:54:33,099 - all_data_dino_improved - INFO - Train metrics: l1_loss: 0.4974 | giou_loss: 1.0232 | center_loss: 0.0285 | total_loss: 4.5619
2025-05-29 04:56:02,562 - all_data_dino_improved - INFO - Epoch 45, Batch 1100/1360, Loss: 3.8600
2025-05-29 04:56:02,563 - all_data_dino_improved - INFO - Train metrics: l1_loss: 0.3895 | giou_loss: 0.9485 | center_loss: 0.0156 | total_loss: 3.8600
2025-05-29 04:57:32,065 - all_data_dino_improved - INFO - Epoch 45, Batch 1150/1360, Loss: 3.6357
2025-05-29 04:57:32,065 - all_data_dino_improved - INFO - Train metrics: l1_loss: 0.3545 | giou_loss: 0.9235 | center_loss: 0.0163 | total_loss: 3.6357
2025-05-29 04:59:00,959 - all_data_dino_improved - INFO - Epoch 45, Batch 1200/1360, Loss: 4.5138
2025-05-29 04:59:00,959 - all_data_dino_improved - INFO - Train metrics: l1_loss: 0.4921 | giou_loss: 1.0121 | center_loss: 0.0291 | total_loss: 4.5138
2025-05-29 05:00:31,268 - all_data_dino_improved - INFO - Epoch 45, Batch 1250/1360, Loss: 3.5304
2025-05-29 05:00:31,269 - all_data_dino_improved - INFO - Train metrics: l1_loss: 0.3695 | giou_loss: 0.8344 | center_loss: 0.0143 | total_loss: 3.5304
2025-05-29 05:02:01,061 - all_data_dino_improved - INFO - Epoch 45, Batch 1300/1360, Loss: 3.4760
2025-05-29 05:02:01,062 - all_data_dino_improved - INFO - Train metrics: l1_loss: 0.3340 | giou_loss: 0.8975 | center_loss: 0.0108 | total_loss: 3.4760
2025-05-29 05:03:30,271 - all_data_dino_improved - INFO - Epoch 45, Batch 1350/1360, Loss: 3.9225
2025-05-29 05:03:30,271 - all_data_dino_improved - INFO - Train metrics: l1_loss: 0.3855 | giou_loss: 0.9915 | center_loss: 0.0121 | total_loss: 3.9225
2025-05-29 05:03:46,344 - all_data_dino_improved - INFO - Train Epoch 45, Loss: 3.6107
2025-05-29 05:06:15,229 - all_data_dino_improved - INFO - Pred box sample: [101.18297576904297, 102.646728515625, 274.83404541015625, 250.21490478515625]
2025-05-29 05:06:15,230 - all_data_dino_improved - INFO - Target box sample: [207.0, 198.0, 287.0, 283.0]
2025-05-29 05:06:15,331 - all_data_dino_improved - INFO - Validation Epoch 45, Loss: 5.1534
2025-05-29 05:06:15,331 - all_data_dino_improved - INFO - Val metrics: Acc@0.25: 0.2439 | Acc@0.5: 0.0878 | Acc@0.75: 0.0099 | mIoU: 0.1394 | medianIoU: 0.0134 | mae_x1: 116.5518 | mae_y1: 122.1951 | mae_x2: 118.7585 | mae_y2: 122.2497 | center_x_error: 106.4184 | center_y_error: 110.5300 | width_error: 2.1516 | height_error: 2.0076 | loss: 5.1534
2025-05-29 05:06:16,226 - all_data_dino_improved - INFO - Saved model checkpoint to /home/pokle/Trans-VG/visual_grounding/checkpoints/all_data_dino_improved_epoch45.pth
2025-05-29 05:06:16,227 - all_data_dino_improved - INFO - Epoch 46/200
2025-05-29 05:06:20,282 - all_data_dino_improved - INFO - Epoch 46, Batch 0/1360, Loss: 3.3373
2025-05-29 05:06:20,282 - all_data_dino_improved - INFO - Train metrics: l1_loss: 0.2854 | giou_loss: 0.9519 | center_loss: 0.0067 | total_loss: 3.3373
2025-05-29 05:07:50,077 - all_data_dino_improved - INFO - Epoch 46, Batch 50/1360, Loss: 3.2773
2025-05-29 05:07:50,077 - all_data_dino_improved - INFO - Train metrics: l1_loss: 0.2907 | giou_loss: 0.9091 | center_loss: 0.0057 | total_loss: 3.2773
2025-05-29 05:09:19,851 - all_data_dino_improved - INFO - Epoch 46, Batch 100/1360, Loss: 3.2874
2025-05-29 05:09:19,852 - all_data_dino_improved - INFO - Train metrics: l1_loss: 0.2968 | giou_loss: 0.8980 | center_loss: 0.0072 | total_loss: 3.2874
2025-05-29 05:10:49,589 - all_data_dino_improved - INFO - Epoch 46, Batch 150/1360, Loss: 3.3926
2025-05-29 05:10:49,590 - all_data_dino_improved - INFO - Train metrics: l1_loss: 0.3457 | giou_loss: 0.8268 | center_loss: 0.0105 | total_loss: 3.3926
2025-05-29 05:12:19,027 - all_data_dino_improved - INFO - Epoch 46, Batch 200/1360, Loss: 3.2869
2025-05-29 05:12:19,027 - all_data_dino_improved - INFO - Train metrics: l1_loss: 0.3053 | giou_loss: 0.8769 | center_loss: 0.0064 | total_loss: 3.2869
2025-05-29 05:13:48,141 - all_data_dino_improved - INFO - Epoch 46, Batch 250/1360, Loss: 3.6815
2025-05-29 05:13:48,141 - all_data_dino_improved - INFO - Train metrics: l1_loss: 0.3374 | giou_loss: 0.9930 | center_loss: 0.0084 | total_loss: 3.6815
2025-05-29 05:15:17,624 - all_data_dino_improved - INFO - Epoch 46, Batch 300/1360, Loss: 3.2960
2025-05-29 05:15:17,625 - all_data_dino_improved - INFO - Train metrics: l1_loss: 0.2953 | giou_loss: 0.9050 | center_loss: 0.0093 | total_loss: 3.2960
2025-05-29 05:16:47,151 - all_data_dino_improved - INFO - Epoch 46, Batch 350/1360, Loss: 4.2029
2025-05-29 05:16:47,151 - all_data_dino_improved - INFO - Train metrics: l1_loss: 0.4565 | giou_loss: 0.9498 | center_loss: 0.0206 | total_loss: 4.2029
2025-05-29 05:18:16,231 - all_data_dino_improved - INFO - Epoch 46, Batch 400/1360, Loss: 3.1909
2025-05-29 05:18:16,231 - all_data_dino_improved - INFO - Train metrics: l1_loss: 0.2914 | giou_loss: 0.8631 | center_loss: 0.0078 | total_loss: 3.1909
2025-05-29 05:19:46,260 - all_data_dino_improved - INFO - Epoch 46, Batch 450/1360, Loss: 3.2497
2025-05-29 05:19:46,260 - all_data_dino_improved - INFO - Train metrics: l1_loss: 0.3131 | giou_loss: 0.8379 | center_loss: 0.0081 | total_loss: 3.2497
2025-05-29 05:21:15,626 - all_data_dino_improved - INFO - Epoch 46, Batch 500/1360, Loss: 3.4494
2025-05-29 05:21:15,626 - all_data_dino_improved - INFO - Train metrics: l1_loss: 0.3359 | giou_loss: 0.8796 | center_loss: 0.0108 | total_loss: 3.4494
2025-05-29 05:22:45,341 - all_data_dino_improved - INFO - Epoch 46, Batch 550/1360, Loss: 4.0901
2025-05-29 05:22:45,342 - all_data_dino_improved - INFO - Train metrics: l1_loss: 0.4212 | giou_loss: 0.9841 | center_loss: 0.0161 | total_loss: 4.0901
2025-05-29 05:24:14,817 - all_data_dino_improved - INFO - Epoch 46, Batch 600/1360, Loss: 3.3775
2025-05-29 05:24:14,817 - all_data_dino_improved - INFO - Train metrics: l1_loss: 0.3432 | giou_loss: 0.8211 | center_loss: 0.0196 | total_loss: 3.3775
2025-05-29 05:25:44,941 - all_data_dino_improved - INFO - Epoch 46, Batch 650/1360, Loss: 3.3815
2025-05-29 05:25:44,941 - all_data_dino_improved - INFO - Train metrics: l1_loss: 0.3208 | giou_loss: 0.8841 | center_loss: 0.0093 | total_loss: 3.3815
2025-05-29 05:27:14,644 - all_data_dino_improved - INFO - Epoch 46, Batch 700/1360, Loss: 4.2399
2025-05-29 05:27:14,644 - all_data_dino_improved - INFO - Train metrics: l1_loss: 0.4348 | giou_loss: 1.0217 | center_loss: 0.0224 | total_loss: 4.2399
2025-05-29 05:28:44,397 - all_data_dino_improved - INFO - Epoch 46, Batch 750/1360, Loss: 4.2043
2025-05-29 05:28:44,398 - all_data_dino_improved - INFO - Train metrics: l1_loss: 0.4505 | giou_loss: 0.9640 | center_loss: 0.0238 | total_loss: 4.2043
2025-05-29 05:30:14,459 - all_data_dino_improved - INFO - Epoch 46, Batch 800/1360, Loss: 3.6085
2025-05-29 05:30:14,459 - all_data_dino_improved - INFO - Train metrics: l1_loss: 0.3525 | giou_loss: 0.9167 | center_loss: 0.0126 | total_loss: 3.6085
2025-05-29 05:31:44,069 - all_data_dino_improved - INFO - Epoch 46, Batch 850/1360, Loss: 4.3568
2025-05-29 05:31:44,069 - all_data_dino_improved - INFO - Train metrics: l1_loss: 0.4318 | giou_loss: 1.0883 | center_loss: 0.0212 | total_loss: 4.3568
2025-05-29 05:33:13,812 - all_data_dino_improved - INFO - Epoch 46, Batch 900/1360, Loss: 3.9639
2025-05-29 05:33:13,813 - all_data_dino_improved - INFO - Train metrics: l1_loss: 0.3880 | giou_loss: 1.0059 | center_loss: 0.0120 | total_loss: 3.9639
2025-05-29 05:34:43,958 - all_data_dino_improved - INFO - Epoch 46, Batch 950/1360, Loss: 3.4446
2025-05-29 05:34:43,959 - all_data_dino_improved - INFO - Train metrics: l1_loss: 0.3324 | giou_loss: 0.8871 | center_loss: 0.0086 | total_loss: 3.4446
2025-05-29 05:36:13,782 - all_data_dino_improved - INFO - Epoch 46, Batch 1000/1360, Loss: 4.2177
2025-05-29 05:36:13,782 - all_data_dino_improved - INFO - Train metrics: l1_loss: 0.4334 | giou_loss: 1.0167 | center_loss: 0.0175 | total_loss: 4.2177
2025-05-29 05:37:42,762 - all_data_dino_improved - INFO - Epoch 46, Batch 1050/1360, Loss: 3.3059
2025-05-29 05:37:42,762 - all_data_dino_improved - INFO - Train metrics: l1_loss: 0.3305 | giou_loss: 0.8212 | center_loss: 0.0108 | total_loss: 3.3059
2025-05-29 05:39:12,488 - all_data_dino_improved - INFO - Epoch 46, Batch 1100/1360, Loss: 3.6645
2025-05-29 05:39:12,488 - all_data_dino_improved - INFO - Train metrics: l1_loss: 0.3725 | giou_loss: 0.8928 | center_loss: 0.0161 | total_loss: 3.6645
2025-05-29 05:40:42,281 - all_data_dino_improved - INFO - Epoch 46, Batch 1150/1360, Loss: 3.3246
2025-05-29 05:40:42,281 - all_data_dino_improved - INFO - Train metrics: l1_loss: 0.3299 | giou_loss: 0.8318 | center_loss: 0.0113 | total_loss: 3.3246
2025-05-29 05:42:12,388 - all_data_dino_improved - INFO - Epoch 46, Batch 1200/1360, Loss: 3.6015
2025-05-29 05:42:12,388 - all_data_dino_improved - INFO - Train metrics: l1_loss: 0.3310 | giou_loss: 0.9693 | center_loss: 0.0080 | total_loss: 3.6015
2025-05-29 05:43:42,007 - all_data_dino_improved - INFO - Epoch 46, Batch 1250/1360, Loss: 3.1601
2025-05-29 05:43:42,007 - all_data_dino_improved - INFO - Train metrics: l1_loss: 0.3014 | giou_loss: 0.8237 | center_loss: 0.0059 | total_loss: 3.1601
2025-05-29 05:45:11,579 - all_data_dino_improved - INFO - Epoch 46, Batch 1300/1360, Loss: 3.8572
2025-05-29 05:45:11,579 - all_data_dino_improved - INFO - Train metrics: l1_loss: 0.3727 | giou_loss: 0.9897 | center_loss: 0.0144 | total_loss: 3.8572
2025-05-29 05:46:41,397 - all_data_dino_improved - INFO - Epoch 46, Batch 1350/1360, Loss: 3.7298
2025-05-29 05:46:41,397 - all_data_dino_improved - INFO - Train metrics: l1_loss: 0.3826 | giou_loss: 0.9028 | center_loss: 0.0110 | total_loss: 3.7298
2025-05-29 05:46:57,274 - all_data_dino_improved - INFO - Train Epoch 46, Loss: 3.6054
2025-05-29 05:49:26,346 - all_data_dino_improved - INFO - Pred box sample: [114.22055053710938, 110.75463104248047, 302.9093017578125, 263.51654052734375]
2025-05-29 05:49:26,347 - all_data_dino_improved - INFO - Target box sample: [207.0, 198.0, 287.0, 283.0]
2025-05-29 05:49:26,453 - all_data_dino_improved - INFO - Validation Epoch 46, Loss: 5.1577
2025-05-29 05:49:26,453 - all_data_dino_improved - INFO - Val metrics: Acc@0.25: 0.2398 | Acc@0.5: 0.0866 | Acc@0.75: 0.0119 | mIoU: 0.1402 | medianIoU: 0.0176 | mae_x1: 117.0192 | mae_y1: 123.4163 | mae_x2: 120.2121 | mae_y2: 122.9309 | center_x_error: 106.4616 | center_y_error: 110.7778 | width_error: 2.2979 | height_error: 2.0947 | loss: 5.1577
2025-05-29 05:49:27,339 - all_data_dino_improved - INFO - Saved model checkpoint to /home/pokle/Trans-VG/visual_grounding/checkpoints/all_data_dino_improved_epoch46.pth
2025-05-29 05:49:27,339 - all_data_dino_improved - INFO - Epoch 47/200
2025-05-29 05:49:31,361 - all_data_dino_improved - INFO - Epoch 47, Batch 0/1360, Loss: 3.2552
2025-05-29 05:49:31,361 - all_data_dino_improved - INFO - Train metrics: l1_loss: 0.3023 | giou_loss: 0.8680 | center_loss: 0.0076 | total_loss: 3.2552
2025-05-29 05:51:01,082 - all_data_dino_improved - INFO - Epoch 47, Batch 50/1360, Loss: 4.1169
2025-05-29 05:51:01,082 - all_data_dino_improved - INFO - Train metrics: l1_loss: 0.4171 | giou_loss: 1.0093 | center_loss: 0.0128 | total_loss: 4.1169
2025-05-29 05:52:30,873 - all_data_dino_improved - INFO - Epoch 47, Batch 100/1360, Loss: 3.4360
2025-05-29 05:52:30,874 - all_data_dino_improved - INFO - Train metrics: l1_loss: 0.3472 | giou_loss: 0.8458 | center_loss: 0.0087 | total_loss: 3.4360
2025-05-29 05:54:00,470 - all_data_dino_improved - INFO - Epoch 47, Batch 150/1360, Loss: 3.4268
2025-05-29 05:54:00,470 - all_data_dino_improved - INFO - Train metrics: l1_loss: 0.3490 | giou_loss: 0.8350 | center_loss: 0.0118 | total_loss: 3.4268
2025-05-29 05:55:29,756 - all_data_dino_improved - INFO - Epoch 47, Batch 200/1360, Loss: 3.3367
2025-05-29 05:55:29,756 - all_data_dino_improved - INFO - Train metrics: l1_loss: 0.2935 | giou_loss: 0.9302 | center_loss: 0.0088 | total_loss: 3.3367
2025-05-29 05:56:59,261 - all_data_dino_improved - INFO - Epoch 47, Batch 250/1360, Loss: 3.3197
2025-05-29 05:56:59,261 - all_data_dino_improved - INFO - Train metrics: l1_loss: 0.3383 | giou_loss: 0.8091 | center_loss: 0.0099 | total_loss: 3.3197
2025-05-29 05:58:28,371 - all_data_dino_improved - INFO - Epoch 47, Batch 300/1360, Loss: 3.6892
2025-05-29 05:58:28,371 - all_data_dino_improved - INFO - Train metrics: l1_loss: 0.3732 | giou_loss: 0.9055 | center_loss: 0.0121 | total_loss: 3.6892
2025-05-29 05:59:57,849 - all_data_dino_improved - INFO - Epoch 47, Batch 350/1360, Loss: 3.8229
2025-05-29 05:59:57,849 - all_data_dino_improved - INFO - Train metrics: l1_loss: 0.3395 | giou_loss: 1.0564 | center_loss: 0.0124 | total_loss: 3.8229
2025-05-29 06:01:27,624 - all_data_dino_improved - INFO - Epoch 47, Batch 400/1360, Loss: 3.2329
2025-05-29 06:01:27,625 - all_data_dino_improved - INFO - Train metrics: l1_loss: 0.3073 | giou_loss: 0.8444 | center_loss: 0.0074 | total_loss: 3.2329
2025-05-29 06:02:57,181 - all_data_dino_improved - INFO - Epoch 47, Batch 450/1360, Loss: 3.3576
2025-05-29 06:02:57,181 - all_data_dino_improved - INFO - Train metrics: l1_loss: 0.2974 | giou_loss: 0.9311 | center_loss: 0.0081 | total_loss: 3.3576
2025-05-29 06:04:26,684 - all_data_dino_improved - INFO - Epoch 47, Batch 500/1360, Loss: 3.7512
2025-05-29 06:04:26,684 - all_data_dino_improved - INFO - Train metrics: l1_loss: 0.3787 | giou_loss: 0.9228 | center_loss: 0.0121 | total_loss: 3.7512
2025-05-29 06:05:55,723 - all_data_dino_improved - INFO - Epoch 47, Batch 550/1360, Loss: 3.9363
2025-05-29 06:05:55,724 - all_data_dino_improved - INFO - Train metrics: l1_loss: 0.4148 | giou_loss: 0.9248 | center_loss: 0.0131 | total_loss: 3.9363
2025-05-29 06:07:25,277 - all_data_dino_improved - INFO - Epoch 47, Batch 600/1360, Loss: 3.2546
2025-05-29 06:07:25,277 - all_data_dino_improved - INFO - Train metrics: l1_loss: 0.3062 | giou_loss: 0.8592 | center_loss: 0.0052 | total_loss: 3.2546
2025-05-29 06:08:54,853 - all_data_dino_improved - INFO - Epoch 47, Batch 650/1360, Loss: 3.2622
2025-05-29 06:08:54,853 - all_data_dino_improved - INFO - Train metrics: l1_loss: 0.3125 | giou_loss: 0.8461 | center_loss: 0.0077 | total_loss: 3.2622
2025-05-29 06:10:24,525 - all_data_dino_improved - INFO - Epoch 47, Batch 700/1360, Loss: 3.0142
2025-05-29 06:10:24,525 - all_data_dino_improved - INFO - Train metrics: l1_loss: 0.3030 | giou_loss: 0.7449 | center_loss: 0.0093 | total_loss: 3.0142
2025-05-29 06:11:54,217 - all_data_dino_improved - INFO - Epoch 47, Batch 750/1360, Loss: 3.4708
2025-05-29 06:11:54,217 - all_data_dino_improved - INFO - Train metrics: l1_loss: 0.3166 | giou_loss: 0.9395 | center_loss: 0.0086 | total_loss: 3.4708
2025-05-29 06:13:23,886 - all_data_dino_improved - INFO - Epoch 47, Batch 800/1360, Loss: 4.1481
2025-05-29 06:13:23,886 - all_data_dino_improved - INFO - Train metrics: l1_loss: 0.4428 | giou_loss: 0.9586 | center_loss: 0.0167 | total_loss: 4.1481
2025-05-29 06:14:53,518 - all_data_dino_improved - INFO - Epoch 47, Batch 850/1360, Loss: 3.3709
2025-05-29 06:14:53,518 - all_data_dino_improved - INFO - Train metrics: l1_loss: 0.3226 | giou_loss: 0.8748 | center_loss: 0.0083 | total_loss: 3.3709
2025-05-29 06:16:23,032 - all_data_dino_improved - INFO - Epoch 47, Batch 900/1360, Loss: 3.9830
2025-05-29 06:16:23,032 - all_data_dino_improved - INFO - Train metrics: l1_loss: 0.3806 | giou_loss: 1.0335 | center_loss: 0.0131 | total_loss: 3.9830
2025-05-29 06:17:52,816 - all_data_dino_improved - INFO - Epoch 47, Batch 950/1360, Loss: 3.6345
2025-05-29 06:17:52,817 - all_data_dino_improved - INFO - Train metrics: l1_loss: 0.3440 | giou_loss: 0.9520 | center_loss: 0.0108 | total_loss: 3.6345
2025-05-29 06:19:22,529 - all_data_dino_improved - INFO - Epoch 47, Batch 1000/1360, Loss: 3.4798
2025-05-29 06:19:22,530 - all_data_dino_improved - INFO - Train metrics: l1_loss: 0.3426 | giou_loss: 0.8784 | center_loss: 0.0100 | total_loss: 3.4798
2025-05-29 06:20:52,530 - all_data_dino_improved - INFO - Epoch 47, Batch 1050/1360, Loss: 3.3079
2025-05-29 06:20:52,531 - all_data_dino_improved - INFO - Train metrics: l1_loss: 0.3142 | giou_loss: 0.8652 | center_loss: 0.0066 | total_loss: 3.3079
2025-05-29 06:22:22,219 - all_data_dino_improved - INFO - Epoch 47, Batch 1100/1360, Loss: 3.3659
2025-05-29 06:22:22,219 - all_data_dino_improved - INFO - Train metrics: l1_loss: 0.3175 | giou_loss: 0.8847 | center_loss: 0.0088 | total_loss: 3.3659
2025-05-29 06:23:52,041 - all_data_dino_improved - INFO - Epoch 47, Batch 1150/1360, Loss: 3.7037
2025-05-29 06:23:52,041 - all_data_dino_improved - INFO - Train metrics: l1_loss: 0.3692 | giou_loss: 0.9228 | center_loss: 0.0120 | total_loss: 3.7037
2025-05-29 06:25:21,446 - all_data_dino_improved - INFO - Epoch 47, Batch 1200/1360, Loss: 3.6818
2025-05-29 06:25:21,446 - all_data_dino_improved - INFO - Train metrics: l1_loss: 0.3490 | giou_loss: 0.9640 | center_loss: 0.0089 | total_loss: 3.6818
2025-05-29 06:26:50,649 - all_data_dino_improved - INFO - Epoch 47, Batch 1250/1360, Loss: 3.4799
2025-05-29 06:26:50,649 - all_data_dino_improved - INFO - Train metrics: l1_loss: 0.3307 | giou_loss: 0.9055 | center_loss: 0.0153 | total_loss: 3.4799
2025-05-29 06:28:19,950 - all_data_dino_improved - INFO - Epoch 47, Batch 1300/1360, Loss: 3.3321
2025-05-29 06:28:19,950 - all_data_dino_improved - INFO - Train metrics: l1_loss: 0.3525 | giou_loss: 0.7783 | center_loss: 0.0131 | total_loss: 3.3321
2025-05-29 06:29:49,582 - all_data_dino_improved - INFO - Epoch 47, Batch 1350/1360, Loss: 3.5211
2025-05-29 06:29:49,582 - all_data_dino_improved - INFO - Train metrics: l1_loss: 0.3446 | giou_loss: 0.8915 | center_loss: 0.0153 | total_loss: 3.5211
2025-05-29 06:30:05,612 - all_data_dino_improved - INFO - Train Epoch 47, Loss: 3.5920
2025-05-29 06:32:34,508 - all_data_dino_improved - INFO - Pred box sample: [111.33719635009766, 101.57150268554688, 273.8410339355469, 243.4552459716797]
2025-05-29 06:32:34,508 - all_data_dino_improved - INFO - Target box sample: [207.0, 198.0, 287.0, 283.0]
2025-05-29 06:32:34,605 - all_data_dino_improved - INFO - Validation Epoch 47, Loss: 5.1999
2025-05-29 06:32:34,605 - all_data_dino_improved - INFO - Val metrics: Acc@0.25: 0.2404 | Acc@0.5: 0.0862 | Acc@0.75: 0.0109 | mIoU: 0.1383 | medianIoU: 0.0139 | mae_x1: 117.7912 | mae_y1: 125.2846 | mae_x2: 118.9961 | mae_y2: 123.7142 | center_x_error: 106.9354 | center_y_error: 112.5851 | width_error: 2.0760 | height_error: 2.0053 | loss: 5.1999
2025-05-29 06:32:35,612 - all_data_dino_improved - INFO - Saved model checkpoint to /home/pokle/Trans-VG/visual_grounding/checkpoints/all_data_dino_improved_epoch47.pth
2025-05-29 06:32:35,613 - all_data_dino_improved - INFO - Epoch 48/200
2025-05-29 06:32:39,835 - all_data_dino_improved - INFO - Epoch 48, Batch 0/1360, Loss: 2.9480
2025-05-29 06:32:39,835 - all_data_dino_improved - INFO - Train metrics: l1_loss: 0.2374 | giou_loss: 0.8784 | center_loss: 0.0043 | total_loss: 2.9480
2025-05-29 06:34:09,503 - all_data_dino_improved - INFO - Epoch 48, Batch 50/1360, Loss: 3.6316
2025-05-29 06:34:09,503 - all_data_dino_improved - INFO - Train metrics: l1_loss: 0.3427 | giou_loss: 0.9520 | center_loss: 0.0140 | total_loss: 3.6316
2025-05-29 06:35:39,220 - all_data_dino_improved - INFO - Epoch 48, Batch 100/1360, Loss: 3.6605
2025-05-29 06:35:39,220 - all_data_dino_improved - INFO - Train metrics: l1_loss: 0.3606 | giou_loss: 0.9239 | center_loss: 0.0095 | total_loss: 3.6605
2025-05-29 06:37:08,941 - all_data_dino_improved - INFO - Epoch 48, Batch 150/1360, Loss: 4.5756
2025-05-29 06:37:08,941 - all_data_dino_improved - INFO - Train metrics: l1_loss: 0.5122 | giou_loss: 0.9947 | center_loss: 0.0251 | total_loss: 4.5756
2025-05-29 06:38:39,041 - all_data_dino_improved - INFO - Epoch 48, Batch 200/1360, Loss: 3.4197
2025-05-29 06:38:39,041 - all_data_dino_improved - INFO - Train metrics: l1_loss: 0.3057 | giou_loss: 0.9413 | center_loss: 0.0088 | total_loss: 3.4197
2025-05-29 06:40:08,727 - all_data_dino_improved - INFO - Epoch 48, Batch 250/1360, Loss: 3.2466
2025-05-29 06:40:08,727 - all_data_dino_improved - INFO - Train metrics: l1_loss: 0.3066 | giou_loss: 0.8531 | center_loss: 0.0076 | total_loss: 3.2466
2025-05-29 06:41:38,571 - all_data_dino_improved - INFO - Epoch 48, Batch 300/1360, Loss: 3.6550
2025-05-29 06:41:38,571 - all_data_dino_improved - INFO - Train metrics: l1_loss: 0.3936 | giou_loss: 0.8306 | center_loss: 0.0256 | total_loss: 3.6550
2025-05-29 06:43:07,727 - all_data_dino_improved - INFO - Epoch 48, Batch 350/1360, Loss: 3.3765
2025-05-29 06:43:07,727 - all_data_dino_improved - INFO - Train metrics: l1_loss: 0.3238 | giou_loss: 0.8750 | center_loss: 0.0077 | total_loss: 3.3765
2025-05-29 06:44:36,908 - all_data_dino_improved - INFO - Epoch 48, Batch 400/1360, Loss: 3.2277
2025-05-29 06:44:36,908 - all_data_dino_improved - INFO - Train metrics: l1_loss: 0.2835 | giou_loss: 0.9025 | center_loss: 0.0052 | total_loss: 3.2277
2025-05-29 06:46:07,143 - all_data_dino_improved - INFO - Epoch 48, Batch 450/1360, Loss: 3.3339
2025-05-29 06:46:07,144 - all_data_dino_improved - INFO - Train metrics: l1_loss: 0.3120 | giou_loss: 0.8839 | center_loss: 0.0064 | total_loss: 3.3339
2025-05-29 06:47:36,942 - all_data_dino_improved - INFO - Epoch 48, Batch 500/1360, Loss: 3.6793
2025-05-29 06:47:36,942 - all_data_dino_improved - INFO - Train metrics: l1_loss: 0.3658 | giou_loss: 0.9200 | center_loss: 0.0101 | total_loss: 3.6793
2025-05-29 06:49:06,727 - all_data_dino_improved - INFO - Epoch 48, Batch 550/1360, Loss: 3.3747
2025-05-29 06:49:06,727 - all_data_dino_improved - INFO - Train metrics: l1_loss: 0.3202 | giou_loss: 0.8842 | center_loss: 0.0055 | total_loss: 3.3747
2025-05-29 06:50:36,670 - all_data_dino_improved - INFO - Epoch 48, Batch 600/1360, Loss: 3.7246
2025-05-29 06:50:36,671 - all_data_dino_improved - INFO - Train metrics: l1_loss: 0.3678 | giou_loss: 0.9369 | center_loss: 0.0118 | total_loss: 3.7246
2025-05-29 06:52:07,151 - all_data_dino_improved - INFO - Epoch 48, Batch 650/1360, Loss: 3.8851
2025-05-29 06:52:07,151 - all_data_dino_improved - INFO - Train metrics: l1_loss: 0.3857 | giou_loss: 0.9712 | center_loss: 0.0143 | total_loss: 3.8851
2025-05-29 06:53:37,489 - all_data_dino_improved - INFO - Epoch 48, Batch 700/1360, Loss: 3.7692
2025-05-29 06:53:37,489 - all_data_dino_improved - INFO - Train metrics: l1_loss: 0.3773 | giou_loss: 0.9339 | center_loss: 0.0151 | total_loss: 3.7692
2025-05-29 06:55:07,286 - all_data_dino_improved - INFO - Epoch 48, Batch 750/1360, Loss: 3.5491
2025-05-29 06:55:07,286 - all_data_dino_improved - INFO - Train metrics: l1_loss: 0.3473 | giou_loss: 0.9023 | center_loss: 0.0081 | total_loss: 3.5491
2025-05-29 06:56:37,390 - all_data_dino_improved - INFO - Epoch 48, Batch 800/1360, Loss: 3.2830
2025-05-29 06:56:37,390 - all_data_dino_improved - INFO - Train metrics: l1_loss: 0.3199 | giou_loss: 0.8363 | center_loss: 0.0112 | total_loss: 3.2830
2025-05-29 06:58:07,209 - all_data_dino_improved - INFO - Epoch 48, Batch 850/1360, Loss: 3.5212
2025-05-29 06:58:07,209 - all_data_dino_improved - INFO - Train metrics: l1_loss: 0.3338 | giou_loss: 0.9230 | center_loss: 0.0063 | total_loss: 3.5212
2025-05-29 06:59:37,011 - all_data_dino_improved - INFO - Epoch 48, Batch 900/1360, Loss: 4.3144
2025-05-29 06:59:37,012 - all_data_dino_improved - INFO - Train metrics: l1_loss: 0.4601 | giou_loss: 0.9950 | center_loss: 0.0240 | total_loss: 4.3144
2025-05-29 07:01:06,607 - all_data_dino_improved - INFO - Epoch 48, Batch 950/1360, Loss: 2.7505
2025-05-29 07:01:06,607 - all_data_dino_improved - INFO - Train metrics: l1_loss: 0.2493 | giou_loss: 0.7491 | center_loss: 0.0057 | total_loss: 2.7505
2025-05-29 07:02:36,343 - all_data_dino_improved - INFO - Epoch 48, Batch 1000/1360, Loss: 3.5005
2025-05-29 07:02:36,343 - all_data_dino_improved - INFO - Train metrics: l1_loss: 0.3488 | giou_loss: 0.8737 | center_loss: 0.0091 | total_loss: 3.5005
2025-05-29 07:04:05,967 - all_data_dino_improved - INFO - Epoch 48, Batch 1050/1360, Loss: 3.9433
2025-05-29 07:04:05,968 - all_data_dino_improved - INFO - Train metrics: l1_loss: 0.4067 | giou_loss: 0.9438 | center_loss: 0.0222 | total_loss: 3.9433
2025-05-29 07:05:35,743 - all_data_dino_improved - INFO - Epoch 48, Batch 1100/1360, Loss: 4.1826
2025-05-29 07:05:35,744 - all_data_dino_improved - INFO - Train metrics: l1_loss: 0.4054 | giou_loss: 1.0699 | center_loss: 0.0156 | total_loss: 4.1826
2025-05-29 07:07:05,678 - all_data_dino_improved - INFO - Epoch 48, Batch 1150/1360, Loss: 3.3521
2025-05-29 07:07:05,678 - all_data_dino_improved - INFO - Train metrics: l1_loss: 0.3045 | giou_loss: 0.9119 | center_loss: 0.0060 | total_loss: 3.3521
2025-05-29 07:08:35,475 - all_data_dino_improved - INFO - Epoch 48, Batch 1200/1360, Loss: 3.2192
2025-05-29 07:08:35,476 - all_data_dino_improved - INFO - Train metrics: l1_loss: 0.2980 | giou_loss: 0.8602 | center_loss: 0.0087 | total_loss: 3.2192
2025-05-29 07:10:05,065 - all_data_dino_improved - INFO - Epoch 48, Batch 1250/1360, Loss: 3.6078
2025-05-29 07:10:05,065 - all_data_dino_improved - INFO - Train metrics: l1_loss: 0.3447 | giou_loss: 0.9377 | center_loss: 0.0090 | total_loss: 3.6078
2025-05-29 07:11:34,884 - all_data_dino_improved - INFO - Epoch 48, Batch 1300/1360, Loss: 3.7322
2025-05-29 07:11:34,884 - all_data_dino_improved - INFO - Train metrics: l1_loss: 0.3630 | giou_loss: 0.9500 | center_loss: 0.0170 | total_loss: 3.7322
2025-05-29 07:13:04,981 - all_data_dino_improved - INFO - Epoch 48, Batch 1350/1360, Loss: 3.5812
2025-05-29 07:13:04,981 - all_data_dino_improved - INFO - Train metrics: l1_loss: 0.3355 | giou_loss: 0.9470 | center_loss: 0.0099 | total_loss: 3.5812
2025-05-29 07:13:21,028 - all_data_dino_improved - INFO - Train Epoch 48, Loss: 3.5848
2025-05-29 07:15:50,020 - all_data_dino_improved - INFO - Pred box sample: [104.03124237060547, 97.10893249511719, 285.19580078125, 240.50852966308594]
2025-05-29 07:15:50,021 - all_data_dino_improved - INFO - Target box sample: [207.0, 198.0, 287.0, 283.0]
2025-05-29 07:15:50,123 - all_data_dino_improved - INFO - Validation Epoch 48, Loss: 5.1966
2025-05-29 07:15:50,123 - all_data_dino_improved - INFO - Val metrics: Acc@0.25: 0.2388 | Acc@0.5: 0.0880 | Acc@0.75: 0.0113 | mIoU: 0.1378 | medianIoU: 0.0140 | mae_x1: 117.7107 | mae_y1: 125.1391 | mae_x2: 118.1428 | mae_y2: 125.4697 | center_x_error: 106.3658 | center_y_error: 112.8772 | width_error: 2.1260 | height_error: 2.0537 | loss: 5.1966
2025-05-29 07:15:51,102 - all_data_dino_improved - INFO - Saved model checkpoint to /home/pokle/Trans-VG/visual_grounding/checkpoints/all_data_dino_improved_epoch48.pth
2025-05-29 07:15:51,103 - all_data_dino_improved - INFO - Epoch 49/200
2025-05-29 07:15:55,031 - all_data_dino_improved - INFO - Epoch 49, Batch 0/1360, Loss: 3.7105
2025-05-29 07:15:55,031 - all_data_dino_improved - INFO - Train metrics: l1_loss: 0.3634 | giou_loss: 0.9405 | center_loss: 0.0125 | total_loss: 3.7105
2025-05-29 07:17:24,922 - all_data_dino_improved - INFO - Epoch 49, Batch 50/1360, Loss: 3.2144
2025-05-29 07:17:24,922 - all_data_dino_improved - INFO - Train metrics: l1_loss: 0.3057 | giou_loss: 0.8395 | center_loss: 0.0070 | total_loss: 3.2144
2025-05-29 07:18:55,024 - all_data_dino_improved - INFO - Epoch 49, Batch 100/1360, Loss: 3.4828
2025-05-29 07:18:55,024 - all_data_dino_improved - INFO - Train metrics: l1_loss: 0.3439 | giou_loss: 0.8773 | center_loss: 0.0087 | total_loss: 3.4828
2025-05-29 07:20:24,427 - all_data_dino_improved - INFO - Epoch 49, Batch 150/1360, Loss: 3.2428
2025-05-29 07:20:24,427 - all_data_dino_improved - INFO - Train metrics: l1_loss: 0.3021 | giou_loss: 0.8598 | center_loss: 0.0125 | total_loss: 3.2428
2025-05-29 07:21:54,054 - all_data_dino_improved - INFO - Epoch 49, Batch 200/1360, Loss: 3.6223
2025-05-29 07:21:54,054 - all_data_dino_improved - INFO - Train metrics: l1_loss: 0.3460 | giou_loss: 0.9412 | center_loss: 0.0100 | total_loss: 3.6223
2025-05-29 07:23:23,963 - all_data_dino_improved - INFO - Epoch 49, Batch 250/1360, Loss: 3.2343
2025-05-29 07:23:23,963 - all_data_dino_improved - INFO - Train metrics: l1_loss: 0.2933 | giou_loss: 0.8802 | center_loss: 0.0074 | total_loss: 3.2343
2025-05-29 07:24:53,848 - all_data_dino_improved - INFO - Epoch 49, Batch 300/1360, Loss: 3.5948
2025-05-29 07:24:53,848 - all_data_dino_improved - INFO - Train metrics: l1_loss: 0.3651 | giou_loss: 0.8770 | center_loss: 0.0153 | total_loss: 3.5948
2025-05-29 07:26:23,459 - all_data_dino_improved - INFO - Epoch 49, Batch 350/1360, Loss: 3.9489
2025-05-29 07:26:23,460 - all_data_dino_improved - INFO - Train metrics: l1_loss: 0.4011 | giou_loss: 0.9633 | center_loss: 0.0168 | total_loss: 3.9489
2025-05-29 07:27:53,148 - all_data_dino_improved - INFO - Epoch 49, Batch 400/1360, Loss: 3.7388
2025-05-29 07:27:53,149 - all_data_dino_improved - INFO - Train metrics: l1_loss: 0.3622 | giou_loss: 0.9573 | center_loss: 0.0132 | total_loss: 3.7388
2025-05-29 07:29:23,394 - all_data_dino_improved - INFO - Epoch 49, Batch 450/1360, Loss: 3.4571
2025-05-29 07:29:23,394 - all_data_dino_improved - INFO - Train metrics: l1_loss: 0.3179 | giou_loss: 0.9291 | center_loss: 0.0092 | total_loss: 3.4571
2025-05-29 07:30:53,221 - all_data_dino_improved - INFO - Epoch 49, Batch 500/1360, Loss: 3.7200
2025-05-29 07:30:53,221 - all_data_dino_improved - INFO - Train metrics: l1_loss: 0.3609 | giou_loss: 0.9530 | center_loss: 0.0093 | total_loss: 3.7200
2025-05-29 07:32:23,071 - all_data_dino_improved - INFO - Epoch 49, Batch 550/1360, Loss: 3.7365
2025-05-29 07:32:23,071 - all_data_dino_improved - INFO - Train metrics: l1_loss: 0.3646 | giou_loss: 0.9499 | center_loss: 0.0135 | total_loss: 3.7365
2025-05-29 07:33:52,778 - all_data_dino_improved - INFO - Epoch 49, Batch 600/1360, Loss: 4.0567
2025-05-29 07:33:52,778 - all_data_dino_improved - INFO - Train metrics: l1_loss: 0.4301 | giou_loss: 0.9463 | center_loss: 0.0137 | total_loss: 4.0567
2025-05-29 07:35:22,787 - all_data_dino_improved - INFO - Epoch 49, Batch 650/1360, Loss: 3.6501
2025-05-29 07:35:22,788 - all_data_dino_improved - INFO - Train metrics: l1_loss: 0.3435 | giou_loss: 0.9617 | center_loss: 0.0096 | total_loss: 3.6501
2025-05-29 07:36:52,103 - all_data_dino_improved - INFO - Epoch 49, Batch 700/1360, Loss: 3.4007
2025-05-29 07:36:52,104 - all_data_dino_improved - INFO - Train metrics: l1_loss: 0.3405 | giou_loss: 0.8434 | center_loss: 0.0115 | total_loss: 3.4007
2025-05-29 07:38:21,925 - all_data_dino_improved - INFO - Epoch 49, Batch 750/1360, Loss: 3.1057
2025-05-29 07:38:21,925 - all_data_dino_improved - INFO - Train metrics: l1_loss: 0.2736 | giou_loss: 0.8663 | center_loss: 0.0052 | total_loss: 3.1057
2025-05-29 07:39:51,507 - all_data_dino_improved - INFO - Epoch 49, Batch 800/1360, Loss: 3.3976
2025-05-29 07:39:51,507 - all_data_dino_improved - INFO - Train metrics: l1_loss: 0.3569 | giou_loss: 0.8016 | center_loss: 0.0101 | total_loss: 3.3976
2025-05-29 07:41:21,620 - all_data_dino_improved - INFO - Epoch 49, Batch 850/1360, Loss: 3.3308
2025-05-29 07:41:21,620 - all_data_dino_improved - INFO - Train metrics: l1_loss: 0.2908 | giou_loss: 0.9348 | center_loss: 0.0071 | total_loss: 3.3308
2025-05-29 07:42:51,498 - all_data_dino_improved - INFO - Epoch 49, Batch 900/1360, Loss: 3.0744
2025-05-29 07:42:51,498 - all_data_dino_improved - INFO - Train metrics: l1_loss: 0.2605 | giou_loss: 0.8827 | center_loss: 0.0063 | total_loss: 3.0744
2025-05-29 07:44:21,826 - all_data_dino_improved - INFO - Epoch 49, Batch 950/1360, Loss: 3.6198
2025-05-29 07:44:21,826 - all_data_dino_improved - INFO - Train metrics: l1_loss: 0.3596 | giou_loss: 0.9031 | center_loss: 0.0156 | total_loss: 3.6198
2025-05-29 07:45:51,936 - all_data_dino_improved - INFO - Epoch 49, Batch 1000/1360, Loss: 2.7039
2025-05-29 07:45:51,936 - all_data_dino_improved - INFO - Train metrics: l1_loss: 0.2652 | giou_loss: 0.6869 | center_loss: 0.0043 | total_loss: 2.7039
2025-05-29 07:47:21,862 - all_data_dino_improved - INFO - Epoch 49, Batch 1050/1360, Loss: 3.6757
2025-05-29 07:47:21,862 - all_data_dino_improved - INFO - Train metrics: l1_loss: 0.3445 | giou_loss: 0.9712 | center_loss: 0.0110 | total_loss: 3.6757
2025-05-29 07:48:51,511 - all_data_dino_improved - INFO - Epoch 49, Batch 1100/1360, Loss: 2.9342
2025-05-29 07:48:51,511 - all_data_dino_improved - INFO - Train metrics: l1_loss: 0.2710 | giou_loss: 0.7866 | center_loss: 0.0059 | total_loss: 2.9342
2025-05-29 07:50:21,442 - all_data_dino_improved - INFO - Epoch 49, Batch 1150/1360, Loss: 3.7299
2025-05-29 07:50:21,442 - all_data_dino_improved - INFO - Train metrics: l1_loss: 0.3614 | giou_loss: 0.9559 | center_loss: 0.0108 | total_loss: 3.7299
2025-05-29 07:51:51,175 - all_data_dino_improved - INFO - Epoch 49, Batch 1200/1360, Loss: 3.5052
2025-05-29 07:51:51,175 - all_data_dino_improved - INFO - Train metrics: l1_loss: 0.3213 | giou_loss: 0.9453 | center_loss: 0.0080 | total_loss: 3.5052
2025-05-29 07:53:21,079 - all_data_dino_improved - INFO - Epoch 49, Batch 1250/1360, Loss: 3.8336
2025-05-29 07:53:21,079 - all_data_dino_improved - INFO - Train metrics: l1_loss: 0.3703 | giou_loss: 0.9867 | center_loss: 0.0086 | total_loss: 3.8336
2025-05-29 07:54:50,928 - all_data_dino_improved - INFO - Epoch 49, Batch 1300/1360, Loss: 3.6683
2025-05-29 07:54:50,929 - all_data_dino_improved - INFO - Train metrics: l1_loss: 0.3713 | giou_loss: 0.9003 | center_loss: 0.0115 | total_loss: 3.6683
2025-05-29 07:56:21,078 - all_data_dino_improved - INFO - Epoch 49, Batch 1350/1360, Loss: 3.7260
2025-05-29 07:56:21,078 - all_data_dino_improved - INFO - Train metrics: l1_loss: 0.3276 | giou_loss: 1.0390 | center_loss: 0.0100 | total_loss: 3.7260
2025-05-29 07:56:37,138 - all_data_dino_improved - INFO - Train Epoch 49, Loss: 3.5700
2025-05-29 07:59:06,231 - all_data_dino_improved - INFO - Pred box sample: [97.97075653076172, 97.6540756225586, 279.7828063964844, 249.0089111328125]
2025-05-29 07:59:06,231 - all_data_dino_improved - INFO - Target box sample: [207.0, 198.0, 287.0, 283.0]
2025-05-29 07:59:06,329 - all_data_dino_improved - INFO - Validation Epoch 49, Loss: 5.1445
2025-05-29 07:59:06,329 - all_data_dino_improved - INFO - Val metrics: Acc@0.25: 0.2443 | Acc@0.5: 0.0874 | Acc@0.75: 0.0113 | mIoU: 0.1402 | medianIoU: 0.0166 | mae_x1: 117.7114 | mae_y1: 123.2822 | mae_x2: 118.0755 | mae_y2: 120.8216 | center_x_error: 105.9664 | center_y_error: 109.7012 | width_error: 2.1918 | height_error: 2.0325 | loss: 5.1445
2025-05-29 07:59:07,302 - all_data_dino_improved - INFO - Saved model checkpoint to /home/pokle/Trans-VG/visual_grounding/checkpoints/all_data_dino_improved_epoch49.pth
2025-05-29 07:59:07,303 - all_data_dino_improved - INFO - Epoch 50/200
2025-05-29 07:59:11,253 - all_data_dino_improved - INFO - Epoch 50, Batch 0/1360, Loss: 4.0520
2025-05-29 07:59:11,254 - all_data_dino_improved - INFO - Train metrics: l1_loss: 0.3935 | giou_loss: 1.0363 | center_loss: 0.0119 | total_loss: 4.0520
2025-05-29 08:00:40,748 - all_data_dino_improved - INFO - Epoch 50, Batch 50/1360, Loss: 3.5723
2025-05-29 08:00:40,748 - all_data_dino_improved - INFO - Train metrics: l1_loss: 0.3422 | giou_loss: 0.9253 | center_loss: 0.0109 | total_loss: 3.5723
2025-05-29 08:02:10,257 - all_data_dino_improved - INFO - Epoch 50, Batch 100/1360, Loss: 3.5780
2025-05-29 08:02:10,257 - all_data_dino_improved - INFO - Train metrics: l1_loss: 0.3479 | giou_loss: 0.9141 | center_loss: 0.0104 | total_loss: 3.5780
2025-05-29 08:03:40,176 - all_data_dino_improved - INFO - Epoch 50, Batch 150/1360, Loss: 3.7575
2025-05-29 08:03:40,177 - all_data_dino_improved - INFO - Train metrics: l1_loss: 0.3486 | giou_loss: 1.0018 | center_loss: 0.0110 | total_loss: 3.7575
2025-05-29 08:05:09,859 - all_data_dino_improved - INFO - Epoch 50, Batch 200/1360, Loss: 3.6746
2025-05-29 08:05:09,859 - all_data_dino_improved - INFO - Train metrics: l1_loss: 0.3752 | giou_loss: 0.8913 | center_loss: 0.0158 | total_loss: 3.6746
2025-05-29 08:06:39,752 - all_data_dino_improved - INFO - Epoch 50, Batch 250/1360, Loss: 3.7128
2025-05-29 08:06:39,753 - all_data_dino_improved - INFO - Train metrics: l1_loss: 0.3783 | giou_loss: 0.9038 | center_loss: 0.0136 | total_loss: 3.7128
2025-05-29 08:08:09,584 - all_data_dino_improved - INFO - Epoch 50, Batch 300/1360, Loss: 4.4449
2025-05-29 08:08:09,584 - all_data_dino_improved - INFO - Train metrics: l1_loss: 0.4755 | giou_loss: 1.0216 | center_loss: 0.0241 | total_loss: 4.4449
2025-05-29 08:09:38,965 - all_data_dino_improved - INFO - Epoch 50, Batch 350/1360, Loss: 3.8787
2025-05-29 08:09:38,966 - all_data_dino_improved - INFO - Train metrics: l1_loss: 0.3912 | giou_loss: 0.9529 | center_loss: 0.0168 | total_loss: 3.8787
2025-05-29 08:11:08,354 - all_data_dino_improved - INFO - Epoch 50, Batch 400/1360, Loss: 3.6559
2025-05-29 08:11:08,355 - all_data_dino_improved - INFO - Train metrics: l1_loss: 0.3589 | giou_loss: 0.9254 | center_loss: 0.0107 | total_loss: 3.6559
2025-05-29 08:12:38,311 - all_data_dino_improved - INFO - Epoch 50, Batch 450/1360, Loss: 3.0886
2025-05-29 08:12:38,311 - all_data_dino_improved - INFO - Train metrics: l1_loss: 0.2914 | giou_loss: 0.8124 | center_loss: 0.0067 | total_loss: 3.0886
2025-05-29 08:14:07,540 - all_data_dino_improved - INFO - Epoch 50, Batch 500/1360, Loss: 3.6582
2025-05-29 08:14:07,540 - all_data_dino_improved - INFO - Train metrics: l1_loss: 0.3809 | giou_loss: 0.8698 | center_loss: 0.0141 | total_loss: 3.6582
2025-05-29 08:15:37,389 - all_data_dino_improved - INFO - Epoch 50, Batch 550/1360, Loss: 3.0905
2025-05-29 08:15:37,389 - all_data_dino_improved - INFO - Train metrics: l1_loss: 0.2595 | giou_loss: 0.8939 | center_loss: 0.0050 | total_loss: 3.0905
2025-05-29 08:17:07,182 - all_data_dino_improved - INFO - Epoch 50, Batch 600/1360, Loss: 3.3825
2025-05-29 08:17:07,183 - all_data_dino_improved - INFO - Train metrics: l1_loss: 0.3082 | giou_loss: 0.9172 | center_loss: 0.0070 | total_loss: 3.3825
2025-05-29 08:18:36,956 - all_data_dino_improved - INFO - Epoch 50, Batch 650/1360, Loss: 3.5140
2025-05-29 08:18:36,957 - all_data_dino_improved - INFO - Train metrics: l1_loss: 0.3263 | giou_loss: 0.9377 | center_loss: 0.0069 | total_loss: 3.5140
2025-05-29 08:20:06,471 - all_data_dino_improved - INFO - Epoch 50, Batch 700/1360, Loss: 4.4577
2025-05-29 08:20:06,471 - all_data_dino_improved - INFO - Train metrics: l1_loss: 0.4517 | giou_loss: 1.0881 | center_loss: 0.0230 | total_loss: 4.4577
2025-05-29 08:21:35,811 - all_data_dino_improved - INFO - Epoch 50, Batch 750/1360, Loss: 3.2985
2025-05-29 08:21:35,811 - all_data_dino_improved - INFO - Train metrics: l1_loss: 0.3036 | giou_loss: 0.8855 | center_loss: 0.0095 | total_loss: 3.2985
2025-05-29 08:23:05,138 - all_data_dino_improved - INFO - Epoch 50, Batch 800/1360, Loss: 3.1197
2025-05-29 08:23:05,138 - all_data_dino_improved - INFO - Train metrics: l1_loss: 0.2956 | giou_loss: 0.8158 | center_loss: 0.0102 | total_loss: 3.1197
2025-05-29 08:24:34,922 - all_data_dino_improved - INFO - Epoch 50, Batch 850/1360, Loss: 3.3500
2025-05-29 08:24:34,922 - all_data_dino_improved - INFO - Train metrics: l1_loss: 0.3167 | giou_loss: 0.8797 | center_loss: 0.0069 | total_loss: 3.3500
2025-05-29 08:26:05,311 - all_data_dino_improved - INFO - Epoch 50, Batch 900/1360, Loss: 3.5617
2025-05-29 08:26:05,311 - all_data_dino_improved - INFO - Train metrics: l1_loss: 0.3345 | giou_loss: 0.9393 | center_loss: 0.0106 | total_loss: 3.5617
2025-05-29 08:27:35,599 - all_data_dino_improved - INFO - Epoch 50, Batch 950/1360, Loss: 2.6334
2025-05-29 08:27:35,600 - all_data_dino_improved - INFO - Train metrics: l1_loss: 0.2504 | giou_loss: 0.6888 | center_loss: 0.0039 | total_loss: 2.6334
2025-05-29 08:29:05,892 - all_data_dino_improved - INFO - Epoch 50, Batch 1000/1360, Loss: 3.3435
2025-05-29 08:29:05,893 - all_data_dino_improved - INFO - Train metrics: l1_loss: 0.3010 | giou_loss: 0.9159 | center_loss: 0.0066 | total_loss: 3.3435
2025-05-29 08:30:35,822 - all_data_dino_improved - INFO - Epoch 50, Batch 1050/1360, Loss: 3.1938
2025-05-29 08:30:35,823 - all_data_dino_improved - INFO - Train metrics: l1_loss: 0.2974 | giou_loss: 0.8470 | center_loss: 0.0130 | total_loss: 3.1938
2025-05-29 08:32:05,269 - all_data_dino_improved - INFO - Epoch 50, Batch 1100/1360, Loss: 3.2781
2025-05-29 08:32:05,269 - all_data_dino_improved - INFO - Train metrics: l1_loss: 0.3326 | giou_loss: 0.8014 | center_loss: 0.0122 | total_loss: 3.2781
2025-05-29 08:33:34,397 - all_data_dino_improved - INFO - Epoch 50, Batch 1150/1360, Loss: 3.6342
2025-05-29 08:33:34,397 - all_data_dino_improved - INFO - Train metrics: l1_loss: 0.3643 | giou_loss: 0.9011 | center_loss: 0.0103 | total_loss: 3.6342
2025-05-29 08:35:04,299 - all_data_dino_improved - INFO - Epoch 50, Batch 1200/1360, Loss: 3.2563
2025-05-29 08:35:04,299 - all_data_dino_improved - INFO - Train metrics: l1_loss: 0.3218 | giou_loss: 0.8192 | center_loss: 0.0087 | total_loss: 3.2563
2025-05-29 08:36:33,894 - all_data_dino_improved - INFO - Epoch 50, Batch 1250/1360, Loss: 3.0760
2025-05-29 08:36:33,895 - all_data_dino_improved - INFO - Train metrics: l1_loss: 0.2760 | giou_loss: 0.8456 | center_loss: 0.0051 | total_loss: 3.0760
2025-05-29 08:38:03,519 - all_data_dino_improved - INFO - Epoch 50, Batch 1300/1360, Loss: 3.5820
2025-05-29 08:38:03,519 - all_data_dino_improved - INFO - Train metrics: l1_loss: 0.3469 | giou_loss: 0.9152 | center_loss: 0.0169 | total_loss: 3.5820
2025-05-29 08:39:32,492 - all_data_dino_improved - INFO - Epoch 50, Batch 1350/1360, Loss: 3.3059
2025-05-29 08:39:32,492 - all_data_dino_improved - INFO - Train metrics: l1_loss: 0.3193 | giou_loss: 0.8470 | center_loss: 0.0154 | total_loss: 3.3059
2025-05-29 08:39:48,580 - all_data_dino_improved - INFO - Train Epoch 50, Loss: 3.5659
2025-05-29 08:42:17,483 - all_data_dino_improved - INFO - Pred box sample: [89.1495590209961, 89.55020904541016, 279.8537902832031, 252.9197998046875]
2025-05-29 08:42:17,484 - all_data_dino_improved - INFO - Target box sample: [207.0, 198.0, 287.0, 283.0]
2025-05-29 08:42:17,584 - all_data_dino_improved - INFO - Validation Epoch 50, Loss: 5.1705
2025-05-29 08:42:17,584 - all_data_dino_improved - INFO - Val metrics: Acc@0.25: 0.2416 | Acc@0.5: 0.0906 | Acc@0.75: 0.0113 | mIoU: 0.1394 | medianIoU: 0.0146 | mae_x1: 118.4754 | mae_y1: 123.4930 | mae_x2: 116.8714 | mae_y2: 123.3969 | center_x_error: 105.8372 | center_y_error: 110.8314 | width_error: 2.1308 | height_error: 2.0498 | loss: 5.1705
2025-05-29 08:42:18,571 - all_data_dino_improved - INFO - Saved model checkpoint to /home/pokle/Trans-VG/visual_grounding/checkpoints/all_data_dino_improved_epoch50.pth
2025-05-29 08:42:18,571 - all_data_dino_improved - INFO - Epoch 51/200
2025-05-29 08:42:22,586 - all_data_dino_improved - INFO - Epoch 51, Batch 0/1360, Loss: 3.8472
2025-05-29 08:42:22,586 - all_data_dino_improved - INFO - Train metrics: l1_loss: 0.3739 | giou_loss: 0.9827 | center_loss: 0.0122 | total_loss: 3.8472
2025-05-29 08:43:52,265 - all_data_dino_improved - INFO - Epoch 51, Batch 50/1360, Loss: 3.7318
2025-05-29 08:43:52,265 - all_data_dino_improved - INFO - Train metrics: l1_loss: 0.3614 | giou_loss: 0.9565 | center_loss: 0.0117 | total_loss: 3.7318
2025-05-29 08:45:21,879 - all_data_dino_improved - INFO - Epoch 51, Batch 100/1360, Loss: 3.2648
2025-05-29 08:45:21,880 - all_data_dino_improved - INFO - Train metrics: l1_loss: 0.3083 | giou_loss: 0.8572 | center_loss: 0.0092 | total_loss: 3.2648
2025-05-29 08:46:51,479 - all_data_dino_improved - INFO - Epoch 51, Batch 150/1360, Loss: 3.6454
2025-05-29 08:46:51,479 - all_data_dino_improved - INFO - Train metrics: l1_loss: 0.3173 | giou_loss: 1.0238 | center_loss: 0.0112 | total_loss: 3.6454
2025-05-29 08:48:21,263 - all_data_dino_improved - INFO - Epoch 51, Batch 200/1360, Loss: 3.8988
2025-05-29 08:48:21,264 - all_data_dino_improved - INFO - Train metrics: l1_loss: 0.3769 | giou_loss: 1.0007 | center_loss: 0.0129 | total_loss: 3.8988
2025-05-29 08:49:51,067 - all_data_dino_improved - INFO - Epoch 51, Batch 250/1360, Loss: 4.1426
2025-05-29 08:49:51,067 - all_data_dino_improved - INFO - Train metrics: l1_loss: 0.4293 | giou_loss: 0.9877 | center_loss: 0.0208 | total_loss: 4.1426
2025-05-29 08:51:20,315 - all_data_dino_improved - INFO - Epoch 51, Batch 300/1360, Loss: 4.4206
2025-05-29 08:51:20,316 - all_data_dino_improved - INFO - Train metrics: l1_loss: 0.4592 | giou_loss: 1.0514 | center_loss: 0.0219 | total_loss: 4.4206
2025-05-29 08:52:50,079 - all_data_dino_improved - INFO - Epoch 51, Batch 350/1360, Loss: 3.2110
2025-05-29 08:52:50,079 - all_data_dino_improved - INFO - Train metrics: l1_loss: 0.3124 | giou_loss: 0.8185 | center_loss: 0.0121 | total_loss: 3.2110
2025-05-29 08:54:19,685 - all_data_dino_improved - INFO - Epoch 51, Batch 400/1360, Loss: 3.4196
2025-05-29 08:54:19,686 - all_data_dino_improved - INFO - Train metrics: l1_loss: 0.3297 | giou_loss: 0.8804 | center_loss: 0.0104 | total_loss: 3.4196
2025-05-29 08:55:49,270 - all_data_dino_improved - INFO - Epoch 51, Batch 450/1360, Loss: 3.6045
2025-05-29 08:55:49,270 - all_data_dino_improved - INFO - Train metrics: l1_loss: 0.3679 | giou_loss: 0.8774 | center_loss: 0.0103 | total_loss: 3.6045
2025-05-29 08:57:18,388 - all_data_dino_improved - INFO - Epoch 51, Batch 500/1360, Loss: 3.4156
2025-05-29 08:57:18,389 - all_data_dino_improved - INFO - Train metrics: l1_loss: 0.3287 | giou_loss: 0.8796 | center_loss: 0.0128 | total_loss: 3.4156
2025-05-29 08:58:48,052 - all_data_dino_improved - INFO - Epoch 51, Batch 550/1360, Loss: 3.5499
2025-05-29 08:58:48,052 - all_data_dino_improved - INFO - Train metrics: l1_loss: 0.3448 | giou_loss: 0.9085 | center_loss: 0.0090 | total_loss: 3.5499
2025-05-29 09:00:17,801 - all_data_dino_improved - INFO - Epoch 51, Batch 600/1360, Loss: 3.9241
2025-05-29 09:00:17,801 - all_data_dino_improved - INFO - Train metrics: l1_loss: 0.4086 | giou_loss: 0.9324 | center_loss: 0.0162 | total_loss: 3.9241
2025-05-29 09:01:47,686 - all_data_dino_improved - INFO - Epoch 51, Batch 650/1360, Loss: 3.2709
2025-05-29 09:01:47,686 - all_data_dino_improved - INFO - Train metrics: l1_loss: 0.2924 | giou_loss: 0.9010 | center_loss: 0.0068 | total_loss: 3.2709
2025-05-29 09:03:17,284 - all_data_dino_improved - INFO - Epoch 51, Batch 700/1360, Loss: 3.8710
2025-05-29 09:03:17,284 - all_data_dino_improved - INFO - Train metrics: l1_loss: 0.4049 | giou_loss: 0.9164 | center_loss: 0.0135 | total_loss: 3.8710
2025-05-29 09:04:47,281 - all_data_dino_improved - INFO - Epoch 51, Batch 750/1360, Loss: 3.5973
2025-05-29 09:04:47,282 - all_data_dino_improved - INFO - Train metrics: l1_loss: 0.3557 | giou_loss: 0.9019 | center_loss: 0.0151 | total_loss: 3.5973
2025-05-29 09:06:17,279 - all_data_dino_improved - INFO - Epoch 51, Batch 800/1360, Loss: 3.7920
2025-05-29 09:06:17,280 - all_data_dino_improved - INFO - Train metrics: l1_loss: 0.3786 | giou_loss: 0.9444 | center_loss: 0.0099 | total_loss: 3.7920
2025-05-29 09:07:47,330 - all_data_dino_improved - INFO - Epoch 51, Batch 850/1360, Loss: 3.2557
2025-05-29 09:07:47,331 - all_data_dino_improved - INFO - Train metrics: l1_loss: 0.2764 | giou_loss: 0.9334 | center_loss: 0.0067 | total_loss: 3.2557
2025-05-29 09:09:17,632 - all_data_dino_improved - INFO - Epoch 51, Batch 900/1360, Loss: 3.8493
2025-05-29 09:09:17,632 - all_data_dino_improved - INFO - Train metrics: l1_loss: 0.3966 | giou_loss: 0.9266 | center_loss: 0.0133 | total_loss: 3.8493
2025-05-29 09:10:48,170 - all_data_dino_improved - INFO - Epoch 51, Batch 950/1360, Loss: 2.8584
2025-05-29 09:10:48,170 - all_data_dino_improved - INFO - Train metrics: l1_loss: 0.2706 | giou_loss: 0.7503 | center_loss: 0.0048 | total_loss: 2.8584
2025-05-29 09:12:17,828 - all_data_dino_improved - INFO - Epoch 51, Batch 1000/1360, Loss: 4.3132
2025-05-29 09:12:17,828 - all_data_dino_improved - INFO - Train metrics: l1_loss: 0.4644 | giou_loss: 0.9813 | center_loss: 0.0286 | total_loss: 4.3132
2025-05-29 09:13:47,330 - all_data_dino_improved - INFO - Epoch 51, Batch 1050/1360, Loss: 4.0994
2025-05-29 09:13:47,330 - all_data_dino_improved - INFO - Train metrics: l1_loss: 0.4201 | giou_loss: 0.9918 | center_loss: 0.0155 | total_loss: 4.0994
2025-05-29 09:15:16,625 - all_data_dino_improved - INFO - Epoch 51, Batch 1100/1360, Loss: 4.5535
2025-05-29 09:15:16,625 - all_data_dino_improved - INFO - Train metrics: l1_loss: 0.4782 | giou_loss: 1.0685 | center_loss: 0.0256 | total_loss: 4.5535
2025-05-29 09:16:46,479 - all_data_dino_improved - INFO - Epoch 51, Batch 1150/1360, Loss: 3.7711
2025-05-29 09:16:46,480 - all_data_dino_improved - INFO - Train metrics: l1_loss: 0.3778 | giou_loss: 0.9322 | center_loss: 0.0177 | total_loss: 3.7711
2025-05-29 09:18:15,791 - all_data_dino_improved - INFO - Epoch 51, Batch 1200/1360, Loss: 3.9895
2025-05-29 09:18:15,791 - all_data_dino_improved - INFO - Train metrics: l1_loss: 0.3947 | giou_loss: 1.0007 | center_loss: 0.0146 | total_loss: 3.9895
2025-05-29 09:19:45,522 - all_data_dino_improved - INFO - Epoch 51, Batch 1250/1360, Loss: 3.1199
2025-05-29 09:19:45,522 - all_data_dino_improved - INFO - Train metrics: l1_loss: 0.2860 | giou_loss: 0.8411 | center_loss: 0.0075 | total_loss: 3.1199
2025-05-29 09:21:15,013 - all_data_dino_improved - INFO - Epoch 51, Batch 1300/1360, Loss: 3.1733
2025-05-29 09:21:15,013 - all_data_dino_improved - INFO - Train metrics: l1_loss: 0.2996 | giou_loss: 0.8347 | center_loss: 0.0060 | total_loss: 3.1733
2025-05-29 09:22:45,053 - all_data_dino_improved - INFO - Epoch 51, Batch 1350/1360, Loss: 3.1507
2025-05-29 09:22:45,053 - all_data_dino_improved - INFO - Train metrics: l1_loss: 0.3095 | giou_loss: 0.7988 | center_loss: 0.0059 | total_loss: 3.1507
2025-05-29 09:23:01,219 - all_data_dino_improved - INFO - Train Epoch 51, Loss: 3.5562
2025-05-29 09:25:30,228 - all_data_dino_improved - INFO - Pred box sample: [87.2250747680664, 101.80670166015625, 291.2308654785156, 267.8995666503906]
2025-05-29 09:25:30,229 - all_data_dino_improved - INFO - Target box sample: [207.0, 198.0, 287.0, 283.0]
2025-05-29 09:25:30,330 - all_data_dino_improved - INFO - Validation Epoch 51, Loss: 5.1749
2025-05-29 09:25:30,331 - all_data_dino_improved - INFO - Val metrics: Acc@0.25: 0.2418 | Acc@0.5: 0.0856 | Acc@0.75: 0.0093 | mIoU: 0.1387 | medianIoU: 0.0148 | mae_x1: 118.7431 | mae_y1: 121.8794 | mae_x2: 118.9453 | mae_y2: 122.1453 | center_x_error: 107.2737 | center_y_error: 109.4356 | width_error: 2.1320 | height_error: 2.0004 | loss: 5.1749
2025-05-29 09:25:31,225 - all_data_dino_improved - INFO - Saved model checkpoint to /home/pokle/Trans-VG/visual_grounding/checkpoints/all_data_dino_improved_epoch51.pth
2025-05-29 09:25:31,226 - all_data_dino_improved - INFO - Epoch 52/200
2025-05-29 09:25:34,839 - all_data_dino_improved - INFO - Epoch 52, Batch 0/1360, Loss: 3.6856
2025-05-29 09:25:34,839 - all_data_dino_improved - INFO - Train metrics: l1_loss: 0.3599 | giou_loss: 0.9384 | center_loss: 0.0097 | total_loss: 3.6856
2025-05-29 09:27:05,024 - all_data_dino_improved - INFO - Epoch 52, Batch 50/1360, Loss: 4.0690
2025-05-29 09:27:05,024 - all_data_dino_improved - INFO - Train metrics: l1_loss: 0.3967 | giou_loss: 1.0349 | center_loss: 0.0158 | total_loss: 4.0690
2025-05-29 09:28:34,859 - all_data_dino_improved - INFO - Epoch 52, Batch 100/1360, Loss: 3.2467
2025-05-29 09:28:34,859 - all_data_dino_improved - INFO - Train metrics: l1_loss: 0.3228 | giou_loss: 0.8124 | center_loss: 0.0082 | total_loss: 3.2467
2025-05-29 09:30:04,879 - all_data_dino_improved - INFO - Epoch 52, Batch 150/1360, Loss: 3.0234
2025-05-29 09:30:04,879 - all_data_dino_improved - INFO - Train metrics: l1_loss: 0.2685 | giou_loss: 0.8377 | center_loss: 0.0056 | total_loss: 3.0234
2025-05-29 09:31:34,752 - all_data_dino_improved - INFO - Epoch 52, Batch 200/1360, Loss: 4.2723
2025-05-29 09:31:34,752 - all_data_dino_improved - INFO - Train metrics: l1_loss: 0.4502 | giou_loss: 0.9998 | center_loss: 0.0216 | total_loss: 4.2723
2025-05-29 09:33:04,753 - all_data_dino_improved - INFO - Epoch 52, Batch 250/1360, Loss: 4.0187
2025-05-29 09:33:04,754 - all_data_dino_improved - INFO - Train metrics: l1_loss: 0.4297 | giou_loss: 0.9265 | center_loss: 0.0170 | total_loss: 4.0187
2025-05-29 09:34:34,782 - all_data_dino_improved - INFO - Epoch 52, Batch 300/1360, Loss: 3.9657
2025-05-29 09:34:34,782 - all_data_dino_improved - INFO - Train metrics: l1_loss: 0.3909 | giou_loss: 1.0003 | center_loss: 0.0106 | total_loss: 3.9657
2025-05-29 09:36:04,666 - all_data_dino_improved - INFO - Epoch 52, Batch 350/1360, Loss: 3.9413
2025-05-29 09:36:04,666 - all_data_dino_improved - INFO - Train metrics: l1_loss: 0.3812 | giou_loss: 1.0118 | center_loss: 0.0116 | total_loss: 3.9413
2025-05-29 09:37:34,776 - all_data_dino_improved - INFO - Epoch 52, Batch 400/1360, Loss: 4.2832
2025-05-29 09:37:34,776 - all_data_dino_improved - INFO - Train metrics: l1_loss: 0.4202 | giou_loss: 1.0857 | center_loss: 0.0107 | total_loss: 4.2832
2025-05-29 09:39:04,684 - all_data_dino_improved - INFO - Epoch 52, Batch 450/1360, Loss: 3.2042
2025-05-29 09:39:04,684 - all_data_dino_improved - INFO - Train metrics: l1_loss: 0.3235 | giou_loss: 0.7887 | center_loss: 0.0093 | total_loss: 3.2042
2025-05-29 09:40:34,522 - all_data_dino_improved - INFO - Epoch 52, Batch 500/1360, Loss: 3.0101
2025-05-29 09:40:34,522 - all_data_dino_improved - INFO - Train metrics: l1_loss: 0.2752 | giou_loss: 0.8152 | center_loss: 0.0035 | total_loss: 3.0101
2025-05-29 09:42:04,296 - all_data_dino_improved - INFO - Epoch 52, Batch 550/1360, Loss: 2.9050
2025-05-29 09:42:04,297 - all_data_dino_improved - INFO - Train metrics: l1_loss: 0.2436 | giou_loss: 0.8394 | center_loss: 0.0083 | total_loss: 2.9050
2025-05-29 09:43:33,829 - all_data_dino_improved - INFO - Epoch 52, Batch 600/1360, Loss: 3.5347
2025-05-29 09:43:33,829 - all_data_dino_improved - INFO - Train metrics: l1_loss: 0.3334 | giou_loss: 0.9283 | center_loss: 0.0113 | total_loss: 3.5347
2025-05-29 09:45:03,489 - all_data_dino_improved - INFO - Epoch 52, Batch 650/1360, Loss: 4.0016
2025-05-29 09:45:03,489 - all_data_dino_improved - INFO - Train metrics: l1_loss: 0.3852 | giou_loss: 1.0298 | center_loss: 0.0159 | total_loss: 4.0016
2025-05-29 09:46:33,600 - all_data_dino_improved - INFO - Epoch 52, Batch 700/1360, Loss: 4.4992
2025-05-29 09:46:33,600 - all_data_dino_improved - INFO - Train metrics: l1_loss: 0.4601 | giou_loss: 1.0890 | center_loss: 0.0208 | total_loss: 4.4992
2025-05-29 09:48:03,167 - all_data_dino_improved - INFO - Epoch 52, Batch 750/1360, Loss: 3.7587
2025-05-29 09:48:03,167 - all_data_dino_improved - INFO - Train metrics: l1_loss: 0.3754 | giou_loss: 0.9368 | center_loss: 0.0081 | total_loss: 3.7587
2025-05-29 09:49:33,156 - all_data_dino_improved - INFO - Epoch 52, Batch 800/1360, Loss: 3.5127
2025-05-29 09:49:33,156 - all_data_dino_improved - INFO - Train metrics: l1_loss: 0.3363 | giou_loss: 0.9096 | center_loss: 0.0123 | total_loss: 3.5127
2025-05-29 09:51:03,031 - all_data_dino_improved - INFO - Epoch 52, Batch 850/1360, Loss: 3.8998
2025-05-29 09:51:03,031 - all_data_dino_improved - INFO - Train metrics: l1_loss: 0.4075 | giou_loss: 0.9230 | center_loss: 0.0162 | total_loss: 3.8998
2025-05-29 09:52:32,704 - all_data_dino_improved - INFO - Epoch 52, Batch 900/1360, Loss: 3.7579
2025-05-29 09:52:32,704 - all_data_dino_improved - INFO - Train metrics: l1_loss: 0.3617 | giou_loss: 0.9671 | center_loss: 0.0151 | total_loss: 3.7579
2025-05-29 09:54:02,034 - all_data_dino_improved - INFO - Epoch 52, Batch 950/1360, Loss: 3.8644
2025-05-29 09:54:02,035 - all_data_dino_improved - INFO - Train metrics: l1_loss: 0.3880 | giou_loss: 0.9555 | center_loss: 0.0132 | total_loss: 3.8644
2025-05-29 09:55:31,636 - all_data_dino_improved - INFO - Epoch 52, Batch 1000/1360, Loss: 3.9004
2025-05-29 09:55:31,636 - all_data_dino_improved - INFO - Train metrics: l1_loss: 0.3868 | giou_loss: 0.9742 | center_loss: 0.0180 | total_loss: 3.9004
2025-05-29 09:57:01,358 - all_data_dino_improved - INFO - Epoch 52, Batch 1050/1360, Loss: 3.9789
2025-05-29 09:57:01,359 - all_data_dino_improved - INFO - Train metrics: l1_loss: 0.3966 | giou_loss: 0.9899 | center_loss: 0.0163 | total_loss: 3.9789
2025-05-29 09:58:31,141 - all_data_dino_improved - INFO - Epoch 52, Batch 1100/1360, Loss: 3.9957
2025-05-29 09:58:31,141 - all_data_dino_improved - INFO - Train metrics: l1_loss: 0.3997 | giou_loss: 0.9923 | center_loss: 0.0125 | total_loss: 3.9957
2025-05-29 10:00:00,731 - all_data_dino_improved - INFO - Epoch 52, Batch 1150/1360, Loss: 3.5003
2025-05-29 10:00:00,731 - all_data_dino_improved - INFO - Train metrics: l1_loss: 0.3446 | giou_loss: 0.8857 | center_loss: 0.0058 | total_loss: 3.5003
2025-05-29 10:01:30,387 - all_data_dino_improved - INFO - Epoch 52, Batch 1200/1360, Loss: 4.2015
2025-05-29 10:01:30,387 - all_data_dino_improved - INFO - Train metrics: l1_loss: 0.4451 | giou_loss: 0.9769 | center_loss: 0.0224 | total_loss: 4.2015
2025-05-29 10:03:00,121 - all_data_dino_improved - INFO - Epoch 52, Batch 1250/1360, Loss: 3.3560
2025-05-29 10:03:00,121 - all_data_dino_improved - INFO - Train metrics: l1_loss: 0.3160 | giou_loss: 0.8841 | center_loss: 0.0079 | total_loss: 3.3560
2025-05-29 10:04:29,732 - all_data_dino_improved - INFO - Epoch 52, Batch 1300/1360, Loss: 2.9641
2025-05-29 10:04:29,732 - all_data_dino_improved - INFO - Train metrics: l1_loss: 0.2734 | giou_loss: 0.7956 | center_loss: 0.0060 | total_loss: 2.9641
2025-05-29 10:05:59,323 - all_data_dino_improved - INFO - Epoch 52, Batch 1350/1360, Loss: 3.3122
2025-05-29 10:05:59,323 - all_data_dino_improved - INFO - Train metrics: l1_loss: 0.3040 | giou_loss: 0.8927 | center_loss: 0.0068 | total_loss: 3.3122
2025-05-29 10:06:15,524 - all_data_dino_improved - INFO - Train Epoch 52, Loss: 3.5479
2025-05-29 10:08:44,421 - all_data_dino_improved - INFO - Pred box sample: [84.4460678100586, 102.55008697509766, 259.2211608886719, 260.37017822265625]
2025-05-29 10:08:44,421 - all_data_dino_improved - INFO - Target box sample: [207.0, 198.0, 287.0, 283.0]
2025-05-29 10:08:44,520 - all_data_dino_improved - INFO - Validation Epoch 52, Loss: 5.1849
2025-05-29 10:08:44,520 - all_data_dino_improved - INFO - Val metrics: Acc@0.25: 0.2398 | Acc@0.5: 0.0864 | Acc@0.75: 0.0103 | mIoU: 0.1376 | medianIoU: 0.0107 | mae_x1: 117.6040 | mae_y1: 123.5609 | mae_x2: 117.6173 | mae_y2: 122.8720 | center_x_error: 106.5002 | center_y_error: 110.9298 | width_error: 2.0207 | height_error: 2.0089 | loss: 5.1849
2025-05-29 10:08:45,386 - all_data_dino_improved - INFO - Saved model checkpoint to /home/pokle/Trans-VG/visual_grounding/checkpoints/all_data_dino_improved_epoch52.pth
2025-05-29 10:08:45,387 - all_data_dino_improved - INFO - Epoch 53/200
2025-05-29 10:08:49,177 - all_data_dino_improved - INFO - Epoch 53, Batch 0/1360, Loss: 3.1881
2025-05-29 10:08:49,177 - all_data_dino_improved - INFO - Train metrics: l1_loss: 0.2894 | giou_loss: 0.8675 | center_loss: 0.0061 | total_loss: 3.1881
2025-05-29 10:10:19,076 - all_data_dino_improved - INFO - Epoch 53, Batch 50/1360, Loss: 3.4564
2025-05-29 10:10:19,077 - all_data_dino_improved - INFO - Train metrics: l1_loss: 0.3419 | giou_loss: 0.8682 | center_loss: 0.0104 | total_loss: 3.4564
2025-05-29 10:11:48,903 - all_data_dino_improved - INFO - Epoch 53, Batch 100/1360, Loss: 3.5922
2025-05-29 10:11:48,904 - all_data_dino_improved - INFO - Train metrics: l1_loss: 0.3738 | giou_loss: 0.8528 | center_loss: 0.0176 | total_loss: 3.5922
2025-05-29 10:13:18,827 - all_data_dino_improved - INFO - Epoch 53, Batch 150/1360, Loss: 3.5449
2025-05-29 10:13:18,828 - all_data_dino_improved - INFO - Train metrics: l1_loss: 0.3530 | giou_loss: 0.8833 | center_loss: 0.0132 | total_loss: 3.5449
2025-05-29 10:14:48,722 - all_data_dino_improved - INFO - Epoch 53, Batch 200/1360, Loss: 3.6394
2025-05-29 10:14:48,723 - all_data_dino_improved - INFO - Train metrics: l1_loss: 0.3566 | giou_loss: 0.9214 | center_loss: 0.0137 | total_loss: 3.6394
2025-05-29 10:16:18,435 - all_data_dino_improved - INFO - Epoch 53, Batch 250/1360, Loss: 3.9073
2025-05-29 10:16:18,435 - all_data_dino_improved - INFO - Train metrics: l1_loss: 0.3823 | giou_loss: 0.9914 | center_loss: 0.0133 | total_loss: 3.9073
2025-05-29 10:17:48,794 - all_data_dino_improved - INFO - Epoch 53, Batch 300/1360, Loss: 3.8428
2025-05-29 10:17:48,795 - all_data_dino_improved - INFO - Train metrics: l1_loss: 0.3800 | giou_loss: 0.9640 | center_loss: 0.0147 | total_loss: 3.8428
2025-05-29 10:19:18,677 - all_data_dino_improved - INFO - Epoch 53, Batch 350/1360, Loss: 4.6636
2025-05-29 10:19:18,677 - all_data_dino_improved - INFO - Train metrics: l1_loss: 0.4995 | giou_loss: 1.0698 | center_loss: 0.0264 | total_loss: 4.6636
2025-05-29 10:20:48,547 - all_data_dino_improved - INFO - Epoch 53, Batch 400/1360, Loss: 3.5400
2025-05-29 10:20:48,548 - all_data_dino_improved - INFO - Train metrics: l1_loss: 0.3588 | giou_loss: 0.8663 | center_loss: 0.0133 | total_loss: 3.5400
2025-05-29 10:22:18,294 - all_data_dino_improved - INFO - Epoch 53, Batch 450/1360, Loss: 4.1562
2025-05-29 10:22:18,295 - all_data_dino_improved - INFO - Train metrics: l1_loss: 0.4342 | giou_loss: 0.9838 | center_loss: 0.0177 | total_loss: 4.1562
2025-05-29 10:23:47,568 - all_data_dino_improved - INFO - Epoch 53, Batch 500/1360, Loss: 3.4088
2025-05-29 10:23:47,568 - all_data_dino_improved - INFO - Train metrics: l1_loss: 0.3193 | giou_loss: 0.8996 | center_loss: 0.0133 | total_loss: 3.4088
2025-05-29 10:25:17,679 - all_data_dino_improved - INFO - Epoch 53, Batch 550/1360, Loss: 3.8553
2025-05-29 10:25:17,680 - all_data_dino_improved - INFO - Train metrics: l1_loss: 0.3862 | giou_loss: 0.9532 | center_loss: 0.0177 | total_loss: 3.8553
2025-05-29 10:26:47,284 - all_data_dino_improved - INFO - Epoch 53, Batch 600/1360, Loss: 3.0827
2025-05-29 10:26:47,284 - all_data_dino_improved - INFO - Train metrics: l1_loss: 0.2900 | giou_loss: 0.8117 | center_loss: 0.0093 | total_loss: 3.0827
2025-05-29 10:28:17,082 - all_data_dino_improved - INFO - Epoch 53, Batch 650/1360, Loss: 3.2259
2025-05-29 10:28:17,083 - all_data_dino_improved - INFO - Train metrics: l1_loss: 0.3107 | giou_loss: 0.8325 | center_loss: 0.0073 | total_loss: 3.2259
2025-05-29 10:29:46,862 - all_data_dino_improved - INFO - Epoch 53, Batch 700/1360, Loss: 4.0456
2025-05-29 10:29:46,863 - all_data_dino_improved - INFO - Train metrics: l1_loss: 0.4037 | giou_loss: 1.0079 | center_loss: 0.0114 | total_loss: 4.0456
2025-05-29 10:31:16,885 - all_data_dino_improved - INFO - Epoch 53, Batch 750/1360, Loss: 3.1573
2025-05-29 10:31:16,885 - all_data_dino_improved - INFO - Train metrics: l1_loss: 0.3085 | giou_loss: 0.8042 | center_loss: 0.0066 | total_loss: 3.1573
2025-05-29 10:32:46,720 - all_data_dino_improved - INFO - Epoch 53, Batch 800/1360, Loss: 4.0059
2025-05-29 10:32:46,720 - all_data_dino_improved - INFO - Train metrics: l1_loss: 0.4363 | giou_loss: 0.9049 | center_loss: 0.0144 | total_loss: 4.0059
2025-05-29 10:34:16,786 - all_data_dino_improved - INFO - Epoch 53, Batch 850/1360, Loss: 4.5589
2025-05-29 10:34:16,786 - all_data_dino_improved - INFO - Train metrics: l1_loss: 0.5041 | giou_loss: 1.0047 | center_loss: 0.0288 | total_loss: 4.5589
2025-05-29 10:35:47,434 - all_data_dino_improved - INFO - Epoch 53, Batch 900/1360, Loss: 3.7097
2025-05-29 10:35:47,434 - all_data_dino_improved - INFO - Train metrics: l1_loss: 0.3531 | giou_loss: 0.9676 | center_loss: 0.0091 | total_loss: 3.7097
2025-05-29 10:37:18,353 - all_data_dino_improved - INFO - Epoch 53, Batch 950/1360, Loss: 3.4763
2025-05-29 10:37:18,354 - all_data_dino_improved - INFO - Train metrics: l1_loss: 0.3356 | giou_loss: 0.8936 | center_loss: 0.0111 | total_loss: 3.4763
2025-05-29 10:38:49,486 - all_data_dino_improved - INFO - Epoch 53, Batch 1000/1360, Loss: 3.6305
2025-05-29 10:38:49,486 - all_data_dino_improved - INFO - Train metrics: l1_loss: 0.3573 | giou_loss: 0.9156 | center_loss: 0.0128 | total_loss: 3.6305
2025-05-29 10:40:19,839 - all_data_dino_improved - INFO - Epoch 53, Batch 1050/1360, Loss: 3.7074
2025-05-29 10:40:19,839 - all_data_dino_improved - INFO - Train metrics: l1_loss: 0.3590 | giou_loss: 0.9508 | center_loss: 0.0109 | total_loss: 3.7074
2025-05-29 10:41:50,336 - all_data_dino_improved - INFO - Epoch 53, Batch 1100/1360, Loss: 3.2620
2025-05-29 10:41:50,336 - all_data_dino_improved - INFO - Train metrics: l1_loss: 0.2932 | giou_loss: 0.8952 | center_loss: 0.0056 | total_loss: 3.2620
2025-05-29 10:43:20,603 - all_data_dino_improved - INFO - Epoch 53, Batch 1150/1360, Loss: 3.3032
2025-05-29 10:43:20,603 - all_data_dino_improved - INFO - Train metrics: l1_loss: 0.2875 | giou_loss: 0.9297 | center_loss: 0.0062 | total_loss: 3.3032
2025-05-29 10:44:50,993 - all_data_dino_improved - INFO - Epoch 53, Batch 1200/1360, Loss: 3.2514
2025-05-29 10:44:50,994 - all_data_dino_improved - INFO - Train metrics: l1_loss: 0.2837 | giou_loss: 0.9138 | center_loss: 0.0051 | total_loss: 3.2514
2025-05-29 10:46:21,478 - all_data_dino_improved - INFO - Epoch 53, Batch 1250/1360, Loss: 2.9998
2025-05-29 10:46:21,478 - all_data_dino_improved - INFO - Train metrics: l1_loss: 0.2650 | giou_loss: 0.8357 | center_loss: 0.0032 | total_loss: 2.9998
2025-05-29 10:47:52,038 - all_data_dino_improved - INFO - Epoch 53, Batch 1300/1360, Loss: 3.1159
2025-05-29 10:47:52,039 - all_data_dino_improved - INFO - Train metrics: l1_loss: 0.2956 | giou_loss: 0.8145 | center_loss: 0.0091 | total_loss: 3.1159
2025-05-29 10:49:22,622 - all_data_dino_improved - INFO - Epoch 53, Batch 1350/1360, Loss: 3.8592
2025-05-29 10:49:22,622 - all_data_dino_improved - INFO - Train metrics: l1_loss: 0.4069 | giou_loss: 0.9057 | center_loss: 0.0131 | total_loss: 3.8592
2025-05-29 10:49:38,610 - all_data_dino_improved - INFO - Train Epoch 53, Loss: 3.5392
2025-05-29 10:52:07,616 - all_data_dino_improved - INFO - Pred box sample: [76.41757202148438, 88.49951934814453, 278.043212890625, 262.66473388671875]
2025-05-29 10:52:07,616 - all_data_dino_improved - INFO - Target box sample: [207.0, 198.0, 287.0, 283.0]
2025-05-29 10:52:07,720 - all_data_dino_improved - INFO - Validation Epoch 53, Loss: 5.1662
2025-05-29 10:52:07,720 - all_data_dino_improved - INFO - Val metrics: Acc@0.25: 0.2424 | Acc@0.5: 0.0866 | Acc@0.75: 0.0107 | mIoU: 0.1409 | medianIoU: 0.0176 | mae_x1: 118.8982 | mae_y1: 123.2738 | mae_x2: 119.6972 | mae_y2: 124.4164 | center_x_error: 106.7758 | center_y_error: 110.3099 | width_error: 2.3319 | height_error: 2.1664 | loss: 5.1662
2025-05-29 10:52:08,612 - all_data_dino_improved - INFO - Saved model checkpoint to /home/pokle/Trans-VG/visual_grounding/checkpoints/all_data_dino_improved_epoch53.pth
2025-05-29 10:52:08,613 - all_data_dino_improved - INFO - Epoch 54/200
2025-05-29 10:52:12,578 - all_data_dino_improved - INFO - Epoch 54, Batch 0/1360, Loss: 2.7768
2025-05-29 10:52:12,578 - all_data_dino_improved - INFO - Train metrics: l1_loss: 0.2674 | giou_loss: 0.7172 | center_loss: 0.0053 | total_loss: 2.7768
2025-05-29 10:53:42,730 - all_data_dino_improved - INFO - Epoch 54, Batch 50/1360, Loss: 3.2930
2025-05-29 10:53:42,730 - all_data_dino_improved - INFO - Train metrics: l1_loss: 0.3061 | giou_loss: 0.8733 | center_loss: 0.0159 | total_loss: 3.2930
2025-05-29 10:55:12,769 - all_data_dino_improved - INFO - Epoch 54, Batch 100/1360, Loss: 3.9455
2025-05-29 10:55:12,769 - all_data_dino_improved - INFO - Train metrics: l1_loss: 0.4372 | giou_loss: 0.8683 | center_loss: 0.0230 | total_loss: 3.9455
2025-05-29 10:56:43,447 - all_data_dino_improved - INFO - Epoch 54, Batch 150/1360, Loss: 3.4538
2025-05-29 10:56:43,447 - all_data_dino_improved - INFO - Train metrics: l1_loss: 0.3356 | giou_loss: 0.8821 | center_loss: 0.0114 | total_loss: 3.4538
2025-05-29 10:58:13,320 - all_data_dino_improved - INFO - Epoch 54, Batch 200/1360, Loss: 3.8858
2025-05-29 10:58:13,321 - all_data_dino_improved - INFO - Train metrics: l1_loss: 0.3734 | giou_loss: 1.0039 | center_loss: 0.0110 | total_loss: 3.8858
2025-05-29 10:59:43,280 - all_data_dino_improved - INFO - Epoch 54, Batch 250/1360, Loss: 3.0803
2025-05-29 10:59:43,281 - all_data_dino_improved - INFO - Train metrics: l1_loss: 0.2888 | giou_loss: 0.8142 | center_loss: 0.0077 | total_loss: 3.0803
2025-05-29 11:01:14,092 - all_data_dino_improved - INFO - Epoch 54, Batch 300/1360, Loss: 3.1806
2025-05-29 11:01:14,093 - all_data_dino_improved - INFO - Train metrics: l1_loss: 0.2958 | giou_loss: 0.8464 | center_loss: 0.0089 | total_loss: 3.1806
2025-05-29 11:02:43,899 - all_data_dino_improved - INFO - Epoch 54, Batch 350/1360, Loss: 2.6871
2025-05-29 11:02:43,899 - all_data_dino_improved - INFO - Train metrics: l1_loss: 0.2350 | giou_loss: 0.7537 | center_loss: 0.0044 | total_loss: 2.6871
2025-05-29 11:04:14,108 - all_data_dino_improved - INFO - Epoch 54, Batch 400/1360, Loss: 2.9596
2025-05-29 11:04:14,109 - all_data_dino_improved - INFO - Train metrics: l1_loss: 0.2566 | giou_loss: 0.8359 | center_loss: 0.0048 | total_loss: 2.9596
2025-05-29 11:05:44,655 - all_data_dino_improved - INFO - Epoch 54, Batch 450/1360, Loss: 3.0525
2025-05-29 11:05:44,655 - all_data_dino_improved - INFO - Train metrics: l1_loss: 0.2629 | giou_loss: 0.8666 | center_loss: 0.0048 | total_loss: 3.0525
2025-05-29 11:07:14,441 - all_data_dino_improved - INFO - Epoch 54, Batch 500/1360, Loss: 3.1125
2025-05-29 11:07:14,441 - all_data_dino_improved - INFO - Train metrics: l1_loss: 0.2630 | giou_loss: 0.8955 | center_loss: 0.0062 | total_loss: 3.1125
2025-05-29 11:08:44,733 - all_data_dino_improved - INFO - Epoch 54, Batch 550/1360, Loss: 3.3900
2025-05-29 11:08:44,734 - all_data_dino_improved - INFO - Train metrics: l1_loss: 0.3501 | giou_loss: 0.8129 | center_loss: 0.0138 | total_loss: 3.3900
2025-05-29 11:10:15,159 - all_data_dino_improved - INFO - Epoch 54, Batch 600/1360, Loss: 4.1092
2025-05-29 11:10:15,159 - all_data_dino_improved - INFO - Train metrics: l1_loss: 0.4282 | giou_loss: 0.9741 | center_loss: 0.0201 | total_loss: 4.1092
2025-05-29 11:11:45,378 - all_data_dino_improved - INFO - Epoch 54, Batch 650/1360, Loss: 3.1313
2025-05-29 11:11:45,378 - all_data_dino_improved - INFO - Train metrics: l1_loss: 0.2666 | giou_loss: 0.8958 | center_loss: 0.0066 | total_loss: 3.1313
2025-05-29 11:13:15,793 - all_data_dino_improved - INFO - Epoch 54, Batch 700/1360, Loss: 3.0761
2025-05-29 11:13:15,794 - all_data_dino_improved - INFO - Train metrics: l1_loss: 0.2798 | giou_loss: 0.8360 | center_loss: 0.0053 | total_loss: 3.0761
2025-05-29 11:14:46,212 - all_data_dino_improved - INFO - Epoch 54, Batch 750/1360, Loss: 3.1710
2025-05-29 11:14:46,212 - all_data_dino_improved - INFO - Train metrics: l1_loss: 0.2797 | giou_loss: 0.8833 | center_loss: 0.0057 | total_loss: 3.1710
2025-05-29 11:16:16,775 - all_data_dino_improved - INFO - Epoch 54, Batch 800/1360, Loss: 3.2127
2025-05-29 11:16:16,775 - all_data_dino_improved - INFO - Train metrics: l1_loss: 0.2938 | giou_loss: 0.8684 | center_loss: 0.0070 | total_loss: 3.2127
2025-05-29 11:17:47,267 - all_data_dino_improved - INFO - Epoch 54, Batch 850/1360, Loss: 3.5733
2025-05-29 11:17:47,268 - all_data_dino_improved - INFO - Train metrics: l1_loss: 0.3535 | giou_loss: 0.8995 | center_loss: 0.0070 | total_loss: 3.5733
2025-05-29 11:19:17,821 - all_data_dino_improved - INFO - Epoch 54, Batch 900/1360, Loss: 3.1357
2025-05-29 11:19:17,821 - all_data_dino_improved - INFO - Train metrics: l1_loss: 0.2746 | giou_loss: 0.8784 | center_loss: 0.0061 | total_loss: 3.1357
2025-05-29 11:20:48,098 - all_data_dino_improved - INFO - Epoch 54, Batch 950/1360, Loss: 3.2918
2025-05-29 11:20:48,098 - all_data_dino_improved - INFO - Train metrics: l1_loss: 0.3114 | giou_loss: 0.8642 | center_loss: 0.0062 | total_loss: 3.2918
2025-05-29 11:22:18,024 - all_data_dino_improved - INFO - Epoch 54, Batch 1000/1360, Loss: 3.1142
2025-05-29 11:22:18,024 - all_data_dino_improved - INFO - Train metrics: l1_loss: 0.2807 | giou_loss: 0.8522 | center_loss: 0.0063 | total_loss: 3.1142
2025-05-29 11:23:47,619 - all_data_dino_improved - INFO - Epoch 54, Batch 1050/1360, Loss: 3.5844
2025-05-29 11:23:47,619 - all_data_dino_improved - INFO - Train metrics: l1_loss: 0.3720 | giou_loss: 0.8544 | center_loss: 0.0157 | total_loss: 3.5844
2025-05-29 11:25:17,422 - all_data_dino_improved - INFO - Epoch 54, Batch 1100/1360, Loss: 3.2035
2025-05-29 11:25:17,422 - all_data_dino_improved - INFO - Train metrics: l1_loss: 0.3124 | giou_loss: 0.8165 | center_loss: 0.0083 | total_loss: 3.2035
2025-05-29 11:26:47,336 - all_data_dino_improved - INFO - Epoch 54, Batch 1150/1360, Loss: 3.5844
2025-05-29 11:26:47,337 - all_data_dino_improved - INFO - Train metrics: l1_loss: 0.3587 | giou_loss: 0.8894 | center_loss: 0.0121 | total_loss: 3.5844
2025-05-29 11:28:17,085 - all_data_dino_improved - INFO - Epoch 54, Batch 1200/1360, Loss: 3.1393
2025-05-29 11:28:17,085 - all_data_dino_improved - INFO - Train metrics: l1_loss: 0.3022 | giou_loss: 0.8098 | center_loss: 0.0089 | total_loss: 3.1393
2025-05-29 11:29:47,246 - all_data_dino_improved - INFO - Epoch 54, Batch 1250/1360, Loss: 3.4272
2025-05-29 11:29:47,246 - all_data_dino_improved - INFO - Train metrics: l1_loss: 0.3298 | giou_loss: 0.8848 | center_loss: 0.0087 | total_loss: 3.4272
2025-05-29 11:31:16,620 - all_data_dino_improved - INFO - Epoch 54, Batch 1300/1360, Loss: 3.2310
2025-05-29 11:31:16,621 - all_data_dino_improved - INFO - Train metrics: l1_loss: 0.3002 | giou_loss: 0.8610 | center_loss: 0.0083 | total_loss: 3.2310
2025-05-29 11:32:46,831 - all_data_dino_improved - INFO - Epoch 54, Batch 1350/1360, Loss: 3.0205
2025-05-29 11:32:46,831 - all_data_dino_improved - INFO - Train metrics: l1_loss: 0.2894 | giou_loss: 0.7838 | center_loss: 0.0059 | total_loss: 3.0205
2025-05-29 11:33:03,046 - all_data_dino_improved - INFO - Train Epoch 54, Loss: 3.5326
2025-05-29 11:35:31,837 - all_data_dino_improved - INFO - Pred box sample: [88.2511215209961, 90.51687622070312, 283.66802978515625, 255.61041259765625]
2025-05-29 11:35:31,838 - all_data_dino_improved - INFO - Target box sample: [207.0, 198.0, 287.0, 283.0]
2025-05-29 11:35:31,936 - all_data_dino_improved - INFO - Validation Epoch 54, Loss: 5.1875
2025-05-29 11:35:31,936 - all_data_dino_improved - INFO - Val metrics: Acc@0.25: 0.2384 | Acc@0.5: 0.0896 | Acc@0.75: 0.0115 | mIoU: 0.1395 | medianIoU: 0.0149 | mae_x1: 118.1896 | mae_y1: 122.9899 | mae_x2: 118.8220 | mae_y2: 124.5447 | center_x_error: 107.0033 | center_y_error: 112.1506 | width_error: 2.1346 | height_error: 1.9641 | loss: 5.1875
2025-05-29 11:35:32,781 - all_data_dino_improved - INFO - Saved model checkpoint to /home/pokle/Trans-VG/visual_grounding/checkpoints/all_data_dino_improved_epoch54.pth
2025-05-29 11:35:32,782 - all_data_dino_improved - INFO - Epoch 55/200
2025-05-29 11:35:36,721 - all_data_dino_improved - INFO - Epoch 55, Batch 0/1360, Loss: 3.4319
2025-05-29 11:35:36,722 - all_data_dino_improved - INFO - Train metrics: l1_loss: 0.3251 | giou_loss: 0.8989 | center_loss: 0.0088 | total_loss: 3.4319
2025-05-29 11:37:06,850 - all_data_dino_improved - INFO - Epoch 55, Batch 50/1360, Loss: 3.1451
2025-05-29 11:37:06,850 - all_data_dino_improved - INFO - Train metrics: l1_loss: 0.3015 | giou_loss: 0.8144 | center_loss: 0.0088 | total_loss: 3.1451
2025-05-29 11:38:36,549 - all_data_dino_improved - INFO - Epoch 55, Batch 100/1360, Loss: 3.5272
2025-05-29 11:38:36,549 - all_data_dino_improved - INFO - Train metrics: l1_loss: 0.3434 | giou_loss: 0.8982 | center_loss: 0.0139 | total_loss: 3.5272
2025-05-29 11:40:06,679 - all_data_dino_improved - INFO - Epoch 55, Batch 150/1360, Loss: 3.7344
2025-05-29 11:40:06,679 - all_data_dino_improved - INFO - Train metrics: l1_loss: 0.3696 | giou_loss: 0.9364 | center_loss: 0.0137 | total_loss: 3.7344
2025-05-29 11:41:36,509 - all_data_dino_improved - INFO - Epoch 55, Batch 200/1360, Loss: 3.8685
2025-05-29 11:41:36,509 - all_data_dino_improved - INFO - Train metrics: l1_loss: 0.3976 | giou_loss: 0.9300 | center_loss: 0.0204 | total_loss: 3.8685
2025-05-29 11:43:06,878 - all_data_dino_improved - INFO - Epoch 55, Batch 250/1360, Loss: 2.9816
2025-05-29 11:43:06,878 - all_data_dino_improved - INFO - Train metrics: l1_loss: 0.2796 | giou_loss: 0.7892 | center_loss: 0.0051 | total_loss: 2.9816
