2025-05-28 17:05:56,278 - improvements-in-train-log - INFO - Initialized logger: improvements-in-train-log
2025-05-28 17:05:56,278 - improvements-in-train-log - INFO - Configuration: {
  "data_root": "/home/pokle/Trans-VG/visual_grounding/dior-rsvg",
  "image_size": 384,
  "max_text_len": 40,
  "hidden_dim": 256,
  "bert_model": "bert-base-uncased",
  "dropout": 0.1,
  "num_heads": 8,
  "num_encoder_layers": 6,
  "cross_layers": 6,
  "dim_feedforward": 2048,
  "mlp_hidden_dim": 256,
  "vision_backbone": "dino_vit",
  "pretrained": true,
  "freeze_backbone": true,
  "partial_freeze_vision": true,
  "freeze_linguistic": false,
  "partial_freeze_linguistic": true,
  "batch_size": 24,
  "num_workers": 4,
  "learning_rate": 0.0001,
  "weight_decay": 0.0001,
  "num_epochs": 100,
  "lr": 5e-05,
  "lr_bert": 2e-05,
  "lr_drop": 70,
  "gradient_clip_val": 1.0,
  "output_dir": "output/improved_dino_vit",
  "l1_weight": 5.0,
  "giou_weight": 2.0,
  "center_weight": 1.0,
  "use_center_loss": true,
  "use_focal_loss": true,
  "use_augmentation": true,
  "aug_scale": true,
  "aug_crop": true,
  "aug_translate": true,
  "aug_color": true,
  "aug_blur": false,
  "aug_erase": false,
  "aug_scale_factor": 0.1,
  "aug_brightness": 0.1,
  "aug_contrast": 0.1,
  "aug_saturation": 0.1,
  "aug_hue": 0.05,
  "aug_translate_percent": 0.05,
  "epochs": 200
}
2025-05-28 17:05:56,278 - improvements-in-train-log - INFO - Running with configuration: {'data_root': '/home/pokle/Trans-VG/visual_grounding/dior-rsvg', 'output_dir': 'output/improved_dino_vit', 'log_name': 'improvements-in-train-log', 'epochs': 200, 'batch_size': 24, 'lr': 5e-05, 'lr_bert': 2e-05, 'weight_decay': 0.0001, 'lr_drop': 70, 'resume': '', 'device': 'cuda', 'num_workers': 4, 'scheduler': 'step', 'center_weight': 1.0, 'no_augmentation': False, 'no_center_loss': False, 'no_focal_loss': False}
2025-05-28 17:05:56,278 - improvements-in-train-log - INFO - Using DINO ViT backbone | Data augmentation: True, Center loss: True, Focal loss: True
2025-05-28 17:05:56,285 - improvements-in-train-log - INFO - Using device: cuda
2025-05-28 17:05:56,285 - improvements-in-train-log - INFO - Building data loaders...
2025-05-28 17:05:57,390 - improvements-in-train-log - INFO - Train dataset size: 32638
2025-05-28 17:05:57,391 - improvements-in-train-log - INFO - Val dataset size: 4966
2025-05-28 17:05:57,391 - improvements-in-train-log - INFO - Test dataset size: 8649
2025-05-28 17:05:57,391 - improvements-in-train-log - INFO - Building model...
2025-05-28 17:05:59,459 - improvements-in-train-log - INFO - Using step scheduler with step_size=70, gamma=0.1
2025-05-28 17:05:59,459 - improvements-in-train-log - INFO - Starting training...
2025-05-28 17:05:59,459 - improvements-in-train-log - INFO - Epoch 0/200
2025-05-28 17:06:04,312 - improvements-in-train-log - INFO - Epoch 0, Batch 0/1360, Loss: 8.4701
2025-05-28 17:06:04,312 - improvements-in-train-log - INFO - Train metrics: l1_loss: 1.0594 | giou_loss: 1.5388 | center_loss: 0.0956 | total_loss: 8.4701
2025-05-28 17:07:33,196 - improvements-in-train-log - INFO - Epoch 0, Batch 50/1360, Loss: 6.0560
2025-05-28 17:07:33,196 - improvements-in-train-log - INFO - Train metrics: l1_loss: 0.7399 | giou_loss: 1.1601 | center_loss: 0.0362 | total_loss: 6.0560
2025-05-28 17:09:05,837 - improvements-in-train-log - INFO - Epoch 0, Batch 100/1360, Loss: 5.2995
2025-05-28 17:09:05,838 - improvements-in-train-log - INFO - Train metrics: l1_loss: 0.6495 | giou_loss: 1.0118 | center_loss: 0.0285 | total_loss: 5.2995
2025-05-28 17:10:38,632 - improvements-in-train-log - INFO - Epoch 0, Batch 150/1360, Loss: 5.0462
2025-05-28 17:10:38,633 - improvements-in-train-log - INFO - Train metrics: l1_loss: 0.5690 | giou_loss: 1.0898 | center_loss: 0.0218 | total_loss: 5.0462
2025-05-28 17:12:11,189 - improvements-in-train-log - INFO - Epoch 0, Batch 200/1360, Loss: 5.1065
2025-05-28 17:12:11,190 - improvements-in-train-log - INFO - Train metrics: l1_loss: 0.6057 | giou_loss: 1.0276 | center_loss: 0.0227 | total_loss: 5.1065
2025-05-28 17:13:44,370 - improvements-in-train-log - INFO - Epoch 0, Batch 250/1360, Loss: 4.4274
2025-05-28 17:13:44,371 - improvements-in-train-log - INFO - Train metrics: l1_loss: 0.4833 | giou_loss: 0.9967 | center_loss: 0.0173 | total_loss: 4.4274
2025-05-28 17:15:17,549 - improvements-in-train-log - INFO - Epoch 0, Batch 300/1360, Loss: 5.5825
2025-05-28 17:15:17,550 - improvements-in-train-log - INFO - Train metrics: l1_loss: 0.6637 | giou_loss: 1.1174 | center_loss: 0.0290 | total_loss: 5.5825
2025-05-28 17:16:50,741 - improvements-in-train-log - INFO - Epoch 0, Batch 350/1360, Loss: 4.7826
2025-05-28 17:16:50,741 - improvements-in-train-log - INFO - Train metrics: l1_loss: 0.5400 | giou_loss: 1.0308 | center_loss: 0.0208 | total_loss: 4.7826
2025-05-28 17:18:24,128 - improvements-in-train-log - INFO - Epoch 0, Batch 400/1360, Loss: 4.6131
2025-05-28 17:18:24,128 - improvements-in-train-log - INFO - Train metrics: l1_loss: 0.5063 | giou_loss: 1.0324 | center_loss: 0.0169 | total_loss: 4.6131
2025-05-28 17:19:57,512 - improvements-in-train-log - INFO - Epoch 0, Batch 450/1360, Loss: 4.7680
2025-05-28 17:19:57,513 - improvements-in-train-log - INFO - Train metrics: l1_loss: 0.5319 | giou_loss: 1.0466 | center_loss: 0.0153 | total_loss: 4.7680
2025-05-28 17:21:30,296 - improvements-in-train-log - INFO - Epoch 0, Batch 500/1360, Loss: 5.1040
2025-05-28 17:21:30,296 - improvements-in-train-log - INFO - Train metrics: l1_loss: 0.5596 | giou_loss: 1.1387 | center_loss: 0.0289 | total_loss: 5.1040
2025-05-28 17:23:03,881 - improvements-in-train-log - INFO - Epoch 0, Batch 550/1360, Loss: 4.7184
2025-05-28 17:23:03,881 - improvements-in-train-log - INFO - Train metrics: l1_loss: 0.5438 | giou_loss: 0.9879 | center_loss: 0.0235 | total_loss: 4.7184
2025-05-28 17:24:36,861 - improvements-in-train-log - INFO - Epoch 0, Batch 600/1360, Loss: 5.2819
2025-05-28 17:24:36,861 - improvements-in-train-log - INFO - Train metrics: l1_loss: 0.6074 | giou_loss: 1.1078 | center_loss: 0.0293 | total_loss: 5.2819
2025-05-28 17:26:09,941 - improvements-in-train-log - INFO - Epoch 0, Batch 650/1360, Loss: 5.1709
2025-05-28 17:26:09,942 - improvements-in-train-log - INFO - Train metrics: l1_loss: 0.6104 | giou_loss: 1.0442 | center_loss: 0.0303 | total_loss: 5.1709
2025-05-28 17:27:43,237 - improvements-in-train-log - INFO - Epoch 0, Batch 700/1360, Loss: 4.1309
2025-05-28 17:27:43,237 - improvements-in-train-log - INFO - Train metrics: l1_loss: 0.4345 | giou_loss: 0.9724 | center_loss: 0.0137 | total_loss: 4.1309
2025-05-28 17:29:17,135 - improvements-in-train-log - INFO - Epoch 0, Batch 750/1360, Loss: 5.2063
2025-05-28 17:29:17,135 - improvements-in-train-log - INFO - Train metrics: l1_loss: 0.5808 | giou_loss: 1.1376 | center_loss: 0.0270 | total_loss: 5.2063
2025-05-28 17:30:50,389 - improvements-in-train-log - INFO - Epoch 0, Batch 800/1360, Loss: 4.8392
2025-05-28 17:30:50,390 - improvements-in-train-log - INFO - Train metrics: l1_loss: 0.5655 | giou_loss: 0.9959 | center_loss: 0.0201 | total_loss: 4.8392
2025-05-28 17:32:24,123 - improvements-in-train-log - INFO - Epoch 0, Batch 850/1360, Loss: 5.1364
2025-05-28 17:32:24,124 - improvements-in-train-log - INFO - Train metrics: l1_loss: 0.5583 | giou_loss: 1.1584 | center_loss: 0.0283 | total_loss: 5.1364
2025-05-28 17:33:57,809 - improvements-in-train-log - INFO - Epoch 0, Batch 900/1360, Loss: 5.0785
2025-05-28 17:33:57,809 - improvements-in-train-log - INFO - Train metrics: l1_loss: 0.5651 | giou_loss: 1.1131 | center_loss: 0.0265 | total_loss: 5.0785
2025-05-28 17:35:31,204 - improvements-in-train-log - INFO - Epoch 0, Batch 950/1360, Loss: 4.1639
2025-05-28 17:35:31,204 - improvements-in-train-log - INFO - Train metrics: l1_loss: 0.4498 | giou_loss: 0.9504 | center_loss: 0.0143 | total_loss: 4.1639
2025-05-28 17:37:04,887 - improvements-in-train-log - INFO - Epoch 0, Batch 1000/1360, Loss: 5.0672
2025-05-28 17:37:04,887 - improvements-in-train-log - INFO - Train metrics: l1_loss: 0.5700 | giou_loss: 1.0955 | center_loss: 0.0263 | total_loss: 5.0672
2025-05-28 17:38:38,889 - improvements-in-train-log - INFO - Epoch 0, Batch 1050/1360, Loss: 4.1724
2025-05-28 17:38:38,890 - improvements-in-train-log - INFO - Train metrics: l1_loss: 0.4543 | giou_loss: 0.9434 | center_loss: 0.0139 | total_loss: 4.1724
2025-05-28 17:40:12,207 - improvements-in-train-log - INFO - Epoch 0, Batch 1100/1360, Loss: 4.5298
2025-05-28 17:40:12,207 - improvements-in-train-log - INFO - Train metrics: l1_loss: 0.5278 | giou_loss: 0.9350 | center_loss: 0.0210 | total_loss: 4.5298
2025-05-28 17:41:46,176 - improvements-in-train-log - INFO - Epoch 0, Batch 1150/1360, Loss: 4.2090
2025-05-28 17:41:46,176 - improvements-in-train-log - INFO - Train metrics: l1_loss: 0.4649 | giou_loss: 0.9338 | center_loss: 0.0171 | total_loss: 4.2090
2025-05-28 17:43:19,370 - improvements-in-train-log - INFO - Epoch 0, Batch 1200/1360, Loss: 4.7541
2025-05-28 17:43:19,370 - improvements-in-train-log - INFO - Train metrics: l1_loss: 0.5400 | giou_loss: 1.0161 | center_loss: 0.0220 | total_loss: 4.7541
2025-05-28 17:44:52,344 - improvements-in-train-log - INFO - Epoch 0, Batch 1250/1360, Loss: 5.0688
2025-05-28 17:44:52,345 - improvements-in-train-log - INFO - Train metrics: l1_loss: 0.5951 | giou_loss: 1.0307 | center_loss: 0.0317 | total_loss: 5.0688
2025-05-28 17:46:26,135 - improvements-in-train-log - INFO - Epoch 0, Batch 1300/1360, Loss: 4.5225
2025-05-28 17:46:26,136 - improvements-in-train-log - INFO - Train metrics: l1_loss: 0.4851 | giou_loss: 1.0400 | center_loss: 0.0169 | total_loss: 4.5225
2025-05-28 17:47:59,511 - improvements-in-train-log - INFO - Epoch 0, Batch 1350/1360, Loss: 4.8383
2025-05-28 17:47:59,512 - improvements-in-train-log - INFO - Train metrics: l1_loss: 0.5489 | giou_loss: 1.0349 | center_loss: 0.0240 | total_loss: 4.8383
2025-05-28 17:48:16,133 - improvements-in-train-log - INFO - Train Epoch 0, Loss: 5.0729
2025-05-28 17:50:52,712 - improvements-in-train-log - INFO - Sample 1 - Pred: [190.32861328125, 164.01992797851562, 690.9989624023438, 698.5306396484375], Target: [422.0, 388.0, 660.0, 754.0]
2025-05-28 17:50:52,712 - improvements-in-train-log - INFO - Sample 2 - Pred: [340.4779357910156, 570.56591796875, 550.8361206054688, 736.142333984375], Target: [586.0, 463.0, 613.0, 487.0]
2025-05-28 17:50:52,713 - improvements-in-train-log - INFO - Sample 3 - Pred: [197.3478546142578, 172.8728790283203, 618.9711303710938, 597.7024536132812], Target: [135.0, 55.0, 465.0, 660.0]
2025-05-28 17:50:52,808 - improvements-in-train-log - INFO - Validation Epoch 0, Loss: 4.8741
2025-05-28 17:50:52,809 - improvements-in-train-log - INFO - Val metrics: Acc@0.25: 0.2394 | Acc@0.5: 0.0836 | Acc@0.75: 0.0072 | mIoU: 0.1406 | medianIoU: 0.0295 | mae_x1: 124.5184 | mae_y1: 117.6213 | mae_x2: 109.8473 | mae_y2: 121.5572 | center_x_error: 100.1549 | center_y_error: 99.5897 | width_error: 3.4462 | height_error: 3.5564 | loss: 4.8741
2025-05-28 17:50:53,684 - improvements-in-train-log - INFO - Saved model checkpoint to /home/pokle/Trans-VG/visual_grounding/checkpoints/improvements-in-train-log_epoch0.pth
2025-05-28 17:50:53,685 - improvements-in-train-log - INFO - New best model! Acc@0.5: 0.0836
2025-05-28 17:50:53,685 - improvements-in-train-log - INFO - Epoch 1/200
2025-05-28 17:50:57,692 - improvements-in-train-log - INFO - Epoch 1, Batch 0/1360, Loss: 5.5012
2025-05-28 17:50:57,692 - improvements-in-train-log - INFO - Train metrics: l1_loss: 0.6412 | giou_loss: 1.1300 | center_loss: 0.0353 | total_loss: 5.5012
2025-05-28 17:52:30,898 - improvements-in-train-log - INFO - Epoch 1, Batch 50/1360, Loss: 4.7306
2025-05-28 17:52:30,898 - improvements-in-train-log - INFO - Train metrics: l1_loss: 0.5218 | giou_loss: 1.0520 | center_loss: 0.0174 | total_loss: 4.7306
2025-05-28 17:54:04,702 - improvements-in-train-log - INFO - Epoch 1, Batch 100/1360, Loss: 4.8831
2025-05-28 17:54:04,702 - improvements-in-train-log - INFO - Train metrics: l1_loss: 0.5417 | giou_loss: 1.0777 | center_loss: 0.0190 | total_loss: 4.8831
2025-05-28 17:55:37,668 - improvements-in-train-log - INFO - Epoch 1, Batch 150/1360, Loss: 5.2352
2025-05-28 17:55:37,669 - improvements-in-train-log - INFO - Train metrics: l1_loss: 0.5895 | giou_loss: 1.1311 | center_loss: 0.0257 | total_loss: 5.2352
2025-05-28 17:57:11,249 - improvements-in-train-log - INFO - Epoch 1, Batch 200/1360, Loss: 4.8624
2025-05-28 17:57:11,250 - improvements-in-train-log - INFO - Train metrics: l1_loss: 0.5178 | giou_loss: 1.1288 | center_loss: 0.0159 | total_loss: 4.8624
2025-05-28 17:58:43,820 - improvements-in-train-log - INFO - Epoch 1, Batch 250/1360, Loss: 3.6905
2025-05-28 17:58:43,821 - improvements-in-train-log - INFO - Train metrics: l1_loss: 0.3913 | giou_loss: 0.8616 | center_loss: 0.0108 | total_loss: 3.6905
2025-05-28 18:00:17,013 - improvements-in-train-log - INFO - Epoch 1, Batch 300/1360, Loss: 4.9595
2025-05-28 18:00:17,013 - improvements-in-train-log - INFO - Train metrics: l1_loss: 0.5623 | giou_loss: 1.0611 | center_loss: 0.0257 | total_loss: 4.9595
2025-05-28 18:01:49,781 - improvements-in-train-log - INFO - Epoch 1, Batch 350/1360, Loss: 5.2034
2025-05-28 18:01:49,781 - improvements-in-train-log - INFO - Train metrics: l1_loss: 0.5811 | giou_loss: 1.1359 | center_loss: 0.0259 | total_loss: 5.2034
2025-05-28 18:03:23,168 - improvements-in-train-log - INFO - Epoch 1, Batch 400/1360, Loss: 5.2150
2025-05-28 18:03:23,168 - improvements-in-train-log - INFO - Train metrics: l1_loss: 0.5730 | giou_loss: 1.1614 | center_loss: 0.0271 | total_loss: 5.2150
2025-05-28 18:04:56,462 - improvements-in-train-log - INFO - Epoch 1, Batch 450/1360, Loss: 4.7393
2025-05-28 18:04:56,462 - improvements-in-train-log - INFO - Train metrics: l1_loss: 0.5410 | giou_loss: 1.0051 | center_loss: 0.0241 | total_loss: 4.7393
2025-05-28 18:06:29,840 - improvements-in-train-log - INFO - Epoch 1, Batch 500/1360, Loss: 4.5091
2025-05-28 18:06:29,840 - improvements-in-train-log - INFO - Train metrics: l1_loss: 0.4986 | giou_loss: 1.0001 | center_loss: 0.0157 | total_loss: 4.5091
2025-05-28 18:08:03,530 - improvements-in-train-log - INFO - Epoch 1, Batch 550/1360, Loss: 4.7137
2025-05-28 18:08:03,530 - improvements-in-train-log - INFO - Train metrics: l1_loss: 0.4959 | giou_loss: 1.1076 | center_loss: 0.0191 | total_loss: 4.7137
2025-05-28 18:09:36,109 - improvements-in-train-log - INFO - Epoch 1, Batch 600/1360, Loss: 4.8395
2025-05-28 18:09:36,109 - improvements-in-train-log - INFO - Train metrics: l1_loss: 0.5385 | giou_loss: 1.0614 | center_loss: 0.0244 | total_loss: 4.8395
2025-05-28 18:11:08,674 - improvements-in-train-log - INFO - Epoch 1, Batch 650/1360, Loss: 5.4045
2025-05-28 18:11:08,674 - improvements-in-train-log - INFO - Train metrics: l1_loss: 0.6537 | giou_loss: 1.0515 | center_loss: 0.0329 | total_loss: 5.4045
2025-05-28 18:12:41,244 - improvements-in-train-log - INFO - Epoch 1, Batch 700/1360, Loss: 5.6036
2025-05-28 18:12:41,244 - improvements-in-train-log - INFO - Train metrics: l1_loss: 0.6468 | giou_loss: 1.1667 | center_loss: 0.0362 | total_loss: 5.6036
2025-05-28 18:14:14,014 - improvements-in-train-log - INFO - Epoch 1, Batch 750/1360, Loss: 4.2361
2025-05-28 18:14:14,014 - improvements-in-train-log - INFO - Train metrics: l1_loss: 0.4687 | giou_loss: 0.9376 | center_loss: 0.0173 | total_loss: 4.2361
2025-05-28 18:15:46,996 - improvements-in-train-log - INFO - Epoch 1, Batch 800/1360, Loss: 4.4158
2025-05-28 18:15:46,996 - improvements-in-train-log - INFO - Train metrics: l1_loss: 0.5016 | giou_loss: 0.9445 | center_loss: 0.0187 | total_loss: 4.4158
2025-05-28 18:17:20,175 - improvements-in-train-log - INFO - Epoch 1, Batch 850/1360, Loss: 5.1429
2025-05-28 18:17:20,175 - improvements-in-train-log - INFO - Train metrics: l1_loss: 0.5729 | giou_loss: 1.1254 | center_loss: 0.0277 | total_loss: 5.1429
2025-05-28 18:18:53,584 - improvements-in-train-log - INFO - Epoch 1, Batch 900/1360, Loss: 4.9748
2025-05-28 18:18:53,584 - improvements-in-train-log - INFO - Train metrics: l1_loss: 0.5625 | giou_loss: 1.0689 | center_loss: 0.0244 | total_loss: 4.9748
2025-05-28 18:20:26,660 - improvements-in-train-log - INFO - Epoch 1, Batch 950/1360, Loss: 4.7435
2025-05-28 18:20:26,661 - improvements-in-train-log - INFO - Train metrics: l1_loss: 0.5317 | giou_loss: 1.0345 | center_loss: 0.0161 | total_loss: 4.7435
2025-05-28 18:21:59,858 - improvements-in-train-log - INFO - Epoch 1, Batch 1000/1360, Loss: 4.7222
2025-05-28 18:21:59,859 - improvements-in-train-log - INFO - Train metrics: l1_loss: 0.5111 | giou_loss: 1.0735 | center_loss: 0.0199 | total_loss: 4.7222
2025-05-28 18:23:33,632 - improvements-in-train-log - INFO - Epoch 1, Batch 1050/1360, Loss: 4.8651
2025-05-28 18:23:33,633 - improvements-in-train-log - INFO - Train metrics: l1_loss: 0.5531 | giou_loss: 1.0368 | center_loss: 0.0263 | total_loss: 4.8651
2025-05-28 18:25:07,021 - improvements-in-train-log - INFO - Epoch 1, Batch 1100/1360, Loss: 4.8301
2025-05-28 18:25:07,021 - improvements-in-train-log - INFO - Train metrics: l1_loss: 0.5532 | giou_loss: 1.0191 | center_loss: 0.0259 | total_loss: 4.8301
2025-05-28 18:26:40,197 - improvements-in-train-log - INFO - Epoch 1, Batch 1150/1360, Loss: 3.9829
2025-05-28 18:26:40,197 - improvements-in-train-log - INFO - Train metrics: l1_loss: 0.3979 | giou_loss: 0.9906 | center_loss: 0.0119 | total_loss: 3.9829
2025-05-28 18:28:13,896 - improvements-in-train-log - INFO - Epoch 1, Batch 1200/1360, Loss: 4.9652
2025-05-28 18:28:13,896 - improvements-in-train-log - INFO - Train metrics: l1_loss: 0.5440 | giou_loss: 1.1100 | center_loss: 0.0250 | total_loss: 4.9652
2025-05-28 18:29:46,883 - improvements-in-train-log - INFO - Epoch 1, Batch 1250/1360, Loss: 4.6411
2025-05-28 18:29:46,883 - improvements-in-train-log - INFO - Train metrics: l1_loss: 0.5140 | giou_loss: 1.0241 | center_loss: 0.0229 | total_loss: 4.6411
2025-05-28 18:31:20,052 - improvements-in-train-log - INFO - Epoch 1, Batch 1300/1360, Loss: 4.4328
2025-05-28 18:31:20,052 - improvements-in-train-log - INFO - Train metrics: l1_loss: 0.4923 | giou_loss: 0.9768 | center_loss: 0.0175 | total_loss: 4.4328
2025-05-28 18:32:53,655 - improvements-in-train-log - INFO - Epoch 1, Batch 1350/1360, Loss: 4.5457
2025-05-28 18:32:53,655 - improvements-in-train-log - INFO - Train metrics: l1_loss: 0.5166 | giou_loss: 0.9695 | center_loss: 0.0237 | total_loss: 4.5457
2025-05-28 18:33:10,354 - improvements-in-train-log - INFO - Train Epoch 1, Loss: 4.7508
2025-05-28 18:35:46,827 - improvements-in-train-log - INFO - Sample 1 - Pred: [419.6116943359375, 405.099365234375, 607.9913330078125, 609.7484130859375], Target: [449.69000244140625, 214.5, 485.8800048828125, 252.0]
2025-05-28 18:35:46,827 - improvements-in-train-log - INFO - Sample 2 - Pred: [339.4535217285156, 329.2275085449219, 489.6673583984375, 496.51910400390625], Target: [480.0, 501.0, 526.0, 534.0]
2025-05-28 18:35:46,827 - improvements-in-train-log - INFO - Sample 3 - Pred: [295.8526611328125, 335.2928161621094, 459.0425109863281, 500.6885070800781], Target: [304.0, 257.0, 324.0, 284.0]
2025-05-28 18:35:46,927 - improvements-in-train-log - INFO - Validation Epoch 1, Loss: 4.7402
2025-05-28 18:35:46,927 - improvements-in-train-log - INFO - Val metrics: Acc@0.25: 0.2511 | Acc@0.5: 0.0880 | Acc@0.75: 0.0105 | mIoU: 0.1477 | medianIoU: 0.0349 | mae_x1: 112.3916 | mae_y1: 109.3912 | mae_x2: 111.4379 | mae_y2: 116.9394 | center_x_error: 95.8688 | center_y_error: 96.2055 | width_error: 3.2138 | height_error: 3.0673 | loss: 4.7402
2025-05-28 18:35:47,776 - improvements-in-train-log - INFO - Saved model checkpoint to /home/pokle/Trans-VG/visual_grounding/checkpoints/improvements-in-train-log_epoch1.pth
2025-05-28 18:35:47,776 - improvements-in-train-log - INFO - New best model! Acc@0.5: 0.0880
2025-05-28 18:35:47,776 - improvements-in-train-log - INFO - Epoch 2/200
2025-05-28 18:35:51,628 - improvements-in-train-log - INFO - Epoch 2, Batch 0/1360, Loss: 4.5208
2025-05-28 18:35:51,628 - improvements-in-train-log - INFO - Train metrics: l1_loss: 0.5016 | giou_loss: 0.9980 | center_loss: 0.0166 | total_loss: 4.5208
2025-05-28 18:37:24,737 - improvements-in-train-log - INFO - Epoch 2, Batch 50/1360, Loss: 4.0218
2025-05-28 18:37:24,737 - improvements-in-train-log - INFO - Train metrics: l1_loss: 0.4390 | giou_loss: 0.9057 | center_loss: 0.0153 | total_loss: 4.0218
2025-05-28 18:38:58,491 - improvements-in-train-log - INFO - Epoch 2, Batch 100/1360, Loss: 4.4906
2025-05-28 18:38:58,492 - improvements-in-train-log - INFO - Train metrics: l1_loss: 0.5125 | giou_loss: 0.9529 | center_loss: 0.0224 | total_loss: 4.4906
2025-05-28 18:40:31,570 - improvements-in-train-log - INFO - Epoch 2, Batch 150/1360, Loss: 5.0510
2025-05-28 18:40:31,570 - improvements-in-train-log - INFO - Train metrics: l1_loss: 0.5856 | giou_loss: 1.0448 | center_loss: 0.0334 | total_loss: 5.0510
2025-05-28 18:42:05,399 - improvements-in-train-log - INFO - Epoch 2, Batch 200/1360, Loss: 3.9459
2025-05-28 18:42:05,399 - improvements-in-train-log - INFO - Train metrics: l1_loss: 0.4050 | giou_loss: 0.9542 | center_loss: 0.0126 | total_loss: 3.9459
2025-05-28 18:43:38,881 - improvements-in-train-log - INFO - Epoch 2, Batch 250/1360, Loss: 4.5093
2025-05-28 18:43:38,882 - improvements-in-train-log - INFO - Train metrics: l1_loss: 0.4753 | giou_loss: 1.0561 | center_loss: 0.0208 | total_loss: 4.5093
2025-05-28 18:45:12,375 - improvements-in-train-log - INFO - Epoch 2, Batch 300/1360, Loss: 4.6197
2025-05-28 18:45:12,375 - improvements-in-train-log - INFO - Train metrics: l1_loss: 0.4969 | giou_loss: 1.0581 | center_loss: 0.0188 | total_loss: 4.6197
2025-05-28 18:46:45,534 - improvements-in-train-log - INFO - Epoch 2, Batch 350/1360, Loss: 4.4657
2025-05-28 18:46:45,534 - improvements-in-train-log - INFO - Train metrics: l1_loss: 0.4935 | giou_loss: 0.9876 | center_loss: 0.0228 | total_loss: 4.4657
2025-05-28 18:48:18,911 - improvements-in-train-log - INFO - Epoch 2, Batch 400/1360, Loss: 5.2094
2025-05-28 18:48:18,911 - improvements-in-train-log - INFO - Train metrics: l1_loss: 0.5844 | giou_loss: 1.1279 | center_loss: 0.0314 | total_loss: 5.2094
2025-05-28 18:49:52,312 - improvements-in-train-log - INFO - Epoch 2, Batch 450/1360, Loss: 4.4744
2025-05-28 18:49:52,312 - improvements-in-train-log - INFO - Train metrics: l1_loss: 0.4845 | giou_loss: 1.0178 | center_loss: 0.0165 | total_loss: 4.4744
2025-05-28 18:51:25,322 - improvements-in-train-log - INFO - Epoch 2, Batch 500/1360, Loss: 4.6647
2025-05-28 18:51:25,323 - improvements-in-train-log - INFO - Train metrics: l1_loss: 0.4893 | giou_loss: 1.1005 | center_loss: 0.0172 | total_loss: 4.6647
2025-05-28 18:52:58,605 - improvements-in-train-log - INFO - Epoch 2, Batch 550/1360, Loss: 4.9382
2025-05-28 18:52:58,605 - improvements-in-train-log - INFO - Train metrics: l1_loss: 0.5310 | giou_loss: 1.1282 | center_loss: 0.0269 | total_loss: 4.9382
2025-05-28 18:54:31,862 - improvements-in-train-log - INFO - Epoch 2, Batch 600/1360, Loss: 3.9469
2025-05-28 18:54:31,862 - improvements-in-train-log - INFO - Train metrics: l1_loss: 0.4120 | giou_loss: 0.9362 | center_loss: 0.0145 | total_loss: 3.9469
2025-05-28 18:56:05,490 - improvements-in-train-log - INFO - Epoch 2, Batch 650/1360, Loss: 4.3672
2025-05-28 18:56:05,490 - improvements-in-train-log - INFO - Train metrics: l1_loss: 0.4779 | giou_loss: 0.9806 | center_loss: 0.0165 | total_loss: 4.3672
2025-05-28 18:57:38,637 - improvements-in-train-log - INFO - Epoch 2, Batch 700/1360, Loss: 4.8893
2025-05-28 18:57:38,638 - improvements-in-train-log - INFO - Train metrics: l1_loss: 0.5176 | giou_loss: 1.1389 | center_loss: 0.0234 | total_loss: 4.8893
2025-05-28 18:59:11,610 - improvements-in-train-log - INFO - Epoch 2, Batch 750/1360, Loss: 5.2227
2025-05-28 18:59:11,611 - improvements-in-train-log - INFO - Train metrics: l1_loss: 0.5853 | giou_loss: 1.1362 | center_loss: 0.0240 | total_loss: 5.2227
2025-05-28 19:00:45,113 - improvements-in-train-log - INFO - Epoch 2, Batch 800/1360, Loss: 4.3698
2025-05-28 19:00:45,113 - improvements-in-train-log - INFO - Train metrics: l1_loss: 0.4799 | giou_loss: 0.9772 | center_loss: 0.0158 | total_loss: 4.3698
2025-05-28 19:02:19,030 - improvements-in-train-log - INFO - Epoch 2, Batch 850/1360, Loss: 4.7443
2025-05-28 19:02:19,031 - improvements-in-train-log - INFO - Train metrics: l1_loss: 0.4964 | giou_loss: 1.1208 | center_loss: 0.0206 | total_loss: 4.7443
2025-05-28 19:03:52,400 - improvements-in-train-log - INFO - Epoch 2, Batch 900/1360, Loss: 4.7585
2025-05-28 19:03:52,400 - improvements-in-train-log - INFO - Train metrics: l1_loss: 0.5349 | giou_loss: 1.0306 | center_loss: 0.0228 | total_loss: 4.7585
2025-05-28 19:05:26,098 - improvements-in-train-log - INFO - Epoch 2, Batch 950/1360, Loss: 4.5008
2025-05-28 19:05:26,098 - improvements-in-train-log - INFO - Train metrics: l1_loss: 0.5088 | giou_loss: 0.9672 | center_loss: 0.0227 | total_loss: 4.5008
2025-05-28 19:06:59,547 - improvements-in-train-log - INFO - Epoch 2, Batch 1000/1360, Loss: 5.0192
2025-05-28 19:06:59,547 - improvements-in-train-log - INFO - Train metrics: l1_loss: 0.5927 | giou_loss: 1.0121 | center_loss: 0.0313 | total_loss: 5.0192
2025-05-28 19:08:32,764 - improvements-in-train-log - INFO - Epoch 2, Batch 1050/1360, Loss: 4.6050
2025-05-28 19:08:32,764 - improvements-in-train-log - INFO - Train metrics: l1_loss: 0.4858 | giou_loss: 1.0791 | center_loss: 0.0178 | total_loss: 4.6050
2025-05-28 19:10:05,335 - improvements-in-train-log - INFO - Epoch 2, Batch 1100/1360, Loss: 4.8580
2025-05-28 19:10:05,335 - improvements-in-train-log - INFO - Train metrics: l1_loss: 0.5442 | giou_loss: 1.0575 | center_loss: 0.0219 | total_loss: 4.8580
2025-05-28 19:11:38,523 - improvements-in-train-log - INFO - Epoch 2, Batch 1150/1360, Loss: 5.5079
2025-05-28 19:11:38,523 - improvements-in-train-log - INFO - Train metrics: l1_loss: 0.6242 | giou_loss: 1.1778 | center_loss: 0.0312 | total_loss: 5.5079
2025-05-28 19:13:11,491 - improvements-in-train-log - INFO - Epoch 2, Batch 1200/1360, Loss: 5.0194
2025-05-28 19:13:11,491 - improvements-in-train-log - INFO - Train metrics: l1_loss: 0.5443 | giou_loss: 1.1355 | center_loss: 0.0270 | total_loss: 5.0194
2025-05-28 19:14:45,087 - improvements-in-train-log - INFO - Epoch 2, Batch 1250/1360, Loss: 4.4021
2025-05-28 19:14:45,087 - improvements-in-train-log - INFO - Train metrics: l1_loss: 0.4646 | giou_loss: 1.0313 | center_loss: 0.0163 | total_loss: 4.4021
2025-05-28 19:16:18,269 - improvements-in-train-log - INFO - Epoch 2, Batch 1300/1360, Loss: 4.4809
2025-05-28 19:16:18,269 - improvements-in-train-log - INFO - Train metrics: l1_loss: 0.4891 | giou_loss: 1.0068 | center_loss: 0.0221 | total_loss: 4.4809
2025-05-28 19:17:51,256 - improvements-in-train-log - INFO - Epoch 2, Batch 1350/1360, Loss: 4.0670
2025-05-28 19:17:51,256 - improvements-in-train-log - INFO - Train metrics: l1_loss: 0.4417 | giou_loss: 0.9222 | center_loss: 0.0143 | total_loss: 4.0670
2025-05-28 19:18:07,752 - improvements-in-train-log - INFO - Train Epoch 2, Loss: 4.6900
2025-05-28 19:20:43,973 - improvements-in-train-log - INFO - Sample 1 - Pred: [260.1239929199219, 190.7156524658203, 548.0405883789062, 483.1156311035156], Target: [192.0, 269.0, 289.0, 653.0]
2025-05-28 19:20:43,973 - improvements-in-train-log - INFO - Sample 2 - Pred: [534.58251953125, 56.49203109741211, 715.020751953125, 234.00730895996094], Target: [636.0, 16.0, 708.0, 115.0]
2025-05-28 19:20:43,973 - improvements-in-train-log - INFO - Sample 3 - Pred: [331.4166564941406, 314.32623291015625, 507.1333312988281, 497.2432556152344], Target: [465.0, 500.0, 529.0, 626.0]
2025-05-28 19:20:44,078 - improvements-in-train-log - INFO - Validation Epoch 2, Loss: 4.8050
2025-05-28 19:20:44,078 - improvements-in-train-log - INFO - Val metrics: Acc@0.25: 0.2412 | Acc@0.5: 0.0816 | Acc@0.75: 0.0095 | mIoU: 0.1417 | medianIoU: 0.0281 | mae_x1: 112.0956 | mae_y1: 122.5982 | mae_x2: 112.7290 | mae_y2: 108.9319 | center_x_error: 96.7926 | center_y_error: 100.4957 | width_error: 3.2055 | height_error: 3.0377 | loss: 4.8050
2025-05-28 19:20:44,931 - improvements-in-train-log - INFO - Saved model checkpoint to /home/pokle/Trans-VG/visual_grounding/checkpoints/improvements-in-train-log_epoch2.pth
2025-05-28 19:20:44,932 - improvements-in-train-log - INFO - Epoch 3/200
2025-05-28 19:20:48,906 - improvements-in-train-log - INFO - Epoch 3, Batch 0/1360, Loss: 4.8284
2025-05-28 19:20:48,907 - improvements-in-train-log - INFO - Train metrics: l1_loss: 0.5261 | giou_loss: 1.0868 | center_loss: 0.0242 | total_loss: 4.8284
2025-05-28 19:22:22,199 - improvements-in-train-log - INFO - Epoch 3, Batch 50/1360, Loss: 4.7687
2025-05-28 19:22:22,200 - improvements-in-train-log - INFO - Train metrics: l1_loss: 0.5270 | giou_loss: 1.0534 | center_loss: 0.0268 | total_loss: 4.7687
2025-05-28 19:23:55,180 - improvements-in-train-log - INFO - Epoch 3, Batch 100/1360, Loss: 4.4049
2025-05-28 19:23:55,180 - improvements-in-train-log - INFO - Train metrics: l1_loss: 0.4852 | giou_loss: 0.9800 | center_loss: 0.0190 | total_loss: 4.4049
2025-05-28 19:25:27,846 - improvements-in-train-log - INFO - Epoch 3, Batch 150/1360, Loss: 4.6052
2025-05-28 19:25:27,846 - improvements-in-train-log - INFO - Train metrics: l1_loss: 0.5097 | giou_loss: 1.0181 | center_loss: 0.0205 | total_loss: 4.6052
2025-05-28 19:27:01,144 - improvements-in-train-log - INFO - Epoch 3, Batch 200/1360, Loss: 4.5467
2025-05-28 19:27:01,144 - improvements-in-train-log - INFO - Train metrics: l1_loss: 0.4744 | giou_loss: 1.0777 | center_loss: 0.0192 | total_loss: 4.5467
2025-05-28 19:28:34,631 - improvements-in-train-log - INFO - Epoch 3, Batch 250/1360, Loss: 5.1299
2025-05-28 19:28:34,631 - improvements-in-train-log - INFO - Train metrics: l1_loss: 0.5647 | giou_loss: 1.1400 | center_loss: 0.0262 | total_loss: 5.1299
2025-05-28 19:30:08,323 - improvements-in-train-log - INFO - Epoch 3, Batch 300/1360, Loss: 4.4791
2025-05-28 19:30:08,324 - improvements-in-train-log - INFO - Train metrics: l1_loss: 0.4947 | giou_loss: 0.9931 | center_loss: 0.0194 | total_loss: 4.4791
2025-05-28 19:31:42,113 - improvements-in-train-log - INFO - Epoch 3, Batch 350/1360, Loss: 4.5601
2025-05-28 19:31:42,113 - improvements-in-train-log - INFO - Train metrics: l1_loss: 0.5107 | giou_loss: 0.9933 | center_loss: 0.0199 | total_loss: 4.5601
2025-05-28 19:33:15,487 - improvements-in-train-log - INFO - Epoch 3, Batch 400/1360, Loss: 4.4677
2025-05-28 19:33:15,487 - improvements-in-train-log - INFO - Train metrics: l1_loss: 0.4848 | giou_loss: 1.0134 | center_loss: 0.0166 | total_loss: 4.4677
2025-05-28 19:34:48,709 - improvements-in-train-log - INFO - Epoch 3, Batch 450/1360, Loss: 4.1940
2025-05-28 19:34:48,710 - improvements-in-train-log - INFO - Train metrics: l1_loss: 0.4611 | giou_loss: 0.9351 | center_loss: 0.0182 | total_loss: 4.1940
2025-05-28 19:36:21,877 - improvements-in-train-log - INFO - Epoch 3, Batch 500/1360, Loss: 4.7199
2025-05-28 19:36:21,878 - improvements-in-train-log - INFO - Train metrics: l1_loss: 0.5138 | giou_loss: 1.0648 | center_loss: 0.0211 | total_loss: 4.7199
2025-05-28 19:37:55,060 - improvements-in-train-log - INFO - Epoch 3, Batch 550/1360, Loss: 4.5952
2025-05-28 19:37:55,060 - improvements-in-train-log - INFO - Train metrics: l1_loss: 0.4990 | giou_loss: 1.0388 | center_loss: 0.0224 | total_loss: 4.5952
2025-05-28 19:39:28,190 - improvements-in-train-log - INFO - Epoch 3, Batch 600/1360, Loss: 4.7052
2025-05-28 19:39:28,191 - improvements-in-train-log - INFO - Train metrics: l1_loss: 0.5278 | giou_loss: 1.0220 | center_loss: 0.0220 | total_loss: 4.7052
2025-05-28 19:41:01,435 - improvements-in-train-log - INFO - Epoch 3, Batch 650/1360, Loss: 4.6856
2025-05-28 19:41:01,435 - improvements-in-train-log - INFO - Train metrics: l1_loss: 0.5081 | giou_loss: 1.0622 | center_loss: 0.0205 | total_loss: 4.6856
2025-05-28 19:42:34,655 - improvements-in-train-log - INFO - Epoch 3, Batch 700/1360, Loss: 4.4879
2025-05-28 19:42:34,656 - improvements-in-train-log - INFO - Train metrics: l1_loss: 0.5138 | giou_loss: 0.9495 | center_loss: 0.0200 | total_loss: 4.4879
2025-05-28 19:44:07,790 - improvements-in-train-log - INFO - Epoch 3, Batch 750/1360, Loss: 4.9592
2025-05-28 19:44:07,790 - improvements-in-train-log - INFO - Train metrics: l1_loss: 0.5404 | giou_loss: 1.1191 | center_loss: 0.0192 | total_loss: 4.9592
2025-05-28 19:45:41,376 - improvements-in-train-log - INFO - Epoch 3, Batch 800/1360, Loss: 4.7408
2025-05-28 19:45:41,377 - improvements-in-train-log - INFO - Train metrics: l1_loss: 0.5133 | giou_loss: 1.0756 | center_loss: 0.0232 | total_loss: 4.7408
2025-05-28 19:47:14,805 - improvements-in-train-log - INFO - Epoch 3, Batch 850/1360, Loss: 3.9876
2025-05-28 19:47:14,805 - improvements-in-train-log - INFO - Train metrics: l1_loss: 0.4286 | giou_loss: 0.9151 | center_loss: 0.0141 | total_loss: 3.9876
2025-05-28 19:48:48,355 - improvements-in-train-log - INFO - Epoch 3, Batch 900/1360, Loss: 4.1324
2025-05-28 19:48:48,355 - improvements-in-train-log - INFO - Train metrics: l1_loss: 0.4312 | giou_loss: 0.9806 | center_loss: 0.0153 | total_loss: 4.1324
2025-05-28 19:50:20,726 - improvements-in-train-log - INFO - Epoch 3, Batch 950/1360, Loss: 4.3820
2025-05-28 19:50:20,726 - improvements-in-train-log - INFO - Train metrics: l1_loss: 0.4917 | giou_loss: 0.9519 | center_loss: 0.0198 | total_loss: 4.3820
2025-05-28 19:51:53,722 - improvements-in-train-log - INFO - Epoch 3, Batch 1000/1360, Loss: 4.9132
2025-05-28 19:51:53,723 - improvements-in-train-log - INFO - Train metrics: l1_loss: 0.5619 | giou_loss: 1.0380 | center_loss: 0.0279 | total_loss: 4.9132
2025-05-28 19:53:26,484 - improvements-in-train-log - INFO - Epoch 3, Batch 1050/1360, Loss: 4.6241
2025-05-28 19:53:26,484 - improvements-in-train-log - INFO - Train metrics: l1_loss: 0.4985 | giou_loss: 1.0574 | center_loss: 0.0171 | total_loss: 4.6241
2025-05-28 19:54:59,049 - improvements-in-train-log - INFO - Epoch 3, Batch 1100/1360, Loss: 4.6099
2025-05-28 19:54:59,049 - improvements-in-train-log - INFO - Train metrics: l1_loss: 0.4939 | giou_loss: 1.0601 | center_loss: 0.0199 | total_loss: 4.6099
2025-05-28 19:56:32,464 - improvements-in-train-log - INFO - Epoch 3, Batch 1150/1360, Loss: 4.7575
2025-05-28 19:56:32,464 - improvements-in-train-log - INFO - Train metrics: l1_loss: 0.5055 | giou_loss: 1.1045 | center_loss: 0.0208 | total_loss: 4.7575
2025-05-28 19:58:05,420 - improvements-in-train-log - INFO - Epoch 3, Batch 1200/1360, Loss: 4.4077
2025-05-28 19:58:05,420 - improvements-in-train-log - INFO - Train metrics: l1_loss: 0.4700 | giou_loss: 1.0194 | center_loss: 0.0190 | total_loss: 4.4077
2025-05-28 19:59:38,331 - improvements-in-train-log - INFO - Epoch 3, Batch 1250/1360, Loss: 4.8293
2025-05-28 19:59:38,331 - improvements-in-train-log - INFO - Train metrics: l1_loss: 0.5343 | giou_loss: 1.0664 | center_loss: 0.0249 | total_loss: 4.8293
2025-05-28 20:01:10,978 - improvements-in-train-log - INFO - Epoch 3, Batch 1300/1360, Loss: 4.2380
2025-05-28 20:01:10,978 - improvements-in-train-log - INFO - Train metrics: l1_loss: 0.4691 | giou_loss: 0.9367 | center_loss: 0.0193 | total_loss: 4.2380
2025-05-28 20:02:43,950 - improvements-in-train-log - INFO - Epoch 3, Batch 1350/1360, Loss: 3.9316
2025-05-28 20:02:43,950 - improvements-in-train-log - INFO - Train metrics: l1_loss: 0.4127 | giou_loss: 0.9301 | center_loss: 0.0081 | total_loss: 3.9316
2025-05-28 20:03:00,662 - improvements-in-train-log - INFO - Train Epoch 3, Loss: 4.6457
2025-05-28 20:05:36,256 - improvements-in-train-log - INFO - Sample 1 - Pred: [566.4713134765625, 278.488037109375, 737.3176879882812, 517.0015258789062], Target: [578.0, 519.0, 639.0, 559.0]
2025-05-28 20:05:36,256 - improvements-in-train-log - INFO - Sample 2 - Pred: [266.2220458984375, 273.9042663574219, 551.1499633789062, 552.9931030273438], Target: [360.0, 412.0, 441.0, 485.0]
2025-05-28 20:05:36,256 - improvements-in-train-log - INFO - Sample 3 - Pred: [186.63668823242188, 332.07958984375, 353.5862731933594, 501.11212158203125], Target: [29.0, 401.0, 44.0, 437.0]
2025-05-28 20:05:36,352 - improvements-in-train-log - INFO - Validation Epoch 3, Loss: 4.7727
2025-05-28 20:05:36,352 - improvements-in-train-log - INFO - Val metrics: Acc@0.25: 0.2509 | Acc@0.5: 0.0898 | Acc@0.75: 0.0121 | mIoU: 0.1462 | medianIoU: 0.0299 | mae_x1: 114.8814 | mae_y1: 113.9593 | mae_x2: 109.7889 | mae_y2: 111.5414 | center_x_error: 98.4912 | center_y_error: 96.7569 | width_error: 2.9695 | height_error: 2.9839 | loss: 4.7727
2025-05-28 20:05:37,198 - improvements-in-train-log - INFO - Saved model checkpoint to /home/pokle/Trans-VG/visual_grounding/checkpoints/improvements-in-train-log_epoch3.pth
2025-05-28 20:05:37,198 - improvements-in-train-log - INFO - New best model! Acc@0.5: 0.0898
2025-05-28 20:05:37,198 - improvements-in-train-log - INFO - Epoch 4/200
2025-05-28 20:05:41,083 - improvements-in-train-log - INFO - Epoch 4, Batch 0/1360, Loss: 4.5252
2025-05-28 20:05:41,084 - improvements-in-train-log - INFO - Train metrics: l1_loss: 0.4808 | giou_loss: 1.0507 | center_loss: 0.0198 | total_loss: 4.5252
2025-05-28 20:07:14,062 - improvements-in-train-log - INFO - Epoch 4, Batch 50/1360, Loss: 4.3789
2025-05-28 20:07:14,063 - improvements-in-train-log - INFO - Train metrics: l1_loss: 0.4988 | giou_loss: 0.9321 | center_loss: 0.0206 | total_loss: 4.3789
2025-05-28 20:08:46,589 - improvements-in-train-log - INFO - Epoch 4, Batch 100/1360, Loss: 4.0393
2025-05-28 20:08:46,590 - improvements-in-train-log - INFO - Train metrics: l1_loss: 0.4212 | giou_loss: 0.9603 | center_loss: 0.0125 | total_loss: 4.0393
2025-05-28 20:10:19,379 - improvements-in-train-log - INFO - Epoch 4, Batch 150/1360, Loss: 4.4863
2025-05-28 20:10:19,380 - improvements-in-train-log - INFO - Train metrics: l1_loss: 0.4944 | giou_loss: 0.9975 | center_loss: 0.0194 | total_loss: 4.4863
2025-05-28 20:11:51,780 - improvements-in-train-log - INFO - Epoch 4, Batch 200/1360, Loss: 4.2299
2025-05-28 20:11:51,780 - improvements-in-train-log - INFO - Train metrics: l1_loss: 0.4524 | giou_loss: 0.9772 | center_loss: 0.0136 | total_loss: 4.2299
2025-05-28 20:13:24,959 - improvements-in-train-log - INFO - Epoch 4, Batch 250/1360, Loss: 4.7909
2025-05-28 20:13:24,960 - improvements-in-train-log - INFO - Train metrics: l1_loss: 0.5469 | giou_loss: 1.0152 | center_loss: 0.0257 | total_loss: 4.7909
2025-05-28 20:14:57,555 - improvements-in-train-log - INFO - Epoch 4, Batch 300/1360, Loss: 4.8438
2025-05-28 20:14:57,556 - improvements-in-train-log - INFO - Train metrics: l1_loss: 0.5390 | giou_loss: 1.0632 | center_loss: 0.0223 | total_loss: 4.8438
2025-05-28 20:16:30,490 - improvements-in-train-log - INFO - Epoch 4, Batch 350/1360, Loss: 4.1822
2025-05-28 20:16:30,490 - improvements-in-train-log - INFO - Train metrics: l1_loss: 0.4214 | giou_loss: 1.0319 | center_loss: 0.0114 | total_loss: 4.1822
2025-05-28 20:18:03,281 - improvements-in-train-log - INFO - Epoch 4, Batch 400/1360, Loss: 4.2845
2025-05-28 20:18:03,281 - improvements-in-train-log - INFO - Train metrics: l1_loss: 0.4879 | giou_loss: 0.9132 | center_loss: 0.0187 | total_loss: 4.2845
2025-05-28 20:19:36,176 - improvements-in-train-log - INFO - Epoch 4, Batch 450/1360, Loss: 4.1807
2025-05-28 20:19:36,176 - improvements-in-train-log - INFO - Train metrics: l1_loss: 0.4466 | giou_loss: 0.9666 | center_loss: 0.0146 | total_loss: 4.1807
2025-05-28 20:21:08,850 - improvements-in-train-log - INFO - Epoch 4, Batch 500/1360, Loss: 4.3480
2025-05-28 20:21:08,850 - improvements-in-train-log - INFO - Train metrics: l1_loss: 0.4715 | giou_loss: 0.9869 | center_loss: 0.0169 | total_loss: 4.3480
2025-05-28 20:22:41,387 - improvements-in-train-log - INFO - Epoch 4, Batch 550/1360, Loss: 4.6014
2025-05-28 20:22:41,387 - improvements-in-train-log - INFO - Train metrics: l1_loss: 0.4909 | giou_loss: 1.0644 | center_loss: 0.0181 | total_loss: 4.6014
2025-05-28 20:24:14,371 - improvements-in-train-log - INFO - Epoch 4, Batch 600/1360, Loss: 5.3201
2025-05-28 20:24:14,371 - improvements-in-train-log - INFO - Train metrics: l1_loss: 0.5920 | giou_loss: 1.1669 | center_loss: 0.0264 | total_loss: 5.3201
2025-05-28 20:25:47,768 - improvements-in-train-log - INFO - Epoch 4, Batch 650/1360, Loss: 4.9312
2025-05-28 20:25:47,768 - improvements-in-train-log - INFO - Train metrics: l1_loss: 0.5429 | giou_loss: 1.0964 | center_loss: 0.0240 | total_loss: 4.9312
2025-05-28 20:27:20,549 - improvements-in-train-log - INFO - Epoch 4, Batch 700/1360, Loss: 3.7319
2025-05-28 20:27:20,549 - improvements-in-train-log - INFO - Train metrics: l1_loss: 0.3804 | giou_loss: 0.9098 | center_loss: 0.0105 | total_loss: 3.7319
2025-05-28 20:28:53,545 - improvements-in-train-log - INFO - Epoch 4, Batch 750/1360, Loss: 4.7981
2025-05-28 20:28:53,545 - improvements-in-train-log - INFO - Train metrics: l1_loss: 0.5320 | giou_loss: 1.0581 | center_loss: 0.0219 | total_loss: 4.7981
2025-05-28 20:30:26,398 - improvements-in-train-log - INFO - Epoch 4, Batch 800/1360, Loss: 4.4365
2025-05-28 20:30:26,398 - improvements-in-train-log - INFO - Train metrics: l1_loss: 0.4725 | giou_loss: 1.0291 | center_loss: 0.0158 | total_loss: 4.4365
2025-05-28 20:31:59,780 - improvements-in-train-log - INFO - Epoch 4, Batch 850/1360, Loss: 4.1226
2025-05-28 20:31:59,780 - improvements-in-train-log - INFO - Train metrics: l1_loss: 0.4208 | giou_loss: 1.0035 | center_loss: 0.0117 | total_loss: 4.1226
2025-05-28 20:33:32,889 - improvements-in-train-log - INFO - Epoch 4, Batch 900/1360, Loss: 4.5688
2025-05-28 20:33:32,889 - improvements-in-train-log - INFO - Train metrics: l1_loss: 0.5167 | giou_loss: 0.9821 | center_loss: 0.0210 | total_loss: 4.5688
2025-05-28 20:35:06,217 - improvements-in-train-log - INFO - Epoch 4, Batch 950/1360, Loss: 4.0928
2025-05-28 20:35:06,217 - improvements-in-train-log - INFO - Train metrics: l1_loss: 0.4416 | giou_loss: 0.9356 | center_loss: 0.0138 | total_loss: 4.0928
2025-05-28 20:36:39,631 - improvements-in-train-log - INFO - Epoch 4, Batch 1000/1360, Loss: 4.4333
2025-05-28 20:36:39,631 - improvements-in-train-log - INFO - Train metrics: l1_loss: 0.4939 | giou_loss: 0.9718 | center_loss: 0.0201 | total_loss: 4.4333
2025-05-28 20:38:12,810 - improvements-in-train-log - INFO - Epoch 4, Batch 1050/1360, Loss: 4.7456
2025-05-28 20:38:12,810 - improvements-in-train-log - INFO - Train metrics: l1_loss: 0.5351 | giou_loss: 1.0236 | center_loss: 0.0230 | total_loss: 4.7456
2025-05-28 20:39:46,480 - improvements-in-train-log - INFO - Epoch 4, Batch 1100/1360, Loss: 5.2026
2025-05-28 20:39:46,480 - improvements-in-train-log - INFO - Train metrics: l1_loss: 0.5841 | giou_loss: 1.1265 | center_loss: 0.0293 | total_loss: 5.2026
2025-05-28 20:41:19,596 - improvements-in-train-log - INFO - Epoch 4, Batch 1150/1360, Loss: 3.9966
2025-05-28 20:41:19,597 - improvements-in-train-log - INFO - Train metrics: l1_loss: 0.4212 | giou_loss: 0.9382 | center_loss: 0.0141 | total_loss: 3.9966
2025-05-28 20:42:53,177 - improvements-in-train-log - INFO - Epoch 4, Batch 1200/1360, Loss: 4.1194
2025-05-28 20:42:53,177 - improvements-in-train-log - INFO - Train metrics: l1_loss: 0.4393 | giou_loss: 0.9536 | center_loss: 0.0159 | total_loss: 4.1194
2025-05-28 20:44:26,375 - improvements-in-train-log - INFO - Epoch 4, Batch 1250/1360, Loss: 4.2383
2025-05-28 20:44:26,375 - improvements-in-train-log - INFO - Train metrics: l1_loss: 0.4660 | giou_loss: 0.9469 | center_loss: 0.0146 | total_loss: 4.2383
2025-05-28 20:45:59,547 - improvements-in-train-log - INFO - Epoch 4, Batch 1300/1360, Loss: 5.3077
2025-05-28 20:45:59,547 - improvements-in-train-log - INFO - Train metrics: l1_loss: 0.5862 | giou_loss: 1.1755 | center_loss: 0.0257 | total_loss: 5.3077
2025-05-28 20:47:32,952 - improvements-in-train-log - INFO - Epoch 4, Batch 1350/1360, Loss: 4.1772
2025-05-28 20:47:32,952 - improvements-in-train-log - INFO - Train metrics: l1_loss: 0.4485 | giou_loss: 0.9605 | center_loss: 0.0134 | total_loss: 4.1772
2025-05-28 20:47:49,472 - improvements-in-train-log - INFO - Train Epoch 4, Loss: 4.6019
2025-05-28 20:50:25,207 - improvements-in-train-log - INFO - Sample 1 - Pred: [313.0629577636719, 275.7408447265625, 498.03509521484375, 472.7213439941406], Target: [428.0, 366.0, 542.0, 457.0]
2025-05-28 20:50:25,207 - improvements-in-train-log - INFO - Sample 2 - Pred: [319.7015075683594, 304.8974914550781, 476.80670166015625, 470.1485595703125], Target: [361.0, 256.0, 521.0, 414.0]
2025-05-28 20:50:25,207 - improvements-in-train-log - INFO - Sample 3 - Pred: [483.223388671875, 208.68919372558594, 759.8485107421875, 643.924072265625], Target: [490.0, 64.0, 570.0, 745.0]
2025-05-28 20:50:25,312 - improvements-in-train-log - INFO - Validation Epoch 4, Loss: 4.8138
2025-05-28 20:50:25,312 - improvements-in-train-log - INFO - Val metrics: Acc@0.25: 0.2527 | Acc@0.5: 0.0914 | Acc@0.75: 0.0105 | mIoU: 0.1478 | medianIoU: 0.0323 | mae_x1: 112.9234 | mae_y1: 116.1175 | mae_x2: 117.9572 | mae_y2: 113.7086 | center_x_error: 100.4405 | center_y_error: 98.4753 | width_error: 3.1819 | height_error: 3.0420 | loss: 4.8138
2025-05-28 20:50:26,183 - improvements-in-train-log - INFO - Saved model checkpoint to /home/pokle/Trans-VG/visual_grounding/checkpoints/improvements-in-train-log_epoch4.pth
2025-05-28 20:50:26,183 - improvements-in-train-log - INFO - New best model! Acc@0.5: 0.0914
2025-05-28 20:50:26,183 - improvements-in-train-log - INFO - Epoch 5/200
2025-05-28 20:50:30,197 - improvements-in-train-log - INFO - Epoch 5, Batch 0/1360, Loss: 4.8323
2025-05-28 20:50:30,197 - improvements-in-train-log - INFO - Train metrics: l1_loss: 0.5245 | giou_loss: 1.0923 | center_loss: 0.0251 | total_loss: 4.8323
2025-05-28 20:52:03,072 - improvements-in-train-log - INFO - Epoch 5, Batch 50/1360, Loss: 5.7120
2025-05-28 20:52:03,073 - improvements-in-train-log - INFO - Train metrics: l1_loss: 0.6660 | giou_loss: 1.1707 | center_loss: 0.0407 | total_loss: 5.7120
2025-05-28 20:53:35,459 - improvements-in-train-log - INFO - Epoch 5, Batch 100/1360, Loss: 4.4039
2025-05-28 20:53:35,459 - improvements-in-train-log - INFO - Train metrics: l1_loss: 0.4642 | giou_loss: 1.0325 | center_loss: 0.0178 | total_loss: 4.4039
2025-05-28 20:55:08,558 - improvements-in-train-log - INFO - Epoch 5, Batch 150/1360, Loss: 4.3192
2025-05-28 20:55:08,558 - improvements-in-train-log - INFO - Train metrics: l1_loss: 0.4685 | giou_loss: 0.9790 | center_loss: 0.0188 | total_loss: 4.3192
2025-05-28 20:56:41,583 - improvements-in-train-log - INFO - Epoch 5, Batch 200/1360, Loss: 5.3371
2025-05-28 20:56:41,584 - improvements-in-train-log - INFO - Train metrics: l1_loss: 0.5975 | giou_loss: 1.1603 | center_loss: 0.0290 | total_loss: 5.3371
2025-05-28 20:58:14,121 - improvements-in-train-log - INFO - Epoch 5, Batch 250/1360, Loss: 4.7341
2025-05-28 20:58:14,122 - improvements-in-train-log - INFO - Train metrics: l1_loss: 0.5269 | giou_loss: 1.0380 | center_loss: 0.0234 | total_loss: 4.7341
2025-05-28 20:59:47,349 - improvements-in-train-log - INFO - Epoch 5, Batch 300/1360, Loss: 4.3909
2025-05-28 20:59:47,349 - improvements-in-train-log - INFO - Train metrics: l1_loss: 0.4684 | giou_loss: 1.0152 | center_loss: 0.0184 | total_loss: 4.3909
2025-05-28 21:01:20,526 - improvements-in-train-log - INFO - Epoch 5, Batch 350/1360, Loss: 3.9491
2025-05-28 21:01:20,527 - improvements-in-train-log - INFO - Train metrics: l1_loss: 0.3968 | giou_loss: 0.9773 | center_loss: 0.0108 | total_loss: 3.9491
2025-05-28 21:02:53,265 - improvements-in-train-log - INFO - Epoch 5, Batch 400/1360, Loss: 5.1248
2025-05-28 21:02:53,266 - improvements-in-train-log - INFO - Train metrics: l1_loss: 0.5822 | giou_loss: 1.0908 | center_loss: 0.0320 | total_loss: 5.1248
2025-05-28 21:04:26,578 - improvements-in-train-log - INFO - Epoch 5, Batch 450/1360, Loss: 4.8104
2025-05-28 21:04:26,579 - improvements-in-train-log - INFO - Train metrics: l1_loss: 0.5416 | giou_loss: 1.0391 | center_loss: 0.0241 | total_loss: 4.8104
2025-05-28 21:06:00,505 - improvements-in-train-log - INFO - Epoch 5, Batch 500/1360, Loss: 5.1525
2025-05-28 21:06:00,505 - improvements-in-train-log - INFO - Train metrics: l1_loss: 0.5625 | giou_loss: 1.1555 | center_loss: 0.0292 | total_loss: 5.1525
2025-05-28 21:07:33,678 - improvements-in-train-log - INFO - Epoch 5, Batch 550/1360, Loss: 4.9175
2025-05-28 21:07:33,678 - improvements-in-train-log - INFO - Train metrics: l1_loss: 0.5472 | giou_loss: 1.0786 | center_loss: 0.0242 | total_loss: 4.9175
2025-05-28 21:09:06,874 - improvements-in-train-log - INFO - Epoch 5, Batch 600/1360, Loss: 4.2211
2025-05-28 21:09:06,875 - improvements-in-train-log - INFO - Train metrics: l1_loss: 0.4352 | giou_loss: 1.0142 | center_loss: 0.0166 | total_loss: 4.2211
2025-05-28 21:10:39,842 - improvements-in-train-log - INFO - Epoch 5, Batch 650/1360, Loss: 4.8411
2025-05-28 21:10:39,842 - improvements-in-train-log - INFO - Train metrics: l1_loss: 0.5268 | giou_loss: 1.0926 | center_loss: 0.0221 | total_loss: 4.8411
2025-05-28 21:12:12,763 - improvements-in-train-log - INFO - Epoch 5, Batch 700/1360, Loss: 4.7890
2025-05-28 21:12:12,763 - improvements-in-train-log - INFO - Train metrics: l1_loss: 0.5157 | giou_loss: 1.0961 | center_loss: 0.0184 | total_loss: 4.7890
2025-05-28 21:13:45,955 - improvements-in-train-log - INFO - Epoch 5, Batch 750/1360, Loss: 4.8709
2025-05-28 21:13:45,955 - improvements-in-train-log - INFO - Train metrics: l1_loss: 0.5515 | giou_loss: 1.0432 | center_loss: 0.0272 | total_loss: 4.8709
2025-05-28 21:15:18,567 - improvements-in-train-log - INFO - Epoch 5, Batch 800/1360, Loss: 4.6366
2025-05-28 21:15:18,567 - improvements-in-train-log - INFO - Train metrics: l1_loss: 0.5063 | giou_loss: 1.0421 | center_loss: 0.0206 | total_loss: 4.6366
2025-05-28 21:16:51,555 - improvements-in-train-log - INFO - Epoch 5, Batch 850/1360, Loss: 4.6042
2025-05-28 21:16:51,555 - improvements-in-train-log - INFO - Train metrics: l1_loss: 0.5342 | giou_loss: 0.9538 | center_loss: 0.0255 | total_loss: 4.6042
2025-05-28 21:18:24,232 - improvements-in-train-log - INFO - Epoch 5, Batch 900/1360, Loss: 4.6642
2025-05-28 21:18:24,232 - improvements-in-train-log - INFO - Train metrics: l1_loss: 0.4920 | giou_loss: 1.0921 | center_loss: 0.0198 | total_loss: 4.6642
2025-05-28 21:19:57,078 - improvements-in-train-log - INFO - Epoch 5, Batch 950/1360, Loss: 4.2284
2025-05-28 21:19:57,079 - improvements-in-train-log - INFO - Train metrics: l1_loss: 0.4437 | giou_loss: 0.9980 | center_loss: 0.0141 | total_loss: 4.2284
2025-05-28 21:21:30,336 - improvements-in-train-log - INFO - Epoch 5, Batch 1000/1360, Loss: 4.6051
2025-05-28 21:21:30,336 - improvements-in-train-log - INFO - Train metrics: l1_loss: 0.4973 | giou_loss: 1.0480 | center_loss: 0.0225 | total_loss: 4.6051
2025-05-28 21:23:02,436 - improvements-in-train-log - INFO - Epoch 5, Batch 1050/1360, Loss: 4.4066
2025-05-28 21:23:02,437 - improvements-in-train-log - INFO - Train metrics: l1_loss: 0.4475 | giou_loss: 1.0759 | center_loss: 0.0170 | total_loss: 4.4066
2025-05-28 21:24:34,801 - improvements-in-train-log - INFO - Epoch 5, Batch 1100/1360, Loss: 4.5307
2025-05-28 21:24:34,801 - improvements-in-train-log - INFO - Train metrics: l1_loss: 0.4888 | giou_loss: 1.0335 | center_loss: 0.0196 | total_loss: 4.5307
2025-05-28 21:26:07,778 - improvements-in-train-log - INFO - Epoch 5, Batch 1150/1360, Loss: 4.7512
2025-05-28 21:26:07,779 - improvements-in-train-log - INFO - Train metrics: l1_loss: 0.5166 | giou_loss: 1.0747 | center_loss: 0.0188 | total_loss: 4.7512
2025-05-28 21:27:40,543 - improvements-in-train-log - INFO - Epoch 5, Batch 1200/1360, Loss: 4.4466
2025-05-28 21:27:40,543 - improvements-in-train-log - INFO - Train metrics: l1_loss: 0.4803 | giou_loss: 1.0128 | center_loss: 0.0194 | total_loss: 4.4466
2025-05-28 21:29:13,730 - improvements-in-train-log - INFO - Epoch 5, Batch 1250/1360, Loss: 5.3232
2025-05-28 21:29:13,730 - improvements-in-train-log - INFO - Train metrics: l1_loss: 0.6139 | giou_loss: 1.1118 | center_loss: 0.0303 | total_loss: 5.3232
2025-05-28 21:30:46,818 - improvements-in-train-log - INFO - Epoch 5, Batch 1300/1360, Loss: 5.0755
2025-05-28 21:30:46,819 - improvements-in-train-log - INFO - Train metrics: l1_loss: 0.5691 | giou_loss: 1.1003 | center_loss: 0.0296 | total_loss: 5.0755
2025-05-28 21:32:19,693 - improvements-in-train-log - INFO - Epoch 5, Batch 1350/1360, Loss: 4.1100
2025-05-28 21:32:19,693 - improvements-in-train-log - INFO - Train metrics: l1_loss: 0.4343 | giou_loss: 0.9630 | center_loss: 0.0127 | total_loss: 4.1100
2025-05-28 21:32:36,422 - improvements-in-train-log - INFO - Train Epoch 5, Loss: 4.5534
2025-05-28 21:35:11,708 - improvements-in-train-log - INFO - Sample 1 - Pred: [104.57354736328125, 43.3974609375, 631.6685180664062, 692.6390380859375], Target: [314.0, 58.0, 785.0, 704.0]
2025-05-28 21:35:11,709 - improvements-in-train-log - INFO - Sample 2 - Pred: [230.80892944335938, 208.25440979003906, 646.096435546875, 590.7346801757812], Target: [139.0, 128.0, 658.0, 387.0]
2025-05-28 21:35:11,709 - improvements-in-train-log - INFO - Sample 3 - Pred: [297.07391357421875, 270.23883056640625, 533.6674194335938, 503.9609069824219], Target: [500.0, 650.0, 520.0, 698.0]
2025-05-28 21:35:11,809 - improvements-in-train-log - INFO - Validation Epoch 5, Loss: 4.7898
2025-05-28 21:35:11,809 - improvements-in-train-log - INFO - Val metrics: Acc@0.25: 0.2555 | Acc@0.5: 0.0936 | Acc@0.75: 0.0105 | mIoU: 0.1485 | medianIoU: 0.0306 | mae_x1: 111.3900 | mae_y1: 109.6518 | mae_x2: 117.6091 | mae_y2: 115.8682 | center_x_error: 100.3710 | center_y_error: 97.0856 | width_error: 3.0433 | height_error: 2.9284 | loss: 4.7898
2025-05-28 21:35:12,654 - improvements-in-train-log - INFO - Saved model checkpoint to /home/pokle/Trans-VG/visual_grounding/checkpoints/improvements-in-train-log_epoch5.pth
2025-05-28 21:35:12,654 - improvements-in-train-log - INFO - New best model! Acc@0.5: 0.0936
2025-05-28 21:35:12,654 - improvements-in-train-log - INFO - Epoch 6/200
2025-05-28 21:35:16,639 - improvements-in-train-log - INFO - Epoch 6, Batch 0/1360, Loss: 5.0246
2025-05-28 21:35:16,639 - improvements-in-train-log - INFO - Train metrics: l1_loss: 0.5590 | giou_loss: 1.0999 | center_loss: 0.0296 | total_loss: 5.0246
2025-05-28 21:36:50,020 - improvements-in-train-log - INFO - Epoch 6, Batch 50/1360, Loss: 4.4090
2025-05-28 21:36:50,020 - improvements-in-train-log - INFO - Train metrics: l1_loss: 0.4763 | giou_loss: 1.0057 | center_loss: 0.0163 | total_loss: 4.4090
2025-05-28 21:38:22,597 - improvements-in-train-log - INFO - Epoch 6, Batch 100/1360, Loss: 4.3485
2025-05-28 21:38:22,597 - improvements-in-train-log - INFO - Train metrics: l1_loss: 0.4469 | giou_loss: 1.0494 | center_loss: 0.0155 | total_loss: 4.3485
2025-05-28 21:39:55,892 - improvements-in-train-log - INFO - Epoch 6, Batch 150/1360, Loss: 4.8851
2025-05-28 21:39:55,892 - improvements-in-train-log - INFO - Train metrics: l1_loss: 0.5462 | giou_loss: 1.0639 | center_loss: 0.0260 | total_loss: 4.8851
2025-05-28 21:41:28,755 - improvements-in-train-log - INFO - Epoch 6, Batch 200/1360, Loss: 4.5415
2025-05-28 21:41:28,756 - improvements-in-train-log - INFO - Train metrics: l1_loss: 0.4918 | giou_loss: 1.0319 | center_loss: 0.0191 | total_loss: 4.5415
2025-05-28 21:43:01,845 - improvements-in-train-log - INFO - Epoch 6, Batch 250/1360, Loss: 5.3782
2025-05-28 21:43:01,845 - improvements-in-train-log - INFO - Train metrics: l1_loss: 0.5892 | giou_loss: 1.2007 | center_loss: 0.0307 | total_loss: 5.3782
2025-05-28 21:44:34,663 - improvements-in-train-log - INFO - Epoch 6, Batch 300/1360, Loss: 4.6429
2025-05-28 21:44:34,664 - improvements-in-train-log - INFO - Train metrics: l1_loss: 0.4984 | giou_loss: 1.0653 | center_loss: 0.0204 | total_loss: 4.6429
2025-05-28 21:46:07,698 - improvements-in-train-log - INFO - Epoch 6, Batch 350/1360, Loss: 4.2807
2025-05-28 21:46:07,698 - improvements-in-train-log - INFO - Train metrics: l1_loss: 0.4648 | giou_loss: 0.9700 | center_loss: 0.0168 | total_loss: 4.2807
2025-05-28 21:47:40,698 - improvements-in-train-log - INFO - Epoch 6, Batch 400/1360, Loss: 3.7930
2025-05-28 21:47:40,699 - improvements-in-train-log - INFO - Train metrics: l1_loss: 0.4084 | giou_loss: 0.8679 | center_loss: 0.0150 | total_loss: 3.7930
2025-05-28 21:49:14,067 - improvements-in-train-log - INFO - Epoch 6, Batch 450/1360, Loss: 3.8667
2025-05-28 21:49:14,067 - improvements-in-train-log - INFO - Train metrics: l1_loss: 0.4025 | giou_loss: 0.9193 | center_loss: 0.0156 | total_loss: 3.8667
2025-05-28 21:50:46,843 - improvements-in-train-log - INFO - Epoch 6, Batch 500/1360, Loss: 4.0942
2025-05-28 21:50:46,844 - improvements-in-train-log - INFO - Train metrics: l1_loss: 0.4490 | giou_loss: 0.9170 | center_loss: 0.0150 | total_loss: 4.0942
2025-05-28 21:52:19,398 - improvements-in-train-log - INFO - Epoch 6, Batch 550/1360, Loss: 4.1898
2025-05-28 21:52:19,398 - improvements-in-train-log - INFO - Train metrics: l1_loss: 0.4294 | giou_loss: 1.0167 | center_loss: 0.0095 | total_loss: 4.1898
2025-05-28 21:53:52,760 - improvements-in-train-log - INFO - Epoch 6, Batch 600/1360, Loss: 4.4960
2025-05-28 21:53:52,760 - improvements-in-train-log - INFO - Train metrics: l1_loss: 0.4816 | giou_loss: 1.0341 | center_loss: 0.0197 | total_loss: 4.4960
2025-05-28 21:55:26,112 - improvements-in-train-log - INFO - Epoch 6, Batch 650/1360, Loss: 5.0251
2025-05-28 21:55:26,113 - improvements-in-train-log - INFO - Train metrics: l1_loss: 0.5402 | giou_loss: 1.1506 | center_loss: 0.0230 | total_loss: 5.0251
2025-05-28 21:56:59,275 - improvements-in-train-log - INFO - Epoch 6, Batch 700/1360, Loss: 4.7953
2025-05-28 21:56:59,275 - improvements-in-train-log - INFO - Train metrics: l1_loss: 0.5217 | giou_loss: 1.0817 | center_loss: 0.0237 | total_loss: 4.7953
2025-05-28 21:58:32,544 - improvements-in-train-log - INFO - Epoch 6, Batch 750/1360, Loss: 3.9676
2025-05-28 21:58:32,544 - improvements-in-train-log - INFO - Train metrics: l1_loss: 0.4178 | giou_loss: 0.9320 | center_loss: 0.0148 | total_loss: 3.9676
2025-05-28 22:00:05,734 - improvements-in-train-log - INFO - Epoch 6, Batch 800/1360, Loss: 4.4563
2025-05-28 22:00:05,735 - improvements-in-train-log - INFO - Train metrics: l1_loss: 0.4716 | giou_loss: 1.0410 | center_loss: 0.0163 | total_loss: 4.4563
2025-05-28 22:01:38,731 - improvements-in-train-log - INFO - Epoch 6, Batch 850/1360, Loss: 4.2196
2025-05-28 22:01:38,731 - improvements-in-train-log - INFO - Train metrics: l1_loss: 0.4574 | giou_loss: 0.9558 | center_loss: 0.0208 | total_loss: 4.2196
2025-05-28 22:03:11,897 - improvements-in-train-log - INFO - Epoch 6, Batch 900/1360, Loss: 4.7602
2025-05-28 22:03:11,897 - improvements-in-train-log - INFO - Train metrics: l1_loss: 0.5048 | giou_loss: 1.1069 | center_loss: 0.0223 | total_loss: 4.7602
2025-05-28 22:04:44,766 - improvements-in-train-log - INFO - Epoch 6, Batch 950/1360, Loss: 4.8279
2025-05-28 22:04:44,766 - improvements-in-train-log - INFO - Train metrics: l1_loss: 0.5294 | giou_loss: 1.0789 | center_loss: 0.0234 | total_loss: 4.8279
2025-05-28 22:06:18,062 - improvements-in-train-log - INFO - Epoch 6, Batch 1000/1360, Loss: 4.1412
2025-05-28 22:06:18,062 - improvements-in-train-log - INFO - Train metrics: l1_loss: 0.4409 | giou_loss: 0.9600 | center_loss: 0.0165 | total_loss: 4.1412
2025-05-28 22:07:50,947 - improvements-in-train-log - INFO - Epoch 6, Batch 1050/1360, Loss: 4.5075
2025-05-28 22:07:50,947 - improvements-in-train-log - INFO - Train metrics: l1_loss: 0.4978 | giou_loss: 0.9994 | center_loss: 0.0198 | total_loss: 4.5075
2025-05-28 22:09:23,808 - improvements-in-train-log - INFO - Epoch 6, Batch 1100/1360, Loss: 4.1056
2025-05-28 22:09:23,808 - improvements-in-train-log - INFO - Train metrics: l1_loss: 0.4029 | giou_loss: 1.0400 | center_loss: 0.0113 | total_loss: 4.1056
2025-05-28 22:10:56,814 - improvements-in-train-log - INFO - Epoch 6, Batch 1150/1360, Loss: 4.8008
2025-05-28 22:10:56,814 - improvements-in-train-log - INFO - Train metrics: l1_loss: 0.5259 | giou_loss: 1.0745 | center_loss: 0.0222 | total_loss: 4.8008
2025-05-28 22:12:29,854 - improvements-in-train-log - INFO - Epoch 6, Batch 1200/1360, Loss: 4.8240
2025-05-28 22:12:29,855 - improvements-in-train-log - INFO - Train metrics: l1_loss: 0.5288 | giou_loss: 1.0764 | center_loss: 0.0273 | total_loss: 4.8240
2025-05-28 22:14:02,262 - improvements-in-train-log - INFO - Epoch 6, Batch 1250/1360, Loss: 4.0567
2025-05-28 22:14:02,262 - improvements-in-train-log - INFO - Train metrics: l1_loss: 0.4235 | giou_loss: 0.9628 | center_loss: 0.0137 | total_loss: 4.0567
2025-05-28 22:15:35,301 - improvements-in-train-log - INFO - Epoch 6, Batch 1300/1360, Loss: 4.5353
2025-05-28 22:15:35,301 - improvements-in-train-log - INFO - Train metrics: l1_loss: 0.5019 | giou_loss: 1.0027 | center_loss: 0.0205 | total_loss: 4.5353
2025-05-28 22:17:08,293 - improvements-in-train-log - INFO - Epoch 6, Batch 1350/1360, Loss: 4.1174
2025-05-28 22:17:08,294 - improvements-in-train-log - INFO - Train metrics: l1_loss: 0.4327 | giou_loss: 0.9710 | center_loss: 0.0121 | total_loss: 4.1174
2025-05-28 22:17:24,823 - improvements-in-train-log - INFO - Train Epoch 6, Loss: 4.5036
2025-05-28 22:19:59,564 - improvements-in-train-log - INFO - Sample 1 - Pred: [752.17236328125, 243.72103881835938, 952.8447875976562, 493.15545654296875], Target: [638.780029296875, 101.5, 672.4199829101562, 143.27999877929688]
2025-05-28 22:19:59,565 - improvements-in-train-log - INFO - Sample 2 - Pred: [361.4080810546875, 401.44378662109375, 517.4061889648438, 572.6455078125], Target: [738.0399780273438, 593.1699829101562, 763.02001953125, 618.5]
2025-05-28 22:19:59,565 - improvements-in-train-log - INFO - Sample 3 - Pred: [488.2613220214844, 88.36270904541016, 661.5272827148438, 257.5548095703125], Target: [489.0, 341.0, 570.0, 392.0]
2025-05-28 22:19:59,665 - improvements-in-train-log - INFO - Validation Epoch 6, Loss: 4.8169
2025-05-28 22:19:59,666 - improvements-in-train-log - INFO - Val metrics: Acc@0.25: 0.2507 | Acc@0.5: 0.0902 | Acc@0.75: 0.0103 | mIoU: 0.1463 | medianIoU: 0.0288 | mae_x1: 112.7726 | mae_y1: 114.6057 | mae_x2: 115.9665 | mae_y2: 112.7881 | center_x_error: 99.6662 | center_y_error: 99.2932 | width_error: 3.0420 | height_error: 2.7536 | loss: 4.8169
2025-05-28 22:20:00,583 - improvements-in-train-log - INFO - Saved model checkpoint to /home/pokle/Trans-VG/visual_grounding/checkpoints/improvements-in-train-log_epoch6.pth
2025-05-28 22:20:00,584 - improvements-in-train-log - INFO - Epoch 7/200
2025-05-28 22:20:04,529 - improvements-in-train-log - INFO - Epoch 7, Batch 0/1360, Loss: 3.8483
2025-05-28 22:20:04,529 - improvements-in-train-log - INFO - Train metrics: l1_loss: 0.3735 | giou_loss: 0.9846 | center_loss: 0.0116 | total_loss: 3.8483
2025-05-28 22:21:36,916 - improvements-in-train-log - INFO - Epoch 7, Batch 50/1360, Loss: 5.0945
2025-05-28 22:21:36,916 - improvements-in-train-log - INFO - Train metrics: l1_loss: 0.5786 | giou_loss: 1.0866 | center_loss: 0.0284 | total_loss: 5.0945
2025-05-28 22:23:09,747 - improvements-in-train-log - INFO - Epoch 7, Batch 100/1360, Loss: 4.9392
2025-05-28 22:23:09,748 - improvements-in-train-log - INFO - Train metrics: l1_loss: 0.5583 | giou_loss: 1.0606 | center_loss: 0.0264 | total_loss: 4.9392
2025-05-28 22:24:42,938 - improvements-in-train-log - INFO - Epoch 7, Batch 150/1360, Loss: 4.7246
2025-05-28 22:24:42,938 - improvements-in-train-log - INFO - Train metrics: l1_loss: 0.5041 | giou_loss: 1.0935 | center_loss: 0.0170 | total_loss: 4.7246
2025-05-28 22:26:15,875 - improvements-in-train-log - INFO - Epoch 7, Batch 200/1360, Loss: 4.5054
2025-05-28 22:26:15,875 - improvements-in-train-log - INFO - Train metrics: l1_loss: 0.5024 | giou_loss: 0.9846 | center_loss: 0.0242 | total_loss: 4.5054
2025-05-28 22:27:49,317 - improvements-in-train-log - INFO - Epoch 7, Batch 250/1360, Loss: 4.8853
2025-05-28 22:27:49,318 - improvements-in-train-log - INFO - Train metrics: l1_loss: 0.5266 | giou_loss: 1.1160 | center_loss: 0.0202 | total_loss: 4.8853
2025-05-28 22:29:22,075 - improvements-in-train-log - INFO - Epoch 7, Batch 300/1360, Loss: 4.8123
2025-05-28 22:29:22,075 - improvements-in-train-log - INFO - Train metrics: l1_loss: 0.5352 | giou_loss: 1.0545 | center_loss: 0.0275 | total_loss: 4.8123
2025-05-28 22:30:54,802 - improvements-in-train-log - INFO - Epoch 7, Batch 350/1360, Loss: 4.1543
2025-05-28 22:30:54,802 - improvements-in-train-log - INFO - Train metrics: l1_loss: 0.4641 | giou_loss: 0.9072 | center_loss: 0.0192 | total_loss: 4.1543
2025-05-28 22:32:27,630 - improvements-in-train-log - INFO - Epoch 7, Batch 400/1360, Loss: 4.6145
2025-05-28 22:32:27,630 - improvements-in-train-log - INFO - Train metrics: l1_loss: 0.4688 | giou_loss: 1.1277 | center_loss: 0.0150 | total_loss: 4.6145
2025-05-28 22:34:00,399 - improvements-in-train-log - INFO - Epoch 7, Batch 450/1360, Loss: 4.7686
2025-05-28 22:34:00,400 - improvements-in-train-log - INFO - Train metrics: l1_loss: 0.5143 | giou_loss: 1.0885 | center_loss: 0.0202 | total_loss: 4.7686
2025-05-28 22:35:33,496 - improvements-in-train-log - INFO - Epoch 7, Batch 500/1360, Loss: 4.2432
2025-05-28 22:35:33,497 - improvements-in-train-log - INFO - Train metrics: l1_loss: 0.4513 | giou_loss: 0.9861 | center_loss: 0.0144 | total_loss: 4.2432
2025-05-28 22:37:06,767 - improvements-in-train-log - INFO - Epoch 7, Batch 550/1360, Loss: 4.4400
2025-05-28 22:37:06,767 - improvements-in-train-log - INFO - Train metrics: l1_loss: 0.4786 | giou_loss: 1.0125 | center_loss: 0.0218 | total_loss: 4.4400
2025-05-28 22:38:39,748 - improvements-in-train-log - INFO - Epoch 7, Batch 600/1360, Loss: 4.0109
2025-05-28 22:38:39,749 - improvements-in-train-log - INFO - Train metrics: l1_loss: 0.4609 | giou_loss: 0.8454 | center_loss: 0.0156 | total_loss: 4.0109
2025-05-28 22:40:12,513 - improvements-in-train-log - INFO - Epoch 7, Batch 650/1360, Loss: 4.6144
2025-05-28 22:40:12,513 - improvements-in-train-log - INFO - Train metrics: l1_loss: 0.4913 | giou_loss: 1.0693 | center_loss: 0.0191 | total_loss: 4.6144
2025-05-28 22:41:45,296 - improvements-in-train-log - INFO - Epoch 7, Batch 700/1360, Loss: 4.8022
2025-05-28 22:41:45,296 - improvements-in-train-log - INFO - Train metrics: l1_loss: 0.5343 | giou_loss: 1.0545 | center_loss: 0.0218 | total_loss: 4.8022
2025-05-28 22:43:18,290 - improvements-in-train-log - INFO - Epoch 7, Batch 750/1360, Loss: 3.7981
2025-05-28 22:43:18,290 - improvements-in-train-log - INFO - Train metrics: l1_loss: 0.4143 | giou_loss: 0.8566 | center_loss: 0.0130 | total_loss: 3.7981
2025-05-28 22:44:50,826 - improvements-in-train-log - INFO - Epoch 7, Batch 800/1360, Loss: 4.0901
2025-05-28 22:44:50,826 - improvements-in-train-log - INFO - Train metrics: l1_loss: 0.4194 | giou_loss: 0.9914 | center_loss: 0.0101 | total_loss: 4.0901
2025-05-28 22:46:24,019 - improvements-in-train-log - INFO - Epoch 7, Batch 850/1360, Loss: 4.4902
2025-05-28 22:46:24,019 - improvements-in-train-log - INFO - Train metrics: l1_loss: 0.4913 | giou_loss: 1.0066 | center_loss: 0.0207 | total_loss: 4.4902
2025-05-28 22:47:57,024 - improvements-in-train-log - INFO - Epoch 7, Batch 900/1360, Loss: 4.1106
2025-05-28 22:47:57,024 - improvements-in-train-log - INFO - Train metrics: l1_loss: 0.4276 | giou_loss: 0.9804 | center_loss: 0.0120 | total_loss: 4.1106
2025-05-28 22:49:30,155 - improvements-in-train-log - INFO - Epoch 7, Batch 950/1360, Loss: 4.1262
2025-05-28 22:49:30,155 - improvements-in-train-log - INFO - Train metrics: l1_loss: 0.4296 | giou_loss: 0.9798 | center_loss: 0.0185 | total_loss: 4.1262
2025-05-28 22:51:02,548 - improvements-in-train-log - INFO - Epoch 7, Batch 1000/1360, Loss: 4.8378
2025-05-28 22:51:02,548 - improvements-in-train-log - INFO - Train metrics: l1_loss: 0.5659 | giou_loss: 0.9896 | center_loss: 0.0292 | total_loss: 4.8378
2025-05-28 22:52:35,113 - improvements-in-train-log - INFO - Epoch 7, Batch 1050/1360, Loss: 3.8165
2025-05-28 22:52:35,113 - improvements-in-train-log - INFO - Train metrics: l1_loss: 0.3983 | giou_loss: 0.9062 | center_loss: 0.0126 | total_loss: 3.8165
2025-05-28 22:54:08,103 - improvements-in-train-log - INFO - Epoch 7, Batch 1100/1360, Loss: 4.5231
2025-05-28 22:54:08,103 - improvements-in-train-log - INFO - Train metrics: l1_loss: 0.5164 | giou_loss: 0.9583 | center_loss: 0.0244 | total_loss: 4.5231
2025-05-28 22:55:41,069 - improvements-in-train-log - INFO - Epoch 7, Batch 1150/1360, Loss: 3.7039
2025-05-28 22:55:41,069 - improvements-in-train-log - INFO - Train metrics: l1_loss: 0.3751 | giou_loss: 0.9091 | center_loss: 0.0099 | total_loss: 3.7039
2025-05-28 22:57:14,077 - improvements-in-train-log - INFO - Epoch 7, Batch 1200/1360, Loss: 3.5201
2025-05-28 22:57:14,077 - improvements-in-train-log - INFO - Train metrics: l1_loss: 0.3480 | giou_loss: 0.8861 | center_loss: 0.0077 | total_loss: 3.5201
2025-05-28 22:58:46,966 - improvements-in-train-log - INFO - Epoch 7, Batch 1250/1360, Loss: 4.2007
2025-05-28 22:58:46,966 - improvements-in-train-log - INFO - Train metrics: l1_loss: 0.4449 | giou_loss: 0.9810 | center_loss: 0.0144 | total_loss: 4.2007
2025-05-28 23:00:19,899 - improvements-in-train-log - INFO - Epoch 7, Batch 1300/1360, Loss: 4.5188
2025-05-28 23:00:19,900 - improvements-in-train-log - INFO - Train metrics: l1_loss: 0.4661 | giou_loss: 1.0864 | center_loss: 0.0155 | total_loss: 4.5188
2025-05-28 23:01:52,578 - improvements-in-train-log - INFO - Epoch 7, Batch 1350/1360, Loss: 4.4382
2025-05-28 23:01:52,578 - improvements-in-train-log - INFO - Train metrics: l1_loss: 0.4611 | giou_loss: 1.0574 | center_loss: 0.0180 | total_loss: 4.4382
2025-05-28 23:02:09,386 - improvements-in-train-log - INFO - Train Epoch 7, Loss: 4.4569
2025-05-28 23:04:44,262 - improvements-in-train-log - INFO - Sample 1 - Pred: [327.4001770019531, 71.52615356445312, 504.0415344238281, 199.35488891601562], Target: [426.0, 72.0, 487.0, 219.0]
2025-05-28 23:04:44,262 - improvements-in-train-log - INFO - Sample 2 - Pred: [278.4199523925781, 216.36085510253906, 544.3839111328125, 471.3803405761719], Target: [1.0, 743.0, 55.0, 759.0]
2025-05-28 23:04:44,262 - improvements-in-train-log - INFO - Sample 3 - Pred: [539.9202880859375, 280.10552978515625, 738.976318359375, 559.3138427734375], Target: [590.0, 399.0, 790.0, 608.0]
2025-05-28 23:04:44,362 - improvements-in-train-log - INFO - Validation Epoch 7, Loss: 4.8198
2025-05-28 23:04:44,362 - improvements-in-train-log - INFO - Val metrics: Acc@0.25: 0.2537 | Acc@0.5: 0.0942 | Acc@0.75: 0.0135 | mIoU: 0.1501 | medianIoU: 0.0296 | mae_x1: 114.5256 | mae_y1: 114.8993 | mae_x2: 114.3714 | mae_y2: 116.4158 | center_x_error: 100.0589 | center_y_error: 100.0461 | width_error: 3.0413 | height_error: 2.9530 | loss: 4.8198
2025-05-28 23:04:45,338 - improvements-in-train-log - INFO - Saved model checkpoint to /home/pokle/Trans-VG/visual_grounding/checkpoints/improvements-in-train-log_epoch7.pth
2025-05-28 23:04:45,339 - improvements-in-train-log - INFO - New best model! Acc@0.5: 0.0942
2025-05-28 23:04:45,339 - improvements-in-train-log - INFO - Epoch 8/200
2025-05-28 23:04:49,313 - improvements-in-train-log - INFO - Epoch 8, Batch 0/1360, Loss: 3.9549
2025-05-28 23:04:49,313 - improvements-in-train-log - INFO - Train metrics: l1_loss: 0.4195 | giou_loss: 0.9231 | center_loss: 0.0110 | total_loss: 3.9549
2025-05-28 23:06:21,892 - improvements-in-train-log - INFO - Epoch 8, Batch 50/1360, Loss: 4.5692
2025-05-28 23:06:21,892 - improvements-in-train-log - INFO - Train metrics: l1_loss: 0.5040 | giou_loss: 1.0147 | center_loss: 0.0199 | total_loss: 4.5692
2025-05-28 23:07:54,253 - improvements-in-train-log - INFO - Epoch 8, Batch 100/1360, Loss: 4.5860
2025-05-28 23:07:54,253 - improvements-in-train-log - INFO - Train metrics: l1_loss: 0.5121 | giou_loss: 1.0034 | center_loss: 0.0186 | total_loss: 4.5860
2025-05-28 23:09:27,444 - improvements-in-train-log - INFO - Epoch 8, Batch 150/1360, Loss: 4.8237
2025-05-28 23:09:27,444 - improvements-in-train-log - INFO - Train metrics: l1_loss: 0.5409 | giou_loss: 1.0457 | center_loss: 0.0281 | total_loss: 4.8237
2025-05-28 23:11:00,418 - improvements-in-train-log - INFO - Epoch 8, Batch 200/1360, Loss: 4.7178
2025-05-28 23:11:00,418 - improvements-in-train-log - INFO - Train metrics: l1_loss: 0.5326 | giou_loss: 1.0144 | center_loss: 0.0261 | total_loss: 4.7178
2025-05-28 23:12:33,138 - improvements-in-train-log - INFO - Epoch 8, Batch 250/1360, Loss: 4.4587
2025-05-28 23:12:33,138 - improvements-in-train-log - INFO - Train metrics: l1_loss: 0.4560 | giou_loss: 1.0812 | center_loss: 0.0161 | total_loss: 4.4587
2025-05-28 23:14:06,155 - improvements-in-train-log - INFO - Epoch 8, Batch 300/1360, Loss: 3.8986
2025-05-28 23:14:06,155 - improvements-in-train-log - INFO - Train metrics: l1_loss: 0.4116 | giou_loss: 0.9137 | center_loss: 0.0134 | total_loss: 3.8986
2025-05-28 23:15:38,947 - improvements-in-train-log - INFO - Epoch 8, Batch 350/1360, Loss: 4.5627
2025-05-28 23:15:38,948 - improvements-in-train-log - INFO - Train metrics: l1_loss: 0.4928 | giou_loss: 1.0395 | center_loss: 0.0197 | total_loss: 4.5627
2025-05-28 23:17:12,118 - improvements-in-train-log - INFO - Epoch 8, Batch 400/1360, Loss: 4.8289
2025-05-28 23:17:12,118 - improvements-in-train-log - INFO - Train metrics: l1_loss: 0.5391 | giou_loss: 1.0524 | center_loss: 0.0284 | total_loss: 4.8289
2025-05-28 23:18:44,475 - improvements-in-train-log - INFO - Epoch 8, Batch 450/1360, Loss: 4.3025
2025-05-28 23:18:44,475 - improvements-in-train-log - INFO - Train metrics: l1_loss: 0.4518 | giou_loss: 1.0145 | center_loss: 0.0143 | total_loss: 4.3025
2025-05-28 23:20:17,468 - improvements-in-train-log - INFO - Epoch 8, Batch 500/1360, Loss: 4.8381
2025-05-28 23:20:17,469 - improvements-in-train-log - INFO - Train metrics: l1_loss: 0.5359 | giou_loss: 1.0653 | center_loss: 0.0280 | total_loss: 4.8381
2025-05-28 23:21:50,433 - improvements-in-train-log - INFO - Epoch 8, Batch 550/1360, Loss: 5.2111
2025-05-28 23:21:50,434 - improvements-in-train-log - INFO - Train metrics: l1_loss: 0.5943 | giou_loss: 1.1060 | center_loss: 0.0278 | total_loss: 5.2111
2025-05-28 23:23:23,210 - improvements-in-train-log - INFO - Epoch 8, Batch 600/1360, Loss: 4.3945
2025-05-28 23:23:23,211 - improvements-in-train-log - INFO - Train metrics: l1_loss: 0.4689 | giou_loss: 1.0162 | center_loss: 0.0174 | total_loss: 4.3945
2025-05-28 23:24:56,402 - improvements-in-train-log - INFO - Epoch 8, Batch 650/1360, Loss: 4.0746
2025-05-28 23:24:56,402 - improvements-in-train-log - INFO - Train metrics: l1_loss: 0.4283 | giou_loss: 0.9595 | center_loss: 0.0141 | total_loss: 4.0746
2025-05-28 23:26:29,294 - improvements-in-train-log - INFO - Epoch 8, Batch 700/1360, Loss: 4.5753
2025-05-28 23:26:29,294 - improvements-in-train-log - INFO - Train metrics: l1_loss: 0.4876 | giou_loss: 1.0589 | center_loss: 0.0197 | total_loss: 4.5753
2025-05-28 23:28:02,364 - improvements-in-train-log - INFO - Epoch 8, Batch 750/1360, Loss: 4.3581
2025-05-28 23:28:02,364 - improvements-in-train-log - INFO - Train metrics: l1_loss: 0.4615 | giou_loss: 1.0160 | center_loss: 0.0184 | total_loss: 4.3581
2025-05-28 23:29:35,059 - improvements-in-train-log - INFO - Epoch 8, Batch 800/1360, Loss: 4.0403
2025-05-28 23:29:35,060 - improvements-in-train-log - INFO - Train metrics: l1_loss: 0.4371 | giou_loss: 0.9214 | center_loss: 0.0117 | total_loss: 4.0403
2025-05-28 23:31:07,852 - improvements-in-train-log - INFO - Epoch 8, Batch 850/1360, Loss: 3.9733
2025-05-28 23:31:07,852 - improvements-in-train-log - INFO - Train metrics: l1_loss: 0.3924 | giou_loss: 1.0000 | center_loss: 0.0113 | total_loss: 3.9733
2025-05-28 23:32:40,254 - improvements-in-train-log - INFO - Epoch 8, Batch 900/1360, Loss: 4.4244
2025-05-28 23:32:40,254 - improvements-in-train-log - INFO - Train metrics: l1_loss: 0.4257 | giou_loss: 1.1398 | center_loss: 0.0162 | total_loss: 4.4244
2025-05-28 23:34:12,845 - improvements-in-train-log - INFO - Epoch 8, Batch 950/1360, Loss: 4.0505
2025-05-28 23:34:12,845 - improvements-in-train-log - INFO - Train metrics: l1_loss: 0.4190 | giou_loss: 0.9708 | center_loss: 0.0141 | total_loss: 4.0505
2025-05-28 23:35:45,817 - improvements-in-train-log - INFO - Epoch 8, Batch 1000/1360, Loss: 4.4920
2025-05-28 23:35:45,817 - improvements-in-train-log - INFO - Train metrics: l1_loss: 0.4651 | giou_loss: 1.0745 | center_loss: 0.0176 | total_loss: 4.4920
2025-05-28 23:37:18,188 - improvements-in-train-log - INFO - Epoch 8, Batch 1050/1360, Loss: 4.6171
2025-05-28 23:37:18,189 - improvements-in-train-log - INFO - Train metrics: l1_loss: 0.4915 | giou_loss: 1.0714 | center_loss: 0.0166 | total_loss: 4.6171
2025-05-28 23:38:51,887 - improvements-in-train-log - INFO - Epoch 8, Batch 1100/1360, Loss: 4.6557
2025-05-28 23:38:51,888 - improvements-in-train-log - INFO - Train metrics: l1_loss: 0.4946 | giou_loss: 1.0816 | center_loss: 0.0195 | total_loss: 4.6557
2025-05-28 23:40:25,482 - improvements-in-train-log - INFO - Epoch 8, Batch 1150/1360, Loss: 3.7303
2025-05-28 23:40:25,483 - improvements-in-train-log - INFO - Train metrics: l1_loss: 0.3751 | giou_loss: 0.9214 | center_loss: 0.0118 | total_loss: 3.7303
2025-05-28 23:41:58,351 - improvements-in-train-log - INFO - Epoch 8, Batch 1200/1360, Loss: 4.7191
2025-05-28 23:41:58,351 - improvements-in-train-log - INFO - Train metrics: l1_loss: 0.4879 | giou_loss: 1.1313 | center_loss: 0.0170 | total_loss: 4.7191
2025-05-28 23:43:31,318 - improvements-in-train-log - INFO - Epoch 8, Batch 1250/1360, Loss: 4.4308
2025-05-28 23:43:31,318 - improvements-in-train-log - INFO - Train metrics: l1_loss: 0.4922 | giou_loss: 0.9741 | center_loss: 0.0217 | total_loss: 4.4308
2025-05-28 23:45:04,085 - improvements-in-train-log - INFO - Epoch 8, Batch 1300/1360, Loss: 4.4189
2025-05-28 23:45:04,085 - improvements-in-train-log - INFO - Train metrics: l1_loss: 0.5112 | giou_loss: 0.9199 | center_loss: 0.0233 | total_loss: 4.4189
2025-05-28 23:46:37,180 - improvements-in-train-log - INFO - Epoch 8, Batch 1350/1360, Loss: 4.3376
2025-05-28 23:46:37,180 - improvements-in-train-log - INFO - Train metrics: l1_loss: 0.4477 | giou_loss: 1.0420 | center_loss: 0.0151 | total_loss: 4.3376
2025-05-28 23:46:54,003 - improvements-in-train-log - INFO - Train Epoch 8, Loss: 4.4008
2025-05-28 23:49:29,195 - improvements-in-train-log - INFO - Sample 1 - Pred: [444.1338806152344, 399.95672607421875, 642.7686767578125, 621.129150390625], Target: [527.6099853515625, 219.0, 572.6199951171875, 265.7200012207031]
2025-05-28 23:49:29,196 - improvements-in-train-log - INFO - Sample 2 - Pred: [297.5849914550781, 306.53369140625, 542.3662719726562, 535.6777954101562], Target: [306.0, 288.0, 427.0, 543.0]
2025-05-28 23:49:29,196 - improvements-in-train-log - INFO - Sample 3 - Pred: [104.9380874633789, 562.6206665039062, 320.5635681152344, 738.5330200195312], Target: [521.0, 610.0, 688.0, 771.0]
2025-05-28 23:49:29,311 - improvements-in-train-log - INFO - Validation Epoch 8, Loss: 4.8364
2025-05-28 23:49:29,311 - improvements-in-train-log - INFO - Val metrics: Acc@0.25: 0.2563 | Acc@0.5: 0.0967 | Acc@0.75: 0.0147 | mIoU: 0.1502 | medianIoU: 0.0308 | mae_x1: 114.5164 | mae_y1: 115.1452 | mae_x2: 118.2220 | mae_y2: 117.1182 | center_x_error: 100.6340 | center_y_error: 100.8587 | width_error: 3.2765 | height_error: 2.9160 | loss: 4.8364
2025-05-28 23:49:30,320 - improvements-in-train-log - INFO - Saved model checkpoint to /home/pokle/Trans-VG/visual_grounding/checkpoints/improvements-in-train-log_epoch8.pth
2025-05-28 23:49:30,321 - improvements-in-train-log - INFO - New best model! Acc@0.5: 0.0967
2025-05-28 23:49:30,321 - improvements-in-train-log - INFO - Epoch 9/200
2025-05-28 23:49:34,131 - improvements-in-train-log - INFO - Epoch 9, Batch 0/1360, Loss: 3.7860
2025-05-28 23:49:34,131 - improvements-in-train-log - INFO - Train metrics: l1_loss: 0.3886 | giou_loss: 0.9159 | center_loss: 0.0110 | total_loss: 3.7860
2025-05-28 23:51:06,785 - improvements-in-train-log - INFO - Epoch 9, Batch 50/1360, Loss: 3.9785
2025-05-28 23:51:06,785 - improvements-in-train-log - INFO - Train metrics: l1_loss: 0.4095 | giou_loss: 0.9602 | center_loss: 0.0104 | total_loss: 3.9785
2025-05-28 23:52:39,770 - improvements-in-train-log - INFO - Epoch 9, Batch 100/1360, Loss: 3.7813
2025-05-28 23:52:39,770 - improvements-in-train-log - INFO - Train metrics: l1_loss: 0.3960 | giou_loss: 0.8946 | center_loss: 0.0119 | total_loss: 3.7813
2025-05-28 23:54:12,778 - improvements-in-train-log - INFO - Epoch 9, Batch 150/1360, Loss: 4.1901
2025-05-28 23:54:12,778 - improvements-in-train-log - INFO - Train metrics: l1_loss: 0.4144 | giou_loss: 1.0518 | center_loss: 0.0143 | total_loss: 4.1901
2025-05-28 23:55:45,530 - improvements-in-train-log - INFO - Epoch 9, Batch 200/1360, Loss: 4.1307
2025-05-28 23:55:45,530 - improvements-in-train-log - INFO - Train metrics: l1_loss: 0.4284 | giou_loss: 0.9895 | center_loss: 0.0096 | total_loss: 4.1307
2025-05-28 23:57:18,501 - improvements-in-train-log - INFO - Epoch 9, Batch 250/1360, Loss: 4.1991
2025-05-28 23:57:18,502 - improvements-in-train-log - INFO - Train metrics: l1_loss: 0.4319 | giou_loss: 1.0121 | center_loss: 0.0156 | total_loss: 4.1991
2025-05-28 23:58:51,586 - improvements-in-train-log - INFO - Epoch 9, Batch 300/1360, Loss: 4.5405
2025-05-28 23:58:51,586 - improvements-in-train-log - INFO - Train metrics: l1_loss: 0.4513 | giou_loss: 1.1339 | center_loss: 0.0159 | total_loss: 4.5405
2025-05-29 00:00:24,870 - improvements-in-train-log - INFO - Epoch 9, Batch 350/1360, Loss: 4.3471
2025-05-29 00:00:24,870 - improvements-in-train-log - INFO - Train metrics: l1_loss: 0.4545 | giou_loss: 1.0294 | center_loss: 0.0158 | total_loss: 4.3471
2025-05-29 00:01:58,055 - improvements-in-train-log - INFO - Epoch 9, Batch 400/1360, Loss: 4.1364
2025-05-29 00:01:58,056 - improvements-in-train-log - INFO - Train metrics: l1_loss: 0.4488 | giou_loss: 0.9354 | center_loss: 0.0213 | total_loss: 4.1364
2025-05-29 00:03:30,831 - improvements-in-train-log - INFO - Epoch 9, Batch 450/1360, Loss: 3.8392
2025-05-29 00:03:30,831 - improvements-in-train-log - INFO - Train metrics: l1_loss: 0.3815 | giou_loss: 0.9616 | center_loss: 0.0087 | total_loss: 3.8392
2025-05-29 00:05:03,525 - improvements-in-train-log - INFO - Epoch 9, Batch 500/1360, Loss: 4.6015
2025-05-29 00:05:03,525 - improvements-in-train-log - INFO - Train metrics: l1_loss: 0.5240 | giou_loss: 0.9767 | center_loss: 0.0278 | total_loss: 4.6015
2025-05-29 00:06:36,786 - improvements-in-train-log - INFO - Epoch 9, Batch 550/1360, Loss: 4.9534
2025-05-29 00:06:36,786 - improvements-in-train-log - INFO - Train metrics: l1_loss: 0.5254 | giou_loss: 1.1482 | center_loss: 0.0300 | total_loss: 4.9534
2025-05-29 00:08:09,964 - improvements-in-train-log - INFO - Epoch 9, Batch 600/1360, Loss: 4.0162
2025-05-29 00:08:09,964 - improvements-in-train-log - INFO - Train metrics: l1_loss: 0.3983 | giou_loss: 1.0078 | center_loss: 0.0089 | total_loss: 4.0162
2025-05-29 00:09:42,541 - improvements-in-train-log - INFO - Epoch 9, Batch 650/1360, Loss: 4.6560
2025-05-29 00:09:42,542 - improvements-in-train-log - INFO - Train metrics: l1_loss: 0.4907 | giou_loss: 1.0906 | center_loss: 0.0214 | total_loss: 4.6560
2025-05-29 00:11:15,507 - improvements-in-train-log - INFO - Epoch 9, Batch 700/1360, Loss: 4.4602
2025-05-29 00:11:15,507 - improvements-in-train-log - INFO - Train metrics: l1_loss: 0.4837 | giou_loss: 1.0106 | center_loss: 0.0204 | total_loss: 4.4602
2025-05-29 00:12:47,893 - improvements-in-train-log - INFO - Epoch 9, Batch 750/1360, Loss: 4.6371
2025-05-29 00:12:47,893 - improvements-in-train-log - INFO - Train metrics: l1_loss: 0.5205 | giou_loss: 1.0056 | center_loss: 0.0232 | total_loss: 4.6371
2025-05-29 00:14:20,441 - improvements-in-train-log - INFO - Epoch 9, Batch 800/1360, Loss: 3.9734
2025-05-29 00:14:20,442 - improvements-in-train-log - INFO - Train metrics: l1_loss: 0.4218 | giou_loss: 0.9246 | center_loss: 0.0151 | total_loss: 3.9734
2025-05-29 00:15:53,826 - improvements-in-train-log - INFO - Epoch 9, Batch 850/1360, Loss: 4.6712
2025-05-29 00:15:53,826 - improvements-in-train-log - INFO - Train metrics: l1_loss: 0.5138 | giou_loss: 1.0392 | center_loss: 0.0238 | total_loss: 4.6712
2025-05-29 00:17:26,570 - improvements-in-train-log - INFO - Epoch 9, Batch 900/1360, Loss: 4.0174
2025-05-29 00:17:26,570 - improvements-in-train-log - INFO - Train metrics: l1_loss: 0.4326 | giou_loss: 0.9191 | center_loss: 0.0161 | total_loss: 4.0174
2025-05-29 00:18:59,599 - improvements-in-train-log - INFO - Epoch 9, Batch 950/1360, Loss: 5.3379
2025-05-29 00:18:59,599 - improvements-in-train-log - INFO - Train metrics: l1_loss: 0.5927 | giou_loss: 1.1732 | center_loss: 0.0277 | total_loss: 5.3379
2025-05-29 00:20:32,778 - improvements-in-train-log - INFO - Epoch 9, Batch 1000/1360, Loss: 5.1179
2025-05-29 00:20:32,778 - improvements-in-train-log - INFO - Train metrics: l1_loss: 0.5787 | giou_loss: 1.0984 | center_loss: 0.0276 | total_loss: 5.1179
2025-05-29 00:22:05,697 - improvements-in-train-log - INFO - Epoch 9, Batch 1050/1360, Loss: 5.1287
2025-05-29 00:22:05,698 - improvements-in-train-log - INFO - Train metrics: l1_loss: 0.5522 | giou_loss: 1.1721 | center_loss: 0.0236 | total_loss: 5.1287
2025-05-29 00:23:38,747 - improvements-in-train-log - INFO - Epoch 9, Batch 1100/1360, Loss: 4.4431
2025-05-29 00:23:38,747 - improvements-in-train-log - INFO - Train metrics: l1_loss: 0.4881 | giou_loss: 0.9905 | center_loss: 0.0217 | total_loss: 4.4431
2025-05-29 00:25:11,622 - improvements-in-train-log - INFO - Epoch 9, Batch 1150/1360, Loss: 4.3334
2025-05-29 00:25:11,622 - improvements-in-train-log - INFO - Train metrics: l1_loss: 0.4610 | giou_loss: 1.0059 | center_loss: 0.0166 | total_loss: 4.3334
2025-05-29 00:26:44,479 - improvements-in-train-log - INFO - Epoch 9, Batch 1200/1360, Loss: 4.4549
2025-05-29 00:26:44,480 - improvements-in-train-log - INFO - Train metrics: l1_loss: 0.4693 | giou_loss: 1.0442 | center_loss: 0.0197 | total_loss: 4.4549
2025-05-29 00:28:17,155 - improvements-in-train-log - INFO - Epoch 9, Batch 1250/1360, Loss: 4.0238
2025-05-29 00:28:17,155 - improvements-in-train-log - INFO - Train metrics: l1_loss: 0.4241 | giou_loss: 0.9456 | center_loss: 0.0120 | total_loss: 4.0238
2025-05-29 00:29:50,041 - improvements-in-train-log - INFO - Epoch 9, Batch 1300/1360, Loss: 4.1466
2025-05-29 00:29:50,041 - improvements-in-train-log - INFO - Train metrics: l1_loss: 0.4366 | giou_loss: 0.9744 | center_loss: 0.0146 | total_loss: 4.1466
2025-05-29 00:31:22,795 - improvements-in-train-log - INFO - Epoch 9, Batch 1350/1360, Loss: 4.1825
2025-05-29 00:31:22,795 - improvements-in-train-log - INFO - Train metrics: l1_loss: 0.4434 | giou_loss: 0.9739 | center_loss: 0.0179 | total_loss: 4.1825
2025-05-29 00:31:39,514 - improvements-in-train-log - INFO - Train Epoch 9, Loss: 4.3598
2025-05-29 00:34:14,284 - improvements-in-train-log - INFO - Sample 1 - Pred: [342.5356140136719, 302.01165771484375, 547.8807373046875, 495.0287780761719], Target: [80.0, 386.0, 103.0, 403.0]
2025-05-29 00:34:14,284 - improvements-in-train-log - INFO - Sample 2 - Pred: [189.6721649169922, 218.4689483642578, 651.0252075195312, 566.729248046875], Target: [99.0, 302.0, 658.0, 489.0]
2025-05-29 00:34:14,285 - improvements-in-train-log - INFO - Sample 3 - Pred: [551.92529296875, 450.8166198730469, 755.6082763671875, 664.8253784179688], Target: [710.9400024414062, 754.0, 744.6900024414062, 806.0]
2025-05-29 00:34:14,390 - improvements-in-train-log - INFO - Validation Epoch 9, Loss: 4.8633
2025-05-29 00:34:14,390 - improvements-in-train-log - INFO - Val metrics: Acc@0.25: 0.2515 | Acc@0.5: 0.0938 | Acc@0.75: 0.0115 | mIoU: 0.1472 | medianIoU: 0.0275 | mae_x1: 111.7372 | mae_y1: 114.4227 | mae_x2: 116.4081 | mae_y2: 118.9713 | center_x_error: 100.0921 | center_y_error: 102.5241 | width_error: 2.9315 | height_error: 2.7479 | loss: 4.8633
2025-05-29 00:34:15,268 - improvements-in-train-log - INFO - Saved model checkpoint to /home/pokle/Trans-VG/visual_grounding/checkpoints/improvements-in-train-log_epoch9.pth
2025-05-29 00:34:15,268 - improvements-in-train-log - INFO - Epoch 10/200
2025-05-29 00:34:19,140 - improvements-in-train-log - INFO - Epoch 10, Batch 0/1360, Loss: 4.4641
2025-05-29 00:34:19,140 - improvements-in-train-log - INFO - Train metrics: l1_loss: 0.4613 | giou_loss: 1.0687 | center_loss: 0.0199 | total_loss: 4.4641
2025-05-29 00:35:51,884 - improvements-in-train-log - INFO - Epoch 10, Batch 50/1360, Loss: 4.1635
2025-05-29 00:35:51,884 - improvements-in-train-log - INFO - Train metrics: l1_loss: 0.4302 | giou_loss: 0.9989 | center_loss: 0.0149 | total_loss: 4.1635
2025-05-29 00:37:25,201 - improvements-in-train-log - INFO - Epoch 10, Batch 100/1360, Loss: 4.0610
2025-05-29 00:37:25,201 - improvements-in-train-log - INFO - Train metrics: l1_loss: 0.4171 | giou_loss: 0.9795 | center_loss: 0.0165 | total_loss: 4.0610
2025-05-29 00:38:58,064 - improvements-in-train-log - INFO - Epoch 10, Batch 150/1360, Loss: 4.1125
2025-05-29 00:38:58,064 - improvements-in-train-log - INFO - Train metrics: l1_loss: 0.4375 | giou_loss: 0.9535 | center_loss: 0.0183 | total_loss: 4.1125
2025-05-29 00:40:30,892 - improvements-in-train-log - INFO - Epoch 10, Batch 200/1360, Loss: 4.1866
2025-05-29 00:40:30,892 - improvements-in-train-log - INFO - Train metrics: l1_loss: 0.4465 | giou_loss: 0.9684 | center_loss: 0.0174 | total_loss: 4.1866
2025-05-29 00:42:03,198 - improvements-in-train-log - INFO - Epoch 10, Batch 250/1360, Loss: 4.2531
2025-05-29 00:42:03,198 - improvements-in-train-log - INFO - Train metrics: l1_loss: 0.4557 | giou_loss: 0.9797 | center_loss: 0.0153 | total_loss: 4.2531
2025-05-29 00:43:36,186 - improvements-in-train-log - INFO - Epoch 10, Batch 300/1360, Loss: 3.8425
2025-05-29 00:43:36,186 - improvements-in-train-log - INFO - Train metrics: l1_loss: 0.3979 | giou_loss: 0.9209 | center_loss: 0.0115 | total_loss: 3.8425
2025-05-29 00:45:09,578 - improvements-in-train-log - INFO - Epoch 10, Batch 350/1360, Loss: 4.9465
2025-05-29 00:45:09,579 - improvements-in-train-log - INFO - Train metrics: l1_loss: 0.5589 | giou_loss: 1.0611 | center_loss: 0.0297 | total_loss: 4.9465
2025-05-29 00:46:42,354 - improvements-in-train-log - INFO - Epoch 10, Batch 400/1360, Loss: 4.3045
2025-05-29 00:46:42,354 - improvements-in-train-log - INFO - Train metrics: l1_loss: 0.4591 | giou_loss: 0.9978 | center_loss: 0.0137 | total_loss: 4.3045
2025-05-29 00:48:15,425 - improvements-in-train-log - INFO - Epoch 10, Batch 450/1360, Loss: 4.1290
2025-05-29 00:48:15,425 - improvements-in-train-log - INFO - Train metrics: l1_loss: 0.4248 | giou_loss: 0.9955 | center_loss: 0.0139 | total_loss: 4.1290
2025-05-29 00:49:48,416 - improvements-in-train-log - INFO - Epoch 10, Batch 500/1360, Loss: 4.6304
2025-05-29 00:49:48,416 - improvements-in-train-log - INFO - Train metrics: l1_loss: 0.4858 | giou_loss: 1.0918 | center_loss: 0.0178 | total_loss: 4.6304
2025-05-29 00:51:21,388 - improvements-in-train-log - INFO - Epoch 10, Batch 550/1360, Loss: 4.4263
2025-05-29 00:51:21,388 - improvements-in-train-log - INFO - Train metrics: l1_loss: 0.4880 | giou_loss: 0.9826 | center_loss: 0.0209 | total_loss: 4.4263
2025-05-29 00:52:54,053 - improvements-in-train-log - INFO - Epoch 10, Batch 600/1360, Loss: 4.2274
2025-05-29 00:52:54,053 - improvements-in-train-log - INFO - Train metrics: l1_loss: 0.4366 | giou_loss: 1.0147 | center_loss: 0.0149 | total_loss: 4.2274
2025-05-29 00:54:26,846 - improvements-in-train-log - INFO - Epoch 10, Batch 650/1360, Loss: 4.4860
2025-05-29 00:54:26,846 - improvements-in-train-log - INFO - Train metrics: l1_loss: 0.4930 | giou_loss: 0.9996 | center_loss: 0.0220 | total_loss: 4.4860
2025-05-29 00:55:59,600 - improvements-in-train-log - INFO - Epoch 10, Batch 700/1360, Loss: 3.8762
2025-05-29 00:55:59,600 - improvements-in-train-log - INFO - Train metrics: l1_loss: 0.3971 | giou_loss: 0.9396 | center_loss: 0.0115 | total_loss: 3.8762
2025-05-29 00:57:32,390 - improvements-in-train-log - INFO - Epoch 10, Batch 750/1360, Loss: 4.3914
2025-05-29 00:57:32,390 - improvements-in-train-log - INFO - Train metrics: l1_loss: 0.4583 | giou_loss: 1.0423 | center_loss: 0.0155 | total_loss: 4.3914
2025-05-29 00:59:05,360 - improvements-in-train-log - INFO - Epoch 10, Batch 800/1360, Loss: 4.0477
2025-05-29 00:59:05,361 - improvements-in-train-log - INFO - Train metrics: l1_loss: 0.4449 | giou_loss: 0.9047 | center_loss: 0.0140 | total_loss: 4.0477
2025-05-29 01:00:38,023 - improvements-in-train-log - INFO - Epoch 10, Batch 850/1360, Loss: 4.3987
2025-05-29 01:00:38,023 - improvements-in-train-log - INFO - Train metrics: l1_loss: 0.4415 | giou_loss: 1.0880 | center_loss: 0.0151 | total_loss: 4.3987
2025-05-29 01:02:10,892 - improvements-in-train-log - INFO - Epoch 10, Batch 900/1360, Loss: 4.1527
2025-05-29 01:02:10,893 - improvements-in-train-log - INFO - Train metrics: l1_loss: 0.4484 | giou_loss: 0.9468 | center_loss: 0.0169 | total_loss: 4.1527
2025-05-29 01:03:43,675 - improvements-in-train-log - INFO - Epoch 10, Batch 950/1360, Loss: 3.5783
2025-05-29 01:03:43,675 - improvements-in-train-log - INFO - Train metrics: l1_loss: 0.3301 | giou_loss: 0.9603 | center_loss: 0.0072 | total_loss: 3.5783
2025-05-29 01:05:16,441 - improvements-in-train-log - INFO - Epoch 10, Batch 1000/1360, Loss: 4.1961
2025-05-29 01:05:16,442 - improvements-in-train-log - INFO - Train metrics: l1_loss: 0.4344 | giou_loss: 1.0043 | center_loss: 0.0153 | total_loss: 4.1961
2025-05-29 01:06:49,025 - improvements-in-train-log - INFO - Epoch 10, Batch 1050/1360, Loss: 4.3291
2025-05-29 01:06:49,025 - improvements-in-train-log - INFO - Train metrics: l1_loss: 0.4718 | giou_loss: 0.9768 | center_loss: 0.0162 | total_loss: 4.3291
2025-05-29 01:08:21,830 - improvements-in-train-log - INFO - Epoch 10, Batch 1100/1360, Loss: 3.7060
2025-05-29 01:08:21,830 - improvements-in-train-log - INFO - Train metrics: l1_loss: 0.3766 | giou_loss: 0.9079 | center_loss: 0.0072 | total_loss: 3.7060
2025-05-29 01:09:54,572 - improvements-in-train-log - INFO - Epoch 10, Batch 1150/1360, Loss: 4.0727
2025-05-29 01:09:54,572 - improvements-in-train-log - INFO - Train metrics: l1_loss: 0.4148 | giou_loss: 0.9920 | center_loss: 0.0145 | total_loss: 4.0727
2025-05-29 01:11:27,540 - improvements-in-train-log - INFO - Epoch 10, Batch 1200/1360, Loss: 4.5301
2025-05-29 01:11:27,541 - improvements-in-train-log - INFO - Train metrics: l1_loss: 0.4875 | giou_loss: 1.0380 | center_loss: 0.0169 | total_loss: 4.5301
2025-05-29 01:13:00,298 - improvements-in-train-log - INFO - Epoch 10, Batch 1250/1360, Loss: 4.5247
2025-05-29 01:13:00,298 - improvements-in-train-log - INFO - Train metrics: l1_loss: 0.4825 | giou_loss: 1.0452 | center_loss: 0.0215 | total_loss: 4.5247
2025-05-29 01:14:33,092 - improvements-in-train-log - INFO - Epoch 10, Batch 1300/1360, Loss: 4.5799
2025-05-29 01:14:33,092 - improvements-in-train-log - INFO - Train metrics: l1_loss: 0.4916 | giou_loss: 1.0501 | center_loss: 0.0216 | total_loss: 4.5799
2025-05-29 01:16:05,874 - improvements-in-train-log - INFO - Epoch 10, Batch 1350/1360, Loss: 4.3195
2025-05-29 01:16:05,875 - improvements-in-train-log - INFO - Train metrics: l1_loss: 0.4676 | giou_loss: 0.9827 | center_loss: 0.0162 | total_loss: 4.3195
2025-05-29 01:16:22,434 - improvements-in-train-log - INFO - Train Epoch 10, Loss: 4.3175
2025-05-29 01:18:57,145 - improvements-in-train-log - INFO - Sample 1 - Pred: [368.48162841796875, 734.2081909179688, 587.1954956054688, 924.27587890625], Target: [333.0, 746.0, 376.4599914550781, 788.1599731445312]
2025-05-29 01:18:57,146 - improvements-in-train-log - INFO - Sample 2 - Pred: [285.19830322265625, 583.6806030273438, 470.2832336425781, 725.9755859375], Target: [412.0, 623.0, 435.0, 660.0]
2025-05-29 01:18:57,146 - improvements-in-train-log - INFO - Sample 3 - Pred: [555.26025390625, 339.800537109375, 728.4634399414062, 546.796142578125], Target: [432.0, 272.0, 685.0, 547.0]
2025-05-29 01:18:57,244 - improvements-in-train-log - INFO - Validation Epoch 10, Loss: 4.8908
2025-05-29 01:18:57,244 - improvements-in-train-log - INFO - Val metrics: Acc@0.25: 0.2551 | Acc@0.5: 0.0995 | Acc@0.75: 0.0123 | mIoU: 0.1493 | medianIoU: 0.0265 | mae_x1: 116.8787 | mae_y1: 114.9966 | mae_x2: 114.3196 | mae_y2: 119.3094 | center_x_error: 101.6672 | center_y_error: 102.9534 | width_error: 2.9285 | height_error: 2.6374 | loss: 4.8908
2025-05-29 01:18:58,221 - improvements-in-train-log - INFO - Saved model checkpoint to /home/pokle/Trans-VG/visual_grounding/checkpoints/improvements-in-train-log_epoch10.pth
2025-05-29 01:18:58,221 - improvements-in-train-log - INFO - New best model! Acc@0.5: 0.0995
2025-05-29 01:18:58,221 - improvements-in-train-log - INFO - Epoch 11/200
2025-05-29 01:19:02,196 - improvements-in-train-log - INFO - Epoch 11, Batch 0/1360, Loss: 4.6272
2025-05-29 01:19:02,197 - improvements-in-train-log - INFO - Train metrics: l1_loss: 0.4963 | giou_loss: 1.0635 | center_loss: 0.0186 | total_loss: 4.6272
2025-05-29 01:20:34,701 - improvements-in-train-log - INFO - Epoch 11, Batch 50/1360, Loss: 3.8695
2025-05-29 01:20:34,701 - improvements-in-train-log - INFO - Train metrics: l1_loss: 0.4131 | giou_loss: 0.8959 | center_loss: 0.0123 | total_loss: 3.8695
2025-05-29 01:22:06,920 - improvements-in-train-log - INFO - Epoch 11, Batch 100/1360, Loss: 4.1298
2025-05-29 01:22:06,920 - improvements-in-train-log - INFO - Train metrics: l1_loss: 0.4254 | giou_loss: 0.9941 | center_loss: 0.0145 | total_loss: 4.1298
2025-05-29 01:23:39,285 - improvements-in-train-log - INFO - Epoch 11, Batch 150/1360, Loss: 3.5405
2025-05-29 01:23:39,286 - improvements-in-train-log - INFO - Train metrics: l1_loss: 0.3409 | giou_loss: 0.9143 | center_loss: 0.0075 | total_loss: 3.5405
2025-05-29 01:25:11,808 - improvements-in-train-log - INFO - Epoch 11, Batch 200/1360, Loss: 4.2418
2025-05-29 01:25:11,808 - improvements-in-train-log - INFO - Train metrics: l1_loss: 0.4565 | giou_loss: 0.9716 | center_loss: 0.0159 | total_loss: 4.2418
2025-05-29 01:26:44,435 - improvements-in-train-log - INFO - Epoch 11, Batch 250/1360, Loss: 4.5237
2025-05-29 01:26:44,435 - improvements-in-train-log - INFO - Train metrics: l1_loss: 0.4791 | giou_loss: 1.0532 | center_loss: 0.0220 | total_loss: 4.5237
2025-05-29 01:28:17,129 - improvements-in-train-log - INFO - Epoch 11, Batch 300/1360, Loss: 4.3165
2025-05-29 01:28:17,129 - improvements-in-train-log - INFO - Train metrics: l1_loss: 0.4384 | giou_loss: 1.0544 | center_loss: 0.0157 | total_loss: 4.3165
2025-05-29 01:29:49,704 - improvements-in-train-log - INFO - Epoch 11, Batch 350/1360, Loss: 4.1084
2025-05-29 01:29:49,704 - improvements-in-train-log - INFO - Train metrics: l1_loss: 0.4207 | giou_loss: 0.9954 | center_loss: 0.0141 | total_loss: 4.1084
2025-05-29 01:31:23,188 - improvements-in-train-log - INFO - Epoch 11, Batch 400/1360, Loss: 4.0668
2025-05-29 01:31:23,188 - improvements-in-train-log - INFO - Train metrics: l1_loss: 0.4078 | giou_loss: 1.0080 | center_loss: 0.0118 | total_loss: 4.0668
2025-05-29 01:32:56,134 - improvements-in-train-log - INFO - Epoch 11, Batch 450/1360, Loss: 4.0204
2025-05-29 01:32:56,135 - improvements-in-train-log - INFO - Train metrics: l1_loss: 0.4369 | giou_loss: 0.9110 | center_loss: 0.0138 | total_loss: 4.0204
2025-05-29 01:34:29,421 - improvements-in-train-log - INFO - Epoch 11, Batch 500/1360, Loss: 4.4021
2025-05-29 01:34:29,421 - improvements-in-train-log - INFO - Train metrics: l1_loss: 0.4706 | giou_loss: 1.0161 | center_loss: 0.0171 | total_loss: 4.4021
2025-05-29 01:36:02,301 - improvements-in-train-log - INFO - Epoch 11, Batch 550/1360, Loss: 4.1760
2025-05-29 01:36:02,302 - improvements-in-train-log - INFO - Train metrics: l1_loss: 0.4604 | giou_loss: 0.9259 | center_loss: 0.0221 | total_loss: 4.1760
2025-05-29 01:37:34,871 - improvements-in-train-log - INFO - Epoch 11, Batch 600/1360, Loss: 4.4047
2025-05-29 01:37:34,871 - improvements-in-train-log - INFO - Train metrics: l1_loss: 0.4597 | giou_loss: 1.0446 | center_loss: 0.0173 | total_loss: 4.4047
2025-05-29 01:39:07,788 - improvements-in-train-log - INFO - Epoch 11, Batch 650/1360, Loss: 4.5869
2025-05-29 01:39:07,788 - improvements-in-train-log - INFO - Train metrics: l1_loss: 0.5015 | giou_loss: 1.0259 | center_loss: 0.0278 | total_loss: 4.5869
2025-05-29 01:40:40,925 - improvements-in-train-log - INFO - Epoch 11, Batch 700/1360, Loss: 4.7514
2025-05-29 01:40:40,925 - improvements-in-train-log - INFO - Train metrics: l1_loss: 0.5187 | giou_loss: 1.0682 | center_loss: 0.0215 | total_loss: 4.7514
2025-05-29 01:42:13,804 - improvements-in-train-log - INFO - Epoch 11, Batch 750/1360, Loss: 3.9269
2025-05-29 01:42:13,804 - improvements-in-train-log - INFO - Train metrics: l1_loss: 0.3700 | giou_loss: 1.0343 | center_loss: 0.0085 | total_loss: 3.9269
2025-05-29 01:43:46,753 - improvements-in-train-log - INFO - Epoch 11, Batch 800/1360, Loss: 4.1558
2025-05-29 01:43:46,754 - improvements-in-train-log - INFO - Train metrics: l1_loss: 0.4417 | giou_loss: 0.9643 | center_loss: 0.0186 | total_loss: 4.1558
2025-05-29 01:45:19,960 - improvements-in-train-log - INFO - Epoch 11, Batch 850/1360, Loss: 4.1300
2025-05-29 01:45:19,960 - improvements-in-train-log - INFO - Train metrics: l1_loss: 0.4179 | giou_loss: 1.0125 | center_loss: 0.0154 | total_loss: 4.1300
2025-05-29 01:46:52,732 - improvements-in-train-log - INFO - Epoch 11, Batch 900/1360, Loss: 4.3691
2025-05-29 01:46:52,732 - improvements-in-train-log - INFO - Train metrics: l1_loss: 0.4517 | giou_loss: 1.0461 | center_loss: 0.0182 | total_loss: 4.3691
2025-05-29 01:48:25,865 - improvements-in-train-log - INFO - Epoch 11, Batch 950/1360, Loss: 4.2624
2025-05-29 01:48:25,865 - improvements-in-train-log - INFO - Train metrics: l1_loss: 0.4343 | giou_loss: 1.0376 | center_loss: 0.0155 | total_loss: 4.2624
2025-05-29 01:49:58,478 - improvements-in-train-log - INFO - Epoch 11, Batch 1000/1360, Loss: 4.0548
2025-05-29 01:49:58,478 - improvements-in-train-log - INFO - Train metrics: l1_loss: 0.4228 | giou_loss: 0.9636 | center_loss: 0.0134 | total_loss: 4.0548
2025-05-29 01:51:31,271 - improvements-in-train-log - INFO - Epoch 11, Batch 1050/1360, Loss: 4.1336
2025-05-29 01:51:31,272 - improvements-in-train-log - INFO - Train metrics: l1_loss: 0.4464 | giou_loss: 0.9428 | center_loss: 0.0163 | total_loss: 4.1336
2025-05-29 01:53:04,044 - improvements-in-train-log - INFO - Epoch 11, Batch 1100/1360, Loss: 4.4630
2025-05-29 01:53:04,044 - improvements-in-train-log - INFO - Train metrics: l1_loss: 0.4659 | giou_loss: 1.0567 | center_loss: 0.0201 | total_loss: 4.4630
2025-05-29 01:54:36,615 - improvements-in-train-log - INFO - Epoch 11, Batch 1150/1360, Loss: 4.3625
2025-05-29 01:54:36,615 - improvements-in-train-log - INFO - Train metrics: l1_loss: 0.4429 | giou_loss: 1.0654 | center_loss: 0.0170 | total_loss: 4.3625
2025-05-29 01:56:09,798 - improvements-in-train-log - INFO - Epoch 11, Batch 1200/1360, Loss: 4.0466
2025-05-29 01:56:09,798 - improvements-in-train-log - INFO - Train metrics: l1_loss: 0.4233 | giou_loss: 0.9576 | center_loss: 0.0147 | total_loss: 4.0466
2025-05-29 01:57:42,576 - improvements-in-train-log - INFO - Epoch 11, Batch 1250/1360, Loss: 4.3703
2025-05-29 01:57:42,576 - improvements-in-train-log - INFO - Train metrics: l1_loss: 0.4623 | giou_loss: 1.0214 | center_loss: 0.0159 | total_loss: 4.3703
2025-05-29 01:59:15,335 - improvements-in-train-log - INFO - Epoch 11, Batch 1300/1360, Loss: 3.9670
2025-05-29 01:59:15,335 - improvements-in-train-log - INFO - Train metrics: l1_loss: 0.4087 | giou_loss: 0.9548 | center_loss: 0.0138 | total_loss: 3.9670
2025-05-29 02:00:48,657 - improvements-in-train-log - INFO - Epoch 11, Batch 1350/1360, Loss: 4.0576
2025-05-29 02:00:48,657 - improvements-in-train-log - INFO - Train metrics: l1_loss: 0.4138 | giou_loss: 0.9861 | center_loss: 0.0162 | total_loss: 4.0576
2025-05-29 02:01:05,362 - improvements-in-train-log - INFO - Train Epoch 11, Loss: 4.2744
2025-05-29 02:03:40,878 - improvements-in-train-log - INFO - Sample 1 - Pred: [587.983154296875, 297.6700439453125, 734.2910766601562, 479.01702880859375], Target: [580.0, 473.0, 632.0, 547.0]
2025-05-29 02:03:40,879 - improvements-in-train-log - INFO - Sample 2 - Pred: [303.3267822265625, 77.67705535888672, 513.5396118164062, 276.6842346191406], Target: [291.0, 108.0, 501.0, 337.0]
2025-05-29 02:03:40,879 - improvements-in-train-log - INFO - Sample 3 - Pred: [171.4911651611328, 132.53628540039062, 359.0864562988281, 284.84100341796875], Target: [716.8800048828125, 164.75, 780.2000122070312, 227.88999938964844]
2025-05-29 02:03:40,980 - improvements-in-train-log - INFO - Validation Epoch 11, Loss: 4.9475
2025-05-29 02:03:40,981 - improvements-in-train-log - INFO - Val metrics: Acc@0.25: 0.2545 | Acc@0.5: 0.0961 | Acc@0.75: 0.0121 | mIoU: 0.1484 | medianIoU: 0.0265 | mae_x1: 117.6468 | mae_y1: 120.9302 | mae_x2: 116.0975 | mae_y2: 118.0257 | center_x_error: 103.6842 | center_y_error: 105.0353 | width_error: 2.7671 | height_error: 2.7070 | loss: 4.9475
2025-05-29 02:03:41,844 - improvements-in-train-log - INFO - Saved model checkpoint to /home/pokle/Trans-VG/visual_grounding/checkpoints/improvements-in-train-log_epoch11.pth
2025-05-29 02:03:41,845 - improvements-in-train-log - INFO - Epoch 12/200
2025-05-29 02:03:45,734 - improvements-in-train-log - INFO - Epoch 12, Batch 0/1360, Loss: 4.6571
2025-05-29 02:03:45,734 - improvements-in-train-log - INFO - Train metrics: l1_loss: 0.4931 | giou_loss: 1.0867 | center_loss: 0.0179 | total_loss: 4.6571
2025-05-29 02:05:18,637 - improvements-in-train-log - INFO - Epoch 12, Batch 50/1360, Loss: 4.0842
2025-05-29 02:05:18,638 - improvements-in-train-log - INFO - Train metrics: l1_loss: 0.4331 | giou_loss: 0.9521 | center_loss: 0.0146 | total_loss: 4.0842
2025-05-29 02:06:51,424 - improvements-in-train-log - INFO - Epoch 12, Batch 100/1360, Loss: 4.5931
2025-05-29 02:06:51,425 - improvements-in-train-log - INFO - Train metrics: l1_loss: 0.4665 | giou_loss: 1.1199 | center_loss: 0.0205 | total_loss: 4.5931
2025-05-29 02:08:23,892 - improvements-in-train-log - INFO - Epoch 12, Batch 150/1360, Loss: 4.4284
2025-05-29 02:08:23,892 - improvements-in-train-log - INFO - Train metrics: l1_loss: 0.4696 | giou_loss: 1.0320 | center_loss: 0.0161 | total_loss: 4.4284
2025-05-29 02:09:56,889 - improvements-in-train-log - INFO - Epoch 12, Batch 200/1360, Loss: 4.0180
2025-05-29 02:09:56,889 - improvements-in-train-log - INFO - Train metrics: l1_loss: 0.4144 | giou_loss: 0.9660 | center_loss: 0.0140 | total_loss: 4.0180
2025-05-29 02:11:29,992 - improvements-in-train-log - INFO - Epoch 12, Batch 250/1360, Loss: 4.1020
2025-05-29 02:11:29,992 - improvements-in-train-log - INFO - Train metrics: l1_loss: 0.4066 | giou_loss: 1.0291 | center_loss: 0.0107 | total_loss: 4.1020
2025-05-29 02:13:02,838 - improvements-in-train-log - INFO - Epoch 12, Batch 300/1360, Loss: 5.1378
2025-05-29 02:13:02,838 - improvements-in-train-log - INFO - Train metrics: l1_loss: 0.5820 | giou_loss: 1.1001 | center_loss: 0.0277 | total_loss: 5.1378
2025-05-29 02:14:36,106 - improvements-in-train-log - INFO - Epoch 12, Batch 350/1360, Loss: 4.0196
2025-05-29 02:14:36,107 - improvements-in-train-log - INFO - Train metrics: l1_loss: 0.4247 | giou_loss: 0.9378 | center_loss: 0.0207 | total_loss: 4.0196
2025-05-29 02:16:08,455 - improvements-in-train-log - INFO - Epoch 12, Batch 400/1360, Loss: 4.6329
2025-05-29 02:16:08,455 - improvements-in-train-log - INFO - Train metrics: l1_loss: 0.4764 | giou_loss: 1.1162 | center_loss: 0.0184 | total_loss: 4.6329
2025-05-29 02:17:40,651 - improvements-in-train-log - INFO - Epoch 12, Batch 450/1360, Loss: 4.6172
2025-05-29 02:17:40,651 - improvements-in-train-log - INFO - Train metrics: l1_loss: 0.4908 | giou_loss: 1.0693 | center_loss: 0.0246 | total_loss: 4.6172
2025-05-29 02:19:13,345 - improvements-in-train-log - INFO - Epoch 12, Batch 500/1360, Loss: 4.3130
2025-05-29 02:19:13,346 - improvements-in-train-log - INFO - Train metrics: l1_loss: 0.4454 | giou_loss: 1.0349 | center_loss: 0.0163 | total_loss: 4.3130
2025-05-29 02:20:46,182 - improvements-in-train-log - INFO - Epoch 12, Batch 550/1360, Loss: 4.4494
2025-05-29 02:20:46,183 - improvements-in-train-log - INFO - Train metrics: l1_loss: 0.5073 | giou_loss: 0.9466 | center_loss: 0.0194 | total_loss: 4.4494
2025-05-29 02:22:18,550 - improvements-in-train-log - INFO - Epoch 12, Batch 600/1360, Loss: 4.1459
2025-05-29 02:22:18,551 - improvements-in-train-log - INFO - Train metrics: l1_loss: 0.4365 | giou_loss: 0.9745 | center_loss: 0.0142 | total_loss: 4.1459
2025-05-29 02:23:51,737 - improvements-in-train-log - INFO - Epoch 12, Batch 650/1360, Loss: 5.0945
2025-05-29 02:23:51,737 - improvements-in-train-log - INFO - Train metrics: l1_loss: 0.5410 | giou_loss: 1.1805 | center_loss: 0.0285 | total_loss: 5.0945
2025-05-29 02:25:24,506 - improvements-in-train-log - INFO - Epoch 12, Batch 700/1360, Loss: 4.2063
2025-05-29 02:25:24,506 - improvements-in-train-log - INFO - Train metrics: l1_loss: 0.4464 | giou_loss: 0.9789 | center_loss: 0.0165 | total_loss: 4.2063
2025-05-29 02:26:57,068 - improvements-in-train-log - INFO - Epoch 12, Batch 750/1360, Loss: 3.5960
2025-05-29 02:26:57,069 - improvements-in-train-log - INFO - Train metrics: l1_loss: 0.3746 | giou_loss: 0.8558 | center_loss: 0.0112 | total_loss: 3.5960
2025-05-29 02:28:30,046 - improvements-in-train-log - INFO - Epoch 12, Batch 800/1360, Loss: 4.3420
2025-05-29 02:28:30,047 - improvements-in-train-log - INFO - Train metrics: l1_loss: 0.4727 | giou_loss: 0.9799 | center_loss: 0.0189 | total_loss: 4.3420
2025-05-29 02:30:02,602 - improvements-in-train-log - INFO - Epoch 12, Batch 850/1360, Loss: 4.4660
2025-05-29 02:30:02,603 - improvements-in-train-log - INFO - Train metrics: l1_loss: 0.4598 | giou_loss: 1.0758 | center_loss: 0.0154 | total_loss: 4.4660
2025-05-29 02:31:35,389 - improvements-in-train-log - INFO - Epoch 12, Batch 900/1360, Loss: 4.6876
2025-05-29 02:31:35,389 - improvements-in-train-log - INFO - Train metrics: l1_loss: 0.4949 | giou_loss: 1.0962 | center_loss: 0.0207 | total_loss: 4.6876
2025-05-29 02:33:07,562 - improvements-in-train-log - INFO - Epoch 12, Batch 950/1360, Loss: 4.2641
2025-05-29 02:33:07,563 - improvements-in-train-log - INFO - Train metrics: l1_loss: 0.4535 | giou_loss: 0.9893 | center_loss: 0.0178 | total_loss: 4.2641
2025-05-29 02:34:40,125 - improvements-in-train-log - INFO - Epoch 12, Batch 1000/1360, Loss: 4.3611
2025-05-29 02:34:40,125 - improvements-in-train-log - INFO - Train metrics: l1_loss: 0.4338 | giou_loss: 1.0876 | center_loss: 0.0169 | total_loss: 4.3611
2025-05-29 02:36:13,298 - improvements-in-train-log - INFO - Epoch 12, Batch 1050/1360, Loss: 3.8522
2025-05-29 02:36:13,298 - improvements-in-train-log - INFO - Train metrics: l1_loss: 0.3747 | giou_loss: 0.9843 | center_loss: 0.0099 | total_loss: 3.8522
2025-05-29 02:37:46,276 - improvements-in-train-log - INFO - Epoch 12, Batch 1100/1360, Loss: 4.0507
2025-05-29 02:37:46,276 - improvements-in-train-log - INFO - Train metrics: l1_loss: 0.4195 | giou_loss: 0.9686 | center_loss: 0.0160 | total_loss: 4.0507
2025-05-29 02:39:19,198 - improvements-in-train-log - INFO - Epoch 12, Batch 1150/1360, Loss: 4.7366
2025-05-29 02:39:19,199 - improvements-in-train-log - INFO - Train metrics: l1_loss: 0.4831 | giou_loss: 1.1496 | center_loss: 0.0219 | total_loss: 4.7366
2025-05-29 02:40:51,998 - improvements-in-train-log - INFO - Epoch 12, Batch 1200/1360, Loss: 4.0012
2025-05-29 02:40:51,998 - improvements-in-train-log - INFO - Train metrics: l1_loss: 0.4565 | giou_loss: 0.8528 | center_loss: 0.0130 | total_loss: 4.0012
2025-05-29 02:42:25,220 - improvements-in-train-log - INFO - Epoch 12, Batch 1250/1360, Loss: 3.9246
2025-05-29 02:42:25,220 - improvements-in-train-log - INFO - Train metrics: l1_loss: 0.4030 | giou_loss: 0.9507 | center_loss: 0.0085 | total_loss: 3.9246
2025-05-29 02:43:57,776 - improvements-in-train-log - INFO - Epoch 12, Batch 1300/1360, Loss: 4.0609
2025-05-29 02:43:57,776 - improvements-in-train-log - INFO - Train metrics: l1_loss: 0.4034 | giou_loss: 1.0161 | center_loss: 0.0116 | total_loss: 4.0609
2025-05-29 02:45:30,292 - improvements-in-train-log - INFO - Epoch 12, Batch 1350/1360, Loss: 3.5084
2025-05-29 02:45:30,292 - improvements-in-train-log - INFO - Train metrics: l1_loss: 0.3556 | giou_loss: 0.8611 | center_loss: 0.0085 | total_loss: 3.5084
2025-05-29 02:45:46,984 - improvements-in-train-log - INFO - Train Epoch 12, Loss: 4.2326
2025-05-29 02:48:21,632 - improvements-in-train-log - INFO - Sample 1 - Pred: [87.6141586303711, 43.205482482910156, 636.945556640625, 731.5615844726562], Target: [160.0, 72.0, 664.0, 676.0]
2025-05-29 02:48:21,633 - improvements-in-train-log - INFO - Sample 2 - Pred: [606.8030395507812, 77.27394104003906, 743.4515380859375, 204.43179321289062], Target: [716.0, 39.0, 761.0, 68.0]
2025-05-29 02:48:21,633 - improvements-in-train-log - INFO - Sample 3 - Pred: [475.6356201171875, 149.6031494140625, 774.7535400390625, 696.7942504882812], Target: [517.0, 135.0, 617.0, 657.0]
2025-05-29 02:48:21,738 - improvements-in-train-log - INFO - Validation Epoch 12, Loss: 4.9763
2025-05-29 02:48:21,738 - improvements-in-train-log - INFO - Val metrics: Acc@0.25: 0.2481 | Acc@0.5: 0.0971 | Acc@0.75: 0.0133 | mIoU: 0.1475 | medianIoU: 0.0268 | mae_x1: 120.4937 | mae_y1: 116.2768 | mae_x2: 118.0305 | mae_y2: 122.4851 | center_x_error: 105.6105 | center_y_error: 105.1261 | width_error: 2.8745 | height_error: 2.6606 | loss: 4.9763
2025-05-29 02:48:22,621 - improvements-in-train-log - INFO - Saved model checkpoint to /home/pokle/Trans-VG/visual_grounding/checkpoints/improvements-in-train-log_epoch12.pth
2025-05-29 02:48:22,622 - improvements-in-train-log - INFO - Epoch 13/200
2025-05-29 02:48:26,579 - improvements-in-train-log - INFO - Epoch 13, Batch 0/1360, Loss: 3.6107
2025-05-29 02:48:26,579 - improvements-in-train-log - INFO - Train metrics: l1_loss: 0.3674 | giou_loss: 0.8830 | center_loss: 0.0075 | total_loss: 3.6107
2025-05-29 02:49:59,372 - improvements-in-train-log - INFO - Epoch 13, Batch 50/1360, Loss: 4.2618
2025-05-29 02:49:59,372 - improvements-in-train-log - INFO - Train metrics: l1_loss: 0.4433 | giou_loss: 1.0160 | center_loss: 0.0131 | total_loss: 4.2618
2025-05-29 02:51:31,854 - improvements-in-train-log - INFO - Epoch 13, Batch 100/1360, Loss: 3.5186
2025-05-29 02:51:31,854 - improvements-in-train-log - INFO - Train metrics: l1_loss: 0.3518 | giou_loss: 0.8769 | center_loss: 0.0059 | total_loss: 3.5186
2025-05-29 02:53:04,614 - improvements-in-train-log - INFO - Epoch 13, Batch 150/1360, Loss: 3.7691
2025-05-29 02:53:04,615 - improvements-in-train-log - INFO - Train metrics: l1_loss: 0.3667 | giou_loss: 0.9625 | center_loss: 0.0107 | total_loss: 3.7691
2025-05-29 02:54:37,363 - improvements-in-train-log - INFO - Epoch 13, Batch 200/1360, Loss: 3.6969
2025-05-29 02:54:37,363 - improvements-in-train-log - INFO - Train metrics: l1_loss: 0.3569 | giou_loss: 0.9518 | center_loss: 0.0089 | total_loss: 3.6969
2025-05-29 02:56:09,834 - improvements-in-train-log - INFO - Epoch 13, Batch 250/1360, Loss: 4.5689
2025-05-29 02:56:09,834 - improvements-in-train-log - INFO - Train metrics: l1_loss: 0.5034 | giou_loss: 1.0137 | center_loss: 0.0247 | total_loss: 4.5689
2025-05-29 02:57:43,021 - improvements-in-train-log - INFO - Epoch 13, Batch 300/1360, Loss: 4.2440
2025-05-29 02:57:43,021 - improvements-in-train-log - INFO - Train metrics: l1_loss: 0.4499 | giou_loss: 0.9860 | center_loss: 0.0225 | total_loss: 4.2440
2025-05-29 02:59:16,112 - improvements-in-train-log - INFO - Epoch 13, Batch 350/1360, Loss: 4.2952
2025-05-29 02:59:16,113 - improvements-in-train-log - INFO - Train metrics: l1_loss: 0.4597 | giou_loss: 0.9894 | center_loss: 0.0177 | total_loss: 4.2952
2025-05-29 03:00:49,186 - improvements-in-train-log - INFO - Epoch 13, Batch 400/1360, Loss: 5.0798
2025-05-29 03:00:49,187 - improvements-in-train-log - INFO - Train metrics: l1_loss: 0.5674 | giou_loss: 1.1049 | center_loss: 0.0333 | total_loss: 5.0798
2025-05-29 03:02:22,041 - improvements-in-train-log - INFO - Epoch 13, Batch 450/1360, Loss: 4.0334
2025-05-29 03:02:22,042 - improvements-in-train-log - INFO - Train metrics: l1_loss: 0.4375 | giou_loss: 0.9138 | center_loss: 0.0182 | total_loss: 4.0334
2025-05-29 03:03:54,997 - improvements-in-train-log - INFO - Epoch 13, Batch 500/1360, Loss: 4.2294
2025-05-29 03:03:54,997 - improvements-in-train-log - INFO - Train metrics: l1_loss: 0.4330 | giou_loss: 1.0248 | center_loss: 0.0146 | total_loss: 4.2294
2025-05-29 03:05:27,339 - improvements-in-train-log - INFO - Epoch 13, Batch 550/1360, Loss: 3.8902
2025-05-29 03:05:27,340 - improvements-in-train-log - INFO - Train metrics: l1_loss: 0.3820 | giou_loss: 0.9851 | center_loss: 0.0098 | total_loss: 3.8902
2025-05-29 03:07:00,379 - improvements-in-train-log - INFO - Epoch 13, Batch 600/1360, Loss: 3.8708
2025-05-29 03:07:00,380 - improvements-in-train-log - INFO - Train metrics: l1_loss: 0.4053 | giou_loss: 0.9153 | center_loss: 0.0137 | total_loss: 3.8708
2025-05-29 03:08:33,729 - improvements-in-train-log - INFO - Epoch 13, Batch 650/1360, Loss: 3.9035
2025-05-29 03:08:33,730 - improvements-in-train-log - INFO - Train metrics: l1_loss: 0.4037 | giou_loss: 0.9368 | center_loss: 0.0114 | total_loss: 3.9035
2025-05-29 03:10:06,536 - improvements-in-train-log - INFO - Epoch 13, Batch 700/1360, Loss: 3.7293
2025-05-29 03:10:06,537 - improvements-in-train-log - INFO - Train metrics: l1_loss: 0.3694 | giou_loss: 0.9373 | center_loss: 0.0074 | total_loss: 3.7293
2025-05-29 03:11:39,771 - improvements-in-train-log - INFO - Epoch 13, Batch 750/1360, Loss: 4.2199
2025-05-29 03:11:39,771 - improvements-in-train-log - INFO - Train metrics: l1_loss: 0.4244 | giou_loss: 1.0395 | center_loss: 0.0189 | total_loss: 4.2199
2025-05-29 03:13:12,492 - improvements-in-train-log - INFO - Epoch 13, Batch 800/1360, Loss: 4.4988
2025-05-29 03:13:12,492 - improvements-in-train-log - INFO - Train metrics: l1_loss: 0.4763 | giou_loss: 1.0486 | center_loss: 0.0201 | total_loss: 4.4988
2025-05-29 03:14:45,107 - improvements-in-train-log - INFO - Epoch 13, Batch 850/1360, Loss: 4.2931
2025-05-29 03:14:45,108 - improvements-in-train-log - INFO - Train metrics: l1_loss: 0.4615 | giou_loss: 0.9850 | center_loss: 0.0157 | total_loss: 4.2931
2025-05-29 03:16:17,755 - improvements-in-train-log - INFO - Epoch 13, Batch 900/1360, Loss: 4.4419
2025-05-29 03:16:17,755 - improvements-in-train-log - INFO - Train metrics: l1_loss: 0.4675 | giou_loss: 1.0426 | center_loss: 0.0193 | total_loss: 4.4419
2025-05-29 03:17:50,199 - improvements-in-train-log - INFO - Epoch 13, Batch 950/1360, Loss: 4.5982
2025-05-29 03:17:50,199 - improvements-in-train-log - INFO - Train metrics: l1_loss: 0.5017 | giou_loss: 1.0345 | center_loss: 0.0205 | total_loss: 4.5982
2025-05-29 03:19:22,780 - improvements-in-train-log - INFO - Epoch 13, Batch 1000/1360, Loss: 4.1785
2025-05-29 03:19:22,780 - improvements-in-train-log - INFO - Train metrics: l1_loss: 0.4476 | giou_loss: 0.9627 | center_loss: 0.0151 | total_loss: 4.1785
2025-05-29 03:20:55,343 - improvements-in-train-log - INFO - Epoch 13, Batch 1050/1360, Loss: 4.6132
2025-05-29 03:20:55,344 - improvements-in-train-log - INFO - Train metrics: l1_loss: 0.4687 | giou_loss: 1.1236 | center_loss: 0.0225 | total_loss: 4.6132
2025-05-29 03:22:28,124 - improvements-in-train-log - INFO - Epoch 13, Batch 1100/1360, Loss: 4.8111
2025-05-29 03:22:28,124 - improvements-in-train-log - INFO - Train metrics: l1_loss: 0.5178 | giou_loss: 1.0987 | center_loss: 0.0248 | total_loss: 4.8111
2025-05-29 03:24:00,699 - improvements-in-train-log - INFO - Epoch 13, Batch 1150/1360, Loss: 4.2676
2025-05-29 03:24:00,699 - improvements-in-train-log - INFO - Train metrics: l1_loss: 0.4506 | giou_loss: 0.9999 | center_loss: 0.0152 | total_loss: 4.2676
2025-05-29 03:25:33,450 - improvements-in-train-log - INFO - Epoch 13, Batch 1200/1360, Loss: 4.4564
2025-05-29 03:25:33,450 - improvements-in-train-log - INFO - Train metrics: l1_loss: 0.4727 | giou_loss: 1.0364 | center_loss: 0.0202 | total_loss: 4.4564
2025-05-29 03:27:06,636 - improvements-in-train-log - INFO - Epoch 13, Batch 1250/1360, Loss: 4.3818
2025-05-29 03:27:06,636 - improvements-in-train-log - INFO - Train metrics: l1_loss: 0.4686 | giou_loss: 1.0104 | center_loss: 0.0181 | total_loss: 4.3818
2025-05-29 03:28:40,026 - improvements-in-train-log - INFO - Epoch 13, Batch 1300/1360, Loss: 4.1606
2025-05-29 03:28:40,027 - improvements-in-train-log - INFO - Train metrics: l1_loss: 0.4415 | giou_loss: 0.9659 | center_loss: 0.0214 | total_loss: 4.1606
2025-05-29 03:30:13,004 - improvements-in-train-log - INFO - Epoch 13, Batch 1350/1360, Loss: 4.2430
2025-05-29 03:30:13,005 - improvements-in-train-log - INFO - Train metrics: l1_loss: 0.4539 | giou_loss: 0.9792 | center_loss: 0.0151 | total_loss: 4.2430
2025-05-29 03:30:29,521 - improvements-in-train-log - INFO - Train Epoch 13, Loss: 4.1945
2025-05-29 03:33:04,334 - improvements-in-train-log - INFO - Sample 1 - Pred: [596.3992919921875, 341.399169921875, 736.4036254882812, 495.878662109375], Target: [554.0, 480.0, 584.0, 505.0]
2025-05-29 03:33:04,335 - improvements-in-train-log - INFO - Sample 2 - Pred: [567.1551513671875, 322.38787841796875, 729.5231323242188, 509.5146179199219], Target: [493.0, 290.0, 751.0, 537.0]
2025-05-29 03:33:04,335 - improvements-in-train-log - INFO - Sample 3 - Pred: [241.60231018066406, 457.9446105957031, 394.6297607421875, 606.1354370117188], Target: [266.55999755859375, 242.0, 349.67999267578125, 358.4800109863281]
2025-05-29 03:33:04,449 - improvements-in-train-log - INFO - Validation Epoch 13, Loss: 4.9144
2025-05-29 03:33:04,449 - improvements-in-train-log - INFO - Val metrics: Acc@0.25: 0.2545 | Acc@0.5: 0.0946 | Acc@0.75: 0.0139 | mIoU: 0.1475 | medianIoU: 0.0250 | mae_x1: 113.8808 | mae_y1: 112.8027 | mae_x2: 115.5385 | mae_y2: 119.0358 | center_x_error: 101.7142 | center_y_error: 103.0737 | width_error: 2.6759 | height_error: 2.3822 | loss: 4.9144
2025-05-29 03:33:05,485 - improvements-in-train-log - INFO - Saved model checkpoint to /home/pokle/Trans-VG/visual_grounding/checkpoints/improvements-in-train-log_epoch13.pth
2025-05-29 03:33:05,486 - improvements-in-train-log - INFO - Epoch 14/200
2025-05-29 03:33:09,278 - improvements-in-train-log - INFO - Epoch 14, Batch 0/1360, Loss: 3.6412
2025-05-29 03:33:09,279 - improvements-in-train-log - INFO - Train metrics: l1_loss: 0.3689 | giou_loss: 0.8929 | center_loss: 0.0110 | total_loss: 3.6412
2025-05-29 03:34:41,902 - improvements-in-train-log - INFO - Epoch 14, Batch 50/1360, Loss: 4.1925
2025-05-29 03:34:41,902 - improvements-in-train-log - INFO - Train metrics: l1_loss: 0.4384 | giou_loss: 0.9914 | center_loss: 0.0176 | total_loss: 4.1925
2025-05-29 03:36:14,892 - improvements-in-train-log - INFO - Epoch 14, Batch 100/1360, Loss: 4.2655
2025-05-29 03:36:14,892 - improvements-in-train-log - INFO - Train metrics: l1_loss: 0.4488 | giou_loss: 1.0023 | center_loss: 0.0172 | total_loss: 4.2655
2025-05-29 03:37:47,258 - improvements-in-train-log - INFO - Epoch 14, Batch 150/1360, Loss: 4.0544
2025-05-29 03:37:47,258 - improvements-in-train-log - INFO - Train metrics: l1_loss: 0.4505 | giou_loss: 0.8960 | center_loss: 0.0100 | total_loss: 4.0544
2025-05-29 03:39:19,829 - improvements-in-train-log - INFO - Epoch 14, Batch 200/1360, Loss: 4.3967
2025-05-29 03:39:19,829 - improvements-in-train-log - INFO - Train metrics: l1_loss: 0.4696 | giou_loss: 1.0157 | center_loss: 0.0176 | total_loss: 4.3967
2025-05-29 03:40:52,802 - improvements-in-train-log - INFO - Epoch 14, Batch 250/1360, Loss: 3.9963
2025-05-29 03:40:52,802 - improvements-in-train-log - INFO - Train metrics: l1_loss: 0.4230 | giou_loss: 0.9322 | center_loss: 0.0169 | total_loss: 3.9963
2025-05-29 03:42:25,158 - improvements-in-train-log - INFO - Epoch 14, Batch 300/1360, Loss: 4.2373
2025-05-29 03:42:25,158 - improvements-in-train-log - INFO - Train metrics: l1_loss: 0.4487 | giou_loss: 0.9882 | center_loss: 0.0174 | total_loss: 4.2373
2025-05-29 03:43:58,140 - improvements-in-train-log - INFO - Epoch 14, Batch 350/1360, Loss: 3.5813
2025-05-29 03:43:58,140 - improvements-in-train-log - INFO - Train metrics: l1_loss: 0.3528 | giou_loss: 0.9037 | center_loss: 0.0097 | total_loss: 3.5813
2025-05-29 03:45:30,516 - improvements-in-train-log - INFO - Epoch 14, Batch 400/1360, Loss: 4.2782
2025-05-29 03:45:30,516 - improvements-in-train-log - INFO - Train metrics: l1_loss: 0.4441 | giou_loss: 1.0205 | center_loss: 0.0167 | total_loss: 4.2782
2025-05-29 03:47:03,280 - improvements-in-train-log - INFO - Epoch 14, Batch 450/1360, Loss: 4.3953
2025-05-29 03:47:03,280 - improvements-in-train-log - INFO - Train metrics: l1_loss: 0.4544 | giou_loss: 1.0518 | center_loss: 0.0198 | total_loss: 4.3953
2025-05-29 03:48:36,589 - improvements-in-train-log - INFO - Epoch 14, Batch 500/1360, Loss: 4.1802
2025-05-29 03:48:36,589 - improvements-in-train-log - INFO - Train metrics: l1_loss: 0.4253 | giou_loss: 1.0186 | center_loss: 0.0167 | total_loss: 4.1802
2025-05-29 03:50:09,647 - improvements-in-train-log - INFO - Epoch 14, Batch 550/1360, Loss: 3.4187
2025-05-29 03:50:09,647 - improvements-in-train-log - INFO - Train metrics: l1_loss: 0.3387 | giou_loss: 0.8577 | center_loss: 0.0097 | total_loss: 3.4187
2025-05-29 03:51:42,770 - improvements-in-train-log - INFO - Epoch 14, Batch 600/1360, Loss: 4.0936
2025-05-29 03:51:42,770 - improvements-in-train-log - INFO - Train metrics: l1_loss: 0.4069 | giou_loss: 1.0240 | center_loss: 0.0110 | total_loss: 4.0936
2025-05-29 03:53:15,601 - improvements-in-train-log - INFO - Epoch 14, Batch 650/1360, Loss: 4.0273
2025-05-29 03:53:15,601 - improvements-in-train-log - INFO - Train metrics: l1_loss: 0.4318 | giou_loss: 0.9256 | center_loss: 0.0172 | total_loss: 4.0273
2025-05-29 03:54:48,172 - improvements-in-train-log - INFO - Epoch 14, Batch 700/1360, Loss: 4.5384
2025-05-29 03:54:48,172 - improvements-in-train-log - INFO - Train metrics: l1_loss: 0.4979 | giou_loss: 1.0124 | center_loss: 0.0240 | total_loss: 4.5384
2025-05-29 03:56:20,736 - improvements-in-train-log - INFO - Epoch 14, Batch 750/1360, Loss: 4.4130
2025-05-29 03:56:20,736 - improvements-in-train-log - INFO - Train metrics: l1_loss: 0.4656 | giou_loss: 1.0327 | center_loss: 0.0195 | total_loss: 4.4130
2025-05-29 03:57:53,751 - improvements-in-train-log - INFO - Epoch 14, Batch 800/1360, Loss: 4.6336
2025-05-29 03:57:53,751 - improvements-in-train-log - INFO - Train metrics: l1_loss: 0.5253 | giou_loss: 0.9922 | center_loss: 0.0231 | total_loss: 4.6336
2025-05-29 03:59:26,079 - improvements-in-train-log - INFO - Epoch 14, Batch 850/1360, Loss: 3.8732
2025-05-29 03:59:26,079 - improvements-in-train-log - INFO - Train metrics: l1_loss: 0.3934 | giou_loss: 0.9496 | center_loss: 0.0071 | total_loss: 3.8732
2025-05-29 04:00:58,661 - improvements-in-train-log - INFO - Epoch 14, Batch 900/1360, Loss: 4.0849
2025-05-29 04:00:58,662 - improvements-in-train-log - INFO - Train metrics: l1_loss: 0.3890 | giou_loss: 1.0630 | center_loss: 0.0140 | total_loss: 4.0849
2025-05-29 04:02:32,150 - improvements-in-train-log - INFO - Epoch 14, Batch 950/1360, Loss: 4.5659
2025-05-29 04:02:32,151 - improvements-in-train-log - INFO - Train metrics: l1_loss: 0.4750 | giou_loss: 1.0850 | center_loss: 0.0212 | total_loss: 4.5659
2025-05-29 04:04:04,617 - improvements-in-train-log - INFO - Epoch 14, Batch 1000/1360, Loss: 4.3057
2025-05-29 04:04:04,617 - improvements-in-train-log - INFO - Train metrics: l1_loss: 0.4279 | giou_loss: 1.0742 | center_loss: 0.0177 | total_loss: 4.3057
2025-05-29 04:05:37,595 - improvements-in-train-log - INFO - Epoch 14, Batch 1050/1360, Loss: 4.0234
2025-05-29 04:05:37,596 - improvements-in-train-log - INFO - Train metrics: l1_loss: 0.3948 | giou_loss: 1.0187 | center_loss: 0.0121 | total_loss: 4.0234
2025-05-29 04:07:10,574 - improvements-in-train-log - INFO - Epoch 14, Batch 1100/1360, Loss: 4.0760
2025-05-29 04:07:10,574 - improvements-in-train-log - INFO - Train metrics: l1_loss: 0.4265 | giou_loss: 0.9632 | center_loss: 0.0173 | total_loss: 4.0760
2025-05-29 04:08:43,057 - improvements-in-train-log - INFO - Epoch 14, Batch 1150/1360, Loss: 4.4680
2025-05-29 04:08:43,058 - improvements-in-train-log - INFO - Train metrics: l1_loss: 0.4753 | giou_loss: 1.0370 | center_loss: 0.0176 | total_loss: 4.4680
2025-05-29 04:10:16,514 - improvements-in-train-log - INFO - Epoch 14, Batch 1200/1360, Loss: 4.0424
2025-05-29 04:10:16,515 - improvements-in-train-log - INFO - Train metrics: l1_loss: 0.4379 | giou_loss: 0.9196 | center_loss: 0.0139 | total_loss: 4.0424
2025-05-29 04:11:48,813 - improvements-in-train-log - INFO - Epoch 14, Batch 1250/1360, Loss: 3.8181
2025-05-29 04:11:48,813 - improvements-in-train-log - INFO - Train metrics: l1_loss: 0.3820 | giou_loss: 0.9497 | center_loss: 0.0088 | total_loss: 3.8181
2025-05-29 04:13:21,614 - improvements-in-train-log - INFO - Epoch 14, Batch 1300/1360, Loss: 3.9706
2025-05-29 04:13:21,615 - improvements-in-train-log - INFO - Train metrics: l1_loss: 0.3979 | giou_loss: 0.9846 | center_loss: 0.0117 | total_loss: 3.9706
2025-05-29 04:14:54,869 - improvements-in-train-log - INFO - Epoch 14, Batch 1350/1360, Loss: 4.1710
2025-05-29 04:14:54,869 - improvements-in-train-log - INFO - Train metrics: l1_loss: 0.4517 | giou_loss: 0.9486 | center_loss: 0.0155 | total_loss: 4.1710
2025-05-29 04:15:11,631 - improvements-in-train-log - INFO - Train Epoch 14, Loss: 4.1527
2025-05-29 04:17:46,503 - improvements-in-train-log - INFO - Sample 1 - Pred: [300.12078857421875, 244.18959045410156, 574.9610595703125, 494.0167541503906], Target: [341.0, 391.0, 522.0, 578.0]
2025-05-29 04:17:46,504 - improvements-in-train-log - INFO - Sample 2 - Pred: [316.8059387207031, 318.3245849609375, 494.4962463378906, 490.81005859375], Target: [416.0, 314.0, 542.0, 459.0]
2025-05-29 04:17:46,504 - improvements-in-train-log - INFO - Sample 3 - Pred: [322.9383239746094, 576.715087890625, 481.821533203125, 717.7256469726562], Target: [460.0, 690.0, 481.0, 726.0]
2025-05-29 04:17:46,602 - improvements-in-train-log - INFO - Validation Epoch 14, Loss: 4.9508
2025-05-29 04:17:46,603 - improvements-in-train-log - INFO - Val metrics: Acc@0.25: 0.2533 | Acc@0.5: 0.0948 | Acc@0.75: 0.0119 | mIoU: 0.1475 | medianIoU: 0.0261 | mae_x1: 115.4677 | mae_y1: 118.0169 | mae_x2: 118.6388 | mae_y2: 114.6862 | center_x_error: 104.1484 | center_y_error: 103.6377 | width_error: 2.6942 | height_error: 2.3642 | loss: 4.9508
2025-05-29 04:17:47,633 - improvements-in-train-log - INFO - Saved model checkpoint to /home/pokle/Trans-VG/visual_grounding/checkpoints/improvements-in-train-log_epoch14.pth
2025-05-29 04:17:47,634 - improvements-in-train-log - INFO - Epoch 15/200
2025-05-29 04:17:51,505 - improvements-in-train-log - INFO - Epoch 15, Batch 0/1360, Loss: 4.2760
2025-05-29 04:17:51,505 - improvements-in-train-log - INFO - Train metrics: l1_loss: 0.4233 | giou_loss: 1.0738 | center_loss: 0.0118 | total_loss: 4.2760
2025-05-29 04:19:24,377 - improvements-in-train-log - INFO - Epoch 15, Batch 50/1360, Loss: 4.4114
2025-05-29 04:19:24,377 - improvements-in-train-log - INFO - Train metrics: l1_loss: 0.4653 | giou_loss: 1.0327 | center_loss: 0.0197 | total_loss: 4.4114
2025-05-29 04:20:57,343 - improvements-in-train-log - INFO - Epoch 15, Batch 100/1360, Loss: 4.1931
2025-05-29 04:20:57,343 - improvements-in-train-log - INFO - Train metrics: l1_loss: 0.4426 | giou_loss: 0.9818 | center_loss: 0.0167 | total_loss: 4.1931
2025-05-29 04:22:30,118 - improvements-in-train-log - INFO - Epoch 15, Batch 150/1360, Loss: 4.5884
2025-05-29 04:22:30,119 - improvements-in-train-log - INFO - Train metrics: l1_loss: 0.4756 | giou_loss: 1.0963 | center_loss: 0.0177 | total_loss: 4.5884
2025-05-29 04:24:03,295 - improvements-in-train-log - INFO - Epoch 15, Batch 200/1360, Loss: 3.7993
2025-05-29 04:24:03,295 - improvements-in-train-log - INFO - Train metrics: l1_loss: 0.3967 | giou_loss: 0.9007 | center_loss: 0.0144 | total_loss: 3.7993
2025-05-29 04:25:36,685 - improvements-in-train-log - INFO - Epoch 15, Batch 250/1360, Loss: 4.1991
2025-05-29 04:25:36,685 - improvements-in-train-log - INFO - Train metrics: l1_loss: 0.4505 | giou_loss: 0.9640 | center_loss: 0.0186 | total_loss: 4.1991
2025-05-29 04:27:09,863 - improvements-in-train-log - INFO - Epoch 15, Batch 300/1360, Loss: 4.0041
2025-05-29 04:27:09,863 - improvements-in-train-log - INFO - Train metrics: l1_loss: 0.4111 | giou_loss: 0.9664 | center_loss: 0.0157 | total_loss: 4.0041
2025-05-29 04:28:42,530 - improvements-in-train-log - INFO - Epoch 15, Batch 350/1360, Loss: 3.6857
2025-05-29 04:28:42,531 - improvements-in-train-log - INFO - Train metrics: l1_loss: 0.3580 | giou_loss: 0.9436 | center_loss: 0.0086 | total_loss: 3.6857
2025-05-29 04:30:15,421 - improvements-in-train-log - INFO - Epoch 15, Batch 400/1360, Loss: 3.6848
2025-05-29 04:30:15,421 - improvements-in-train-log - INFO - Train metrics: l1_loss: 0.3580 | giou_loss: 0.9431 | center_loss: 0.0088 | total_loss: 3.6848
2025-05-29 04:31:48,439 - improvements-in-train-log - INFO - Epoch 15, Batch 450/1360, Loss: 4.8193
2025-05-29 04:31:48,439 - improvements-in-train-log - INFO - Train metrics: l1_loss: 0.5407 | giou_loss: 1.0462 | center_loss: 0.0236 | total_loss: 4.8193
2025-05-29 04:33:21,666 - improvements-in-train-log - INFO - Epoch 15, Batch 500/1360, Loss: 3.9034
2025-05-29 04:33:21,667 - improvements-in-train-log - INFO - Train metrics: l1_loss: 0.3915 | giou_loss: 0.9661 | center_loss: 0.0137 | total_loss: 3.9034
2025-05-29 04:34:54,392 - improvements-in-train-log - INFO - Epoch 15, Batch 550/1360, Loss: 4.3104
2025-05-29 04:34:54,393 - improvements-in-train-log - INFO - Train metrics: l1_loss: 0.4596 | giou_loss: 0.9971 | center_loss: 0.0185 | total_loss: 4.3104
2025-05-29 04:36:27,331 - improvements-in-train-log - INFO - Epoch 15, Batch 600/1360, Loss: 3.4728
2025-05-29 04:36:27,331 - improvements-in-train-log - INFO - Train metrics: l1_loss: 0.3326 | giou_loss: 0.9018 | center_loss: 0.0063 | total_loss: 3.4728
2025-05-29 04:37:59,529 - improvements-in-train-log - INFO - Epoch 15, Batch 650/1360, Loss: 4.1991
2025-05-29 04:37:59,530 - improvements-in-train-log - INFO - Train metrics: l1_loss: 0.4160 | giou_loss: 1.0504 | center_loss: 0.0182 | total_loss: 4.1991
2025-05-29 04:39:32,290 - improvements-in-train-log - INFO - Epoch 15, Batch 700/1360, Loss: 4.5757
2025-05-29 04:39:32,290 - improvements-in-train-log - INFO - Train metrics: l1_loss: 0.4943 | giou_loss: 1.0395 | center_loss: 0.0251 | total_loss: 4.5757
2025-05-29 04:41:05,057 - improvements-in-train-log - INFO - Epoch 15, Batch 750/1360, Loss: 3.3917
2025-05-29 04:41:05,057 - improvements-in-train-log - INFO - Train metrics: l1_loss: 0.3310 | giou_loss: 0.8651 | center_loss: 0.0068 | total_loss: 3.3917
2025-05-29 04:42:38,007 - improvements-in-train-log - INFO - Epoch 15, Batch 800/1360, Loss: 3.5481
2025-05-29 04:42:38,007 - improvements-in-train-log - INFO - Train metrics: l1_loss: 0.3659 | giou_loss: 0.8549 | center_loss: 0.0086 | total_loss: 3.5481
2025-05-29 04:44:10,934 - improvements-in-train-log - INFO - Epoch 15, Batch 850/1360, Loss: 5.0960
2025-05-29 04:44:10,934 - improvements-in-train-log - INFO - Train metrics: l1_loss: 0.5745 | giou_loss: 1.0963 | center_loss: 0.0312 | total_loss: 5.0960
2025-05-29 04:45:44,152 - improvements-in-train-log - INFO - Epoch 15, Batch 900/1360, Loss: 4.3796
2025-05-29 04:45:44,152 - improvements-in-train-log - INFO - Train metrics: l1_loss: 0.4605 | giou_loss: 1.0309 | center_loss: 0.0156 | total_loss: 4.3796
2025-05-29 04:47:17,263 - improvements-in-train-log - INFO - Epoch 15, Batch 950/1360, Loss: 4.0852
2025-05-29 04:47:17,263 - improvements-in-train-log - INFO - Train metrics: l1_loss: 0.4190 | giou_loss: 0.9883 | center_loss: 0.0133 | total_loss: 4.0852
2025-05-29 04:48:49,672 - improvements-in-train-log - INFO - Epoch 15, Batch 1000/1360, Loss: 4.2385
2025-05-29 04:48:49,673 - improvements-in-train-log - INFO - Train metrics: l1_loss: 0.4550 | giou_loss: 0.9737 | center_loss: 0.0158 | total_loss: 4.2385
2025-05-29 04:50:22,658 - improvements-in-train-log - INFO - Epoch 15, Batch 1050/1360, Loss: 3.5533
2025-05-29 04:50:22,659 - improvements-in-train-log - INFO - Train metrics: l1_loss: 0.3610 | giou_loss: 0.8695 | center_loss: 0.0093 | total_loss: 3.5533
2025-05-29 04:51:55,492 - improvements-in-train-log - INFO - Epoch 15, Batch 1100/1360, Loss: 4.5439
2025-05-29 04:51:55,493 - improvements-in-train-log - INFO - Train metrics: l1_loss: 0.4734 | giou_loss: 1.0778 | center_loss: 0.0214 | total_loss: 4.5439
2025-05-29 04:53:28,472 - improvements-in-train-log - INFO - Epoch 15, Batch 1150/1360, Loss: 4.2804
2025-05-29 04:53:28,472 - improvements-in-train-log - INFO - Train metrics: l1_loss: 0.4543 | giou_loss: 0.9939 | center_loss: 0.0210 | total_loss: 4.2804
2025-05-29 04:55:01,266 - improvements-in-train-log - INFO - Epoch 15, Batch 1200/1360, Loss: 4.1718
2025-05-29 04:55:01,266 - improvements-in-train-log - INFO - Train metrics: l1_loss: 0.4490 | giou_loss: 0.9534 | center_loss: 0.0197 | total_loss: 4.1718
2025-05-29 04:56:33,949 - improvements-in-train-log - INFO - Epoch 15, Batch 1250/1360, Loss: 4.2017
2025-05-29 04:56:33,950 - improvements-in-train-log - INFO - Train metrics: l1_loss: 0.4478 | giou_loss: 0.9731 | center_loss: 0.0165 | total_loss: 4.2017
2025-05-29 04:58:07,192 - improvements-in-train-log - INFO - Epoch 15, Batch 1300/1360, Loss: 4.1863
2025-05-29 04:58:07,192 - improvements-in-train-log - INFO - Train metrics: l1_loss: 0.4366 | giou_loss: 0.9950 | center_loss: 0.0134 | total_loss: 4.1863
2025-05-29 04:59:40,266 - improvements-in-train-log - INFO - Epoch 15, Batch 1350/1360, Loss: 3.4233
2025-05-29 04:59:40,266 - improvements-in-train-log - INFO - Train metrics: l1_loss: 0.3609 | giou_loss: 0.8024 | center_loss: 0.0142 | total_loss: 3.4233
2025-05-29 04:59:56,923 - improvements-in-train-log - INFO - Train Epoch 15, Loss: 4.1234
2025-05-29 05:02:31,520 - improvements-in-train-log - INFO - Sample 1 - Pred: [294.4888610839844, 306.0317687988281, 518.5799560546875, 505.2726135253906], Target: [57.0, 308.0, 139.0, 343.0]
2025-05-29 05:02:31,521 - improvements-in-train-log - INFO - Sample 2 - Pred: [251.13059997558594, 234.39987182617188, 546.2833862304688, 562.949462890625], Target: [473.0, 197.0, 540.0, 373.0]
2025-05-29 05:02:31,521 - improvements-in-train-log - INFO - Sample 3 - Pred: [291.940673828125, 520.8340454101562, 439.6994323730469, 656.2855224609375], Target: [320.05999755859375, 118.25, 344.6600036621094, 142.82000732421875]
2025-05-29 05:02:31,635 - improvements-in-train-log - INFO - Validation Epoch 15, Loss: 4.9263
2025-05-29 05:02:31,635 - improvements-in-train-log - INFO - Val metrics: Acc@0.25: 0.2515 | Acc@0.5: 0.0920 | Acc@0.75: 0.0117 | mIoU: 0.1466 | medianIoU: 0.0259 | mae_x1: 115.2188 | mae_y1: 116.0882 | mae_x2: 115.6790 | mae_y2: 116.4760 | center_x_error: 102.7403 | center_y_error: 102.9678 | width_error: 2.6493 | height_error: 2.4737 | loss: 4.9263
2025-05-29 05:02:32,687 - improvements-in-train-log - INFO - Saved model checkpoint to /home/pokle/Trans-VG/visual_grounding/checkpoints/improvements-in-train-log_epoch15.pth
2025-05-29 05:02:32,688 - improvements-in-train-log - INFO - Epoch 16/200
2025-05-29 05:02:36,838 - improvements-in-train-log - INFO - Epoch 16, Batch 0/1360, Loss: 4.4778
2025-05-29 05:02:36,839 - improvements-in-train-log - INFO - Train metrics: l1_loss: 0.4634 | giou_loss: 1.0715 | center_loss: 0.0178 | total_loss: 4.4778
2025-05-29 05:04:09,405 - improvements-in-train-log - INFO - Epoch 16, Batch 50/1360, Loss: 3.7448
2025-05-29 05:04:09,405 - improvements-in-train-log - INFO - Train metrics: l1_loss: 0.3443 | giou_loss: 1.0070 | center_loss: 0.0089 | total_loss: 3.7448
2025-05-29 05:05:42,645 - improvements-in-train-log - INFO - Epoch 16, Batch 100/1360, Loss: 4.2417
2025-05-29 05:05:42,645 - improvements-in-train-log - INFO - Train metrics: l1_loss: 0.4446 | giou_loss: 0.9991 | center_loss: 0.0206 | total_loss: 4.2417
2025-05-29 05:07:16,043 - improvements-in-train-log - INFO - Epoch 16, Batch 150/1360, Loss: 3.9586
2025-05-29 05:07:16,043 - improvements-in-train-log - INFO - Train metrics: l1_loss: 0.4137 | giou_loss: 0.9377 | center_loss: 0.0147 | total_loss: 3.9586
2025-05-29 05:08:48,822 - improvements-in-train-log - INFO - Epoch 16, Batch 200/1360, Loss: 4.2370
2025-05-29 05:08:48,822 - improvements-in-train-log - INFO - Train metrics: l1_loss: 0.4343 | giou_loss: 1.0245 | center_loss: 0.0167 | total_loss: 4.2370
2025-05-29 05:10:22,009 - improvements-in-train-log - INFO - Epoch 16, Batch 250/1360, Loss: 4.4193
2025-05-29 05:10:22,009 - improvements-in-train-log - INFO - Train metrics: l1_loss: 0.4555 | giou_loss: 1.0609 | center_loss: 0.0199 | total_loss: 4.4193
2025-05-29 05:11:54,491 - improvements-in-train-log - INFO - Epoch 16, Batch 300/1360, Loss: 3.9392
2025-05-29 05:11:54,492 - improvements-in-train-log - INFO - Train metrics: l1_loss: 0.4150 | giou_loss: 0.9258 | center_loss: 0.0125 | total_loss: 3.9392
2025-05-29 05:13:27,147 - improvements-in-train-log - INFO - Epoch 16, Batch 350/1360, Loss: 4.2211
2025-05-29 05:13:27,147 - improvements-in-train-log - INFO - Train metrics: l1_loss: 0.4394 | giou_loss: 1.0044 | center_loss: 0.0154 | total_loss: 4.2211
2025-05-29 05:15:00,128 - improvements-in-train-log - INFO - Epoch 16, Batch 400/1360, Loss: 3.0838
2025-05-29 05:15:00,129 - improvements-in-train-log - INFO - Train metrics: l1_loss: 0.3050 | giou_loss: 0.7781 | center_loss: 0.0025 | total_loss: 3.0838
2025-05-29 05:16:33,009 - improvements-in-train-log - INFO - Epoch 16, Batch 450/1360, Loss: 3.5277
2025-05-29 05:16:33,009 - improvements-in-train-log - INFO - Train metrics: l1_loss: 0.3356 | giou_loss: 0.9214 | center_loss: 0.0069 | total_loss: 3.5277
2025-05-29 05:18:06,276 - improvements-in-train-log - INFO - Epoch 16, Batch 500/1360, Loss: 3.2814
2025-05-29 05:18:06,277 - improvements-in-train-log - INFO - Train metrics: l1_loss: 0.3096 | giou_loss: 0.8638 | center_loss: 0.0060 | total_loss: 3.2814
2025-05-29 05:19:39,238 - improvements-in-train-log - INFO - Epoch 16, Batch 550/1360, Loss: 4.0810
2025-05-29 05:19:39,238 - improvements-in-train-log - INFO - Train metrics: l1_loss: 0.4165 | giou_loss: 0.9922 | center_loss: 0.0139 | total_loss: 4.0810
2025-05-29 05:21:12,051 - improvements-in-train-log - INFO - Epoch 16, Batch 600/1360, Loss: 4.2239
2025-05-29 05:21:12,051 - improvements-in-train-log - INFO - Train metrics: l1_loss: 0.4379 | giou_loss: 1.0084 | center_loss: 0.0176 | total_loss: 4.2239
2025-05-29 05:22:45,041 - improvements-in-train-log - INFO - Epoch 16, Batch 650/1360, Loss: 4.5735
2025-05-29 05:22:45,041 - improvements-in-train-log - INFO - Train metrics: l1_loss: 0.4798 | giou_loss: 1.0775 | center_loss: 0.0196 | total_loss: 4.5735
2025-05-29 05:24:17,603 - improvements-in-train-log - INFO - Epoch 16, Batch 700/1360, Loss: 3.9250
2025-05-29 05:24:17,603 - improvements-in-train-log - INFO - Train metrics: l1_loss: 0.4009 | giou_loss: 0.9548 | center_loss: 0.0112 | total_loss: 3.9250
2025-05-29 05:25:50,755 - improvements-in-train-log - INFO - Epoch 16, Batch 750/1360, Loss: 3.5781
2025-05-29 05:25:50,755 - improvements-in-train-log - INFO - Train metrics: l1_loss: 0.3722 | giou_loss: 0.8536 | center_loss: 0.0101 | total_loss: 3.5781
2025-05-29 05:27:24,359 - improvements-in-train-log - INFO - Epoch 16, Batch 800/1360, Loss: 3.8855
2025-05-29 05:27:24,360 - improvements-in-train-log - INFO - Train metrics: l1_loss: 0.3765 | giou_loss: 0.9957 | center_loss: 0.0113 | total_loss: 3.8855
2025-05-29 05:28:57,344 - improvements-in-train-log - INFO - Epoch 16, Batch 850/1360, Loss: 5.1028
2025-05-29 05:28:57,344 - improvements-in-train-log - INFO - Train metrics: l1_loss: 0.5510 | giou_loss: 1.1606 | center_loss: 0.0267 | total_loss: 5.1028
2025-05-29 05:30:30,306 - improvements-in-train-log - INFO - Epoch 16, Batch 900/1360, Loss: 4.5131
2025-05-29 05:30:30,307 - improvements-in-train-log - INFO - Train metrics: l1_loss: 0.4655 | giou_loss: 1.0834 | center_loss: 0.0187 | total_loss: 4.5131
2025-05-29 05:32:03,209 - improvements-in-train-log - INFO - Epoch 16, Batch 950/1360, Loss: 4.4056
2025-05-29 05:32:03,209 - improvements-in-train-log - INFO - Train metrics: l1_loss: 0.4849 | giou_loss: 0.9793 | center_loss: 0.0225 | total_loss: 4.4056
2025-05-29 05:33:36,793 - improvements-in-train-log - INFO - Epoch 16, Batch 1000/1360, Loss: 4.0671
2025-05-29 05:33:36,793 - improvements-in-train-log - INFO - Train metrics: l1_loss: 0.4162 | giou_loss: 0.9854 | center_loss: 0.0151 | total_loss: 4.0671
2025-05-29 05:35:09,657 - improvements-in-train-log - INFO - Epoch 16, Batch 1050/1360, Loss: 4.8137
2025-05-29 05:35:09,657 - improvements-in-train-log - INFO - Train metrics: l1_loss: 0.5492 | giou_loss: 1.0246 | center_loss: 0.0184 | total_loss: 4.8137
2025-05-29 05:36:42,434 - improvements-in-train-log - INFO - Epoch 16, Batch 1100/1360, Loss: 4.6375
2025-05-29 05:36:42,434 - improvements-in-train-log - INFO - Train metrics: l1_loss: 0.4826 | giou_loss: 1.0992 | center_loss: 0.0262 | total_loss: 4.6375
2025-05-29 05:38:15,523 - improvements-in-train-log - INFO - Epoch 16, Batch 1150/1360, Loss: 3.5065
2025-05-29 05:38:15,523 - improvements-in-train-log - INFO - Train metrics: l1_loss: 0.3438 | giou_loss: 0.8886 | center_loss: 0.0104 | total_loss: 3.5065
2025-05-29 05:39:48,708 - improvements-in-train-log - INFO - Epoch 16, Batch 1200/1360, Loss: 4.1623
2025-05-29 05:39:48,709 - improvements-in-train-log - INFO - Train metrics: l1_loss: 0.4253 | giou_loss: 1.0095 | center_loss: 0.0169 | total_loss: 4.1623
2025-05-29 05:41:21,969 - improvements-in-train-log - INFO - Epoch 16, Batch 1250/1360, Loss: 4.1405
2025-05-29 05:41:21,970 - improvements-in-train-log - INFO - Train metrics: l1_loss: 0.4462 | giou_loss: 0.9453 | center_loss: 0.0191 | total_loss: 4.1405
2025-05-29 05:42:54,759 - improvements-in-train-log - INFO - Epoch 16, Batch 1300/1360, Loss: 4.2377
2025-05-29 05:42:54,760 - improvements-in-train-log - INFO - Train metrics: l1_loss: 0.4548 | giou_loss: 0.9747 | center_loss: 0.0141 | total_loss: 4.2377
2025-05-29 05:44:27,135 - improvements-in-train-log - INFO - Epoch 16, Batch 1350/1360, Loss: 3.6496
2025-05-29 05:44:27,136 - improvements-in-train-log - INFO - Train metrics: l1_loss: 0.3650 | giou_loss: 0.9079 | center_loss: 0.0087 | total_loss: 3.6496
2025-05-29 05:44:44,034 - improvements-in-train-log - INFO - Train Epoch 16, Loss: 4.0926
2025-05-29 05:47:17,953 - improvements-in-train-log - INFO - Sample 1 - Pred: [338.3841857910156, 658.5556030273438, 492.4729919433594, 821.4862060546875], Target: [738.0399780273438, 593.1699829101562, 763.02001953125, 618.5]
2025-05-29 05:47:17,954 - improvements-in-train-log - INFO - Sample 2 - Pred: [656.9785766601562, 331.0025634765625, 771.91455078125, 501.9998474121094], Target: [554.0, 401.0, 572.0, 433.0]
2025-05-29 05:47:17,954 - improvements-in-train-log - INFO - Sample 3 - Pred: [71.65922546386719, 340.28619384765625, 209.4311981201172, 486.1780090332031], Target: [168.0, 236.0, 242.0, 297.0]
2025-05-29 05:47:18,054 - improvements-in-train-log - INFO - Validation Epoch 16, Loss: 4.9139
2025-05-29 05:47:18,054 - improvements-in-train-log - INFO - Val metrics: Acc@0.25: 0.2513 | Acc@0.5: 0.0959 | Acc@0.75: 0.0127 | mIoU: 0.1477 | medianIoU: 0.0282 | mae_x1: 114.9398 | mae_y1: 115.0163 | mae_x2: 115.7156 | mae_y2: 117.9445 | center_x_error: 102.0013 | center_y_error: 102.5834 | width_error: 2.6971 | height_error: 2.5455 | loss: 4.9139
2025-05-29 05:47:19,072 - improvements-in-train-log - INFO - Saved model checkpoint to /home/pokle/Trans-VG/visual_grounding/checkpoints/improvements-in-train-log_epoch16.pth
2025-05-29 05:47:19,073 - improvements-in-train-log - INFO - Epoch 17/200
2025-05-29 05:47:22,950 - improvements-in-train-log - INFO - Epoch 17, Batch 0/1360, Loss: 3.6503
2025-05-29 05:47:22,950 - improvements-in-train-log - INFO - Train metrics: l1_loss: 0.3617 | giou_loss: 0.9163 | center_loss: 0.0090 | total_loss: 3.6503
2025-05-29 05:48:56,447 - improvements-in-train-log - INFO - Epoch 17, Batch 50/1360, Loss: 4.6968
2025-05-29 05:48:56,447 - improvements-in-train-log - INFO - Train metrics: l1_loss: 0.4972 | giou_loss: 1.0937 | center_loss: 0.0232 | total_loss: 4.6968
2025-05-29 05:50:29,547 - improvements-in-train-log - INFO - Epoch 17, Batch 100/1360, Loss: 4.5032
2025-05-29 05:50:29,547 - improvements-in-train-log - INFO - Train metrics: l1_loss: 0.4945 | giou_loss: 1.0049 | center_loss: 0.0207 | total_loss: 4.5032
2025-05-29 05:52:02,083 - improvements-in-train-log - INFO - Epoch 17, Batch 150/1360, Loss: 3.4526
2025-05-29 05:52:02,084 - improvements-in-train-log - INFO - Train metrics: l1_loss: 0.3462 | giou_loss: 0.8570 | center_loss: 0.0077 | total_loss: 3.4526
2025-05-29 05:53:35,167 - improvements-in-train-log - INFO - Epoch 17, Batch 200/1360, Loss: 3.7648
2025-05-29 05:53:35,167 - improvements-in-train-log - INFO - Train metrics: l1_loss: 0.3608 | giou_loss: 0.9754 | center_loss: 0.0100 | total_loss: 3.7648
2025-05-29 05:55:08,140 - improvements-in-train-log - INFO - Epoch 17, Batch 250/1360, Loss: 4.0078
2025-05-29 05:55:08,141 - improvements-in-train-log - INFO - Train metrics: l1_loss: 0.3998 | giou_loss: 0.9982 | center_loss: 0.0125 | total_loss: 4.0078
2025-05-29 05:56:40,290 - improvements-in-train-log - INFO - Epoch 17, Batch 300/1360, Loss: 3.5751
2025-05-29 05:56:40,291 - improvements-in-train-log - INFO - Train metrics: l1_loss: 0.3757 | giou_loss: 0.8448 | center_loss: 0.0068 | total_loss: 3.5751
2025-05-29 05:58:13,684 - improvements-in-train-log - INFO - Epoch 17, Batch 350/1360, Loss: 4.5779
2025-05-29 05:58:13,684 - improvements-in-train-log - INFO - Train metrics: l1_loss: 0.4808 | giou_loss: 1.0758 | center_loss: 0.0223 | total_loss: 4.5779
2025-05-29 05:59:46,668 - improvements-in-train-log - INFO - Epoch 17, Batch 400/1360, Loss: 4.4473
2025-05-29 05:59:46,668 - improvements-in-train-log - INFO - Train metrics: l1_loss: 0.4689 | giou_loss: 1.0440 | center_loss: 0.0146 | total_loss: 4.4473
2025-05-29 06:01:19,583 - improvements-in-train-log - INFO - Epoch 17, Batch 450/1360, Loss: 3.5351
2025-05-29 06:01:19,583 - improvements-in-train-log - INFO - Train metrics: l1_loss: 0.3505 | giou_loss: 0.8886 | center_loss: 0.0053 | total_loss: 3.5351
2025-05-29 06:02:52,613 - improvements-in-train-log - INFO - Epoch 17, Batch 500/1360, Loss: 3.5351
2025-05-29 06:02:52,613 - improvements-in-train-log - INFO - Train metrics: l1_loss: 0.3447 | giou_loss: 0.9016 | center_loss: 0.0082 | total_loss: 3.5351
2025-05-29 06:04:25,805 - improvements-in-train-log - INFO - Epoch 17, Batch 550/1360, Loss: 5.2319
2025-05-29 06:04:25,806 - improvements-in-train-log - INFO - Train metrics: l1_loss: 0.5608 | giou_loss: 1.2010 | center_loss: 0.0260 | total_loss: 5.2319
2025-05-29 06:05:58,561 - improvements-in-train-log - INFO - Epoch 17, Batch 600/1360, Loss: 3.6318
2025-05-29 06:05:58,562 - improvements-in-train-log - INFO - Train metrics: l1_loss: 0.3649 | giou_loss: 0.9004 | center_loss: 0.0065 | total_loss: 3.6318
2025-05-29 06:07:31,757 - improvements-in-train-log - INFO - Epoch 17, Batch 650/1360, Loss: 3.4691
2025-05-29 06:07:31,757 - improvements-in-train-log - INFO - Train metrics: l1_loss: 0.3699 | giou_loss: 0.8055 | center_loss: 0.0087 | total_loss: 3.4691
2025-05-29 06:09:04,499 - improvements-in-train-log - INFO - Epoch 17, Batch 700/1360, Loss: 3.7756
2025-05-29 06:09:04,500 - improvements-in-train-log - INFO - Train metrics: l1_loss: 0.3547 | giou_loss: 0.9967 | center_loss: 0.0091 | total_loss: 3.7756
2025-05-29 06:10:37,321 - improvements-in-train-log - INFO - Epoch 17, Batch 750/1360, Loss: 3.9741
2025-05-29 06:10:37,321 - improvements-in-train-log - INFO - Train metrics: l1_loss: 0.3989 | giou_loss: 0.9830 | center_loss: 0.0138 | total_loss: 3.9741
2025-05-29 06:12:09,681 - improvements-in-train-log - INFO - Epoch 17, Batch 800/1360, Loss: 3.7001
2025-05-29 06:12:09,681 - improvements-in-train-log - INFO - Train metrics: l1_loss: 0.3916 | giou_loss: 0.8652 | center_loss: 0.0115 | total_loss: 3.7001
2025-05-29 06:13:42,441 - improvements-in-train-log - INFO - Epoch 17, Batch 850/1360, Loss: 4.1643
2025-05-29 06:13:42,441 - improvements-in-train-log - INFO - Train metrics: l1_loss: 0.4453 | giou_loss: 0.9617 | center_loss: 0.0141 | total_loss: 4.1643
2025-05-29 06:15:15,332 - improvements-in-train-log - INFO - Epoch 17, Batch 900/1360, Loss: 4.2265
2025-05-29 06:15:15,332 - improvements-in-train-log - INFO - Train metrics: l1_loss: 0.4619 | giou_loss: 0.9476 | center_loss: 0.0220 | total_loss: 4.2265
2025-05-29 06:16:48,735 - improvements-in-train-log - INFO - Epoch 17, Batch 950/1360, Loss: 4.3720
2025-05-29 06:16:48,735 - improvements-in-train-log - INFO - Train metrics: l1_loss: 0.4247 | giou_loss: 1.1169 | center_loss: 0.0147 | total_loss: 4.3720
2025-05-29 06:18:22,068 - improvements-in-train-log - INFO - Epoch 17, Batch 1000/1360, Loss: 4.1683
2025-05-29 06:18:22,068 - improvements-in-train-log - INFO - Train metrics: l1_loss: 0.4151 | giou_loss: 1.0378 | center_loss: 0.0172 | total_loss: 4.1683
2025-05-29 06:19:55,201 - improvements-in-train-log - INFO - Epoch 17, Batch 1050/1360, Loss: 3.8751
2025-05-29 06:19:55,201 - improvements-in-train-log - INFO - Train metrics: l1_loss: 0.3974 | giou_loss: 0.9368 | center_loss: 0.0146 | total_loss: 3.8751
2025-05-29 06:21:27,745 - improvements-in-train-log - INFO - Epoch 17, Batch 1100/1360, Loss: 3.7992
2025-05-29 06:21:27,745 - improvements-in-train-log - INFO - Train metrics: l1_loss: 0.3830 | giou_loss: 0.9379 | center_loss: 0.0087 | total_loss: 3.7992
2025-05-29 06:23:00,538 - improvements-in-train-log - INFO - Epoch 17, Batch 1150/1360, Loss: 3.9732
2025-05-29 06:23:00,539 - improvements-in-train-log - INFO - Train metrics: l1_loss: 0.4016 | giou_loss: 0.9760 | center_loss: 0.0131 | total_loss: 3.9732
2025-05-29 06:24:33,863 - improvements-in-train-log - INFO - Epoch 17, Batch 1200/1360, Loss: 3.7490
2025-05-29 06:24:33,863 - improvements-in-train-log - INFO - Train metrics: l1_loss: 0.3944 | giou_loss: 0.8819 | center_loss: 0.0134 | total_loss: 3.7490
2025-05-29 06:26:06,788 - improvements-in-train-log - INFO - Epoch 17, Batch 1250/1360, Loss: 4.4973
2025-05-29 06:26:06,789 - improvements-in-train-log - INFO - Train metrics: l1_loss: 0.5063 | giou_loss: 0.9739 | center_loss: 0.0180 | total_loss: 4.4973
2025-05-29 06:27:39,621 - improvements-in-train-log - INFO - Epoch 17, Batch 1300/1360, Loss: 3.7401
2025-05-29 06:27:39,621 - improvements-in-train-log - INFO - Train metrics: l1_loss: 0.3665 | giou_loss: 0.9483 | center_loss: 0.0111 | total_loss: 3.7401
2025-05-29 06:29:12,387 - improvements-in-train-log - INFO - Epoch 17, Batch 1350/1360, Loss: 3.7783
2025-05-29 06:29:12,388 - improvements-in-train-log - INFO - Train metrics: l1_loss: 0.3780 | giou_loss: 0.9376 | center_loss: 0.0132 | total_loss: 3.7783
2025-05-29 06:29:29,149 - improvements-in-train-log - INFO - Train Epoch 17, Loss: 4.0585
2025-05-29 06:32:04,411 - improvements-in-train-log - INFO - Sample 1 - Pred: [285.1927185058594, 243.56228637695312, 558.692138671875, 521.8280639648438], Target: [449.0, 448.0, 543.0, 495.0]
2025-05-29 06:32:04,411 - improvements-in-train-log - INFO - Sample 2 - Pred: [614.8895263671875, 598.5076293945312, 738.6510620117188, 729.3692626953125], Target: [747.0, 662.0, 775.0, 693.0]
2025-05-29 06:32:04,412 - improvements-in-train-log - INFO - Sample 3 - Pred: [292.76654052734375, 145.10740661621094, 586.4254760742188, 420.48651123046875], Target: [150.0, 343.0, 571.0, 430.0]
2025-05-29 06:32:04,501 - improvements-in-train-log - INFO - Validation Epoch 17, Loss: 4.9976
2025-05-29 06:32:04,501 - improvements-in-train-log - INFO - Val metrics: Acc@0.25: 0.2499 | Acc@0.5: 0.0946 | Acc@0.75: 0.0131 | mIoU: 0.1456 | medianIoU: 0.0209 | mae_x1: 114.8103 | mae_y1: 116.6867 | mae_x2: 120.2838 | mae_y2: 118.9870 | center_x_error: 104.7408 | center_y_error: 105.5107 | width_error: 2.5904 | height_error: 2.3019 | loss: 4.9976
2025-05-29 06:32:05,351 - improvements-in-train-log - INFO - Saved model checkpoint to /home/pokle/Trans-VG/visual_grounding/checkpoints/improvements-in-train-log_epoch17.pth
2025-05-29 06:32:05,351 - improvements-in-train-log - INFO - Epoch 18/200
2025-05-29 06:32:09,281 - improvements-in-train-log - INFO - Epoch 18, Batch 0/1360, Loss: 3.5028
2025-05-29 06:32:09,281 - improvements-in-train-log - INFO - Train metrics: l1_loss: 0.3842 | giou_loss: 0.7849 | center_loss: 0.0117 | total_loss: 3.5028
2025-05-29 06:33:42,259 - improvements-in-train-log - INFO - Epoch 18, Batch 50/1360, Loss: 4.2128
2025-05-29 06:33:42,259 - improvements-in-train-log - INFO - Train metrics: l1_loss: 0.4683 | giou_loss: 0.9257 | center_loss: 0.0199 | total_loss: 4.2128
2025-05-29 06:35:15,137 - improvements-in-train-log - INFO - Epoch 18, Batch 100/1360, Loss: 4.0864
2025-05-29 06:35:15,137 - improvements-in-train-log - INFO - Train metrics: l1_loss: 0.4280 | giou_loss: 0.9655 | center_loss: 0.0155 | total_loss: 4.0864
2025-05-29 06:36:48,431 - improvements-in-train-log - INFO - Epoch 18, Batch 150/1360, Loss: 4.5387
2025-05-29 06:36:48,432 - improvements-in-train-log - INFO - Train metrics: l1_loss: 0.4827 | giou_loss: 1.0524 | center_loss: 0.0201 | total_loss: 4.5387
2025-05-29 06:38:21,501 - improvements-in-train-log - INFO - Epoch 18, Batch 200/1360, Loss: 3.2219
2025-05-29 06:38:21,501 - improvements-in-train-log - INFO - Train metrics: l1_loss: 0.2906 | giou_loss: 0.8819 | center_loss: 0.0049 | total_loss: 3.2219
2025-05-29 06:39:54,435 - improvements-in-train-log - INFO - Epoch 18, Batch 250/1360, Loss: 4.2677
2025-05-29 06:39:54,435 - improvements-in-train-log - INFO - Train metrics: l1_loss: 0.4395 | giou_loss: 1.0272 | center_loss: 0.0157 | total_loss: 4.2677
2025-05-29 06:41:27,671 - improvements-in-train-log - INFO - Epoch 18, Batch 300/1360, Loss: 3.8091
2025-05-29 06:41:27,671 - improvements-in-train-log - INFO - Train metrics: l1_loss: 0.3893 | giou_loss: 0.9257 | center_loss: 0.0112 | total_loss: 3.8091
2025-05-29 06:43:00,447 - improvements-in-train-log - INFO - Epoch 18, Batch 350/1360, Loss: 3.6589
2025-05-29 06:43:00,447 - improvements-in-train-log - INFO - Train metrics: l1_loss: 0.3607 | giou_loss: 0.9223 | center_loss: 0.0106 | total_loss: 3.6589
2025-05-29 06:44:33,010 - improvements-in-train-log - INFO - Epoch 18, Batch 400/1360, Loss: 4.2030
2025-05-29 06:44:33,010 - improvements-in-train-log - INFO - Train metrics: l1_loss: 0.4244 | giou_loss: 1.0321 | center_loss: 0.0166 | total_loss: 4.2030
2025-05-29 06:46:06,181 - improvements-in-train-log - INFO - Epoch 18, Batch 450/1360, Loss: 4.1849
2025-05-29 06:46:06,181 - improvements-in-train-log - INFO - Train metrics: l1_loss: 0.4221 | giou_loss: 1.0300 | center_loss: 0.0144 | total_loss: 4.1849
2025-05-29 06:47:39,158 - improvements-in-train-log - INFO - Epoch 18, Batch 500/1360, Loss: 4.2351
2025-05-29 06:47:39,158 - improvements-in-train-log - INFO - Train metrics: l1_loss: 0.4421 | giou_loss: 1.0029 | center_loss: 0.0189 | total_loss: 4.2351
2025-05-29 06:49:12,148 - improvements-in-train-log - INFO - Epoch 18, Batch 550/1360, Loss: 4.5543
2025-05-29 06:49:12,149 - improvements-in-train-log - INFO - Train metrics: l1_loss: 0.4709 | giou_loss: 1.0909 | center_loss: 0.0180 | total_loss: 4.5543
2025-05-29 06:50:45,483 - improvements-in-train-log - INFO - Epoch 18, Batch 600/1360, Loss: 3.9542
2025-05-29 06:50:45,484 - improvements-in-train-log - INFO - Train metrics: l1_loss: 0.4023 | giou_loss: 0.9631 | center_loss: 0.0165 | total_loss: 3.9542
2025-05-29 06:52:18,921 - improvements-in-train-log - INFO - Epoch 18, Batch 650/1360, Loss: 3.6581
2025-05-29 06:52:18,921 - improvements-in-train-log - INFO - Train metrics: l1_loss: 0.3773 | giou_loss: 0.8810 | center_loss: 0.0094 | total_loss: 3.6581
2025-05-29 06:53:51,928 - improvements-in-train-log - INFO - Epoch 18, Batch 700/1360, Loss: 4.1293
2025-05-29 06:53:51,928 - improvements-in-train-log - INFO - Train metrics: l1_loss: 0.4266 | giou_loss: 0.9894 | center_loss: 0.0173 | total_loss: 4.1293
2025-05-29 06:55:25,325 - improvements-in-train-log - INFO - Epoch 18, Batch 750/1360, Loss: 4.4792
2025-05-29 06:55:25,325 - improvements-in-train-log - INFO - Train metrics: l1_loss: 0.4705 | giou_loss: 1.0505 | center_loss: 0.0257 | total_loss: 4.4792
2025-05-29 06:56:58,073 - improvements-in-train-log - INFO - Epoch 18, Batch 800/1360, Loss: 4.0710
2025-05-29 06:56:58,073 - improvements-in-train-log - INFO - Train metrics: l1_loss: 0.4095 | giou_loss: 1.0046 | center_loss: 0.0144 | total_loss: 4.0710
2025-05-29 06:58:31,286 - improvements-in-train-log - INFO - Epoch 18, Batch 850/1360, Loss: 3.8708
2025-05-29 06:58:31,286 - improvements-in-train-log - INFO - Train metrics: l1_loss: 0.3719 | giou_loss: 1.0002 | center_loss: 0.0107 | total_loss: 3.8708
2025-05-29 07:00:04,232 - improvements-in-train-log - INFO - Epoch 18, Batch 900/1360, Loss: 4.1949
2025-05-29 07:00:04,233 - improvements-in-train-log - INFO - Train metrics: l1_loss: 0.4231 | giou_loss: 1.0320 | center_loss: 0.0152 | total_loss: 4.1949
2025-05-29 07:01:36,887 - improvements-in-train-log - INFO - Epoch 18, Batch 950/1360, Loss: 3.7279
2025-05-29 07:01:36,888 - improvements-in-train-log - INFO - Train metrics: l1_loss: 0.3824 | giou_loss: 0.9022 | center_loss: 0.0115 | total_loss: 3.7279
2025-05-29 07:03:10,385 - improvements-in-train-log - INFO - Epoch 18, Batch 1000/1360, Loss: 3.8511
2025-05-29 07:03:10,385 - improvements-in-train-log - INFO - Train metrics: l1_loss: 0.3890 | giou_loss: 0.9457 | center_loss: 0.0148 | total_loss: 3.8511
2025-05-29 07:04:43,973 - improvements-in-train-log - INFO - Epoch 18, Batch 1050/1360, Loss: 3.7080
2025-05-29 07:04:43,974 - improvements-in-train-log - INFO - Train metrics: l1_loss: 0.3879 | giou_loss: 0.8797 | center_loss: 0.0091 | total_loss: 3.7080
2025-05-29 07:06:17,893 - improvements-in-train-log - INFO - Epoch 18, Batch 1100/1360, Loss: 3.9725
2025-05-29 07:06:17,893 - improvements-in-train-log - INFO - Train metrics: l1_loss: 0.4075 | giou_loss: 0.9612 | center_loss: 0.0127 | total_loss: 3.9725
2025-05-29 07:07:51,775 - improvements-in-train-log - INFO - Epoch 18, Batch 1150/1360, Loss: 4.7695
2025-05-29 07:07:51,775 - improvements-in-train-log - INFO - Train metrics: l1_loss: 0.5131 | giou_loss: 1.0876 | center_loss: 0.0286 | total_loss: 4.7695
2025-05-29 07:09:24,967 - improvements-in-train-log - INFO - Epoch 18, Batch 1200/1360, Loss: 4.2547
2025-05-29 07:09:24,967 - improvements-in-train-log - INFO - Train metrics: l1_loss: 0.4380 | giou_loss: 1.0239 | center_loss: 0.0169 | total_loss: 4.2547
2025-05-29 07:10:58,144 - improvements-in-train-log - INFO - Epoch 18, Batch 1250/1360, Loss: 4.0362
2025-05-29 07:10:58,144 - improvements-in-train-log - INFO - Train metrics: l1_loss: 0.4168 | giou_loss: 0.9674 | center_loss: 0.0175 | total_loss: 4.0362
2025-05-29 07:12:31,305 - improvements-in-train-log - INFO - Epoch 18, Batch 1300/1360, Loss: 3.8439
2025-05-29 07:12:31,305 - improvements-in-train-log - INFO - Train metrics: l1_loss: 0.4106 | giou_loss: 0.8897 | center_loss: 0.0117 | total_loss: 3.8439
2025-05-29 07:14:04,717 - improvements-in-train-log - INFO - Epoch 18, Batch 1350/1360, Loss: 4.5292
2025-05-29 07:14:04,717 - improvements-in-train-log - INFO - Train metrics: l1_loss: 0.4514 | giou_loss: 1.1289 | center_loss: 0.0144 | total_loss: 4.5292
2025-05-29 07:14:21,476 - improvements-in-train-log - INFO - Train Epoch 18, Loss: 4.0343
2025-05-29 07:16:57,052 - improvements-in-train-log - INFO - Sample 1 - Pred: [54.30447769165039, 617.4326782226562, 179.07347106933594, 772.67333984375], Target: [736.1900024414062, 855.2999877929688, 752.5800170898438, 891.7000122070312]
2025-05-29 07:16:57,052 - improvements-in-train-log - INFO - Sample 2 - Pred: [317.7978515625, 262.6502685546875, 465.5237121582031, 449.5013122558594], Target: [330.0, 120.0, 392.0, 636.0]
2025-05-29 07:16:57,052 - improvements-in-train-log - INFO - Sample 3 - Pred: [196.08670043945312, 184.58253479003906, 606.9222412109375, 634.6134643554688], Target: [42.0, 361.0, 481.0, 712.0]
2025-05-29 07:16:57,141 - improvements-in-train-log - INFO - Validation Epoch 18, Loss: 4.9737
2025-05-29 07:16:57,141 - improvements-in-train-log - INFO - Val metrics: Acc@0.25: 0.2541 | Acc@0.5: 0.0963 | Acc@0.75: 0.0111 | mIoU: 0.1471 | medianIoU: 0.0234 | mae_x1: 115.9067 | mae_y1: 119.1950 | mae_x2: 116.0045 | mae_y2: 118.4074 | center_x_error: 103.1297 | center_y_error: 105.3291 | width_error: 2.6190 | height_error: 2.4395 | loss: 4.9737
2025-05-29 07:16:57,984 - improvements-in-train-log - INFO - Saved model checkpoint to /home/pokle/Trans-VG/visual_grounding/checkpoints/improvements-in-train-log_epoch18.pth
2025-05-29 07:16:57,985 - improvements-in-train-log - INFO - Epoch 19/200
2025-05-29 07:17:01,878 - improvements-in-train-log - INFO - Epoch 19, Batch 0/1360, Loss: 4.1815
2025-05-29 07:17:01,879 - improvements-in-train-log - INFO - Train metrics: l1_loss: 0.4047 | giou_loss: 1.0732 | center_loss: 0.0116 | total_loss: 4.1815
2025-05-29 07:18:34,638 - improvements-in-train-log - INFO - Epoch 19, Batch 50/1360, Loss: 3.5602
2025-05-29 07:18:34,638 - improvements-in-train-log - INFO - Train metrics: l1_loss: 0.3567 | giou_loss: 0.8837 | center_loss: 0.0092 | total_loss: 3.5602
2025-05-29 07:20:07,308 - improvements-in-train-log - INFO - Epoch 19, Batch 100/1360, Loss: 4.7510
2025-05-29 07:20:07,308 - improvements-in-train-log - INFO - Train metrics: l1_loss: 0.4957 | giou_loss: 1.1228 | center_loss: 0.0269 | total_loss: 4.7510
2025-05-29 07:21:40,162 - improvements-in-train-log - INFO - Epoch 19, Batch 150/1360, Loss: 3.9256
2025-05-29 07:21:40,163 - improvements-in-train-log - INFO - Train metrics: l1_loss: 0.4052 | giou_loss: 0.9446 | center_loss: 0.0103 | total_loss: 3.9256
2025-05-29 07:23:13,353 - improvements-in-train-log - INFO - Epoch 19, Batch 200/1360, Loss: 3.9863
2025-05-29 07:23:13,354 - improvements-in-train-log - INFO - Train metrics: l1_loss: 0.4112 | giou_loss: 0.9586 | center_loss: 0.0129 | total_loss: 3.9863
2025-05-29 07:24:46,346 - improvements-in-train-log - INFO - Epoch 19, Batch 250/1360, Loss: 3.3347
2025-05-29 07:24:46,346 - improvements-in-train-log - INFO - Train metrics: l1_loss: 0.3143 | giou_loss: 0.8779 | center_loss: 0.0076 | total_loss: 3.3347
2025-05-29 07:26:19,227 - improvements-in-train-log - INFO - Epoch 19, Batch 300/1360, Loss: 4.1836
2025-05-29 07:26:19,228 - improvements-in-train-log - INFO - Train metrics: l1_loss: 0.4349 | giou_loss: 0.9954 | center_loss: 0.0182 | total_loss: 4.1836
2025-05-29 07:27:52,623 - improvements-in-train-log - INFO - Epoch 19, Batch 350/1360, Loss: 3.7843
2025-05-29 07:27:52,623 - improvements-in-train-log - INFO - Train metrics: l1_loss: 0.3647 | giou_loss: 0.9729 | center_loss: 0.0149 | total_loss: 3.7843
2025-05-29 07:29:25,474 - improvements-in-train-log - INFO - Epoch 19, Batch 400/1360, Loss: 4.0397
2025-05-29 07:29:25,474 - improvements-in-train-log - INFO - Train metrics: l1_loss: 0.4293 | giou_loss: 0.9373 | center_loss: 0.0183 | total_loss: 4.0397
2025-05-29 07:30:58,588 - improvements-in-train-log - INFO - Epoch 19, Batch 450/1360, Loss: 4.4588
2025-05-29 07:30:58,588 - improvements-in-train-log - INFO - Train metrics: l1_loss: 0.4634 | giou_loss: 1.0620 | center_loss: 0.0179 | total_loss: 4.4588
2025-05-29 07:32:31,982 - improvements-in-train-log - INFO - Epoch 19, Batch 500/1360, Loss: 4.3480
2025-05-29 07:32:31,982 - improvements-in-train-log - INFO - Train metrics: l1_loss: 0.4425 | giou_loss: 1.0579 | center_loss: 0.0195 | total_loss: 4.3480
2025-05-29 07:34:05,244 - improvements-in-train-log - INFO - Epoch 19, Batch 550/1360, Loss: 3.7060
2025-05-29 07:34:05,244 - improvements-in-train-log - INFO - Train metrics: l1_loss: 0.3729 | giou_loss: 0.9153 | center_loss: 0.0108 | total_loss: 3.7060
2025-05-29 07:35:38,140 - improvements-in-train-log - INFO - Epoch 19, Batch 600/1360, Loss: 3.8269
2025-05-29 07:35:38,140 - improvements-in-train-log - INFO - Train metrics: l1_loss: 0.3987 | giou_loss: 0.9107 | center_loss: 0.0121 | total_loss: 3.8269
2025-05-29 07:37:11,194 - improvements-in-train-log - INFO - Epoch 19, Batch 650/1360, Loss: 3.8922
2025-05-29 07:37:11,194 - improvements-in-train-log - INFO - Train metrics: l1_loss: 0.4042 | giou_loss: 0.9294 | center_loss: 0.0125 | total_loss: 3.8922
2025-05-29 07:38:43,968 - improvements-in-train-log - INFO - Epoch 19, Batch 700/1360, Loss: 3.8964
2025-05-29 07:38:43,968 - improvements-in-train-log - INFO - Train metrics: l1_loss: 0.4025 | giou_loss: 0.9325 | center_loss: 0.0190 | total_loss: 3.8964
2025-05-29 07:40:17,459 - improvements-in-train-log - INFO - Epoch 19, Batch 750/1360, Loss: 4.4978
2025-05-29 07:40:17,459 - improvements-in-train-log - INFO - Train metrics: l1_loss: 0.4963 | giou_loss: 0.9963 | center_loss: 0.0239 | total_loss: 4.4978
2025-05-29 07:41:50,297 - improvements-in-train-log - INFO - Epoch 19, Batch 800/1360, Loss: 3.7673
2025-05-29 07:41:50,297 - improvements-in-train-log - INFO - Train metrics: l1_loss: 0.4005 | giou_loss: 0.8753 | center_loss: 0.0140 | total_loss: 3.7673
2025-05-29 07:43:23,924 - improvements-in-train-log - INFO - Epoch 19, Batch 850/1360, Loss: 3.8056
2025-05-29 07:43:23,924 - improvements-in-train-log - INFO - Train metrics: l1_loss: 0.3441 | giou_loss: 1.0379 | center_loss: 0.0093 | total_loss: 3.8056
2025-05-29 07:44:57,134 - improvements-in-train-log - INFO - Epoch 19, Batch 900/1360, Loss: 4.1801
2025-05-29 07:44:57,135 - improvements-in-train-log - INFO - Train metrics: l1_loss: 0.4324 | giou_loss: 1.0013 | center_loss: 0.0155 | total_loss: 4.1801
2025-05-29 07:46:30,094 - improvements-in-train-log - INFO - Epoch 19, Batch 950/1360, Loss: 3.3697
2025-05-29 07:46:30,095 - improvements-in-train-log - INFO - Train metrics: l1_loss: 0.3201 | giou_loss: 0.8802 | center_loss: 0.0086 | total_loss: 3.3697
2025-05-29 07:48:03,229 - improvements-in-train-log - INFO - Epoch 19, Batch 1000/1360, Loss: 3.8620
2025-05-29 07:48:03,229 - improvements-in-train-log - INFO - Train metrics: l1_loss: 0.3948 | giou_loss: 0.9385 | center_loss: 0.0109 | total_loss: 3.8620
2025-05-29 07:49:36,672 - improvements-in-train-log - INFO - Epoch 19, Batch 1050/1360, Loss: 4.0196
2025-05-29 07:49:36,672 - improvements-in-train-log - INFO - Train metrics: l1_loss: 0.4021 | giou_loss: 0.9971 | center_loss: 0.0149 | total_loss: 4.0196
2025-05-29 07:51:09,650 - improvements-in-train-log - INFO - Epoch 19, Batch 1100/1360, Loss: 3.6037
2025-05-29 07:51:09,651 - improvements-in-train-log - INFO - Train metrics: l1_loss: 0.3622 | giou_loss: 0.8914 | center_loss: 0.0099 | total_loss: 3.6037
2025-05-29 07:52:42,624 - improvements-in-train-log - INFO - Epoch 19, Batch 1150/1360, Loss: 4.0025
2025-05-29 07:52:42,624 - improvements-in-train-log - INFO - Train metrics: l1_loss: 0.4114 | giou_loss: 0.9658 | center_loss: 0.0142 | total_loss: 4.0025
2025-05-29 07:54:15,595 - improvements-in-train-log - INFO - Epoch 19, Batch 1200/1360, Loss: 4.0301
2025-05-29 07:54:15,595 - improvements-in-train-log - INFO - Train metrics: l1_loss: 0.4435 | giou_loss: 0.8982 | center_loss: 0.0161 | total_loss: 4.0301
2025-05-29 07:55:48,790 - improvements-in-train-log - INFO - Epoch 19, Batch 1250/1360, Loss: 4.2177
2025-05-29 07:55:48,791 - improvements-in-train-log - INFO - Train metrics: l1_loss: 0.3945 | giou_loss: 1.1157 | center_loss: 0.0140 | total_loss: 4.2177
2025-05-29 07:57:21,876 - improvements-in-train-log - INFO - Epoch 19, Batch 1300/1360, Loss: 4.5805
2025-05-29 07:57:21,877 - improvements-in-train-log - INFO - Train metrics: l1_loss: 0.4838 | giou_loss: 1.0700 | center_loss: 0.0216 | total_loss: 4.5805
2025-05-29 07:58:54,952 - improvements-in-train-log - INFO - Epoch 19, Batch 1350/1360, Loss: 3.8127
2025-05-29 07:58:54,952 - improvements-in-train-log - INFO - Train metrics: l1_loss: 0.4133 | giou_loss: 0.8663 | center_loss: 0.0138 | total_loss: 3.8127
2025-05-29 07:59:11,475 - improvements-in-train-log - INFO - Train Epoch 19, Loss: 3.9978
2025-05-29 08:01:47,293 - improvements-in-train-log - INFO - Sample 1 - Pred: [257.3156433105469, 433.84197998046875, 417.42822265625, 628.2149047851562], Target: [337.0, 546.0, 345.0, 564.0]
2025-05-29 08:01:47,294 - improvements-in-train-log - INFO - Sample 2 - Pred: [152.8632049560547, 384.3993225097656, 379.34906005859375, 665.149169921875], Target: [486.7200012207031, 317.25, 537.280029296875, 367.8299865722656]
2025-05-29 08:01:47,294 - improvements-in-train-log - INFO - Sample 3 - Pred: [509.0056457519531, 505.8063049316406, 629.6050415039062, 644.4131469726562], Target: [513.72998046875, 849.0, 524.5900268554688, 888.5]
2025-05-29 08:01:47,397 - improvements-in-train-log - INFO - Validation Epoch 19, Loss: 5.0068
2025-05-29 08:01:47,397 - improvements-in-train-log - INFO - Val metrics: Acc@0.25: 0.2483 | Acc@0.5: 0.0916 | Acc@0.75: 0.0131 | mIoU: 0.1458 | medianIoU: 0.0227 | mae_x1: 115.5492 | mae_y1: 116.7772 | mae_x2: 117.7239 | mae_y2: 122.7257 | center_x_error: 104.2065 | center_y_error: 106.4551 | width_error: 2.5182 | height_error: 2.3945 | loss: 5.0068
2025-05-29 08:01:48,246 - improvements-in-train-log - INFO - Saved model checkpoint to /home/pokle/Trans-VG/visual_grounding/checkpoints/improvements-in-train-log_epoch19.pth
2025-05-29 08:01:48,246 - improvements-in-train-log - INFO - Epoch 20/200
2025-05-29 08:01:52,021 - improvements-in-train-log - INFO - Epoch 20, Batch 0/1360, Loss: 4.0258
2025-05-29 08:01:52,021 - improvements-in-train-log - INFO - Train metrics: l1_loss: 0.4320 | giou_loss: 0.9239 | center_loss: 0.0181 | total_loss: 4.0258
2025-05-29 08:03:24,664 - improvements-in-train-log - INFO - Epoch 20, Batch 50/1360, Loss: 3.5781
2025-05-29 08:03:24,664 - improvements-in-train-log - INFO - Train metrics: l1_loss: 0.3629 | giou_loss: 0.8753 | center_loss: 0.0129 | total_loss: 3.5781
2025-05-29 08:04:57,860 - improvements-in-train-log - INFO - Epoch 20, Batch 100/1360, Loss: 3.7270
2025-05-29 08:04:57,861 - improvements-in-train-log - INFO - Train metrics: l1_loss: 0.4059 | giou_loss: 0.8368 | center_loss: 0.0241 | total_loss: 3.7270
2025-05-29 08:06:31,185 - improvements-in-train-log - INFO - Epoch 20, Batch 150/1360, Loss: 4.4265
2025-05-29 08:06:31,185 - improvements-in-train-log - INFO - Train metrics: l1_loss: 0.4490 | giou_loss: 1.0822 | center_loss: 0.0170 | total_loss: 4.4265
2025-05-29 08:08:04,636 - improvements-in-train-log - INFO - Epoch 20, Batch 200/1360, Loss: 3.4819
2025-05-29 08:08:04,636 - improvements-in-train-log - INFO - Train metrics: l1_loss: 0.3534 | giou_loss: 0.8522 | center_loss: 0.0104 | total_loss: 3.4819
2025-05-29 08:09:37,399 - improvements-in-train-log - INFO - Epoch 20, Batch 250/1360, Loss: 3.3674
2025-05-29 08:09:37,399 - improvements-in-train-log - INFO - Train metrics: l1_loss: 0.3327 | giou_loss: 0.8477 | center_loss: 0.0084 | total_loss: 3.3674
2025-05-29 08:11:10,587 - improvements-in-train-log - INFO - Epoch 20, Batch 300/1360, Loss: 4.2028
2025-05-29 08:11:10,587 - improvements-in-train-log - INFO - Train metrics: l1_loss: 0.4386 | giou_loss: 0.9963 | center_loss: 0.0173 | total_loss: 4.2028
2025-05-29 08:12:43,981 - improvements-in-train-log - INFO - Epoch 20, Batch 350/1360, Loss: 4.4767
2025-05-29 08:12:43,982 - improvements-in-train-log - INFO - Train metrics: l1_loss: 0.4834 | giou_loss: 1.0188 | center_loss: 0.0219 | total_loss: 4.4767
2025-05-29 08:14:17,471 - improvements-in-train-log - INFO - Epoch 20, Batch 400/1360, Loss: 4.3974
2025-05-29 08:14:17,471 - improvements-in-train-log - INFO - Train metrics: l1_loss: 0.4539 | giou_loss: 1.0553 | center_loss: 0.0173 | total_loss: 4.3974
2025-05-29 08:15:50,133 - improvements-in-train-log - INFO - Epoch 20, Batch 450/1360, Loss: 4.0681
2025-05-29 08:15:50,133 - improvements-in-train-log - INFO - Train metrics: l1_loss: 0.4089 | giou_loss: 1.0054 | center_loss: 0.0128 | total_loss: 4.0681
2025-05-29 08:17:23,321 - improvements-in-train-log - INFO - Epoch 20, Batch 500/1360, Loss: 4.1858
2025-05-29 08:17:23,322 - improvements-in-train-log - INFO - Train metrics: l1_loss: 0.4284 | giou_loss: 1.0151 | center_loss: 0.0136 | total_loss: 4.1858
2025-05-29 08:18:55,818 - improvements-in-train-log - INFO - Epoch 20, Batch 550/1360, Loss: 3.5590
2025-05-29 08:18:55,818 - improvements-in-train-log - INFO - Train metrics: l1_loss: 0.3575 | giou_loss: 0.8817 | center_loss: 0.0082 | total_loss: 3.5590
2025-05-29 08:20:28,512 - improvements-in-train-log - INFO - Epoch 20, Batch 600/1360, Loss: 3.9311
2025-05-29 08:20:28,512 - improvements-in-train-log - INFO - Train metrics: l1_loss: 0.3998 | giou_loss: 0.9594 | center_loss: 0.0132 | total_loss: 3.9311
2025-05-29 08:22:01,431 - improvements-in-train-log - INFO - Epoch 20, Batch 650/1360, Loss: 3.9396
2025-05-29 08:22:01,431 - improvements-in-train-log - INFO - Train metrics: l1_loss: 0.3989 | giou_loss: 0.9659 | center_loss: 0.0133 | total_loss: 3.9396
2025-05-29 08:23:34,573 - improvements-in-train-log - INFO - Epoch 20, Batch 700/1360, Loss: 3.5187
2025-05-29 08:23:34,573 - improvements-in-train-log - INFO - Train metrics: l1_loss: 0.3478 | giou_loss: 0.8854 | center_loss: 0.0090 | total_loss: 3.5187
2025-05-29 08:25:08,004 - improvements-in-train-log - INFO - Epoch 20, Batch 750/1360, Loss: 4.0287
2025-05-29 08:25:08,004 - improvements-in-train-log - INFO - Train metrics: l1_loss: 0.4050 | giou_loss: 0.9951 | center_loss: 0.0134 | total_loss: 4.0287
2025-05-29 08:26:41,188 - improvements-in-train-log - INFO - Epoch 20, Batch 800/1360, Loss: 2.8828
2025-05-29 08:26:41,189 - improvements-in-train-log - INFO - Train metrics: l1_loss: 0.2710 | giou_loss: 0.7619 | center_loss: 0.0038 | total_loss: 2.8828
2025-05-29 08:28:14,795 - improvements-in-train-log - INFO - Epoch 20, Batch 850/1360, Loss: 4.0172
2025-05-29 08:28:14,795 - improvements-in-train-log - INFO - Train metrics: l1_loss: 0.3877 | giou_loss: 1.0324 | center_loss: 0.0141 | total_loss: 4.0172
2025-05-29 08:29:48,275 - improvements-in-train-log - INFO - Epoch 20, Batch 900/1360, Loss: 3.7231
2025-05-29 08:29:48,275 - improvements-in-train-log - INFO - Train metrics: l1_loss: 0.3636 | giou_loss: 0.9453 | center_loss: 0.0147 | total_loss: 3.7231
2025-05-29 08:31:21,550 - improvements-in-train-log - INFO - Epoch 20, Batch 950/1360, Loss: 4.5367
2025-05-29 08:31:21,550 - improvements-in-train-log - INFO - Train metrics: l1_loss: 0.4831 | giou_loss: 1.0496 | center_loss: 0.0220 | total_loss: 4.5367
2025-05-29 08:32:54,744 - improvements-in-train-log - INFO - Epoch 20, Batch 1000/1360, Loss: 4.1736
2025-05-29 08:32:54,744 - improvements-in-train-log - INFO - Train metrics: l1_loss: 0.4323 | giou_loss: 0.9985 | center_loss: 0.0148 | total_loss: 4.1736
2025-05-29 08:34:27,515 - improvements-in-train-log - INFO - Epoch 20, Batch 1050/1360, Loss: 3.7541
2025-05-29 08:34:27,515 - improvements-in-train-log - INFO - Train metrics: l1_loss: 0.3638 | giou_loss: 0.9616 | center_loss: 0.0120 | total_loss: 3.7541
2025-05-29 08:36:00,502 - improvements-in-train-log - INFO - Epoch 20, Batch 1100/1360, Loss: 3.8689
2025-05-29 08:36:00,503 - improvements-in-train-log - INFO - Train metrics: l1_loss: 0.4178 | giou_loss: 0.8815 | center_loss: 0.0170 | total_loss: 3.8689
2025-05-29 08:37:32,852 - improvements-in-train-log - INFO - Epoch 20, Batch 1150/1360, Loss: 3.7810
2025-05-29 08:37:32,852 - improvements-in-train-log - INFO - Train metrics: l1_loss: 0.3733 | giou_loss: 0.9518 | center_loss: 0.0111 | total_loss: 3.7810
2025-05-29 08:39:06,128 - improvements-in-train-log - INFO - Epoch 20, Batch 1200/1360, Loss: 3.7657
2025-05-29 08:39:06,128 - improvements-in-train-log - INFO - Train metrics: l1_loss: 0.3865 | giou_loss: 0.9091 | center_loss: 0.0151 | total_loss: 3.7657
2025-05-29 08:40:39,229 - improvements-in-train-log - INFO - Epoch 20, Batch 1250/1360, Loss: 3.4780
2025-05-29 08:40:39,230 - improvements-in-train-log - INFO - Train metrics: l1_loss: 0.3332 | giou_loss: 0.9029 | center_loss: 0.0065 | total_loss: 3.4780
2025-05-29 08:42:12,440 - improvements-in-train-log - INFO - Epoch 20, Batch 1300/1360, Loss: 4.3066
2025-05-29 08:42:12,440 - improvements-in-train-log - INFO - Train metrics: l1_loss: 0.4567 | giou_loss: 1.0031 | center_loss: 0.0167 | total_loss: 4.3066
2025-05-29 08:43:45,388 - improvements-in-train-log - INFO - Epoch 20, Batch 1350/1360, Loss: 3.6265
2025-05-29 08:43:45,389 - improvements-in-train-log - INFO - Train metrics: l1_loss: 0.3583 | giou_loss: 0.9128 | center_loss: 0.0093 | total_loss: 3.6265
2025-05-29 08:44:02,108 - improvements-in-train-log - INFO - Train Epoch 20, Loss: 3.9736
2025-05-29 08:46:37,275 - improvements-in-train-log - INFO - Sample 1 - Pred: [243.2216339111328, 234.1795654296875, 605.089111328125, 566.4065551757812], Target: [299.0, 349.0, 702.0, 695.0]
2025-05-29 08:46:37,275 - improvements-in-train-log - INFO - Sample 2 - Pred: [539.0535888671875, 529.7299194335938, 711.8336181640625, 704.2786254882812], Target: [481.0, 506.0, 637.0, 667.0]
2025-05-29 08:46:37,276 - improvements-in-train-log - INFO - Sample 3 - Pred: [101.2273941040039, 568.4130859375, 228.32235717773438, 687.844970703125], Target: [6.0, 632.0, 43.0, 661.0]
2025-05-29 08:46:37,377 - improvements-in-train-log - INFO - Validation Epoch 20, Loss: 5.0015
2025-05-29 08:46:37,377 - improvements-in-train-log - INFO - Val metrics: Acc@0.25: 0.2505 | Acc@0.5: 0.0884 | Acc@0.75: 0.0119 | mIoU: 0.1440 | medianIoU: 0.0197 | mae_x1: 116.4044 | mae_y1: 118.3430 | mae_x2: 116.6690 | mae_y2: 115.0179 | center_x_error: 104.5290 | center_y_error: 104.4996 | width_error: 2.4063 | height_error: 2.2479 | loss: 5.0015
2025-05-29 08:46:38,228 - improvements-in-train-log - INFO - Saved model checkpoint to /home/pokle/Trans-VG/visual_grounding/checkpoints/improvements-in-train-log_epoch20.pth
2025-05-29 08:46:38,229 - improvements-in-train-log - INFO - Epoch 21/200
2025-05-29 08:46:42,117 - improvements-in-train-log - INFO - Epoch 21, Batch 0/1360, Loss: 3.4007
2025-05-29 08:46:42,118 - improvements-in-train-log - INFO - Train metrics: l1_loss: 0.3243 | giou_loss: 0.8864 | center_loss: 0.0065 | total_loss: 3.4007
2025-05-29 08:48:15,319 - improvements-in-train-log - INFO - Epoch 21, Batch 50/1360, Loss: 4.6151
2025-05-29 08:48:15,320 - improvements-in-train-log - INFO - Train metrics: l1_loss: 0.4885 | giou_loss: 1.0738 | center_loss: 0.0252 | total_loss: 4.6151
2025-05-29 08:49:48,490 - improvements-in-train-log - INFO - Epoch 21, Batch 100/1360, Loss: 4.6300
2025-05-29 08:49:48,491 - improvements-in-train-log - INFO - Train metrics: l1_loss: 0.5135 | giou_loss: 1.0180 | center_loss: 0.0264 | total_loss: 4.6300
2025-05-29 08:51:21,877 - improvements-in-train-log - INFO - Epoch 21, Batch 150/1360, Loss: 4.1645
2025-05-29 08:51:21,877 - improvements-in-train-log - INFO - Train metrics: l1_loss: 0.4349 | giou_loss: 0.9876 | center_loss: 0.0147 | total_loss: 4.1645
2025-05-29 08:52:54,650 - improvements-in-train-log - INFO - Epoch 21, Batch 200/1360, Loss: 4.2557
2025-05-29 08:52:54,650 - improvements-in-train-log - INFO - Train metrics: l1_loss: 0.4579 | giou_loss: 0.9720 | center_loss: 0.0221 | total_loss: 4.2557
2025-05-29 08:54:27,399 - improvements-in-train-log - INFO - Epoch 21, Batch 250/1360, Loss: 3.5017
2025-05-29 08:54:27,399 - improvements-in-train-log - INFO - Train metrics: l1_loss: 0.3348 | giou_loss: 0.9100 | center_loss: 0.0074 | total_loss: 3.5017
2025-05-29 08:56:00,374 - improvements-in-train-log - INFO - Epoch 21, Batch 300/1360, Loss: 3.9200
2025-05-29 08:56:00,374 - improvements-in-train-log - INFO - Train metrics: l1_loss: 0.4080 | giou_loss: 0.9324 | center_loss: 0.0154 | total_loss: 3.9200
2025-05-29 08:57:33,164 - improvements-in-train-log - INFO - Epoch 21, Batch 350/1360, Loss: 3.7933
2025-05-29 08:57:33,164 - improvements-in-train-log - INFO - Train metrics: l1_loss: 0.4028 | giou_loss: 0.8823 | center_loss: 0.0145 | total_loss: 3.7933
2025-05-29 08:59:06,337 - improvements-in-train-log - INFO - Epoch 21, Batch 400/1360, Loss: 3.5316
2025-05-29 08:59:06,337 - improvements-in-train-log - INFO - Train metrics: l1_loss: 0.3365 | giou_loss: 0.9207 | center_loss: 0.0074 | total_loss: 3.5316
2025-05-29 09:00:38,943 - improvements-in-train-log - INFO - Epoch 21, Batch 450/1360, Loss: 4.2371
2025-05-29 09:00:38,943 - improvements-in-train-log - INFO - Train metrics: l1_loss: 0.4107 | giou_loss: 1.0849 | center_loss: 0.0136 | total_loss: 4.2371
2025-05-29 09:02:12,109 - improvements-in-train-log - INFO - Epoch 21, Batch 500/1360, Loss: 3.2674
2025-05-29 09:02:12,110 - improvements-in-train-log - INFO - Train metrics: l1_loss: 0.2888 | giou_loss: 0.9089 | center_loss: 0.0054 | total_loss: 3.2674
2025-05-29 09:03:45,114 - improvements-in-train-log - INFO - Epoch 21, Batch 550/1360, Loss: 4.2422
2025-05-29 09:03:45,114 - improvements-in-train-log - INFO - Train metrics: l1_loss: 0.4690 | giou_loss: 0.9406 | center_loss: 0.0160 | total_loss: 4.2422
2025-05-29 09:05:18,198 - improvements-in-train-log - INFO - Epoch 21, Batch 600/1360, Loss: 3.8924
2025-05-29 09:05:18,198 - improvements-in-train-log - INFO - Train metrics: l1_loss: 0.3809 | giou_loss: 0.9877 | center_loss: 0.0126 | total_loss: 3.8924
2025-05-29 09:06:51,261 - improvements-in-train-log - INFO - Epoch 21, Batch 650/1360, Loss: 3.9108
2025-05-29 09:06:51,261 - improvements-in-train-log - INFO - Train metrics: l1_loss: 0.4111 | giou_loss: 0.9179 | center_loss: 0.0196 | total_loss: 3.9108
2025-05-29 09:08:24,861 - improvements-in-train-log - INFO - Epoch 21, Batch 700/1360, Loss: 3.8191
2025-05-29 09:08:24,862 - improvements-in-train-log - INFO - Train metrics: l1_loss: 0.3887 | giou_loss: 0.9341 | center_loss: 0.0075 | total_loss: 3.8191
2025-05-29 09:09:57,013 - improvements-in-train-log - INFO - Epoch 21, Batch 750/1360, Loss: 3.3466
2025-05-29 09:09:57,013 - improvements-in-train-log - INFO - Train metrics: l1_loss: 0.3038 | giou_loss: 0.9111 | center_loss: 0.0053 | total_loss: 3.3466
2025-05-29 09:11:29,980 - improvements-in-train-log - INFO - Epoch 21, Batch 800/1360, Loss: 4.2811
2025-05-29 09:11:29,980 - improvements-in-train-log - INFO - Train metrics: l1_loss: 0.4611 | giou_loss: 0.9771 | center_loss: 0.0212 | total_loss: 4.2811
2025-05-29 09:13:03,177 - improvements-in-train-log - INFO - Epoch 21, Batch 850/1360, Loss: 3.9046
2025-05-29 09:13:03,177 - improvements-in-train-log - INFO - Train metrics: l1_loss: 0.3972 | giou_loss: 0.9532 | center_loss: 0.0122 | total_loss: 3.9046
2025-05-29 09:14:36,377 - improvements-in-train-log - INFO - Epoch 21, Batch 900/1360, Loss: 3.8694
2025-05-29 09:14:36,378 - improvements-in-train-log - INFO - Train metrics: l1_loss: 0.4108 | giou_loss: 0.9000 | center_loss: 0.0153 | total_loss: 3.8694
2025-05-29 09:16:09,324 - improvements-in-train-log - INFO - Epoch 21, Batch 950/1360, Loss: 3.7792
2025-05-29 09:16:09,324 - improvements-in-train-log - INFO - Train metrics: l1_loss: 0.3982 | giou_loss: 0.8888 | center_loss: 0.0105 | total_loss: 3.7792
2025-05-29 09:17:42,614 - improvements-in-train-log - INFO - Epoch 21, Batch 1000/1360, Loss: 4.4555
2025-05-29 09:17:42,615 - improvements-in-train-log - INFO - Train metrics: l1_loss: 0.4802 | giou_loss: 1.0165 | center_loss: 0.0216 | total_loss: 4.4555
2025-05-29 09:19:15,602 - improvements-in-train-log - INFO - Epoch 21, Batch 1050/1360, Loss: 3.9943
2025-05-29 09:19:15,602 - improvements-in-train-log - INFO - Train metrics: l1_loss: 0.4141 | giou_loss: 0.9536 | center_loss: 0.0164 | total_loss: 3.9943
2025-05-29 09:20:48,889 - improvements-in-train-log - INFO - Epoch 21, Batch 1100/1360, Loss: 3.6009
2025-05-29 09:20:48,889 - improvements-in-train-log - INFO - Train metrics: l1_loss: 0.3395 | giou_loss: 0.9461 | center_loss: 0.0110 | total_loss: 3.6009
2025-05-29 09:22:21,995 - improvements-in-train-log - INFO - Epoch 21, Batch 1150/1360, Loss: 3.6917
2025-05-29 09:22:21,996 - improvements-in-train-log - INFO - Train metrics: l1_loss: 0.3734 | giou_loss: 0.9082 | center_loss: 0.0082 | total_loss: 3.6917
2025-05-29 09:23:54,971 - improvements-in-train-log - INFO - Epoch 21, Batch 1200/1360, Loss: 3.5959
2025-05-29 09:23:54,971 - improvements-in-train-log - INFO - Train metrics: l1_loss: 0.3442 | giou_loss: 0.9315 | center_loss: 0.0118 | total_loss: 3.5959
2025-05-29 09:25:28,038 - improvements-in-train-log - INFO - Epoch 21, Batch 1250/1360, Loss: 3.9390
2025-05-29 09:25:28,038 - improvements-in-train-log - INFO - Train metrics: l1_loss: 0.3989 | giou_loss: 0.9662 | center_loss: 0.0119 | total_loss: 3.9390
2025-05-29 09:27:01,406 - improvements-in-train-log - INFO - Epoch 21, Batch 1300/1360, Loss: 3.4827
2025-05-29 09:27:01,406 - improvements-in-train-log - INFO - Train metrics: l1_loss: 0.3498 | giou_loss: 0.8617 | center_loss: 0.0105 | total_loss: 3.4827
2025-05-29 09:28:34,812 - improvements-in-train-log - INFO - Epoch 21, Batch 1350/1360, Loss: 3.6862
2025-05-29 09:28:34,812 - improvements-in-train-log - INFO - Train metrics: l1_loss: 0.3603 | giou_loss: 0.9379 | center_loss: 0.0092 | total_loss: 3.6862
2025-05-29 09:28:51,505 - improvements-in-train-log - INFO - Train Epoch 21, Loss: 3.9475
2025-05-29 09:31:27,675 - improvements-in-train-log - INFO - Sample 1 - Pred: [95.32317352294922, 562.6310424804688, 273.0546569824219, 718.2265014648438], Target: [166.0, 665.0, 252.0, 752.0]
2025-05-29 09:31:27,675 - improvements-in-train-log - INFO - Sample 2 - Pred: [281.447509765625, 270.12841796875, 520.0762329101562, 511.1134948730469], Target: [328.0, 252.0, 545.0, 419.0]
2025-05-29 09:31:27,676 - improvements-in-train-log - INFO - Sample 3 - Pred: [330.9823303222656, 295.6856384277344, 526.28564453125, 536.77099609375], Target: [429.0, 167.0, 546.0, 709.0]
2025-05-29 09:31:27,786 - improvements-in-train-log - INFO - Validation Epoch 21, Loss: 5.0310
2025-05-29 09:31:27,786 - improvements-in-train-log - INFO - Val metrics: Acc@0.25: 0.2495 | Acc@0.5: 0.0948 | Acc@0.75: 0.0113 | mIoU: 0.1453 | medianIoU: 0.0214 | mae_x1: 117.5046 | mae_y1: 118.6911 | mae_x2: 118.7506 | mae_y2: 118.7658 | center_x_error: 105.7538 | center_y_error: 105.4900 | width_error: 2.4833 | height_error: 2.3436 | loss: 5.0310
2025-05-29 09:31:28,825 - improvements-in-train-log - INFO - Saved model checkpoint to /home/pokle/Trans-VG/visual_grounding/checkpoints/improvements-in-train-log_epoch21.pth
2025-05-29 09:31:28,826 - improvements-in-train-log - INFO - Epoch 22/200
2025-05-29 09:31:32,774 - improvements-in-train-log - INFO - Epoch 22, Batch 0/1360, Loss: 3.8549
2025-05-29 09:31:32,775 - improvements-in-train-log - INFO - Train metrics: l1_loss: 0.4108 | giou_loss: 0.8896 | center_loss: 0.0214 | total_loss: 3.8549
2025-05-29 09:33:05,542 - improvements-in-train-log - INFO - Epoch 22, Batch 50/1360, Loss: 3.9030
2025-05-29 09:33:05,542 - improvements-in-train-log - INFO - Train metrics: l1_loss: 0.3814 | giou_loss: 0.9912 | center_loss: 0.0138 | total_loss: 3.9030
2025-05-29 09:34:38,667 - improvements-in-train-log - INFO - Epoch 22, Batch 100/1360, Loss: 4.2688
2025-05-29 09:34:38,667 - improvements-in-train-log - INFO - Train metrics: l1_loss: 0.4388 | giou_loss: 1.0307 | center_loss: 0.0135 | total_loss: 4.2688
2025-05-29 09:36:11,697 - improvements-in-train-log - INFO - Epoch 22, Batch 150/1360, Loss: 3.7246
2025-05-29 09:36:11,697 - improvements-in-train-log - INFO - Train metrics: l1_loss: 0.3571 | giou_loss: 0.9644 | center_loss: 0.0101 | total_loss: 3.7246
2025-05-29 09:37:44,616 - improvements-in-train-log - INFO - Epoch 22, Batch 200/1360, Loss: 4.0862
2025-05-29 09:37:44,616 - improvements-in-train-log - INFO - Train metrics: l1_loss: 0.4416 | giou_loss: 0.9299 | center_loss: 0.0183 | total_loss: 4.0862
2025-05-29 09:39:17,885 - improvements-in-train-log - INFO - Epoch 22, Batch 250/1360, Loss: 3.6883
2025-05-29 09:39:17,885 - improvements-in-train-log - INFO - Train metrics: l1_loss: 0.3756 | giou_loss: 0.8996 | center_loss: 0.0114 | total_loss: 3.6883
2025-05-29 09:40:50,851 - improvements-in-train-log - INFO - Epoch 22, Batch 300/1360, Loss: 3.7998
2025-05-29 09:40:50,852 - improvements-in-train-log - INFO - Train metrics: l1_loss: 0.3744 | giou_loss: 0.9586 | center_loss: 0.0106 | total_loss: 3.7998
2025-05-29 09:42:23,983 - improvements-in-train-log - INFO - Epoch 22, Batch 350/1360, Loss: 3.5802
2025-05-29 09:42:23,983 - improvements-in-train-log - INFO - Train metrics: l1_loss: 0.3451 | giou_loss: 0.9231 | center_loss: 0.0083 | total_loss: 3.5802
2025-05-29 09:43:56,805 - improvements-in-train-log - INFO - Epoch 22, Batch 400/1360, Loss: 4.0635
2025-05-29 09:43:56,806 - improvements-in-train-log - INFO - Train metrics: l1_loss: 0.4184 | giou_loss: 0.9773 | center_loss: 0.0166 | total_loss: 4.0635
2025-05-29 09:45:30,033 - improvements-in-train-log - INFO - Epoch 22, Batch 450/1360, Loss: 4.4924
2025-05-29 09:45:30,033 - improvements-in-train-log - INFO - Train metrics: l1_loss: 0.4994 | giou_loss: 0.9833 | center_loss: 0.0287 | total_loss: 4.4924
2025-05-29 09:47:02,978 - improvements-in-train-log - INFO - Epoch 22, Batch 500/1360, Loss: 3.6230
2025-05-29 09:47:02,979 - improvements-in-train-log - INFO - Train metrics: l1_loss: 0.3436 | giou_loss: 0.9483 | center_loss: 0.0083 | total_loss: 3.6230
2025-05-29 09:48:35,741 - improvements-in-train-log - INFO - Epoch 22, Batch 550/1360, Loss: 3.3531
2025-05-29 09:48:35,742 - improvements-in-train-log - INFO - Train metrics: l1_loss: 0.3144 | giou_loss: 0.8843 | center_loss: 0.0128 | total_loss: 3.3531
2025-05-29 09:50:09,451 - improvements-in-train-log - INFO - Epoch 22, Batch 600/1360, Loss: 4.1006
2025-05-29 09:50:09,451 - improvements-in-train-log - INFO - Train metrics: l1_loss: 0.4041 | giou_loss: 1.0319 | center_loss: 0.0164 | total_loss: 4.1006
2025-05-29 09:51:42,824 - improvements-in-train-log - INFO - Epoch 22, Batch 650/1360, Loss: 3.6776
2025-05-29 09:51:42,824 - improvements-in-train-log - INFO - Train metrics: l1_loss: 0.3465 | giou_loss: 0.9673 | center_loss: 0.0102 | total_loss: 3.6776
2025-05-29 09:53:16,114 - improvements-in-train-log - INFO - Epoch 22, Batch 700/1360, Loss: 3.3996
2025-05-29 09:53:16,114 - improvements-in-train-log - INFO - Train metrics: l1_loss: 0.3440 | giou_loss: 0.8353 | center_loss: 0.0088 | total_loss: 3.3996
2025-05-29 09:54:49,294 - improvements-in-train-log - INFO - Epoch 22, Batch 750/1360, Loss: 4.0974
2025-05-29 09:54:49,294 - improvements-in-train-log - INFO - Train metrics: l1_loss: 0.4154 | giou_loss: 1.0037 | center_loss: 0.0129 | total_loss: 4.0974
2025-05-29 09:56:22,261 - improvements-in-train-log - INFO - Epoch 22, Batch 800/1360, Loss: 3.8954
2025-05-29 09:56:22,261 - improvements-in-train-log - INFO - Train metrics: l1_loss: 0.3769 | giou_loss: 0.9999 | center_loss: 0.0112 | total_loss: 3.8954
2025-05-29 09:57:55,649 - improvements-in-train-log - INFO - Epoch 22, Batch 850/1360, Loss: 4.8822
2025-05-29 09:57:55,649 - improvements-in-train-log - INFO - Train metrics: l1_loss: 0.5297 | giou_loss: 1.1020 | center_loss: 0.0295 | total_loss: 4.8822
2025-05-29 09:59:29,047 - improvements-in-train-log - INFO - Epoch 22, Batch 900/1360, Loss: 3.5848
2025-05-29 09:59:29,047 - improvements-in-train-log - INFO - Train metrics: l1_loss: 0.3365 | giou_loss: 0.9466 | center_loss: 0.0089 | total_loss: 3.5848
2025-05-29 10:01:02,233 - improvements-in-train-log - INFO - Epoch 22, Batch 950/1360, Loss: 3.7655
2025-05-29 10:01:02,233 - improvements-in-train-log - INFO - Train metrics: l1_loss: 0.3854 | giou_loss: 0.9098 | center_loss: 0.0190 | total_loss: 3.7655
2025-05-29 10:02:35,616 - improvements-in-train-log - INFO - Epoch 22, Batch 1000/1360, Loss: 3.8522
2025-05-29 10:02:35,616 - improvements-in-train-log - INFO - Train metrics: l1_loss: 0.3717 | giou_loss: 0.9909 | center_loss: 0.0121 | total_loss: 3.8522
2025-05-29 10:04:08,380 - improvements-in-train-log - INFO - Epoch 22, Batch 1050/1360, Loss: 4.1357
2025-05-29 10:04:08,381 - improvements-in-train-log - INFO - Train metrics: l1_loss: 0.4352 | giou_loss: 0.9719 | center_loss: 0.0156 | total_loss: 4.1357
2025-05-29 10:05:40,949 - improvements-in-train-log - INFO - Epoch 22, Batch 1100/1360, Loss: 3.9972
2025-05-29 10:05:40,950 - improvements-in-train-log - INFO - Train metrics: l1_loss: 0.4088 | giou_loss: 0.9699 | center_loss: 0.0134 | total_loss: 3.9972
2025-05-29 10:07:14,348 - improvements-in-train-log - INFO - Epoch 22, Batch 1150/1360, Loss: 4.1969
2025-05-29 10:07:14,349 - improvements-in-train-log - INFO - Train metrics: l1_loss: 0.4325 | giou_loss: 1.0095 | center_loss: 0.0151 | total_loss: 4.1969
2025-05-29 10:08:46,941 - improvements-in-train-log - INFO - Epoch 22, Batch 1200/1360, Loss: 3.8840
2025-05-29 10:08:46,941 - improvements-in-train-log - INFO - Train metrics: l1_loss: 0.3888 | giou_loss: 0.9634 | center_loss: 0.0134 | total_loss: 3.8840
2025-05-29 10:10:20,513 - improvements-in-train-log - INFO - Epoch 22, Batch 1250/1360, Loss: 3.7581
2025-05-29 10:10:20,513 - improvements-in-train-log - INFO - Train metrics: l1_loss: 0.3941 | giou_loss: 0.8888 | center_loss: 0.0099 | total_loss: 3.7581
2025-05-29 10:11:54,098 - improvements-in-train-log - INFO - Epoch 22, Batch 1300/1360, Loss: 3.6300
2025-05-29 10:11:54,099 - improvements-in-train-log - INFO - Train metrics: l1_loss: 0.3595 | giou_loss: 0.9108 | center_loss: 0.0109 | total_loss: 3.6300
2025-05-29 10:13:27,098 - improvements-in-train-log - INFO - Epoch 22, Batch 1350/1360, Loss: 3.6380
2025-05-29 10:13:27,098 - improvements-in-train-log - INFO - Train metrics: l1_loss: 0.3611 | giou_loss: 0.9106 | center_loss: 0.0113 | total_loss: 3.6380
2025-05-29 10:13:43,920 - improvements-in-train-log - INFO - Train Epoch 22, Loss: 3.9222
2025-05-29 10:16:19,726 - improvements-in-train-log - INFO - Sample 1 - Pred: [212.93325805664062, 516.6038818359375, 339.69537353515625, 629.43017578125], Target: [871.22998046875, 103.12000274658203, 932.530029296875, 165.3800048828125]
2025-05-29 10:16:19,727 - improvements-in-train-log - INFO - Sample 2 - Pred: [515.158203125, 272.3878173828125, 705.5045776367188, 509.8096008300781], Target: [517.0, 285.0, 640.0, 583.0]
2025-05-29 10:16:19,727 - improvements-in-train-log - INFO - Sample 3 - Pred: [396.1899108886719, 336.13702392578125, 609.070556640625, 547.1553344726562], Target: [252.0, 379.0, 292.0, 432.0]
2025-05-29 10:16:19,827 - improvements-in-train-log - INFO - Validation Epoch 22, Loss: 5.0211
2025-05-29 10:16:19,827 - improvements-in-train-log - INFO - Val metrics: Acc@0.25: 0.2513 | Acc@0.5: 0.0957 | Acc@0.75: 0.0105 | mIoU: 0.1466 | medianIoU: 0.0226 | mae_x1: 117.2323 | mae_y1: 117.3832 | mae_x2: 118.4457 | mae_y2: 119.6093 | center_x_error: 105.0991 | center_y_error: 105.7101 | width_error: 2.5079 | height_error: 2.3044 | loss: 5.0211
2025-05-29 10:16:20,860 - improvements-in-train-log - INFO - Saved model checkpoint to /home/pokle/Trans-VG/visual_grounding/checkpoints/improvements-in-train-log_epoch22.pth
2025-05-29 10:16:20,860 - improvements-in-train-log - INFO - Epoch 23/200
2025-05-29 10:16:24,652 - improvements-in-train-log - INFO - Epoch 23, Batch 0/1360, Loss: 4.3146
2025-05-29 10:16:24,652 - improvements-in-train-log - INFO - Train metrics: l1_loss: 0.4537 | giou_loss: 1.0139 | center_loss: 0.0181 | total_loss: 4.3146
2025-05-29 10:17:58,235 - improvements-in-train-log - INFO - Epoch 23, Batch 50/1360, Loss: 3.6232
2025-05-29 10:17:58,235 - improvements-in-train-log - INFO - Train metrics: l1_loss: 0.3294 | giou_loss: 0.9843 | center_loss: 0.0078 | total_loss: 3.6232
2025-05-29 10:19:31,305 - improvements-in-train-log - INFO - Epoch 23, Batch 100/1360, Loss: 3.7087
2025-05-29 10:19:31,306 - improvements-in-train-log - INFO - Train metrics: l1_loss: 0.3722 | giou_loss: 0.9200 | center_loss: 0.0077 | total_loss: 3.7087
2025-05-29 10:21:04,402 - improvements-in-train-log - INFO - Epoch 23, Batch 150/1360, Loss: 3.8119
2025-05-29 10:21:04,402 - improvements-in-train-log - INFO - Train metrics: l1_loss: 0.3859 | giou_loss: 0.9352 | center_loss: 0.0120 | total_loss: 3.8119
2025-05-29 10:22:37,164 - improvements-in-train-log - INFO - Epoch 23, Batch 200/1360, Loss: 3.9388
2025-05-29 10:22:37,164 - improvements-in-train-log - INFO - Train metrics: l1_loss: 0.4015 | giou_loss: 0.9597 | center_loss: 0.0118 | total_loss: 3.9388
2025-05-29 10:24:09,939 - improvements-in-train-log - INFO - Epoch 23, Batch 250/1360, Loss: 3.7513
2025-05-29 10:24:09,939 - improvements-in-train-log - INFO - Train metrics: l1_loss: 0.4027 | giou_loss: 0.8606 | center_loss: 0.0167 | total_loss: 3.7513
2025-05-29 10:25:42,513 - improvements-in-train-log - INFO - Epoch 23, Batch 300/1360, Loss: 3.6324
2025-05-29 10:25:42,513 - improvements-in-train-log - INFO - Train metrics: l1_loss: 0.3575 | giou_loss: 0.9164 | center_loss: 0.0118 | total_loss: 3.6324
2025-05-29 10:27:15,717 - improvements-in-train-log - INFO - Epoch 23, Batch 350/1360, Loss: 3.8679
2025-05-29 10:27:15,717 - improvements-in-train-log - INFO - Train metrics: l1_loss: 0.3817 | giou_loss: 0.9742 | center_loss: 0.0113 | total_loss: 3.8679
2025-05-29 10:28:48,685 - improvements-in-train-log - INFO - Epoch 23, Batch 400/1360, Loss: 3.9588
2025-05-29 10:28:48,685 - improvements-in-train-log - INFO - Train metrics: l1_loss: 0.3962 | giou_loss: 0.9808 | center_loss: 0.0162 | total_loss: 3.9588
2025-05-29 10:30:21,456 - improvements-in-train-log - INFO - Epoch 23, Batch 450/1360, Loss: 3.8201
2025-05-29 10:30:21,456 - improvements-in-train-log - INFO - Train metrics: l1_loss: 0.3849 | giou_loss: 0.9406 | center_loss: 0.0145 | total_loss: 3.8201
2025-05-29 10:31:54,423 - improvements-in-train-log - INFO - Epoch 23, Batch 500/1360, Loss: 4.0436
2025-05-29 10:31:54,423 - improvements-in-train-log - INFO - Train metrics: l1_loss: 0.4202 | giou_loss: 0.9616 | center_loss: 0.0193 | total_loss: 4.0436
2025-05-29 10:33:27,427 - improvements-in-train-log - INFO - Epoch 23, Batch 550/1360, Loss: 4.0455
2025-05-29 10:33:27,427 - improvements-in-train-log - INFO - Train metrics: l1_loss: 0.4145 | giou_loss: 0.9790 | center_loss: 0.0153 | total_loss: 4.0455
2025-05-29 10:35:00,578 - improvements-in-train-log - INFO - Epoch 23, Batch 600/1360, Loss: 4.3558
2025-05-29 10:35:00,579 - improvements-in-train-log - INFO - Train metrics: l1_loss: 0.4778 | giou_loss: 0.9734 | center_loss: 0.0202 | total_loss: 4.3558
2025-05-29 10:36:34,187 - improvements-in-train-log - INFO - Epoch 23, Batch 650/1360, Loss: 3.8378
2025-05-29 10:36:34,187 - improvements-in-train-log - INFO - Train metrics: l1_loss: 0.4001 | giou_loss: 0.9109 | center_loss: 0.0156 | total_loss: 3.8378
2025-05-29 10:38:07,781 - improvements-in-train-log - INFO - Epoch 23, Batch 700/1360, Loss: 3.5382
2025-05-29 10:38:07,781 - improvements-in-train-log - INFO - Train metrics: l1_loss: 0.3619 | giou_loss: 0.8605 | center_loss: 0.0079 | total_loss: 3.5382
2025-05-29 10:39:41,769 - improvements-in-train-log - INFO - Epoch 23, Batch 750/1360, Loss: 3.9268
2025-05-29 10:39:41,769 - improvements-in-train-log - INFO - Train metrics: l1_loss: 0.3908 | giou_loss: 0.9794 | center_loss: 0.0137 | total_loss: 3.9268
2025-05-29 10:41:15,790 - improvements-in-train-log - INFO - Epoch 23, Batch 800/1360, Loss: 4.1826
2025-05-29 10:41:15,790 - improvements-in-train-log - INFO - Train metrics: l1_loss: 0.4472 | giou_loss: 0.9629 | center_loss: 0.0205 | total_loss: 4.1826
2025-05-29 10:42:49,588 - improvements-in-train-log - INFO - Epoch 23, Batch 850/1360, Loss: 3.8560
2025-05-29 10:42:49,589 - improvements-in-train-log - INFO - Train metrics: l1_loss: 0.3693 | giou_loss: 0.9992 | center_loss: 0.0112 | total_loss: 3.8560
2025-05-29 10:44:22,761 - improvements-in-train-log - INFO - Epoch 23, Batch 900/1360, Loss: 3.6823
2025-05-29 10:44:22,761 - improvements-in-train-log - INFO - Train metrics: l1_loss: 0.3685 | giou_loss: 0.9152 | center_loss: 0.0096 | total_loss: 3.6823
2025-05-29 10:45:56,347 - improvements-in-train-log - INFO - Epoch 23, Batch 950/1360, Loss: 4.1131
2025-05-29 10:45:56,348 - improvements-in-train-log - INFO - Train metrics: l1_loss: 0.4088 | giou_loss: 1.0279 | center_loss: 0.0131 | total_loss: 4.1131
2025-05-29 10:47:30,682 - improvements-in-train-log - INFO - Epoch 23, Batch 1000/1360, Loss: 3.1109
2025-05-29 10:47:30,682 - improvements-in-train-log - INFO - Train metrics: l1_loss: 0.2934 | giou_loss: 0.8186 | center_loss: 0.0064 | total_loss: 3.1109
2025-05-29 10:49:04,481 - improvements-in-train-log - INFO - Epoch 23, Batch 1050/1360, Loss: 3.6267
2025-05-29 10:49:04,482 - improvements-in-train-log - INFO - Train metrics: l1_loss: 0.3505 | giou_loss: 0.9321 | center_loss: 0.0098 | total_loss: 3.6267
2025-05-29 10:50:38,379 - improvements-in-train-log - INFO - Epoch 23, Batch 1100/1360, Loss: 4.0481
2025-05-29 10:50:38,379 - improvements-in-train-log - INFO - Train metrics: l1_loss: 0.4026 | giou_loss: 1.0110 | center_loss: 0.0129 | total_loss: 4.0481
2025-05-29 10:52:12,161 - improvements-in-train-log - INFO - Epoch 23, Batch 1150/1360, Loss: 3.8130
2025-05-29 10:52:12,161 - improvements-in-train-log - INFO - Train metrics: l1_loss: 0.3665 | giou_loss: 0.9850 | center_loss: 0.0105 | total_loss: 3.8130
2025-05-29 10:53:45,703 - improvements-in-train-log - INFO - Epoch 23, Batch 1200/1360, Loss: 3.5213
2025-05-29 10:53:45,703 - improvements-in-train-log - INFO - Train metrics: l1_loss: 0.3389 | giou_loss: 0.9102 | center_loss: 0.0065 | total_loss: 3.5213
2025-05-29 10:55:19,550 - improvements-in-train-log - INFO - Epoch 23, Batch 1250/1360, Loss: 4.2627
2025-05-29 10:55:19,550 - improvements-in-train-log - INFO - Train metrics: l1_loss: 0.4545 | giou_loss: 0.9858 | center_loss: 0.0189 | total_loss: 4.2627
2025-05-29 10:56:52,940 - improvements-in-train-log - INFO - Epoch 23, Batch 1300/1360, Loss: 4.1864
2025-05-29 10:56:52,940 - improvements-in-train-log - INFO - Train metrics: l1_loss: 0.4294 | giou_loss: 1.0108 | center_loss: 0.0179 | total_loss: 4.1864
2025-05-29 10:58:26,937 - improvements-in-train-log - INFO - Epoch 23, Batch 1350/1360, Loss: 4.1537
2025-05-29 10:58:26,937 - improvements-in-train-log - INFO - Train metrics: l1_loss: 0.4326 | giou_loss: 0.9875 | center_loss: 0.0154 | total_loss: 4.1537
2025-05-29 10:58:43,678 - improvements-in-train-log - INFO - Train Epoch 23, Loss: 3.9017
2025-05-29 11:01:19,735 - improvements-in-train-log - INFO - Sample 1 - Pred: [48.340110778808594, 603.3028564453125, 173.3938751220703, 720.0099487304688], Target: [31.0, 626.0, 58.0, 675.0]
2025-05-29 11:01:19,736 - improvements-in-train-log - INFO - Sample 2 - Pred: [389.9378356933594, 602.6221313476562, 656.8334350585938, 852.9393920898438], Target: [552.760009765625, 547.989990234375, 639.0, 718.010009765625]
2025-05-29 11:01:19,736 - improvements-in-train-log - INFO - Sample 3 - Pred: [75.58513641357422, 80.95047760009766, 214.859130859375, 204.6287841796875], Target: [94.0, 99.0, 121.0, 150.0]
2025-05-29 11:01:19,830 - improvements-in-train-log - INFO - Validation Epoch 23, Loss: 5.0532
2025-05-29 11:01:19,830 - improvements-in-train-log - INFO - Val metrics: Acc@0.25: 0.2479 | Acc@0.5: 0.0892 | Acc@0.75: 0.0109 | mIoU: 0.1431 | medianIoU: 0.0195 | mae_x1: 118.7735 | mae_y1: 116.2392 | mae_x2: 119.2736 | mae_y2: 119.1967 | center_x_error: 107.2710 | center_y_error: 105.6005 | width_error: 2.4073 | height_error: 2.2006 | loss: 5.0532
2025-05-29 11:01:20,853 - improvements-in-train-log - INFO - Saved model checkpoint to /home/pokle/Trans-VG/visual_grounding/checkpoints/improvements-in-train-log_epoch23.pth
2025-05-29 11:01:20,853 - improvements-in-train-log - INFO - Epoch 24/200
2025-05-29 11:01:24,751 - improvements-in-train-log - INFO - Epoch 24, Batch 0/1360, Loss: 4.4062
2025-05-29 11:01:24,751 - improvements-in-train-log - INFO - Train metrics: l1_loss: 0.4815 | giou_loss: 0.9886 | center_loss: 0.0217 | total_loss: 4.4062
2025-05-29 11:02:58,100 - improvements-in-train-log - INFO - Epoch 24, Batch 50/1360, Loss: 3.8774
2025-05-29 11:02:58,101 - improvements-in-train-log - INFO - Train metrics: l1_loss: 0.3869 | giou_loss: 0.9652 | center_loss: 0.0122 | total_loss: 3.8774
2025-05-29 11:04:32,014 - improvements-in-train-log - INFO - Epoch 24, Batch 100/1360, Loss: 3.6845
2025-05-29 11:04:32,014 - improvements-in-train-log - INFO - Train metrics: l1_loss: 0.3628 | giou_loss: 0.9299 | center_loss: 0.0111 | total_loss: 3.6845
2025-05-29 11:06:05,897 - improvements-in-train-log - INFO - Epoch 24, Batch 150/1360, Loss: 3.7985
2025-05-29 11:06:05,897 - improvements-in-train-log - INFO - Train metrics: l1_loss: 0.3796 | giou_loss: 0.9444 | center_loss: 0.0115 | total_loss: 3.7985
2025-05-29 11:07:39,481 - improvements-in-train-log - INFO - Epoch 24, Batch 200/1360, Loss: 4.8414
2025-05-29 11:07:39,482 - improvements-in-train-log - INFO - Train metrics: l1_loss: 0.5104 | giou_loss: 1.1289 | center_loss: 0.0315 | total_loss: 4.8414
2025-05-29 11:09:13,697 - improvements-in-train-log - INFO - Epoch 24, Batch 250/1360, Loss: 3.5065
2025-05-29 11:09:13,697 - improvements-in-train-log - INFO - Train metrics: l1_loss: 0.3446 | giou_loss: 0.8880 | center_loss: 0.0072 | total_loss: 3.5065
2025-05-29 11:10:47,460 - improvements-in-train-log - INFO - Epoch 24, Batch 300/1360, Loss: 3.3058
2025-05-29 11:10:47,460 - improvements-in-train-log - INFO - Train metrics: l1_loss: 0.3214 | giou_loss: 0.8462 | center_loss: 0.0064 | total_loss: 3.3058
2025-05-29 11:12:21,105 - improvements-in-train-log - INFO - Epoch 24, Batch 350/1360, Loss: 3.1296
2025-05-29 11:12:21,105 - improvements-in-train-log - INFO - Train metrics: l1_loss: 0.2749 | giou_loss: 0.8756 | center_loss: 0.0041 | total_loss: 3.1296
2025-05-29 11:13:54,317 - improvements-in-train-log - INFO - Epoch 24, Batch 400/1360, Loss: 3.8558
2025-05-29 11:13:54,318 - improvements-in-train-log - INFO - Train metrics: l1_loss: 0.3528 | giou_loss: 1.0410 | center_loss: 0.0099 | total_loss: 3.8558
2025-05-29 11:15:27,454 - improvements-in-train-log - INFO - Epoch 24, Batch 450/1360, Loss: 3.4607
2025-05-29 11:15:27,454 - improvements-in-train-log - INFO - Train metrics: l1_loss: 0.3415 | giou_loss: 0.8718 | center_loss: 0.0096 | total_loss: 3.4607
2025-05-29 11:17:00,835 - improvements-in-train-log - INFO - Epoch 24, Batch 500/1360, Loss: 3.5430
2025-05-29 11:17:00,835 - improvements-in-train-log - INFO - Train metrics: l1_loss: 0.3181 | giou_loss: 0.9726 | center_loss: 0.0072 | total_loss: 3.5430
2025-05-29 11:18:34,849 - improvements-in-train-log - INFO - Epoch 24, Batch 550/1360, Loss: 3.1936
2025-05-29 11:18:34,849 - improvements-in-train-log - INFO - Train metrics: l1_loss: 0.3288 | giou_loss: 0.7701 | center_loss: 0.0094 | total_loss: 3.1936
2025-05-29 11:20:07,620 - improvements-in-train-log - INFO - Epoch 24, Batch 600/1360, Loss: 4.0734
2025-05-29 11:20:07,620 - improvements-in-train-log - INFO - Train metrics: l1_loss: 0.4332 | giou_loss: 0.9454 | center_loss: 0.0166 | total_loss: 4.0734
2025-05-29 11:21:41,211 - improvements-in-train-log - INFO - Epoch 24, Batch 650/1360, Loss: 3.6237
2025-05-29 11:21:41,212 - improvements-in-train-log - INFO - Train metrics: l1_loss: 0.3620 | giou_loss: 0.8999 | center_loss: 0.0137 | total_loss: 3.6237
2025-05-29 11:23:14,591 - improvements-in-train-log - INFO - Epoch 24, Batch 700/1360, Loss: 3.2280
2025-05-29 11:23:14,591 - improvements-in-train-log - INFO - Train metrics: l1_loss: 0.3198 | giou_loss: 0.8110 | center_loss: 0.0071 | total_loss: 3.2280
2025-05-29 11:24:48,384 - improvements-in-train-log - INFO - Epoch 24, Batch 750/1360, Loss: 5.0700
2025-05-29 11:24:48,384 - improvements-in-train-log - INFO - Train metrics: l1_loss: 0.5874 | giou_loss: 1.0451 | center_loss: 0.0426 | total_loss: 5.0700
2025-05-29 11:26:21,772 - improvements-in-train-log - INFO - Epoch 24, Batch 800/1360, Loss: 4.0585
2025-05-29 11:26:21,772 - improvements-in-train-log - INFO - Train metrics: l1_loss: 0.4030 | giou_loss: 1.0161 | center_loss: 0.0111 | total_loss: 4.0585
2025-05-29 11:27:54,558 - improvements-in-train-log - INFO - Epoch 24, Batch 850/1360, Loss: 4.1091
2025-05-29 11:27:54,558 - improvements-in-train-log - INFO - Train metrics: l1_loss: 0.4288 | giou_loss: 0.9759 | center_loss: 0.0129 | total_loss: 4.1091
2025-05-29 11:29:27,938 - improvements-in-train-log - INFO - Epoch 24, Batch 900/1360, Loss: 3.3295
2025-05-29 11:29:27,939 - improvements-in-train-log - INFO - Train metrics: l1_loss: 0.3033 | giou_loss: 0.9040 | center_loss: 0.0052 | total_loss: 3.3295
2025-05-29 11:31:01,288 - improvements-in-train-log - INFO - Epoch 24, Batch 950/1360, Loss: 3.7211
2025-05-29 11:31:01,288 - improvements-in-train-log - INFO - Train metrics: l1_loss: 0.3666 | giou_loss: 0.9385 | center_loss: 0.0113 | total_loss: 3.7211
2025-05-29 11:32:35,239 - improvements-in-train-log - INFO - Epoch 24, Batch 1000/1360, Loss: 4.3197
2025-05-29 11:32:35,239 - improvements-in-train-log - INFO - Train metrics: l1_loss: 0.4523 | giou_loss: 1.0198 | center_loss: 0.0188 | total_loss: 4.3197
2025-05-29 11:34:08,686 - improvements-in-train-log - INFO - Epoch 24, Batch 1050/1360, Loss: 4.1849
2025-05-29 11:34:08,686 - improvements-in-train-log - INFO - Train metrics: l1_loss: 0.4579 | giou_loss: 0.9387 | center_loss: 0.0181 | total_loss: 4.1849
2025-05-29 11:35:42,927 - improvements-in-train-log - INFO - Epoch 24, Batch 1100/1360, Loss: 4.4061
2025-05-29 11:35:42,927 - improvements-in-train-log - INFO - Train metrics: l1_loss: 0.4610 | giou_loss: 1.0408 | center_loss: 0.0193 | total_loss: 4.4061
2025-05-29 11:37:16,127 - improvements-in-train-log - INFO - Epoch 24, Batch 1150/1360, Loss: 3.9827
2025-05-29 11:37:16,128 - improvements-in-train-log - INFO - Train metrics: l1_loss: 0.3783 | giou_loss: 1.0405 | center_loss: 0.0104 | total_loss: 3.9827
2025-05-29 11:38:49,384 - improvements-in-train-log - INFO - Epoch 24, Batch 1200/1360, Loss: 3.7453
2025-05-29 11:38:49,384 - improvements-in-train-log - INFO - Train metrics: l1_loss: 0.3881 | giou_loss: 0.8967 | center_loss: 0.0113 | total_loss: 3.7453
2025-05-29 11:40:22,478 - improvements-in-train-log - INFO - Epoch 24, Batch 1250/1360, Loss: 3.0808
2025-05-29 11:40:22,478 - improvements-in-train-log - INFO - Train metrics: l1_loss: 0.2758 | giou_loss: 0.8485 | center_loss: 0.0050 | total_loss: 3.0808
2025-05-29 11:41:56,301 - improvements-in-train-log - INFO - Epoch 24, Batch 1300/1360, Loss: 3.3842
2025-05-29 11:41:56,302 - improvements-in-train-log - INFO - Train metrics: l1_loss: 0.3094 | giou_loss: 0.9157 | center_loss: 0.0056 | total_loss: 3.3842
