2025-05-18 18:51:01,345 - transvg_coordinates_fixed_20250518_185059 - INFO - Initialized logger: transvg_coordinates_fixed_20250518_185059
2025-05-18 18:51:01,346 - transvg_coordinates_fixed_20250518_185059 - INFO - Configuration: {
  "data_root": "/home/pokle/Trans-VG/visual_grounding/dior-rsvg",
  "image_size": 224,
  "max_text_len": 40,
  "hidden_dim": 256,
  "bert_model": "bert-base-uncased",
  "dropout": 0.1,
  "num_heads": 8,
  "num_encoder_layers": 6,
  "cross_layers": 4,
  "dim_feedforward": 2048,
  "mlp_hidden_dim": 256,
  "backbone": "resnet50",
  "pretrained": true,
  "freeze_backbone": true,
  "partial_freeze_vision": true,
  "freeze_linguistic": false,
  "partial_freeze_linguistic": true,
  "batch_size": 32,
  "num_workers": 4,
  "learning_rate": 0.0001,
  "weight_decay": 0.0001,
  "num_epochs": 100,
  "lr": 0.001,
  "lr_bert": 2e-05,
  "lr_drop": 70,
  "gradient_clip_val": 1.0,
  "output_dir": "output",
  "epochs": 200
}
2025-05-18 18:51:01,346 - transvg_coordinates_fixed_20250518_185059 - INFO - Using device: cuda:1
2025-05-18 18:51:01,347 - transvg_coordinates_fixed_20250518_185059 - INFO - Visual backbone freeze: True, Linguistic backbone freeze: False (vision: partially)
2025-05-18 18:51:01,347 - transvg_coordinates_fixed_20250518_185059 - INFO - Building data loaders...
2025-05-18 18:51:02,403 - transvg_coordinates_fixed_20250518_185059 - INFO - Train dataset size: 27133
2025-05-18 18:51:02,403 - transvg_coordinates_fixed_20250518_185059 - INFO - Val dataset size: 3765
2025-05-18 18:51:02,403 - transvg_coordinates_fixed_20250518_185059 - INFO - Test dataset size: 7422
2025-05-18 18:51:02,403 - transvg_coordinates_fixed_20250518_185059 - INFO - Building model...
2025-05-18 18:51:03,721 - transvg_coordinates_fixed_20250518_185059 - INFO - Starting training...
2025-05-18 18:51:03,721 - transvg_coordinates_fixed_20250518_185059 - INFO - Epoch 0/200
2025-05-18 18:51:05,699 - transvg_coordinates_fixed_20250518_185059 - INFO - Epoch 0, Batch 0/848, Loss: 7.9056
2025-05-18 18:51:05,699 - transvg_coordinates_fixed_20250518_185059 - INFO - Train metrics: l1_loss: 1.0138 | giou_loss: 1.4184 | total_loss: 7.9056
2025-05-18 18:51:21,537 - transvg_coordinates_fixed_20250518_185059 - INFO - Epoch 0, Batch 50/848, Loss: 5.5515
2025-05-18 18:51:21,537 - transvg_coordinates_fixed_20250518_185059 - INFO - Train metrics: l1_loss: 0.6665 | giou_loss: 1.1094 | total_loss: 5.5515
2025-05-18 18:51:38,049 - transvg_coordinates_fixed_20250518_185059 - INFO - Epoch 0, Batch 100/848, Loss: 5.1217
2025-05-18 18:51:38,049 - transvg_coordinates_fixed_20250518_185059 - INFO - Train metrics: l1_loss: 0.5861 | giou_loss: 1.0955 | total_loss: 5.1217
2025-05-18 18:51:54,693 - transvg_coordinates_fixed_20250518_185059 - INFO - Epoch 0, Batch 150/848, Loss: 4.8192
2025-05-18 18:51:54,693 - transvg_coordinates_fixed_20250518_185059 - INFO - Train metrics: l1_loss: 0.5666 | giou_loss: 0.9931 | total_loss: 4.8192
2025-05-18 18:52:11,378 - transvg_coordinates_fixed_20250518_185059 - INFO - Epoch 0, Batch 200/848, Loss: 5.0601
2025-05-18 18:52:11,379 - transvg_coordinates_fixed_20250518_185059 - INFO - Train metrics: l1_loss: 0.5846 | giou_loss: 1.0686 | total_loss: 5.0601
2025-05-18 18:52:28,104 - transvg_coordinates_fixed_20250518_185059 - INFO - Epoch 0, Batch 250/848, Loss: 4.8286
2025-05-18 18:52:28,104 - transvg_coordinates_fixed_20250518_185059 - INFO - Train metrics: l1_loss: 0.5754 | giou_loss: 0.9758 | total_loss: 4.8286
2025-05-18 18:52:44,932 - transvg_coordinates_fixed_20250518_185059 - INFO - Epoch 0, Batch 300/848, Loss: 4.6436
2025-05-18 18:52:44,932 - transvg_coordinates_fixed_20250518_185059 - INFO - Train metrics: l1_loss: 0.5253 | giou_loss: 1.0085 | total_loss: 4.6436
2025-05-18 18:53:01,780 - transvg_coordinates_fixed_20250518_185059 - INFO - Epoch 0, Batch 350/848, Loss: 4.4938
2025-05-18 18:53:01,781 - transvg_coordinates_fixed_20250518_185059 - INFO - Train metrics: l1_loss: 0.4867 | giou_loss: 1.0302 | total_loss: 4.4938
2025-05-18 18:53:18,620 - transvg_coordinates_fixed_20250518_185059 - INFO - Epoch 0, Batch 400/848, Loss: 4.5552
2025-05-18 18:53:18,620 - transvg_coordinates_fixed_20250518_185059 - INFO - Train metrics: l1_loss: 0.5366 | giou_loss: 0.9360 | total_loss: 4.5552
2025-05-18 18:53:35,601 - transvg_coordinates_fixed_20250518_185059 - INFO - Epoch 0, Batch 450/848, Loss: 4.8479
2025-05-18 18:53:35,601 - transvg_coordinates_fixed_20250518_185059 - INFO - Train metrics: l1_loss: 0.5494 | giou_loss: 1.0504 | total_loss: 4.8479
2025-05-18 18:53:52,517 - transvg_coordinates_fixed_20250518_185059 - INFO - Epoch 0, Batch 500/848, Loss: 4.5935
2025-05-18 18:53:52,518 - transvg_coordinates_fixed_20250518_185059 - INFO - Train metrics: l1_loss: 0.5171 | giou_loss: 1.0041 | total_loss: 4.5935
2025-05-18 18:54:09,422 - transvg_coordinates_fixed_20250518_185059 - INFO - Epoch 0, Batch 550/848, Loss: 4.7720
2025-05-18 18:54:09,422 - transvg_coordinates_fixed_20250518_185059 - INFO - Train metrics: l1_loss: 0.5335 | giou_loss: 1.0523 | total_loss: 4.7720
2025-05-18 18:54:26,451 - transvg_coordinates_fixed_20250518_185059 - INFO - Epoch 0, Batch 600/848, Loss: 4.3958
2025-05-18 18:54:26,452 - transvg_coordinates_fixed_20250518_185059 - INFO - Train metrics: l1_loss: 0.4725 | giou_loss: 1.0168 | total_loss: 4.3958
2025-05-18 18:54:43,719 - transvg_coordinates_fixed_20250518_185059 - INFO - Epoch 0, Batch 650/848, Loss: 4.7193
2025-05-18 18:54:43,720 - transvg_coordinates_fixed_20250518_185059 - INFO - Train metrics: l1_loss: 0.5503 | giou_loss: 0.9838 | total_loss: 4.7193
2025-05-18 18:55:00,843 - transvg_coordinates_fixed_20250518_185059 - INFO - Epoch 0, Batch 700/848, Loss: 4.4183
2025-05-18 18:55:00,843 - transvg_coordinates_fixed_20250518_185059 - INFO - Train metrics: l1_loss: 0.5017 | giou_loss: 0.9550 | total_loss: 4.4183
2025-05-18 18:55:18,077 - transvg_coordinates_fixed_20250518_185059 - INFO - Epoch 0, Batch 750/848, Loss: 4.4889
2025-05-18 18:55:18,077 - transvg_coordinates_fixed_20250518_185059 - INFO - Train metrics: l1_loss: 0.5136 | giou_loss: 0.9605 | total_loss: 4.4889
2025-05-18 18:55:35,371 - transvg_coordinates_fixed_20250518_185059 - INFO - Epoch 0, Batch 800/848, Loss: 4.7573
2025-05-18 18:55:35,371 - transvg_coordinates_fixed_20250518_185059 - INFO - Train metrics: l1_loss: 0.5539 | giou_loss: 0.9938 | total_loss: 4.7573
2025-05-18 18:55:51,734 - transvg_coordinates_fixed_20250518_185059 - INFO - Train Epoch 0, Loss: 4.8438
2025-05-18 18:56:08,298 - transvg_coordinates_fixed_20250518_185059 - INFO - Pred box sample: [91.80827331542969, 91.84844207763672, 253.3704071044922, 236.42637634277344]
2025-05-18 18:56:08,299 - transvg_coordinates_fixed_20250518_185059 - INFO - Target box sample: [207.0, 198.0, 287.0, 283.0]
2025-05-18 18:56:08,374 - transvg_coordinates_fixed_20250518_185059 - INFO - Validation Epoch 0, Loss: 4.5309
2025-05-18 18:56:08,374 - transvg_coordinates_fixed_20250518_185059 - INFO - Val metrics: Acc@0.25: 0.3046 | Acc@0.5: 0.0887 | Acc@0.75: 0.0058 | mIoU: 0.1707 | medianIoU: 0.0816 | mae_x1: 102.6305 | mae_y1: 100.8949 | mae_x2: 101.7076 | mae_y2: 97.3974 | center_x_error: 86.1520 | center_y_error: 81.5922 | width_error: 2.5027 | height_error: 2.6303 | loss: 4.5309
2025-05-18 18:56:09,024 - transvg_coordinates_fixed_20250518_185059 - INFO - Saved model checkpoint to /home/pokle/Trans-VG/visual_grounding/checkpoints/transvg_coordinates_fixed_20250518_185059_epoch0.pth
2025-05-18 18:56:09,025 - transvg_coordinates_fixed_20250518_185059 - INFO - New best model! Acc@0.5: 0.0887
2025-05-18 18:56:09,025 - transvg_coordinates_fixed_20250518_185059 - INFO - Epoch 1/200
2025-05-18 18:56:10,100 - transvg_coordinates_fixed_20250518_185059 - INFO - Epoch 1, Batch 0/848, Loss: 4.0987
2025-05-18 18:56:10,100 - transvg_coordinates_fixed_20250518_185059 - INFO - Train metrics: l1_loss: 0.4440 | giou_loss: 0.9393 | total_loss: 4.0987
2025-05-18 18:56:28,164 - transvg_coordinates_fixed_20250518_185059 - INFO - Epoch 1, Batch 50/848, Loss: 4.8297
2025-05-18 18:56:28,164 - transvg_coordinates_fixed_20250518_185059 - INFO - Train metrics: l1_loss: 0.5429 | giou_loss: 1.0576 | total_loss: 4.8297
2025-05-18 18:56:46,220 - transvg_coordinates_fixed_20250518_185059 - INFO - Epoch 1, Batch 100/848, Loss: 5.1905
2025-05-18 18:56:46,221 - transvg_coordinates_fixed_20250518_185059 - INFO - Train metrics: l1_loss: 0.6094 | giou_loss: 1.0716 | total_loss: 5.1905
2025-05-18 18:57:04,297 - transvg_coordinates_fixed_20250518_185059 - INFO - Epoch 1, Batch 150/848, Loss: 5.2447
2025-05-18 18:57:04,297 - transvg_coordinates_fixed_20250518_185059 - INFO - Train metrics: l1_loss: 0.6171 | giou_loss: 1.0797 | total_loss: 5.2447
2025-05-18 18:57:22,333 - transvg_coordinates_fixed_20250518_185059 - INFO - Epoch 1, Batch 200/848, Loss: 4.8497
2025-05-18 18:57:22,334 - transvg_coordinates_fixed_20250518_185059 - INFO - Train metrics: l1_loss: 0.5620 | giou_loss: 1.0198 | total_loss: 4.8497
2025-05-18 18:57:40,407 - transvg_coordinates_fixed_20250518_185059 - INFO - Epoch 1, Batch 250/848, Loss: 4.4539
2025-05-18 18:57:40,407 - transvg_coordinates_fixed_20250518_185059 - INFO - Train metrics: l1_loss: 0.4938 | giou_loss: 0.9924 | total_loss: 4.4539
2025-05-18 18:57:58,532 - transvg_coordinates_fixed_20250518_185059 - INFO - Epoch 1, Batch 300/848, Loss: 4.5551
2025-05-18 18:57:58,532 - transvg_coordinates_fixed_20250518_185059 - INFO - Train metrics: l1_loss: 0.5033 | giou_loss: 1.0194 | total_loss: 4.5551
2025-05-18 18:58:16,632 - transvg_coordinates_fixed_20250518_185059 - INFO - Epoch 1, Batch 350/848, Loss: 4.3107
2025-05-18 18:58:16,632 - transvg_coordinates_fixed_20250518_185059 - INFO - Train metrics: l1_loss: 0.4874 | giou_loss: 0.9368 | total_loss: 4.3107
2025-05-18 18:58:34,718 - transvg_coordinates_fixed_20250518_185059 - INFO - Epoch 1, Batch 400/848, Loss: 4.0270
2025-05-18 18:58:34,718 - transvg_coordinates_fixed_20250518_185059 - INFO - Train metrics: l1_loss: 0.4277 | giou_loss: 0.9443 | total_loss: 4.0270
2025-05-18 18:58:52,814 - transvg_coordinates_fixed_20250518_185059 - INFO - Epoch 1, Batch 450/848, Loss: 4.3334
2025-05-18 18:58:52,814 - transvg_coordinates_fixed_20250518_185059 - INFO - Train metrics: l1_loss: 0.4842 | giou_loss: 0.9563 | total_loss: 4.3334
2025-05-18 18:59:10,912 - transvg_coordinates_fixed_20250518_185059 - INFO - Epoch 1, Batch 500/848, Loss: 3.9274
2025-05-18 18:59:10,912 - transvg_coordinates_fixed_20250518_185059 - INFO - Train metrics: l1_loss: 0.4373 | giou_loss: 0.8703 | total_loss: 3.9274
2025-05-18 18:59:29,047 - transvg_coordinates_fixed_20250518_185059 - INFO - Epoch 1, Batch 550/848, Loss: 4.4807
2025-05-18 18:59:29,047 - transvg_coordinates_fixed_20250518_185059 - INFO - Train metrics: l1_loss: 0.5055 | giou_loss: 0.9766 | total_loss: 4.4807
2025-05-18 18:59:47,242 - transvg_coordinates_fixed_20250518_185059 - INFO - Epoch 1, Batch 600/848, Loss: 4.4165
2025-05-18 18:59:47,242 - transvg_coordinates_fixed_20250518_185059 - INFO - Train metrics: l1_loss: 0.4962 | giou_loss: 0.9678 | total_loss: 4.4165
2025-05-18 19:00:05,353 - transvg_coordinates_fixed_20250518_185059 - INFO - Epoch 1, Batch 650/848, Loss: 4.1871
2025-05-18 19:00:05,353 - transvg_coordinates_fixed_20250518_185059 - INFO - Train metrics: l1_loss: 0.4710 | giou_loss: 0.9161 | total_loss: 4.1871
2025-05-18 19:00:23,461 - transvg_coordinates_fixed_20250518_185059 - INFO - Epoch 1, Batch 700/848, Loss: 4.9571
2025-05-18 19:00:23,461 - transvg_coordinates_fixed_20250518_185059 - INFO - Train metrics: l1_loss: 0.5567 | giou_loss: 1.0868 | total_loss: 4.9571
2025-05-18 19:00:41,633 - transvg_coordinates_fixed_20250518_185059 - INFO - Epoch 1, Batch 750/848, Loss: 3.8846
2025-05-18 19:00:41,634 - transvg_coordinates_fixed_20250518_185059 - INFO - Train metrics: l1_loss: 0.4288 | giou_loss: 0.8703 | total_loss: 3.8846
2025-05-18 19:00:59,749 - transvg_coordinates_fixed_20250518_185059 - INFO - Epoch 1, Batch 800/848, Loss: 3.6894
2025-05-18 19:00:59,749 - transvg_coordinates_fixed_20250518_185059 - INFO - Train metrics: l1_loss: 0.3953 | giou_loss: 0.8564 | total_loss: 3.6894
2025-05-18 19:01:16,772 - transvg_coordinates_fixed_20250518_185059 - INFO - Train Epoch 1, Loss: 4.4992
2025-05-18 19:01:32,877 - transvg_coordinates_fixed_20250518_185059 - INFO - Pred box sample: [46.652156829833984, 85.1971206665039, 185.31472778320312, 221.42140197753906]
2025-05-18 19:01:32,877 - transvg_coordinates_fixed_20250518_185059 - INFO - Target box sample: [207.0, 198.0, 287.0, 283.0]
2025-05-18 19:01:32,964 - transvg_coordinates_fixed_20250518_185059 - INFO - Validation Epoch 1, Loss: 4.4953
2025-05-18 19:01:32,964 - transvg_coordinates_fixed_20250518_185059 - INFO - Val metrics: Acc@0.25: 0.3065 | Acc@0.5: 0.1147 | Acc@0.75: 0.0127 | mIoU: 0.1795 | medianIoU: 0.0802 | mae_x1: 106.0416 | mae_y1: 97.3758 | mae_x2: 100.2628 | mae_y2: 94.6056 | center_x_error: 86.9525 | center_y_error: 79.7853 | width_error: 2.6593 | height_error: 2.3171 | loss: 4.4953
2025-05-18 19:01:33,602 - transvg_coordinates_fixed_20250518_185059 - INFO - Saved model checkpoint to /home/pokle/Trans-VG/visual_grounding/checkpoints/transvg_coordinates_fixed_20250518_185059_epoch1.pth
2025-05-18 19:01:33,603 - transvg_coordinates_fixed_20250518_185059 - INFO - New best model! Acc@0.5: 0.1147
2025-05-18 19:01:33,603 - transvg_coordinates_fixed_20250518_185059 - INFO - Epoch 2/200
2025-05-18 19:01:34,677 - transvg_coordinates_fixed_20250518_185059 - INFO - Epoch 2, Batch 0/848, Loss: 4.6673
2025-05-18 19:01:34,677 - transvg_coordinates_fixed_20250518_185059 - INFO - Train metrics: l1_loss: 0.5338 | giou_loss: 0.9991 | total_loss: 4.6673
2025-05-18 19:01:52,472 - transvg_coordinates_fixed_20250518_185059 - INFO - Epoch 2, Batch 50/848, Loss: 5.2198
2025-05-18 19:01:52,472 - transvg_coordinates_fixed_20250518_185059 - INFO - Train metrics: l1_loss: 0.6089 | giou_loss: 1.0875 | total_loss: 5.2198
2025-05-18 19:02:10,348 - transvg_coordinates_fixed_20250518_185059 - INFO - Epoch 2, Batch 100/848, Loss: 4.2986
2025-05-18 19:02:10,348 - transvg_coordinates_fixed_20250518_185059 - INFO - Train metrics: l1_loss: 0.4924 | giou_loss: 0.9184 | total_loss: 4.2986
2025-05-18 19:02:28,373 - transvg_coordinates_fixed_20250518_185059 - INFO - Epoch 2, Batch 150/848, Loss: 4.0039
2025-05-18 19:02:28,373 - transvg_coordinates_fixed_20250518_185059 - INFO - Train metrics: l1_loss: 0.4409 | giou_loss: 0.8996 | total_loss: 4.0039
2025-05-18 19:02:46,300 - transvg_coordinates_fixed_20250518_185059 - INFO - Epoch 2, Batch 200/848, Loss: 4.3532
2025-05-18 19:02:46,300 - transvg_coordinates_fixed_20250518_185059 - INFO - Train metrics: l1_loss: 0.4661 | giou_loss: 1.0114 | total_loss: 4.3532
2025-05-18 19:03:04,248 - transvg_coordinates_fixed_20250518_185059 - INFO - Epoch 2, Batch 250/848, Loss: 4.4247
2025-05-18 19:03:04,248 - transvg_coordinates_fixed_20250518_185059 - INFO - Train metrics: l1_loss: 0.4716 | giou_loss: 1.0333 | total_loss: 4.4247
2025-05-18 19:03:22,195 - transvg_coordinates_fixed_20250518_185059 - INFO - Epoch 2, Batch 300/848, Loss: 4.9882
2025-05-18 19:03:22,195 - transvg_coordinates_fixed_20250518_185059 - INFO - Train metrics: l1_loss: 0.5609 | giou_loss: 1.0918 | total_loss: 4.9882
2025-05-18 19:03:40,223 - transvg_coordinates_fixed_20250518_185059 - INFO - Epoch 2, Batch 350/848, Loss: 4.7300
2025-05-18 19:03:40,223 - transvg_coordinates_fixed_20250518_185059 - INFO - Train metrics: l1_loss: 0.5229 | giou_loss: 1.0577 | total_loss: 4.7300
2025-05-18 19:03:58,254 - transvg_coordinates_fixed_20250518_185059 - INFO - Epoch 2, Batch 400/848, Loss: 3.7602
2025-05-18 19:03:58,254 - transvg_coordinates_fixed_20250518_185059 - INFO - Train metrics: l1_loss: 0.4078 | giou_loss: 0.8607 | total_loss: 3.7602
2025-05-18 19:04:16,227 - transvg_coordinates_fixed_20250518_185059 - INFO - Epoch 2, Batch 450/848, Loss: 4.5084
2025-05-18 19:04:16,227 - transvg_coordinates_fixed_20250518_185059 - INFO - Train metrics: l1_loss: 0.5012 | giou_loss: 1.0013 | total_loss: 4.5084
2025-05-18 19:04:34,230 - transvg_coordinates_fixed_20250518_185059 - INFO - Epoch 2, Batch 500/848, Loss: 4.2007
2025-05-18 19:04:34,230 - transvg_coordinates_fixed_20250518_185059 - INFO - Train metrics: l1_loss: 0.4523 | giou_loss: 0.9697 | total_loss: 4.2007
2025-05-18 19:04:52,214 - transvg_coordinates_fixed_20250518_185059 - INFO - Epoch 2, Batch 550/848, Loss: 4.3631
2025-05-18 19:04:52,214 - transvg_coordinates_fixed_20250518_185059 - INFO - Train metrics: l1_loss: 0.5008 | giou_loss: 0.9296 | total_loss: 4.3631
2025-05-18 19:05:10,191 - transvg_coordinates_fixed_20250518_185059 - INFO - Epoch 2, Batch 600/848, Loss: 4.4488
2025-05-18 19:05:10,191 - transvg_coordinates_fixed_20250518_185059 - INFO - Train metrics: l1_loss: 0.4866 | giou_loss: 1.0078 | total_loss: 4.4488
2025-05-18 19:05:28,161 - transvg_coordinates_fixed_20250518_185059 - INFO - Epoch 2, Batch 650/848, Loss: 4.6463
2025-05-18 19:05:28,161 - transvg_coordinates_fixed_20250518_185059 - INFO - Train metrics: l1_loss: 0.5231 | giou_loss: 1.0153 | total_loss: 4.6463
2025-05-18 19:05:46,157 - transvg_coordinates_fixed_20250518_185059 - INFO - Epoch 2, Batch 700/848, Loss: 4.1104
2025-05-18 19:05:46,157 - transvg_coordinates_fixed_20250518_185059 - INFO - Train metrics: l1_loss: 0.4422 | giou_loss: 0.9496 | total_loss: 4.1104
2025-05-18 19:06:04,277 - transvg_coordinates_fixed_20250518_185059 - INFO - Epoch 2, Batch 750/848, Loss: 5.4687
2025-05-18 19:06:04,277 - transvg_coordinates_fixed_20250518_185059 - INFO - Train metrics: l1_loss: 0.6447 | giou_loss: 1.1226 | total_loss: 5.4687
2025-05-18 19:06:22,413 - transvg_coordinates_fixed_20250518_185059 - INFO - Epoch 2, Batch 800/848, Loss: 4.0896
2025-05-18 19:06:22,413 - transvg_coordinates_fixed_20250518_185059 - INFO - Train metrics: l1_loss: 0.4373 | giou_loss: 0.9516 | total_loss: 4.0896
2025-05-18 19:06:39,428 - transvg_coordinates_fixed_20250518_185059 - INFO - Train Epoch 2, Loss: 4.4399
2025-05-18 19:06:55,932 - transvg_coordinates_fixed_20250518_185059 - INFO - Pred box sample: [64.3890151977539, 55.58838653564453, 227.27174377441406, 215.76780700683594]
2025-05-18 19:06:55,932 - transvg_coordinates_fixed_20250518_185059 - INFO - Target box sample: [207.0, 198.0, 287.0, 283.0]
2025-05-18 19:06:56,004 - transvg_coordinates_fixed_20250518_185059 - INFO - Validation Epoch 2, Loss: 4.4525
2025-05-18 19:06:56,004 - transvg_coordinates_fixed_20250518_185059 - INFO - Val metrics: Acc@0.25: 0.3147 | Acc@0.5: 0.1108 | Acc@0.75: 0.0114 | mIoU: 0.1816 | medianIoU: 0.0851 | mae_x1: 98.8162 | mae_y1: 96.9200 | mae_x2: 102.8397 | mae_y2: 95.4048 | center_x_error: 85.1487 | center_y_error: 80.1847 | width_error: 2.5968 | height_error: 2.4472 | loss: 4.4525
2025-05-18 19:06:56,611 - transvg_coordinates_fixed_20250518_185059 - INFO - Saved model checkpoint to /home/pokle/Trans-VG/visual_grounding/checkpoints/transvg_coordinates_fixed_20250518_185059_epoch2.pth
2025-05-18 19:06:56,612 - transvg_coordinates_fixed_20250518_185059 - INFO - Epoch 3/200
2025-05-18 19:06:57,636 - transvg_coordinates_fixed_20250518_185059 - INFO - Epoch 3, Batch 0/848, Loss: 4.0635
2025-05-18 19:06:57,637 - transvg_coordinates_fixed_20250518_185059 - INFO - Train metrics: l1_loss: 0.4248 | giou_loss: 0.9697 | total_loss: 4.0635
2025-05-18 19:07:15,470 - transvg_coordinates_fixed_20250518_185059 - INFO - Epoch 3, Batch 50/848, Loss: 4.6541
2025-05-18 19:07:15,470 - transvg_coordinates_fixed_20250518_185059 - INFO - Train metrics: l1_loss: 0.5129 | giou_loss: 1.0448 | total_loss: 4.6541
2025-05-18 19:07:33,418 - transvg_coordinates_fixed_20250518_185059 - INFO - Epoch 3, Batch 100/848, Loss: 4.3854
2025-05-18 19:07:33,418 - transvg_coordinates_fixed_20250518_185059 - INFO - Train metrics: l1_loss: 0.4893 | giou_loss: 0.9695 | total_loss: 4.3854
2025-05-18 19:07:51,412 - transvg_coordinates_fixed_20250518_185059 - INFO - Epoch 3, Batch 150/848, Loss: 4.3763
2025-05-18 19:07:51,412 - transvg_coordinates_fixed_20250518_185059 - INFO - Train metrics: l1_loss: 0.4800 | giou_loss: 0.9882 | total_loss: 4.3763
2025-05-18 19:08:09,413 - transvg_coordinates_fixed_20250518_185059 - INFO - Epoch 3, Batch 200/848, Loss: 4.7207
2025-05-18 19:08:09,413 - transvg_coordinates_fixed_20250518_185059 - INFO - Train metrics: l1_loss: 0.5380 | giou_loss: 1.0154 | total_loss: 4.7207
2025-05-18 19:08:27,508 - transvg_coordinates_fixed_20250518_185059 - INFO - Epoch 3, Batch 250/848, Loss: 4.2597
2025-05-18 19:08:27,508 - transvg_coordinates_fixed_20250518_185059 - INFO - Train metrics: l1_loss: 0.4683 | giou_loss: 0.9592 | total_loss: 4.2597
2025-05-18 19:08:45,629 - transvg_coordinates_fixed_20250518_185059 - INFO - Epoch 3, Batch 300/848, Loss: 5.1049
2025-05-18 19:08:45,629 - transvg_coordinates_fixed_20250518_185059 - INFO - Train metrics: l1_loss: 0.5961 | giou_loss: 1.0622 | total_loss: 5.1049
2025-05-18 19:09:03,737 - transvg_coordinates_fixed_20250518_185059 - INFO - Epoch 3, Batch 350/848, Loss: 3.9924
2025-05-18 19:09:03,738 - transvg_coordinates_fixed_20250518_185059 - INFO - Train metrics: l1_loss: 0.4161 | giou_loss: 0.9560 | total_loss: 3.9924
2025-05-18 19:09:21,840 - transvg_coordinates_fixed_20250518_185059 - INFO - Epoch 3, Batch 400/848, Loss: 4.5499
2025-05-18 19:09:21,841 - transvg_coordinates_fixed_20250518_185059 - INFO - Train metrics: l1_loss: 0.5011 | giou_loss: 1.0223 | total_loss: 4.5499
2025-05-18 19:09:39,888 - transvg_coordinates_fixed_20250518_185059 - INFO - Epoch 3, Batch 450/848, Loss: 4.5242
2025-05-18 19:09:39,888 - transvg_coordinates_fixed_20250518_185059 - INFO - Train metrics: l1_loss: 0.5237 | giou_loss: 0.9528 | total_loss: 4.5242
2025-05-18 19:09:57,979 - transvg_coordinates_fixed_20250518_185059 - INFO - Epoch 3, Batch 500/848, Loss: 5.0274
2025-05-18 19:09:57,979 - transvg_coordinates_fixed_20250518_185059 - INFO - Train metrics: l1_loss: 0.5635 | giou_loss: 1.1050 | total_loss: 5.0274
2025-05-18 19:10:16,212 - transvg_coordinates_fixed_20250518_185059 - INFO - Epoch 3, Batch 550/848, Loss: 4.5514
2025-05-18 19:10:16,212 - transvg_coordinates_fixed_20250518_185059 - INFO - Train metrics: l1_loss: 0.5168 | giou_loss: 0.9836 | total_loss: 4.5514
2025-05-18 19:10:34,331 - transvg_coordinates_fixed_20250518_185059 - INFO - Epoch 3, Batch 600/848, Loss: 4.0488
2025-05-18 19:10:34,331 - transvg_coordinates_fixed_20250518_185059 - INFO - Train metrics: l1_loss: 0.4246 | giou_loss: 0.9630 | total_loss: 4.0488
2025-05-18 19:10:52,499 - transvg_coordinates_fixed_20250518_185059 - INFO - Epoch 3, Batch 650/848, Loss: 4.0558
2025-05-18 19:10:52,499 - transvg_coordinates_fixed_20250518_185059 - INFO - Train metrics: l1_loss: 0.4492 | giou_loss: 0.9050 | total_loss: 4.0558
2025-05-18 19:11:10,635 - transvg_coordinates_fixed_20250518_185059 - INFO - Epoch 3, Batch 700/848, Loss: 4.3004
2025-05-18 19:11:10,635 - transvg_coordinates_fixed_20250518_185059 - INFO - Train metrics: l1_loss: 0.4795 | giou_loss: 0.9515 | total_loss: 4.3004
2025-05-18 19:11:28,820 - transvg_coordinates_fixed_20250518_185059 - INFO - Epoch 3, Batch 750/848, Loss: 4.0909
2025-05-18 19:11:28,820 - transvg_coordinates_fixed_20250518_185059 - INFO - Train metrics: l1_loss: 0.4350 | giou_loss: 0.9579 | total_loss: 4.0909
2025-05-18 19:11:46,993 - transvg_coordinates_fixed_20250518_185059 - INFO - Epoch 3, Batch 800/848, Loss: 3.9144
2025-05-18 19:11:46,993 - transvg_coordinates_fixed_20250518_185059 - INFO - Train metrics: l1_loss: 0.4252 | giou_loss: 0.8943 | total_loss: 3.9144
2025-05-18 19:12:04,011 - transvg_coordinates_fixed_20250518_185059 - INFO - Train Epoch 3, Loss: 4.4133
2025-05-18 19:12:20,719 - transvg_coordinates_fixed_20250518_185059 - INFO - Pred box sample: [83.04865264892578, 75.66975402832031, 290.7441711425781, 234.0555877685547]
2025-05-18 19:12:20,719 - transvg_coordinates_fixed_20250518_185059 - INFO - Target box sample: [207.0, 198.0, 287.0, 283.0]
2025-05-18 19:12:20,790 - transvg_coordinates_fixed_20250518_185059 - INFO - Validation Epoch 3, Loss: 4.4311
2025-05-18 19:12:20,790 - transvg_coordinates_fixed_20250518_185059 - INFO - Val metrics: Acc@0.25: 0.3256 | Acc@0.5: 0.1169 | Acc@0.75: 0.0141 | mIoU: 0.1866 | medianIoU: 0.0920 | mae_x1: 103.2489 | mae_y1: 100.0266 | mae_x2: 100.0975 | mae_y2: 95.8221 | center_x_error: 83.7218 | center_y_error: 79.2587 | width_error: 2.9048 | height_error: 2.7255 | loss: 4.4311
2025-05-18 19:12:21,396 - transvg_coordinates_fixed_20250518_185059 - INFO - Saved model checkpoint to /home/pokle/Trans-VG/visual_grounding/checkpoints/transvg_coordinates_fixed_20250518_185059_epoch3.pth
2025-05-18 19:12:21,397 - transvg_coordinates_fixed_20250518_185059 - INFO - New best model! Acc@0.5: 0.1169
2025-05-18 19:12:21,397 - transvg_coordinates_fixed_20250518_185059 - INFO - Epoch 4/200
2025-05-18 19:12:22,453 - transvg_coordinates_fixed_20250518_185059 - INFO - Epoch 4, Batch 0/848, Loss: 4.2192
2025-05-18 19:12:22,453 - transvg_coordinates_fixed_20250518_185059 - INFO - Train metrics: l1_loss: 0.4606 | giou_loss: 0.9581 | total_loss: 4.2192
2025-05-18 19:12:40,365 - transvg_coordinates_fixed_20250518_185059 - INFO - Epoch 4, Batch 50/848, Loss: 4.8883
2025-05-18 19:12:40,365 - transvg_coordinates_fixed_20250518_185059 - INFO - Train metrics: l1_loss: 0.5594 | giou_loss: 1.0456 | total_loss: 4.8883
2025-05-18 19:12:58,421 - transvg_coordinates_fixed_20250518_185059 - INFO - Epoch 4, Batch 100/848, Loss: 4.5210
2025-05-18 19:12:58,421 - transvg_coordinates_fixed_20250518_185059 - INFO - Train metrics: l1_loss: 0.5313 | giou_loss: 0.9323 | total_loss: 4.5210
2025-05-18 19:13:16,529 - transvg_coordinates_fixed_20250518_185059 - INFO - Epoch 4, Batch 150/848, Loss: 3.9544
2025-05-18 19:13:16,529 - transvg_coordinates_fixed_20250518_185059 - INFO - Train metrics: l1_loss: 0.4283 | giou_loss: 0.9064 | total_loss: 3.9544
2025-05-18 19:13:34,685 - transvg_coordinates_fixed_20250518_185059 - INFO - Epoch 4, Batch 200/848, Loss: 5.0898
2025-05-18 19:13:34,686 - transvg_coordinates_fixed_20250518_185059 - INFO - Train metrics: l1_loss: 0.5837 | giou_loss: 1.0856 | total_loss: 5.0898
2025-05-18 19:13:52,955 - transvg_coordinates_fixed_20250518_185059 - INFO - Epoch 4, Batch 250/848, Loss: 4.3321
2025-05-18 19:13:52,955 - transvg_coordinates_fixed_20250518_185059 - INFO - Train metrics: l1_loss: 0.4955 | giou_loss: 0.9274 | total_loss: 4.3321
2025-05-18 19:14:11,250 - transvg_coordinates_fixed_20250518_185059 - INFO - Epoch 4, Batch 300/848, Loss: 4.5838
2025-05-18 19:14:11,250 - transvg_coordinates_fixed_20250518_185059 - INFO - Train metrics: l1_loss: 0.4910 | giou_loss: 1.0644 | total_loss: 4.5838
2025-05-18 19:14:29,506 - transvg_coordinates_fixed_20250518_185059 - INFO - Epoch 4, Batch 350/848, Loss: 4.7969
2025-05-18 19:14:29,507 - transvg_coordinates_fixed_20250518_185059 - INFO - Train metrics: l1_loss: 0.5249 | giou_loss: 1.0862 | total_loss: 4.7969
2025-05-18 19:14:47,720 - transvg_coordinates_fixed_20250518_185059 - INFO - Epoch 4, Batch 400/848, Loss: 4.4760
2025-05-18 19:14:47,720 - transvg_coordinates_fixed_20250518_185059 - INFO - Train metrics: l1_loss: 0.4961 | giou_loss: 0.9978 | total_loss: 4.4760
2025-05-18 19:15:05,901 - transvg_coordinates_fixed_20250518_185059 - INFO - Epoch 4, Batch 450/848, Loss: 4.0362
2025-05-18 19:15:05,901 - transvg_coordinates_fixed_20250518_185059 - INFO - Train metrics: l1_loss: 0.4474 | giou_loss: 0.8997 | total_loss: 4.0362
2025-05-18 19:15:24,148 - transvg_coordinates_fixed_20250518_185059 - INFO - Epoch 4, Batch 500/848, Loss: 4.1181
2025-05-18 19:15:24,148 - transvg_coordinates_fixed_20250518_185059 - INFO - Train metrics: l1_loss: 0.4685 | giou_loss: 0.8879 | total_loss: 4.1181
2025-05-18 19:15:42,463 - transvg_coordinates_fixed_20250518_185059 - INFO - Epoch 4, Batch 550/848, Loss: 3.8101
2025-05-18 19:15:42,464 - transvg_coordinates_fixed_20250518_185059 - INFO - Train metrics: l1_loss: 0.3908 | giou_loss: 0.9281 | total_loss: 3.8101
2025-05-18 19:16:00,734 - transvg_coordinates_fixed_20250518_185059 - INFO - Epoch 4, Batch 600/848, Loss: 4.1941
2025-05-18 19:16:00,734 - transvg_coordinates_fixed_20250518_185059 - INFO - Train metrics: l1_loss: 0.4532 | giou_loss: 0.9641 | total_loss: 4.1941
2025-05-18 19:16:18,940 - transvg_coordinates_fixed_20250518_185059 - INFO - Epoch 4, Batch 650/848, Loss: 4.4222
2025-05-18 19:16:18,940 - transvg_coordinates_fixed_20250518_185059 - INFO - Train metrics: l1_loss: 0.4784 | giou_loss: 1.0152 | total_loss: 4.4222
2025-05-18 19:16:37,222 - transvg_coordinates_fixed_20250518_185059 - INFO - Epoch 4, Batch 700/848, Loss: 4.8865
2025-05-18 19:16:37,222 - transvg_coordinates_fixed_20250518_185059 - INFO - Train metrics: l1_loss: 0.5607 | giou_loss: 1.0416 | total_loss: 4.8865
2025-05-18 19:16:55,523 - transvg_coordinates_fixed_20250518_185059 - INFO - Epoch 4, Batch 750/848, Loss: 4.6460
2025-05-18 19:16:55,523 - transvg_coordinates_fixed_20250518_185059 - INFO - Train metrics: l1_loss: 0.5133 | giou_loss: 1.0397 | total_loss: 4.6460
2025-05-18 19:17:13,775 - transvg_coordinates_fixed_20250518_185059 - INFO - Epoch 4, Batch 800/848, Loss: 4.7197
2025-05-18 19:17:13,775 - transvg_coordinates_fixed_20250518_185059 - INFO - Train metrics: l1_loss: 0.5280 | giou_loss: 1.0399 | total_loss: 4.7197
2025-05-18 19:17:30,878 - transvg_coordinates_fixed_20250518_185059 - INFO - Train Epoch 4, Loss: 4.3875
2025-05-18 19:17:47,382 - transvg_coordinates_fixed_20250518_185059 - INFO - Pred box sample: [77.2284927368164, 101.38365936279297, 234.78663635253906, 257.4910888671875]
2025-05-18 19:17:47,382 - transvg_coordinates_fixed_20250518_185059 - INFO - Target box sample: [207.0, 198.0, 287.0, 283.0]
2025-05-18 19:17:47,467 - transvg_coordinates_fixed_20250518_185059 - INFO - Validation Epoch 4, Loss: 4.4185
2025-05-18 19:17:47,468 - transvg_coordinates_fixed_20250518_185059 - INFO - Val metrics: Acc@0.25: 0.3240 | Acc@0.5: 0.1201 | Acc@0.75: 0.0159 | mIoU: 0.1867 | medianIoU: 0.0920 | mae_x1: 99.0770 | mae_y1: 96.7000 | mae_x2: 100.4563 | mae_y2: 94.6824 | center_x_error: 84.3332 | center_y_error: 78.5294 | width_error: 2.5188 | height_error: 2.5164 | loss: 4.4185
2025-05-18 19:17:48,285 - transvg_coordinates_fixed_20250518_185059 - INFO - Saved model checkpoint to /home/pokle/Trans-VG/visual_grounding/checkpoints/transvg_coordinates_fixed_20250518_185059_epoch4.pth
2025-05-18 19:17:48,286 - transvg_coordinates_fixed_20250518_185059 - INFO - New best model! Acc@0.5: 0.1201
2025-05-18 19:17:48,286 - transvg_coordinates_fixed_20250518_185059 - INFO - Epoch 5/200
2025-05-18 19:17:49,330 - transvg_coordinates_fixed_20250518_185059 - INFO - Epoch 5, Batch 0/848, Loss: 4.5128
2025-05-18 19:17:49,331 - transvg_coordinates_fixed_20250518_185059 - INFO - Train metrics: l1_loss: 0.4919 | giou_loss: 1.0266 | total_loss: 4.5128
2025-05-18 19:18:07,456 - transvg_coordinates_fixed_20250518_185059 - INFO - Epoch 5, Batch 50/848, Loss: 4.8915
2025-05-18 19:18:07,456 - transvg_coordinates_fixed_20250518_185059 - INFO - Train metrics: l1_loss: 0.5377 | giou_loss: 1.1016 | total_loss: 4.8915
2025-05-18 19:18:25,853 - transvg_coordinates_fixed_20250518_185059 - INFO - Epoch 5, Batch 100/848, Loss: 4.0076
2025-05-18 19:18:25,853 - transvg_coordinates_fixed_20250518_185059 - INFO - Train metrics: l1_loss: 0.4427 | giou_loss: 0.8972 | total_loss: 4.0076
2025-05-18 19:18:44,054 - transvg_coordinates_fixed_20250518_185059 - INFO - Epoch 5, Batch 150/848, Loss: 4.7837
2025-05-18 19:18:44,054 - transvg_coordinates_fixed_20250518_185059 - INFO - Train metrics: l1_loss: 0.5299 | giou_loss: 1.0670 | total_loss: 4.7837
2025-05-18 19:19:02,330 - transvg_coordinates_fixed_20250518_185059 - INFO - Epoch 5, Batch 200/848, Loss: 4.4387
2025-05-18 19:19:02,331 - transvg_coordinates_fixed_20250518_185059 - INFO - Train metrics: l1_loss: 0.5136 | giou_loss: 0.9353 | total_loss: 4.4387
2025-05-18 19:19:20,633 - transvg_coordinates_fixed_20250518_185059 - INFO - Epoch 5, Batch 250/848, Loss: 4.8219
2025-05-18 19:19:20,633 - transvg_coordinates_fixed_20250518_185059 - INFO - Train metrics: l1_loss: 0.5497 | giou_loss: 1.0366 | total_loss: 4.8219
2025-05-18 19:19:38,911 - transvg_coordinates_fixed_20250518_185059 - INFO - Epoch 5, Batch 300/848, Loss: 4.8757
2025-05-18 19:19:38,912 - transvg_coordinates_fixed_20250518_185059 - INFO - Train metrics: l1_loss: 0.5839 | giou_loss: 0.9780 | total_loss: 4.8757
2025-05-18 19:19:57,233 - transvg_coordinates_fixed_20250518_185059 - INFO - Epoch 5, Batch 350/848, Loss: 4.7488
2025-05-18 19:19:57,233 - transvg_coordinates_fixed_20250518_185059 - INFO - Train metrics: l1_loss: 0.5739 | giou_loss: 0.9397 | total_loss: 4.7488
2025-05-18 19:20:15,541 - transvg_coordinates_fixed_20250518_185059 - INFO - Epoch 5, Batch 400/848, Loss: 4.3507
2025-05-18 19:20:15,541 - transvg_coordinates_fixed_20250518_185059 - INFO - Train metrics: l1_loss: 0.5004 | giou_loss: 0.9245 | total_loss: 4.3507
2025-05-18 19:20:33,931 - transvg_coordinates_fixed_20250518_185059 - INFO - Epoch 5, Batch 450/848, Loss: 4.7662
2025-05-18 19:20:33,931 - transvg_coordinates_fixed_20250518_185059 - INFO - Train metrics: l1_loss: 0.5276 | giou_loss: 1.0641 | total_loss: 4.7662
2025-05-18 19:20:52,235 - transvg_coordinates_fixed_20250518_185059 - INFO - Epoch 5, Batch 500/848, Loss: 4.1058
2025-05-18 19:20:52,255 - transvg_coordinates_fixed_20250518_185059 - INFO - Train metrics: l1_loss: 0.4440 | giou_loss: 0.9429 | total_loss: 4.1058
2025-05-18 19:21:10,544 - transvg_coordinates_fixed_20250518_185059 - INFO - Epoch 5, Batch 550/848, Loss: 4.1356
2025-05-18 19:21:10,544 - transvg_coordinates_fixed_20250518_185059 - INFO - Train metrics: l1_loss: 0.4366 | giou_loss: 0.9762 | total_loss: 4.1356
2025-05-18 19:21:28,875 - transvg_coordinates_fixed_20250518_185059 - INFO - Epoch 5, Batch 600/848, Loss: 4.0752
2025-05-18 19:21:28,875 - transvg_coordinates_fixed_20250518_185059 - INFO - Train metrics: l1_loss: 0.4311 | giou_loss: 0.9598 | total_loss: 4.0752
2025-05-18 19:21:47,246 - transvg_coordinates_fixed_20250518_185059 - INFO - Epoch 5, Batch 650/848, Loss: 4.7390
2025-05-18 19:21:47,246 - transvg_coordinates_fixed_20250518_185059 - INFO - Train metrics: l1_loss: 0.5461 | giou_loss: 1.0044 | total_loss: 4.7390
2025-05-18 19:22:05,573 - transvg_coordinates_fixed_20250518_185059 - INFO - Epoch 5, Batch 700/848, Loss: 4.6548
2025-05-18 19:22:05,573 - transvg_coordinates_fixed_20250518_185059 - INFO - Train metrics: l1_loss: 0.5280 | giou_loss: 1.0074 | total_loss: 4.6548
2025-05-18 19:22:23,931 - transvg_coordinates_fixed_20250518_185059 - INFO - Epoch 5, Batch 750/848, Loss: 4.4141
2025-05-18 19:22:23,931 - transvg_coordinates_fixed_20250518_185059 - INFO - Train metrics: l1_loss: 0.4730 | giou_loss: 1.0246 | total_loss: 4.4141
2025-05-18 19:22:42,342 - transvg_coordinates_fixed_20250518_185059 - INFO - Epoch 5, Batch 800/848, Loss: 5.0164
2025-05-18 19:22:42,342 - transvg_coordinates_fixed_20250518_185059 - INFO - Train metrics: l1_loss: 0.6019 | giou_loss: 1.0033 | total_loss: 5.0164
2025-05-18 19:22:59,572 - transvg_coordinates_fixed_20250518_185059 - INFO - Train Epoch 5, Loss: 4.3773
2025-05-18 19:23:15,942 - transvg_coordinates_fixed_20250518_185059 - INFO - Pred box sample: [64.169921875, 50.174991607666016, 214.46571350097656, 219.1468505859375]
2025-05-18 19:23:15,942 - transvg_coordinates_fixed_20250518_185059 - INFO - Target box sample: [207.0, 198.0, 287.0, 283.0]
2025-05-18 19:23:16,011 - transvg_coordinates_fixed_20250518_185059 - INFO - Validation Epoch 5, Loss: 4.4438
2025-05-18 19:23:16,011 - transvg_coordinates_fixed_20250518_185059 - INFO - Val metrics: Acc@0.25: 0.3193 | Acc@0.5: 0.1222 | Acc@0.75: 0.0151 | mIoU: 0.1852 | medianIoU: 0.0862 | mae_x1: 100.3766 | mae_y1: 98.4501 | mae_x2: 99.5543 | mae_y2: 97.2149 | center_x_error: 84.4681 | center_y_error: 79.8357 | width_error: 2.4671 | height_error: 2.6916 | loss: 4.4438
2025-05-18 19:23:16,622 - transvg_coordinates_fixed_20250518_185059 - INFO - Saved model checkpoint to /home/pokle/Trans-VG/visual_grounding/checkpoints/transvg_coordinates_fixed_20250518_185059_epoch5.pth
2025-05-18 19:23:16,623 - transvg_coordinates_fixed_20250518_185059 - INFO - New best model! Acc@0.5: 0.1222
2025-05-18 19:23:16,623 - transvg_coordinates_fixed_20250518_185059 - INFO - Epoch 6/200
2025-05-18 19:23:17,656 - transvg_coordinates_fixed_20250518_185059 - INFO - Epoch 6, Batch 0/848, Loss: 4.6370
2025-05-18 19:23:17,656 - transvg_coordinates_fixed_20250518_185059 - INFO - Train metrics: l1_loss: 0.5366 | giou_loss: 0.9770 | total_loss: 4.6370
2025-05-18 19:23:35,797 - transvg_coordinates_fixed_20250518_185059 - INFO - Epoch 6, Batch 50/848, Loss: 4.8508
2025-05-18 19:23:35,798 - transvg_coordinates_fixed_20250518_185059 - INFO - Train metrics: l1_loss: 0.5370 | giou_loss: 1.0829 | total_loss: 4.8508
2025-05-18 19:23:54,013 - transvg_coordinates_fixed_20250518_185059 - INFO - Epoch 6, Batch 100/848, Loss: 4.7872
2025-05-18 19:23:54,013 - transvg_coordinates_fixed_20250518_185059 - INFO - Train metrics: l1_loss: 0.5398 | giou_loss: 1.0441 | total_loss: 4.7872
2025-05-18 19:24:12,261 - transvg_coordinates_fixed_20250518_185059 - INFO - Epoch 6, Batch 150/848, Loss: 3.9262
2025-05-18 19:24:12,261 - transvg_coordinates_fixed_20250518_185059 - INFO - Train metrics: l1_loss: 0.4284 | giou_loss: 0.8920 | total_loss: 3.9262
2025-05-18 19:24:30,586 - transvg_coordinates_fixed_20250518_185059 - INFO - Epoch 6, Batch 200/848, Loss: 4.8267
2025-05-18 19:24:30,586 - transvg_coordinates_fixed_20250518_185059 - INFO - Train metrics: l1_loss: 0.5544 | giou_loss: 1.0274 | total_loss: 4.8267
2025-05-18 19:24:48,863 - transvg_coordinates_fixed_20250518_185059 - INFO - Epoch 6, Batch 250/848, Loss: 4.6143
2025-05-18 19:24:48,863 - transvg_coordinates_fixed_20250518_185059 - INFO - Train metrics: l1_loss: 0.5335 | giou_loss: 0.9734 | total_loss: 4.6143
2025-05-18 19:25:07,213 - transvg_coordinates_fixed_20250518_185059 - INFO - Epoch 6, Batch 300/848, Loss: 4.6720
2025-05-18 19:25:07,213 - transvg_coordinates_fixed_20250518_185059 - INFO - Train metrics: l1_loss: 0.5165 | giou_loss: 1.0448 | total_loss: 4.6720
2025-05-18 19:25:25,535 - transvg_coordinates_fixed_20250518_185059 - INFO - Epoch 6, Batch 350/848, Loss: 4.6399
2025-05-18 19:25:25,535 - transvg_coordinates_fixed_20250518_185059 - INFO - Train metrics: l1_loss: 0.5237 | giou_loss: 1.0107 | total_loss: 4.6399
2025-05-18 19:25:43,853 - transvg_coordinates_fixed_20250518_185059 - INFO - Epoch 6, Batch 400/848, Loss: 4.9880
2025-05-18 19:25:43,853 - transvg_coordinates_fixed_20250518_185059 - INFO - Train metrics: l1_loss: 0.5821 | giou_loss: 1.0387 | total_loss: 4.9880
2025-05-18 19:26:02,224 - transvg_coordinates_fixed_20250518_185059 - INFO - Epoch 6, Batch 450/848, Loss: 4.1976
2025-05-18 19:26:02,224 - transvg_coordinates_fixed_20250518_185059 - INFO - Train metrics: l1_loss: 0.4837 | giou_loss: 0.8895 | total_loss: 4.1976
2025-05-18 19:26:20,688 - transvg_coordinates_fixed_20250518_185059 - INFO - Epoch 6, Batch 500/848, Loss: 4.3116
2025-05-18 19:26:20,688 - transvg_coordinates_fixed_20250518_185059 - INFO - Train metrics: l1_loss: 0.4791 | giou_loss: 0.9582 | total_loss: 4.3116
2025-05-18 19:26:39,016 - transvg_coordinates_fixed_20250518_185059 - INFO - Epoch 6, Batch 550/848, Loss: 4.6579
2025-05-18 19:26:39,016 - transvg_coordinates_fixed_20250518_185059 - INFO - Train metrics: l1_loss: 0.5173 | giou_loss: 1.0356 | total_loss: 4.6579
2025-05-18 19:26:57,411 - transvg_coordinates_fixed_20250518_185059 - INFO - Epoch 6, Batch 600/848, Loss: 4.0412
2025-05-18 19:26:57,411 - transvg_coordinates_fixed_20250518_185059 - INFO - Train metrics: l1_loss: 0.4310 | giou_loss: 0.9432 | total_loss: 4.0412
2025-05-18 19:27:15,791 - transvg_coordinates_fixed_20250518_185059 - INFO - Epoch 6, Batch 650/848, Loss: 4.2933
2025-05-18 19:27:15,791 - transvg_coordinates_fixed_20250518_185059 - INFO - Train metrics: l1_loss: 0.4758 | giou_loss: 0.9570 | total_loss: 4.2933
2025-05-18 19:27:34,146 - transvg_coordinates_fixed_20250518_185059 - INFO - Epoch 6, Batch 700/848, Loss: 4.0664
2025-05-18 19:27:34,146 - transvg_coordinates_fixed_20250518_185059 - INFO - Train metrics: l1_loss: 0.4345 | giou_loss: 0.9470 | total_loss: 4.0664
2025-05-18 19:27:52,551 - transvg_coordinates_fixed_20250518_185059 - INFO - Epoch 6, Batch 750/848, Loss: 4.0387
2025-05-18 19:27:52,551 - transvg_coordinates_fixed_20250518_185059 - INFO - Train metrics: l1_loss: 0.4271 | giou_loss: 0.9516 | total_loss: 4.0387
2025-05-18 19:28:10,924 - transvg_coordinates_fixed_20250518_185059 - INFO - Epoch 6, Batch 800/848, Loss: 4.2120
2025-05-18 19:28:10,924 - transvg_coordinates_fixed_20250518_185059 - INFO - Train metrics: l1_loss: 0.4864 | giou_loss: 0.8899 | total_loss: 4.2120
2025-05-18 19:28:28,139 - transvg_coordinates_fixed_20250518_185059 - INFO - Train Epoch 6, Loss: 4.3584
2025-05-18 19:28:44,385 - transvg_coordinates_fixed_20250518_185059 - INFO - Pred box sample: [66.07893371582031, 64.63804626464844, 226.5483856201172, 196.97879028320312]
2025-05-18 19:28:44,386 - transvg_coordinates_fixed_20250518_185059 - INFO - Target box sample: [207.0, 198.0, 287.0, 283.0]
2025-05-18 19:28:44,455 - transvg_coordinates_fixed_20250518_185059 - INFO - Validation Epoch 6, Loss: 4.4698
2025-05-18 19:28:44,455 - transvg_coordinates_fixed_20250518_185059 - INFO - Val metrics: Acc@0.25: 0.3161 | Acc@0.5: 0.1177 | Acc@0.75: 0.0135 | mIoU: 0.1829 | medianIoU: 0.0845 | mae_x1: 101.5214 | mae_y1: 99.0337 | mae_x2: 99.3187 | mae_y2: 96.0965 | center_x_error: 84.9158 | center_y_error: 81.3227 | width_error: 2.5695 | height_error: 2.4663 | loss: 4.4698
2025-05-18 19:28:45,066 - transvg_coordinates_fixed_20250518_185059 - INFO - Saved model checkpoint to /home/pokle/Trans-VG/visual_grounding/checkpoints/transvg_coordinates_fixed_20250518_185059_epoch6.pth
2025-05-18 19:28:45,067 - transvg_coordinates_fixed_20250518_185059 - INFO - Epoch 7/200
2025-05-18 19:28:46,142 - transvg_coordinates_fixed_20250518_185059 - INFO - Epoch 7, Batch 0/848, Loss: 5.4306
2025-05-18 19:28:46,143 - transvg_coordinates_fixed_20250518_185059 - INFO - Train metrics: l1_loss: 0.6441 | giou_loss: 1.1051 | total_loss: 5.4306
2025-05-18 19:29:04,300 - transvg_coordinates_fixed_20250518_185059 - INFO - Epoch 7, Batch 50/848, Loss: 4.1473
2025-05-18 19:29:04,300 - transvg_coordinates_fixed_20250518_185059 - INFO - Train metrics: l1_loss: 0.4462 | giou_loss: 0.9581 | total_loss: 4.1473
2025-05-18 19:29:22,561 - transvg_coordinates_fixed_20250518_185059 - INFO - Epoch 7, Batch 100/848, Loss: 4.0919
2025-05-18 19:29:22,561 - transvg_coordinates_fixed_20250518_185059 - INFO - Train metrics: l1_loss: 0.4600 | giou_loss: 0.8960 | total_loss: 4.0919
2025-05-18 19:29:40,857 - transvg_coordinates_fixed_20250518_185059 - INFO - Epoch 7, Batch 150/848, Loss: 3.9773
2025-05-18 19:29:40,857 - transvg_coordinates_fixed_20250518_185059 - INFO - Train metrics: l1_loss: 0.4392 | giou_loss: 0.8907 | total_loss: 3.9773
2025-05-18 19:29:59,166 - transvg_coordinates_fixed_20250518_185059 - INFO - Epoch 7, Batch 200/848, Loss: 4.5842
2025-05-18 19:29:59,166 - transvg_coordinates_fixed_20250518_185059 - INFO - Train metrics: l1_loss: 0.5141 | giou_loss: 1.0069 | total_loss: 4.5842
2025-05-18 19:30:17,490 - transvg_coordinates_fixed_20250518_185059 - INFO - Epoch 7, Batch 250/848, Loss: 4.8543
2025-05-18 19:30:17,491 - transvg_coordinates_fixed_20250518_185059 - INFO - Train metrics: l1_loss: 0.5495 | giou_loss: 1.0535 | total_loss: 4.8543
2025-05-18 19:30:35,837 - transvg_coordinates_fixed_20250518_185059 - INFO - Epoch 7, Batch 300/848, Loss: 3.9195
2025-05-18 19:30:35,837 - transvg_coordinates_fixed_20250518_185059 - INFO - Train metrics: l1_loss: 0.4210 | giou_loss: 0.9072 | total_loss: 3.9195
2025-05-18 19:30:54,232 - transvg_coordinates_fixed_20250518_185059 - INFO - Epoch 7, Batch 350/848, Loss: 4.6605
2025-05-18 19:30:54,232 - transvg_coordinates_fixed_20250518_185059 - INFO - Train metrics: l1_loss: 0.5304 | giou_loss: 1.0043 | total_loss: 4.6605
2025-05-18 19:31:12,620 - transvg_coordinates_fixed_20250518_185059 - INFO - Epoch 7, Batch 400/848, Loss: 4.2900
2025-05-18 19:31:12,620 - transvg_coordinates_fixed_20250518_185059 - INFO - Train metrics: l1_loss: 0.4746 | giou_loss: 0.9585 | total_loss: 4.2900
2025-05-18 19:31:30,940 - transvg_coordinates_fixed_20250518_185059 - INFO - Epoch 7, Batch 450/848, Loss: 4.1208
2025-05-18 19:31:30,940 - transvg_coordinates_fixed_20250518_185059 - INFO - Train metrics: l1_loss: 0.4628 | giou_loss: 0.9033 | total_loss: 4.1208
2025-05-18 19:31:49,228 - transvg_coordinates_fixed_20250518_185059 - INFO - Epoch 7, Batch 500/848, Loss: 4.3353
2025-05-18 19:31:49,229 - transvg_coordinates_fixed_20250518_185059 - INFO - Train metrics: l1_loss: 0.4803 | giou_loss: 0.9669 | total_loss: 4.3353
2025-05-18 19:32:07,589 - transvg_coordinates_fixed_20250518_185059 - INFO - Epoch 7, Batch 550/848, Loss: 4.7068
2025-05-18 19:32:07,589 - transvg_coordinates_fixed_20250518_185059 - INFO - Train metrics: l1_loss: 0.5304 | giou_loss: 1.0274 | total_loss: 4.7068
2025-05-18 19:32:25,987 - transvg_coordinates_fixed_20250518_185059 - INFO - Epoch 7, Batch 600/848, Loss: 4.8151
2025-05-18 19:32:25,987 - transvg_coordinates_fixed_20250518_185059 - INFO - Train metrics: l1_loss: 0.5210 | giou_loss: 1.1050 | total_loss: 4.8151
2025-05-18 19:32:44,355 - transvg_coordinates_fixed_20250518_185059 - INFO - Epoch 7, Batch 650/848, Loss: 4.1901
2025-05-18 19:32:44,355 - transvg_coordinates_fixed_20250518_185059 - INFO - Train metrics: l1_loss: 0.4604 | giou_loss: 0.9440 | total_loss: 4.1901
2025-05-18 19:33:02,710 - transvg_coordinates_fixed_20250518_185059 - INFO - Epoch 7, Batch 700/848, Loss: 5.0258
2025-05-18 19:33:02,710 - transvg_coordinates_fixed_20250518_185059 - INFO - Train metrics: l1_loss: 0.5851 | giou_loss: 1.0501 | total_loss: 5.0258
2025-05-18 19:33:21,067 - transvg_coordinates_fixed_20250518_185059 - INFO - Epoch 7, Batch 750/848, Loss: 4.5460
2025-05-18 19:33:21,067 - transvg_coordinates_fixed_20250518_185059 - INFO - Train metrics: l1_loss: 0.5114 | giou_loss: 0.9946 | total_loss: 4.5460
2025-05-18 19:33:39,467 - transvg_coordinates_fixed_20250518_185059 - INFO - Epoch 7, Batch 800/848, Loss: 4.8987
2025-05-18 19:33:39,468 - transvg_coordinates_fixed_20250518_185059 - INFO - Train metrics: l1_loss: 0.5562 | giou_loss: 1.0588 | total_loss: 4.8987
2025-05-18 19:33:56,842 - transvg_coordinates_fixed_20250518_185059 - INFO - Train Epoch 7, Loss: 4.3331
2025-05-18 19:34:12,993 - transvg_coordinates_fixed_20250518_185059 - INFO - Pred box sample: [66.69815063476562, 51.449180603027344, 260.5888366699219, 223.51976013183594]
2025-05-18 19:34:12,994 - transvg_coordinates_fixed_20250518_185059 - INFO - Target box sample: [207.0, 198.0, 287.0, 283.0]
2025-05-18 19:34:13,066 - transvg_coordinates_fixed_20250518_185059 - INFO - Validation Epoch 7, Loss: 4.4571
2025-05-18 19:34:13,066 - transvg_coordinates_fixed_20250518_185059 - INFO - Val metrics: Acc@0.25: 0.3206 | Acc@0.5: 0.1166 | Acc@0.75: 0.0159 | mIoU: 0.1860 | medianIoU: 0.0931 | mae_x1: 100.0670 | mae_y1: 101.9943 | mae_x2: 103.7342 | mae_y2: 96.9451 | center_x_error: 84.1387 | center_y_error: 80.7103 | width_error: 2.8377 | height_error: 2.7589 | loss: 4.4571
2025-05-18 19:34:13,698 - transvg_coordinates_fixed_20250518_185059 - INFO - Saved model checkpoint to /home/pokle/Trans-VG/visual_grounding/checkpoints/transvg_coordinates_fixed_20250518_185059_epoch7.pth
2025-05-18 19:34:13,698 - transvg_coordinates_fixed_20250518_185059 - INFO - Epoch 8/200
2025-05-18 19:34:14,777 - transvg_coordinates_fixed_20250518_185059 - INFO - Epoch 8, Batch 0/848, Loss: 4.3395
2025-05-18 19:34:14,777 - transvg_coordinates_fixed_20250518_185059 - INFO - Train metrics: l1_loss: 0.4885 | giou_loss: 0.9485 | total_loss: 4.3395
2025-05-18 19:34:32,945 - transvg_coordinates_fixed_20250518_185059 - INFO - Epoch 8, Batch 50/848, Loss: 3.6612
2025-05-18 19:34:32,945 - transvg_coordinates_fixed_20250518_185059 - INFO - Train metrics: l1_loss: 0.3761 | giou_loss: 0.8903 | total_loss: 3.6612
2025-05-18 19:34:51,266 - transvg_coordinates_fixed_20250518_185059 - INFO - Epoch 8, Batch 100/848, Loss: 3.8387
2025-05-18 19:34:51,267 - transvg_coordinates_fixed_20250518_185059 - INFO - Train metrics: l1_loss: 0.4097 | giou_loss: 0.8952 | total_loss: 3.8387
2025-05-18 19:35:09,652 - transvg_coordinates_fixed_20250518_185059 - INFO - Epoch 8, Batch 150/848, Loss: 4.2589
2025-05-18 19:35:09,652 - transvg_coordinates_fixed_20250518_185059 - INFO - Train metrics: l1_loss: 0.4633 | giou_loss: 0.9712 | total_loss: 4.2589
2025-05-18 19:35:28,034 - transvg_coordinates_fixed_20250518_185059 - INFO - Epoch 8, Batch 200/848, Loss: 4.3059
2025-05-18 19:35:28,034 - transvg_coordinates_fixed_20250518_185059 - INFO - Train metrics: l1_loss: 0.4843 | giou_loss: 0.9421 | total_loss: 4.3059
2025-05-18 19:35:46,338 - transvg_coordinates_fixed_20250518_185059 - INFO - Epoch 8, Batch 250/848, Loss: 3.7970
2025-05-18 19:35:46,338 - transvg_coordinates_fixed_20250518_185059 - INFO - Train metrics: l1_loss: 0.3895 | giou_loss: 0.9249 | total_loss: 3.7970
2025-05-18 19:36:04,715 - transvg_coordinates_fixed_20250518_185059 - INFO - Epoch 8, Batch 300/848, Loss: 4.1918
2025-05-18 19:36:04,715 - transvg_coordinates_fixed_20250518_185059 - INFO - Train metrics: l1_loss: 0.4538 | giou_loss: 0.9615 | total_loss: 4.1918
2025-05-18 19:36:23,025 - transvg_coordinates_fixed_20250518_185059 - INFO - Epoch 8, Batch 350/848, Loss: 4.4275
2025-05-18 19:36:23,025 - transvg_coordinates_fixed_20250518_185059 - INFO - Train metrics: l1_loss: 0.4857 | giou_loss: 0.9994 | total_loss: 4.4275
2025-05-18 19:36:41,313 - transvg_coordinates_fixed_20250518_185059 - INFO - Epoch 8, Batch 400/848, Loss: 4.2586
2025-05-18 19:36:41,314 - transvg_coordinates_fixed_20250518_185059 - INFO - Train metrics: l1_loss: 0.4766 | giou_loss: 0.9378 | total_loss: 4.2586
2025-05-18 19:36:59,682 - transvg_coordinates_fixed_20250518_185059 - INFO - Epoch 8, Batch 450/848, Loss: 4.2169
2025-05-18 19:36:59,682 - transvg_coordinates_fixed_20250518_185059 - INFO - Train metrics: l1_loss: 0.4642 | giou_loss: 0.9479 | total_loss: 4.2169
2025-05-18 19:37:18,081 - transvg_coordinates_fixed_20250518_185059 - INFO - Epoch 8, Batch 500/848, Loss: 5.1172
2025-05-18 19:37:18,081 - transvg_coordinates_fixed_20250518_185059 - INFO - Train metrics: l1_loss: 0.5862 | giou_loss: 1.0932 | total_loss: 5.1172
2025-05-18 19:37:36,389 - transvg_coordinates_fixed_20250518_185059 - INFO - Epoch 8, Batch 550/848, Loss: 4.0704
2025-05-18 19:37:36,389 - transvg_coordinates_fixed_20250518_185059 - INFO - Train metrics: l1_loss: 0.4558 | giou_loss: 0.8956 | total_loss: 4.0704
2025-05-18 19:37:54,653 - transvg_coordinates_fixed_20250518_185059 - INFO - Epoch 8, Batch 600/848, Loss: 3.9357
2025-05-18 19:37:54,653 - transvg_coordinates_fixed_20250518_185059 - INFO - Train metrics: l1_loss: 0.4125 | giou_loss: 0.9365 | total_loss: 3.9357
2025-05-18 19:38:12,888 - transvg_coordinates_fixed_20250518_185059 - INFO - Epoch 8, Batch 650/848, Loss: 4.2645
2025-05-18 19:38:12,888 - transvg_coordinates_fixed_20250518_185059 - INFO - Train metrics: l1_loss: 0.4685 | giou_loss: 0.9610 | total_loss: 4.2645
2025-05-18 19:38:31,205 - transvg_coordinates_fixed_20250518_185059 - INFO - Epoch 8, Batch 700/848, Loss: 4.3221
2025-05-18 19:38:31,206 - transvg_coordinates_fixed_20250518_185059 - INFO - Train metrics: l1_loss: 0.4657 | giou_loss: 0.9967 | total_loss: 4.3221
2025-05-18 19:38:49,561 - transvg_coordinates_fixed_20250518_185059 - INFO - Epoch 8, Batch 750/848, Loss: 3.8302
2025-05-18 19:38:49,561 - transvg_coordinates_fixed_20250518_185059 - INFO - Train metrics: l1_loss: 0.3997 | giou_loss: 0.9157 | total_loss: 3.8302
2025-05-18 19:39:07,887 - transvg_coordinates_fixed_20250518_185059 - INFO - Epoch 8, Batch 800/848, Loss: 4.5019
2025-05-18 19:39:07,888 - transvg_coordinates_fixed_20250518_185059 - INFO - Train metrics: l1_loss: 0.4982 | giou_loss: 1.0054 | total_loss: 4.5019
2025-05-18 19:39:25,132 - transvg_coordinates_fixed_20250518_185059 - INFO - Train Epoch 8, Loss: 4.3175
2025-05-18 19:39:41,511 - transvg_coordinates_fixed_20250518_185059 - INFO - Pred box sample: [46.84199523925781, 78.44771575927734, 216.0472869873047, 235.9375457763672]
2025-05-18 19:39:41,511 - transvg_coordinates_fixed_20250518_185059 - INFO - Target box sample: [207.0, 198.0, 287.0, 283.0]
2025-05-18 19:39:41,583 - transvg_coordinates_fixed_20250518_185059 - INFO - Validation Epoch 8, Loss: 4.4413
2025-05-18 19:39:41,583 - transvg_coordinates_fixed_20250518_185059 - INFO - Val metrics: Acc@0.25: 0.3201 | Acc@0.5: 0.1214 | Acc@0.75: 0.0151 | mIoU: 0.1866 | medianIoU: 0.0893 | mae_x1: 103.4413 | mae_y1: 97.0875 | mae_x2: 100.0908 | mae_y2: 94.8541 | center_x_error: 86.2138 | center_y_error: 78.6029 | width_error: 2.5802 | height_error: 2.5741 | loss: 4.4413
2025-05-18 19:39:42,228 - transvg_coordinates_fixed_20250518_185059 - INFO - Saved model checkpoint to /home/pokle/Trans-VG/visual_grounding/checkpoints/transvg_coordinates_fixed_20250518_185059_epoch8.pth
2025-05-18 19:39:42,229 - transvg_coordinates_fixed_20250518_185059 - INFO - Epoch 9/200
2025-05-18 19:39:43,311 - transvg_coordinates_fixed_20250518_185059 - INFO - Epoch 9, Batch 0/848, Loss: 3.5288
2025-05-18 19:39:43,311 - transvg_coordinates_fixed_20250518_185059 - INFO - Train metrics: l1_loss: 0.3645 | giou_loss: 0.8533 | total_loss: 3.5288
2025-05-18 19:40:01,457 - transvg_coordinates_fixed_20250518_185059 - INFO - Epoch 9, Batch 50/848, Loss: 4.5024
2025-05-18 19:40:01,457 - transvg_coordinates_fixed_20250518_185059 - INFO - Train metrics: l1_loss: 0.5194 | giou_loss: 0.9526 | total_loss: 4.5024
2025-05-18 19:40:19,716 - transvg_coordinates_fixed_20250518_185059 - INFO - Epoch 9, Batch 100/848, Loss: 4.2898
2025-05-18 19:40:19,716 - transvg_coordinates_fixed_20250518_185059 - INFO - Train metrics: l1_loss: 0.4818 | giou_loss: 0.9403 | total_loss: 4.2898
2025-05-18 19:40:37,992 - transvg_coordinates_fixed_20250518_185059 - INFO - Epoch 9, Batch 150/848, Loss: 4.2190
2025-05-18 19:40:37,992 - transvg_coordinates_fixed_20250518_185059 - INFO - Train metrics: l1_loss: 0.4545 | giou_loss: 0.9734 | total_loss: 4.2190
2025-05-18 19:40:56,204 - transvg_coordinates_fixed_20250518_185059 - INFO - Epoch 9, Batch 200/848, Loss: 4.3951
2025-05-18 19:40:56,204 - transvg_coordinates_fixed_20250518_185059 - INFO - Train metrics: l1_loss: 0.4657 | giou_loss: 1.0334 | total_loss: 4.3951
2025-05-18 19:41:14,482 - transvg_coordinates_fixed_20250518_185059 - INFO - Epoch 9, Batch 250/848, Loss: 4.1300
2025-05-18 19:41:14,482 - transvg_coordinates_fixed_20250518_185059 - INFO - Train metrics: l1_loss: 0.4169 | giou_loss: 1.0228 | total_loss: 4.1300
2025-05-18 19:41:32,893 - transvg_coordinates_fixed_20250518_185059 - INFO - Epoch 9, Batch 300/848, Loss: 4.4202
2025-05-18 19:41:32,893 - transvg_coordinates_fixed_20250518_185059 - INFO - Train metrics: l1_loss: 0.4938 | giou_loss: 0.9756 | total_loss: 4.4202
2025-05-18 19:41:51,235 - transvg_coordinates_fixed_20250518_185059 - INFO - Epoch 9, Batch 350/848, Loss: 4.1660
2025-05-18 19:41:51,235 - transvg_coordinates_fixed_20250518_185059 - INFO - Train metrics: l1_loss: 0.4600 | giou_loss: 0.9329 | total_loss: 4.1660
2025-05-18 19:42:09,642 - transvg_coordinates_fixed_20250518_185059 - INFO - Epoch 9, Batch 400/848, Loss: 4.9202
2025-05-18 19:42:09,642 - transvg_coordinates_fixed_20250518_185059 - INFO - Train metrics: l1_loss: 0.5744 | giou_loss: 1.0242 | total_loss: 4.9202
2025-05-18 19:42:28,014 - transvg_coordinates_fixed_20250518_185059 - INFO - Epoch 9, Batch 450/848, Loss: 4.3378
2025-05-18 19:42:28,014 - transvg_coordinates_fixed_20250518_185059 - INFO - Train metrics: l1_loss: 0.4827 | giou_loss: 0.9622 | total_loss: 4.3378
2025-05-18 19:42:46,451 - transvg_coordinates_fixed_20250518_185059 - INFO - Epoch 9, Batch 500/848, Loss: 4.7926
2025-05-18 19:42:46,451 - transvg_coordinates_fixed_20250518_185059 - INFO - Train metrics: l1_loss: 0.5343 | giou_loss: 1.0606 | total_loss: 4.7926
2025-05-18 19:43:04,870 - transvg_coordinates_fixed_20250518_185059 - INFO - Epoch 9, Batch 550/848, Loss: 3.6818
2025-05-18 19:43:04,871 - transvg_coordinates_fixed_20250518_185059 - INFO - Train metrics: l1_loss: 0.3931 | giou_loss: 0.8580 | total_loss: 3.6818
2025-05-18 19:43:23,156 - transvg_coordinates_fixed_20250518_185059 - INFO - Epoch 9, Batch 600/848, Loss: 4.2744
2025-05-18 19:43:23,157 - transvg_coordinates_fixed_20250518_185059 - INFO - Train metrics: l1_loss: 0.4979 | giou_loss: 0.8925 | total_loss: 4.2744
2025-05-18 19:43:41,464 - transvg_coordinates_fixed_20250518_185059 - INFO - Epoch 9, Batch 650/848, Loss: 4.7251
2025-05-18 19:43:41,464 - transvg_coordinates_fixed_20250518_185059 - INFO - Train metrics: l1_loss: 0.5296 | giou_loss: 1.0385 | total_loss: 4.7251
2025-05-18 19:43:59,732 - transvg_coordinates_fixed_20250518_185059 - INFO - Epoch 9, Batch 700/848, Loss: 4.3701
2025-05-18 19:43:59,732 - transvg_coordinates_fixed_20250518_185059 - INFO - Train metrics: l1_loss: 0.4805 | giou_loss: 0.9837 | total_loss: 4.3701
2025-05-18 19:44:17,965 - transvg_coordinates_fixed_20250518_185059 - INFO - Epoch 9, Batch 750/848, Loss: 4.3334
2025-05-18 19:44:17,965 - transvg_coordinates_fixed_20250518_185059 - INFO - Train metrics: l1_loss: 0.4869 | giou_loss: 0.9495 | total_loss: 4.3334
2025-05-18 19:44:36,248 - transvg_coordinates_fixed_20250518_185059 - INFO - Epoch 9, Batch 800/848, Loss: 4.1540
2025-05-18 19:44:36,248 - transvg_coordinates_fixed_20250518_185059 - INFO - Train metrics: l1_loss: 0.4663 | giou_loss: 0.9113 | total_loss: 4.1540
2025-05-18 19:44:53,395 - transvg_coordinates_fixed_20250518_185059 - INFO - Train Epoch 9, Loss: 4.2993
2025-05-18 19:45:09,767 - transvg_coordinates_fixed_20250518_185059 - INFO - Pred box sample: [55.315895080566406, 74.61058807373047, 194.47715759277344, 268.6576843261719]
2025-05-18 19:45:09,767 - transvg_coordinates_fixed_20250518_185059 - INFO - Target box sample: [207.0, 198.0, 287.0, 283.0]
2025-05-18 19:45:09,837 - transvg_coordinates_fixed_20250518_185059 - INFO - Validation Epoch 9, Loss: 4.5350
2025-05-18 19:45:09,837 - transvg_coordinates_fixed_20250518_185059 - INFO - Val metrics: Acc@0.25: 0.3023 | Acc@0.5: 0.1097 | Acc@0.75: 0.0138 | mIoU: 0.1770 | medianIoU: 0.0848 | mae_x1: 103.0858 | mae_y1: 102.0743 | mae_x2: 102.3236 | mae_y2: 99.0866 | center_x_error: 86.7985 | center_y_error: 81.5498 | width_error: 2.5029 | height_error: 2.7110 | loss: 4.5350
2025-05-18 19:45:10,459 - transvg_coordinates_fixed_20250518_185059 - INFO - Saved model checkpoint to /home/pokle/Trans-VG/visual_grounding/checkpoints/transvg_coordinates_fixed_20250518_185059_epoch9.pth
2025-05-18 19:45:10,459 - transvg_coordinates_fixed_20250518_185059 - INFO - Epoch 10/200
2025-05-18 19:45:11,514 - transvg_coordinates_fixed_20250518_185059 - INFO - Epoch 10, Batch 0/848, Loss: 4.3758
2025-05-18 19:45:11,514 - transvg_coordinates_fixed_20250518_185059 - INFO - Train metrics: l1_loss: 0.4854 | giou_loss: 0.9744 | total_loss: 4.3758
2025-05-18 19:45:29,615 - transvg_coordinates_fixed_20250518_185059 - INFO - Epoch 10, Batch 50/848, Loss: 4.7409
2025-05-18 19:45:29,615 - transvg_coordinates_fixed_20250518_185059 - INFO - Train metrics: l1_loss: 0.5245 | giou_loss: 1.0592 | total_loss: 4.7409
2025-05-18 19:45:47,842 - transvg_coordinates_fixed_20250518_185059 - INFO - Epoch 10, Batch 100/848, Loss: 4.6685
2025-05-18 19:45:47,842 - transvg_coordinates_fixed_20250518_185059 - INFO - Train metrics: l1_loss: 0.5348 | giou_loss: 0.9973 | total_loss: 4.6685
2025-05-18 19:46:06,195 - transvg_coordinates_fixed_20250518_185059 - INFO - Epoch 10, Batch 150/848, Loss: 4.6573
2025-05-18 19:46:06,195 - transvg_coordinates_fixed_20250518_185059 - INFO - Train metrics: l1_loss: 0.5457 | giou_loss: 0.9643 | total_loss: 4.6573
2025-05-18 19:46:24,605 - transvg_coordinates_fixed_20250518_185059 - INFO - Epoch 10, Batch 200/848, Loss: 4.1384
2025-05-18 19:46:24,605 - transvg_coordinates_fixed_20250518_185059 - INFO - Train metrics: l1_loss: 0.4629 | giou_loss: 0.9120 | total_loss: 4.1384
2025-05-18 19:46:42,854 - transvg_coordinates_fixed_20250518_185059 - INFO - Epoch 10, Batch 250/848, Loss: 4.6102
2025-05-18 19:46:42,854 - transvg_coordinates_fixed_20250518_185059 - INFO - Train metrics: l1_loss: 0.5242 | giou_loss: 0.9946 | total_loss: 4.6102
2025-05-18 19:47:01,097 - transvg_coordinates_fixed_20250518_185059 - INFO - Epoch 10, Batch 300/848, Loss: 4.5573
2025-05-18 19:47:01,097 - transvg_coordinates_fixed_20250518_185059 - INFO - Train metrics: l1_loss: 0.5351 | giou_loss: 0.9410 | total_loss: 4.5573
2025-05-18 19:47:19,316 - transvg_coordinates_fixed_20250518_185059 - INFO - Epoch 10, Batch 350/848, Loss: 4.2817
2025-05-18 19:47:19,316 - transvg_coordinates_fixed_20250518_185059 - INFO - Train metrics: l1_loss: 0.4588 | giou_loss: 0.9939 | total_loss: 4.2817
2025-05-18 19:47:37,577 - transvg_coordinates_fixed_20250518_185059 - INFO - Epoch 10, Batch 400/848, Loss: 4.2952
2025-05-18 19:47:37,577 - transvg_coordinates_fixed_20250518_185059 - INFO - Train metrics: l1_loss: 0.4760 | giou_loss: 0.9576 | total_loss: 4.2952
2025-05-18 19:47:55,838 - transvg_coordinates_fixed_20250518_185059 - INFO - Epoch 10, Batch 450/848, Loss: 4.2316
2025-05-18 19:47:55,839 - transvg_coordinates_fixed_20250518_185059 - INFO - Train metrics: l1_loss: 0.4583 | giou_loss: 0.9699 | total_loss: 4.2316
2025-05-18 19:48:14,045 - transvg_coordinates_fixed_20250518_185059 - INFO - Epoch 10, Batch 500/848, Loss: 4.2998
2025-05-18 19:48:14,045 - transvg_coordinates_fixed_20250518_185059 - INFO - Train metrics: l1_loss: 0.4407 | giou_loss: 1.0480 | total_loss: 4.2998
2025-05-18 19:48:32,332 - transvg_coordinates_fixed_20250518_185059 - INFO - Epoch 10, Batch 550/848, Loss: 4.5504
2025-05-18 19:48:32,332 - transvg_coordinates_fixed_20250518_185059 - INFO - Train metrics: l1_loss: 0.5079 | giou_loss: 1.0054 | total_loss: 4.5504
2025-05-18 19:48:50,555 - transvg_coordinates_fixed_20250518_185059 - INFO - Epoch 10, Batch 600/848, Loss: 4.8209
2025-05-18 19:48:50,555 - transvg_coordinates_fixed_20250518_185059 - INFO - Train metrics: l1_loss: 0.5534 | giou_loss: 1.0269 | total_loss: 4.8209
2025-05-18 19:49:08,821 - transvg_coordinates_fixed_20250518_185059 - INFO - Epoch 10, Batch 650/848, Loss: 4.6459
2025-05-18 19:49:08,821 - transvg_coordinates_fixed_20250518_185059 - INFO - Train metrics: l1_loss: 0.5291 | giou_loss: 1.0002 | total_loss: 4.6459
2025-05-18 19:49:27,096 - transvg_coordinates_fixed_20250518_185059 - INFO - Epoch 10, Batch 700/848, Loss: 4.5505
2025-05-18 19:49:27,096 - transvg_coordinates_fixed_20250518_185059 - INFO - Train metrics: l1_loss: 0.5203 | giou_loss: 0.9745 | total_loss: 4.5505
2025-05-18 19:49:45,501 - transvg_coordinates_fixed_20250518_185059 - INFO - Epoch 10, Batch 750/848, Loss: 3.6793
2025-05-18 19:49:45,501 - transvg_coordinates_fixed_20250518_185059 - INFO - Train metrics: l1_loss: 0.3792 | giou_loss: 0.8916 | total_loss: 3.6793
2025-05-18 19:50:03,798 - transvg_coordinates_fixed_20250518_185059 - INFO - Epoch 10, Batch 800/848, Loss: 4.6647
2025-05-18 19:50:03,798 - transvg_coordinates_fixed_20250518_185059 - INFO - Train metrics: l1_loss: 0.5066 | giou_loss: 1.0658 | total_loss: 4.6647
2025-05-18 19:50:20,987 - transvg_coordinates_fixed_20250518_185059 - INFO - Train Epoch 10, Loss: 4.2750
2025-05-18 19:50:37,426 - transvg_coordinates_fixed_20250518_185059 - INFO - Pred box sample: [75.47208404541016, 59.733985900878906, 226.70318603515625, 221.58042907714844]
2025-05-18 19:50:37,427 - transvg_coordinates_fixed_20250518_185059 - INFO - Target box sample: [207.0, 198.0, 287.0, 283.0]
2025-05-18 19:50:37,502 - transvg_coordinates_fixed_20250518_185059 - INFO - Validation Epoch 10, Loss: 4.5125
2025-05-18 19:50:37,502 - transvg_coordinates_fixed_20250518_185059 - INFO - Val metrics: Acc@0.25: 0.3153 | Acc@0.5: 0.1121 | Acc@0.75: 0.0159 | mIoU: 0.1818 | medianIoU: 0.0825 | mae_x1: 103.9697 | mae_y1: 103.3644 | mae_x2: 99.9808 | mae_y2: 94.5731 | center_x_error: 86.9186 | center_y_error: 81.4620 | width_error: 2.4655 | height_error: 2.5650 | loss: 4.5125
2025-05-18 19:50:38,119 - transvg_coordinates_fixed_20250518_185059 - INFO - Saved model checkpoint to /home/pokle/Trans-VG/visual_grounding/checkpoints/transvg_coordinates_fixed_20250518_185059_epoch10.pth
2025-05-18 19:50:38,120 - transvg_coordinates_fixed_20250518_185059 - INFO - Epoch 11/200
2025-05-18 19:50:39,116 - transvg_coordinates_fixed_20250518_185059 - INFO - Epoch 11, Batch 0/848, Loss: 4.7283
2025-05-18 19:50:39,116 - transvg_coordinates_fixed_20250518_185059 - INFO - Train metrics: l1_loss: 0.5364 | giou_loss: 1.0231 | total_loss: 4.7283
2025-05-18 19:50:57,366 - transvg_coordinates_fixed_20250518_185059 - INFO - Epoch 11, Batch 50/848, Loss: 4.3605
2025-05-18 19:50:57,366 - transvg_coordinates_fixed_20250518_185059 - INFO - Train metrics: l1_loss: 0.4789 | giou_loss: 0.9831 | total_loss: 4.3605
2025-05-18 19:51:15,661 - transvg_coordinates_fixed_20250518_185059 - INFO - Epoch 11, Batch 100/848, Loss: 4.4594
2025-05-18 19:51:15,661 - transvg_coordinates_fixed_20250518_185059 - INFO - Train metrics: l1_loss: 0.4958 | giou_loss: 0.9901 | total_loss: 4.4594
2025-05-18 19:51:33,995 - transvg_coordinates_fixed_20250518_185059 - INFO - Epoch 11, Batch 150/848, Loss: 4.0836
2025-05-18 19:51:33,995 - transvg_coordinates_fixed_20250518_185059 - INFO - Train metrics: l1_loss: 0.4455 | giou_loss: 0.9279 | total_loss: 4.0836
2025-05-18 19:51:52,344 - transvg_coordinates_fixed_20250518_185059 - INFO - Epoch 11, Batch 200/848, Loss: 4.5340
2025-05-18 19:51:52,344 - transvg_coordinates_fixed_20250518_185059 - INFO - Train metrics: l1_loss: 0.5144 | giou_loss: 0.9811 | total_loss: 4.5340
2025-05-18 19:52:10,737 - transvg_coordinates_fixed_20250518_185059 - INFO - Epoch 11, Batch 250/848, Loss: 3.7890
2025-05-18 19:52:10,737 - transvg_coordinates_fixed_20250518_185059 - INFO - Train metrics: l1_loss: 0.3805 | giou_loss: 0.9432 | total_loss: 3.7890
2025-05-18 19:52:29,121 - transvg_coordinates_fixed_20250518_185059 - INFO - Epoch 11, Batch 300/848, Loss: 3.7438
2025-05-18 19:52:29,121 - transvg_coordinates_fixed_20250518_185059 - INFO - Train metrics: l1_loss: 0.3569 | giou_loss: 0.9796 | total_loss: 3.7438
2025-05-18 19:52:47,471 - transvg_coordinates_fixed_20250518_185059 - INFO - Epoch 11, Batch 350/848, Loss: 4.0551
2025-05-18 19:52:47,472 - transvg_coordinates_fixed_20250518_185059 - INFO - Train metrics: l1_loss: 0.4479 | giou_loss: 0.9079 | total_loss: 4.0551
2025-05-18 19:53:05,757 - transvg_coordinates_fixed_20250518_185059 - INFO - Epoch 11, Batch 400/848, Loss: 4.7751
2025-05-18 19:53:05,757 - transvg_coordinates_fixed_20250518_185059 - INFO - Train metrics: l1_loss: 0.5274 | giou_loss: 1.0689 | total_loss: 4.7751
2025-05-18 19:53:24,115 - transvg_coordinates_fixed_20250518_185059 - INFO - Epoch 11, Batch 450/848, Loss: 5.0369
2025-05-18 19:53:24,115 - transvg_coordinates_fixed_20250518_185059 - INFO - Train metrics: l1_loss: 0.5654 | giou_loss: 1.1049 | total_loss: 5.0369
2025-05-18 19:53:42,458 - transvg_coordinates_fixed_20250518_185059 - INFO - Epoch 11, Batch 500/848, Loss: 4.6386
2025-05-18 19:53:42,458 - transvg_coordinates_fixed_20250518_185059 - INFO - Train metrics: l1_loss: 0.5290 | giou_loss: 0.9968 | total_loss: 4.6386
2025-05-18 19:54:00,795 - transvg_coordinates_fixed_20250518_185059 - INFO - Epoch 11, Batch 550/848, Loss: 4.1794
2025-05-18 19:54:00,795 - transvg_coordinates_fixed_20250518_185059 - INFO - Train metrics: l1_loss: 0.4431 | giou_loss: 0.9819 | total_loss: 4.1794
2025-05-18 19:54:19,148 - transvg_coordinates_fixed_20250518_185059 - INFO - Epoch 11, Batch 600/848, Loss: 4.6289
2025-05-18 19:54:19,149 - transvg_coordinates_fixed_20250518_185059 - INFO - Train metrics: l1_loss: 0.5237 | giou_loss: 1.0051 | total_loss: 4.6289
2025-05-18 19:54:37,548 - transvg_coordinates_fixed_20250518_185059 - INFO - Epoch 11, Batch 650/848, Loss: 4.9210
2025-05-18 19:54:37,548 - transvg_coordinates_fixed_20250518_185059 - INFO - Train metrics: l1_loss: 0.5704 | giou_loss: 1.0346 | total_loss: 4.9210
2025-05-18 19:54:55,893 - transvg_coordinates_fixed_20250518_185059 - INFO - Epoch 11, Batch 700/848, Loss: 4.7931
2025-05-18 19:54:55,893 - transvg_coordinates_fixed_20250518_185059 - INFO - Train metrics: l1_loss: 0.5378 | giou_loss: 1.0522 | total_loss: 4.7931
2025-05-18 19:55:14,275 - transvg_coordinates_fixed_20250518_185059 - INFO - Epoch 11, Batch 750/848, Loss: 4.5377
2025-05-18 19:55:14,275 - transvg_coordinates_fixed_20250518_185059 - INFO - Train metrics: l1_loss: 0.4971 | giou_loss: 1.0262 | total_loss: 4.5377
2025-05-18 19:55:32,687 - transvg_coordinates_fixed_20250518_185059 - INFO - Epoch 11, Batch 800/848, Loss: 4.3502
2025-05-18 19:55:32,688 - transvg_coordinates_fixed_20250518_185059 - INFO - Train metrics: l1_loss: 0.4583 | giou_loss: 1.0294 | total_loss: 4.3502
2025-05-18 19:55:50,030 - transvg_coordinates_fixed_20250518_185059 - INFO - Train Epoch 11, Loss: 4.2555
2025-05-18 19:56:06,124 - transvg_coordinates_fixed_20250518_185059 - INFO - Pred box sample: [85.43531036376953, 83.92766571044922, 263.67401123046875, 225.7311553955078]
2025-05-18 19:56:06,124 - transvg_coordinates_fixed_20250518_185059 - INFO - Target box sample: [207.0, 198.0, 287.0, 283.0]
2025-05-18 19:56:06,215 - transvg_coordinates_fixed_20250518_185059 - INFO - Validation Epoch 11, Loss: 4.4668
2025-05-18 19:56:06,215 - transvg_coordinates_fixed_20250518_185059 - INFO - Val metrics: Acc@0.25: 0.3190 | Acc@0.5: 0.1185 | Acc@0.75: 0.0189 | mIoU: 0.1854 | medianIoU: 0.0854 | mae_x1: 100.2074 | mae_y1: 98.1363 | mae_x2: 101.2795 | mae_y2: 96.1022 | center_x_error: 84.5990 | center_y_error: 81.2106 | width_error: 2.5957 | height_error: 2.3385 | loss: 4.4668
2025-05-18 19:56:06,841 - transvg_coordinates_fixed_20250518_185059 - INFO - Saved model checkpoint to /home/pokle/Trans-VG/visual_grounding/checkpoints/transvg_coordinates_fixed_20250518_185059_epoch11.pth
2025-05-18 19:56:06,842 - transvg_coordinates_fixed_20250518_185059 - INFO - Epoch 12/200
2025-05-18 19:56:07,903 - transvg_coordinates_fixed_20250518_185059 - INFO - Epoch 12, Batch 0/848, Loss: 4.1595
2025-05-18 19:56:07,903 - transvg_coordinates_fixed_20250518_185059 - INFO - Train metrics: l1_loss: 0.4507 | giou_loss: 0.9530 | total_loss: 4.1595
2025-05-18 19:56:26,198 - transvg_coordinates_fixed_20250518_185059 - INFO - Epoch 12, Batch 50/848, Loss: 3.8011
2025-05-18 19:56:26,199 - transvg_coordinates_fixed_20250518_185059 - INFO - Train metrics: l1_loss: 0.4099 | giou_loss: 0.8759 | total_loss: 3.8011
2025-05-18 19:56:44,535 - transvg_coordinates_fixed_20250518_185059 - INFO - Epoch 12, Batch 100/848, Loss: 3.8962
2025-05-18 19:56:44,535 - transvg_coordinates_fixed_20250518_185059 - INFO - Train metrics: l1_loss: 0.4215 | giou_loss: 0.8943 | total_loss: 3.8962
2025-05-18 19:57:02,895 - transvg_coordinates_fixed_20250518_185059 - INFO - Epoch 12, Batch 150/848, Loss: 4.8058
2025-05-18 19:57:02,896 - transvg_coordinates_fixed_20250518_185059 - INFO - Train metrics: l1_loss: 0.5671 | giou_loss: 0.9853 | total_loss: 4.8058
2025-05-18 19:57:21,283 - transvg_coordinates_fixed_20250518_185059 - INFO - Epoch 12, Batch 200/848, Loss: 4.0314
2025-05-18 19:57:21,283 - transvg_coordinates_fixed_20250518_185059 - INFO - Train metrics: l1_loss: 0.4364 | giou_loss: 0.9246 | total_loss: 4.0314
2025-05-18 19:57:39,726 - transvg_coordinates_fixed_20250518_185059 - INFO - Epoch 12, Batch 250/848, Loss: 3.9087
2025-05-18 19:57:39,726 - transvg_coordinates_fixed_20250518_185059 - INFO - Train metrics: l1_loss: 0.4192 | giou_loss: 0.9063 | total_loss: 3.9087
2025-05-18 19:57:58,152 - transvg_coordinates_fixed_20250518_185059 - INFO - Epoch 12, Batch 300/848, Loss: 4.0899
2025-05-18 19:57:58,152 - transvg_coordinates_fixed_20250518_185059 - INFO - Train metrics: l1_loss: 0.4477 | giou_loss: 0.9256 | total_loss: 4.0899
2025-05-18 19:58:16,534 - transvg_coordinates_fixed_20250518_185059 - INFO - Epoch 12, Batch 350/848, Loss: 3.8249
2025-05-18 19:58:16,534 - transvg_coordinates_fixed_20250518_185059 - INFO - Train metrics: l1_loss: 0.3951 | giou_loss: 0.9247 | total_loss: 3.8249
2025-05-18 19:58:34,920 - transvg_coordinates_fixed_20250518_185059 - INFO - Epoch 12, Batch 400/848, Loss: 3.8522
2025-05-18 19:58:34,920 - transvg_coordinates_fixed_20250518_185059 - INFO - Train metrics: l1_loss: 0.4293 | giou_loss: 0.8528 | total_loss: 3.8522
2025-05-18 19:58:53,378 - transvg_coordinates_fixed_20250518_185059 - INFO - Epoch 12, Batch 450/848, Loss: 4.6800
2025-05-18 19:58:53,378 - transvg_coordinates_fixed_20250518_185059 - INFO - Train metrics: l1_loss: 0.5190 | giou_loss: 1.0424 | total_loss: 4.6800
2025-05-18 19:59:11,855 - transvg_coordinates_fixed_20250518_185059 - INFO - Epoch 12, Batch 500/848, Loss: 3.6887
2025-05-18 19:59:11,855 - transvg_coordinates_fixed_20250518_185059 - INFO - Train metrics: l1_loss: 0.3893 | giou_loss: 0.8710 | total_loss: 3.6887
2025-05-18 19:59:30,246 - transvg_coordinates_fixed_20250518_185059 - INFO - Epoch 12, Batch 550/848, Loss: 4.1163
2025-05-18 19:59:30,246 - transvg_coordinates_fixed_20250518_185059 - INFO - Train metrics: l1_loss: 0.4253 | giou_loss: 0.9948 | total_loss: 4.1163
2025-05-18 19:59:48,637 - transvg_coordinates_fixed_20250518_185059 - INFO - Epoch 12, Batch 600/848, Loss: 4.7014
2025-05-18 19:59:48,637 - transvg_coordinates_fixed_20250518_185059 - INFO - Train metrics: l1_loss: 0.5344 | giou_loss: 1.0147 | total_loss: 4.7014
2025-05-18 20:00:07,065 - transvg_coordinates_fixed_20250518_185059 - INFO - Epoch 12, Batch 650/848, Loss: 4.4614
2025-05-18 20:00:07,065 - transvg_coordinates_fixed_20250518_185059 - INFO - Train metrics: l1_loss: 0.4815 | giou_loss: 1.0270 | total_loss: 4.4614
2025-05-18 20:00:25,479 - transvg_coordinates_fixed_20250518_185059 - INFO - Epoch 12, Batch 700/848, Loss: 4.2662
2025-05-18 20:00:25,479 - transvg_coordinates_fixed_20250518_185059 - INFO - Train metrics: l1_loss: 0.4873 | giou_loss: 0.9150 | total_loss: 4.2662
2025-05-18 20:00:43,942 - transvg_coordinates_fixed_20250518_185059 - INFO - Epoch 12, Batch 750/848, Loss: 3.7642
2025-05-18 20:00:43,943 - transvg_coordinates_fixed_20250518_185059 - INFO - Train metrics: l1_loss: 0.3971 | giou_loss: 0.8895 | total_loss: 3.7642
2025-05-18 20:01:02,390 - transvg_coordinates_fixed_20250518_185059 - INFO - Epoch 12, Batch 800/848, Loss: 4.1226
2025-05-18 20:01:02,391 - transvg_coordinates_fixed_20250518_185059 - INFO - Train metrics: l1_loss: 0.4547 | giou_loss: 0.9247 | total_loss: 4.1226
2025-05-18 20:01:19,712 - transvg_coordinates_fixed_20250518_185059 - INFO - Train Epoch 12, Loss: 4.2355
2025-05-18 20:01:35,770 - transvg_coordinates_fixed_20250518_185059 - INFO - Pred box sample: [84.2210922241211, 71.30020904541016, 272.49261474609375, 223.58270263671875]
2025-05-18 20:01:35,770 - transvg_coordinates_fixed_20250518_185059 - INFO - Target box sample: [207.0, 198.0, 287.0, 283.0]
2025-05-18 20:01:35,845 - transvg_coordinates_fixed_20250518_185059 - INFO - Validation Epoch 12, Loss: 4.5051
2025-05-18 20:01:35,846 - transvg_coordinates_fixed_20250518_185059 - INFO - Val metrics: Acc@0.25: 0.3137 | Acc@0.5: 0.1203 | Acc@0.75: 0.0151 | mIoU: 0.1838 | medianIoU: 0.0829 | mae_x1: 101.6341 | mae_y1: 101.4289 | mae_x2: 102.3684 | mae_y2: 96.4809 | center_x_error: 85.8432 | center_y_error: 83.7717 | width_error: 2.6330 | height_error: 2.3501 | loss: 4.5051
2025-05-18 20:01:36,463 - transvg_coordinates_fixed_20250518_185059 - INFO - Saved model checkpoint to /home/pokle/Trans-VG/visual_grounding/checkpoints/transvg_coordinates_fixed_20250518_185059_epoch12.pth
2025-05-18 20:01:36,464 - transvg_coordinates_fixed_20250518_185059 - INFO - Epoch 13/200
2025-05-18 20:01:37,522 - transvg_coordinates_fixed_20250518_185059 - INFO - Epoch 13, Batch 0/848, Loss: 4.1190
2025-05-18 20:01:37,522 - transvg_coordinates_fixed_20250518_185059 - INFO - Train metrics: l1_loss: 0.4333 | giou_loss: 0.9762 | total_loss: 4.1190
2025-05-18 20:01:55,645 - transvg_coordinates_fixed_20250518_185059 - INFO - Epoch 13, Batch 50/848, Loss: 4.0229
2025-05-18 20:01:55,645 - transvg_coordinates_fixed_20250518_185059 - INFO - Train metrics: l1_loss: 0.4258 | giou_loss: 0.9470 | total_loss: 4.0229
2025-05-18 20:02:13,946 - transvg_coordinates_fixed_20250518_185059 - INFO - Epoch 13, Batch 100/848, Loss: 4.3913
2025-05-18 20:02:13,947 - transvg_coordinates_fixed_20250518_185059 - INFO - Train metrics: l1_loss: 0.4728 | giou_loss: 1.0136 | total_loss: 4.3913
2025-05-18 20:02:32,233 - transvg_coordinates_fixed_20250518_185059 - INFO - Epoch 13, Batch 150/848, Loss: 4.2695
2025-05-18 20:02:32,234 - transvg_coordinates_fixed_20250518_185059 - INFO - Train metrics: l1_loss: 0.4700 | giou_loss: 0.9597 | total_loss: 4.2695
2025-05-18 20:02:50,445 - transvg_coordinates_fixed_20250518_185059 - INFO - Epoch 13, Batch 200/848, Loss: 3.7485
2025-05-18 20:02:50,445 - transvg_coordinates_fixed_20250518_185059 - INFO - Train metrics: l1_loss: 0.4066 | giou_loss: 0.8577 | total_loss: 3.7485
2025-05-18 20:03:08,753 - transvg_coordinates_fixed_20250518_185059 - INFO - Epoch 13, Batch 250/848, Loss: 4.0320
2025-05-18 20:03:08,753 - transvg_coordinates_fixed_20250518_185059 - INFO - Train metrics: l1_loss: 0.4270 | giou_loss: 0.9484 | total_loss: 4.0320
2025-05-18 20:03:27,067 - transvg_coordinates_fixed_20250518_185059 - INFO - Epoch 13, Batch 300/848, Loss: 4.1309
2025-05-18 20:03:27,068 - transvg_coordinates_fixed_20250518_185059 - INFO - Train metrics: l1_loss: 0.4434 | giou_loss: 0.9570 | total_loss: 4.1309
2025-05-18 20:03:45,358 - transvg_coordinates_fixed_20250518_185059 - INFO - Epoch 13, Batch 350/848, Loss: 4.0874
2025-05-18 20:03:45,358 - transvg_coordinates_fixed_20250518_185059 - INFO - Train metrics: l1_loss: 0.4280 | giou_loss: 0.9737 | total_loss: 4.0874
2025-05-18 20:04:03,656 - transvg_coordinates_fixed_20250518_185059 - INFO - Epoch 13, Batch 400/848, Loss: 4.4784
2025-05-18 20:04:03,656 - transvg_coordinates_fixed_20250518_185059 - INFO - Train metrics: l1_loss: 0.4977 | giou_loss: 0.9949 | total_loss: 4.4784
2025-05-18 20:04:21,955 - transvg_coordinates_fixed_20250518_185059 - INFO - Epoch 13, Batch 450/848, Loss: 4.1205
2025-05-18 20:04:21,956 - transvg_coordinates_fixed_20250518_185059 - INFO - Train metrics: l1_loss: 0.4380 | giou_loss: 0.9654 | total_loss: 4.1205
2025-05-18 20:04:40,274 - transvg_coordinates_fixed_20250518_185059 - INFO - Epoch 13, Batch 500/848, Loss: 4.5043
2025-05-18 20:04:40,274 - transvg_coordinates_fixed_20250518_185059 - INFO - Train metrics: l1_loss: 0.5146 | giou_loss: 0.9658 | total_loss: 4.5043
2025-05-18 20:04:58,522 - transvg_coordinates_fixed_20250518_185059 - INFO - Epoch 13, Batch 550/848, Loss: 3.7181
2025-05-18 20:04:58,523 - transvg_coordinates_fixed_20250518_185059 - INFO - Train metrics: l1_loss: 0.3703 | giou_loss: 0.9333 | total_loss: 3.7181
2025-05-18 20:05:16,810 - transvg_coordinates_fixed_20250518_185059 - INFO - Epoch 13, Batch 600/848, Loss: 3.9042
2025-05-18 20:05:16,810 - transvg_coordinates_fixed_20250518_185059 - INFO - Train metrics: l1_loss: 0.4141 | giou_loss: 0.9169 | total_loss: 3.9042
2025-05-18 20:05:35,130 - transvg_coordinates_fixed_20250518_185059 - INFO - Epoch 13, Batch 650/848, Loss: 4.3013
2025-05-18 20:05:35,131 - transvg_coordinates_fixed_20250518_185059 - INFO - Train metrics: l1_loss: 0.4684 | giou_loss: 0.9798 | total_loss: 4.3013
2025-05-18 20:05:53,751 - transvg_coordinates_fixed_20250518_185059 - INFO - Epoch 13, Batch 700/848, Loss: 4.2376
2025-05-18 20:05:53,751 - transvg_coordinates_fixed_20250518_185059 - INFO - Train metrics: l1_loss: 0.4691 | giou_loss: 0.9460 | total_loss: 4.2376
2025-05-18 20:06:12,115 - transvg_coordinates_fixed_20250518_185059 - INFO - Epoch 13, Batch 750/848, Loss: 4.3537
2025-05-18 20:06:12,115 - transvg_coordinates_fixed_20250518_185059 - INFO - Train metrics: l1_loss: 0.4854 | giou_loss: 0.9634 | total_loss: 4.3537
2025-05-18 20:06:30,553 - transvg_coordinates_fixed_20250518_185059 - INFO - Epoch 13, Batch 800/848, Loss: 4.1408
2025-05-18 20:06:30,554 - transvg_coordinates_fixed_20250518_185059 - INFO - Train metrics: l1_loss: 0.4587 | giou_loss: 0.9238 | total_loss: 4.1408
2025-05-18 20:06:47,829 - transvg_coordinates_fixed_20250518_185059 - INFO - Train Epoch 13, Loss: 4.2059
2025-05-18 20:07:04,391 - transvg_coordinates_fixed_20250518_185059 - INFO - Pred box sample: [59.34330749511719, 65.17842102050781, 252.31173706054688, 206.42959594726562]
2025-05-18 20:07:04,392 - transvg_coordinates_fixed_20250518_185059 - INFO - Target box sample: [207.0, 198.0, 287.0, 283.0]
2025-05-18 20:07:04,467 - transvg_coordinates_fixed_20250518_185059 - INFO - Validation Epoch 13, Loss: 4.4854
2025-05-18 20:07:04,467 - transvg_coordinates_fixed_20250518_185059 - INFO - Val metrics: Acc@0.25: 0.3216 | Acc@0.5: 0.1166 | Acc@0.75: 0.0138 | mIoU: 0.1846 | medianIoU: 0.0852 | mae_x1: 102.6959 | mae_y1: 97.5710 | mae_x2: 102.9562 | mae_y2: 96.7444 | center_x_error: 85.2188 | center_y_error: 81.6376 | width_error: 2.7103 | height_error: 2.3061 | loss: 4.4854
2025-05-18 20:07:05,121 - transvg_coordinates_fixed_20250518_185059 - INFO - Saved model checkpoint to /home/pokle/Trans-VG/visual_grounding/checkpoints/transvg_coordinates_fixed_20250518_185059_epoch13.pth
2025-05-18 20:07:05,122 - transvg_coordinates_fixed_20250518_185059 - INFO - Epoch 14/200
2025-05-18 20:07:06,213 - transvg_coordinates_fixed_20250518_185059 - INFO - Epoch 14, Batch 0/848, Loss: 3.9788
2025-05-18 20:07:06,214 - transvg_coordinates_fixed_20250518_185059 - INFO - Train metrics: l1_loss: 0.4351 | giou_loss: 0.9017 | total_loss: 3.9788
2025-05-18 20:07:24,532 - transvg_coordinates_fixed_20250518_185059 - INFO - Epoch 14, Batch 50/848, Loss: 4.3433
2025-05-18 20:07:24,532 - transvg_coordinates_fixed_20250518_185059 - INFO - Train metrics: l1_loss: 0.4692 | giou_loss: 0.9988 | total_loss: 4.3433
2025-05-18 20:07:42,828 - transvg_coordinates_fixed_20250518_185059 - INFO - Epoch 14, Batch 100/848, Loss: 3.8256
2025-05-18 20:07:42,829 - transvg_coordinates_fixed_20250518_185059 - INFO - Train metrics: l1_loss: 0.4204 | giou_loss: 0.8619 | total_loss: 3.8256
2025-05-18 20:08:01,191 - transvg_coordinates_fixed_20250518_185059 - INFO - Epoch 14, Batch 150/848, Loss: 3.6463
2025-05-18 20:08:01,191 - transvg_coordinates_fixed_20250518_185059 - INFO - Train metrics: l1_loss: 0.3949 | giou_loss: 0.8358 | total_loss: 3.6463
2025-05-18 20:08:19,575 - transvg_coordinates_fixed_20250518_185059 - INFO - Epoch 14, Batch 200/848, Loss: 3.8191
2025-05-18 20:08:19,575 - transvg_coordinates_fixed_20250518_185059 - INFO - Train metrics: l1_loss: 0.3798 | giou_loss: 0.9600 | total_loss: 3.8191
2025-05-18 20:08:37,986 - transvg_coordinates_fixed_20250518_185059 - INFO - Epoch 14, Batch 250/848, Loss: 3.7324
2025-05-18 20:08:37,986 - transvg_coordinates_fixed_20250518_185059 - INFO - Train metrics: l1_loss: 0.3826 | giou_loss: 0.9097 | total_loss: 3.7324
2025-05-18 20:08:56,385 - transvg_coordinates_fixed_20250518_185059 - INFO - Epoch 14, Batch 300/848, Loss: 3.8634
2025-05-18 20:08:56,386 - transvg_coordinates_fixed_20250518_185059 - INFO - Train metrics: l1_loss: 0.4354 | giou_loss: 0.8431 | total_loss: 3.8634
2025-05-18 20:09:14,826 - transvg_coordinates_fixed_20250518_185059 - INFO - Epoch 14, Batch 350/848, Loss: 3.9766
2025-05-18 20:09:14,826 - transvg_coordinates_fixed_20250518_185059 - INFO - Train metrics: l1_loss: 0.4109 | giou_loss: 0.9611 | total_loss: 3.9766
2025-05-18 20:09:33,380 - transvg_coordinates_fixed_20250518_185059 - INFO - Epoch 14, Batch 400/848, Loss: 4.4748
2025-05-18 20:09:33,380 - transvg_coordinates_fixed_20250518_185059 - INFO - Train metrics: l1_loss: 0.5033 | giou_loss: 0.9792 | total_loss: 4.4748
2025-05-18 20:09:51,731 - transvg_coordinates_fixed_20250518_185059 - INFO - Epoch 14, Batch 450/848, Loss: 3.8678
2025-05-18 20:09:51,731 - transvg_coordinates_fixed_20250518_185059 - INFO - Train metrics: l1_loss: 0.3987 | giou_loss: 0.9371 | total_loss: 3.8678
2025-05-18 20:10:10,105 - transvg_coordinates_fixed_20250518_185059 - INFO - Epoch 14, Batch 500/848, Loss: 3.6716
2025-05-18 20:10:10,106 - transvg_coordinates_fixed_20250518_185059 - INFO - Train metrics: l1_loss: 0.3764 | giou_loss: 0.8947 | total_loss: 3.6716
2025-05-18 20:10:28,622 - transvg_coordinates_fixed_20250518_185059 - INFO - Epoch 14, Batch 550/848, Loss: 3.8928
2025-05-18 20:10:28,622 - transvg_coordinates_fixed_20250518_185059 - INFO - Train metrics: l1_loss: 0.4331 | giou_loss: 0.8635 | total_loss: 3.8928
2025-05-18 20:10:46,991 - transvg_coordinates_fixed_20250518_185059 - INFO - Epoch 14, Batch 600/848, Loss: 3.9426
2025-05-18 20:10:46,991 - transvg_coordinates_fixed_20250518_185059 - INFO - Train metrics: l1_loss: 0.4156 | giou_loss: 0.9322 | total_loss: 3.9426
2025-05-18 20:11:05,390 - transvg_coordinates_fixed_20250518_185059 - INFO - Epoch 14, Batch 650/848, Loss: 3.7517
2025-05-18 20:11:05,390 - transvg_coordinates_fixed_20250518_185059 - INFO - Train metrics: l1_loss: 0.3899 | giou_loss: 0.9010 | total_loss: 3.7517
2025-05-18 20:11:23,773 - transvg_coordinates_fixed_20250518_185059 - INFO - Epoch 14, Batch 700/848, Loss: 4.2390
2025-05-18 20:11:23,773 - transvg_coordinates_fixed_20250518_185059 - INFO - Train metrics: l1_loss: 0.4635 | giou_loss: 0.9607 | total_loss: 4.2390
2025-05-18 20:11:42,122 - transvg_coordinates_fixed_20250518_185059 - INFO - Epoch 14, Batch 750/848, Loss: 4.1760
2025-05-18 20:11:42,122 - transvg_coordinates_fixed_20250518_185059 - INFO - Train metrics: l1_loss: 0.4358 | giou_loss: 0.9986 | total_loss: 4.1760
2025-05-18 20:12:00,531 - transvg_coordinates_fixed_20250518_185059 - INFO - Epoch 14, Batch 800/848, Loss: 4.9257
2025-05-18 20:12:00,532 - transvg_coordinates_fixed_20250518_185059 - INFO - Train metrics: l1_loss: 0.5608 | giou_loss: 1.0609 | total_loss: 4.9257
2025-05-18 20:12:17,779 - transvg_coordinates_fixed_20250518_185059 - INFO - Train Epoch 14, Loss: 4.1936
2025-05-18 20:12:33,920 - transvg_coordinates_fixed_20250518_185059 - INFO - Pred box sample: [63.68588638305664, 64.93753051757812, 208.5920867919922, 186.3060302734375]
2025-05-18 20:12:33,920 - transvg_coordinates_fixed_20250518_185059 - INFO - Target box sample: [207.0, 198.0, 287.0, 283.0]
2025-05-18 20:12:34,001 - transvg_coordinates_fixed_20250518_185059 - INFO - Validation Epoch 14, Loss: 4.4822
2025-05-18 20:12:34,001 - transvg_coordinates_fixed_20250518_185059 - INFO - Val metrics: Acc@0.25: 0.3208 | Acc@0.5: 0.1219 | Acc@0.75: 0.0170 | mIoU: 0.1856 | medianIoU: 0.0867 | mae_x1: 101.6465 | mae_y1: 97.9557 | mae_x2: 102.1870 | mae_y2: 96.0432 | center_x_error: 85.8198 | center_y_error: 81.1879 | width_error: 2.6150 | height_error: 2.3317 | loss: 4.4822
2025-05-18 20:12:34,638 - transvg_coordinates_fixed_20250518_185059 - INFO - Saved model checkpoint to /home/pokle/Trans-VG/visual_grounding/checkpoints/transvg_coordinates_fixed_20250518_185059_epoch14.pth
2025-05-18 20:12:34,639 - transvg_coordinates_fixed_20250518_185059 - INFO - Epoch 15/200
2025-05-18 20:12:35,674 - transvg_coordinates_fixed_20250518_185059 - INFO - Epoch 15, Batch 0/848, Loss: 4.6871
2025-05-18 20:12:35,674 - transvg_coordinates_fixed_20250518_185059 - INFO - Train metrics: l1_loss: 0.5585 | giou_loss: 0.9472 | total_loss: 4.6871
2025-05-18 20:12:53,874 - transvg_coordinates_fixed_20250518_185059 - INFO - Epoch 15, Batch 50/848, Loss: 4.2014
2025-05-18 20:12:53,875 - transvg_coordinates_fixed_20250518_185059 - INFO - Train metrics: l1_loss: 0.4410 | giou_loss: 0.9982 | total_loss: 4.2014
2025-05-18 20:13:12,122 - transvg_coordinates_fixed_20250518_185059 - INFO - Epoch 15, Batch 100/848, Loss: 4.1239
2025-05-18 20:13:12,123 - transvg_coordinates_fixed_20250518_185059 - INFO - Train metrics: l1_loss: 0.4342 | giou_loss: 0.9764 | total_loss: 4.1239
2025-05-18 20:13:30,380 - transvg_coordinates_fixed_20250518_185059 - INFO - Epoch 15, Batch 150/848, Loss: 4.6903
2025-05-18 20:13:30,380 - transvg_coordinates_fixed_20250518_185059 - INFO - Train metrics: l1_loss: 0.5145 | giou_loss: 1.0589 | total_loss: 4.6903
2025-05-18 20:13:48,791 - transvg_coordinates_fixed_20250518_185059 - INFO - Epoch 15, Batch 200/848, Loss: 4.4698
2025-05-18 20:13:48,792 - transvg_coordinates_fixed_20250518_185059 - INFO - Train metrics: l1_loss: 0.4771 | giou_loss: 1.0422 | total_loss: 4.4698
2025-05-18 20:14:07,026 - transvg_coordinates_fixed_20250518_185059 - INFO - Epoch 15, Batch 250/848, Loss: 3.9883
2025-05-18 20:14:07,026 - transvg_coordinates_fixed_20250518_185059 - INFO - Train metrics: l1_loss: 0.4300 | giou_loss: 0.9191 | total_loss: 3.9883
2025-05-18 20:14:25,245 - transvg_coordinates_fixed_20250518_185059 - INFO - Epoch 15, Batch 300/848, Loss: 4.2266
2025-05-18 20:14:25,245 - transvg_coordinates_fixed_20250518_185059 - INFO - Train metrics: l1_loss: 0.4428 | giou_loss: 1.0063 | total_loss: 4.2266
2025-05-18 20:14:43,516 - transvg_coordinates_fixed_20250518_185059 - INFO - Epoch 15, Batch 350/848, Loss: 4.1235
2025-05-18 20:14:43,516 - transvg_coordinates_fixed_20250518_185059 - INFO - Train metrics: l1_loss: 0.4297 | giou_loss: 0.9875 | total_loss: 4.1235
2025-05-18 20:15:01,776 - transvg_coordinates_fixed_20250518_185059 - INFO - Epoch 15, Batch 400/848, Loss: 3.7897
2025-05-18 20:15:01,776 - transvg_coordinates_fixed_20250518_185059 - INFO - Train metrics: l1_loss: 0.4078 | giou_loss: 0.8753 | total_loss: 3.7897
2025-05-18 20:15:20,086 - transvg_coordinates_fixed_20250518_185059 - INFO - Epoch 15, Batch 450/848, Loss: 4.5105
2025-05-18 20:15:20,087 - transvg_coordinates_fixed_20250518_185059 - INFO - Train metrics: l1_loss: 0.4732 | giou_loss: 1.0722 | total_loss: 4.5105
2025-05-18 20:15:38,440 - transvg_coordinates_fixed_20250518_185059 - INFO - Epoch 15, Batch 500/848, Loss: 4.0069
2025-05-18 20:15:38,440 - transvg_coordinates_fixed_20250518_185059 - INFO - Train metrics: l1_loss: 0.4410 | giou_loss: 0.9010 | total_loss: 4.0069
2025-05-18 20:15:56,805 - transvg_coordinates_fixed_20250518_185059 - INFO - Epoch 15, Batch 550/848, Loss: 4.3842
2025-05-18 20:15:56,805 - transvg_coordinates_fixed_20250518_185059 - INFO - Train metrics: l1_loss: 0.4608 | giou_loss: 1.0400 | total_loss: 4.3842
2025-05-18 20:16:15,128 - transvg_coordinates_fixed_20250518_185059 - INFO - Epoch 15, Batch 600/848, Loss: 3.9733
2025-05-18 20:16:15,128 - transvg_coordinates_fixed_20250518_185059 - INFO - Train metrics: l1_loss: 0.4205 | giou_loss: 0.9353 | total_loss: 3.9733
2025-05-18 20:16:33,534 - transvg_coordinates_fixed_20250518_185059 - INFO - Epoch 15, Batch 650/848, Loss: 4.3388
2025-05-18 20:16:33,534 - transvg_coordinates_fixed_20250518_185059 - INFO - Train metrics: l1_loss: 0.5010 | giou_loss: 0.9170 | total_loss: 4.3388
2025-05-18 20:16:51,848 - transvg_coordinates_fixed_20250518_185059 - INFO - Epoch 15, Batch 700/848, Loss: 3.8735
2025-05-18 20:16:51,848 - transvg_coordinates_fixed_20250518_185059 - INFO - Train metrics: l1_loss: 0.4114 | giou_loss: 0.9082 | total_loss: 3.8735
2025-05-18 20:17:10,208 - transvg_coordinates_fixed_20250518_185059 - INFO - Epoch 15, Batch 750/848, Loss: 4.0902
2025-05-18 20:17:10,208 - transvg_coordinates_fixed_20250518_185059 - INFO - Train metrics: l1_loss: 0.4450 | giou_loss: 0.9325 | total_loss: 4.0902
2025-05-18 20:17:28,549 - transvg_coordinates_fixed_20250518_185059 - INFO - Epoch 15, Batch 800/848, Loss: 4.1836
2025-05-18 20:17:28,549 - transvg_coordinates_fixed_20250518_185059 - INFO - Train metrics: l1_loss: 0.4560 | giou_loss: 0.9517 | total_loss: 4.1836
2025-05-18 20:17:45,812 - transvg_coordinates_fixed_20250518_185059 - INFO - Train Epoch 15, Loss: 4.1721
2025-05-18 20:18:02,080 - transvg_coordinates_fixed_20250518_185059 - INFO - Pred box sample: [82.75909423828125, 76.72624969482422, 259.1308288574219, 259.5404052734375]
2025-05-18 20:18:02,081 - transvg_coordinates_fixed_20250518_185059 - INFO - Target box sample: [207.0, 198.0, 287.0, 283.0]
2025-05-18 20:18:02,162 - transvg_coordinates_fixed_20250518_185059 - INFO - Validation Epoch 15, Loss: 4.5035
2025-05-18 20:18:02,162 - transvg_coordinates_fixed_20250518_185059 - INFO - Val metrics: Acc@0.25: 0.3230 | Acc@0.5: 0.1185 | Acc@0.75: 0.0170 | mIoU: 0.1854 | medianIoU: 0.0871 | mae_x1: 101.4839 | mae_y1: 105.9626 | mae_x2: 101.1728 | mae_y2: 94.9551 | center_x_error: 86.4489 | center_y_error: 83.0864 | width_error: 2.4628 | height_error: 2.6496 | loss: 4.5035
2025-05-18 20:18:02,808 - transvg_coordinates_fixed_20250518_185059 - INFO - Saved model checkpoint to /home/pokle/Trans-VG/visual_grounding/checkpoints/transvg_coordinates_fixed_20250518_185059_epoch15.pth
2025-05-18 20:18:02,809 - transvg_coordinates_fixed_20250518_185059 - INFO - Epoch 16/200
2025-05-18 20:18:03,836 - transvg_coordinates_fixed_20250518_185059 - INFO - Epoch 16, Batch 0/848, Loss: 3.9757
2025-05-18 20:18:03,836 - transvg_coordinates_fixed_20250518_185059 - INFO - Train metrics: l1_loss: 0.4070 | giou_loss: 0.9703 | total_loss: 3.9757
2025-05-18 20:18:22,096 - transvg_coordinates_fixed_20250518_185059 - INFO - Epoch 16, Batch 50/848, Loss: 4.1773
2025-05-18 20:18:22,097 - transvg_coordinates_fixed_20250518_185059 - INFO - Train metrics: l1_loss: 0.4564 | giou_loss: 0.9477 | total_loss: 4.1773
2025-05-18 20:18:40,477 - transvg_coordinates_fixed_20250518_185059 - INFO - Epoch 16, Batch 100/848, Loss: 4.2150
2025-05-18 20:18:40,477 - transvg_coordinates_fixed_20250518_185059 - INFO - Train metrics: l1_loss: 0.4546 | giou_loss: 0.9710 | total_loss: 4.2150
2025-05-18 20:18:58,915 - transvg_coordinates_fixed_20250518_185059 - INFO - Epoch 16, Batch 150/848, Loss: 4.0575
2025-05-18 20:18:58,915 - transvg_coordinates_fixed_20250518_185059 - INFO - Train metrics: l1_loss: 0.4330 | giou_loss: 0.9462 | total_loss: 4.0575
2025-05-18 20:19:17,344 - transvg_coordinates_fixed_20250518_185059 - INFO - Epoch 16, Batch 200/848, Loss: 4.1302
2025-05-18 20:19:17,344 - transvg_coordinates_fixed_20250518_185059 - INFO - Train metrics: l1_loss: 0.4498 | giou_loss: 0.9407 | total_loss: 4.1302
2025-05-18 20:19:35,874 - transvg_coordinates_fixed_20250518_185059 - INFO - Epoch 16, Batch 250/848, Loss: 4.4862
2025-05-18 20:19:35,874 - transvg_coordinates_fixed_20250518_185059 - INFO - Train metrics: l1_loss: 0.5021 | giou_loss: 0.9878 | total_loss: 4.4862
2025-05-18 20:19:54,381 - transvg_coordinates_fixed_20250518_185059 - INFO - Epoch 16, Batch 300/848, Loss: 3.5882
2025-05-18 20:19:54,381 - transvg_coordinates_fixed_20250518_185059 - INFO - Train metrics: l1_loss: 0.3976 | giou_loss: 0.8000 | total_loss: 3.5882
2025-05-18 20:20:12,826 - transvg_coordinates_fixed_20250518_185059 - INFO - Epoch 16, Batch 350/848, Loss: 3.7885
2025-05-18 20:20:12,827 - transvg_coordinates_fixed_20250518_185059 - INFO - Train metrics: l1_loss: 0.3905 | giou_loss: 0.9180 | total_loss: 3.7885
2025-05-18 20:20:31,280 - transvg_coordinates_fixed_20250518_185059 - INFO - Epoch 16, Batch 400/848, Loss: 4.6497
2025-05-18 20:20:31,281 - transvg_coordinates_fixed_20250518_185059 - INFO - Train metrics: l1_loss: 0.5325 | giou_loss: 0.9936 | total_loss: 4.6497
2025-05-18 20:20:49,738 - transvg_coordinates_fixed_20250518_185059 - INFO - Epoch 16, Batch 450/848, Loss: 3.7905
2025-05-18 20:20:49,739 - transvg_coordinates_fixed_20250518_185059 - INFO - Train metrics: l1_loss: 0.3977 | giou_loss: 0.9009 | total_loss: 3.7905
2025-05-18 20:21:08,180 - transvg_coordinates_fixed_20250518_185059 - INFO - Epoch 16, Batch 500/848, Loss: 3.8822
2025-05-18 20:21:08,180 - transvg_coordinates_fixed_20250518_185059 - INFO - Train metrics: l1_loss: 0.3882 | giou_loss: 0.9706 | total_loss: 3.8822
2025-05-18 20:21:26,644 - transvg_coordinates_fixed_20250518_185059 - INFO - Epoch 16, Batch 550/848, Loss: 4.5840
2025-05-18 20:21:26,645 - transvg_coordinates_fixed_20250518_185059 - INFO - Train metrics: l1_loss: 0.5226 | giou_loss: 0.9856 | total_loss: 4.5840
2025-05-18 20:21:45,217 - transvg_coordinates_fixed_20250518_185059 - INFO - Epoch 16, Batch 600/848, Loss: 4.4726
2025-05-18 20:21:45,218 - transvg_coordinates_fixed_20250518_185059 - INFO - Train metrics: l1_loss: 0.4815 | giou_loss: 1.0326 | total_loss: 4.4726
2025-05-18 20:22:03,727 - transvg_coordinates_fixed_20250518_185059 - INFO - Epoch 16, Batch 650/848, Loss: 4.4583
2025-05-18 20:22:03,727 - transvg_coordinates_fixed_20250518_185059 - INFO - Train metrics: l1_loss: 0.4932 | giou_loss: 0.9962 | total_loss: 4.4583
2025-05-18 20:22:22,151 - transvg_coordinates_fixed_20250518_185059 - INFO - Epoch 16, Batch 700/848, Loss: 3.7400
2025-05-18 20:22:22,152 - transvg_coordinates_fixed_20250518_185059 - INFO - Train metrics: l1_loss: 0.3860 | giou_loss: 0.9050 | total_loss: 3.7400
2025-05-18 20:22:40,596 - transvg_coordinates_fixed_20250518_185059 - INFO - Epoch 16, Batch 750/848, Loss: 4.1169
2025-05-18 20:22:40,597 - transvg_coordinates_fixed_20250518_185059 - INFO - Train metrics: l1_loss: 0.4414 | giou_loss: 0.9549 | total_loss: 4.1169
2025-05-18 20:22:59,051 - transvg_coordinates_fixed_20250518_185059 - INFO - Epoch 16, Batch 800/848, Loss: 4.4042
2025-05-18 20:22:59,051 - transvg_coordinates_fixed_20250518_185059 - INFO - Train metrics: l1_loss: 0.4664 | giou_loss: 1.0361 | total_loss: 4.4042
2025-05-18 20:23:16,386 - transvg_coordinates_fixed_20250518_185059 - INFO - Train Epoch 16, Loss: 4.1576
2025-05-18 20:23:33,188 - transvg_coordinates_fixed_20250518_185059 - INFO - Pred box sample: [56.95139694213867, 73.79644775390625, 215.78504943847656, 272.0030517578125]
2025-05-18 20:23:33,189 - transvg_coordinates_fixed_20250518_185059 - INFO - Target box sample: [207.0, 198.0, 287.0, 283.0]
2025-05-18 20:23:33,269 - transvg_coordinates_fixed_20250518_185059 - INFO - Validation Epoch 16, Loss: 4.5113
2025-05-18 20:23:33,269 - transvg_coordinates_fixed_20250518_185059 - INFO - Val metrics: Acc@0.25: 0.3206 | Acc@0.5: 0.1158 | Acc@0.75: 0.0146 | mIoU: 0.1843 | medianIoU: 0.0851 | mae_x1: 102.4365 | mae_y1: 101.3167 | mae_x2: 101.7950 | mae_y2: 98.6102 | center_x_error: 87.4328 | center_y_error: 81.0950 | width_error: 2.4254 | height_error: 2.6919 | loss: 4.5113
2025-05-18 20:23:33,882 - transvg_coordinates_fixed_20250518_185059 - INFO - Saved model checkpoint to /home/pokle/Trans-VG/visual_grounding/checkpoints/transvg_coordinates_fixed_20250518_185059_epoch16.pth
2025-05-18 20:23:33,883 - transvg_coordinates_fixed_20250518_185059 - INFO - Epoch 17/200
2025-05-18 20:23:34,995 - transvg_coordinates_fixed_20250518_185059 - INFO - Epoch 17, Batch 0/848, Loss: 4.2562
2025-05-18 20:23:34,995 - transvg_coordinates_fixed_20250518_185059 - INFO - Train metrics: l1_loss: 0.4635 | giou_loss: 0.9692 | total_loss: 4.2562
2025-05-18 20:23:53,095 - transvg_coordinates_fixed_20250518_185059 - INFO - Epoch 17, Batch 50/848, Loss: 3.8956
2025-05-18 20:23:53,096 - transvg_coordinates_fixed_20250518_185059 - INFO - Train metrics: l1_loss: 0.3959 | giou_loss: 0.9580 | total_loss: 3.8956
2025-05-18 20:24:11,356 - transvg_coordinates_fixed_20250518_185059 - INFO - Epoch 17, Batch 100/848, Loss: 4.5470
2025-05-18 20:24:11,357 - transvg_coordinates_fixed_20250518_185059 - INFO - Train metrics: l1_loss: 0.4949 | giou_loss: 1.0363 | total_loss: 4.5470
2025-05-18 20:24:29,619 - transvg_coordinates_fixed_20250518_185059 - INFO - Epoch 17, Batch 150/848, Loss: 4.2542
2025-05-18 20:24:29,619 - transvg_coordinates_fixed_20250518_185059 - INFO - Train metrics: l1_loss: 0.4477 | giou_loss: 1.0080 | total_loss: 4.2542
2025-05-18 20:24:47,846 - transvg_coordinates_fixed_20250518_185059 - INFO - Epoch 17, Batch 200/848, Loss: 4.2087
2025-05-18 20:24:47,847 - transvg_coordinates_fixed_20250518_185059 - INFO - Train metrics: l1_loss: 0.4617 | giou_loss: 0.9502 | total_loss: 4.2087
2025-05-18 20:25:06,154 - transvg_coordinates_fixed_20250518_185059 - INFO - Epoch 17, Batch 250/848, Loss: 3.7714
2025-05-18 20:25:06,155 - transvg_coordinates_fixed_20250518_185059 - INFO - Train metrics: l1_loss: 0.3995 | giou_loss: 0.8869 | total_loss: 3.7714
2025-05-18 20:25:24,483 - transvg_coordinates_fixed_20250518_185059 - INFO - Epoch 17, Batch 300/848, Loss: 3.8452
2025-05-18 20:25:24,484 - transvg_coordinates_fixed_20250518_185059 - INFO - Train metrics: l1_loss: 0.4138 | giou_loss: 0.8881 | total_loss: 3.8452
2025-05-18 20:25:42,846 - transvg_coordinates_fixed_20250518_185059 - INFO - Epoch 17, Batch 350/848, Loss: 3.9099
2025-05-18 20:25:42,846 - transvg_coordinates_fixed_20250518_185059 - INFO - Train metrics: l1_loss: 0.4186 | giou_loss: 0.9085 | total_loss: 3.9099
2025-05-18 20:26:01,212 - transvg_coordinates_fixed_20250518_185059 - INFO - Epoch 17, Batch 400/848, Loss: 3.9643
2025-05-18 20:26:01,212 - transvg_coordinates_fixed_20250518_185059 - INFO - Train metrics: l1_loss: 0.4203 | giou_loss: 0.9314 | total_loss: 3.9643
2025-05-18 20:26:19,596 - transvg_coordinates_fixed_20250518_185059 - INFO - Epoch 17, Batch 450/848, Loss: 3.8063
2025-05-18 20:26:19,596 - transvg_coordinates_fixed_20250518_185059 - INFO - Train metrics: l1_loss: 0.4163 | giou_loss: 0.8623 | total_loss: 3.8063
2025-05-18 20:26:37,931 - transvg_coordinates_fixed_20250518_185059 - INFO - Epoch 17, Batch 500/848, Loss: 3.7570
2025-05-18 20:26:37,931 - transvg_coordinates_fixed_20250518_185059 - INFO - Train metrics: l1_loss: 0.4091 | giou_loss: 0.8558 | total_loss: 3.7570
2025-05-18 20:26:56,243 - transvg_coordinates_fixed_20250518_185059 - INFO - Epoch 17, Batch 550/848, Loss: 4.4195
2025-05-18 20:26:56,243 - transvg_coordinates_fixed_20250518_185059 - INFO - Train metrics: l1_loss: 0.4796 | giou_loss: 1.0107 | total_loss: 4.4195
2025-05-18 20:27:14,603 - transvg_coordinates_fixed_20250518_185059 - INFO - Epoch 17, Batch 600/848, Loss: 4.1471
2025-05-18 20:27:14,603 - transvg_coordinates_fixed_20250518_185059 - INFO - Train metrics: l1_loss: 0.4537 | giou_loss: 0.9392 | total_loss: 4.1471
2025-05-18 20:27:32,932 - transvg_coordinates_fixed_20250518_185059 - INFO - Epoch 17, Batch 650/848, Loss: 4.0131
2025-05-18 20:27:32,932 - transvg_coordinates_fixed_20250518_185059 - INFO - Train metrics: l1_loss: 0.4330 | giou_loss: 0.9241 | total_loss: 4.0131
2025-05-18 20:27:51,308 - transvg_coordinates_fixed_20250518_185059 - INFO - Epoch 17, Batch 700/848, Loss: 3.8172
2025-05-18 20:27:51,308 - transvg_coordinates_fixed_20250518_185059 - INFO - Train metrics: l1_loss: 0.4088 | giou_loss: 0.8866 | total_loss: 3.8172
2025-05-18 20:28:09,604 - transvg_coordinates_fixed_20250518_185059 - INFO - Epoch 17, Batch 750/848, Loss: 3.8536
2025-05-18 20:28:09,604 - transvg_coordinates_fixed_20250518_185059 - INFO - Train metrics: l1_loss: 0.3974 | giou_loss: 0.9334 | total_loss: 3.8536
2025-05-18 20:28:27,957 - transvg_coordinates_fixed_20250518_185059 - INFO - Epoch 17, Batch 800/848, Loss: 4.1608
2025-05-18 20:28:27,957 - transvg_coordinates_fixed_20250518_185059 - INFO - Train metrics: l1_loss: 0.4583 | giou_loss: 0.9346 | total_loss: 4.1608
2025-05-18 20:28:45,226 - transvg_coordinates_fixed_20250518_185059 - INFO - Train Epoch 17, Loss: 4.1272
2025-05-18 20:29:01,365 - transvg_coordinates_fixed_20250518_185059 - INFO - Pred box sample: [81.21141052246094, 68.99546813964844, 265.3215026855469, 255.73171997070312]
2025-05-18 20:29:01,365 - transvg_coordinates_fixed_20250518_185059 - INFO - Target box sample: [207.0, 198.0, 287.0, 283.0]
2025-05-18 20:29:01,436 - transvg_coordinates_fixed_20250518_185059 - INFO - Validation Epoch 17, Loss: 4.5122
2025-05-18 20:29:01,436 - transvg_coordinates_fixed_20250518_185059 - INFO - Val metrics: Acc@0.25: 0.3203 | Acc@0.5: 0.1171 | Acc@0.75: 0.0159 | mIoU: 0.1847 | medianIoU: 0.0853 | mae_x1: 102.1867 | mae_y1: 102.5117 | mae_x2: 101.4269 | mae_y2: 98.5020 | center_x_error: 87.1349 | center_y_error: 81.8617 | width_error: 2.4417 | height_error: 2.6892 | loss: 4.5122
2025-05-18 20:29:02,030 - transvg_coordinates_fixed_20250518_185059 - INFO - Saved model checkpoint to /home/pokle/Trans-VG/visual_grounding/checkpoints/transvg_coordinates_fixed_20250518_185059_epoch17.pth
2025-05-18 20:29:02,031 - transvg_coordinates_fixed_20250518_185059 - INFO - Epoch 18/200
2025-05-18 20:29:03,035 - transvg_coordinates_fixed_20250518_185059 - INFO - Epoch 18, Batch 0/848, Loss: 4.2840
2025-05-18 20:29:03,035 - transvg_coordinates_fixed_20250518_185059 - INFO - Train metrics: l1_loss: 0.4517 | giou_loss: 1.0128 | total_loss: 4.2840
2025-05-18 20:29:21,257 - transvg_coordinates_fixed_20250518_185059 - INFO - Epoch 18, Batch 50/848, Loss: 3.4225
2025-05-18 20:29:21,257 - transvg_coordinates_fixed_20250518_185059 - INFO - Train metrics: l1_loss: 0.3660 | giou_loss: 0.7963 | total_loss: 3.4225
2025-05-18 20:29:39,453 - transvg_coordinates_fixed_20250518_185059 - INFO - Epoch 18, Batch 100/848, Loss: 4.1696
2025-05-18 20:29:39,453 - transvg_coordinates_fixed_20250518_185059 - INFO - Train metrics: l1_loss: 0.4578 | giou_loss: 0.9403 | total_loss: 4.1696
2025-05-18 20:29:57,849 - transvg_coordinates_fixed_20250518_185059 - INFO - Epoch 18, Batch 150/848, Loss: 3.6997
2025-05-18 20:29:57,850 - transvg_coordinates_fixed_20250518_185059 - INFO - Train metrics: l1_loss: 0.3852 | giou_loss: 0.8868 | total_loss: 3.6997
2025-05-18 20:30:16,082 - transvg_coordinates_fixed_20250518_185059 - INFO - Epoch 18, Batch 200/848, Loss: 3.2283
2025-05-18 20:30:16,082 - transvg_coordinates_fixed_20250518_185059 - INFO - Train metrics: l1_loss: 0.3310 | giou_loss: 0.7867 | total_loss: 3.2283
2025-05-18 20:30:34,309 - transvg_coordinates_fixed_20250518_185059 - INFO - Epoch 18, Batch 250/848, Loss: 4.4420
2025-05-18 20:30:34,309 - transvg_coordinates_fixed_20250518_185059 - INFO - Train metrics: l1_loss: 0.4682 | giou_loss: 1.0505 | total_loss: 4.4420
2025-05-18 20:30:52,583 - transvg_coordinates_fixed_20250518_185059 - INFO - Epoch 18, Batch 300/848, Loss: 4.4086
2025-05-18 20:30:52,583 - transvg_coordinates_fixed_20250518_185059 - INFO - Train metrics: l1_loss: 0.4888 | giou_loss: 0.9824 | total_loss: 4.4086
2025-05-18 20:31:10,777 - transvg_coordinates_fixed_20250518_185059 - INFO - Epoch 18, Batch 350/848, Loss: 3.8574
2025-05-18 20:31:10,777 - transvg_coordinates_fixed_20250518_185059 - INFO - Train metrics: l1_loss: 0.4161 | giou_loss: 0.8884 | total_loss: 3.8574
2025-05-18 20:31:29,056 - transvg_coordinates_fixed_20250518_185059 - INFO - Epoch 18, Batch 400/848, Loss: 4.4383
2025-05-18 20:31:29,056 - transvg_coordinates_fixed_20250518_185059 - INFO - Train metrics: l1_loss: 0.4863 | giou_loss: 1.0035 | total_loss: 4.4383
2025-05-18 20:31:47,309 - transvg_coordinates_fixed_20250518_185059 - INFO - Epoch 18, Batch 450/848, Loss: 4.4266
2025-05-18 20:31:47,309 - transvg_coordinates_fixed_20250518_185059 - INFO - Train metrics: l1_loss: 0.4962 | giou_loss: 0.9727 | total_loss: 4.4266
2025-05-18 20:32:05,585 - transvg_coordinates_fixed_20250518_185059 - INFO - Epoch 18, Batch 500/848, Loss: 3.6768
2025-05-18 20:32:05,586 - transvg_coordinates_fixed_20250518_185059 - INFO - Train metrics: l1_loss: 0.3817 | giou_loss: 0.8841 | total_loss: 3.6768
2025-05-18 20:32:23,908 - transvg_coordinates_fixed_20250518_185059 - INFO - Epoch 18, Batch 550/848, Loss: 4.0491
2025-05-18 20:32:23,908 - transvg_coordinates_fixed_20250518_185059 - INFO - Train metrics: l1_loss: 0.4080 | giou_loss: 1.0045 | total_loss: 4.0491
2025-05-18 20:32:42,195 - transvg_coordinates_fixed_20250518_185059 - INFO - Epoch 18, Batch 600/848, Loss: 4.2250
2025-05-18 20:32:42,195 - transvg_coordinates_fixed_20250518_185059 - INFO - Train metrics: l1_loss: 0.4541 | giou_loss: 0.9772 | total_loss: 4.2250
2025-05-18 20:33:00,539 - transvg_coordinates_fixed_20250518_185059 - INFO - Epoch 18, Batch 650/848, Loss: 4.0258
2025-05-18 20:33:00,539 - transvg_coordinates_fixed_20250518_185059 - INFO - Train metrics: l1_loss: 0.4216 | giou_loss: 0.9588 | total_loss: 4.0258
2025-05-18 20:33:18,862 - transvg_coordinates_fixed_20250518_185059 - INFO - Epoch 18, Batch 700/848, Loss: 4.5831
2025-05-18 20:33:18,862 - transvg_coordinates_fixed_20250518_185059 - INFO - Train metrics: l1_loss: 0.5110 | giou_loss: 1.0141 | total_loss: 4.5831
2025-05-18 20:33:37,194 - transvg_coordinates_fixed_20250518_185059 - INFO - Epoch 18, Batch 750/848, Loss: 3.7340
2025-05-18 20:33:37,194 - transvg_coordinates_fixed_20250518_185059 - INFO - Train metrics: l1_loss: 0.3778 | giou_loss: 0.9225 | total_loss: 3.7340
2025-05-18 20:33:55,426 - transvg_coordinates_fixed_20250518_185059 - INFO - Epoch 18, Batch 800/848, Loss: 3.7031
2025-05-18 20:33:55,426 - transvg_coordinates_fixed_20250518_185059 - INFO - Train metrics: l1_loss: 0.4022 | giou_loss: 0.8461 | total_loss: 3.7031
2025-05-18 20:34:12,599 - transvg_coordinates_fixed_20250518_185059 - INFO - Train Epoch 18, Loss: 4.1019
2025-05-18 20:34:28,849 - transvg_coordinates_fixed_20250518_185059 - INFO - Pred box sample: [87.1045913696289, 61.21388244628906, 255.63595581054688, 211.74771118164062]
2025-05-18 20:34:28,849 - transvg_coordinates_fixed_20250518_185059 - INFO - Target box sample: [207.0, 198.0, 287.0, 283.0]
2025-05-18 20:34:28,938 - transvg_coordinates_fixed_20250518_185059 - INFO - Validation Epoch 18, Loss: 4.5024
2025-05-18 20:34:28,939 - transvg_coordinates_fixed_20250518_185059 - INFO - Val metrics: Acc@0.25: 0.3227 | Acc@0.5: 0.1208 | Acc@0.75: 0.0167 | mIoU: 0.1842 | medianIoU: 0.0840 | mae_x1: 100.1709 | mae_y1: 99.0281 | mae_x2: 100.8431 | mae_y2: 96.8700 | center_x_error: 86.1779 | center_y_error: 82.3576 | width_error: 2.3392 | height_error: 2.2934 | loss: 4.5024
2025-05-18 20:34:29,553 - transvg_coordinates_fixed_20250518_185059 - INFO - Saved model checkpoint to /home/pokle/Trans-VG/visual_grounding/checkpoints/transvg_coordinates_fixed_20250518_185059_epoch18.pth
2025-05-18 20:34:29,554 - transvg_coordinates_fixed_20250518_185059 - INFO - Epoch 19/200
2025-05-18 20:34:30,626 - transvg_coordinates_fixed_20250518_185059 - INFO - Epoch 19, Batch 0/848, Loss: 4.1496
2025-05-18 20:34:30,626 - transvg_coordinates_fixed_20250518_185059 - INFO - Train metrics: l1_loss: 0.4326 | giou_loss: 0.9932 | total_loss: 4.1496
2025-05-18 20:34:48,959 - transvg_coordinates_fixed_20250518_185059 - INFO - Epoch 19, Batch 50/848, Loss: 3.7842
2025-05-18 20:34:48,960 - transvg_coordinates_fixed_20250518_185059 - INFO - Train metrics: l1_loss: 0.4091 | giou_loss: 0.8695 | total_loss: 3.7842
2025-05-18 20:35:07,338 - transvg_coordinates_fixed_20250518_185059 - INFO - Epoch 19, Batch 100/848, Loss: 3.7619
2025-05-18 20:35:07,338 - transvg_coordinates_fixed_20250518_185059 - INFO - Train metrics: l1_loss: 0.3840 | giou_loss: 0.9209 | total_loss: 3.7619
2025-05-18 20:35:25,800 - transvg_coordinates_fixed_20250518_185059 - INFO - Epoch 19, Batch 150/848, Loss: 4.4711
2025-05-18 20:35:25,800 - transvg_coordinates_fixed_20250518_185059 - INFO - Train metrics: l1_loss: 0.5001 | giou_loss: 0.9852 | total_loss: 4.4711
2025-05-18 20:35:44,196 - transvg_coordinates_fixed_20250518_185059 - INFO - Epoch 19, Batch 200/848, Loss: 3.9986
2025-05-18 20:35:44,196 - transvg_coordinates_fixed_20250518_185059 - INFO - Train metrics: l1_loss: 0.4268 | giou_loss: 0.9322 | total_loss: 3.9986
2025-05-18 20:36:02,605 - transvg_coordinates_fixed_20250518_185059 - INFO - Epoch 19, Batch 250/848, Loss: 4.6670
2025-05-18 20:36:02,605 - transvg_coordinates_fixed_20250518_185059 - INFO - Train metrics: l1_loss: 0.5118 | giou_loss: 1.0540 | total_loss: 4.6670
2025-05-18 20:36:21,021 - transvg_coordinates_fixed_20250518_185059 - INFO - Epoch 19, Batch 300/848, Loss: 3.5679
2025-05-18 20:36:21,021 - transvg_coordinates_fixed_20250518_185059 - INFO - Train metrics: l1_loss: 0.3662 | giou_loss: 0.8684 | total_loss: 3.5679
2025-05-18 20:36:39,432 - transvg_coordinates_fixed_20250518_185059 - INFO - Epoch 19, Batch 350/848, Loss: 4.1648
2025-05-18 20:36:39,432 - transvg_coordinates_fixed_20250518_185059 - INFO - Train metrics: l1_loss: 0.4570 | giou_loss: 0.9399 | total_loss: 4.1648
2025-05-18 20:36:57,793 - transvg_coordinates_fixed_20250518_185059 - INFO - Epoch 19, Batch 400/848, Loss: 4.4550
2025-05-18 20:36:57,793 - transvg_coordinates_fixed_20250518_185059 - INFO - Train metrics: l1_loss: 0.4823 | giou_loss: 1.0217 | total_loss: 4.4550
2025-05-18 20:37:16,266 - transvg_coordinates_fixed_20250518_185059 - INFO - Epoch 19, Batch 450/848, Loss: 4.2091
2025-05-18 20:37:16,266 - transvg_coordinates_fixed_20250518_185059 - INFO - Train metrics: l1_loss: 0.4542 | giou_loss: 0.9690 | total_loss: 4.2091
2025-05-18 20:37:34,836 - transvg_coordinates_fixed_20250518_185059 - INFO - Epoch 19, Batch 500/848, Loss: 3.5139
2025-05-18 20:37:34,836 - transvg_coordinates_fixed_20250518_185059 - INFO - Train metrics: l1_loss: 0.3555 | giou_loss: 0.8681 | total_loss: 3.5139
2025-05-18 20:37:53,277 - transvg_coordinates_fixed_20250518_185059 - INFO - Epoch 19, Batch 550/848, Loss: 4.8692
2025-05-18 20:37:53,278 - transvg_coordinates_fixed_20250518_185059 - INFO - Train metrics: l1_loss: 0.5549 | giou_loss: 1.0473 | total_loss: 4.8692
2025-05-18 20:38:11,751 - transvg_coordinates_fixed_20250518_185059 - INFO - Epoch 19, Batch 600/848, Loss: 3.5182
2025-05-18 20:38:11,751 - transvg_coordinates_fixed_20250518_185059 - INFO - Train metrics: l1_loss: 0.3536 | giou_loss: 0.8751 | total_loss: 3.5182
2025-05-18 20:38:30,198 - transvg_coordinates_fixed_20250518_185059 - INFO - Epoch 19, Batch 650/848, Loss: 4.0935
2025-05-18 20:38:30,199 - transvg_coordinates_fixed_20250518_185059 - INFO - Train metrics: l1_loss: 0.4558 | giou_loss: 0.9073 | total_loss: 4.0935
2025-05-18 20:38:48,582 - transvg_coordinates_fixed_20250518_185059 - INFO - Epoch 19, Batch 700/848, Loss: 4.3962
2025-05-18 20:38:48,583 - transvg_coordinates_fixed_20250518_185059 - INFO - Train metrics: l1_loss: 0.4857 | giou_loss: 0.9838 | total_loss: 4.3962
2025-05-18 20:39:07,063 - transvg_coordinates_fixed_20250518_185059 - INFO - Epoch 19, Batch 750/848, Loss: 4.5953
2025-05-18 20:39:07,063 - transvg_coordinates_fixed_20250518_185059 - INFO - Train metrics: l1_loss: 0.4962 | giou_loss: 1.0572 | total_loss: 4.5953
2025-05-18 20:39:25,415 - transvg_coordinates_fixed_20250518_185059 - INFO - Epoch 19, Batch 800/848, Loss: 3.9146
2025-05-18 20:39:25,415 - transvg_coordinates_fixed_20250518_185059 - INFO - Train metrics: l1_loss: 0.4216 | giou_loss: 0.9032 | total_loss: 3.9146
2025-05-18 20:39:42,578 - transvg_coordinates_fixed_20250518_185059 - INFO - Train Epoch 19, Loss: 4.0812
2025-05-18 20:39:58,935 - transvg_coordinates_fixed_20250518_185059 - INFO - Pred box sample: [71.9421615600586, 90.19125366210938, 242.76632690429688, 286.973388671875]
2025-05-18 20:39:58,935 - transvg_coordinates_fixed_20250518_185059 - INFO - Target box sample: [207.0, 198.0, 287.0, 283.0]
2025-05-18 20:39:59,005 - transvg_coordinates_fixed_20250518_185059 - INFO - Validation Epoch 19, Loss: 4.5249
2025-05-18 20:39:59,005 - transvg_coordinates_fixed_20250518_185059 - INFO - Val metrics: Acc@0.25: 0.3153 | Acc@0.5: 0.1137 | Acc@0.75: 0.0154 | mIoU: 0.1820 | medianIoU: 0.0814 | mae_x1: 99.8642 | mae_y1: 98.5668 | mae_x2: 101.1450 | mae_y2: 100.8533 | center_x_error: 86.1252 | center_y_error: 83.4171 | width_error: 2.3766 | height_error: 2.3432 | loss: 4.5249
2025-05-18 20:39:59,633 - transvg_coordinates_fixed_20250518_185059 - INFO - Saved model checkpoint to /home/pokle/Trans-VG/visual_grounding/checkpoints/transvg_coordinates_fixed_20250518_185059_epoch19.pth
2025-05-18 20:39:59,634 - transvg_coordinates_fixed_20250518_185059 - INFO - Epoch 20/200
2025-05-18 20:40:00,726 - transvg_coordinates_fixed_20250518_185059 - INFO - Epoch 20, Batch 0/848, Loss: 3.6056
2025-05-18 20:40:00,727 - transvg_coordinates_fixed_20250518_185059 - INFO - Train metrics: l1_loss: 0.3884 | giou_loss: 0.8319 | total_loss: 3.6056
2025-05-18 20:40:18,812 - transvg_coordinates_fixed_20250518_185059 - INFO - Epoch 20, Batch 50/848, Loss: 4.2381
2025-05-18 20:40:18,813 - transvg_coordinates_fixed_20250518_185059 - INFO - Train metrics: l1_loss: 0.4487 | giou_loss: 0.9972 | total_loss: 4.2381
2025-05-18 20:40:37,044 - transvg_coordinates_fixed_20250518_185059 - INFO - Epoch 20, Batch 100/848, Loss: 4.5309
2025-05-18 20:40:37,045 - transvg_coordinates_fixed_20250518_185059 - INFO - Train metrics: l1_loss: 0.4958 | giou_loss: 1.0261 | total_loss: 4.5309
2025-05-18 20:40:55,328 - transvg_coordinates_fixed_20250518_185059 - INFO - Epoch 20, Batch 150/848, Loss: 4.0646
2025-05-18 20:40:55,328 - transvg_coordinates_fixed_20250518_185059 - INFO - Train metrics: l1_loss: 0.4114 | giou_loss: 1.0037 | total_loss: 4.0646
2025-05-18 20:41:13,574 - transvg_coordinates_fixed_20250518_185059 - INFO - Epoch 20, Batch 200/848, Loss: 4.0927
2025-05-18 20:41:13,574 - transvg_coordinates_fixed_20250518_185059 - INFO - Train metrics: l1_loss: 0.4339 | giou_loss: 0.9616 | total_loss: 4.0927
2025-05-18 20:41:31,862 - transvg_coordinates_fixed_20250518_185059 - INFO - Epoch 20, Batch 250/848, Loss: 4.6662
2025-05-18 20:41:31,862 - transvg_coordinates_fixed_20250518_185059 - INFO - Train metrics: l1_loss: 0.5060 | giou_loss: 1.0680 | total_loss: 4.6662
2025-05-18 20:41:50,274 - transvg_coordinates_fixed_20250518_185059 - INFO - Epoch 20, Batch 300/848, Loss: 3.4665
2025-05-18 20:41:50,274 - transvg_coordinates_fixed_20250518_185059 - INFO - Train metrics: l1_loss: 0.3748 | giou_loss: 0.7963 | total_loss: 3.4665
2025-05-18 20:42:08,822 - transvg_coordinates_fixed_20250518_185059 - INFO - Epoch 20, Batch 350/848, Loss: 4.4003
2025-05-18 20:42:08,822 - transvg_coordinates_fixed_20250518_185059 - INFO - Train metrics: l1_loss: 0.4707 | giou_loss: 1.0235 | total_loss: 4.4003
2025-05-18 20:42:27,318 - transvg_coordinates_fixed_20250518_185059 - INFO - Epoch 20, Batch 400/848, Loss: 4.4674
2025-05-18 20:42:27,318 - transvg_coordinates_fixed_20250518_185059 - INFO - Train metrics: l1_loss: 0.4718 | giou_loss: 1.0541 | total_loss: 4.4674
2025-05-18 20:42:45,779 - transvg_coordinates_fixed_20250518_185059 - INFO - Epoch 20, Batch 450/848, Loss: 4.0924
2025-05-18 20:42:45,779 - transvg_coordinates_fixed_20250518_185059 - INFO - Train metrics: l1_loss: 0.4330 | giou_loss: 0.9638 | total_loss: 4.0924
2025-05-18 20:43:04,174 - transvg_coordinates_fixed_20250518_185059 - INFO - Epoch 20, Batch 500/848, Loss: 3.5818
2025-05-18 20:43:04,174 - transvg_coordinates_fixed_20250518_185059 - INFO - Train metrics: l1_loss: 0.3712 | giou_loss: 0.8630 | total_loss: 3.5818
2025-05-18 20:43:22,613 - transvg_coordinates_fixed_20250518_185059 - INFO - Epoch 20, Batch 550/848, Loss: 3.8010
2025-05-18 20:43:22,613 - transvg_coordinates_fixed_20250518_185059 - INFO - Train metrics: l1_loss: 0.3936 | giou_loss: 0.9164 | total_loss: 3.8010
2025-05-18 20:43:41,041 - transvg_coordinates_fixed_20250518_185059 - INFO - Epoch 20, Batch 600/848, Loss: 4.0293
2025-05-18 20:43:41,041 - transvg_coordinates_fixed_20250518_185059 - INFO - Train metrics: l1_loss: 0.4244 | giou_loss: 0.9536 | total_loss: 4.0293
2025-05-18 20:43:59,510 - transvg_coordinates_fixed_20250518_185059 - INFO - Epoch 20, Batch 650/848, Loss: 3.7893
2025-05-18 20:43:59,511 - transvg_coordinates_fixed_20250518_185059 - INFO - Train metrics: l1_loss: 0.3951 | giou_loss: 0.9069 | total_loss: 3.7893
2025-05-18 20:44:17,941 - transvg_coordinates_fixed_20250518_185059 - INFO - Epoch 20, Batch 700/848, Loss: 3.5965
2025-05-18 20:44:17,941 - transvg_coordinates_fixed_20250518_185059 - INFO - Train metrics: l1_loss: 0.3862 | giou_loss: 0.8328 | total_loss: 3.5965
2025-05-18 20:44:36,302 - transvg_coordinates_fixed_20250518_185059 - INFO - Epoch 20, Batch 750/848, Loss: 3.7925
2025-05-18 20:44:36,302 - transvg_coordinates_fixed_20250518_185059 - INFO - Train metrics: l1_loss: 0.3896 | giou_loss: 0.9223 | total_loss: 3.7925
2025-05-18 20:44:54,702 - transvg_coordinates_fixed_20250518_185059 - INFO - Epoch 20, Batch 800/848, Loss: 4.7195
2025-05-18 20:44:54,702 - transvg_coordinates_fixed_20250518_185059 - INFO - Train metrics: l1_loss: 0.5352 | giou_loss: 1.0218 | total_loss: 4.7195
2025-05-18 20:45:12,029 - transvg_coordinates_fixed_20250518_185059 - INFO - Train Epoch 20, Loss: 4.0647
2025-05-18 20:45:28,285 - transvg_coordinates_fixed_20250518_185059 - INFO - Pred box sample: [63.90415573120117, 93.44774627685547, 231.44967651367188, 241.5668182373047]
2025-05-18 20:45:28,286 - transvg_coordinates_fixed_20250518_185059 - INFO - Target box sample: [207.0, 198.0, 287.0, 283.0]
2025-05-18 20:45:28,367 - transvg_coordinates_fixed_20250518_185059 - INFO - Validation Epoch 20, Loss: 4.5156
2025-05-18 20:45:28,367 - transvg_coordinates_fixed_20250518_185059 - INFO - Val metrics: Acc@0.25: 0.3270 | Acc@0.5: 0.1208 | Acc@0.75: 0.0130 | mIoU: 0.1855 | medianIoU: 0.0861 | mae_x1: 101.3494 | mae_y1: 97.4658 | mae_x2: 100.8370 | mae_y2: 100.3300 | center_x_error: 86.8116 | center_y_error: 82.7162 | width_error: 2.3798 | height_error: 2.3657 | loss: 4.5156
2025-05-18 20:45:29,010 - transvg_coordinates_fixed_20250518_185059 - INFO - Saved model checkpoint to /home/pokle/Trans-VG/visual_grounding/checkpoints/transvg_coordinates_fixed_20250518_185059_epoch20.pth
2025-05-18 20:45:29,011 - transvg_coordinates_fixed_20250518_185059 - INFO - Epoch 21/200
2025-05-18 20:45:30,058 - transvg_coordinates_fixed_20250518_185059 - INFO - Epoch 21, Batch 0/848, Loss: 3.5761
2025-05-18 20:45:30,058 - transvg_coordinates_fixed_20250518_185059 - INFO - Train metrics: l1_loss: 0.3642 | giou_loss: 0.8775 | total_loss: 3.5761
2025-05-18 20:45:48,283 - transvg_coordinates_fixed_20250518_185059 - INFO - Epoch 21, Batch 50/848, Loss: 4.1496
2025-05-18 20:45:48,283 - transvg_coordinates_fixed_20250518_185059 - INFO - Train metrics: l1_loss: 0.4337 | giou_loss: 0.9906 | total_loss: 4.1496
2025-05-18 20:46:06,450 - transvg_coordinates_fixed_20250518_185059 - INFO - Epoch 21, Batch 100/848, Loss: 4.1891
2025-05-18 20:46:06,450 - transvg_coordinates_fixed_20250518_185059 - INFO - Train metrics: l1_loss: 0.4277 | giou_loss: 1.0252 | total_loss: 4.1891
2025-05-18 20:46:24,748 - transvg_coordinates_fixed_20250518_185059 - INFO - Epoch 21, Batch 150/848, Loss: 3.9702
2025-05-18 20:46:24,748 - transvg_coordinates_fixed_20250518_185059 - INFO - Train metrics: l1_loss: 0.4046 | giou_loss: 0.9736 | total_loss: 3.9702
2025-05-18 20:46:43,040 - transvg_coordinates_fixed_20250518_185059 - INFO - Epoch 21, Batch 200/848, Loss: 3.9463
2025-05-18 20:46:43,040 - transvg_coordinates_fixed_20250518_185059 - INFO - Train metrics: l1_loss: 0.4156 | giou_loss: 0.9342 | total_loss: 3.9463
2025-05-18 20:47:01,336 - transvg_coordinates_fixed_20250518_185059 - INFO - Epoch 21, Batch 250/848, Loss: 4.0273
2025-05-18 20:47:01,336 - transvg_coordinates_fixed_20250518_185059 - INFO - Train metrics: l1_loss: 0.4057 | giou_loss: 0.9994 | total_loss: 4.0273
2025-05-18 20:47:19,677 - transvg_coordinates_fixed_20250518_185059 - INFO - Epoch 21, Batch 300/848, Loss: 4.1016
2025-05-18 20:47:19,677 - transvg_coordinates_fixed_20250518_185059 - INFO - Train metrics: l1_loss: 0.4473 | giou_loss: 0.9327 | total_loss: 4.1016
2025-05-18 20:47:38,111 - transvg_coordinates_fixed_20250518_185059 - INFO - Epoch 21, Batch 350/848, Loss: 3.6223
2025-05-18 20:47:38,111 - transvg_coordinates_fixed_20250518_185059 - INFO - Train metrics: l1_loss: 0.3539 | giou_loss: 0.9265 | total_loss: 3.6223
2025-05-18 20:47:56,590 - transvg_coordinates_fixed_20250518_185059 - INFO - Epoch 21, Batch 400/848, Loss: 4.4605
2025-05-18 20:47:56,591 - transvg_coordinates_fixed_20250518_185059 - INFO - Train metrics: l1_loss: 0.4868 | giou_loss: 1.0133 | total_loss: 4.4605
2025-05-18 20:48:15,023 - transvg_coordinates_fixed_20250518_185059 - INFO - Epoch 21, Batch 450/848, Loss: 3.9031
2025-05-18 20:48:15,024 - transvg_coordinates_fixed_20250518_185059 - INFO - Train metrics: l1_loss: 0.4222 | giou_loss: 0.8960 | total_loss: 3.9031
2025-05-18 20:48:33,446 - transvg_coordinates_fixed_20250518_185059 - INFO - Epoch 21, Batch 500/848, Loss: 3.6755
2025-05-18 20:48:33,446 - transvg_coordinates_fixed_20250518_185059 - INFO - Train metrics: l1_loss: 0.3701 | giou_loss: 0.9125 | total_loss: 3.6755
2025-05-18 20:48:51,891 - transvg_coordinates_fixed_20250518_185059 - INFO - Epoch 21, Batch 550/848, Loss: 3.6786
2025-05-18 20:48:51,892 - transvg_coordinates_fixed_20250518_185059 - INFO - Train metrics: l1_loss: 0.4019 | giou_loss: 0.8345 | total_loss: 3.6786
2025-05-18 20:49:10,259 - transvg_coordinates_fixed_20250518_185059 - INFO - Epoch 21, Batch 600/848, Loss: 4.2682
2025-05-18 20:49:10,259 - transvg_coordinates_fixed_20250518_185059 - INFO - Train metrics: l1_loss: 0.4565 | giou_loss: 0.9929 | total_loss: 4.2682
2025-05-18 20:49:28,563 - transvg_coordinates_fixed_20250518_185059 - INFO - Epoch 21, Batch 650/848, Loss: 4.1918
2025-05-18 20:49:28,563 - transvg_coordinates_fixed_20250518_185059 - INFO - Train metrics: l1_loss: 0.4504 | giou_loss: 0.9699 | total_loss: 4.1918
2025-05-18 20:49:46,962 - transvg_coordinates_fixed_20250518_185059 - INFO - Epoch 21, Batch 700/848, Loss: 4.1027
2025-05-18 20:49:46,963 - transvg_coordinates_fixed_20250518_185059 - INFO - Train metrics: l1_loss: 0.4506 | giou_loss: 0.9249 | total_loss: 4.1027
2025-05-18 20:50:05,419 - transvg_coordinates_fixed_20250518_185059 - INFO - Epoch 21, Batch 750/848, Loss: 4.0151
2025-05-18 20:50:05,419 - transvg_coordinates_fixed_20250518_185059 - INFO - Train metrics: l1_loss: 0.4591 | giou_loss: 0.8599 | total_loss: 4.0151
2025-05-18 20:50:23,874 - transvg_coordinates_fixed_20250518_185059 - INFO - Epoch 21, Batch 800/848, Loss: 4.7826
2025-05-18 20:50:23,874 - transvg_coordinates_fixed_20250518_185059 - INFO - Train metrics: l1_loss: 0.5216 | giou_loss: 1.0872 | total_loss: 4.7826
2025-05-18 20:50:41,237 - transvg_coordinates_fixed_20250518_185059 - INFO - Train Epoch 21, Loss: 4.0438
2025-05-18 20:50:57,574 - transvg_coordinates_fixed_20250518_185059 - INFO - Pred box sample: [66.65337371826172, 89.48507690429688, 236.25631713867188, 235.37110900878906]
2025-05-18 20:50:57,574 - transvg_coordinates_fixed_20250518_185059 - INFO - Target box sample: [207.0, 198.0, 287.0, 283.0]
2025-05-18 20:50:57,656 - transvg_coordinates_fixed_20250518_185059 - INFO - Validation Epoch 21, Loss: 4.5783
2025-05-18 20:50:57,656 - transvg_coordinates_fixed_20250518_185059 - INFO - Val metrics: Acc@0.25: 0.3166 | Acc@0.5: 0.1166 | Acc@0.75: 0.0162 | mIoU: 0.1807 | medianIoU: 0.0796 | mae_x1: 104.3985 | mae_y1: 97.8741 | mae_x2: 103.4403 | mae_y2: 99.2800 | center_x_error: 89.0308 | center_y_error: 83.5914 | width_error: 2.4589 | height_error: 2.1900 | loss: 4.5783
2025-05-18 20:50:58,319 - transvg_coordinates_fixed_20250518_185059 - INFO - Saved model checkpoint to /home/pokle/Trans-VG/visual_grounding/checkpoints/transvg_coordinates_fixed_20250518_185059_epoch21.pth
2025-05-18 20:50:58,320 - transvg_coordinates_fixed_20250518_185059 - INFO - Epoch 22/200
2025-05-18 20:50:59,480 - transvg_coordinates_fixed_20250518_185059 - INFO - Epoch 22, Batch 0/848, Loss: 3.7627
2025-05-18 20:50:59,480 - transvg_coordinates_fixed_20250518_185059 - INFO - Train metrics: l1_loss: 0.3894 | giou_loss: 0.9078 | total_loss: 3.7627
2025-05-18 20:51:17,790 - transvg_coordinates_fixed_20250518_185059 - INFO - Epoch 22, Batch 50/848, Loss: 3.9877
2025-05-18 20:51:17,790 - transvg_coordinates_fixed_20250518_185059 - INFO - Train metrics: l1_loss: 0.4402 | giou_loss: 0.8933 | total_loss: 3.9877
2025-05-18 20:51:36,305 - transvg_coordinates_fixed_20250518_185059 - INFO - Epoch 22, Batch 100/848, Loss: 3.9607
2025-05-18 20:51:36,305 - transvg_coordinates_fixed_20250518_185059 - INFO - Train metrics: l1_loss: 0.4203 | giou_loss: 0.9295 | total_loss: 3.9607
2025-05-18 20:51:54,771 - transvg_coordinates_fixed_20250518_185059 - INFO - Epoch 22, Batch 150/848, Loss: 4.2642
2025-05-18 20:51:54,771 - transvg_coordinates_fixed_20250518_185059 - INFO - Train metrics: l1_loss: 0.4443 | giou_loss: 1.0215 | total_loss: 4.2642
2025-05-18 20:52:13,267 - transvg_coordinates_fixed_20250518_185059 - INFO - Epoch 22, Batch 200/848, Loss: 3.8390
2025-05-18 20:52:13,267 - transvg_coordinates_fixed_20250518_185059 - INFO - Train metrics: l1_loss: 0.3996 | giou_loss: 0.9204 | total_loss: 3.8390
2025-05-18 20:52:31,751 - transvg_coordinates_fixed_20250518_185059 - INFO - Epoch 22, Batch 250/848, Loss: 4.4184
2025-05-18 20:52:31,751 - transvg_coordinates_fixed_20250518_185059 - INFO - Train metrics: l1_loss: 0.4893 | giou_loss: 0.9859 | total_loss: 4.4184
2025-05-18 20:52:50,287 - transvg_coordinates_fixed_20250518_185059 - INFO - Epoch 22, Batch 300/848, Loss: 3.6420
2025-05-18 20:52:50,287 - transvg_coordinates_fixed_20250518_185059 - INFO - Train metrics: l1_loss: 0.3745 | giou_loss: 0.8847 | total_loss: 3.6420
2025-05-18 20:53:08,789 - transvg_coordinates_fixed_20250518_185059 - INFO - Epoch 22, Batch 350/848, Loss: 3.5753
2025-05-18 20:53:08,789 - transvg_coordinates_fixed_20250518_185059 - INFO - Train metrics: l1_loss: 0.3761 | giou_loss: 0.8474 | total_loss: 3.5753
2025-05-18 20:53:27,295 - transvg_coordinates_fixed_20250518_185059 - INFO - Epoch 22, Batch 400/848, Loss: 3.9253
2025-05-18 20:53:27,295 - transvg_coordinates_fixed_20250518_185059 - INFO - Train metrics: l1_loss: 0.4047 | giou_loss: 0.9509 | total_loss: 3.9253
2025-05-18 20:53:45,895 - transvg_coordinates_fixed_20250518_185059 - INFO - Epoch 22, Batch 450/848, Loss: 3.6478
2025-05-18 20:53:45,895 - transvg_coordinates_fixed_20250518_185059 - INFO - Train metrics: l1_loss: 0.3652 | giou_loss: 0.9109 | total_loss: 3.6478
2025-05-18 20:54:04,415 - transvg_coordinates_fixed_20250518_185059 - INFO - Epoch 22, Batch 500/848, Loss: 4.3200
2025-05-18 20:54:04,415 - transvg_coordinates_fixed_20250518_185059 - INFO - Train metrics: l1_loss: 0.4555 | giou_loss: 1.0213 | total_loss: 4.3200
2025-05-18 20:54:22,979 - transvg_coordinates_fixed_20250518_185059 - INFO - Epoch 22, Batch 550/848, Loss: 3.7427
2025-05-18 20:54:22,979 - transvg_coordinates_fixed_20250518_185059 - INFO - Train metrics: l1_loss: 0.3887 | giou_loss: 0.8995 | total_loss: 3.7427
2025-05-18 20:54:41,450 - transvg_coordinates_fixed_20250518_185059 - INFO - Epoch 22, Batch 600/848, Loss: 3.4666
2025-05-18 20:54:41,450 - transvg_coordinates_fixed_20250518_185059 - INFO - Train metrics: l1_loss: 0.3711 | giou_loss: 0.8055 | total_loss: 3.4666
2025-05-18 20:55:00,014 - transvg_coordinates_fixed_20250518_185059 - INFO - Epoch 22, Batch 650/848, Loss: 3.9962
2025-05-18 20:55:00,014 - transvg_coordinates_fixed_20250518_185059 - INFO - Train metrics: l1_loss: 0.4393 | giou_loss: 0.8998 | total_loss: 3.9962
2025-05-18 20:55:18,599 - transvg_coordinates_fixed_20250518_185059 - INFO - Epoch 22, Batch 700/848, Loss: 3.7930
2025-05-18 20:55:18,599 - transvg_coordinates_fixed_20250518_185059 - INFO - Train metrics: l1_loss: 0.4044 | giou_loss: 0.8855 | total_loss: 3.7930
2025-05-18 20:55:37,162 - transvg_coordinates_fixed_20250518_185059 - INFO - Epoch 22, Batch 750/848, Loss: 4.1410
2025-05-18 20:55:37,162 - transvg_coordinates_fixed_20250518_185059 - INFO - Train metrics: l1_loss: 0.4199 | giou_loss: 1.0209 | total_loss: 4.1410
2025-05-18 20:55:55,754 - transvg_coordinates_fixed_20250518_185059 - INFO - Epoch 22, Batch 800/848, Loss: 3.3685
2025-05-18 20:55:55,754 - transvg_coordinates_fixed_20250518_185059 - INFO - Train metrics: l1_loss: 0.3351 | giou_loss: 0.8465 | total_loss: 3.3685
2025-05-18 20:56:13,203 - transvg_coordinates_fixed_20250518_185059 - INFO - Train Epoch 22, Loss: 4.0240
2025-05-18 20:56:29,591 - transvg_coordinates_fixed_20250518_185059 - INFO - Pred box sample: [79.05844116210938, 64.57646942138672, 242.01205444335938, 202.64666748046875]
2025-05-18 20:56:29,591 - transvg_coordinates_fixed_20250518_185059 - INFO - Target box sample: [207.0, 198.0, 287.0, 283.0]
2025-05-18 20:56:29,677 - transvg_coordinates_fixed_20250518_185059 - INFO - Validation Epoch 22, Loss: 4.5753
2025-05-18 20:56:29,677 - transvg_coordinates_fixed_20250518_185059 - INFO - Val metrics: Acc@0.25: 0.3158 | Acc@0.5: 0.1092 | Acc@0.75: 0.0151 | mIoU: 0.1793 | medianIoU: 0.0765 | mae_x1: 100.9215 | mae_y1: 100.1024 | mae_x2: 104.6674 | mae_y2: 99.7759 | center_x_error: 87.8950 | center_y_error: 85.0498 | width_error: 2.3872 | height_error: 2.2546 | loss: 4.5753
2025-05-18 20:56:30,322 - transvg_coordinates_fixed_20250518_185059 - INFO - Saved model checkpoint to /home/pokle/Trans-VG/visual_grounding/checkpoints/transvg_coordinates_fixed_20250518_185059_epoch22.pth
2025-05-18 20:56:30,323 - transvg_coordinates_fixed_20250518_185059 - INFO - Epoch 23/200
2025-05-18 20:56:31,395 - transvg_coordinates_fixed_20250518_185059 - INFO - Epoch 23, Batch 0/848, Loss: 3.9033
2025-05-18 20:56:31,395 - transvg_coordinates_fixed_20250518_185059 - INFO - Train metrics: l1_loss: 0.3917 | giou_loss: 0.9723 | total_loss: 3.9033
2025-05-18 20:56:49,571 - transvg_coordinates_fixed_20250518_185059 - INFO - Epoch 23, Batch 50/848, Loss: 3.5958
2025-05-18 20:56:49,571 - transvg_coordinates_fixed_20250518_185059 - INFO - Train metrics: l1_loss: 0.3553 | giou_loss: 0.9097 | total_loss: 3.5958
2025-05-18 20:57:07,903 - transvg_coordinates_fixed_20250518_185059 - INFO - Epoch 23, Batch 100/848, Loss: 4.6239
2025-05-18 20:57:07,903 - transvg_coordinates_fixed_20250518_185059 - INFO - Train metrics: l1_loss: 0.5201 | giou_loss: 1.0116 | total_loss: 4.6239
2025-05-18 20:57:26,287 - transvg_coordinates_fixed_20250518_185059 - INFO - Epoch 23, Batch 150/848, Loss: 3.7914
2025-05-18 20:57:26,287 - transvg_coordinates_fixed_20250518_185059 - INFO - Train metrics: l1_loss: 0.3826 | giou_loss: 0.9393 | total_loss: 3.7914
2025-05-18 20:57:44,709 - transvg_coordinates_fixed_20250518_185059 - INFO - Epoch 23, Batch 200/848, Loss: 3.8195
2025-05-18 20:57:44,710 - transvg_coordinates_fixed_20250518_185059 - INFO - Train metrics: l1_loss: 0.3957 | giou_loss: 0.9204 | total_loss: 3.8195
2025-05-18 20:58:03,049 - transvg_coordinates_fixed_20250518_185059 - INFO - Epoch 23, Batch 250/848, Loss: 4.3071
2025-05-18 20:58:03,049 - transvg_coordinates_fixed_20250518_185059 - INFO - Train metrics: l1_loss: 0.4780 | giou_loss: 0.9586 | total_loss: 4.3071
2025-05-18 20:58:21,430 - transvg_coordinates_fixed_20250518_185059 - INFO - Epoch 23, Batch 300/848, Loss: 3.8528
2025-05-18 20:58:21,430 - transvg_coordinates_fixed_20250518_185059 - INFO - Train metrics: l1_loss: 0.4163 | giou_loss: 0.8858 | total_loss: 3.8528
2025-05-18 20:58:39,864 - transvg_coordinates_fixed_20250518_185059 - INFO - Epoch 23, Batch 350/848, Loss: 3.8228
2025-05-18 20:58:39,864 - transvg_coordinates_fixed_20250518_185059 - INFO - Train metrics: l1_loss: 0.3967 | giou_loss: 0.9197 | total_loss: 3.8228
2025-05-18 20:58:58,341 - transvg_coordinates_fixed_20250518_185059 - INFO - Epoch 23, Batch 400/848, Loss: 3.9967
2025-05-18 20:58:58,342 - transvg_coordinates_fixed_20250518_185059 - INFO - Train metrics: l1_loss: 0.4353 | giou_loss: 0.9101 | total_loss: 3.9967
2025-05-18 20:59:16,751 - transvg_coordinates_fixed_20250518_185059 - INFO - Epoch 23, Batch 450/848, Loss: 3.8593
2025-05-18 20:59:16,751 - transvg_coordinates_fixed_20250518_185059 - INFO - Train metrics: l1_loss: 0.4109 | giou_loss: 0.9023 | total_loss: 3.8593
2025-05-18 20:59:35,199 - transvg_coordinates_fixed_20250518_185059 - INFO - Epoch 23, Batch 500/848, Loss: 4.0312
2025-05-18 20:59:35,200 - transvg_coordinates_fixed_20250518_185059 - INFO - Train metrics: l1_loss: 0.4430 | giou_loss: 0.9081 | total_loss: 4.0312
2025-05-18 20:59:53,583 - transvg_coordinates_fixed_20250518_185059 - INFO - Epoch 23, Batch 550/848, Loss: 3.6905
2025-05-18 20:59:53,583 - transvg_coordinates_fixed_20250518_185059 - INFO - Train metrics: l1_loss: 0.3764 | giou_loss: 0.9042 | total_loss: 3.6905
2025-05-18 21:00:12,020 - transvg_coordinates_fixed_20250518_185059 - INFO - Epoch 23, Batch 600/848, Loss: 4.4527
2025-05-18 21:00:12,020 - transvg_coordinates_fixed_20250518_185059 - INFO - Train metrics: l1_loss: 0.4812 | giou_loss: 1.0232 | total_loss: 4.4527
2025-05-18 21:00:30,436 - transvg_coordinates_fixed_20250518_185059 - INFO - Epoch 23, Batch 650/848, Loss: 3.5750
2025-05-18 21:00:30,437 - transvg_coordinates_fixed_20250518_185059 - INFO - Train metrics: l1_loss: 0.3632 | giou_loss: 0.8795 | total_loss: 3.5750
2025-05-18 21:00:48,878 - transvg_coordinates_fixed_20250518_185059 - INFO - Epoch 23, Batch 700/848, Loss: 4.3053
2025-05-18 21:00:48,878 - transvg_coordinates_fixed_20250518_185059 - INFO - Train metrics: l1_loss: 0.4585 | giou_loss: 1.0065 | total_loss: 4.3053
2025-05-18 21:01:07,303 - transvg_coordinates_fixed_20250518_185059 - INFO - Epoch 23, Batch 750/848, Loss: 4.4241
2025-05-18 21:01:07,303 - transvg_coordinates_fixed_20250518_185059 - INFO - Train metrics: l1_loss: 0.4594 | giou_loss: 1.0636 | total_loss: 4.4241
2025-05-18 21:01:25,739 - transvg_coordinates_fixed_20250518_185059 - INFO - Epoch 23, Batch 800/848, Loss: 3.6973
2025-05-18 21:01:25,739 - transvg_coordinates_fixed_20250518_185059 - INFO - Train metrics: l1_loss: 0.3983 | giou_loss: 0.8528 | total_loss: 3.6973
2025-05-18 21:01:43,176 - transvg_coordinates_fixed_20250518_185059 - INFO - Train Epoch 23, Loss: 4.0113
2025-05-18 21:01:59,431 - transvg_coordinates_fixed_20250518_185059 - INFO - Pred box sample: [81.39080810546875, 80.11038970947266, 296.1972351074219, 233.92333984375]
2025-05-18 21:01:59,431 - transvg_coordinates_fixed_20250518_185059 - INFO - Target box sample: [207.0, 198.0, 287.0, 283.0]
2025-05-18 21:01:59,503 - transvg_coordinates_fixed_20250518_185059 - INFO - Validation Epoch 23, Loss: 4.5819
2025-05-18 21:01:59,503 - transvg_coordinates_fixed_20250518_185059 - INFO - Val metrics: Acc@0.25: 0.3201 | Acc@0.5: 0.1166 | Acc@0.75: 0.0186 | mIoU: 0.1836 | medianIoU: 0.0800 | mae_x1: 104.1522 | mae_y1: 103.4301 | mae_x2: 104.5379 | mae_y2: 99.7520 | center_x_error: 86.7582 | center_y_error: 85.8868 | width_error: 2.7574 | height_error: 2.3446 | loss: 4.5819
2025-05-18 21:02:00,126 - transvg_coordinates_fixed_20250518_185059 - INFO - Saved model checkpoint to /home/pokle/Trans-VG/visual_grounding/checkpoints/transvg_coordinates_fixed_20250518_185059_epoch23.pth
2025-05-18 21:02:00,127 - transvg_coordinates_fixed_20250518_185059 - INFO - Epoch 24/200
2025-05-18 21:02:01,208 - transvg_coordinates_fixed_20250518_185059 - INFO - Epoch 24, Batch 0/848, Loss: 3.9654
2025-05-18 21:02:01,208 - transvg_coordinates_fixed_20250518_185059 - INFO - Train metrics: l1_loss: 0.4246 | giou_loss: 0.9213 | total_loss: 3.9654
2025-05-18 21:02:19,318 - transvg_coordinates_fixed_20250518_185059 - INFO - Epoch 24, Batch 50/848, Loss: 4.0317
2025-05-18 21:02:19,318 - transvg_coordinates_fixed_20250518_185059 - INFO - Train metrics: l1_loss: 0.4100 | giou_loss: 0.9909 | total_loss: 4.0317
2025-05-18 21:02:37,516 - transvg_coordinates_fixed_20250518_185059 - INFO - Epoch 24, Batch 100/848, Loss: 3.8964
2025-05-18 21:02:37,516 - transvg_coordinates_fixed_20250518_185059 - INFO - Train metrics: l1_loss: 0.4144 | giou_loss: 0.9123 | total_loss: 3.8964
2025-05-18 21:02:55,792 - transvg_coordinates_fixed_20250518_185059 - INFO - Epoch 24, Batch 150/848, Loss: 4.3911
2025-05-18 21:02:55,792 - transvg_coordinates_fixed_20250518_185059 - INFO - Train metrics: l1_loss: 0.4710 | giou_loss: 1.0181 | total_loss: 4.3911
2025-05-18 21:03:14,107 - transvg_coordinates_fixed_20250518_185059 - INFO - Epoch 24, Batch 200/848, Loss: 4.4960
2025-05-18 21:03:14,108 - transvg_coordinates_fixed_20250518_185059 - INFO - Train metrics: l1_loss: 0.4674 | giou_loss: 1.0795 | total_loss: 4.4960
2025-05-18 21:03:32,429 - transvg_coordinates_fixed_20250518_185059 - INFO - Epoch 24, Batch 250/848, Loss: 4.5445
2025-05-18 21:03:32,429 - transvg_coordinates_fixed_20250518_185059 - INFO - Train metrics: l1_loss: 0.5091 | giou_loss: 0.9994 | total_loss: 4.5445
2025-05-18 21:03:50,703 - transvg_coordinates_fixed_20250518_185059 - INFO - Epoch 24, Batch 300/848, Loss: 4.0907
2025-05-18 21:03:50,703 - transvg_coordinates_fixed_20250518_185059 - INFO - Train metrics: l1_loss: 0.4567 | giou_loss: 0.9036 | total_loss: 4.0907
2025-05-18 21:04:08,997 - transvg_coordinates_fixed_20250518_185059 - INFO - Epoch 24, Batch 350/848, Loss: 3.8556
2025-05-18 21:04:08,997 - transvg_coordinates_fixed_20250518_185059 - INFO - Train metrics: l1_loss: 0.4113 | giou_loss: 0.8996 | total_loss: 3.8556
2025-05-18 21:04:27,275 - transvg_coordinates_fixed_20250518_185059 - INFO - Epoch 24, Batch 400/848, Loss: 3.8805
2025-05-18 21:04:27,276 - transvg_coordinates_fixed_20250518_185059 - INFO - Train metrics: l1_loss: 0.4383 | giou_loss: 0.8445 | total_loss: 3.8805
2025-05-18 21:04:45,577 - transvg_coordinates_fixed_20250518_185059 - INFO - Epoch 24, Batch 450/848, Loss: 3.5817
2025-05-18 21:04:45,578 - transvg_coordinates_fixed_20250518_185059 - INFO - Train metrics: l1_loss: 0.3612 | giou_loss: 0.8880 | total_loss: 3.5817
2025-05-18 21:05:03,994 - transvg_coordinates_fixed_20250518_185059 - INFO - Epoch 24, Batch 500/848, Loss: 3.9180
2025-05-18 21:05:03,994 - transvg_coordinates_fixed_20250518_185059 - INFO - Train metrics: l1_loss: 0.4094 | giou_loss: 0.9356 | total_loss: 3.9180
2025-05-18 21:05:22,288 - transvg_coordinates_fixed_20250518_185059 - INFO - Epoch 24, Batch 550/848, Loss: 4.3222
2025-05-18 21:05:22,288 - transvg_coordinates_fixed_20250518_185059 - INFO - Train metrics: l1_loss: 0.4571 | giou_loss: 1.0183 | total_loss: 4.3222
2025-05-18 21:05:40,674 - transvg_coordinates_fixed_20250518_185059 - INFO - Epoch 24, Batch 600/848, Loss: 4.3918
2025-05-18 21:05:40,674 - transvg_coordinates_fixed_20250518_185059 - INFO - Train metrics: l1_loss: 0.4738 | giou_loss: 1.0115 | total_loss: 4.3918
2025-05-18 21:05:59,107 - transvg_coordinates_fixed_20250518_185059 - INFO - Epoch 24, Batch 650/848, Loss: 3.9310
2025-05-18 21:05:59,108 - transvg_coordinates_fixed_20250518_185059 - INFO - Train metrics: l1_loss: 0.4168 | giou_loss: 0.9236 | total_loss: 3.9310
2025-05-18 21:06:17,512 - transvg_coordinates_fixed_20250518_185059 - INFO - Epoch 24, Batch 700/848, Loss: 4.7564
2025-05-18 21:06:17,513 - transvg_coordinates_fixed_20250518_185059 - INFO - Train metrics: l1_loss: 0.5354 | giou_loss: 1.0397 | total_loss: 4.7564
2025-05-18 21:06:35,852 - transvg_coordinates_fixed_20250518_185059 - INFO - Epoch 24, Batch 750/848, Loss: 4.4524
2025-05-18 21:06:35,852 - transvg_coordinates_fixed_20250518_185059 - INFO - Train metrics: l1_loss: 0.4935 | giou_loss: 0.9924 | total_loss: 4.4524
2025-05-18 21:06:54,203 - transvg_coordinates_fixed_20250518_185059 - INFO - Epoch 24, Batch 800/848, Loss: 4.7201
2025-05-18 21:06:54,203 - transvg_coordinates_fixed_20250518_185059 - INFO - Train metrics: l1_loss: 0.5129 | giou_loss: 1.0778 | total_loss: 4.7201
2025-05-18 21:07:11,489 - transvg_coordinates_fixed_20250518_185059 - INFO - Train Epoch 24, Loss: 3.9867
2025-05-18 21:07:27,992 - transvg_coordinates_fixed_20250518_185059 - INFO - Pred box sample: [96.4234619140625, 88.20333862304688, 234.35923767089844, 230.22113037109375]
2025-05-18 21:07:27,992 - transvg_coordinates_fixed_20250518_185059 - INFO - Target box sample: [207.0, 198.0, 287.0, 283.0]
2025-05-18 21:07:28,074 - transvg_coordinates_fixed_20250518_185059 - INFO - Validation Epoch 24, Loss: 4.6209
2025-05-18 21:07:28,074 - transvg_coordinates_fixed_20250518_185059 - INFO - Val metrics: Acc@0.25: 0.3113 | Acc@0.5: 0.1137 | Acc@0.75: 0.0167 | mIoU: 0.1802 | medianIoU: 0.0790 | mae_x1: 102.7485 | mae_y1: 103.2500 | mae_x2: 105.1364 | mae_y2: 98.7417 | center_x_error: 89.3138 | center_y_error: 86.0641 | width_error: 2.3336 | height_error: 2.2058 | loss: 4.6209
2025-05-18 21:07:28,704 - transvg_coordinates_fixed_20250518_185059 - INFO - Saved model checkpoint to /home/pokle/Trans-VG/visual_grounding/checkpoints/transvg_coordinates_fixed_20250518_185059_epoch24.pth
2025-05-18 21:07:28,704 - transvg_coordinates_fixed_20250518_185059 - INFO - Epoch 25/200
2025-05-18 21:07:29,724 - transvg_coordinates_fixed_20250518_185059 - INFO - Epoch 25, Batch 0/848, Loss: 4.1148
2025-05-18 21:07:29,724 - transvg_coordinates_fixed_20250518_185059 - INFO - Train metrics: l1_loss: 0.4428 | giou_loss: 0.9505 | total_loss: 4.1148
2025-05-18 21:07:47,985 - transvg_coordinates_fixed_20250518_185059 - INFO - Epoch 25, Batch 50/848, Loss: 4.4181
2025-05-18 21:07:47,986 - transvg_coordinates_fixed_20250518_185059 - INFO - Train metrics: l1_loss: 0.4863 | giou_loss: 0.9934 | total_loss: 4.4181
2025-05-18 21:08:06,388 - transvg_coordinates_fixed_20250518_185059 - INFO - Epoch 25, Batch 100/848, Loss: 3.9700
2025-05-18 21:08:06,389 - transvg_coordinates_fixed_20250518_185059 - INFO - Train metrics: l1_loss: 0.4234 | giou_loss: 0.9265 | total_loss: 3.9700
2025-05-18 21:08:24,719 - transvg_coordinates_fixed_20250518_185059 - INFO - Epoch 25, Batch 150/848, Loss: 4.2673
2025-05-18 21:08:24,720 - transvg_coordinates_fixed_20250518_185059 - INFO - Train metrics: l1_loss: 0.4641 | giou_loss: 0.9735 | total_loss: 4.2673
2025-05-18 21:08:43,017 - transvg_coordinates_fixed_20250518_185059 - INFO - Epoch 25, Batch 200/848, Loss: 3.9663
2025-05-18 21:08:43,017 - transvg_coordinates_fixed_20250518_185059 - INFO - Train metrics: l1_loss: 0.4272 | giou_loss: 0.9153 | total_loss: 3.9663
2025-05-18 21:09:01,347 - transvg_coordinates_fixed_20250518_185059 - INFO - Epoch 25, Batch 250/848, Loss: 3.3136
2025-05-18 21:09:01,347 - transvg_coordinates_fixed_20250518_185059 - INFO - Train metrics: l1_loss: 0.3199 | giou_loss: 0.8571 | total_loss: 3.3136
2025-05-18 21:09:19,632 - transvg_coordinates_fixed_20250518_185059 - INFO - Epoch 25, Batch 300/848, Loss: 3.7552
2025-05-18 21:09:19,632 - transvg_coordinates_fixed_20250518_185059 - INFO - Train metrics: l1_loss: 0.4001 | giou_loss: 0.8774 | total_loss: 3.7552
2025-05-18 21:09:37,905 - transvg_coordinates_fixed_20250518_185059 - INFO - Epoch 25, Batch 350/848, Loss: 3.8889
2025-05-18 21:09:37,906 - transvg_coordinates_fixed_20250518_185059 - INFO - Train metrics: l1_loss: 0.3996 | giou_loss: 0.9454 | total_loss: 3.8889
2025-05-18 21:09:56,435 - transvg_coordinates_fixed_20250518_185059 - INFO - Epoch 25, Batch 400/848, Loss: 4.3334
2025-05-18 21:09:56,435 - transvg_coordinates_fixed_20250518_185059 - INFO - Train metrics: l1_loss: 0.4710 | giou_loss: 0.9891 | total_loss: 4.3334
2025-05-18 21:10:14,781 - transvg_coordinates_fixed_20250518_185059 - INFO - Epoch 25, Batch 450/848, Loss: 3.5041
2025-05-18 21:10:14,782 - transvg_coordinates_fixed_20250518_185059 - INFO - Train metrics: l1_loss: 0.3492 | giou_loss: 0.8791 | total_loss: 3.5041
2025-05-18 21:10:33,094 - transvg_coordinates_fixed_20250518_185059 - INFO - Epoch 25, Batch 500/848, Loss: 3.6741
2025-05-18 21:10:33,094 - transvg_coordinates_fixed_20250518_185059 - INFO - Train metrics: l1_loss: 0.3850 | giou_loss: 0.8744 | total_loss: 3.6741
2025-05-18 21:10:51,370 - transvg_coordinates_fixed_20250518_185059 - INFO - Epoch 25, Batch 550/848, Loss: 3.9435
2025-05-18 21:10:51,370 - transvg_coordinates_fixed_20250518_185059 - INFO - Train metrics: l1_loss: 0.4244 | giou_loss: 0.9109 | total_loss: 3.9435
2025-05-18 21:11:09,609 - transvg_coordinates_fixed_20250518_185059 - INFO - Epoch 25, Batch 600/848, Loss: 4.3853
2025-05-18 21:11:09,609 - transvg_coordinates_fixed_20250518_185059 - INFO - Train metrics: l1_loss: 0.4737 | giou_loss: 1.0083 | total_loss: 4.3853
2025-05-18 21:11:27,846 - transvg_coordinates_fixed_20250518_185059 - INFO - Epoch 25, Batch 650/848, Loss: 3.5232
2025-05-18 21:11:27,846 - transvg_coordinates_fixed_20250518_185059 - INFO - Train metrics: l1_loss: 0.3695 | giou_loss: 0.8377 | total_loss: 3.5232
2025-05-18 21:11:46,091 - transvg_coordinates_fixed_20250518_185059 - INFO - Epoch 25, Batch 700/848, Loss: 3.9089
2025-05-18 21:11:46,091 - transvg_coordinates_fixed_20250518_185059 - INFO - Train metrics: l1_loss: 0.4074 | giou_loss: 0.9359 | total_loss: 3.9089
2025-05-18 21:12:04,404 - transvg_coordinates_fixed_20250518_185059 - INFO - Epoch 25, Batch 750/848, Loss: 3.7265
2025-05-18 21:12:04,404 - transvg_coordinates_fixed_20250518_185059 - INFO - Train metrics: l1_loss: 0.4166 | giou_loss: 0.8216 | total_loss: 3.7265
2025-05-18 21:12:22,752 - transvg_coordinates_fixed_20250518_185059 - INFO - Epoch 25, Batch 800/848, Loss: 3.9842
2025-05-18 21:12:22,752 - transvg_coordinates_fixed_20250518_185059 - INFO - Train metrics: l1_loss: 0.4211 | giou_loss: 0.9394 | total_loss: 3.9842
2025-05-18 21:12:40,072 - transvg_coordinates_fixed_20250518_185059 - INFO - Train Epoch 25, Loss: 3.9783
2025-05-18 21:12:56,311 - transvg_coordinates_fixed_20250518_185059 - INFO - Pred box sample: [88.07279205322266, 72.2518539428711, 293.5518798828125, 260.640625]
2025-05-18 21:12:56,312 - transvg_coordinates_fixed_20250518_185059 - INFO - Target box sample: [207.0, 198.0, 287.0, 283.0]
2025-05-18 21:12:56,392 - transvg_coordinates_fixed_20250518_185059 - INFO - Validation Epoch 25, Loss: 4.6216
2025-05-18 21:12:56,392 - transvg_coordinates_fixed_20250518_185059 - INFO - Val metrics: Acc@0.25: 0.3089 | Acc@0.5: 0.1147 | Acc@0.75: 0.0141 | mIoU: 0.1786 | medianIoU: 0.0757 | mae_x1: 101.5846 | mae_y1: 104.3861 | mae_x2: 107.0716 | mae_y2: 98.8783 | center_x_error: 89.4538 | center_y_error: 86.5113 | width_error: 2.4073 | height_error: 2.2712 | loss: 4.6216
2025-05-18 21:12:57,046 - transvg_coordinates_fixed_20250518_185059 - INFO - Saved model checkpoint to /home/pokle/Trans-VG/visual_grounding/checkpoints/transvg_coordinates_fixed_20250518_185059_epoch25.pth
2025-05-18 21:12:57,046 - transvg_coordinates_fixed_20250518_185059 - INFO - Epoch 26/200
2025-05-18 21:12:58,100 - transvg_coordinates_fixed_20250518_185059 - INFO - Epoch 26, Batch 0/848, Loss: 4.0052
2025-05-18 21:12:58,101 - transvg_coordinates_fixed_20250518_185059 - INFO - Train metrics: l1_loss: 0.4223 | giou_loss: 0.9469 | total_loss: 4.0052
2025-05-18 21:13:16,248 - transvg_coordinates_fixed_20250518_185059 - INFO - Epoch 26, Batch 50/848, Loss: 4.3755
2025-05-18 21:13:16,249 - transvg_coordinates_fixed_20250518_185059 - INFO - Train metrics: l1_loss: 0.4623 | giou_loss: 1.0320 | total_loss: 4.3755
2025-05-18 21:13:34,377 - transvg_coordinates_fixed_20250518_185059 - INFO - Epoch 26, Batch 100/848, Loss: 4.0066
2025-05-18 21:13:34,378 - transvg_coordinates_fixed_20250518_185059 - INFO - Train metrics: l1_loss: 0.4218 | giou_loss: 0.9487 | total_loss: 4.0066
2025-05-18 21:13:52,612 - transvg_coordinates_fixed_20250518_185059 - INFO - Epoch 26, Batch 150/848, Loss: 3.8624
2025-05-18 21:13:52,612 - transvg_coordinates_fixed_20250518_185059 - INFO - Train metrics: l1_loss: 0.4018 | giou_loss: 0.9267 | total_loss: 3.8624
2025-05-18 21:14:10,854 - transvg_coordinates_fixed_20250518_185059 - INFO - Epoch 26, Batch 200/848, Loss: 3.9200
2025-05-18 21:14:10,855 - transvg_coordinates_fixed_20250518_185059 - INFO - Train metrics: l1_loss: 0.4171 | giou_loss: 0.9173 | total_loss: 3.9200
2025-05-18 21:14:29,058 - transvg_coordinates_fixed_20250518_185059 - INFO - Epoch 26, Batch 250/848, Loss: 4.1035
2025-05-18 21:14:29,059 - transvg_coordinates_fixed_20250518_185059 - INFO - Train metrics: l1_loss: 0.4367 | giou_loss: 0.9600 | total_loss: 4.1035
2025-05-18 21:14:47,218 - transvg_coordinates_fixed_20250518_185059 - INFO - Epoch 26, Batch 300/848, Loss: 3.5535
2025-05-18 21:14:47,218 - transvg_coordinates_fixed_20250518_185059 - INFO - Train metrics: l1_loss: 0.3564 | giou_loss: 0.8858 | total_loss: 3.5535
2025-05-18 21:15:05,482 - transvg_coordinates_fixed_20250518_185059 - INFO - Epoch 26, Batch 350/848, Loss: 3.9273
2025-05-18 21:15:05,482 - transvg_coordinates_fixed_20250518_185059 - INFO - Train metrics: l1_loss: 0.4091 | giou_loss: 0.9410 | total_loss: 3.9273
2025-05-18 21:15:23,764 - transvg_coordinates_fixed_20250518_185059 - INFO - Epoch 26, Batch 400/848, Loss: 4.1181
2025-05-18 21:15:23,764 - transvg_coordinates_fixed_20250518_185059 - INFO - Train metrics: l1_loss: 0.4458 | giou_loss: 0.9446 | total_loss: 4.1181
2025-05-18 21:15:42,000 - transvg_coordinates_fixed_20250518_185059 - INFO - Epoch 26, Batch 450/848, Loss: 3.5429
2025-05-18 21:15:42,000 - transvg_coordinates_fixed_20250518_185059 - INFO - Train metrics: l1_loss: 0.3651 | giou_loss: 0.8586 | total_loss: 3.5429
2025-05-18 21:16:00,294 - transvg_coordinates_fixed_20250518_185059 - INFO - Epoch 26, Batch 500/848, Loss: 3.7966
2025-05-18 21:16:00,294 - transvg_coordinates_fixed_20250518_185059 - INFO - Train metrics: l1_loss: 0.3912 | giou_loss: 0.9204 | total_loss: 3.7966
2025-05-18 21:16:18,570 - transvg_coordinates_fixed_20250518_185059 - INFO - Epoch 26, Batch 550/848, Loss: 3.7565
2025-05-18 21:16:18,571 - transvg_coordinates_fixed_20250518_185059 - INFO - Train metrics: l1_loss: 0.3666 | giou_loss: 0.9617 | total_loss: 3.7565
2025-05-18 21:16:36,891 - transvg_coordinates_fixed_20250518_185059 - INFO - Epoch 26, Batch 600/848, Loss: 4.7641
2025-05-18 21:16:36,891 - transvg_coordinates_fixed_20250518_185059 - INFO - Train metrics: l1_loss: 0.5253 | giou_loss: 1.0689 | total_loss: 4.7641
2025-05-18 21:16:55,125 - transvg_coordinates_fixed_20250518_185059 - INFO - Epoch 26, Batch 650/848, Loss: 3.6070
2025-05-18 21:16:55,125 - transvg_coordinates_fixed_20250518_185059 - INFO - Train metrics: l1_loss: 0.3836 | giou_loss: 0.8446 | total_loss: 3.6070
2025-05-18 21:17:13,417 - transvg_coordinates_fixed_20250518_185059 - INFO - Epoch 26, Batch 700/848, Loss: 4.5415
2025-05-18 21:17:13,418 - transvg_coordinates_fixed_20250518_185059 - INFO - Train metrics: l1_loss: 0.5151 | giou_loss: 0.9830 | total_loss: 4.5415
2025-05-18 21:17:31,660 - transvg_coordinates_fixed_20250518_185059 - INFO - Epoch 26, Batch 750/848, Loss: 3.8519
2025-05-18 21:17:31,660 - transvg_coordinates_fixed_20250518_185059 - INFO - Train metrics: l1_loss: 0.3992 | giou_loss: 0.9280 | total_loss: 3.8519
2025-05-18 21:17:50,051 - transvg_coordinates_fixed_20250518_185059 - INFO - Epoch 26, Batch 800/848, Loss: 3.5404
2025-05-18 21:17:50,051 - transvg_coordinates_fixed_20250518_185059 - INFO - Train metrics: l1_loss: 0.3632 | giou_loss: 0.8621 | total_loss: 3.5404
2025-05-18 21:18:07,131 - transvg_coordinates_fixed_20250518_185059 - INFO - Train Epoch 26, Loss: 3.9655
2025-05-18 21:18:23,223 - transvg_coordinates_fixed_20250518_185059 - INFO - Pred box sample: [95.84125518798828, 70.46424102783203, 257.114013671875, 257.6752624511719]
2025-05-18 21:18:23,223 - transvg_coordinates_fixed_20250518_185059 - INFO - Target box sample: [207.0, 198.0, 287.0, 283.0]
2025-05-18 21:18:23,305 - transvg_coordinates_fixed_20250518_185059 - INFO - Validation Epoch 26, Loss: 4.5670
2025-05-18 21:18:23,305 - transvg_coordinates_fixed_20250518_185059 - INFO - Val metrics: Acc@0.25: 0.3232 | Acc@0.5: 0.1198 | Acc@0.75: 0.0154 | mIoU: 0.1855 | medianIoU: 0.0869 | mae_x1: 104.6624 | mae_y1: 103.0796 | mae_x2: 103.8874 | mae_y2: 99.9618 | center_x_error: 88.0130 | center_y_error: 84.0138 | width_error: 2.5189 | height_error: 2.5162 | loss: 4.5670
2025-05-18 21:18:23,927 - transvg_coordinates_fixed_20250518_185059 - INFO - Saved model checkpoint to /home/pokle/Trans-VG/visual_grounding/checkpoints/transvg_coordinates_fixed_20250518_185059_epoch26.pth
2025-05-18 21:18:23,928 - transvg_coordinates_fixed_20250518_185059 - INFO - Epoch 27/200
2025-05-18 21:18:24,964 - transvg_coordinates_fixed_20250518_185059 - INFO - Epoch 27, Batch 0/848, Loss: 4.1275
2025-05-18 21:18:24,965 - transvg_coordinates_fixed_20250518_185059 - INFO - Train metrics: l1_loss: 0.4458 | giou_loss: 0.9493 | total_loss: 4.1275
2025-05-18 21:18:43,305 - transvg_coordinates_fixed_20250518_185059 - INFO - Epoch 27, Batch 50/848, Loss: 3.9209
2025-05-18 21:18:43,306 - transvg_coordinates_fixed_20250518_185059 - INFO - Train metrics: l1_loss: 0.4185 | giou_loss: 0.9141 | total_loss: 3.9209
2025-05-18 21:19:01,733 - transvg_coordinates_fixed_20250518_185059 - INFO - Epoch 27, Batch 100/848, Loss: 3.8932
2025-05-18 21:19:01,733 - transvg_coordinates_fixed_20250518_185059 - INFO - Train metrics: l1_loss: 0.4118 | giou_loss: 0.9171 | total_loss: 3.8932
2025-05-18 21:19:20,115 - transvg_coordinates_fixed_20250518_185059 - INFO - Epoch 27, Batch 150/848, Loss: 4.0356
2025-05-18 21:19:20,116 - transvg_coordinates_fixed_20250518_185059 - INFO - Train metrics: l1_loss: 0.4283 | giou_loss: 0.9470 | total_loss: 4.0356
2025-05-18 21:19:38,451 - transvg_coordinates_fixed_20250518_185059 - INFO - Epoch 27, Batch 200/848, Loss: 3.8448
2025-05-18 21:19:38,451 - transvg_coordinates_fixed_20250518_185059 - INFO - Train metrics: l1_loss: 0.3995 | giou_loss: 0.9236 | total_loss: 3.8448
2025-05-18 21:19:56,893 - transvg_coordinates_fixed_20250518_185059 - INFO - Epoch 27, Batch 250/848, Loss: 3.7534
2025-05-18 21:19:56,894 - transvg_coordinates_fixed_20250518_185059 - INFO - Train metrics: l1_loss: 0.3818 | giou_loss: 0.9221 | total_loss: 3.7534
2025-05-18 21:20:15,250 - transvg_coordinates_fixed_20250518_185059 - INFO - Epoch 27, Batch 300/848, Loss: 3.4905
2025-05-18 21:20:15,250 - transvg_coordinates_fixed_20250518_185059 - INFO - Train metrics: l1_loss: 0.3510 | giou_loss: 0.8677 | total_loss: 3.4905
2025-05-18 21:20:33,614 - transvg_coordinates_fixed_20250518_185059 - INFO - Epoch 27, Batch 350/848, Loss: 4.1991
2025-05-18 21:20:33,614 - transvg_coordinates_fixed_20250518_185059 - INFO - Train metrics: l1_loss: 0.4492 | giou_loss: 0.9765 | total_loss: 4.1991
2025-05-18 21:20:51,998 - transvg_coordinates_fixed_20250518_185059 - INFO - Epoch 27, Batch 400/848, Loss: 3.5720
2025-05-18 21:20:51,998 - transvg_coordinates_fixed_20250518_185059 - INFO - Train metrics: l1_loss: 0.3437 | giou_loss: 0.9267 | total_loss: 3.5720
2025-05-18 21:21:10,289 - transvg_coordinates_fixed_20250518_185059 - INFO - Epoch 27, Batch 450/848, Loss: 4.0213
2025-05-18 21:21:10,289 - transvg_coordinates_fixed_20250518_185059 - INFO - Train metrics: l1_loss: 0.4308 | giou_loss: 0.9337 | total_loss: 4.0213
2025-05-18 21:21:28,645 - transvg_coordinates_fixed_20250518_185059 - INFO - Epoch 27, Batch 500/848, Loss: 3.3818
2025-05-18 21:21:28,646 - transvg_coordinates_fixed_20250518_185059 - INFO - Train metrics: l1_loss: 0.3493 | giou_loss: 0.8178 | total_loss: 3.3818
2025-05-18 21:21:47,000 - transvg_coordinates_fixed_20250518_185059 - INFO - Epoch 27, Batch 550/848, Loss: 3.5913
2025-05-18 21:21:47,000 - transvg_coordinates_fixed_20250518_185059 - INFO - Train metrics: l1_loss: 0.3734 | giou_loss: 0.8622 | total_loss: 3.5913
2025-05-18 21:22:05,318 - transvg_coordinates_fixed_20250518_185059 - INFO - Epoch 27, Batch 600/848, Loss: 4.7150
2025-05-18 21:22:05,318 - transvg_coordinates_fixed_20250518_185059 - INFO - Train metrics: l1_loss: 0.5322 | giou_loss: 1.0270 | total_loss: 4.7150
2025-05-18 21:22:23,676 - transvg_coordinates_fixed_20250518_185059 - INFO - Epoch 27, Batch 650/848, Loss: 3.9764
2025-05-18 21:22:23,677 - transvg_coordinates_fixed_20250518_185059 - INFO - Train metrics: l1_loss: 0.4202 | giou_loss: 0.9378 | total_loss: 3.9764
2025-05-18 21:22:42,054 - transvg_coordinates_fixed_20250518_185059 - INFO - Epoch 27, Batch 700/848, Loss: 4.1760
2025-05-18 21:22:42,054 - transvg_coordinates_fixed_20250518_185059 - INFO - Train metrics: l1_loss: 0.4470 | giou_loss: 0.9705 | total_loss: 4.1760
2025-05-18 21:23:00,442 - transvg_coordinates_fixed_20250518_185059 - INFO - Epoch 27, Batch 750/848, Loss: 3.6547
2025-05-18 21:23:00,442 - transvg_coordinates_fixed_20250518_185059 - INFO - Train metrics: l1_loss: 0.4112 | giou_loss: 0.7993 | total_loss: 3.6547
2025-05-18 21:23:18,864 - transvg_coordinates_fixed_20250518_185059 - INFO - Epoch 27, Batch 800/848, Loss: 3.7406
2025-05-18 21:23:18,864 - transvg_coordinates_fixed_20250518_185059 - INFO - Train metrics: l1_loss: 0.3848 | giou_loss: 0.9083 | total_loss: 3.7406
2025-05-18 21:23:36,139 - transvg_coordinates_fixed_20250518_185059 - INFO - Train Epoch 27, Loss: 3.9463
2025-05-18 21:23:52,743 - transvg_coordinates_fixed_20250518_185059 - INFO - Pred box sample: [61.00330352783203, 84.6999282836914, 246.4018096923828, 265.3971252441406]
2025-05-18 21:23:52,743 - transvg_coordinates_fixed_20250518_185059 - INFO - Target box sample: [207.0, 198.0, 287.0, 283.0]
2025-05-18 21:23:52,812 - transvg_coordinates_fixed_20250518_185059 - INFO - Validation Epoch 27, Loss: 4.5720
2025-05-18 21:23:52,812 - transvg_coordinates_fixed_20250518_185059 - INFO - Val metrics: Acc@0.25: 0.3190 | Acc@0.5: 0.1153 | Acc@0.75: 0.0135 | mIoU: 0.1827 | medianIoU: 0.0807 | mae_x1: 102.2973 | mae_y1: 99.9318 | mae_x2: 105.3581 | mae_y2: 99.4809 | center_x_error: 88.7170 | center_y_error: 84.3318 | width_error: 2.4934 | height_error: 2.2115 | loss: 4.5720
2025-05-18 21:23:53,417 - transvg_coordinates_fixed_20250518_185059 - INFO - Saved model checkpoint to /home/pokle/Trans-VG/visual_grounding/checkpoints/transvg_coordinates_fixed_20250518_185059_epoch27.pth
2025-05-18 21:23:53,418 - transvg_coordinates_fixed_20250518_185059 - INFO - Epoch 28/200
2025-05-18 21:23:54,468 - transvg_coordinates_fixed_20250518_185059 - INFO - Epoch 28, Batch 0/848, Loss: 4.0248
2025-05-18 21:23:54,468 - transvg_coordinates_fixed_20250518_185059 - INFO - Train metrics: l1_loss: 0.4377 | giou_loss: 0.9181 | total_loss: 4.0248
2025-05-18 21:24:12,655 - transvg_coordinates_fixed_20250518_185059 - INFO - Epoch 28, Batch 50/848, Loss: 3.4146
2025-05-18 21:24:12,655 - transvg_coordinates_fixed_20250518_185059 - INFO - Train metrics: l1_loss: 0.3500 | giou_loss: 0.8324 | total_loss: 3.4146
2025-05-18 21:24:30,917 - transvg_coordinates_fixed_20250518_185059 - INFO - Epoch 28, Batch 100/848, Loss: 3.6354
2025-05-18 21:24:30,918 - transvg_coordinates_fixed_20250518_185059 - INFO - Train metrics: l1_loss: 0.3750 | giou_loss: 0.8802 | total_loss: 3.6354
2025-05-18 21:24:49,183 - transvg_coordinates_fixed_20250518_185059 - INFO - Epoch 28, Batch 150/848, Loss: 3.5193
2025-05-18 21:24:49,183 - transvg_coordinates_fixed_20250518_185059 - INFO - Train metrics: l1_loss: 0.3710 | giou_loss: 0.8321 | total_loss: 3.5193
2025-05-18 21:25:07,415 - transvg_coordinates_fixed_20250518_185059 - INFO - Epoch 28, Batch 200/848, Loss: 3.7109
2025-05-18 21:25:07,415 - transvg_coordinates_fixed_20250518_185059 - INFO - Train metrics: l1_loss: 0.3638 | giou_loss: 0.9460 | total_loss: 3.7109
2025-05-18 21:25:25,831 - transvg_coordinates_fixed_20250518_185059 - INFO - Epoch 28, Batch 250/848, Loss: 3.6925
2025-05-18 21:25:25,831 - transvg_coordinates_fixed_20250518_185059 - INFO - Train metrics: l1_loss: 0.3819 | giou_loss: 0.8914 | total_loss: 3.6925
2025-05-18 21:25:44,065 - transvg_coordinates_fixed_20250518_185059 - INFO - Epoch 28, Batch 300/848, Loss: 3.9589
2025-05-18 21:25:44,065 - transvg_coordinates_fixed_20250518_185059 - INFO - Train metrics: l1_loss: 0.4306 | giou_loss: 0.9030 | total_loss: 3.9589
2025-05-18 21:26:02,332 - transvg_coordinates_fixed_20250518_185059 - INFO - Epoch 28, Batch 350/848, Loss: 3.8681
2025-05-18 21:26:02,333 - transvg_coordinates_fixed_20250518_185059 - INFO - Train metrics: l1_loss: 0.4144 | giou_loss: 0.8982 | total_loss: 3.8681
2025-05-18 21:26:20,624 - transvg_coordinates_fixed_20250518_185059 - INFO - Epoch 28, Batch 400/848, Loss: 3.7982
2025-05-18 21:26:20,624 - transvg_coordinates_fixed_20250518_185059 - INFO - Train metrics: l1_loss: 0.4029 | giou_loss: 0.8919 | total_loss: 3.7982
2025-05-18 21:26:38,939 - transvg_coordinates_fixed_20250518_185059 - INFO - Epoch 28, Batch 450/848, Loss: 3.7289
2025-05-18 21:26:38,939 - transvg_coordinates_fixed_20250518_185059 - INFO - Train metrics: l1_loss: 0.3929 | giou_loss: 0.8823 | total_loss: 3.7289
2025-05-18 21:26:57,248 - transvg_coordinates_fixed_20250518_185059 - INFO - Epoch 28, Batch 500/848, Loss: 3.5709
2025-05-18 21:26:57,248 - transvg_coordinates_fixed_20250518_185059 - INFO - Train metrics: l1_loss: 0.3863 | giou_loss: 0.8196 | total_loss: 3.5709
2025-05-18 21:27:15,583 - transvg_coordinates_fixed_20250518_185059 - INFO - Epoch 28, Batch 550/848, Loss: 3.8682
2025-05-18 21:27:15,583 - transvg_coordinates_fixed_20250518_185059 - INFO - Train metrics: l1_loss: 0.4190 | giou_loss: 0.8867 | total_loss: 3.8682
2025-05-18 21:27:33,848 - transvg_coordinates_fixed_20250518_185059 - INFO - Epoch 28, Batch 600/848, Loss: 4.1293
2025-05-18 21:27:33,848 - transvg_coordinates_fixed_20250518_185059 - INFO - Train metrics: l1_loss: 0.4260 | giou_loss: 0.9996 | total_loss: 4.1293
2025-05-18 21:27:52,148 - transvg_coordinates_fixed_20250518_185059 - INFO - Epoch 28, Batch 650/848, Loss: 4.8980
2025-05-18 21:27:52,148 - transvg_coordinates_fixed_20250518_185059 - INFO - Train metrics: l1_loss: 0.5662 | giou_loss: 1.0334 | total_loss: 4.8980
2025-05-18 21:28:10,518 - transvg_coordinates_fixed_20250518_185059 - INFO - Epoch 28, Batch 700/848, Loss: 3.8566
2025-05-18 21:28:10,518 - transvg_coordinates_fixed_20250518_185059 - INFO - Train metrics: l1_loss: 0.3902 | giou_loss: 0.9527 | total_loss: 3.8566
2025-05-18 21:28:28,839 - transvg_coordinates_fixed_20250518_185059 - INFO - Epoch 28, Batch 750/848, Loss: 3.5872
2025-05-18 21:28:28,839 - transvg_coordinates_fixed_20250518_185059 - INFO - Train metrics: l1_loss: 0.3759 | giou_loss: 0.8538 | total_loss: 3.5872
2025-05-18 21:28:47,153 - transvg_coordinates_fixed_20250518_185059 - INFO - Epoch 28, Batch 800/848, Loss: 4.7104
2025-05-18 21:28:47,154 - transvg_coordinates_fixed_20250518_185059 - INFO - Train metrics: l1_loss: 0.5155 | giou_loss: 1.0663 | total_loss: 4.7104
2025-05-18 21:29:04,384 - transvg_coordinates_fixed_20250518_185059 - INFO - Train Epoch 28, Loss: 3.9319
2025-05-18 21:29:21,044 - transvg_coordinates_fixed_20250518_185059 - INFO - Pred box sample: [67.33985900878906, 90.37562561035156, 250.01068115234375, 211.61468505859375]
2025-05-18 21:29:21,044 - transvg_coordinates_fixed_20250518_185059 - INFO - Target box sample: [207.0, 198.0, 287.0, 283.0]
2025-05-18 21:29:21,115 - transvg_coordinates_fixed_20250518_185059 - INFO - Validation Epoch 28, Loss: 4.6135
2025-05-18 21:29:21,116 - transvg_coordinates_fixed_20250518_185059 - INFO - Val metrics: Acc@0.25: 0.3121 | Acc@0.5: 0.1150 | Acc@0.75: 0.0130 | mIoU: 0.1787 | medianIoU: 0.0753 | mae_x1: 102.4310 | mae_y1: 99.0133 | mae_x2: 102.2397 | mae_y2: 101.5509 | center_x_error: 88.1570 | center_y_error: 86.3883 | width_error: 2.2580 | height_error: 2.0180 | loss: 4.6135
2025-05-18 21:29:21,753 - transvg_coordinates_fixed_20250518_185059 - INFO - Saved model checkpoint to /home/pokle/Trans-VG/visual_grounding/checkpoints/transvg_coordinates_fixed_20250518_185059_epoch28.pth
2025-05-18 21:29:21,753 - transvg_coordinates_fixed_20250518_185059 - INFO - Epoch 29/200
2025-05-18 21:29:22,798 - transvg_coordinates_fixed_20250518_185059 - INFO - Epoch 29, Batch 0/848, Loss: 4.2077
2025-05-18 21:29:22,798 - transvg_coordinates_fixed_20250518_185059 - INFO - Train metrics: l1_loss: 0.4466 | giou_loss: 0.9873 | total_loss: 4.2077
2025-05-18 21:29:40,762 - transvg_coordinates_fixed_20250518_185059 - INFO - Epoch 29, Batch 50/848, Loss: 3.9180
2025-05-18 21:29:40,762 - transvg_coordinates_fixed_20250518_185059 - INFO - Train metrics: l1_loss: 0.4097 | giou_loss: 0.9348 | total_loss: 3.9180
2025-05-18 21:29:58,960 - transvg_coordinates_fixed_20250518_185059 - INFO - Epoch 29, Batch 100/848, Loss: 4.4727
2025-05-18 21:29:58,961 - transvg_coordinates_fixed_20250518_185059 - INFO - Train metrics: l1_loss: 0.5034 | giou_loss: 0.9778 | total_loss: 4.4727
2025-05-18 21:30:17,121 - transvg_coordinates_fixed_20250518_185059 - INFO - Epoch 29, Batch 150/848, Loss: 3.7004
2025-05-18 21:30:17,121 - transvg_coordinates_fixed_20250518_185059 - INFO - Train metrics: l1_loss: 0.3923 | giou_loss: 0.8695 | total_loss: 3.7004
2025-05-18 21:30:35,276 - transvg_coordinates_fixed_20250518_185059 - INFO - Epoch 29, Batch 200/848, Loss: 4.1920
2025-05-18 21:30:35,276 - transvg_coordinates_fixed_20250518_185059 - INFO - Train metrics: l1_loss: 0.4502 | giou_loss: 0.9706 | total_loss: 4.1920
2025-05-18 21:30:53,526 - transvg_coordinates_fixed_20250518_185059 - INFO - Epoch 29, Batch 250/848, Loss: 4.0488
2025-05-18 21:30:53,526 - transvg_coordinates_fixed_20250518_185059 - INFO - Train metrics: l1_loss: 0.4366 | giou_loss: 0.9328 | total_loss: 4.0488
2025-05-18 21:31:11,790 - transvg_coordinates_fixed_20250518_185059 - INFO - Epoch 29, Batch 300/848, Loss: 3.9198
2025-05-18 21:31:11,790 - transvg_coordinates_fixed_20250518_185059 - INFO - Train metrics: l1_loss: 0.3987 | giou_loss: 0.9631 | total_loss: 3.9198
2025-05-18 21:31:30,053 - transvg_coordinates_fixed_20250518_185059 - INFO - Epoch 29, Batch 350/848, Loss: 3.6115
2025-05-18 21:31:30,053 - transvg_coordinates_fixed_20250518_185059 - INFO - Train metrics: l1_loss: 0.3701 | giou_loss: 0.8804 | total_loss: 3.6115
2025-05-18 21:31:48,317 - transvg_coordinates_fixed_20250518_185059 - INFO - Epoch 29, Batch 400/848, Loss: 3.9690
2025-05-18 21:31:48,317 - transvg_coordinates_fixed_20250518_185059 - INFO - Train metrics: l1_loss: 0.4271 | giou_loss: 0.9167 | total_loss: 3.9690
2025-05-18 21:32:06,647 - transvg_coordinates_fixed_20250518_185059 - INFO - Epoch 29, Batch 450/848, Loss: 4.5323
2025-05-18 21:32:06,647 - transvg_coordinates_fixed_20250518_185059 - INFO - Train metrics: l1_loss: 0.4754 | giou_loss: 1.0776 | total_loss: 4.5323
2025-05-18 21:32:24,995 - transvg_coordinates_fixed_20250518_185059 - INFO - Epoch 29, Batch 500/848, Loss: 3.6457
2025-05-18 21:32:24,995 - transvg_coordinates_fixed_20250518_185059 - INFO - Train metrics: l1_loss: 0.4087 | giou_loss: 0.8010 | total_loss: 3.6457
2025-05-18 21:32:43,287 - transvg_coordinates_fixed_20250518_185059 - INFO - Epoch 29, Batch 550/848, Loss: 3.7908
2025-05-18 21:32:43,287 - transvg_coordinates_fixed_20250518_185059 - INFO - Train metrics: l1_loss: 0.3951 | giou_loss: 0.9076 | total_loss: 3.7908
2025-05-18 21:33:01,567 - transvg_coordinates_fixed_20250518_185059 - INFO - Epoch 29, Batch 600/848, Loss: 4.1729
2025-05-18 21:33:01,567 - transvg_coordinates_fixed_20250518_185059 - INFO - Train metrics: l1_loss: 0.4628 | giou_loss: 0.9294 | total_loss: 4.1729
2025-05-18 21:33:19,907 - transvg_coordinates_fixed_20250518_185059 - INFO - Epoch 29, Batch 650/848, Loss: 3.9491
2025-05-18 21:33:19,907 - transvg_coordinates_fixed_20250518_185059 - INFO - Train metrics: l1_loss: 0.4105 | giou_loss: 0.9483 | total_loss: 3.9491
2025-05-18 21:33:38,432 - transvg_coordinates_fixed_20250518_185059 - INFO - Epoch 29, Batch 700/848, Loss: 4.0452
2025-05-18 21:33:38,432 - transvg_coordinates_fixed_20250518_185059 - INFO - Train metrics: l1_loss: 0.4159 | giou_loss: 0.9828 | total_loss: 4.0452
2025-05-18 21:33:56,766 - transvg_coordinates_fixed_20250518_185059 - INFO - Epoch 29, Batch 750/848, Loss: 4.5754
2025-05-18 21:33:56,766 - transvg_coordinates_fixed_20250518_185059 - INFO - Train metrics: l1_loss: 0.4928 | giou_loss: 1.0556 | total_loss: 4.5754
2025-05-18 21:34:15,014 - transvg_coordinates_fixed_20250518_185059 - INFO - Epoch 29, Batch 800/848, Loss: 3.9173
2025-05-18 21:34:15,015 - transvg_coordinates_fixed_20250518_185059 - INFO - Train metrics: l1_loss: 0.4101 | giou_loss: 0.9333 | total_loss: 3.9173
2025-05-18 21:34:32,188 - transvg_coordinates_fixed_20250518_185059 - INFO - Train Epoch 29, Loss: 3.9185
2025-05-18 21:34:48,353 - transvg_coordinates_fixed_20250518_185059 - INFO - Pred box sample: [76.3719482421875, 88.96377563476562, 269.3034362792969, 295.0203857421875]
2025-05-18 21:34:48,353 - transvg_coordinates_fixed_20250518_185059 - INFO - Target box sample: [207.0, 198.0, 287.0, 283.0]
2025-05-18 21:34:48,431 - transvg_coordinates_fixed_20250518_185059 - INFO - Validation Epoch 29, Loss: 4.6105
2025-05-18 21:34:48,431 - transvg_coordinates_fixed_20250518_185059 - INFO - Val metrics: Acc@0.25: 0.3097 | Acc@0.5: 0.1161 | Acc@0.75: 0.0138 | mIoU: 0.1796 | medianIoU: 0.0789 | mae_x1: 103.1015 | mae_y1: 99.4205 | mae_x2: 105.0656 | mae_y2: 100.9684 | center_x_error: 89.9644 | center_y_error: 83.9735 | width_error: 2.2457 | height_error: 2.3248 | loss: 4.6105
2025-05-18 21:34:49,041 - transvg_coordinates_fixed_20250518_185059 - INFO - Saved model checkpoint to /home/pokle/Trans-VG/visual_grounding/checkpoints/transvg_coordinates_fixed_20250518_185059_epoch29.pth
2025-05-18 21:34:49,042 - transvg_coordinates_fixed_20250518_185059 - INFO - Epoch 30/200
2025-05-18 21:34:50,112 - transvg_coordinates_fixed_20250518_185059 - INFO - Epoch 30, Batch 0/848, Loss: 3.3506
2025-05-18 21:34:50,112 - transvg_coordinates_fixed_20250518_185059 - INFO - Train metrics: l1_loss: 0.3431 | giou_loss: 0.8175 | total_loss: 3.3506
2025-05-18 21:35:08,360 - transvg_coordinates_fixed_20250518_185059 - INFO - Epoch 30, Batch 50/848, Loss: 3.7312
2025-05-18 21:35:08,360 - transvg_coordinates_fixed_20250518_185059 - INFO - Train metrics: l1_loss: 0.3959 | giou_loss: 0.8758 | total_loss: 3.7312
2025-05-18 21:35:26,623 - transvg_coordinates_fixed_20250518_185059 - INFO - Epoch 30, Batch 100/848, Loss: 3.9371
2025-05-18 21:35:26,623 - transvg_coordinates_fixed_20250518_185059 - INFO - Train metrics: l1_loss: 0.4182 | giou_loss: 0.9231 | total_loss: 3.9371
2025-05-18 21:35:44,982 - transvg_coordinates_fixed_20250518_185059 - INFO - Epoch 30, Batch 150/848, Loss: 4.8852
2025-05-18 21:35:44,982 - transvg_coordinates_fixed_20250518_185059 - INFO - Train metrics: l1_loss: 0.5777 | giou_loss: 0.9982 | total_loss: 4.8852
2025-05-18 21:36:03,301 - transvg_coordinates_fixed_20250518_185059 - INFO - Epoch 30, Batch 200/848, Loss: 3.7599
2025-05-18 21:36:03,301 - transvg_coordinates_fixed_20250518_185059 - INFO - Train metrics: l1_loss: 0.3866 | giou_loss: 0.9134 | total_loss: 3.7599
2025-05-18 21:36:21,621 - transvg_coordinates_fixed_20250518_185059 - INFO - Epoch 30, Batch 250/848, Loss: 4.3519
2025-05-18 21:36:21,621 - transvg_coordinates_fixed_20250518_185059 - INFO - Train metrics: l1_loss: 0.4865 | giou_loss: 0.9597 | total_loss: 4.3519
2025-05-18 21:36:39,895 - transvg_coordinates_fixed_20250518_185059 - INFO - Epoch 30, Batch 300/848, Loss: 3.9878
2025-05-18 21:36:39,895 - transvg_coordinates_fixed_20250518_185059 - INFO - Train metrics: l1_loss: 0.4095 | giou_loss: 0.9701 | total_loss: 3.9878
2025-05-18 21:36:58,219 - transvg_coordinates_fixed_20250518_185059 - INFO - Epoch 30, Batch 350/848, Loss: 4.3069
2025-05-18 21:36:58,219 - transvg_coordinates_fixed_20250518_185059 - INFO - Train metrics: l1_loss: 0.4563 | giou_loss: 1.0126 | total_loss: 4.3069
2025-05-18 21:37:16,511 - transvg_coordinates_fixed_20250518_185059 - INFO - Epoch 30, Batch 400/848, Loss: 4.1108
2025-05-18 21:37:16,511 - transvg_coordinates_fixed_20250518_185059 - INFO - Train metrics: l1_loss: 0.4558 | giou_loss: 0.9158 | total_loss: 4.1108
2025-05-18 21:37:34,935 - transvg_coordinates_fixed_20250518_185059 - INFO - Epoch 30, Batch 450/848, Loss: 4.2656
2025-05-18 21:37:34,935 - transvg_coordinates_fixed_20250518_185059 - INFO - Train metrics: l1_loss: 0.4752 | giou_loss: 0.9447 | total_loss: 4.2656
2025-05-18 21:37:53,316 - transvg_coordinates_fixed_20250518_185059 - INFO - Epoch 30, Batch 500/848, Loss: 3.8947
2025-05-18 21:37:53,316 - transvg_coordinates_fixed_20250518_185059 - INFO - Train metrics: l1_loss: 0.4051 | giou_loss: 0.9347 | total_loss: 3.8947
2025-05-18 21:38:11,654 - transvg_coordinates_fixed_20250518_185059 - INFO - Epoch 30, Batch 550/848, Loss: 3.7097
2025-05-18 21:38:11,654 - transvg_coordinates_fixed_20250518_185059 - INFO - Train metrics: l1_loss: 0.3974 | giou_loss: 0.8614 | total_loss: 3.7097
2025-05-18 21:38:29,991 - transvg_coordinates_fixed_20250518_185059 - INFO - Epoch 30, Batch 600/848, Loss: 3.8655
2025-05-18 21:38:29,991 - transvg_coordinates_fixed_20250518_185059 - INFO - Train metrics: l1_loss: 0.3921 | giou_loss: 0.9524 | total_loss: 3.8655
2025-05-18 21:38:48,326 - transvg_coordinates_fixed_20250518_185059 - INFO - Epoch 30, Batch 650/848, Loss: 3.8352
2025-05-18 21:38:48,326 - transvg_coordinates_fixed_20250518_185059 - INFO - Train metrics: l1_loss: 0.3899 | giou_loss: 0.9428 | total_loss: 3.8352
2025-05-18 21:39:06,737 - transvg_coordinates_fixed_20250518_185059 - INFO - Epoch 30, Batch 700/848, Loss: 3.6569
2025-05-18 21:39:06,737 - transvg_coordinates_fixed_20250518_185059 - INFO - Train metrics: l1_loss: 0.3764 | giou_loss: 0.8874 | total_loss: 3.6569
2025-05-18 21:39:25,067 - transvg_coordinates_fixed_20250518_185059 - INFO - Epoch 30, Batch 750/848, Loss: 4.8511
2025-05-18 21:39:25,067 - transvg_coordinates_fixed_20250518_185059 - INFO - Train metrics: l1_loss: 0.5505 | giou_loss: 1.0494 | total_loss: 4.8511
2025-05-18 21:39:43,395 - transvg_coordinates_fixed_20250518_185059 - INFO - Epoch 30, Batch 800/848, Loss: 4.2296
2025-05-18 21:39:43,395 - transvg_coordinates_fixed_20250518_185059 - INFO - Train metrics: l1_loss: 0.4532 | giou_loss: 0.9817 | total_loss: 4.2296
2025-05-18 21:40:00,663 - transvg_coordinates_fixed_20250518_185059 - INFO - Train Epoch 30, Loss: 3.8982
2025-05-18 21:40:16,822 - transvg_coordinates_fixed_20250518_185059 - INFO - Pred box sample: [68.18714141845703, 75.24750518798828, 242.16592407226562, 245.9969940185547]
2025-05-18 21:40:16,822 - transvg_coordinates_fixed_20250518_185059 - INFO - Target box sample: [207.0, 198.0, 287.0, 283.0]
2025-05-18 21:40:16,904 - transvg_coordinates_fixed_20250518_185059 - INFO - Validation Epoch 30, Loss: 4.6172
2025-05-18 21:40:16,904 - transvg_coordinates_fixed_20250518_185059 - INFO - Val metrics: Acc@0.25: 0.3126 | Acc@0.5: 0.1134 | Acc@0.75: 0.0130 | mIoU: 0.1800 | medianIoU: 0.0821 | mae_x1: 104.3666 | mae_y1: 100.6799 | mae_x2: 106.3795 | mae_y2: 100.5834 | center_x_error: 90.5912 | center_y_error: 84.9600 | width_error: 2.4101 | height_error: 2.2648 | loss: 4.6172
2025-05-18 21:40:17,528 - transvg_coordinates_fixed_20250518_185059 - INFO - Saved model checkpoint to /home/pokle/Trans-VG/visual_grounding/checkpoints/transvg_coordinates_fixed_20250518_185059_epoch30.pth
2025-05-18 21:40:17,528 - transvg_coordinates_fixed_20250518_185059 - INFO - Epoch 31/200
2025-05-18 21:40:18,552 - transvg_coordinates_fixed_20250518_185059 - INFO - Epoch 31, Batch 0/848, Loss: 4.2239
2025-05-18 21:40:18,552 - transvg_coordinates_fixed_20250518_185059 - INFO - Train metrics: l1_loss: 0.4785 | giou_loss: 0.9157 | total_loss: 4.2239
2025-05-18 21:40:36,785 - transvg_coordinates_fixed_20250518_185059 - INFO - Epoch 31, Batch 50/848, Loss: 3.9454
2025-05-18 21:40:36,786 - transvg_coordinates_fixed_20250518_185059 - INFO - Train metrics: l1_loss: 0.4110 | giou_loss: 0.9451 | total_loss: 3.9454
2025-05-18 21:40:55,069 - transvg_coordinates_fixed_20250518_185059 - INFO - Epoch 31, Batch 100/848, Loss: 3.9478
2025-05-18 21:40:55,069 - transvg_coordinates_fixed_20250518_185059 - INFO - Train metrics: l1_loss: 0.4073 | giou_loss: 0.9558 | total_loss: 3.9478
2025-05-18 21:41:13,300 - transvg_coordinates_fixed_20250518_185059 - INFO - Epoch 31, Batch 150/848, Loss: 3.7925
2025-05-18 21:41:13,300 - transvg_coordinates_fixed_20250518_185059 - INFO - Train metrics: l1_loss: 0.3742 | giou_loss: 0.9608 | total_loss: 3.7925
2025-05-18 21:41:31,706 - transvg_coordinates_fixed_20250518_185059 - INFO - Epoch 31, Batch 200/848, Loss: 4.1312
2025-05-18 21:41:31,706 - transvg_coordinates_fixed_20250518_185059 - INFO - Train metrics: l1_loss: 0.4372 | giou_loss: 0.9726 | total_loss: 4.1312
2025-05-18 21:41:49,961 - transvg_coordinates_fixed_20250518_185059 - INFO - Epoch 31, Batch 250/848, Loss: 3.4051
2025-05-18 21:41:49,961 - transvg_coordinates_fixed_20250518_185059 - INFO - Train metrics: l1_loss: 0.3452 | giou_loss: 0.8396 | total_loss: 3.4051
2025-05-18 21:42:08,296 - transvg_coordinates_fixed_20250518_185059 - INFO - Epoch 31, Batch 300/848, Loss: 4.0452
2025-05-18 21:42:08,297 - transvg_coordinates_fixed_20250518_185059 - INFO - Train metrics: l1_loss: 0.4264 | giou_loss: 0.9565 | total_loss: 4.0452
2025-05-18 21:42:26,644 - transvg_coordinates_fixed_20250518_185059 - INFO - Epoch 31, Batch 350/848, Loss: 3.4079
2025-05-18 21:42:26,645 - transvg_coordinates_fixed_20250518_185059 - INFO - Train metrics: l1_loss: 0.3476 | giou_loss: 0.8349 | total_loss: 3.4079
2025-05-18 21:42:44,962 - transvg_coordinates_fixed_20250518_185059 - INFO - Epoch 31, Batch 400/848, Loss: 3.6423
2025-05-18 21:42:44,962 - transvg_coordinates_fixed_20250518_185059 - INFO - Train metrics: l1_loss: 0.3812 | giou_loss: 0.8682 | total_loss: 3.6423
2025-05-18 21:43:03,288 - transvg_coordinates_fixed_20250518_185059 - INFO - Epoch 31, Batch 450/848, Loss: 3.6139
2025-05-18 21:43:03,289 - transvg_coordinates_fixed_20250518_185059 - INFO - Train metrics: l1_loss: 0.3574 | giou_loss: 0.9135 | total_loss: 3.6139
2025-05-18 21:43:21,614 - transvg_coordinates_fixed_20250518_185059 - INFO - Epoch 31, Batch 500/848, Loss: 4.4933
2025-05-18 21:43:21,614 - transvg_coordinates_fixed_20250518_185059 - INFO - Train metrics: l1_loss: 0.4869 | giou_loss: 1.0294 | total_loss: 4.4933
2025-05-18 21:43:39,919 - transvg_coordinates_fixed_20250518_185059 - INFO - Epoch 31, Batch 550/848, Loss: 4.4248
2025-05-18 21:43:39,919 - transvg_coordinates_fixed_20250518_185059 - INFO - Train metrics: l1_loss: 0.4687 | giou_loss: 1.0407 | total_loss: 4.4248
2025-05-18 21:43:58,258 - transvg_coordinates_fixed_20250518_185059 - INFO - Epoch 31, Batch 600/848, Loss: 3.8627
2025-05-18 21:43:58,258 - transvg_coordinates_fixed_20250518_185059 - INFO - Train metrics: l1_loss: 0.4200 | giou_loss: 0.8814 | total_loss: 3.8627
2025-05-18 21:44:16,612 - transvg_coordinates_fixed_20250518_185059 - INFO - Epoch 31, Batch 650/848, Loss: 3.9601
2025-05-18 21:44:16,612 - transvg_coordinates_fixed_20250518_185059 - INFO - Train metrics: l1_loss: 0.4186 | giou_loss: 0.9335 | total_loss: 3.9601
2025-05-18 21:44:34,944 - transvg_coordinates_fixed_20250518_185059 - INFO - Epoch 31, Batch 700/848, Loss: 4.5672
2025-05-18 21:44:34,944 - transvg_coordinates_fixed_20250518_185059 - INFO - Train metrics: l1_loss: 0.4887 | giou_loss: 1.0617 | total_loss: 4.5672
2025-05-18 21:44:53,277 - transvg_coordinates_fixed_20250518_185059 - INFO - Epoch 31, Batch 750/848, Loss: 4.1551
2025-05-18 21:44:53,278 - transvg_coordinates_fixed_20250518_185059 - INFO - Train metrics: l1_loss: 0.4263 | giou_loss: 1.0117 | total_loss: 4.1551
2025-05-18 21:45:11,616 - transvg_coordinates_fixed_20250518_185059 - INFO - Epoch 31, Batch 800/848, Loss: 3.8496
2025-05-18 21:45:11,616 - transvg_coordinates_fixed_20250518_185059 - INFO - Train metrics: l1_loss: 0.4090 | giou_loss: 0.9023 | total_loss: 3.8496
2025-05-18 21:45:28,861 - transvg_coordinates_fixed_20250518_185059 - INFO - Train Epoch 31, Loss: 3.8861
2025-05-18 21:45:45,023 - transvg_coordinates_fixed_20250518_185059 - INFO - Pred box sample: [76.08138275146484, 90.0737075805664, 247.2391815185547, 268.0007629394531]
2025-05-18 21:45:45,023 - transvg_coordinates_fixed_20250518_185059 - INFO - Target box sample: [207.0, 198.0, 287.0, 283.0]
2025-05-18 21:45:45,096 - transvg_coordinates_fixed_20250518_185059 - INFO - Validation Epoch 31, Loss: 4.6058
2025-05-18 21:45:45,096 - transvg_coordinates_fixed_20250518_185059 - INFO - Val metrics: Acc@0.25: 0.3155 | Acc@0.5: 0.1134 | Acc@0.75: 0.0154 | mIoU: 0.1810 | medianIoU: 0.0822 | mae_x1: 102.8114 | mae_y1: 101.4418 | mae_x2: 105.3054 | mae_y2: 101.4620 | center_x_error: 88.9827 | center_y_error: 86.1601 | width_error: 2.4266 | height_error: 2.2809 | loss: 4.6058
2025-05-18 21:45:45,706 - transvg_coordinates_fixed_20250518_185059 - INFO - Saved model checkpoint to /home/pokle/Trans-VG/visual_grounding/checkpoints/transvg_coordinates_fixed_20250518_185059_epoch31.pth
2025-05-18 21:45:45,707 - transvg_coordinates_fixed_20250518_185059 - INFO - Epoch 32/200
2025-05-18 21:45:46,772 - transvg_coordinates_fixed_20250518_185059 - INFO - Epoch 32, Batch 0/848, Loss: 3.5521
2025-05-18 21:45:46,772 - transvg_coordinates_fixed_20250518_185059 - INFO - Train metrics: l1_loss: 0.3715 | giou_loss: 0.8474 | total_loss: 3.5521
2025-05-18 21:46:04,898 - transvg_coordinates_fixed_20250518_185059 - INFO - Epoch 32, Batch 50/848, Loss: 3.8254
2025-05-18 21:46:04,898 - transvg_coordinates_fixed_20250518_185059 - INFO - Train metrics: l1_loss: 0.4109 | giou_loss: 0.8855 | total_loss: 3.8254
2025-05-18 21:46:23,097 - transvg_coordinates_fixed_20250518_185059 - INFO - Epoch 32, Batch 100/848, Loss: 4.1535
2025-05-18 21:46:23,097 - transvg_coordinates_fixed_20250518_185059 - INFO - Train metrics: l1_loss: 0.4375 | giou_loss: 0.9831 | total_loss: 4.1535
2025-05-18 21:46:41,374 - transvg_coordinates_fixed_20250518_185059 - INFO - Epoch 32, Batch 150/848, Loss: 4.2294
2025-05-18 21:46:41,374 - transvg_coordinates_fixed_20250518_185059 - INFO - Train metrics: l1_loss: 0.4568 | giou_loss: 0.9726 | total_loss: 4.2294
2025-05-18 21:46:59,631 - transvg_coordinates_fixed_20250518_185059 - INFO - Epoch 32, Batch 200/848, Loss: 3.7363
2025-05-18 21:46:59,631 - transvg_coordinates_fixed_20250518_185059 - INFO - Train metrics: l1_loss: 0.3969 | giou_loss: 0.8759 | total_loss: 3.7363
2025-05-18 21:47:17,956 - transvg_coordinates_fixed_20250518_185059 - INFO - Epoch 32, Batch 250/848, Loss: 3.5493
2025-05-18 21:47:17,956 - transvg_coordinates_fixed_20250518_185059 - INFO - Train metrics: l1_loss: 0.3521 | giou_loss: 0.8943 | total_loss: 3.5493
2025-05-18 21:47:36,282 - transvg_coordinates_fixed_20250518_185059 - INFO - Epoch 32, Batch 300/848, Loss: 4.6706
2025-05-18 21:47:36,282 - transvg_coordinates_fixed_20250518_185059 - INFO - Train metrics: l1_loss: 0.5230 | giou_loss: 1.0277 | total_loss: 4.6706
2025-05-18 21:47:54,587 - transvg_coordinates_fixed_20250518_185059 - INFO - Epoch 32, Batch 350/848, Loss: 4.1808
2025-05-18 21:47:54,587 - transvg_coordinates_fixed_20250518_185059 - INFO - Train metrics: l1_loss: 0.4429 | giou_loss: 0.9832 | total_loss: 4.1808
2025-05-18 21:48:12,896 - transvg_coordinates_fixed_20250518_185059 - INFO - Epoch 32, Batch 400/848, Loss: 3.8916
2025-05-18 21:48:12,896 - transvg_coordinates_fixed_20250518_185059 - INFO - Train metrics: l1_loss: 0.4188 | giou_loss: 0.8989 | total_loss: 3.8916
2025-05-18 21:48:31,201 - transvg_coordinates_fixed_20250518_185059 - INFO - Epoch 32, Batch 450/848, Loss: 3.8026
2025-05-18 21:48:31,201 - transvg_coordinates_fixed_20250518_185059 - INFO - Train metrics: l1_loss: 0.4003 | giou_loss: 0.9005 | total_loss: 3.8026
2025-05-18 21:48:49,545 - transvg_coordinates_fixed_20250518_185059 - INFO - Epoch 32, Batch 500/848, Loss: 4.2864
2025-05-18 21:48:49,545 - transvg_coordinates_fixed_20250518_185059 - INFO - Train metrics: l1_loss: 0.4777 | giou_loss: 0.9490 | total_loss: 4.2864
2025-05-18 21:49:08,021 - transvg_coordinates_fixed_20250518_185059 - INFO - Epoch 32, Batch 550/848, Loss: 3.6092
2025-05-18 21:49:08,021 - transvg_coordinates_fixed_20250518_185059 - INFO - Train metrics: l1_loss: 0.3598 | giou_loss: 0.9051 | total_loss: 3.6092
2025-05-18 21:49:26,308 - transvg_coordinates_fixed_20250518_185059 - INFO - Epoch 32, Batch 600/848, Loss: 4.1101
2025-05-18 21:49:26,308 - transvg_coordinates_fixed_20250518_185059 - INFO - Train metrics: l1_loss: 0.4443 | giou_loss: 0.9443 | total_loss: 4.1101
2025-05-18 21:49:44,631 - transvg_coordinates_fixed_20250518_185059 - INFO - Epoch 32, Batch 650/848, Loss: 3.7554
2025-05-18 21:49:44,631 - transvg_coordinates_fixed_20250518_185059 - INFO - Train metrics: l1_loss: 0.3980 | giou_loss: 0.8827 | total_loss: 3.7554
2025-05-18 21:50:02,946 - transvg_coordinates_fixed_20250518_185059 - INFO - Epoch 32, Batch 700/848, Loss: 3.9727
2025-05-18 21:50:02,946 - transvg_coordinates_fixed_20250518_185059 - INFO - Train metrics: l1_loss: 0.4323 | giou_loss: 0.9057 | total_loss: 3.9727
2025-05-18 21:50:21,217 - transvg_coordinates_fixed_20250518_185059 - INFO - Epoch 32, Batch 750/848, Loss: 3.4834
2025-05-18 21:50:21,218 - transvg_coordinates_fixed_20250518_185059 - INFO - Train metrics: l1_loss: 0.3534 | giou_loss: 0.8582 | total_loss: 3.4834
2025-05-18 21:50:39,459 - transvg_coordinates_fixed_20250518_185059 - INFO - Epoch 32, Batch 800/848, Loss: 4.4044
2025-05-18 21:50:39,459 - transvg_coordinates_fixed_20250518_185059 - INFO - Train metrics: l1_loss: 0.4784 | giou_loss: 1.0062 | total_loss: 4.4044
2025-05-18 21:50:56,620 - transvg_coordinates_fixed_20250518_185059 - INFO - Train Epoch 32, Loss: 3.8766
2025-05-18 21:51:12,721 - transvg_coordinates_fixed_20250518_185059 - INFO - Pred box sample: [75.55455780029297, 108.83848571777344, 239.12765502929688, 275.5679626464844]
2025-05-18 21:51:12,721 - transvg_coordinates_fixed_20250518_185059 - INFO - Target box sample: [207.0, 198.0, 287.0, 283.0]
2025-05-18 21:51:12,792 - transvg_coordinates_fixed_20250518_185059 - INFO - Validation Epoch 32, Loss: 4.6353
2025-05-18 21:51:12,793 - transvg_coordinates_fixed_20250518_185059 - INFO - Val metrics: Acc@0.25: 0.3108 | Acc@0.5: 0.1142 | Acc@0.75: 0.0135 | mIoU: 0.1782 | medianIoU: 0.0755 | mae_x1: 104.4890 | mae_y1: 102.1692 | mae_x2: 106.7414 | mae_y2: 99.5467 | center_x_error: 91.6176 | center_y_error: 84.5846 | width_error: 2.2184 | height_error: 2.3790 | loss: 4.6353
2025-05-18 21:51:13,406 - transvg_coordinates_fixed_20250518_185059 - INFO - Saved model checkpoint to /home/pokle/Trans-VG/visual_grounding/checkpoints/transvg_coordinates_fixed_20250518_185059_epoch32.pth
2025-05-18 21:51:13,407 - transvg_coordinates_fixed_20250518_185059 - INFO - Epoch 33/200
2025-05-18 21:51:14,446 - transvg_coordinates_fixed_20250518_185059 - INFO - Epoch 33, Batch 0/848, Loss: 3.9223
2025-05-18 21:51:14,446 - transvg_coordinates_fixed_20250518_185059 - INFO - Train metrics: l1_loss: 0.4165 | giou_loss: 0.9199 | total_loss: 3.9223
2025-05-18 21:51:32,609 - transvg_coordinates_fixed_20250518_185059 - INFO - Epoch 33, Batch 50/848, Loss: 3.4990
2025-05-18 21:51:32,609 - transvg_coordinates_fixed_20250518_185059 - INFO - Train metrics: l1_loss: 0.3458 | giou_loss: 0.8851 | total_loss: 3.4990
2025-05-18 21:51:50,912 - transvg_coordinates_fixed_20250518_185059 - INFO - Epoch 33, Batch 100/848, Loss: 3.8829
2025-05-18 21:51:50,912 - transvg_coordinates_fixed_20250518_185059 - INFO - Train metrics: l1_loss: 0.4087 | giou_loss: 0.9197 | total_loss: 3.8829
2025-05-18 21:52:09,310 - transvg_coordinates_fixed_20250518_185059 - INFO - Epoch 33, Batch 150/848, Loss: 3.7797
2025-05-18 21:52:09,310 - transvg_coordinates_fixed_20250518_185059 - INFO - Train metrics: l1_loss: 0.3931 | giou_loss: 0.9070 | total_loss: 3.7797
2025-05-18 21:52:27,646 - transvg_coordinates_fixed_20250518_185059 - INFO - Epoch 33, Batch 200/848, Loss: 3.8689
2025-05-18 21:52:27,646 - transvg_coordinates_fixed_20250518_185059 - INFO - Train metrics: l1_loss: 0.4024 | giou_loss: 0.9285 | total_loss: 3.8689
2025-05-18 21:52:46,055 - transvg_coordinates_fixed_20250518_185059 - INFO - Epoch 33, Batch 250/848, Loss: 3.8049
2025-05-18 21:52:46,055 - transvg_coordinates_fixed_20250518_185059 - INFO - Train metrics: l1_loss: 0.4081 | giou_loss: 0.8823 | total_loss: 3.8049
2025-05-18 21:53:04,380 - transvg_coordinates_fixed_20250518_185059 - INFO - Epoch 33, Batch 300/848, Loss: 3.7678
2025-05-18 21:53:04,380 - transvg_coordinates_fixed_20250518_185059 - INFO - Train metrics: l1_loss: 0.4017 | giou_loss: 0.8797 | total_loss: 3.7678
2025-05-18 21:53:22,685 - transvg_coordinates_fixed_20250518_185059 - INFO - Epoch 33, Batch 350/848, Loss: 3.9390
2025-05-18 21:53:22,685 - transvg_coordinates_fixed_20250518_185059 - INFO - Train metrics: l1_loss: 0.4128 | giou_loss: 0.9375 | total_loss: 3.9390
2025-05-18 21:53:41,023 - transvg_coordinates_fixed_20250518_185059 - INFO - Epoch 33, Batch 400/848, Loss: 3.6968
2025-05-18 21:53:41,023 - transvg_coordinates_fixed_20250518_185059 - INFO - Train metrics: l1_loss: 0.3816 | giou_loss: 0.8943 | total_loss: 3.6968
2025-05-18 21:53:59,380 - transvg_coordinates_fixed_20250518_185059 - INFO - Epoch 33, Batch 450/848, Loss: 4.3872
2025-05-18 21:53:59,380 - transvg_coordinates_fixed_20250518_185059 - INFO - Train metrics: l1_loss: 0.4697 | giou_loss: 1.0194 | total_loss: 4.3872
2025-05-18 21:54:17,708 - transvg_coordinates_fixed_20250518_185059 - INFO - Epoch 33, Batch 500/848, Loss: 4.3029
2025-05-18 21:54:17,708 - transvg_coordinates_fixed_20250518_185059 - INFO - Train metrics: l1_loss: 0.4436 | giou_loss: 1.0424 | total_loss: 4.3029
2025-05-18 21:54:36,057 - transvg_coordinates_fixed_20250518_185059 - INFO - Epoch 33, Batch 550/848, Loss: 4.3308
2025-05-18 21:54:36,057 - transvg_coordinates_fixed_20250518_185059 - INFO - Train metrics: l1_loss: 0.4624 | giou_loss: 1.0094 | total_loss: 4.3308
2025-05-18 21:54:54,453 - transvg_coordinates_fixed_20250518_185059 - INFO - Epoch 33, Batch 600/848, Loss: 4.0476
2025-05-18 21:54:54,453 - transvg_coordinates_fixed_20250518_185059 - INFO - Train metrics: l1_loss: 0.4082 | giou_loss: 1.0032 | total_loss: 4.0476
2025-05-18 21:55:12,886 - transvg_coordinates_fixed_20250518_185059 - INFO - Epoch 33, Batch 650/848, Loss: 3.5013
2025-05-18 21:55:12,886 - transvg_coordinates_fixed_20250518_185059 - INFO - Train metrics: l1_loss: 0.3530 | giou_loss: 0.8682 | total_loss: 3.5013
2025-05-18 21:55:31,320 - transvg_coordinates_fixed_20250518_185059 - INFO - Epoch 33, Batch 700/848, Loss: 4.2114
2025-05-18 21:55:31,320 - transvg_coordinates_fixed_20250518_185059 - INFO - Train metrics: l1_loss: 0.4599 | giou_loss: 0.9560 | total_loss: 4.2114
2025-05-18 21:55:49,705 - transvg_coordinates_fixed_20250518_185059 - INFO - Epoch 33, Batch 750/848, Loss: 3.7863
2025-05-18 21:55:49,705 - transvg_coordinates_fixed_20250518_185059 - INFO - Train metrics: l1_loss: 0.4050 | giou_loss: 0.8807 | total_loss: 3.7863
2025-05-18 21:56:08,147 - transvg_coordinates_fixed_20250518_185059 - INFO - Epoch 33, Batch 800/848, Loss: 4.0798
2025-05-18 21:56:08,147 - transvg_coordinates_fixed_20250518_185059 - INFO - Train metrics: l1_loss: 0.4543 | giou_loss: 0.9042 | total_loss: 4.0798
2025-05-18 21:56:25,450 - transvg_coordinates_fixed_20250518_185059 - INFO - Train Epoch 33, Loss: 3.8610
2025-05-18 21:56:41,514 - transvg_coordinates_fixed_20250518_185059 - INFO - Pred box sample: [76.30760955810547, 95.58887481689453, 205.6678466796875, 254.65597534179688]
2025-05-18 21:56:41,514 - transvg_coordinates_fixed_20250518_185059 - INFO - Target box sample: [207.0, 198.0, 287.0, 283.0]
2025-05-18 21:56:41,596 - transvg_coordinates_fixed_20250518_185059 - INFO - Validation Epoch 33, Loss: 4.6684
2025-05-18 21:56:41,597 - transvg_coordinates_fixed_20250518_185059 - INFO - Val metrics: Acc@0.25: 0.3031 | Acc@0.5: 0.1134 | Acc@0.75: 0.0135 | mIoU: 0.1755 | medianIoU: 0.0687 | mae_x1: 102.2272 | mae_y1: 102.3474 | mae_x2: 103.7177 | mae_y2: 99.0900 | center_x_error: 90.2730 | center_y_error: 87.0926 | width_error: 1.9349 | height_error: 1.9960 | loss: 4.6684
2025-05-18 21:56:42,196 - transvg_coordinates_fixed_20250518_185059 - INFO - Saved model checkpoint to /home/pokle/Trans-VG/visual_grounding/checkpoints/transvg_coordinates_fixed_20250518_185059_epoch33.pth
2025-05-18 21:56:42,196 - transvg_coordinates_fixed_20250518_185059 - INFO - Epoch 34/200
2025-05-18 21:56:43,212 - transvg_coordinates_fixed_20250518_185059 - INFO - Epoch 34, Batch 0/848, Loss: 4.1766
2025-05-18 21:56:43,212 - transvg_coordinates_fixed_20250518_185059 - INFO - Train metrics: l1_loss: 0.4582 | giou_loss: 0.9429 | total_loss: 4.1766
2025-05-18 21:57:01,350 - transvg_coordinates_fixed_20250518_185059 - INFO - Epoch 34, Batch 50/848, Loss: 3.7427
2025-05-18 21:57:01,350 - transvg_coordinates_fixed_20250518_185059 - INFO - Train metrics: l1_loss: 0.3936 | giou_loss: 0.8873 | total_loss: 3.7427
2025-05-18 21:57:19,871 - transvg_coordinates_fixed_20250518_185059 - INFO - Epoch 34, Batch 100/848, Loss: 3.7973
2025-05-18 21:57:19,871 - transvg_coordinates_fixed_20250518_185059 - INFO - Train metrics: l1_loss: 0.3829 | giou_loss: 0.9413 | total_loss: 3.7973
2025-05-18 21:57:38,249 - transvg_coordinates_fixed_20250518_185059 - INFO - Epoch 34, Batch 150/848, Loss: 3.5897
2025-05-18 21:57:38,249 - transvg_coordinates_fixed_20250518_185059 - INFO - Train metrics: l1_loss: 0.3679 | giou_loss: 0.8752 | total_loss: 3.5897
2025-05-18 21:57:56,615 - transvg_coordinates_fixed_20250518_185059 - INFO - Epoch 34, Batch 200/848, Loss: 3.7430
2025-05-18 21:57:56,615 - transvg_coordinates_fixed_20250518_185059 - INFO - Train metrics: l1_loss: 0.3838 | giou_loss: 0.9119 | total_loss: 3.7430
2025-05-18 21:58:15,021 - transvg_coordinates_fixed_20250518_185059 - INFO - Epoch 34, Batch 250/848, Loss: 3.3366
2025-05-18 21:58:15,021 - transvg_coordinates_fixed_20250518_185059 - INFO - Train metrics: l1_loss: 0.3122 | giou_loss: 0.8879 | total_loss: 3.3366
2025-05-18 21:58:33,368 - transvg_coordinates_fixed_20250518_185059 - INFO - Epoch 34, Batch 300/848, Loss: 4.4189
2025-05-18 21:58:33,368 - transvg_coordinates_fixed_20250518_185059 - INFO - Train metrics: l1_loss: 0.4810 | giou_loss: 1.0069 | total_loss: 4.4189
2025-05-18 21:58:51,780 - transvg_coordinates_fixed_20250518_185059 - INFO - Epoch 34, Batch 350/848, Loss: 4.7243
2025-05-18 21:58:51,780 - transvg_coordinates_fixed_20250518_185059 - INFO - Train metrics: l1_loss: 0.5206 | giou_loss: 1.0606 | total_loss: 4.7243
2025-05-18 21:59:10,277 - transvg_coordinates_fixed_20250518_185059 - INFO - Epoch 34, Batch 400/848, Loss: 3.8427
2025-05-18 21:59:10,277 - transvg_coordinates_fixed_20250518_185059 - INFO - Train metrics: l1_loss: 0.4166 | giou_loss: 0.8798 | total_loss: 3.8427
2025-05-18 21:59:28,683 - transvg_coordinates_fixed_20250518_185059 - INFO - Epoch 34, Batch 450/848, Loss: 3.9842
2025-05-18 21:59:28,683 - transvg_coordinates_fixed_20250518_185059 - INFO - Train metrics: l1_loss: 0.4122 | giou_loss: 0.9617 | total_loss: 3.9842
2025-05-18 21:59:47,012 - transvg_coordinates_fixed_20250518_185059 - INFO - Epoch 34, Batch 500/848, Loss: 3.9390
2025-05-18 21:59:47,012 - transvg_coordinates_fixed_20250518_185059 - INFO - Train metrics: l1_loss: 0.3969 | giou_loss: 0.9772 | total_loss: 3.9390
2025-05-18 22:00:05,422 - transvg_coordinates_fixed_20250518_185059 - INFO - Epoch 34, Batch 550/848, Loss: 3.7531
2025-05-18 22:00:05,422 - transvg_coordinates_fixed_20250518_185059 - INFO - Train metrics: l1_loss: 0.3858 | giou_loss: 0.9119 | total_loss: 3.7531
2025-05-18 22:00:23,789 - transvg_coordinates_fixed_20250518_185059 - INFO - Epoch 34, Batch 600/848, Loss: 3.4712
2025-05-18 22:00:23,789 - transvg_coordinates_fixed_20250518_185059 - INFO - Train metrics: l1_loss: 0.3357 | giou_loss: 0.8965 | total_loss: 3.4712
2025-05-18 22:00:42,194 - transvg_coordinates_fixed_20250518_185059 - INFO - Epoch 34, Batch 650/848, Loss: 4.2098
2025-05-18 22:00:42,194 - transvg_coordinates_fixed_20250518_185059 - INFO - Train metrics: l1_loss: 0.4323 | giou_loss: 1.0241 | total_loss: 4.2098
2025-05-18 22:01:00,541 - transvg_coordinates_fixed_20250518_185059 - INFO - Epoch 34, Batch 700/848, Loss: 3.8841
2025-05-18 22:01:00,541 - transvg_coordinates_fixed_20250518_185059 - INFO - Train metrics: l1_loss: 0.4293 | giou_loss: 0.8689 | total_loss: 3.8841
2025-05-18 22:01:19,009 - transvg_coordinates_fixed_20250518_185059 - INFO - Epoch 34, Batch 750/848, Loss: 3.9095
2025-05-18 22:01:19,010 - transvg_coordinates_fixed_20250518_185059 - INFO - Train metrics: l1_loss: 0.4260 | giou_loss: 0.8898 | total_loss: 3.9095
2025-05-18 22:01:37,359 - transvg_coordinates_fixed_20250518_185059 - INFO - Epoch 34, Batch 800/848, Loss: 4.1618
2025-05-18 22:01:37,359 - transvg_coordinates_fixed_20250518_185059 - INFO - Train metrics: l1_loss: 0.4503 | giou_loss: 0.9551 | total_loss: 4.1618
2025-05-18 22:01:54,698 - transvg_coordinates_fixed_20250518_185059 - INFO - Train Epoch 34, Loss: 3.8545
2025-05-18 22:02:11,197 - transvg_coordinates_fixed_20250518_185059 - INFO - Pred box sample: [81.35517120361328, 102.02674865722656, 259.3005676269531, 281.1226501464844]
2025-05-18 22:02:11,198 - transvg_coordinates_fixed_20250518_185059 - INFO - Target box sample: [207.0, 198.0, 287.0, 283.0]
2025-05-18 22:02:11,280 - transvg_coordinates_fixed_20250518_185059 - INFO - Validation Epoch 34, Loss: 4.7033
2025-05-18 22:02:11,280 - transvg_coordinates_fixed_20250518_185059 - INFO - Val metrics: Acc@0.25: 0.3028 | Acc@0.5: 0.1137 | Acc@0.75: 0.0141 | mIoU: 0.1748 | medianIoU: 0.0698 | mae_x1: 105.5368 | mae_y1: 100.8609 | mae_x2: 107.4516 | mae_y2: 100.9527 | center_x_error: 93.4239 | center_y_error: 86.2099 | width_error: 2.1036 | height_error: 2.0642 | loss: 4.7033
2025-05-18 22:02:11,886 - transvg_coordinates_fixed_20250518_185059 - INFO - Saved model checkpoint to /home/pokle/Trans-VG/visual_grounding/checkpoints/transvg_coordinates_fixed_20250518_185059_epoch34.pth
2025-05-18 22:02:11,887 - transvg_coordinates_fixed_20250518_185059 - INFO - Epoch 35/200
2025-05-18 22:02:12,937 - transvg_coordinates_fixed_20250518_185059 - INFO - Epoch 35, Batch 0/848, Loss: 4.0123
2025-05-18 22:02:12,938 - transvg_coordinates_fixed_20250518_185059 - INFO - Train metrics: l1_loss: 0.4015 | giou_loss: 1.0024 | total_loss: 4.0123
2025-05-18 22:02:31,317 - transvg_coordinates_fixed_20250518_185059 - INFO - Epoch 35, Batch 50/848, Loss: 3.5450
2025-05-18 22:02:31,318 - transvg_coordinates_fixed_20250518_185059 - INFO - Train metrics: l1_loss: 0.3528 | giou_loss: 0.8906 | total_loss: 3.5450
2025-05-18 22:02:49,772 - transvg_coordinates_fixed_20250518_185059 - INFO - Epoch 35, Batch 100/848, Loss: 3.8128
2025-05-18 22:02:49,773 - transvg_coordinates_fixed_20250518_185059 - INFO - Train metrics: l1_loss: 0.3963 | giou_loss: 0.9156 | total_loss: 3.8128
2025-05-18 22:03:08,290 - transvg_coordinates_fixed_20250518_185059 - INFO - Epoch 35, Batch 150/848, Loss: 3.5214
2025-05-18 22:03:08,290 - transvg_coordinates_fixed_20250518_185059 - INFO - Train metrics: l1_loss: 0.3519 | giou_loss: 0.8810 | total_loss: 3.5214
2025-05-18 22:03:26,752 - transvg_coordinates_fixed_20250518_185059 - INFO - Epoch 35, Batch 200/848, Loss: 4.0703
2025-05-18 22:03:26,752 - transvg_coordinates_fixed_20250518_185059 - INFO - Train metrics: l1_loss: 0.4258 | giou_loss: 0.9706 | total_loss: 4.0703
2025-05-18 22:03:45,167 - transvg_coordinates_fixed_20250518_185059 - INFO - Epoch 35, Batch 250/848, Loss: 3.6853
2025-05-18 22:03:45,167 - transvg_coordinates_fixed_20250518_185059 - INFO - Train metrics: l1_loss: 0.3941 | giou_loss: 0.8575 | total_loss: 3.6853
2025-05-18 22:04:03,652 - transvg_coordinates_fixed_20250518_185059 - INFO - Epoch 35, Batch 300/848, Loss: 4.2921
2025-05-18 22:04:03,653 - transvg_coordinates_fixed_20250518_185059 - INFO - Train metrics: l1_loss: 0.4601 | giou_loss: 0.9958 | total_loss: 4.2921
2025-05-18 22:04:22,061 - transvg_coordinates_fixed_20250518_185059 - INFO - Epoch 35, Batch 350/848, Loss: 3.7127
2025-05-18 22:04:22,061 - transvg_coordinates_fixed_20250518_185059 - INFO - Train metrics: l1_loss: 0.4001 | giou_loss: 0.8561 | total_loss: 3.7127
2025-05-18 22:04:40,353 - transvg_coordinates_fixed_20250518_185059 - INFO - Epoch 35, Batch 400/848, Loss: 4.1418
2025-05-18 22:04:40,353 - transvg_coordinates_fixed_20250518_185059 - INFO - Train metrics: l1_loss: 0.4629 | giou_loss: 0.9136 | total_loss: 4.1418
2025-05-18 22:04:58,617 - transvg_coordinates_fixed_20250518_185059 - INFO - Epoch 35, Batch 450/848, Loss: 3.9735
2025-05-18 22:04:58,617 - transvg_coordinates_fixed_20250518_185059 - INFO - Train metrics: l1_loss: 0.4387 | giou_loss: 0.8901 | total_loss: 3.9735
2025-05-18 22:05:17,147 - transvg_coordinates_fixed_20250518_185059 - INFO - Epoch 35, Batch 500/848, Loss: 4.1412
2025-05-18 22:05:17,147 - transvg_coordinates_fixed_20250518_185059 - INFO - Train metrics: l1_loss: 0.4404 | giou_loss: 0.9696 | total_loss: 4.1412
2025-05-18 22:05:35,463 - transvg_coordinates_fixed_20250518_185059 - INFO - Epoch 35, Batch 550/848, Loss: 3.9777
2025-05-18 22:05:35,463 - transvg_coordinates_fixed_20250518_185059 - INFO - Train metrics: l1_loss: 0.4044 | giou_loss: 0.9780 | total_loss: 3.9777
2025-05-18 22:05:53,689 - transvg_coordinates_fixed_20250518_185059 - INFO - Epoch 35, Batch 600/848, Loss: 3.6525
2025-05-18 22:05:53,689 - transvg_coordinates_fixed_20250518_185059 - INFO - Train metrics: l1_loss: 0.3664 | giou_loss: 0.9103 | total_loss: 3.6525
2025-05-18 22:06:11,879 - transvg_coordinates_fixed_20250518_185059 - INFO - Epoch 35, Batch 650/848, Loss: 3.7325
2025-05-18 22:06:11,879 - transvg_coordinates_fixed_20250518_185059 - INFO - Train metrics: l1_loss: 0.3711 | giou_loss: 0.9386 | total_loss: 3.7325
2025-05-18 22:06:30,179 - transvg_coordinates_fixed_20250518_185059 - INFO - Epoch 35, Batch 700/848, Loss: 4.0998
2025-05-18 22:06:30,180 - transvg_coordinates_fixed_20250518_185059 - INFO - Train metrics: l1_loss: 0.4079 | giou_loss: 1.0301 | total_loss: 4.0998
2025-05-18 22:06:48,632 - transvg_coordinates_fixed_20250518_185059 - INFO - Epoch 35, Batch 750/848, Loss: 3.9833
2025-05-18 22:06:48,633 - transvg_coordinates_fixed_20250518_185059 - INFO - Train metrics: l1_loss: 0.4001 | giou_loss: 0.9914 | total_loss: 3.9833
2025-05-18 22:07:06,968 - transvg_coordinates_fixed_20250518_185059 - INFO - Epoch 35, Batch 800/848, Loss: 3.5063
2025-05-18 22:07:06,968 - transvg_coordinates_fixed_20250518_185059 - INFO - Train metrics: l1_loss: 0.3651 | giou_loss: 0.8403 | total_loss: 3.5063
2025-05-18 22:07:24,244 - transvg_coordinates_fixed_20250518_185059 - INFO - Train Epoch 35, Loss: 3.8396
2025-05-18 22:07:40,847 - transvg_coordinates_fixed_20250518_185059 - INFO - Pred box sample: [75.1704330444336, 72.33219146728516, 282.59130859375, 227.22044372558594]
2025-05-18 22:07:40,848 - transvg_coordinates_fixed_20250518_185059 - INFO - Target box sample: [207.0, 198.0, 287.0, 283.0]
2025-05-18 22:07:40,927 - transvg_coordinates_fixed_20250518_185059 - INFO - Validation Epoch 35, Loss: 4.6758
2025-05-18 22:07:40,927 - transvg_coordinates_fixed_20250518_185059 - INFO - Val metrics: Acc@0.25: 0.3113 | Acc@0.5: 0.1139 | Acc@0.75: 0.0141 | mIoU: 0.1786 | medianIoU: 0.0726 | mae_x1: 106.3040 | mae_y1: 102.5818 | mae_x2: 108.6410 | mae_y2: 102.2011 | center_x_error: 90.6936 | center_y_error: 87.3936 | width_error: 2.6043 | height_error: 2.1911 | loss: 4.6758
2025-05-18 22:07:41,568 - transvg_coordinates_fixed_20250518_185059 - INFO - Saved model checkpoint to /home/pokle/Trans-VG/visual_grounding/checkpoints/transvg_coordinates_fixed_20250518_185059_epoch35.pth
2025-05-18 22:07:41,569 - transvg_coordinates_fixed_20250518_185059 - INFO - Epoch 36/200
2025-05-18 22:07:42,636 - transvg_coordinates_fixed_20250518_185059 - INFO - Epoch 36, Batch 0/848, Loss: 3.9118
2025-05-18 22:07:42,636 - transvg_coordinates_fixed_20250518_185059 - INFO - Train metrics: l1_loss: 0.4134 | giou_loss: 0.9223 | total_loss: 3.9118
2025-05-18 22:08:00,707 - transvg_coordinates_fixed_20250518_185059 - INFO - Epoch 36, Batch 50/848, Loss: 4.0582
2025-05-18 22:08:00,707 - transvg_coordinates_fixed_20250518_185059 - INFO - Train metrics: l1_loss: 0.4163 | giou_loss: 0.9884 | total_loss: 4.0582
2025-05-18 22:08:18,809 - transvg_coordinates_fixed_20250518_185059 - INFO - Epoch 36, Batch 100/848, Loss: 3.7004
2025-05-18 22:08:18,809 - transvg_coordinates_fixed_20250518_185059 - INFO - Train metrics: l1_loss: 0.4085 | giou_loss: 0.8290 | total_loss: 3.7004
2025-05-18 22:08:36,928 - transvg_coordinates_fixed_20250518_185059 - INFO - Epoch 36, Batch 150/848, Loss: 3.9956
2025-05-18 22:08:36,928 - transvg_coordinates_fixed_20250518_185059 - INFO - Train metrics: l1_loss: 0.4111 | giou_loss: 0.9701 | total_loss: 3.9956
2025-05-18 22:08:55,038 - transvg_coordinates_fixed_20250518_185059 - INFO - Epoch 36, Batch 200/848, Loss: 4.0370
2025-05-18 22:08:55,038 - transvg_coordinates_fixed_20250518_185059 - INFO - Train metrics: l1_loss: 0.4098 | giou_loss: 0.9940 | total_loss: 4.0370
2025-05-18 22:09:13,137 - transvg_coordinates_fixed_20250518_185059 - INFO - Epoch 36, Batch 250/848, Loss: 3.9593
2025-05-18 22:09:13,137 - transvg_coordinates_fixed_20250518_185059 - INFO - Train metrics: l1_loss: 0.4103 | giou_loss: 0.9539 | total_loss: 3.9593
2025-05-18 22:09:31,279 - transvg_coordinates_fixed_20250518_185059 - INFO - Epoch 36, Batch 300/848, Loss: 3.6151
2025-05-18 22:09:31,279 - transvg_coordinates_fixed_20250518_185059 - INFO - Train metrics: l1_loss: 0.3712 | giou_loss: 0.8795 | total_loss: 3.6151
2025-05-18 22:09:49,436 - transvg_coordinates_fixed_20250518_185059 - INFO - Epoch 36, Batch 350/848, Loss: 3.8880
2025-05-18 22:09:49,436 - transvg_coordinates_fixed_20250518_185059 - INFO - Train metrics: l1_loss: 0.4113 | giou_loss: 0.9158 | total_loss: 3.8880
2025-05-18 22:10:07,548 - transvg_coordinates_fixed_20250518_185059 - INFO - Epoch 36, Batch 400/848, Loss: 3.9291
2025-05-18 22:10:07,548 - transvg_coordinates_fixed_20250518_185059 - INFO - Train metrics: l1_loss: 0.4311 | giou_loss: 0.8868 | total_loss: 3.9291
2025-05-18 22:10:25,721 - transvg_coordinates_fixed_20250518_185059 - INFO - Epoch 36, Batch 450/848, Loss: 4.3530
2025-05-18 22:10:25,721 - transvg_coordinates_fixed_20250518_185059 - INFO - Train metrics: l1_loss: 0.4824 | giou_loss: 0.9704 | total_loss: 4.3530
2025-05-18 22:10:43,861 - transvg_coordinates_fixed_20250518_185059 - INFO - Epoch 36, Batch 500/848, Loss: 3.8574
2025-05-18 22:10:43,861 - transvg_coordinates_fixed_20250518_185059 - INFO - Train metrics: l1_loss: 0.4229 | giou_loss: 0.8713 | total_loss: 3.8574
2025-05-18 22:11:01,986 - transvg_coordinates_fixed_20250518_185059 - INFO - Epoch 36, Batch 550/848, Loss: 3.4574
2025-05-18 22:11:01,986 - transvg_coordinates_fixed_20250518_185059 - INFO - Train metrics: l1_loss: 0.3520 | giou_loss: 0.8487 | total_loss: 3.4574
2025-05-18 22:11:20,168 - transvg_coordinates_fixed_20250518_185059 - INFO - Epoch 36, Batch 600/848, Loss: 3.8996
2025-05-18 22:11:20,168 - transvg_coordinates_fixed_20250518_185059 - INFO - Train metrics: l1_loss: 0.4170 | giou_loss: 0.9074 | total_loss: 3.8996
2025-05-18 22:11:38,328 - transvg_coordinates_fixed_20250518_185059 - INFO - Epoch 36, Batch 650/848, Loss: 3.1893
2025-05-18 22:11:38,328 - transvg_coordinates_fixed_20250518_185059 - INFO - Train metrics: l1_loss: 0.3212 | giou_loss: 0.7916 | total_loss: 3.1893
2025-05-18 22:11:56,558 - transvg_coordinates_fixed_20250518_185059 - INFO - Epoch 36, Batch 700/848, Loss: 3.6935
2025-05-18 22:11:56,558 - transvg_coordinates_fixed_20250518_185059 - INFO - Train metrics: l1_loss: 0.3539 | giou_loss: 0.9621 | total_loss: 3.6935
2025-05-18 22:12:14,836 - transvg_coordinates_fixed_20250518_185059 - INFO - Epoch 36, Batch 750/848, Loss: 3.7356
2025-05-18 22:12:14,836 - transvg_coordinates_fixed_20250518_185059 - INFO - Train metrics: l1_loss: 0.3844 | giou_loss: 0.9067 | total_loss: 3.7356
2025-05-18 22:12:33,094 - transvg_coordinates_fixed_20250518_185059 - INFO - Epoch 36, Batch 800/848, Loss: 3.9299
2025-05-18 22:12:33,094 - transvg_coordinates_fixed_20250518_185059 - INFO - Train metrics: l1_loss: 0.4118 | giou_loss: 0.9354 | total_loss: 3.9299
2025-05-18 22:12:50,145 - transvg_coordinates_fixed_20250518_185059 - INFO - Train Epoch 36, Loss: 3.8274
2025-05-18 22:13:06,737 - transvg_coordinates_fixed_20250518_185059 - INFO - Pred box sample: [51.25107192993164, 91.37095642089844, 215.5915069580078, 282.9988098144531]
2025-05-18 22:13:06,738 - transvg_coordinates_fixed_20250518_185059 - INFO - Target box sample: [207.0, 198.0, 287.0, 283.0]
2025-05-18 22:13:06,814 - transvg_coordinates_fixed_20250518_185059 - INFO - Validation Epoch 36, Loss: 4.7152
2025-05-18 22:13:06,815 - transvg_coordinates_fixed_20250518_185059 - INFO - Val metrics: Acc@0.25: 0.3028 | Acc@0.5: 0.1060 | Acc@0.75: 0.0093 | mIoU: 0.1748 | medianIoU: 0.0754 | mae_x1: 108.9650 | mae_y1: 102.1935 | mae_x2: 107.2882 | mae_y2: 105.3696 | center_x_error: 93.9702 | center_y_error: 87.0373 | width_error: 2.3259 | height_error: 2.4077 | loss: 4.7152
2025-05-18 22:13:07,658 - transvg_coordinates_fixed_20250518_185059 - INFO - Saved model checkpoint to /home/pokle/Trans-VG/visual_grounding/checkpoints/transvg_coordinates_fixed_20250518_185059_epoch36.pth
2025-05-18 22:13:07,659 - transvg_coordinates_fixed_20250518_185059 - INFO - Epoch 37/200
2025-05-18 22:13:08,702 - transvg_coordinates_fixed_20250518_185059 - INFO - Epoch 37, Batch 0/848, Loss: 3.6567
2025-05-18 22:13:08,702 - transvg_coordinates_fixed_20250518_185059 - INFO - Train metrics: l1_loss: 0.4070 | giou_loss: 0.8109 | total_loss: 3.6567
2025-05-18 22:13:26,917 - transvg_coordinates_fixed_20250518_185059 - INFO - Epoch 37, Batch 50/848, Loss: 3.7553
2025-05-18 22:13:26,918 - transvg_coordinates_fixed_20250518_185059 - INFO - Train metrics: l1_loss: 0.4010 | giou_loss: 0.8753 | total_loss: 3.7553
2025-05-18 22:13:45,134 - transvg_coordinates_fixed_20250518_185059 - INFO - Epoch 37, Batch 100/848, Loss: 4.1006
2025-05-18 22:13:45,134 - transvg_coordinates_fixed_20250518_185059 - INFO - Train metrics: l1_loss: 0.4456 | giou_loss: 0.9363 | total_loss: 4.1006
2025-05-18 22:14:03,271 - transvg_coordinates_fixed_20250518_185059 - INFO - Epoch 37, Batch 150/848, Loss: 3.4245
2025-05-18 22:14:03,271 - transvg_coordinates_fixed_20250518_185059 - INFO - Train metrics: l1_loss: 0.3459 | giou_loss: 0.8475 | total_loss: 3.4245
2025-05-18 22:14:21,360 - transvg_coordinates_fixed_20250518_185059 - INFO - Epoch 37, Batch 200/848, Loss: 3.8341
2025-05-18 22:14:21,360 - transvg_coordinates_fixed_20250518_185059 - INFO - Train metrics: l1_loss: 0.4193 | giou_loss: 0.8689 | total_loss: 3.8341
2025-05-18 22:14:39,493 - transvg_coordinates_fixed_20250518_185059 - INFO - Epoch 37, Batch 250/848, Loss: 3.9399
2025-05-18 22:14:39,493 - transvg_coordinates_fixed_20250518_185059 - INFO - Train metrics: l1_loss: 0.3987 | giou_loss: 0.9732 | total_loss: 3.9399
2025-05-18 22:14:57,663 - transvg_coordinates_fixed_20250518_185059 - INFO - Epoch 37, Batch 300/848, Loss: 3.3897
2025-05-18 22:14:57,663 - transvg_coordinates_fixed_20250518_185059 - INFO - Train metrics: l1_loss: 0.3274 | giou_loss: 0.8764 | total_loss: 3.3897
2025-05-18 22:15:15,788 - transvg_coordinates_fixed_20250518_185059 - INFO - Epoch 37, Batch 350/848, Loss: 4.1128
2025-05-18 22:15:15,788 - transvg_coordinates_fixed_20250518_185059 - INFO - Train metrics: l1_loss: 0.4442 | giou_loss: 0.9459 | total_loss: 4.1128
2025-05-18 22:15:33,899 - transvg_coordinates_fixed_20250518_185059 - INFO - Epoch 37, Batch 400/848, Loss: 3.7411
2025-05-18 22:15:33,899 - transvg_coordinates_fixed_20250518_185059 - INFO - Train metrics: l1_loss: 0.3850 | giou_loss: 0.9082 | total_loss: 3.7411
2025-05-18 22:15:52,035 - transvg_coordinates_fixed_20250518_185059 - INFO - Epoch 37, Batch 450/848, Loss: 4.2999
2025-05-18 22:15:52,035 - transvg_coordinates_fixed_20250518_185059 - INFO - Train metrics: l1_loss: 0.4599 | giou_loss: 1.0003 | total_loss: 4.2999
2025-05-18 22:16:10,278 - transvg_coordinates_fixed_20250518_185059 - INFO - Epoch 37, Batch 500/848, Loss: 4.1670
2025-05-18 22:16:10,278 - transvg_coordinates_fixed_20250518_185059 - INFO - Train metrics: l1_loss: 0.4521 | giou_loss: 0.9532 | total_loss: 4.1670
2025-05-18 22:16:28,462 - transvg_coordinates_fixed_20250518_185059 - INFO - Epoch 37, Batch 550/848, Loss: 4.0416
2025-05-18 22:16:28,463 - transvg_coordinates_fixed_20250518_185059 - INFO - Train metrics: l1_loss: 0.4055 | giou_loss: 1.0071 | total_loss: 4.0416
2025-05-18 22:16:46,660 - transvg_coordinates_fixed_20250518_185059 - INFO - Epoch 37, Batch 600/848, Loss: 4.5522
2025-05-18 22:16:46,660 - transvg_coordinates_fixed_20250518_185059 - INFO - Train metrics: l1_loss: 0.5085 | giou_loss: 1.0047 | total_loss: 4.5522
2025-05-18 22:17:04,826 - transvg_coordinates_fixed_20250518_185059 - INFO - Epoch 37, Batch 650/848, Loss: 3.8415
2025-05-18 22:17:04,826 - transvg_coordinates_fixed_20250518_185059 - INFO - Train metrics: l1_loss: 0.3984 | giou_loss: 0.9247 | total_loss: 3.8415
2025-05-18 22:17:22,989 - transvg_coordinates_fixed_20250518_185059 - INFO - Epoch 37, Batch 700/848, Loss: 4.0100
2025-05-18 22:17:22,989 - transvg_coordinates_fixed_20250518_185059 - INFO - Train metrics: l1_loss: 0.4353 | giou_loss: 0.9167 | total_loss: 4.0100
2025-05-18 22:17:41,174 - transvg_coordinates_fixed_20250518_185059 - INFO - Epoch 37, Batch 750/848, Loss: 3.4042
2025-05-18 22:17:41,174 - transvg_coordinates_fixed_20250518_185059 - INFO - Train metrics: l1_loss: 0.3653 | giou_loss: 0.7889 | total_loss: 3.4042
2025-05-18 22:17:59,333 - transvg_coordinates_fixed_20250518_185059 - INFO - Epoch 37, Batch 800/848, Loss: 3.6602
2025-05-18 22:17:59,333 - transvg_coordinates_fixed_20250518_185059 - INFO - Train metrics: l1_loss: 0.3884 | giou_loss: 0.8592 | total_loss: 3.6602
2025-05-18 22:18:16,415 - transvg_coordinates_fixed_20250518_185059 - INFO - Train Epoch 37, Loss: 3.8252
2025-05-18 22:18:32,889 - transvg_coordinates_fixed_20250518_185059 - INFO - Pred box sample: [57.328487396240234, 91.19615936279297, 230.7639617919922, 247.83494567871094]
2025-05-18 22:18:32,890 - transvg_coordinates_fixed_20250518_185059 - INFO - Target box sample: [207.0, 198.0, 287.0, 283.0]
2025-05-18 22:18:32,974 - transvg_coordinates_fixed_20250518_185059 - INFO - Validation Epoch 37, Loss: 4.6300
2025-05-18 22:18:32,974 - transvg_coordinates_fixed_20250518_185059 - INFO - Val metrics: Acc@0.25: 0.3171 | Acc@0.5: 0.1131 | Acc@0.75: 0.0154 | mIoU: 0.1802 | medianIoU: 0.0764 | mae_x1: 105.2359 | mae_y1: 101.0242 | mae_x2: 106.1866 | mae_y2: 99.3978 | center_x_error: 90.2108 | center_y_error: 84.9069 | width_error: 2.4108 | height_error: 2.1624 | loss: 4.6300
2025-05-18 22:18:33,775 - transvg_coordinates_fixed_20250518_185059 - INFO - Saved model checkpoint to /home/pokle/Trans-VG/visual_grounding/checkpoints/transvg_coordinates_fixed_20250518_185059_epoch37.pth
2025-05-18 22:18:33,776 - transvg_coordinates_fixed_20250518_185059 - INFO - Epoch 38/200
2025-05-18 22:18:34,900 - transvg_coordinates_fixed_20250518_185059 - INFO - Epoch 38, Batch 0/848, Loss: 4.5044
2025-05-18 22:18:34,900 - transvg_coordinates_fixed_20250518_185059 - INFO - Train metrics: l1_loss: 0.4901 | giou_loss: 1.0268 | total_loss: 4.5044
2025-05-18 22:18:52,890 - transvg_coordinates_fixed_20250518_185059 - INFO - Epoch 38, Batch 50/848, Loss: 3.1430
2025-05-18 22:18:52,890 - transvg_coordinates_fixed_20250518_185059 - INFO - Train metrics: l1_loss: 0.3398 | giou_loss: 0.7219 | total_loss: 3.1430
2025-05-18 22:19:10,956 - transvg_coordinates_fixed_20250518_185059 - INFO - Epoch 38, Batch 100/848, Loss: 3.8198
2025-05-18 22:19:10,956 - transvg_coordinates_fixed_20250518_185059 - INFO - Train metrics: l1_loss: 0.3921 | giou_loss: 0.9297 | total_loss: 3.8198
2025-05-18 22:19:29,091 - transvg_coordinates_fixed_20250518_185059 - INFO - Epoch 38, Batch 150/848, Loss: 3.9145
2025-05-18 22:19:29,091 - transvg_coordinates_fixed_20250518_185059 - INFO - Train metrics: l1_loss: 0.4113 | giou_loss: 0.9291 | total_loss: 3.9145
2025-05-18 22:19:47,211 - transvg_coordinates_fixed_20250518_185059 - INFO - Epoch 38, Batch 200/848, Loss: 3.4961
2025-05-18 22:19:47,211 - transvg_coordinates_fixed_20250518_185059 - INFO - Train metrics: l1_loss: 0.3518 | giou_loss: 0.8685 | total_loss: 3.4961
2025-05-18 22:20:05,314 - transvg_coordinates_fixed_20250518_185059 - INFO - Epoch 38, Batch 250/848, Loss: 3.7125
2025-05-18 22:20:05,314 - transvg_coordinates_fixed_20250518_185059 - INFO - Train metrics: l1_loss: 0.3595 | giou_loss: 0.9576 | total_loss: 3.7125
2025-05-18 22:20:23,461 - transvg_coordinates_fixed_20250518_185059 - INFO - Epoch 38, Batch 300/848, Loss: 3.9529
2025-05-18 22:20:23,461 - transvg_coordinates_fixed_20250518_185059 - INFO - Train metrics: l1_loss: 0.4239 | giou_loss: 0.9168 | total_loss: 3.9529
2025-05-18 22:20:41,690 - transvg_coordinates_fixed_20250518_185059 - INFO - Epoch 38, Batch 350/848, Loss: 3.4805
2025-05-18 22:20:41,690 - transvg_coordinates_fixed_20250518_185059 - INFO - Train metrics: l1_loss: 0.3459 | giou_loss: 0.8755 | total_loss: 3.4805
2025-05-18 22:21:00,125 - transvg_coordinates_fixed_20250518_185059 - INFO - Epoch 38, Batch 400/848, Loss: 3.5054
2025-05-18 22:21:00,125 - transvg_coordinates_fixed_20250518_185059 - INFO - Train metrics: l1_loss: 0.3445 | giou_loss: 0.8913 | total_loss: 3.5054
2025-05-18 22:21:18,353 - transvg_coordinates_fixed_20250518_185059 - INFO - Epoch 38, Batch 450/848, Loss: 3.4440
2025-05-18 22:21:18,353 - transvg_coordinates_fixed_20250518_185059 - INFO - Train metrics: l1_loss: 0.3424 | giou_loss: 0.8660 | total_loss: 3.4440
2025-05-18 22:21:36,450 - transvg_coordinates_fixed_20250518_185059 - INFO - Epoch 38, Batch 500/848, Loss: 3.9493
2025-05-18 22:21:36,450 - transvg_coordinates_fixed_20250518_185059 - INFO - Train metrics: l1_loss: 0.4333 | giou_loss: 0.8915 | total_loss: 3.9493
2025-05-18 22:21:54,585 - transvg_coordinates_fixed_20250518_185059 - INFO - Epoch 38, Batch 550/848, Loss: 3.6003
2025-05-18 22:21:54,585 - transvg_coordinates_fixed_20250518_185059 - INFO - Train metrics: l1_loss: 0.3875 | giou_loss: 0.8314 | total_loss: 3.6003
2025-05-18 22:22:12,834 - transvg_coordinates_fixed_20250518_185059 - INFO - Epoch 38, Batch 600/848, Loss: 3.6100
2025-05-18 22:22:12,834 - transvg_coordinates_fixed_20250518_185059 - INFO - Train metrics: l1_loss: 0.4002 | giou_loss: 0.8046 | total_loss: 3.6100
2025-05-18 22:22:31,027 - transvg_coordinates_fixed_20250518_185059 - INFO - Epoch 38, Batch 650/848, Loss: 3.7070
2025-05-18 22:22:31,027 - transvg_coordinates_fixed_20250518_185059 - INFO - Train metrics: l1_loss: 0.3729 | giou_loss: 0.9213 | total_loss: 3.7070
2025-05-18 22:22:49,210 - transvg_coordinates_fixed_20250518_185059 - INFO - Epoch 38, Batch 700/848, Loss: 3.4374
2025-05-18 22:22:49,210 - transvg_coordinates_fixed_20250518_185059 - INFO - Train metrics: l1_loss: 0.3525 | giou_loss: 0.8374 | total_loss: 3.4374
2025-05-18 22:23:07,391 - transvg_coordinates_fixed_20250518_185059 - INFO - Epoch 38, Batch 750/848, Loss: 3.9941
2025-05-18 22:23:07,391 - transvg_coordinates_fixed_20250518_185059 - INFO - Train metrics: l1_loss: 0.4424 | giou_loss: 0.8911 | total_loss: 3.9941
2025-05-18 22:23:25,602 - transvg_coordinates_fixed_20250518_185059 - INFO - Epoch 38, Batch 800/848, Loss: 3.5665
2025-05-18 22:23:25,602 - transvg_coordinates_fixed_20250518_185059 - INFO - Train metrics: l1_loss: 0.3845 | giou_loss: 0.8219 | total_loss: 3.5665
2025-05-18 22:23:42,702 - transvg_coordinates_fixed_20250518_185059 - INFO - Train Epoch 38, Loss: 3.8125
2025-05-18 22:23:59,155 - transvg_coordinates_fixed_20250518_185059 - INFO - Pred box sample: [65.54486083984375, 86.56192016601562, 220.82113647460938, 264.9017028808594]
2025-05-18 22:23:59,155 - transvg_coordinates_fixed_20250518_185059 - INFO - Target box sample: [207.0, 198.0, 287.0, 283.0]
2025-05-18 22:23:59,239 - transvg_coordinates_fixed_20250518_185059 - INFO - Validation Epoch 38, Loss: 4.6228
2025-05-18 22:23:59,239 - transvg_coordinates_fixed_20250518_185059 - INFO - Val metrics: Acc@0.25: 0.3129 | Acc@0.5: 0.1169 | Acc@0.75: 0.0157 | mIoU: 0.1818 | medianIoU: 0.0776 | mae_x1: 105.0103 | mae_y1: 104.6094 | mae_x2: 103.9329 | mae_y2: 101.5417 | center_x_error: 90.4905 | center_y_error: 84.7072 | width_error: 2.2540 | height_error: 2.5749 | loss: 4.6228
2025-05-18 22:24:00,043 - transvg_coordinates_fixed_20250518_185059 - INFO - Saved model checkpoint to /home/pokle/Trans-VG/visual_grounding/checkpoints/transvg_coordinates_fixed_20250518_185059_epoch38.pth
2025-05-18 22:24:00,044 - transvg_coordinates_fixed_20250518_185059 - INFO - Epoch 39/200
2025-05-18 22:24:01,125 - transvg_coordinates_fixed_20250518_185059 - INFO - Epoch 39, Batch 0/848, Loss: 4.1217
2025-05-18 22:24:01,125 - transvg_coordinates_fixed_20250518_185059 - INFO - Train metrics: l1_loss: 0.4346 | giou_loss: 0.9744 | total_loss: 4.1217
2025-05-18 22:24:19,035 - transvg_coordinates_fixed_20250518_185059 - INFO - Epoch 39, Batch 50/848, Loss: 3.6025
2025-05-18 22:24:19,035 - transvg_coordinates_fixed_20250518_185059 - INFO - Train metrics: l1_loss: 0.3623 | giou_loss: 0.8954 | total_loss: 3.6025
2025-05-18 22:24:37,016 - transvg_coordinates_fixed_20250518_185059 - INFO - Epoch 39, Batch 100/848, Loss: 3.8473
2025-05-18 22:24:37,016 - transvg_coordinates_fixed_20250518_185059 - INFO - Train metrics: l1_loss: 0.4072 | giou_loss: 0.9058 | total_loss: 3.8473
2025-05-18 22:24:55,074 - transvg_coordinates_fixed_20250518_185059 - INFO - Epoch 39, Batch 150/848, Loss: 3.5169
2025-05-18 22:24:55,074 - transvg_coordinates_fixed_20250518_185059 - INFO - Train metrics: l1_loss: 0.3558 | giou_loss: 0.8690 | total_loss: 3.5169
2025-05-18 22:25:13,169 - transvg_coordinates_fixed_20250518_185059 - INFO - Epoch 39, Batch 200/848, Loss: 3.3603
2025-05-18 22:25:13,169 - transvg_coordinates_fixed_20250518_185059 - INFO - Train metrics: l1_loss: 0.3314 | giou_loss: 0.8517 | total_loss: 3.3603
2025-05-18 22:25:31,281 - transvg_coordinates_fixed_20250518_185059 - INFO - Epoch 39, Batch 250/848, Loss: 4.4388
2025-05-18 22:25:31,281 - transvg_coordinates_fixed_20250518_185059 - INFO - Train metrics: l1_loss: 0.4746 | giou_loss: 1.0330 | total_loss: 4.4388
2025-05-18 22:25:49,399 - transvg_coordinates_fixed_20250518_185059 - INFO - Epoch 39, Batch 300/848, Loss: 3.6646
2025-05-18 22:25:49,399 - transvg_coordinates_fixed_20250518_185059 - INFO - Train metrics: l1_loss: 0.3808 | giou_loss: 0.8804 | total_loss: 3.6646
2025-05-18 22:26:07,520 - transvg_coordinates_fixed_20250518_185059 - INFO - Epoch 39, Batch 350/848, Loss: 3.8096
2025-05-18 22:26:07,520 - transvg_coordinates_fixed_20250518_185059 - INFO - Train metrics: l1_loss: 0.3958 | giou_loss: 0.9154 | total_loss: 3.8096
2025-05-18 22:26:25,700 - transvg_coordinates_fixed_20250518_185059 - INFO - Epoch 39, Batch 400/848, Loss: 3.8542
2025-05-18 22:26:25,700 - transvg_coordinates_fixed_20250518_185059 - INFO - Train metrics: l1_loss: 0.3818 | giou_loss: 0.9725 | total_loss: 3.8542
2025-05-18 22:26:43,819 - transvg_coordinates_fixed_20250518_185059 - INFO - Epoch 39, Batch 450/848, Loss: 3.5264
2025-05-18 22:26:43,819 - transvg_coordinates_fixed_20250518_185059 - INFO - Train metrics: l1_loss: 0.3475 | giou_loss: 0.8944 | total_loss: 3.5264
2025-05-18 22:27:01,946 - transvg_coordinates_fixed_20250518_185059 - INFO - Epoch 39, Batch 500/848, Loss: 4.2775
2025-05-18 22:27:01,946 - transvg_coordinates_fixed_20250518_185059 - INFO - Train metrics: l1_loss: 0.4402 | giou_loss: 1.0381 | total_loss: 4.2775
2025-05-18 22:27:20,141 - transvg_coordinates_fixed_20250518_185059 - INFO - Epoch 39, Batch 550/848, Loss: 4.0274
2025-05-18 22:27:20,141 - transvg_coordinates_fixed_20250518_185059 - INFO - Train metrics: l1_loss: 0.4420 | giou_loss: 0.9088 | total_loss: 4.0274
2025-05-18 22:27:38,282 - transvg_coordinates_fixed_20250518_185059 - INFO - Epoch 39, Batch 600/848, Loss: 4.1014
2025-05-18 22:27:38,283 - transvg_coordinates_fixed_20250518_185059 - INFO - Train metrics: l1_loss: 0.4495 | giou_loss: 0.9269 | total_loss: 4.1014
2025-05-18 22:27:56,411 - transvg_coordinates_fixed_20250518_185059 - INFO - Epoch 39, Batch 650/848, Loss: 4.1188
2025-05-18 22:27:56,411 - transvg_coordinates_fixed_20250518_185059 - INFO - Train metrics: l1_loss: 0.4292 | giou_loss: 0.9863 | total_loss: 4.1188
2025-05-18 22:28:14,610 - transvg_coordinates_fixed_20250518_185059 - INFO - Epoch 39, Batch 700/848, Loss: 4.1828
2025-05-18 22:28:14,610 - transvg_coordinates_fixed_20250518_185059 - INFO - Train metrics: l1_loss: 0.4406 | giou_loss: 0.9900 | total_loss: 4.1828
2025-05-18 22:28:32,747 - transvg_coordinates_fixed_20250518_185059 - INFO - Epoch 39, Batch 750/848, Loss: 3.7845
2025-05-18 22:28:32,747 - transvg_coordinates_fixed_20250518_185059 - INFO - Train metrics: l1_loss: 0.3736 | giou_loss: 0.9584 | total_loss: 3.7845
2025-05-18 22:28:51,040 - transvg_coordinates_fixed_20250518_185059 - INFO - Epoch 39, Batch 800/848, Loss: 3.7508
2025-05-18 22:28:51,040 - transvg_coordinates_fixed_20250518_185059 - INFO - Train metrics: l1_loss: 0.4072 | giou_loss: 0.8574 | total_loss: 3.7508
2025-05-18 22:29:08,055 - transvg_coordinates_fixed_20250518_185059 - INFO - Train Epoch 39, Loss: 3.8020
2025-05-18 22:29:24,426 - transvg_coordinates_fixed_20250518_185059 - INFO - Pred box sample: [76.85356140136719, 89.17729187011719, 264.9800720214844, 245.92539978027344]
2025-05-18 22:29:24,426 - transvg_coordinates_fixed_20250518_185059 - INFO - Target box sample: [207.0, 198.0, 287.0, 283.0]
2025-05-18 22:29:24,509 - transvg_coordinates_fixed_20250518_185059 - INFO - Validation Epoch 39, Loss: 4.7016
2025-05-18 22:29:24,509 - transvg_coordinates_fixed_20250518_185059 - INFO - Val metrics: Acc@0.25: 0.3070 | Acc@0.5: 0.1134 | Acc@0.75: 0.0127 | mIoU: 0.1762 | medianIoU: 0.0731 | mae_x1: 105.3258 | mae_y1: 102.6607 | mae_x2: 107.2609 | mae_y2: 102.0326 | center_x_error: 92.4320 | center_y_error: 86.1919 | width_error: 2.1193 | height_error: 2.1919 | loss: 4.7016
2025-05-18 22:29:25,321 - transvg_coordinates_fixed_20250518_185059 - INFO - Saved model checkpoint to /home/pokle/Trans-VG/visual_grounding/checkpoints/transvg_coordinates_fixed_20250518_185059_epoch39.pth
2025-05-18 22:29:25,322 - transvg_coordinates_fixed_20250518_185059 - INFO - Epoch 40/200
2025-05-18 22:29:26,422 - transvg_coordinates_fixed_20250518_185059 - INFO - Epoch 40, Batch 0/848, Loss: 3.4508
2025-05-18 22:29:26,422 - transvg_coordinates_fixed_20250518_185059 - INFO - Train metrics: l1_loss: 0.3308 | giou_loss: 0.8984 | total_loss: 3.4508
2025-05-18 22:29:44,447 - transvg_coordinates_fixed_20250518_185059 - INFO - Epoch 40, Batch 50/848, Loss: 3.9717
2025-05-18 22:29:44,447 - transvg_coordinates_fixed_20250518_185059 - INFO - Train metrics: l1_loss: 0.4254 | giou_loss: 0.9223 | total_loss: 3.9717
2025-05-18 22:30:02,630 - transvg_coordinates_fixed_20250518_185059 - INFO - Epoch 40, Batch 100/848, Loss: 4.0347
2025-05-18 22:30:02,631 - transvg_coordinates_fixed_20250518_185059 - INFO - Train metrics: l1_loss: 0.4307 | giou_loss: 0.9406 | total_loss: 4.0347
2025-05-18 22:30:20,827 - transvg_coordinates_fixed_20250518_185059 - INFO - Epoch 40, Batch 150/848, Loss: 3.8913
2025-05-18 22:30:20,827 - transvg_coordinates_fixed_20250518_185059 - INFO - Train metrics: l1_loss: 0.4117 | giou_loss: 0.9165 | total_loss: 3.8913
2025-05-18 22:30:39,018 - transvg_coordinates_fixed_20250518_185059 - INFO - Epoch 40, Batch 200/848, Loss: 3.8419
2025-05-18 22:30:39,018 - transvg_coordinates_fixed_20250518_185059 - INFO - Train metrics: l1_loss: 0.4058 | giou_loss: 0.9066 | total_loss: 3.8419
2025-05-18 22:30:57,326 - transvg_coordinates_fixed_20250518_185059 - INFO - Epoch 40, Batch 250/848, Loss: 4.1624
2025-05-18 22:30:57,327 - transvg_coordinates_fixed_20250518_185059 - INFO - Train metrics: l1_loss: 0.4726 | giou_loss: 0.8996 | total_loss: 4.1624
2025-05-18 22:31:15,723 - transvg_coordinates_fixed_20250518_185059 - INFO - Epoch 40, Batch 300/848, Loss: 3.2580
2025-05-18 22:31:15,723 - transvg_coordinates_fixed_20250518_185059 - INFO - Train metrics: l1_loss: 0.3310 | giou_loss: 0.8015 | total_loss: 3.2580
2025-05-18 22:31:33,941 - transvg_coordinates_fixed_20250518_185059 - INFO - Epoch 40, Batch 350/848, Loss: 4.1307
2025-05-18 22:31:33,941 - transvg_coordinates_fixed_20250518_185059 - INFO - Train metrics: l1_loss: 0.4593 | giou_loss: 0.9171 | total_loss: 4.1307
2025-05-18 22:31:52,356 - transvg_coordinates_fixed_20250518_185059 - INFO - Epoch 40, Batch 400/848, Loss: 3.2528
2025-05-18 22:31:52,357 - transvg_coordinates_fixed_20250518_185059 - INFO - Train metrics: l1_loss: 0.3313 | giou_loss: 0.7981 | total_loss: 3.2528
2025-05-18 22:32:10,574 - transvg_coordinates_fixed_20250518_185059 - INFO - Epoch 40, Batch 450/848, Loss: 3.3982
2025-05-18 22:32:10,574 - transvg_coordinates_fixed_20250518_185059 - INFO - Train metrics: l1_loss: 0.3456 | giou_loss: 0.8351 | total_loss: 3.3982
2025-05-18 22:32:28,682 - transvg_coordinates_fixed_20250518_185059 - INFO - Epoch 40, Batch 500/848, Loss: 3.9681
2025-05-18 22:32:28,683 - transvg_coordinates_fixed_20250518_185059 - INFO - Train metrics: l1_loss: 0.4278 | giou_loss: 0.9146 | total_loss: 3.9681
2025-05-18 22:32:46,792 - transvg_coordinates_fixed_20250518_185059 - INFO - Epoch 40, Batch 550/848, Loss: 3.7725
2025-05-18 22:32:46,792 - transvg_coordinates_fixed_20250518_185059 - INFO - Train metrics: l1_loss: 0.4023 | giou_loss: 0.8804 | total_loss: 3.7725
2025-05-18 22:33:04,909 - transvg_coordinates_fixed_20250518_185059 - INFO - Epoch 40, Batch 600/848, Loss: 3.6872
2025-05-18 22:33:04,909 - transvg_coordinates_fixed_20250518_185059 - INFO - Train metrics: l1_loss: 0.3695 | giou_loss: 0.9199 | total_loss: 3.6872
2025-05-18 22:33:23,017 - transvg_coordinates_fixed_20250518_185059 - INFO - Epoch 40, Batch 650/848, Loss: 4.2992
2025-05-18 22:33:23,017 - transvg_coordinates_fixed_20250518_185059 - INFO - Train metrics: l1_loss: 0.4396 | giou_loss: 1.0506 | total_loss: 4.2992
2025-05-18 22:33:41,121 - transvg_coordinates_fixed_20250518_185059 - INFO - Epoch 40, Batch 700/848, Loss: 3.4481
2025-05-18 22:33:41,121 - transvg_coordinates_fixed_20250518_185059 - INFO - Train metrics: l1_loss: 0.3524 | giou_loss: 0.8431 | total_loss: 3.4481
2025-05-18 22:33:59,255 - transvg_coordinates_fixed_20250518_185059 - INFO - Epoch 40, Batch 750/848, Loss: 3.7078
2025-05-18 22:33:59,255 - transvg_coordinates_fixed_20250518_185059 - INFO - Train metrics: l1_loss: 0.3916 | giou_loss: 0.8750 | total_loss: 3.7078
2025-05-18 22:34:17,376 - transvg_coordinates_fixed_20250518_185059 - INFO - Epoch 40, Batch 800/848, Loss: 3.7747
2025-05-18 22:34:17,376 - transvg_coordinates_fixed_20250518_185059 - INFO - Train metrics: l1_loss: 0.3848 | giou_loss: 0.9253 | total_loss: 3.7747
2025-05-18 22:34:34,409 - transvg_coordinates_fixed_20250518_185059 - INFO - Train Epoch 40, Loss: 3.7959
2025-05-18 22:34:50,822 - transvg_coordinates_fixed_20250518_185059 - INFO - Pred box sample: [74.95965576171875, 116.94100952148438, 223.7398681640625, 274.2244567871094]
2025-05-18 22:34:50,823 - transvg_coordinates_fixed_20250518_185059 - INFO - Target box sample: [207.0, 198.0, 287.0, 283.0]
2025-05-18 22:34:50,904 - transvg_coordinates_fixed_20250518_185059 - INFO - Validation Epoch 40, Loss: 4.6662
2025-05-18 22:34:50,904 - transvg_coordinates_fixed_20250518_185059 - INFO - Val metrics: Acc@0.25: 0.3049 | Acc@0.5: 0.1163 | Acc@0.75: 0.0151 | mIoU: 0.1768 | medianIoU: 0.0741 | mae_x1: 104.4120 | mae_y1: 100.0395 | mae_x2: 105.6375 | mae_y2: 102.7243 | center_x_error: 91.4106 | center_y_error: 86.5781 | width_error: 2.1883 | height_error: 2.1356 | loss: 4.6662
2025-05-18 22:34:51,716 - transvg_coordinates_fixed_20250518_185059 - INFO - Saved model checkpoint to /home/pokle/Trans-VG/visual_grounding/checkpoints/transvg_coordinates_fixed_20250518_185059_epoch40.pth
2025-05-18 22:34:51,717 - transvg_coordinates_fixed_20250518_185059 - INFO - Epoch 41/200
2025-05-18 22:34:52,797 - transvg_coordinates_fixed_20250518_185059 - INFO - Epoch 41, Batch 0/848, Loss: 3.7823
2025-05-18 22:34:52,797 - transvg_coordinates_fixed_20250518_185059 - INFO - Train metrics: l1_loss: 0.3814 | giou_loss: 0.9376 | total_loss: 3.7823
2025-05-18 22:35:10,804 - transvg_coordinates_fixed_20250518_185059 - INFO - Epoch 41, Batch 50/848, Loss: 4.0560
2025-05-18 22:35:10,804 - transvg_coordinates_fixed_20250518_185059 - INFO - Train metrics: l1_loss: 0.4221 | giou_loss: 0.9727 | total_loss: 4.0560
2025-05-18 22:35:28,742 - transvg_coordinates_fixed_20250518_185059 - INFO - Epoch 41, Batch 100/848, Loss: 3.2331
2025-05-18 22:35:28,742 - transvg_coordinates_fixed_20250518_185059 - INFO - Train metrics: l1_loss: 0.3360 | giou_loss: 0.7766 | total_loss: 3.2331
2025-05-18 22:35:46,807 - transvg_coordinates_fixed_20250518_185059 - INFO - Epoch 41, Batch 150/848, Loss: 3.8413
2025-05-18 22:35:46,807 - transvg_coordinates_fixed_20250518_185059 - INFO - Train metrics: l1_loss: 0.3815 | giou_loss: 0.9670 | total_loss: 3.8413
2025-05-18 22:36:04,887 - transvg_coordinates_fixed_20250518_185059 - INFO - Epoch 41, Batch 200/848, Loss: 4.0813
2025-05-18 22:36:04,887 - transvg_coordinates_fixed_20250518_185059 - INFO - Train metrics: l1_loss: 0.4773 | giou_loss: 0.8474 | total_loss: 4.0813
2025-05-18 22:36:23,012 - transvg_coordinates_fixed_20250518_185059 - INFO - Epoch 41, Batch 250/848, Loss: 4.1083
2025-05-18 22:36:23,012 - transvg_coordinates_fixed_20250518_185059 - INFO - Train metrics: l1_loss: 0.4226 | giou_loss: 0.9977 | total_loss: 4.1083
2025-05-18 22:36:41,124 - transvg_coordinates_fixed_20250518_185059 - INFO - Epoch 41, Batch 300/848, Loss: 4.0807
2025-05-18 22:36:41,124 - transvg_coordinates_fixed_20250518_185059 - INFO - Train metrics: l1_loss: 0.4230 | giou_loss: 0.9827 | total_loss: 4.0807
2025-05-18 22:36:59,363 - transvg_coordinates_fixed_20250518_185059 - INFO - Epoch 41, Batch 350/848, Loss: 3.7412
2025-05-18 22:36:59,363 - transvg_coordinates_fixed_20250518_185059 - INFO - Train metrics: l1_loss: 0.3801 | giou_loss: 0.9203 | total_loss: 3.7412
2025-05-18 22:37:17,512 - transvg_coordinates_fixed_20250518_185059 - INFO - Epoch 41, Batch 400/848, Loss: 3.4434
2025-05-18 22:37:17,512 - transvg_coordinates_fixed_20250518_185059 - INFO - Train metrics: l1_loss: 0.3465 | giou_loss: 0.8555 | total_loss: 3.4434
2025-05-18 22:37:35,615 - transvg_coordinates_fixed_20250518_185059 - INFO - Epoch 41, Batch 450/848, Loss: 3.2288
2025-05-18 22:37:35,615 - transvg_coordinates_fixed_20250518_185059 - INFO - Train metrics: l1_loss: 0.3394 | giou_loss: 0.7659 | total_loss: 3.2288
2025-05-18 22:37:53,724 - transvg_coordinates_fixed_20250518_185059 - INFO - Epoch 41, Batch 500/848, Loss: 4.8329
2025-05-18 22:37:53,724 - transvg_coordinates_fixed_20250518_185059 - INFO - Train metrics: l1_loss: 0.5571 | giou_loss: 1.0237 | total_loss: 4.8329
2025-05-18 22:38:11,849 - transvg_coordinates_fixed_20250518_185059 - INFO - Epoch 41, Batch 550/848, Loss: 3.7181
2025-05-18 22:38:11,850 - transvg_coordinates_fixed_20250518_185059 - INFO - Train metrics: l1_loss: 0.3834 | giou_loss: 0.9007 | total_loss: 3.7181
2025-05-18 22:38:30,015 - transvg_coordinates_fixed_20250518_185059 - INFO - Epoch 41, Batch 600/848, Loss: 3.9779
2025-05-18 22:38:30,015 - transvg_coordinates_fixed_20250518_185059 - INFO - Train metrics: l1_loss: 0.4284 | giou_loss: 0.9180 | total_loss: 3.9779
2025-05-18 22:38:48,130 - transvg_coordinates_fixed_20250518_185059 - INFO - Epoch 41, Batch 650/848, Loss: 4.0649
2025-05-18 22:38:48,130 - transvg_coordinates_fixed_20250518_185059 - INFO - Train metrics: l1_loss: 0.4235 | giou_loss: 0.9738 | total_loss: 4.0649
2025-05-18 22:39:06,246 - transvg_coordinates_fixed_20250518_185059 - INFO - Epoch 41, Batch 700/848, Loss: 4.3715
2025-05-18 22:39:06,247 - transvg_coordinates_fixed_20250518_185059 - INFO - Train metrics: l1_loss: 0.4827 | giou_loss: 0.9791 | total_loss: 4.3715
2025-05-18 22:39:24,371 - transvg_coordinates_fixed_20250518_185059 - INFO - Epoch 41, Batch 750/848, Loss: 4.1684
2025-05-18 22:39:24,371 - transvg_coordinates_fixed_20250518_185059 - INFO - Train metrics: l1_loss: 0.4447 | giou_loss: 0.9723 | total_loss: 4.1684
2025-05-18 22:39:42,538 - transvg_coordinates_fixed_20250518_185059 - INFO - Epoch 41, Batch 800/848, Loss: 3.8437
2025-05-18 22:39:42,538 - transvg_coordinates_fixed_20250518_185059 - INFO - Train metrics: l1_loss: 0.3852 | giou_loss: 0.9590 | total_loss: 3.8437
2025-05-18 22:39:59,641 - transvg_coordinates_fixed_20250518_185059 - INFO - Train Epoch 41, Loss: 3.7793
2025-05-18 22:40:15,838 - transvg_coordinates_fixed_20250518_185059 - INFO - Pred box sample: [85.36907196044922, 90.02478790283203, 251.12034606933594, 246.59762573242188]
2025-05-18 22:40:15,839 - transvg_coordinates_fixed_20250518_185059 - INFO - Target box sample: [207.0, 198.0, 287.0, 283.0]
2025-05-18 22:40:15,916 - transvg_coordinates_fixed_20250518_185059 - INFO - Validation Epoch 41, Loss: 4.6871
2025-05-18 22:40:15,917 - transvg_coordinates_fixed_20250518_185059 - INFO - Val metrics: Acc@0.25: 0.3031 | Acc@0.5: 0.1086 | Acc@0.75: 0.0130 | mIoU: 0.1752 | medianIoU: 0.0735 | mae_x1: 104.8055 | mae_y1: 102.7725 | mae_x2: 104.9723 | mae_y2: 102.1691 | center_x_error: 91.3107 | center_y_error: 87.2802 | width_error: 2.1480 | height_error: 2.1352 | loss: 4.6871
2025-05-18 22:40:16,518 - transvg_coordinates_fixed_20250518_185059 - INFO - Saved model checkpoint to /home/pokle/Trans-VG/visual_grounding/checkpoints/transvg_coordinates_fixed_20250518_185059_epoch41.pth
2025-05-18 22:40:16,518 - transvg_coordinates_fixed_20250518_185059 - INFO - Epoch 42/200
2025-05-18 22:40:17,598 - transvg_coordinates_fixed_20250518_185059 - INFO - Epoch 42, Batch 0/848, Loss: 3.6842
2025-05-18 22:40:17,598 - transvg_coordinates_fixed_20250518_185059 - INFO - Train metrics: l1_loss: 0.3936 | giou_loss: 0.8582 | total_loss: 3.6842
2025-05-18 22:40:35,578 - transvg_coordinates_fixed_20250518_185059 - INFO - Epoch 42, Batch 50/848, Loss: 3.8882
2025-05-18 22:40:35,578 - transvg_coordinates_fixed_20250518_185059 - INFO - Train metrics: l1_loss: 0.3929 | giou_loss: 0.9618 | total_loss: 3.8882
2025-05-18 22:40:53,716 - transvg_coordinates_fixed_20250518_185059 - INFO - Epoch 42, Batch 100/848, Loss: 3.5750
2025-05-18 22:40:53,716 - transvg_coordinates_fixed_20250518_185059 - INFO - Train metrics: l1_loss: 0.3752 | giou_loss: 0.8496 | total_loss: 3.5750
2025-05-18 22:41:11,802 - transvg_coordinates_fixed_20250518_185059 - INFO - Epoch 42, Batch 150/848, Loss: 3.9489
2025-05-18 22:41:11,802 - transvg_coordinates_fixed_20250518_185059 - INFO - Train metrics: l1_loss: 0.4150 | giou_loss: 0.9369 | total_loss: 3.9489
2025-05-18 22:41:29,923 - transvg_coordinates_fixed_20250518_185059 - INFO - Epoch 42, Batch 200/848, Loss: 3.8303
2025-05-18 22:41:29,923 - transvg_coordinates_fixed_20250518_185059 - INFO - Train metrics: l1_loss: 0.3701 | giou_loss: 0.9899 | total_loss: 3.8303
2025-05-18 22:41:48,035 - transvg_coordinates_fixed_20250518_185059 - INFO - Epoch 42, Batch 250/848, Loss: 3.6515
2025-05-18 22:41:48,035 - transvg_coordinates_fixed_20250518_185059 - INFO - Train metrics: l1_loss: 0.3665 | giou_loss: 0.9095 | total_loss: 3.6515
2025-05-18 22:42:06,143 - transvg_coordinates_fixed_20250518_185059 - INFO - Epoch 42, Batch 300/848, Loss: 3.4449
2025-05-18 22:42:06,143 - transvg_coordinates_fixed_20250518_185059 - INFO - Train metrics: l1_loss: 0.3598 | giou_loss: 0.8229 | total_loss: 3.4449
2025-05-18 22:42:24,260 - transvg_coordinates_fixed_20250518_185059 - INFO - Epoch 42, Batch 350/848, Loss: 3.8746
2025-05-18 22:42:24,260 - transvg_coordinates_fixed_20250518_185059 - INFO - Train metrics: l1_loss: 0.3877 | giou_loss: 0.9680 | total_loss: 3.8746
2025-05-18 22:42:42,383 - transvg_coordinates_fixed_20250518_185059 - INFO - Epoch 42, Batch 400/848, Loss: 4.3013
2025-05-18 22:42:42,383 - transvg_coordinates_fixed_20250518_185059 - INFO - Train metrics: l1_loss: 0.4635 | giou_loss: 0.9919 | total_loss: 4.3013
2025-05-18 22:43:00,498 - transvg_coordinates_fixed_20250518_185059 - INFO - Epoch 42, Batch 450/848, Loss: 4.3409
2025-05-18 22:43:00,498 - transvg_coordinates_fixed_20250518_185059 - INFO - Train metrics: l1_loss: 0.4553 | giou_loss: 1.0323 | total_loss: 4.3409
2025-05-18 22:43:18,598 - transvg_coordinates_fixed_20250518_185059 - INFO - Epoch 42, Batch 500/848, Loss: 3.4819
2025-05-18 22:43:18,598 - transvg_coordinates_fixed_20250518_185059 - INFO - Train metrics: l1_loss: 0.3630 | giou_loss: 0.8335 | total_loss: 3.4819
2025-05-18 22:43:36,732 - transvg_coordinates_fixed_20250518_185059 - INFO - Epoch 42, Batch 550/848, Loss: 3.9813
2025-05-18 22:43:36,732 - transvg_coordinates_fixed_20250518_185059 - INFO - Train metrics: l1_loss: 0.4139 | giou_loss: 0.9559 | total_loss: 3.9813
2025-05-18 22:43:54,848 - transvg_coordinates_fixed_20250518_185059 - INFO - Epoch 42, Batch 600/848, Loss: 3.4396
2025-05-18 22:43:54,848 - transvg_coordinates_fixed_20250518_185059 - INFO - Train metrics: l1_loss: 0.3536 | giou_loss: 0.8359 | total_loss: 3.4396
2025-05-18 22:44:13,012 - transvg_coordinates_fixed_20250518_185059 - INFO - Epoch 42, Batch 650/848, Loss: 3.6905
2025-05-18 22:44:13,012 - transvg_coordinates_fixed_20250518_185059 - INFO - Train metrics: l1_loss: 0.3732 | giou_loss: 0.9123 | total_loss: 3.6905
2025-05-18 22:44:31,147 - transvg_coordinates_fixed_20250518_185059 - INFO - Epoch 42, Batch 700/848, Loss: 3.8974
2025-05-18 22:44:31,147 - transvg_coordinates_fixed_20250518_185059 - INFO - Train metrics: l1_loss: 0.4272 | giou_loss: 0.8807 | total_loss: 3.8974
2025-05-18 22:44:49,398 - transvg_coordinates_fixed_20250518_185059 - INFO - Epoch 42, Batch 750/848, Loss: 3.4389
2025-05-18 22:44:49,398 - transvg_coordinates_fixed_20250518_185059 - INFO - Train metrics: l1_loss: 0.3317 | giou_loss: 0.8902 | total_loss: 3.4389
2025-05-18 22:45:07,589 - transvg_coordinates_fixed_20250518_185059 - INFO - Epoch 42, Batch 800/848, Loss: 3.7191
2025-05-18 22:45:07,589 - transvg_coordinates_fixed_20250518_185059 - INFO - Train metrics: l1_loss: 0.3534 | giou_loss: 0.9762 | total_loss: 3.7191
2025-05-18 22:45:24,627 - transvg_coordinates_fixed_20250518_185059 - INFO - Train Epoch 42, Loss: 3.7696
2025-05-18 22:45:41,274 - transvg_coordinates_fixed_20250518_185059 - INFO - Pred box sample: [86.28582000732422, 102.30901336669922, 267.1500549316406, 252.91204833984375]
2025-05-18 22:45:41,274 - transvg_coordinates_fixed_20250518_185059 - INFO - Target box sample: [207.0, 198.0, 287.0, 283.0]
2025-05-18 22:45:41,356 - transvg_coordinates_fixed_20250518_185059 - INFO - Validation Epoch 42, Loss: 4.6706
2025-05-18 22:45:41,356 - transvg_coordinates_fixed_20250518_185059 - INFO - Val metrics: Acc@0.25: 0.3046 | Acc@0.5: 0.1102 | Acc@0.75: 0.0165 | mIoU: 0.1755 | medianIoU: 0.0722 | mae_x1: 103.1198 | mae_y1: 100.5272 | mae_x2: 105.1265 | mae_y2: 101.5695 | center_x_error: 90.4481 | center_y_error: 86.3592 | width_error: 2.1483 | height_error: 2.0050 | loss: 4.6706
2025-05-18 22:45:41,979 - transvg_coordinates_fixed_20250518_185059 - INFO - Saved model checkpoint to /home/pokle/Trans-VG/visual_grounding/checkpoints/transvg_coordinates_fixed_20250518_185059_epoch42.pth
2025-05-18 22:45:41,980 - transvg_coordinates_fixed_20250518_185059 - INFO - Epoch 43/200
2025-05-18 22:45:43,138 - transvg_coordinates_fixed_20250518_185059 - INFO - Epoch 43, Batch 0/848, Loss: 3.3450
2025-05-18 22:45:43,139 - transvg_coordinates_fixed_20250518_185059 - INFO - Train metrics: l1_loss: 0.3092 | giou_loss: 0.8994 | total_loss: 3.3450
2025-05-18 22:46:01,135 - transvg_coordinates_fixed_20250518_185059 - INFO - Epoch 43, Batch 50/848, Loss: 3.1319
2025-05-18 22:46:01,135 - transvg_coordinates_fixed_20250518_185059 - INFO - Train metrics: l1_loss: 0.3179 | giou_loss: 0.7713 | total_loss: 3.1319
2025-05-18 22:46:19,290 - transvg_coordinates_fixed_20250518_185059 - INFO - Epoch 43, Batch 100/848, Loss: 3.7016
2025-05-18 22:46:19,290 - transvg_coordinates_fixed_20250518_185059 - INFO - Train metrics: l1_loss: 0.3732 | giou_loss: 0.9179 | total_loss: 3.7016
2025-05-18 22:46:37,430 - transvg_coordinates_fixed_20250518_185059 - INFO - Epoch 43, Batch 150/848, Loss: 3.7939
2025-05-18 22:46:37,430 - transvg_coordinates_fixed_20250518_185059 - INFO - Train metrics: l1_loss: 0.3855 | giou_loss: 0.9331 | total_loss: 3.7939
2025-05-18 22:46:55,600 - transvg_coordinates_fixed_20250518_185059 - INFO - Epoch 43, Batch 200/848, Loss: 4.2278
2025-05-18 22:46:55,600 - transvg_coordinates_fixed_20250518_185059 - INFO - Train metrics: l1_loss: 0.4734 | giou_loss: 0.9304 | total_loss: 4.2278
2025-05-18 22:47:13,896 - transvg_coordinates_fixed_20250518_185059 - INFO - Epoch 43, Batch 250/848, Loss: 3.9900
2025-05-18 22:47:13,897 - transvg_coordinates_fixed_20250518_185059 - INFO - Train metrics: l1_loss: 0.4295 | giou_loss: 0.9211 | total_loss: 3.9900
2025-05-18 22:47:32,239 - transvg_coordinates_fixed_20250518_185059 - INFO - Epoch 43, Batch 300/848, Loss: 3.1477
2025-05-18 22:47:32,239 - transvg_coordinates_fixed_20250518_185059 - INFO - Train metrics: l1_loss: 0.3151 | giou_loss: 0.7861 | total_loss: 3.1477
2025-05-18 22:47:50,764 - transvg_coordinates_fixed_20250518_185059 - INFO - Epoch 43, Batch 350/848, Loss: 3.5951
2025-05-18 22:47:50,764 - transvg_coordinates_fixed_20250518_185059 - INFO - Train metrics: l1_loss: 0.3655 | giou_loss: 0.8837 | total_loss: 3.5951
2025-05-18 22:48:09,946 - transvg_coordinates_fixed_20250518_185059 - INFO - Epoch 43, Batch 400/848, Loss: 3.9973
2025-05-18 22:48:09,946 - transvg_coordinates_fixed_20250518_185059 - INFO - Train metrics: l1_loss: 0.4247 | giou_loss: 0.9370 | total_loss: 3.9973
2025-05-18 22:48:28,054 - transvg_coordinates_fixed_20250518_185059 - INFO - Epoch 43, Batch 450/848, Loss: 3.7495
2025-05-18 22:48:28,054 - transvg_coordinates_fixed_20250518_185059 - INFO - Train metrics: l1_loss: 0.3901 | giou_loss: 0.8996 | total_loss: 3.7495
2025-05-18 22:48:47,048 - transvg_coordinates_fixed_20250518_185059 - INFO - Epoch 43, Batch 500/848, Loss: 3.5808
2025-05-18 22:48:47,048 - transvg_coordinates_fixed_20250518_185059 - INFO - Train metrics: l1_loss: 0.3611 | giou_loss: 0.8876 | total_loss: 3.5808
2025-05-18 22:49:19,577 - transvg_coordinates_fixed_20250518_185059 - INFO - Epoch 43, Batch 550/848, Loss: 3.5736
2025-05-18 22:49:19,577 - transvg_coordinates_fixed_20250518_185059 - INFO - Train metrics: l1_loss: 0.3739 | giou_loss: 0.8521 | total_loss: 3.5736
2025-05-18 22:49:50,239 - transvg_coordinates_fixed_20250518_185059 - INFO - Epoch 43, Batch 600/848, Loss: 3.9750
2025-05-18 22:49:50,239 - transvg_coordinates_fixed_20250518_185059 - INFO - Train metrics: l1_loss: 0.4224 | giou_loss: 0.9316 | total_loss: 3.9750
2025-05-18 22:50:15,874 - transvg_coordinates_fixed_20250518_185059 - INFO - Epoch 43, Batch 650/848, Loss: 3.5162
2025-05-18 22:50:15,875 - transvg_coordinates_fixed_20250518_185059 - INFO - Train metrics: l1_loss: 0.3416 | giou_loss: 0.9041 | total_loss: 3.5162
2025-05-18 22:50:41,198 - transvg_coordinates_fixed_20250518_185059 - INFO - Epoch 43, Batch 700/848, Loss: 3.4251
2025-05-18 22:50:41,198 - transvg_coordinates_fixed_20250518_185059 - INFO - Train metrics: l1_loss: 0.3336 | giou_loss: 0.8786 | total_loss: 3.4251
2025-05-18 22:51:03,120 - transvg_coordinates_fixed_20250518_185059 - INFO - Epoch 43, Batch 750/848, Loss: 3.7865
2025-05-18 22:51:03,120 - transvg_coordinates_fixed_20250518_185059 - INFO - Train metrics: l1_loss: 0.3921 | giou_loss: 0.9129 | total_loss: 3.7865
2025-05-18 22:51:21,891 - transvg_coordinates_fixed_20250518_185059 - INFO - Epoch 43, Batch 800/848, Loss: 3.6015
2025-05-18 22:51:21,891 - transvg_coordinates_fixed_20250518_185059 - INFO - Train metrics: l1_loss: 0.3871 | giou_loss: 0.8329 | total_loss: 3.6015
2025-05-18 22:51:39,549 - transvg_coordinates_fixed_20250518_185059 - INFO - Train Epoch 43, Loss: 3.7714
2025-05-18 22:52:16,984 - transvg_coordinates_fixed_20250518_185059 - INFO - Pred box sample: [88.91095733642578, 105.4067153930664, 289.0175476074219, 250.2238006591797]
2025-05-18 22:52:16,985 - transvg_coordinates_fixed_20250518_185059 - INFO - Target box sample: [207.0, 198.0, 287.0, 283.0]
2025-05-18 22:52:17,094 - transvg_coordinates_fixed_20250518_185059 - INFO - Validation Epoch 43, Loss: 4.7321
2025-05-18 22:52:17,095 - transvg_coordinates_fixed_20250518_185059 - INFO - Val metrics: Acc@0.25: 0.3057 | Acc@0.5: 0.1105 | Acc@0.75: 0.0122 | mIoU: 0.1757 | medianIoU: 0.0756 | mae_x1: 105.1457 | mae_y1: 104.6404 | mae_x2: 108.5389 | mae_y2: 102.6232 | center_x_error: 92.4078 | center_y_error: 88.5801 | width_error: 2.2849 | height_error: 2.0401 | loss: 4.7321
2025-05-18 22:52:17,972 - transvg_coordinates_fixed_20250518_185059 - INFO - Saved model checkpoint to /home/pokle/Trans-VG/visual_grounding/checkpoints/transvg_coordinates_fixed_20250518_185059_epoch43.pth
2025-05-18 22:52:17,973 - transvg_coordinates_fixed_20250518_185059 - INFO - Epoch 44/200
2025-05-18 22:52:19,297 - transvg_coordinates_fixed_20250518_185059 - INFO - Epoch 44, Batch 0/848, Loss: 4.2507
2025-05-18 22:52:19,298 - transvg_coordinates_fixed_20250518_185059 - INFO - Train metrics: l1_loss: 0.4554 | giou_loss: 0.9870 | total_loss: 4.2507
2025-05-18 22:52:37,018 - transvg_coordinates_fixed_20250518_185059 - INFO - Epoch 44, Batch 50/848, Loss: 3.9689
2025-05-18 22:52:37,019 - transvg_coordinates_fixed_20250518_185059 - INFO - Train metrics: l1_loss: 0.4215 | giou_loss: 0.9307 | total_loss: 3.9689
2025-05-18 22:52:54,786 - transvg_coordinates_fixed_20250518_185059 - INFO - Epoch 44, Batch 100/848, Loss: 3.7676
2025-05-18 22:52:54,787 - transvg_coordinates_fixed_20250518_185059 - INFO - Train metrics: l1_loss: 0.3868 | giou_loss: 0.9167 | total_loss: 3.7676
2025-05-18 22:53:12,629 - transvg_coordinates_fixed_20250518_185059 - INFO - Epoch 44, Batch 150/848, Loss: 3.4919
2025-05-18 22:53:12,629 - transvg_coordinates_fixed_20250518_185059 - INFO - Train metrics: l1_loss: 0.3587 | giou_loss: 0.8493 | total_loss: 3.4919
2025-05-18 22:53:30,668 - transvg_coordinates_fixed_20250518_185059 - INFO - Epoch 44, Batch 200/848, Loss: 3.9351
2025-05-18 22:53:30,668 - transvg_coordinates_fixed_20250518_185059 - INFO - Train metrics: l1_loss: 0.4120 | giou_loss: 0.9375 | total_loss: 3.9351
2025-05-18 22:53:48,518 - transvg_coordinates_fixed_20250518_185059 - INFO - Epoch 44, Batch 250/848, Loss: 3.9254
2025-05-18 22:53:48,519 - transvg_coordinates_fixed_20250518_185059 - INFO - Train metrics: l1_loss: 0.3636 | giou_loss: 1.0537 | total_loss: 3.9254
2025-05-18 22:54:06,424 - transvg_coordinates_fixed_20250518_185059 - INFO - Epoch 44, Batch 300/848, Loss: 4.0349
2025-05-18 22:54:06,424 - transvg_coordinates_fixed_20250518_185059 - INFO - Train metrics: l1_loss: 0.4183 | giou_loss: 0.9717 | total_loss: 4.0349
2025-05-18 22:54:24,338 - transvg_coordinates_fixed_20250518_185059 - INFO - Epoch 44, Batch 350/848, Loss: 3.7231
2025-05-18 22:54:24,338 - transvg_coordinates_fixed_20250518_185059 - INFO - Train metrics: l1_loss: 0.3756 | giou_loss: 0.9225 | total_loss: 3.7231
2025-05-18 22:54:42,230 - transvg_coordinates_fixed_20250518_185059 - INFO - Epoch 44, Batch 400/848, Loss: 3.6613
2025-05-18 22:54:42,231 - transvg_coordinates_fixed_20250518_185059 - INFO - Train metrics: l1_loss: 0.3703 | giou_loss: 0.9048 | total_loss: 3.6613
2025-05-18 22:55:00,139 - transvg_coordinates_fixed_20250518_185059 - INFO - Epoch 44, Batch 450/848, Loss: 3.9175
2025-05-18 22:55:00,139 - transvg_coordinates_fixed_20250518_185059 - INFO - Train metrics: l1_loss: 0.4436 | giou_loss: 0.8497 | total_loss: 3.9175
2025-05-18 22:55:18,041 - transvg_coordinates_fixed_20250518_185059 - INFO - Epoch 44, Batch 500/848, Loss: 3.9236
2025-05-18 22:55:18,041 - transvg_coordinates_fixed_20250518_185059 - INFO - Train metrics: l1_loss: 0.4218 | giou_loss: 0.9072 | total_loss: 3.9236
2025-05-18 22:55:35,993 - transvg_coordinates_fixed_20250518_185059 - INFO - Epoch 44, Batch 550/848, Loss: 4.0339
2025-05-18 22:55:35,993 - transvg_coordinates_fixed_20250518_185059 - INFO - Train metrics: l1_loss: 0.4088 | giou_loss: 0.9950 | total_loss: 4.0339
2025-05-18 22:55:53,916 - transvg_coordinates_fixed_20250518_185059 - INFO - Epoch 44, Batch 600/848, Loss: 3.4109
2025-05-18 22:55:53,917 - transvg_coordinates_fixed_20250518_185059 - INFO - Train metrics: l1_loss: 0.3568 | giou_loss: 0.8136 | total_loss: 3.4109
2025-05-18 22:56:11,847 - transvg_coordinates_fixed_20250518_185059 - INFO - Epoch 44, Batch 650/848, Loss: 3.6199
2025-05-18 22:56:11,847 - transvg_coordinates_fixed_20250518_185059 - INFO - Train metrics: l1_loss: 0.3748 | giou_loss: 0.8730 | total_loss: 3.6199
2025-05-18 22:56:29,704 - transvg_coordinates_fixed_20250518_185059 - INFO - Epoch 44, Batch 700/848, Loss: 3.6767
2025-05-18 22:56:29,704 - transvg_coordinates_fixed_20250518_185059 - INFO - Train metrics: l1_loss: 0.3841 | giou_loss: 0.8782 | total_loss: 3.6767
2025-05-18 22:56:47,584 - transvg_coordinates_fixed_20250518_185059 - INFO - Epoch 44, Batch 750/848, Loss: 4.0359
2025-05-18 22:56:47,584 - transvg_coordinates_fixed_20250518_185059 - INFO - Train metrics: l1_loss: 0.4180 | giou_loss: 0.9730 | total_loss: 4.0359
2025-05-18 22:57:05,498 - transvg_coordinates_fixed_20250518_185059 - INFO - Epoch 44, Batch 800/848, Loss: 4.1894
2025-05-18 22:57:05,498 - transvg_coordinates_fixed_20250518_185059 - INFO - Train metrics: l1_loss: 0.4235 | giou_loss: 1.0359 | total_loss: 4.1894
2025-05-18 22:57:22,308 - transvg_coordinates_fixed_20250518_185059 - INFO - Train Epoch 44, Loss: 3.7627
2025-05-18 22:57:38,535 - transvg_coordinates_fixed_20250518_185059 - INFO - Pred box sample: [56.351776123046875, 72.83116912841797, 184.71713256835938, 206.45095825195312]
2025-05-18 22:57:38,535 - transvg_coordinates_fixed_20250518_185059 - INFO - Target box sample: [207.0, 198.0, 287.0, 283.0]
2025-05-18 22:57:38,611 - transvg_coordinates_fixed_20250518_185059 - INFO - Validation Epoch 44, Loss: 4.7413
2025-05-18 22:57:38,611 - transvg_coordinates_fixed_20250518_185059 - INFO - Val metrics: Acc@0.25: 0.2956 | Acc@0.5: 0.1062 | Acc@0.75: 0.0149 | mIoU: 0.1720 | medianIoU: 0.0699 | mae_x1: 108.8502 | mae_y1: 102.6314 | mae_x2: 105.7599 | mae_y2: 103.0455 | center_x_error: 93.2496 | center_y_error: 88.2650 | width_error: 2.1143 | height_error: 2.0815 | loss: 4.7413
2025-05-18 22:57:39,413 - transvg_coordinates_fixed_20250518_185059 - INFO - Saved model checkpoint to /home/pokle/Trans-VG/visual_grounding/checkpoints/transvg_coordinates_fixed_20250518_185059_epoch44.pth
2025-05-18 22:57:39,414 - transvg_coordinates_fixed_20250518_185059 - INFO - Epoch 45/200
2025-05-18 22:57:40,546 - transvg_coordinates_fixed_20250518_185059 - INFO - Epoch 45, Batch 0/848, Loss: 3.6619
2025-05-18 22:57:40,546 - transvg_coordinates_fixed_20250518_185059 - INFO - Train metrics: l1_loss: 0.3651 | giou_loss: 0.9182 | total_loss: 3.6619
2025-05-18 22:57:58,544 - transvg_coordinates_fixed_20250518_185059 - INFO - Epoch 45, Batch 50/848, Loss: 3.4484
2025-05-18 22:57:58,544 - transvg_coordinates_fixed_20250518_185059 - INFO - Train metrics: l1_loss: 0.3610 | giou_loss: 0.8217 | total_loss: 3.4484
2025-05-18 22:58:16,681 - transvg_coordinates_fixed_20250518_185059 - INFO - Epoch 45, Batch 100/848, Loss: 3.9782
2025-05-18 22:58:16,681 - transvg_coordinates_fixed_20250518_185059 - INFO - Train metrics: l1_loss: 0.4009 | giou_loss: 0.9869 | total_loss: 3.9782
2025-05-18 22:58:34,793 - transvg_coordinates_fixed_20250518_185059 - INFO - Epoch 45, Batch 150/848, Loss: 4.2565
2025-05-18 22:58:34,793 - transvg_coordinates_fixed_20250518_185059 - INFO - Train metrics: l1_loss: 0.4495 | giou_loss: 1.0044 | total_loss: 4.2565
2025-05-18 22:58:52,890 - transvg_coordinates_fixed_20250518_185059 - INFO - Epoch 45, Batch 200/848, Loss: 3.6273
2025-05-18 22:58:52,890 - transvg_coordinates_fixed_20250518_185059 - INFO - Train metrics: l1_loss: 0.3662 | giou_loss: 0.8982 | total_loss: 3.6273
2025-05-18 22:59:10,941 - transvg_coordinates_fixed_20250518_185059 - INFO - Epoch 45, Batch 250/848, Loss: 3.9957
2025-05-18 22:59:10,941 - transvg_coordinates_fixed_20250518_185059 - INFO - Train metrics: l1_loss: 0.4288 | giou_loss: 0.9258 | total_loss: 3.9957
2025-05-18 22:59:29,051 - transvg_coordinates_fixed_20250518_185059 - INFO - Epoch 45, Batch 300/848, Loss: 2.9248
2025-05-18 22:59:29,051 - transvg_coordinates_fixed_20250518_185059 - INFO - Train metrics: l1_loss: 0.2963 | giou_loss: 0.7216 | total_loss: 2.9248
2025-05-18 22:59:47,190 - transvg_coordinates_fixed_20250518_185059 - INFO - Epoch 45, Batch 350/848, Loss: 3.5032
2025-05-18 22:59:47,190 - transvg_coordinates_fixed_20250518_185059 - INFO - Train metrics: l1_loss: 0.3618 | giou_loss: 0.8472 | total_loss: 3.5032
2025-05-18 23:00:05,363 - transvg_coordinates_fixed_20250518_185059 - INFO - Epoch 45, Batch 400/848, Loss: 4.3274
2025-05-18 23:00:05,363 - transvg_coordinates_fixed_20250518_185059 - INFO - Train metrics: l1_loss: 0.4629 | giou_loss: 1.0063 | total_loss: 4.3274
2025-05-18 23:00:23,512 - transvg_coordinates_fixed_20250518_185059 - INFO - Epoch 45, Batch 450/848, Loss: 3.3939
2025-05-18 23:00:23,512 - transvg_coordinates_fixed_20250518_185059 - INFO - Train metrics: l1_loss: 0.3284 | giou_loss: 0.8759 | total_loss: 3.3939
2025-05-18 23:00:41,658 - transvg_coordinates_fixed_20250518_185059 - INFO - Epoch 45, Batch 500/848, Loss: 3.7792
2025-05-18 23:00:41,658 - transvg_coordinates_fixed_20250518_185059 - INFO - Train metrics: l1_loss: 0.3845 | giou_loss: 0.9282 | total_loss: 3.7792
2025-05-18 23:00:59,796 - transvg_coordinates_fixed_20250518_185059 - INFO - Epoch 45, Batch 550/848, Loss: 3.7829
2025-05-18 23:00:59,796 - transvg_coordinates_fixed_20250518_185059 - INFO - Train metrics: l1_loss: 0.3971 | giou_loss: 0.8986 | total_loss: 3.7829
2025-05-18 23:01:17,886 - transvg_coordinates_fixed_20250518_185059 - INFO - Epoch 45, Batch 600/848, Loss: 3.9197
2025-05-18 23:01:17,886 - transvg_coordinates_fixed_20250518_185059 - INFO - Train metrics: l1_loss: 0.4184 | giou_loss: 0.9139 | total_loss: 3.9197
2025-05-18 23:01:36,268 - transvg_coordinates_fixed_20250518_185059 - INFO - Epoch 45, Batch 650/848, Loss: 2.9655
2025-05-18 23:01:36,268 - transvg_coordinates_fixed_20250518_185059 - INFO - Train metrics: l1_loss: 0.3033 | giou_loss: 0.7246 | total_loss: 2.9655
2025-05-18 23:01:54,404 - transvg_coordinates_fixed_20250518_185059 - INFO - Epoch 45, Batch 700/848, Loss: 4.2479
2025-05-18 23:01:54,404 - transvg_coordinates_fixed_20250518_185059 - INFO - Train metrics: l1_loss: 0.4646 | giou_loss: 0.9624 | total_loss: 4.2479
2025-05-18 23:02:12,514 - transvg_coordinates_fixed_20250518_185059 - INFO - Epoch 45, Batch 750/848, Loss: 3.6571
2025-05-18 23:02:12,514 - transvg_coordinates_fixed_20250518_185059 - INFO - Train metrics: l1_loss: 0.3624 | giou_loss: 0.9226 | total_loss: 3.6571
2025-05-18 23:02:30,649 - transvg_coordinates_fixed_20250518_185059 - INFO - Epoch 45, Batch 800/848, Loss: 4.2358
2025-05-18 23:02:30,649 - transvg_coordinates_fixed_20250518_185059 - INFO - Train metrics: l1_loss: 0.4642 | giou_loss: 0.9574 | total_loss: 4.2358
2025-05-18 23:02:47,740 - transvg_coordinates_fixed_20250518_185059 - INFO - Train Epoch 45, Loss: 3.7488
2025-05-18 23:03:03,939 - transvg_coordinates_fixed_20250518_185059 - INFO - Pred box sample: [68.31460571289062, 88.08122253417969, 251.68080139160156, 250.78497314453125]
2025-05-18 23:03:03,940 - transvg_coordinates_fixed_20250518_185059 - INFO - Target box sample: [207.0, 198.0, 287.0, 283.0]
2025-05-18 23:03:04,022 - transvg_coordinates_fixed_20250518_185059 - INFO - Validation Epoch 45, Loss: 4.6802
2025-05-18 23:03:04,022 - transvg_coordinates_fixed_20250518_185059 - INFO - Val metrics: Acc@0.25: 0.3084 | Acc@0.5: 0.1163 | Acc@0.75: 0.0112 | mIoU: 0.1801 | medianIoU: 0.0791 | mae_x1: 107.6728 | mae_y1: 102.8283 | mae_x2: 106.1310 | mae_y2: 104.4054 | center_x_error: 90.9306 | center_y_error: 87.0788 | width_error: 2.4026 | height_error: 2.3116 | loss: 4.6802
2025-05-18 23:03:04,625 - transvg_coordinates_fixed_20250518_185059 - INFO - Saved model checkpoint to /home/pokle/Trans-VG/visual_grounding/checkpoints/transvg_coordinates_fixed_20250518_185059_epoch45.pth
2025-05-18 23:03:04,626 - transvg_coordinates_fixed_20250518_185059 - INFO - Epoch 46/200
2025-05-18 23:03:05,684 - transvg_coordinates_fixed_20250518_185059 - INFO - Epoch 46, Batch 0/848, Loss: 3.8005
2025-05-18 23:03:05,684 - transvg_coordinates_fixed_20250518_185059 - INFO - Train metrics: l1_loss: 0.3837 | giou_loss: 0.9409 | total_loss: 3.8005
2025-05-18 23:03:23,891 - transvg_coordinates_fixed_20250518_185059 - INFO - Epoch 46, Batch 50/848, Loss: 3.8830
2025-05-18 23:03:23,891 - transvg_coordinates_fixed_20250518_185059 - INFO - Train metrics: l1_loss: 0.3956 | giou_loss: 0.9524 | total_loss: 3.8830
2025-05-18 23:03:42,158 - transvg_coordinates_fixed_20250518_185059 - INFO - Epoch 46, Batch 100/848, Loss: 4.5453
2025-05-18 23:03:42,159 - transvg_coordinates_fixed_20250518_185059 - INFO - Train metrics: l1_loss: 0.4803 | giou_loss: 1.0719 | total_loss: 4.5453
2025-05-18 23:04:00,442 - transvg_coordinates_fixed_20250518_185059 - INFO - Epoch 46, Batch 150/848, Loss: 3.8229
2025-05-18 23:04:00,442 - transvg_coordinates_fixed_20250518_185059 - INFO - Train metrics: l1_loss: 0.4113 | giou_loss: 0.8832 | total_loss: 3.8229
2025-05-18 23:04:18,766 - transvg_coordinates_fixed_20250518_185059 - INFO - Epoch 46, Batch 200/848, Loss: 3.6102
2025-05-18 23:04:18,767 - transvg_coordinates_fixed_20250518_185059 - INFO - Train metrics: l1_loss: 0.3751 | giou_loss: 0.8674 | total_loss: 3.6102
2025-05-18 23:04:37,066 - transvg_coordinates_fixed_20250518_185059 - INFO - Epoch 46, Batch 250/848, Loss: 3.6348
2025-05-18 23:04:37,067 - transvg_coordinates_fixed_20250518_185059 - INFO - Train metrics: l1_loss: 0.3759 | giou_loss: 0.8778 | total_loss: 3.6348
2025-05-18 23:04:55,276 - transvg_coordinates_fixed_20250518_185059 - INFO - Epoch 46, Batch 300/848, Loss: 4.1706
2025-05-18 23:04:55,276 - transvg_coordinates_fixed_20250518_185059 - INFO - Train metrics: l1_loss: 0.4524 | giou_loss: 0.9542 | total_loss: 4.1706
2025-05-18 23:05:13,512 - transvg_coordinates_fixed_20250518_185059 - INFO - Epoch 46, Batch 350/848, Loss: 3.8798
2025-05-18 23:05:13,512 - transvg_coordinates_fixed_20250518_185059 - INFO - Train metrics: l1_loss: 0.4034 | giou_loss: 0.9313 | total_loss: 3.8798
2025-05-18 23:05:31,708 - transvg_coordinates_fixed_20250518_185059 - INFO - Epoch 46, Batch 400/848, Loss: 3.8400
2025-05-18 23:05:31,708 - transvg_coordinates_fixed_20250518_185059 - INFO - Train metrics: l1_loss: 0.3886 | giou_loss: 0.9486 | total_loss: 3.8400
2025-05-18 23:05:49,890 - transvg_coordinates_fixed_20250518_185059 - INFO - Epoch 46, Batch 450/848, Loss: 3.7712
2025-05-18 23:05:49,890 - transvg_coordinates_fixed_20250518_185059 - INFO - Train metrics: l1_loss: 0.3835 | giou_loss: 0.9269 | total_loss: 3.7712
2025-05-18 23:06:08,102 - transvg_coordinates_fixed_20250518_185059 - INFO - Epoch 46, Batch 500/848, Loss: 3.6888
2025-05-18 23:06:08,102 - transvg_coordinates_fixed_20250518_185059 - INFO - Train metrics: l1_loss: 0.3716 | giou_loss: 0.9155 | total_loss: 3.6888
2025-05-18 23:06:26,322 - transvg_coordinates_fixed_20250518_185059 - INFO - Epoch 46, Batch 550/848, Loss: 3.5918
2025-05-18 23:06:26,322 - transvg_coordinates_fixed_20250518_185059 - INFO - Train metrics: l1_loss: 0.3961 | giou_loss: 0.8056 | total_loss: 3.5918
2025-05-18 23:06:44,573 - transvg_coordinates_fixed_20250518_185059 - INFO - Epoch 46, Batch 600/848, Loss: 3.6634
2025-05-18 23:06:44,573 - transvg_coordinates_fixed_20250518_185059 - INFO - Train metrics: l1_loss: 0.3765 | giou_loss: 0.8906 | total_loss: 3.6634
2025-05-18 23:07:02,872 - transvg_coordinates_fixed_20250518_185059 - INFO - Epoch 46, Batch 650/848, Loss: 3.7078
2025-05-18 23:07:02,872 - transvg_coordinates_fixed_20250518_185059 - INFO - Train metrics: l1_loss: 0.3688 | giou_loss: 0.9318 | total_loss: 3.7078
2025-05-18 23:07:21,115 - transvg_coordinates_fixed_20250518_185059 - INFO - Epoch 46, Batch 700/848, Loss: 3.5483
2025-05-18 23:07:21,115 - transvg_coordinates_fixed_20250518_185059 - INFO - Train metrics: l1_loss: 0.3465 | giou_loss: 0.9080 | total_loss: 3.5483
2025-05-18 23:07:39,403 - transvg_coordinates_fixed_20250518_185059 - INFO - Epoch 46, Batch 750/848, Loss: 3.2759
2025-05-18 23:07:39,403 - transvg_coordinates_fixed_20250518_185059 - INFO - Train metrics: l1_loss: 0.3218 | giou_loss: 0.8335 | total_loss: 3.2759
2025-05-18 23:07:57,636 - transvg_coordinates_fixed_20250518_185059 - INFO - Epoch 46, Batch 800/848, Loss: 3.4890
2025-05-18 23:07:57,636 - transvg_coordinates_fixed_20250518_185059 - INFO - Train metrics: l1_loss: 0.3507 | giou_loss: 0.8677 | total_loss: 3.4890
2025-05-18 23:08:14,758 - transvg_coordinates_fixed_20250518_185059 - INFO - Train Epoch 46, Loss: 3.7462
2025-05-18 23:08:30,873 - transvg_coordinates_fixed_20250518_185059 - INFO - Pred box sample: [88.33071899414062, 82.94319152832031, 289.8330078125, 257.6654968261719]
2025-05-18 23:08:30,873 - transvg_coordinates_fixed_20250518_185059 - INFO - Target box sample: [207.0, 198.0, 287.0, 283.0]
2025-05-18 23:08:30,946 - transvg_coordinates_fixed_20250518_185059 - INFO - Validation Epoch 46, Loss: 4.7121
2025-05-18 23:08:30,946 - transvg_coordinates_fixed_20250518_185059 - INFO - Val metrics: Acc@0.25: 0.3057 | Acc@0.5: 0.1161 | Acc@0.75: 0.0151 | mIoU: 0.1772 | medianIoU: 0.0760 | mae_x1: 105.9190 | mae_y1: 106.1878 | mae_x2: 107.0545 | mae_y2: 101.7618 | center_x_error: 91.4723 | center_y_error: 87.6446 | width_error: 2.2559 | height_error: 2.2141 | loss: 4.7121
2025-05-18 23:08:31,574 - transvg_coordinates_fixed_20250518_185059 - INFO - Saved model checkpoint to /home/pokle/Trans-VG/visual_grounding/checkpoints/transvg_coordinates_fixed_20250518_185059_epoch46.pth
2025-05-18 23:08:31,575 - transvg_coordinates_fixed_20250518_185059 - INFO - Epoch 47/200
2025-05-18 23:08:32,631 - transvg_coordinates_fixed_20250518_185059 - INFO - Epoch 47, Batch 0/848, Loss: 3.8791
2025-05-18 23:08:32,631 - transvg_coordinates_fixed_20250518_185059 - INFO - Train metrics: l1_loss: 0.3864 | giou_loss: 0.9736 | total_loss: 3.8791
2025-05-18 23:08:50,396 - transvg_coordinates_fixed_20250518_185059 - INFO - Epoch 47, Batch 50/848, Loss: 4.5612
2025-05-18 23:08:50,397 - transvg_coordinates_fixed_20250518_185059 - INFO - Train metrics: l1_loss: 0.4938 | giou_loss: 1.0461 | total_loss: 4.5612
2025-05-18 23:09:08,270 - transvg_coordinates_fixed_20250518_185059 - INFO - Epoch 47, Batch 100/848, Loss: 4.3044
2025-05-18 23:09:08,270 - transvg_coordinates_fixed_20250518_185059 - INFO - Train metrics: l1_loss: 0.4720 | giou_loss: 0.9722 | total_loss: 4.3044
2025-05-18 23:09:26,214 - transvg_coordinates_fixed_20250518_185059 - INFO - Epoch 47, Batch 150/848, Loss: 3.3149
2025-05-18 23:09:26,214 - transvg_coordinates_fixed_20250518_185059 - INFO - Train metrics: l1_loss: 0.3493 | giou_loss: 0.7841 | total_loss: 3.3149
2025-05-18 23:09:44,320 - transvg_coordinates_fixed_20250518_185059 - INFO - Epoch 47, Batch 200/848, Loss: 3.8427
2025-05-18 23:09:44,320 - transvg_coordinates_fixed_20250518_185059 - INFO - Train metrics: l1_loss: 0.3809 | giou_loss: 0.9691 | total_loss: 3.8427
2025-05-18 23:10:02,280 - transvg_coordinates_fixed_20250518_185059 - INFO - Epoch 47, Batch 250/848, Loss: 3.5726
2025-05-18 23:10:02,280 - transvg_coordinates_fixed_20250518_185059 - INFO - Train metrics: l1_loss: 0.3579 | giou_loss: 0.8916 | total_loss: 3.5726
2025-05-18 23:10:20,275 - transvg_coordinates_fixed_20250518_185059 - INFO - Epoch 47, Batch 300/848, Loss: 3.4552
2025-05-18 23:10:20,275 - transvg_coordinates_fixed_20250518_185059 - INFO - Train metrics: l1_loss: 0.3479 | giou_loss: 0.8579 | total_loss: 3.4552
2025-05-18 23:10:38,313 - transvg_coordinates_fixed_20250518_185059 - INFO - Epoch 47, Batch 350/848, Loss: 3.8843
2025-05-18 23:10:38,313 - transvg_coordinates_fixed_20250518_185059 - INFO - Train metrics: l1_loss: 0.4027 | giou_loss: 0.9353 | total_loss: 3.8843
2025-05-18 23:10:56,279 - transvg_coordinates_fixed_20250518_185059 - INFO - Epoch 47, Batch 400/848, Loss: 3.6859
2025-05-18 23:10:56,279 - transvg_coordinates_fixed_20250518_185059 - INFO - Train metrics: l1_loss: 0.3707 | giou_loss: 0.9163 | total_loss: 3.6859
2025-05-18 23:11:14,325 - transvg_coordinates_fixed_20250518_185059 - INFO - Epoch 47, Batch 450/848, Loss: 3.5412
2025-05-18 23:11:14,325 - transvg_coordinates_fixed_20250518_185059 - INFO - Train metrics: l1_loss: 0.3809 | giou_loss: 0.8184 | total_loss: 3.5412
2025-05-18 23:11:32,381 - transvg_coordinates_fixed_20250518_185059 - INFO - Epoch 47, Batch 500/848, Loss: 3.1358
2025-05-18 23:11:32,381 - transvg_coordinates_fixed_20250518_185059 - INFO - Train metrics: l1_loss: 0.3319 | giou_loss: 0.7381 | total_loss: 3.1358
2025-05-18 23:11:50,489 - transvg_coordinates_fixed_20250518_185059 - INFO - Epoch 47, Batch 550/848, Loss: 3.8118
2025-05-18 23:11:50,489 - transvg_coordinates_fixed_20250518_185059 - INFO - Train metrics: l1_loss: 0.4116 | giou_loss: 0.8768 | total_loss: 3.8118
2025-05-18 23:12:08,587 - transvg_coordinates_fixed_20250518_185059 - INFO - Epoch 47, Batch 600/848, Loss: 3.5667
2025-05-18 23:12:08,587 - transvg_coordinates_fixed_20250518_185059 - INFO - Train metrics: l1_loss: 0.3409 | giou_loss: 0.9310 | total_loss: 3.5667
2025-05-18 23:12:26,711 - transvg_coordinates_fixed_20250518_185059 - INFO - Epoch 47, Batch 650/848, Loss: 4.0925
2025-05-18 23:12:26,711 - transvg_coordinates_fixed_20250518_185059 - INFO - Train metrics: l1_loss: 0.4306 | giou_loss: 0.9697 | total_loss: 4.0925
2025-05-18 23:12:44,821 - transvg_coordinates_fixed_20250518_185059 - INFO - Epoch 47, Batch 700/848, Loss: 3.1920
2025-05-18 23:12:44,821 - transvg_coordinates_fixed_20250518_185059 - INFO - Train metrics: l1_loss: 0.3051 | giou_loss: 0.8333 | total_loss: 3.1920
2025-05-18 23:13:03,031 - transvg_coordinates_fixed_20250518_185059 - INFO - Epoch 47, Batch 750/848, Loss: 4.1294
2025-05-18 23:13:03,031 - transvg_coordinates_fixed_20250518_185059 - INFO - Train metrics: l1_loss: 0.4565 | giou_loss: 0.9235 | total_loss: 4.1294
2025-05-18 23:13:21,265 - transvg_coordinates_fixed_20250518_185059 - INFO - Epoch 47, Batch 800/848, Loss: 4.3613
2025-05-18 23:13:21,266 - transvg_coordinates_fixed_20250518_185059 - INFO - Train metrics: l1_loss: 0.4677 | giou_loss: 1.0115 | total_loss: 4.3613
2025-05-18 23:13:38,243 - transvg_coordinates_fixed_20250518_185059 - INFO - Train Epoch 47, Loss: 3.7435
2025-05-18 23:13:54,729 - transvg_coordinates_fixed_20250518_185059 - INFO - Pred box sample: [48.421775817871094, 94.2728042602539, 215.8426971435547, 260.54052734375]
2025-05-18 23:13:54,730 - transvg_coordinates_fixed_20250518_185059 - INFO - Target box sample: [207.0, 198.0, 287.0, 283.0]
2025-05-18 23:13:54,813 - transvg_coordinates_fixed_20250518_185059 - INFO - Validation Epoch 47, Loss: 4.7271
2025-05-18 23:13:54,813 - transvg_coordinates_fixed_20250518_185059 - INFO - Val metrics: Acc@0.25: 0.3025 | Acc@0.5: 0.1089 | Acc@0.75: 0.0114 | mIoU: 0.1750 | medianIoU: 0.0750 | mae_x1: 108.2903 | mae_y1: 104.4343 | mae_x2: 107.5986 | mae_y2: 105.4282 | center_x_error: 92.8732 | center_y_error: 87.9371 | width_error: 2.3602 | height_error: 2.3270 | loss: 4.7271
2025-05-18 23:13:55,440 - transvg_coordinates_fixed_20250518_185059 - INFO - Saved model checkpoint to /home/pokle/Trans-VG/visual_grounding/checkpoints/transvg_coordinates_fixed_20250518_185059_epoch47.pth
2025-05-18 23:13:55,441 - transvg_coordinates_fixed_20250518_185059 - INFO - Epoch 48/200
2025-05-18 23:13:56,481 - transvg_coordinates_fixed_20250518_185059 - INFO - Epoch 48, Batch 0/848, Loss: 3.2709
2025-05-18 23:13:56,481 - transvg_coordinates_fixed_20250518_185059 - INFO - Train metrics: l1_loss: 0.3075 | giou_loss: 0.8668 | total_loss: 3.2709
2025-05-18 23:14:14,537 - transvg_coordinates_fixed_20250518_185059 - INFO - Epoch 48, Batch 50/848, Loss: 3.7331
2025-05-18 23:14:14,537 - transvg_coordinates_fixed_20250518_185059 - INFO - Train metrics: l1_loss: 0.3849 | giou_loss: 0.9043 | total_loss: 3.7331
2025-05-18 23:14:32,669 - transvg_coordinates_fixed_20250518_185059 - INFO - Epoch 48, Batch 100/848, Loss: 3.8069
2025-05-18 23:14:32,669 - transvg_coordinates_fixed_20250518_185059 - INFO - Train metrics: l1_loss: 0.4055 | giou_loss: 0.8897 | total_loss: 3.8069
2025-05-18 23:14:50,819 - transvg_coordinates_fixed_20250518_185059 - INFO - Epoch 48, Batch 150/848, Loss: 3.4814
2025-05-18 23:14:50,819 - transvg_coordinates_fixed_20250518_185059 - INFO - Train metrics: l1_loss: 0.3358 | giou_loss: 0.9011 | total_loss: 3.4814
2025-05-18 23:15:08,955 - transvg_coordinates_fixed_20250518_185059 - INFO - Epoch 48, Batch 200/848, Loss: 3.7661
2025-05-18 23:15:08,955 - transvg_coordinates_fixed_20250518_185059 - INFO - Train metrics: l1_loss: 0.3746 | giou_loss: 0.9466 | total_loss: 3.7661
2025-05-18 23:15:27,128 - transvg_coordinates_fixed_20250518_185059 - INFO - Epoch 48, Batch 250/848, Loss: 4.4196
2025-05-18 23:15:27,128 - transvg_coordinates_fixed_20250518_185059 - INFO - Train metrics: l1_loss: 0.4667 | giou_loss: 1.0432 | total_loss: 4.4196
2025-05-18 23:15:45,246 - transvg_coordinates_fixed_20250518_185059 - INFO - Epoch 48, Batch 300/848, Loss: 3.6586
2025-05-18 23:15:45,246 - transvg_coordinates_fixed_20250518_185059 - INFO - Train metrics: l1_loss: 0.3696 | giou_loss: 0.9053 | total_loss: 3.6586
2025-05-18 23:16:03,430 - transvg_coordinates_fixed_20250518_185059 - INFO - Epoch 48, Batch 350/848, Loss: 3.8817
2025-05-18 23:16:03,430 - transvg_coordinates_fixed_20250518_185059 - INFO - Train metrics: l1_loss: 0.4016 | giou_loss: 0.9370 | total_loss: 3.8817
2025-05-18 23:16:21,555 - transvg_coordinates_fixed_20250518_185059 - INFO - Epoch 48, Batch 400/848, Loss: 3.4327
2025-05-18 23:16:21,555 - transvg_coordinates_fixed_20250518_185059 - INFO - Train metrics: l1_loss: 0.3255 | giou_loss: 0.9027 | total_loss: 3.4327
2025-05-18 23:16:39,763 - transvg_coordinates_fixed_20250518_185059 - INFO - Epoch 48, Batch 450/848, Loss: 3.7633
2025-05-18 23:16:39,763 - transvg_coordinates_fixed_20250518_185059 - INFO - Train metrics: l1_loss: 0.3984 | giou_loss: 0.8857 | total_loss: 3.7633
2025-05-18 23:16:57,946 - transvg_coordinates_fixed_20250518_185059 - INFO - Epoch 48, Batch 500/848, Loss: 3.2380
2025-05-18 23:16:57,946 - transvg_coordinates_fixed_20250518_185059 - INFO - Train metrics: l1_loss: 0.3217 | giou_loss: 0.8148 | total_loss: 3.2380
2025-05-18 23:17:16,367 - transvg_coordinates_fixed_20250518_185059 - INFO - Epoch 48, Batch 550/848, Loss: 3.4716
2025-05-18 23:17:16,368 - transvg_coordinates_fixed_20250518_185059 - INFO - Train metrics: l1_loss: 0.3493 | giou_loss: 0.8627 | total_loss: 3.4716
2025-05-18 23:17:34,520 - transvg_coordinates_fixed_20250518_185059 - INFO - Epoch 48, Batch 600/848, Loss: 3.8340
2025-05-18 23:17:34,520 - transvg_coordinates_fixed_20250518_185059 - INFO - Train metrics: l1_loss: 0.3968 | giou_loss: 0.9251 | total_loss: 3.8340
2025-05-18 23:17:52,656 - transvg_coordinates_fixed_20250518_185059 - INFO - Epoch 48, Batch 650/848, Loss: 3.7675
2025-05-18 23:17:52,656 - transvg_coordinates_fixed_20250518_185059 - INFO - Train metrics: l1_loss: 0.4068 | giou_loss: 0.8667 | total_loss: 3.7675
2025-05-18 23:18:10,817 - transvg_coordinates_fixed_20250518_185059 - INFO - Epoch 48, Batch 700/848, Loss: 4.0985
2025-05-18 23:18:10,817 - transvg_coordinates_fixed_20250518_185059 - INFO - Train metrics: l1_loss: 0.4374 | giou_loss: 0.9558 | total_loss: 4.0985
2025-05-18 23:18:28,920 - transvg_coordinates_fixed_20250518_185059 - INFO - Epoch 48, Batch 750/848, Loss: 3.4562
2025-05-18 23:18:28,920 - transvg_coordinates_fixed_20250518_185059 - INFO - Train metrics: l1_loss: 0.3459 | giou_loss: 0.8632 | total_loss: 3.4562
2025-05-18 23:18:47,042 - transvg_coordinates_fixed_20250518_185059 - INFO - Epoch 48, Batch 800/848, Loss: 3.5835
2025-05-18 23:18:47,042 - transvg_coordinates_fixed_20250518_185059 - INFO - Train metrics: l1_loss: 0.3605 | giou_loss: 0.8906 | total_loss: 3.5835
2025-05-18 23:19:04,057 - transvg_coordinates_fixed_20250518_185059 - INFO - Train Epoch 48, Loss: 3.7295
2025-05-18 23:19:20,215 - transvg_coordinates_fixed_20250518_185059 - INFO - Pred box sample: [88.13778686523438, 105.93292999267578, 262.30194091796875, 269.7185363769531]
2025-05-18 23:19:20,216 - transvg_coordinates_fixed_20250518_185059 - INFO - Target box sample: [207.0, 198.0, 287.0, 283.0]
2025-05-18 23:19:20,297 - transvg_coordinates_fixed_20250518_185059 - INFO - Validation Epoch 48, Loss: 4.6807
2025-05-18 23:19:20,297 - transvg_coordinates_fixed_20250518_185059 - INFO - Val metrics: Acc@0.25: 0.3033 | Acc@0.5: 0.1068 | Acc@0.75: 0.0146 | mIoU: 0.1768 | medianIoU: 0.0800 | mae_x1: 104.4234 | mae_y1: 103.4939 | mae_x2: 107.1645 | mae_y2: 101.5994 | center_x_error: 91.7224 | center_y_error: 86.6928 | width_error: 2.2262 | height_error: 2.2465 | loss: 4.6807
2025-05-18 23:19:20,930 - transvg_coordinates_fixed_20250518_185059 - INFO - Saved model checkpoint to /home/pokle/Trans-VG/visual_grounding/checkpoints/transvg_coordinates_fixed_20250518_185059_epoch48.pth
2025-05-18 23:19:20,931 - transvg_coordinates_fixed_20250518_185059 - INFO - Epoch 49/200
2025-05-18 23:19:21,957 - transvg_coordinates_fixed_20250518_185059 - INFO - Epoch 49, Batch 0/848, Loss: 3.6350
2025-05-18 23:19:21,957 - transvg_coordinates_fixed_20250518_185059 - INFO - Train metrics: l1_loss: 0.3813 | giou_loss: 0.8642 | total_loss: 3.6350
2025-05-18 23:19:40,060 - transvg_coordinates_fixed_20250518_185059 - INFO - Epoch 49, Batch 50/848, Loss: 2.6097
2025-05-18 23:19:40,060 - transvg_coordinates_fixed_20250518_185059 - INFO - Train metrics: l1_loss: 0.2616 | giou_loss: 0.6509 | total_loss: 2.6097
2025-05-18 23:19:58,092 - transvg_coordinates_fixed_20250518_185059 - INFO - Epoch 49, Batch 100/848, Loss: 3.6499
2025-05-18 23:19:58,092 - transvg_coordinates_fixed_20250518_185059 - INFO - Train metrics: l1_loss: 0.3832 | giou_loss: 0.8670 | total_loss: 3.6499
2025-05-18 23:20:16,183 - transvg_coordinates_fixed_20250518_185059 - INFO - Epoch 49, Batch 150/848, Loss: 3.5802
2025-05-18 23:20:16,183 - transvg_coordinates_fixed_20250518_185059 - INFO - Train metrics: l1_loss: 0.3692 | giou_loss: 0.8670 | total_loss: 3.5802
2025-05-18 23:20:34,293 - transvg_coordinates_fixed_20250518_185059 - INFO - Epoch 49, Batch 200/848, Loss: 3.5413
2025-05-18 23:20:34,293 - transvg_coordinates_fixed_20250518_185059 - INFO - Train metrics: l1_loss: 0.3392 | giou_loss: 0.9226 | total_loss: 3.5413
2025-05-18 23:20:52,482 - transvg_coordinates_fixed_20250518_185059 - INFO - Epoch 49, Batch 250/848, Loss: 3.4242
2025-05-18 23:20:52,482 - transvg_coordinates_fixed_20250518_185059 - INFO - Train metrics: l1_loss: 0.3439 | giou_loss: 0.8523 | total_loss: 3.4242
2025-05-18 23:21:10,704 - transvg_coordinates_fixed_20250518_185059 - INFO - Epoch 49, Batch 300/848, Loss: 3.9143
2025-05-18 23:21:10,704 - transvg_coordinates_fixed_20250518_185059 - INFO - Train metrics: l1_loss: 0.3991 | giou_loss: 0.9595 | total_loss: 3.9143
2025-05-18 23:21:28,888 - transvg_coordinates_fixed_20250518_185059 - INFO - Epoch 49, Batch 350/848, Loss: 3.3692
2025-05-18 23:21:28,888 - transvg_coordinates_fixed_20250518_185059 - INFO - Train metrics: l1_loss: 0.3580 | giou_loss: 0.7896 | total_loss: 3.3692
2025-05-18 23:21:47,008 - transvg_coordinates_fixed_20250518_185059 - INFO - Epoch 49, Batch 400/848, Loss: 3.7562
2025-05-18 23:21:47,008 - transvg_coordinates_fixed_20250518_185059 - INFO - Train metrics: l1_loss: 0.3840 | giou_loss: 0.9182 | total_loss: 3.7562
2025-05-18 23:22:05,206 - transvg_coordinates_fixed_20250518_185059 - INFO - Epoch 49, Batch 450/848, Loss: 3.2209
2025-05-18 23:22:05,206 - transvg_coordinates_fixed_20250518_185059 - INFO - Train metrics: l1_loss: 0.3344 | giou_loss: 0.7745 | total_loss: 3.2209
2025-05-18 23:22:23,421 - transvg_coordinates_fixed_20250518_185059 - INFO - Epoch 49, Batch 500/848, Loss: 3.9064
2025-05-18 23:22:23,421 - transvg_coordinates_fixed_20250518_185059 - INFO - Train metrics: l1_loss: 0.4145 | giou_loss: 0.9168 | total_loss: 3.9064
2025-05-18 23:22:41,573 - transvg_coordinates_fixed_20250518_185059 - INFO - Epoch 49, Batch 550/848, Loss: 4.1017
2025-05-18 23:22:41,573 - transvg_coordinates_fixed_20250518_185059 - INFO - Train metrics: l1_loss: 0.4237 | giou_loss: 0.9915 | total_loss: 4.1017
2025-05-18 23:22:59,690 - transvg_coordinates_fixed_20250518_185059 - INFO - Epoch 49, Batch 600/848, Loss: 3.5229
2025-05-18 23:22:59,690 - transvg_coordinates_fixed_20250518_185059 - INFO - Train metrics: l1_loss: 0.3533 | giou_loss: 0.8782 | total_loss: 3.5229
2025-05-18 23:23:17,845 - transvg_coordinates_fixed_20250518_185059 - INFO - Epoch 49, Batch 650/848, Loss: 3.3201
2025-05-18 23:23:17,845 - transvg_coordinates_fixed_20250518_185059 - INFO - Train metrics: l1_loss: 0.3452 | giou_loss: 0.7971 | total_loss: 3.3201
2025-05-18 23:23:35,992 - transvg_coordinates_fixed_20250518_185059 - INFO - Epoch 49, Batch 700/848, Loss: 3.5491
2025-05-18 23:23:35,992 - transvg_coordinates_fixed_20250518_185059 - INFO - Train metrics: l1_loss: 0.3606 | giou_loss: 0.8732 | total_loss: 3.5491
2025-05-18 23:23:54,091 - transvg_coordinates_fixed_20250518_185059 - INFO - Epoch 49, Batch 750/848, Loss: 3.5050
2025-05-18 23:23:54,091 - transvg_coordinates_fixed_20250518_185059 - INFO - Train metrics: l1_loss: 0.3742 | giou_loss: 0.8171 | total_loss: 3.5050
2025-05-18 23:24:12,288 - transvg_coordinates_fixed_20250518_185059 - INFO - Epoch 49, Batch 800/848, Loss: 4.0341
2025-05-18 23:24:12,288 - transvg_coordinates_fixed_20250518_185059 - INFO - Train metrics: l1_loss: 0.4353 | giou_loss: 0.9288 | total_loss: 4.0341
2025-05-18 23:24:29,354 - transvg_coordinates_fixed_20250518_185059 - INFO - Train Epoch 49, Loss: 3.7206
2025-05-18 23:24:45,900 - transvg_coordinates_fixed_20250518_185059 - INFO - Pred box sample: [84.11143493652344, 108.17567443847656, 257.8102722167969, 236.57586669921875]
2025-05-18 23:24:45,901 - transvg_coordinates_fixed_20250518_185059 - INFO - Target box sample: [207.0, 198.0, 287.0, 283.0]
2025-05-18 23:24:45,988 - transvg_coordinates_fixed_20250518_185059 - INFO - Validation Epoch 49, Loss: 4.7291
2025-05-18 23:24:45,988 - transvg_coordinates_fixed_20250518_185059 - INFO - Val metrics: Acc@0.25: 0.2975 | Acc@0.5: 0.1039 | Acc@0.75: 0.0125 | mIoU: 0.1730 | medianIoU: 0.0714 | mae_x1: 105.9705 | mae_y1: 104.2258 | mae_x2: 105.0793 | mae_y2: 101.8504 | center_x_error: 91.7983 | center_y_error: 87.8675 | width_error: 2.1857 | height_error: 1.9784 | loss: 4.7291
2025-05-18 23:24:46,668 - transvg_coordinates_fixed_20250518_185059 - INFO - Saved model checkpoint to /home/pokle/Trans-VG/visual_grounding/checkpoints/transvg_coordinates_fixed_20250518_185059_epoch49.pth
2025-05-18 23:24:46,668 - transvg_coordinates_fixed_20250518_185059 - INFO - Epoch 50/200
2025-05-18 23:24:47,786 - transvg_coordinates_fixed_20250518_185059 - INFO - Epoch 50, Batch 0/848, Loss: 3.7338
2025-05-18 23:24:47,786 - transvg_coordinates_fixed_20250518_185059 - INFO - Train metrics: l1_loss: 0.3698 | giou_loss: 0.9423 | total_loss: 3.7338
2025-05-18 23:25:05,919 - transvg_coordinates_fixed_20250518_185059 - INFO - Epoch 50, Batch 50/848, Loss: 3.8759
2025-05-18 23:25:05,919 - transvg_coordinates_fixed_20250518_185059 - INFO - Train metrics: l1_loss: 0.4076 | giou_loss: 0.9190 | total_loss: 3.8759
2025-05-18 23:25:24,104 - transvg_coordinates_fixed_20250518_185059 - INFO - Epoch 50, Batch 100/848, Loss: 3.8248
2025-05-18 23:25:24,104 - transvg_coordinates_fixed_20250518_185059 - INFO - Train metrics: l1_loss: 0.3961 | giou_loss: 0.9222 | total_loss: 3.8248
2025-05-18 23:25:42,173 - transvg_coordinates_fixed_20250518_185059 - INFO - Epoch 50, Batch 150/848, Loss: 3.6290
2025-05-18 23:25:42,173 - transvg_coordinates_fixed_20250518_185059 - INFO - Train metrics: l1_loss: 0.3726 | giou_loss: 0.8831 | total_loss: 3.6290
2025-05-18 23:26:00,220 - transvg_coordinates_fixed_20250518_185059 - INFO - Epoch 50, Batch 200/848, Loss: 4.0611
2025-05-18 23:26:00,220 - transvg_coordinates_fixed_20250518_185059 - INFO - Train metrics: l1_loss: 0.4070 | giou_loss: 1.0131 | total_loss: 4.0611
2025-05-18 23:26:18,139 - transvg_coordinates_fixed_20250518_185059 - INFO - Epoch 50, Batch 250/848, Loss: 3.3874
2025-05-18 23:26:18,139 - transvg_coordinates_fixed_20250518_185059 - INFO - Train metrics: l1_loss: 0.3412 | giou_loss: 0.8406 | total_loss: 3.3874
2025-05-18 23:26:36,148 - transvg_coordinates_fixed_20250518_185059 - INFO - Epoch 50, Batch 300/848, Loss: 3.0746
2025-05-18 23:26:36,148 - transvg_coordinates_fixed_20250518_185059 - INFO - Train metrics: l1_loss: 0.3128 | giou_loss: 0.7552 | total_loss: 3.0746
2025-05-18 23:26:54,197 - transvg_coordinates_fixed_20250518_185059 - INFO - Epoch 50, Batch 350/848, Loss: 4.0162
2025-05-18 23:26:54,197 - transvg_coordinates_fixed_20250518_185059 - INFO - Train metrics: l1_loss: 0.4001 | giou_loss: 1.0077 | total_loss: 4.0162
2025-05-18 23:27:12,216 - transvg_coordinates_fixed_20250518_185059 - INFO - Epoch 50, Batch 400/848, Loss: 4.0040
2025-05-18 23:27:12,216 - transvg_coordinates_fixed_20250518_185059 - INFO - Train metrics: l1_loss: 0.4345 | giou_loss: 0.9156 | total_loss: 4.0040
2025-05-18 23:27:30,219 - transvg_coordinates_fixed_20250518_185059 - INFO - Epoch 50, Batch 450/848, Loss: 3.7498
2025-05-18 23:27:30,219 - transvg_coordinates_fixed_20250518_185059 - INFO - Train metrics: l1_loss: 0.3833 | giou_loss: 0.9167 | total_loss: 3.7498
2025-05-18 23:27:48,310 - transvg_coordinates_fixed_20250518_185059 - INFO - Epoch 50, Batch 500/848, Loss: 3.8475
2025-05-18 23:27:48,310 - transvg_coordinates_fixed_20250518_185059 - INFO - Train metrics: l1_loss: 0.3834 | giou_loss: 0.9652 | total_loss: 3.8475
2025-05-18 23:28:06,292 - transvg_coordinates_fixed_20250518_185059 - INFO - Epoch 50, Batch 550/848, Loss: 3.9892
2025-05-18 23:28:06,292 - transvg_coordinates_fixed_20250518_185059 - INFO - Train metrics: l1_loss: 0.4397 | giou_loss: 0.8954 | total_loss: 3.9892
2025-05-18 23:28:24,333 - transvg_coordinates_fixed_20250518_185059 - INFO - Epoch 50, Batch 600/848, Loss: 3.2891
2025-05-18 23:28:24,333 - transvg_coordinates_fixed_20250518_185059 - INFO - Train metrics: l1_loss: 0.3492 | giou_loss: 0.7715 | total_loss: 3.2891
2025-05-18 23:28:42,375 - transvg_coordinates_fixed_20250518_185059 - INFO - Epoch 50, Batch 650/848, Loss: 3.8340
2025-05-18 23:28:42,375 - transvg_coordinates_fixed_20250518_185059 - INFO - Train metrics: l1_loss: 0.4022 | giou_loss: 0.9116 | total_loss: 3.8340
2025-05-18 23:29:00,402 - transvg_coordinates_fixed_20250518_185059 - INFO - Epoch 50, Batch 700/848, Loss: 3.6563
2025-05-18 23:29:00,402 - transvg_coordinates_fixed_20250518_185059 - INFO - Train metrics: l1_loss: 0.3865 | giou_loss: 0.8620 | total_loss: 3.6563
2025-05-18 23:29:18,401 - transvg_coordinates_fixed_20250518_185059 - INFO - Epoch 50, Batch 750/848, Loss: 3.2518
2025-05-18 23:29:18,401 - transvg_coordinates_fixed_20250518_185059 - INFO - Train metrics: l1_loss: 0.3098 | giou_loss: 0.8515 | total_loss: 3.2518
2025-05-18 23:29:36,372 - transvg_coordinates_fixed_20250518_185059 - INFO - Epoch 50, Batch 800/848, Loss: 3.3320
2025-05-18 23:29:36,372 - transvg_coordinates_fixed_20250518_185059 - INFO - Train metrics: l1_loss: 0.3348 | giou_loss: 0.8289 | total_loss: 3.3320
2025-05-18 23:29:53,401 - transvg_coordinates_fixed_20250518_185059 - INFO - Train Epoch 50, Loss: 3.7179
2025-05-18 23:30:09,876 - transvg_coordinates_fixed_20250518_185059 - INFO - Pred box sample: [72.36231231689453, 81.92607879638672, 286.1737976074219, 254.3488311767578]
2025-05-18 23:30:09,876 - transvg_coordinates_fixed_20250518_185059 - INFO - Target box sample: [207.0, 198.0, 287.0, 283.0]
2025-05-18 23:30:09,965 - transvg_coordinates_fixed_20250518_185059 - INFO - Validation Epoch 50, Loss: 4.7093
2025-05-18 23:30:09,965 - transvg_coordinates_fixed_20250518_185059 - INFO - Val metrics: Acc@0.25: 0.3054 | Acc@0.5: 0.1113 | Acc@0.75: 0.0127 | mIoU: 0.1771 | medianIoU: 0.0749 | mae_x1: 108.1284 | mae_y1: 104.1638 | mae_x2: 108.2773 | mae_y2: 101.2598 | center_x_error: 92.5403 | center_y_error: 86.8018 | width_error: 2.3541 | height_error: 2.1816 | loss: 4.7093
2025-05-18 23:30:10,590 - transvg_coordinates_fixed_20250518_185059 - INFO - Saved model checkpoint to /home/pokle/Trans-VG/visual_grounding/checkpoints/transvg_coordinates_fixed_20250518_185059_epoch50.pth
2025-05-18 23:30:10,591 - transvg_coordinates_fixed_20250518_185059 - INFO - Epoch 51/200
2025-05-18 23:30:11,656 - transvg_coordinates_fixed_20250518_185059 - INFO - Epoch 51, Batch 0/848, Loss: 3.4363
2025-05-18 23:30:11,656 - transvg_coordinates_fixed_20250518_185059 - INFO - Train metrics: l1_loss: 0.3470 | giou_loss: 0.8507 | total_loss: 3.4363
2025-05-18 23:30:29,605 - transvg_coordinates_fixed_20250518_185059 - INFO - Epoch 51, Batch 50/848, Loss: 2.8823
2025-05-18 23:30:29,605 - transvg_coordinates_fixed_20250518_185059 - INFO - Train metrics: l1_loss: 0.2752 | giou_loss: 0.7531 | total_loss: 2.8823
2025-05-18 23:30:47,582 - transvg_coordinates_fixed_20250518_185059 - INFO - Epoch 51, Batch 100/848, Loss: 3.7492
2025-05-18 23:30:47,582 - transvg_coordinates_fixed_20250518_185059 - INFO - Train metrics: l1_loss: 0.3804 | giou_loss: 0.9236 | total_loss: 3.7492
2025-05-18 23:31:05,634 - transvg_coordinates_fixed_20250518_185059 - INFO - Epoch 51, Batch 150/848, Loss: 3.8836
2025-05-18 23:31:05,634 - transvg_coordinates_fixed_20250518_185059 - INFO - Train metrics: l1_loss: 0.4066 | giou_loss: 0.9252 | total_loss: 3.8836
2025-05-18 23:31:23,680 - transvg_coordinates_fixed_20250518_185059 - INFO - Epoch 51, Batch 200/848, Loss: 3.3955
2025-05-18 23:31:23,680 - transvg_coordinates_fixed_20250518_185059 - INFO - Train metrics: l1_loss: 0.3227 | giou_loss: 0.8910 | total_loss: 3.3955
2025-05-18 23:31:41,778 - transvg_coordinates_fixed_20250518_185059 - INFO - Epoch 51, Batch 250/848, Loss: 3.1843
2025-05-18 23:31:41,778 - transvg_coordinates_fixed_20250518_185059 - INFO - Train metrics: l1_loss: 0.3105 | giou_loss: 0.8160 | total_loss: 3.1843
2025-05-18 23:31:59,883 - transvg_coordinates_fixed_20250518_185059 - INFO - Epoch 51, Batch 300/848, Loss: 4.3458
2025-05-18 23:31:59,883 - transvg_coordinates_fixed_20250518_185059 - INFO - Train metrics: l1_loss: 0.4688 | giou_loss: 1.0010 | total_loss: 4.3458
2025-05-18 23:32:18,028 - transvg_coordinates_fixed_20250518_185059 - INFO - Epoch 51, Batch 350/848, Loss: 3.8128
2025-05-18 23:32:18,028 - transvg_coordinates_fixed_20250518_185059 - INFO - Train metrics: l1_loss: 0.3874 | giou_loss: 0.9378 | total_loss: 3.8128
2025-05-18 23:32:36,210 - transvg_coordinates_fixed_20250518_185059 - INFO - Epoch 51, Batch 400/848, Loss: 4.0232
2025-05-18 23:32:36,210 - transvg_coordinates_fixed_20250518_185059 - INFO - Train metrics: l1_loss: 0.4250 | giou_loss: 0.9490 | total_loss: 4.0232
2025-05-18 23:32:54,518 - transvg_coordinates_fixed_20250518_185059 - INFO - Epoch 51, Batch 450/848, Loss: 3.8094
2025-05-18 23:32:54,518 - transvg_coordinates_fixed_20250518_185059 - INFO - Train metrics: l1_loss: 0.4027 | giou_loss: 0.8979 | total_loss: 3.8094
2025-05-18 23:33:12,547 - transvg_coordinates_fixed_20250518_185059 - INFO - Epoch 51, Batch 500/848, Loss: 3.4048
2025-05-18 23:33:12,547 - transvg_coordinates_fixed_20250518_185059 - INFO - Train metrics: l1_loss: 0.3456 | giou_loss: 0.8385 | total_loss: 3.4048
2025-05-18 23:33:30,595 - transvg_coordinates_fixed_20250518_185059 - INFO - Epoch 51, Batch 550/848, Loss: 3.8135
2025-05-18 23:33:30,595 - transvg_coordinates_fixed_20250518_185059 - INFO - Train metrics: l1_loss: 0.4066 | giou_loss: 0.8903 | total_loss: 3.8135
2025-05-18 23:33:48,709 - transvg_coordinates_fixed_20250518_185059 - INFO - Epoch 51, Batch 600/848, Loss: 3.9460
2025-05-18 23:33:48,709 - transvg_coordinates_fixed_20250518_185059 - INFO - Train metrics: l1_loss: 0.4042 | giou_loss: 0.9625 | total_loss: 3.9460
2025-05-18 23:34:06,842 - transvg_coordinates_fixed_20250518_185059 - INFO - Epoch 51, Batch 650/848, Loss: 3.5386
2025-05-18 23:34:06,842 - transvg_coordinates_fixed_20250518_185059 - INFO - Train metrics: l1_loss: 0.3478 | giou_loss: 0.8997 | total_loss: 3.5386
2025-05-18 23:34:24,935 - transvg_coordinates_fixed_20250518_185059 - INFO - Epoch 51, Batch 700/848, Loss: 3.9512
2025-05-18 23:34:24,935 - transvg_coordinates_fixed_20250518_185059 - INFO - Train metrics: l1_loss: 0.4339 | giou_loss: 0.8908 | total_loss: 3.9512
2025-05-18 23:34:43,060 - transvg_coordinates_fixed_20250518_185059 - INFO - Epoch 51, Batch 750/848, Loss: 3.7607
2025-05-18 23:34:43,060 - transvg_coordinates_fixed_20250518_185059 - INFO - Train metrics: l1_loss: 0.3656 | giou_loss: 0.9663 | total_loss: 3.7607
2025-05-18 23:35:01,175 - transvg_coordinates_fixed_20250518_185059 - INFO - Epoch 51, Batch 800/848, Loss: 4.1649
2025-05-18 23:35:01,175 - transvg_coordinates_fixed_20250518_185059 - INFO - Train metrics: l1_loss: 0.4447 | giou_loss: 0.9707 | total_loss: 4.1649
2025-05-18 23:35:18,134 - transvg_coordinates_fixed_20250518_185059 - INFO - Train Epoch 51, Loss: 3.7074
2025-05-18 23:35:34,932 - transvg_coordinates_fixed_20250518_185059 - INFO - Pred box sample: [56.329898834228516, 90.73917388916016, 214.2518768310547, 239.1797332763672]
2025-05-18 23:35:34,932 - transvg_coordinates_fixed_20250518_185059 - INFO - Target box sample: [207.0, 198.0, 287.0, 283.0]
2025-05-18 23:35:35,003 - transvg_coordinates_fixed_20250518_185059 - INFO - Validation Epoch 51, Loss: 4.7144
2025-05-18 23:35:35,004 - transvg_coordinates_fixed_20250518_185059 - INFO - Val metrics: Acc@0.25: 0.3046 | Acc@0.5: 0.1097 | Acc@0.75: 0.0162 | mIoU: 0.1753 | medianIoU: 0.0745 | mae_x1: 106.9638 | mae_y1: 101.6855 | mae_x2: 107.7453 | mae_y2: 101.4877 | center_x_error: 93.1850 | center_y_error: 86.7838 | width_error: 2.1800 | height_error: 2.0426 | loss: 4.7144
2025-05-18 23:35:35,598 - transvg_coordinates_fixed_20250518_185059 - INFO - Saved model checkpoint to /home/pokle/Trans-VG/visual_grounding/checkpoints/transvg_coordinates_fixed_20250518_185059_epoch51.pth
2025-05-18 23:35:35,599 - transvg_coordinates_fixed_20250518_185059 - INFO - Epoch 52/200
2025-05-18 23:35:36,650 - transvg_coordinates_fixed_20250518_185059 - INFO - Epoch 52, Batch 0/848, Loss: 3.3363
2025-05-18 23:35:36,651 - transvg_coordinates_fixed_20250518_185059 - INFO - Train metrics: l1_loss: 0.3319 | giou_loss: 0.8384 | total_loss: 3.3363
2025-05-18 23:35:54,600 - transvg_coordinates_fixed_20250518_185059 - INFO - Epoch 52, Batch 50/848, Loss: 3.9492
2025-05-18 23:35:54,600 - transvg_coordinates_fixed_20250518_185059 - INFO - Train metrics: l1_loss: 0.4023 | giou_loss: 0.9688 | total_loss: 3.9492
2025-05-18 23:36:12,613 - transvg_coordinates_fixed_20250518_185059 - INFO - Epoch 52, Batch 100/848, Loss: 3.7894
2025-05-18 23:36:12,613 - transvg_coordinates_fixed_20250518_185059 - INFO - Train metrics: l1_loss: 0.3944 | giou_loss: 0.9086 | total_loss: 3.7894
2025-05-18 23:36:30,644 - transvg_coordinates_fixed_20250518_185059 - INFO - Epoch 52, Batch 150/848, Loss: 3.6487
2025-05-18 23:36:30,644 - transvg_coordinates_fixed_20250518_185059 - INFO - Train metrics: l1_loss: 0.3783 | giou_loss: 0.8785 | total_loss: 3.6487
2025-05-18 23:36:48,691 - transvg_coordinates_fixed_20250518_185059 - INFO - Epoch 52, Batch 200/848, Loss: 3.0456
2025-05-18 23:36:48,691 - transvg_coordinates_fixed_20250518_185059 - INFO - Train metrics: l1_loss: 0.2924 | giou_loss: 0.7918 | total_loss: 3.0456
2025-05-18 23:37:06,737 - transvg_coordinates_fixed_20250518_185059 - INFO - Epoch 52, Batch 250/848, Loss: 3.5011
2025-05-18 23:37:06,737 - transvg_coordinates_fixed_20250518_185059 - INFO - Train metrics: l1_loss: 0.3663 | giou_loss: 0.8349 | total_loss: 3.5011
2025-05-18 23:37:24,787 - transvg_coordinates_fixed_20250518_185059 - INFO - Epoch 52, Batch 300/848, Loss: 3.7531
2025-05-18 23:37:24,787 - transvg_coordinates_fixed_20250518_185059 - INFO - Train metrics: l1_loss: 0.3753 | giou_loss: 0.9382 | total_loss: 3.7531
2025-05-18 23:37:42,880 - transvg_coordinates_fixed_20250518_185059 - INFO - Epoch 52, Batch 350/848, Loss: 3.3951
2025-05-18 23:37:42,880 - transvg_coordinates_fixed_20250518_185059 - INFO - Train metrics: l1_loss: 0.3534 | giou_loss: 0.8141 | total_loss: 3.3951
2025-05-18 23:38:01,000 - transvg_coordinates_fixed_20250518_185059 - INFO - Epoch 52, Batch 400/848, Loss: 3.8337
2025-05-18 23:38:01,000 - transvg_coordinates_fixed_20250518_185059 - INFO - Train metrics: l1_loss: 0.4045 | giou_loss: 0.9056 | total_loss: 3.8337
2025-05-18 23:38:19,131 - transvg_coordinates_fixed_20250518_185059 - INFO - Epoch 52, Batch 450/848, Loss: 3.8193
2025-05-18 23:38:19,131 - transvg_coordinates_fixed_20250518_185059 - INFO - Train metrics: l1_loss: 0.3788 | giou_loss: 0.9627 | total_loss: 3.8193
2025-05-18 23:38:37,226 - transvg_coordinates_fixed_20250518_185059 - INFO - Epoch 52, Batch 500/848, Loss: 3.4472
2025-05-18 23:38:37,226 - transvg_coordinates_fixed_20250518_185059 - INFO - Train metrics: l1_loss: 0.3577 | giou_loss: 0.8293 | total_loss: 3.4472
2025-05-18 23:38:55,338 - transvg_coordinates_fixed_20250518_185059 - INFO - Epoch 52, Batch 550/848, Loss: 3.0670
2025-05-18 23:38:55,338 - transvg_coordinates_fixed_20250518_185059 - INFO - Train metrics: l1_loss: 0.2951 | giou_loss: 0.7957 | total_loss: 3.0670
2025-05-18 23:39:13,517 - transvg_coordinates_fixed_20250518_185059 - INFO - Epoch 52, Batch 600/848, Loss: 3.3334
2025-05-18 23:39:13,517 - transvg_coordinates_fixed_20250518_185059 - INFO - Train metrics: l1_loss: 0.3227 | giou_loss: 0.8599 | total_loss: 3.3334
2025-05-18 23:39:31,674 - transvg_coordinates_fixed_20250518_185059 - INFO - Epoch 52, Batch 650/848, Loss: 3.6633
2025-05-18 23:39:31,674 - transvg_coordinates_fixed_20250518_185059 - INFO - Train metrics: l1_loss: 0.3800 | giou_loss: 0.8817 | total_loss: 3.6633
2025-05-18 23:39:49,859 - transvg_coordinates_fixed_20250518_185059 - INFO - Epoch 52, Batch 700/848, Loss: 3.4220
2025-05-18 23:39:49,859 - transvg_coordinates_fixed_20250518_185059 - INFO - Train metrics: l1_loss: 0.3533 | giou_loss: 0.8277 | total_loss: 3.4220
2025-05-18 23:40:07,937 - transvg_coordinates_fixed_20250518_185059 - INFO - Epoch 52, Batch 750/848, Loss: 3.3993
2025-05-18 23:40:07,937 - transvg_coordinates_fixed_20250518_185059 - INFO - Train metrics: l1_loss: 0.3273 | giou_loss: 0.8814 | total_loss: 3.3993
2025-05-18 23:40:26,072 - transvg_coordinates_fixed_20250518_185059 - INFO - Epoch 52, Batch 800/848, Loss: 4.3892
2025-05-18 23:40:26,072 - transvg_coordinates_fixed_20250518_185059 - INFO - Train metrics: l1_loss: 0.4818 | giou_loss: 0.9901 | total_loss: 4.3892
2025-05-18 23:40:43,323 - transvg_coordinates_fixed_20250518_185059 - INFO - Train Epoch 52, Loss: 3.7128
2025-05-18 23:40:59,856 - transvg_coordinates_fixed_20250518_185059 - INFO - Pred box sample: [71.38746643066406, 86.99540710449219, 248.25634765625, 254.09092712402344]
2025-05-18 23:40:59,856 - transvg_coordinates_fixed_20250518_185059 - INFO - Target box sample: [207.0, 198.0, 287.0, 283.0]
2025-05-18 23:40:59,942 - transvg_coordinates_fixed_20250518_185059 - INFO - Validation Epoch 52, Loss: 4.7062
2025-05-18 23:40:59,942 - transvg_coordinates_fixed_20250518_185059 - INFO - Val metrics: Acc@0.25: 0.3060 | Acc@0.5: 0.1118 | Acc@0.75: 0.0143 | mIoU: 0.1759 | medianIoU: 0.0722 | mae_x1: 108.7618 | mae_y1: 101.5017 | mae_x2: 105.9676 | mae_y2: 102.7628 | center_x_error: 93.0014 | center_y_error: 86.8920 | width_error: 2.2253 | height_error: 2.1307 | loss: 4.7062
2025-05-18 23:41:00,780 - transvg_coordinates_fixed_20250518_185059 - INFO - Saved model checkpoint to /home/pokle/Trans-VG/visual_grounding/checkpoints/transvg_coordinates_fixed_20250518_185059_epoch52.pth
2025-05-18 23:41:00,780 - transvg_coordinates_fixed_20250518_185059 - INFO - Epoch 53/200
2025-05-18 23:41:01,865 - transvg_coordinates_fixed_20250518_185059 - INFO - Epoch 53, Batch 0/848, Loss: 3.6172
2025-05-18 23:41:01,865 - transvg_coordinates_fixed_20250518_185059 - INFO - Train metrics: l1_loss: 0.3801 | giou_loss: 0.8584 | total_loss: 3.6172
2025-05-18 23:41:19,773 - transvg_coordinates_fixed_20250518_185059 - INFO - Epoch 53, Batch 50/848, Loss: 3.5735
2025-05-18 23:41:19,773 - transvg_coordinates_fixed_20250518_185059 - INFO - Train metrics: l1_loss: 0.3635 | giou_loss: 0.8780 | total_loss: 3.5735
2025-05-18 23:41:37,748 - transvg_coordinates_fixed_20250518_185059 - INFO - Epoch 53, Batch 100/848, Loss: 3.8020
2025-05-18 23:41:37,748 - transvg_coordinates_fixed_20250518_185059 - INFO - Train metrics: l1_loss: 0.3899 | giou_loss: 0.9262 | total_loss: 3.8020
2025-05-18 23:41:55,768 - transvg_coordinates_fixed_20250518_185059 - INFO - Epoch 53, Batch 150/848, Loss: 4.0074
2025-05-18 23:41:55,768 - transvg_coordinates_fixed_20250518_185059 - INFO - Train metrics: l1_loss: 0.4176 | giou_loss: 0.9597 | total_loss: 4.0074
2025-05-18 23:42:13,860 - transvg_coordinates_fixed_20250518_185059 - INFO - Epoch 53, Batch 200/848, Loss: 3.6789
2025-05-18 23:42:13,860 - transvg_coordinates_fixed_20250518_185059 - INFO - Train metrics: l1_loss: 0.3508 | giou_loss: 0.9625 | total_loss: 3.6789
2025-05-18 23:42:31,979 - transvg_coordinates_fixed_20250518_185059 - INFO - Epoch 53, Batch 250/848, Loss: 3.6366
2025-05-18 23:42:31,979 - transvg_coordinates_fixed_20250518_185059 - INFO - Train metrics: l1_loss: 0.3622 | giou_loss: 0.9127 | total_loss: 3.6366
2025-05-18 23:42:50,093 - transvg_coordinates_fixed_20250518_185059 - INFO - Epoch 53, Batch 300/848, Loss: 3.6293
2025-05-18 23:42:50,093 - transvg_coordinates_fixed_20250518_185059 - INFO - Train metrics: l1_loss: 0.3777 | giou_loss: 0.8705 | total_loss: 3.6293
2025-05-18 23:43:08,216 - transvg_coordinates_fixed_20250518_185059 - INFO - Epoch 53, Batch 350/848, Loss: 4.0801
2025-05-18 23:43:08,216 - transvg_coordinates_fixed_20250518_185059 - INFO - Train metrics: l1_loss: 0.4316 | giou_loss: 0.9611 | total_loss: 4.0801
2025-05-18 23:43:26,325 - transvg_coordinates_fixed_20250518_185059 - INFO - Epoch 53, Batch 400/848, Loss: 3.7011
2025-05-18 23:43:26,325 - transvg_coordinates_fixed_20250518_185059 - INFO - Train metrics: l1_loss: 0.3706 | giou_loss: 0.9241 | total_loss: 3.7011
2025-05-18 23:43:44,439 - transvg_coordinates_fixed_20250518_185059 - INFO - Epoch 53, Batch 450/848, Loss: 3.4085
2025-05-18 23:43:44,439 - transvg_coordinates_fixed_20250518_185059 - INFO - Train metrics: l1_loss: 0.3199 | giou_loss: 0.9045 | total_loss: 3.4085
2025-05-18 23:44:02,498 - transvg_coordinates_fixed_20250518_185059 - INFO - Epoch 53, Batch 500/848, Loss: 4.0128
2025-05-18 23:44:02,498 - transvg_coordinates_fixed_20250518_185059 - INFO - Train metrics: l1_loss: 0.4015 | giou_loss: 1.0028 | total_loss: 4.0128
2025-05-18 23:44:20,594 - transvg_coordinates_fixed_20250518_185059 - INFO - Epoch 53, Batch 550/848, Loss: 3.2493
2025-05-18 23:44:20,594 - transvg_coordinates_fixed_20250518_185059 - INFO - Train metrics: l1_loss: 0.3241 | giou_loss: 0.8143 | total_loss: 3.2493
2025-05-18 23:44:38,732 - transvg_coordinates_fixed_20250518_185059 - INFO - Epoch 53, Batch 600/848, Loss: 3.8458
2025-05-18 23:44:38,732 - transvg_coordinates_fixed_20250518_185059 - INFO - Train metrics: l1_loss: 0.4025 | giou_loss: 0.9167 | total_loss: 3.8458
2025-05-18 23:44:56,837 - transvg_coordinates_fixed_20250518_185059 - INFO - Epoch 53, Batch 650/848, Loss: 3.6287
2025-05-18 23:44:56,837 - transvg_coordinates_fixed_20250518_185059 - INFO - Train metrics: l1_loss: 0.3556 | giou_loss: 0.9253 | total_loss: 3.6287
2025-05-18 23:45:14,932 - transvg_coordinates_fixed_20250518_185059 - INFO - Epoch 53, Batch 700/848, Loss: 3.1662
2025-05-18 23:45:14,932 - transvg_coordinates_fixed_20250518_185059 - INFO - Train metrics: l1_loss: 0.3236 | giou_loss: 0.7740 | total_loss: 3.1662
2025-05-18 23:45:33,033 - transvg_coordinates_fixed_20250518_185059 - INFO - Epoch 53, Batch 750/848, Loss: 4.3029
2025-05-18 23:45:33,033 - transvg_coordinates_fixed_20250518_185059 - INFO - Train metrics: l1_loss: 0.4715 | giou_loss: 0.9727 | total_loss: 4.3029
2025-05-18 23:45:51,036 - transvg_coordinates_fixed_20250518_185059 - INFO - Epoch 53, Batch 800/848, Loss: 3.8922
2025-05-18 23:45:51,036 - transvg_coordinates_fixed_20250518_185059 - INFO - Train metrics: l1_loss: 0.4157 | giou_loss: 0.9069 | total_loss: 3.8922
2025-05-18 23:46:07,991 - transvg_coordinates_fixed_20250518_185059 - INFO - Train Epoch 53, Loss: 3.6992
2025-05-18 23:46:24,534 - transvg_coordinates_fixed_20250518_185059 - INFO - Pred box sample: [82.05457305908203, 83.54755401611328, 257.8513488769531, 290.73895263671875]
2025-05-18 23:46:24,534 - transvg_coordinates_fixed_20250518_185059 - INFO - Target box sample: [207.0, 198.0, 287.0, 283.0]
2025-05-18 23:46:24,605 - transvg_coordinates_fixed_20250518_185059 - INFO - Validation Epoch 53, Loss: 4.7548
2025-05-18 23:46:24,605 - transvg_coordinates_fixed_20250518_185059 - INFO - Val metrics: Acc@0.25: 0.2983 | Acc@0.5: 0.1089 | Acc@0.75: 0.0122 | mIoU: 0.1712 | medianIoU: 0.0682 | mae_x1: 103.9417 | mae_y1: 104.3447 | mae_x2: 107.0799 | mae_y2: 103.4718 | center_x_error: 92.5176 | center_y_error: 88.7875 | width_error: 2.0246 | height_error: 2.0075 | loss: 4.7548
2025-05-18 23:46:25,222 - transvg_coordinates_fixed_20250518_185059 - INFO - Saved model checkpoint to /home/pokle/Trans-VG/visual_grounding/checkpoints/transvg_coordinates_fixed_20250518_185059_epoch53.pth
2025-05-18 23:46:25,223 - transvg_coordinates_fixed_20250518_185059 - INFO - Epoch 54/200
2025-05-18 23:46:26,273 - transvg_coordinates_fixed_20250518_185059 - INFO - Epoch 54, Batch 0/848, Loss: 4.0918
2025-05-18 23:46:26,273 - transvg_coordinates_fixed_20250518_185059 - INFO - Train metrics: l1_loss: 0.4266 | giou_loss: 0.9794 | total_loss: 4.0918
2025-05-18 23:46:44,224 - transvg_coordinates_fixed_20250518_185059 - INFO - Epoch 54, Batch 50/848, Loss: 3.4425
2025-05-18 23:46:44,224 - transvg_coordinates_fixed_20250518_185059 - INFO - Train metrics: l1_loss: 0.3387 | giou_loss: 0.8744 | total_loss: 3.4425
2025-05-18 23:47:02,186 - transvg_coordinates_fixed_20250518_185059 - INFO - Epoch 54, Batch 100/848, Loss: 3.5737
2025-05-18 23:47:02,186 - transvg_coordinates_fixed_20250518_185059 - INFO - Train metrics: l1_loss: 0.3782 | giou_loss: 0.8414 | total_loss: 3.5737
2025-05-18 23:47:20,241 - transvg_coordinates_fixed_20250518_185059 - INFO - Epoch 54, Batch 150/848, Loss: 3.4899
2025-05-18 23:47:20,241 - transvg_coordinates_fixed_20250518_185059 - INFO - Train metrics: l1_loss: 0.3581 | giou_loss: 0.8496 | total_loss: 3.4899
2025-05-18 23:47:38,330 - transvg_coordinates_fixed_20250518_185059 - INFO - Epoch 54, Batch 200/848, Loss: 3.4277
2025-05-18 23:47:38,330 - transvg_coordinates_fixed_20250518_185059 - INFO - Train metrics: l1_loss: 0.3304 | giou_loss: 0.8877 | total_loss: 3.4277
2025-05-18 23:47:56,461 - transvg_coordinates_fixed_20250518_185059 - INFO - Epoch 54, Batch 250/848, Loss: 3.2294
2025-05-18 23:47:56,461 - transvg_coordinates_fixed_20250518_185059 - INFO - Train metrics: l1_loss: 0.3273 | giou_loss: 0.7964 | total_loss: 3.2294
2025-05-18 23:48:14,634 - transvg_coordinates_fixed_20250518_185059 - INFO - Epoch 54, Batch 300/848, Loss: 3.6442
2025-05-18 23:48:14,634 - transvg_coordinates_fixed_20250518_185059 - INFO - Train metrics: l1_loss: 0.3766 | giou_loss: 0.8807 | total_loss: 3.6442
2025-05-18 23:48:32,887 - transvg_coordinates_fixed_20250518_185059 - INFO - Epoch 54, Batch 350/848, Loss: 3.9640
2025-05-18 23:48:32,887 - transvg_coordinates_fixed_20250518_185059 - INFO - Train metrics: l1_loss: 0.4109 | giou_loss: 0.9547 | total_loss: 3.9640
2025-05-18 23:48:51,012 - transvg_coordinates_fixed_20250518_185059 - INFO - Epoch 54, Batch 400/848, Loss: 3.3557
2025-05-18 23:48:51,012 - transvg_coordinates_fixed_20250518_185059 - INFO - Train metrics: l1_loss: 0.3540 | giou_loss: 0.7929 | total_loss: 3.3557
2025-05-18 23:49:09,125 - transvg_coordinates_fixed_20250518_185059 - INFO - Epoch 54, Batch 450/848, Loss: 3.6695
2025-05-18 23:49:09,125 - transvg_coordinates_fixed_20250518_185059 - INFO - Train metrics: l1_loss: 0.3919 | giou_loss: 0.8550 | total_loss: 3.6695
2025-05-18 23:49:27,338 - transvg_coordinates_fixed_20250518_185059 - INFO - Epoch 54, Batch 500/848, Loss: 3.9466
2025-05-18 23:49:27,338 - transvg_coordinates_fixed_20250518_185059 - INFO - Train metrics: l1_loss: 0.4243 | giou_loss: 0.9126 | total_loss: 3.9466
2025-05-18 23:49:45,570 - transvg_coordinates_fixed_20250518_185059 - INFO - Epoch 54, Batch 550/848, Loss: 3.7284
2025-05-18 23:49:45,570 - transvg_coordinates_fixed_20250518_185059 - INFO - Train metrics: l1_loss: 0.3897 | giou_loss: 0.8899 | total_loss: 3.7284
2025-05-18 23:50:03,763 - transvg_coordinates_fixed_20250518_185059 - INFO - Epoch 54, Batch 600/848, Loss: 3.6810
2025-05-18 23:50:03,763 - transvg_coordinates_fixed_20250518_185059 - INFO - Train metrics: l1_loss: 0.3853 | giou_loss: 0.8773 | total_loss: 3.6810
2025-05-18 23:50:21,946 - transvg_coordinates_fixed_20250518_185059 - INFO - Epoch 54, Batch 650/848, Loss: 3.5380
2025-05-18 23:50:21,946 - transvg_coordinates_fixed_20250518_185059 - INFO - Train metrics: l1_loss: 0.3748 | giou_loss: 0.8320 | total_loss: 3.5380
2025-05-18 23:50:40,118 - transvg_coordinates_fixed_20250518_185059 - INFO - Epoch 54, Batch 700/848, Loss: 3.3103
2025-05-18 23:50:40,118 - transvg_coordinates_fixed_20250518_185059 - INFO - Train metrics: l1_loss: 0.3545 | giou_loss: 0.7690 | total_loss: 3.3103
2025-05-18 23:50:58,260 - transvg_coordinates_fixed_20250518_185059 - INFO - Epoch 54, Batch 750/848, Loss: 3.8501
2025-05-18 23:50:58,260 - transvg_coordinates_fixed_20250518_185059 - INFO - Train metrics: l1_loss: 0.3843 | giou_loss: 0.9643 | total_loss: 3.8501
2025-05-18 23:51:16,404 - transvg_coordinates_fixed_20250518_185059 - INFO - Epoch 54, Batch 800/848, Loss: 3.9652
2025-05-18 23:51:16,404 - transvg_coordinates_fixed_20250518_185059 - INFO - Train metrics: l1_loss: 0.4180 | giou_loss: 0.9376 | total_loss: 3.9652
2025-05-18 23:51:33,442 - transvg_coordinates_fixed_20250518_185059 - INFO - Train Epoch 54, Loss: 3.6926
2025-05-18 23:51:50,024 - transvg_coordinates_fixed_20250518_185059 - INFO - Pred box sample: [67.34673309326172, 72.00048828125, 238.94873046875, 261.061767578125]
2025-05-18 23:51:50,025 - transvg_coordinates_fixed_20250518_185059 - INFO - Target box sample: [207.0, 198.0, 287.0, 283.0]
2025-05-18 23:51:50,094 - transvg_coordinates_fixed_20250518_185059 - INFO - Validation Epoch 54, Loss: 4.6869
2025-05-18 23:51:50,094 - transvg_coordinates_fixed_20250518_185059 - INFO - Val metrics: Acc@0.25: 0.3073 | Acc@0.5: 0.1100 | Acc@0.75: 0.0157 | mIoU: 0.1767 | medianIoU: 0.0744 | mae_x1: 104.8186 | mae_y1: 102.4033 | mae_x2: 105.4270 | mae_y2: 101.6413 | center_x_error: 91.1337 | center_y_error: 86.9640 | width_error: 2.1673 | height_error: 2.0748 | loss: 4.6869
2025-05-18 23:51:50,932 - transvg_coordinates_fixed_20250518_185059 - INFO - Saved model checkpoint to /home/pokle/Trans-VG/visual_grounding/checkpoints/transvg_coordinates_fixed_20250518_185059_epoch54.pth
2025-05-18 23:51:50,933 - transvg_coordinates_fixed_20250518_185059 - INFO - Epoch 55/200
2025-05-18 23:51:51,982 - transvg_coordinates_fixed_20250518_185059 - INFO - Epoch 55, Batch 0/848, Loss: 3.7814
2025-05-18 23:51:51,982 - transvg_coordinates_fixed_20250518_185059 - INFO - Train metrics: l1_loss: 0.3752 | giou_loss: 0.9526 | total_loss: 3.7814
2025-05-18 23:52:09,883 - transvg_coordinates_fixed_20250518_185059 - INFO - Epoch 55, Batch 50/848, Loss: 4.3749
2025-05-18 23:52:09,883 - transvg_coordinates_fixed_20250518_185059 - INFO - Train metrics: l1_loss: 0.4618 | giou_loss: 1.0330 | total_loss: 4.3749
2025-05-18 23:52:27,906 - transvg_coordinates_fixed_20250518_185059 - INFO - Epoch 55, Batch 100/848, Loss: 3.5964
2025-05-18 23:52:27,906 - transvg_coordinates_fixed_20250518_185059 - INFO - Train metrics: l1_loss: 0.3660 | giou_loss: 0.8832 | total_loss: 3.5964
2025-05-18 23:52:45,948 - transvg_coordinates_fixed_20250518_185059 - INFO - Epoch 55, Batch 150/848, Loss: 3.7782
2025-05-18 23:52:45,948 - transvg_coordinates_fixed_20250518_185059 - INFO - Train metrics: l1_loss: 0.3963 | giou_loss: 0.8985 | total_loss: 3.7782
2025-05-18 23:53:04,018 - transvg_coordinates_fixed_20250518_185059 - INFO - Epoch 55, Batch 200/848, Loss: 3.8093
2025-05-18 23:53:04,018 - transvg_coordinates_fixed_20250518_185059 - INFO - Train metrics: l1_loss: 0.4041 | giou_loss: 0.8945 | total_loss: 3.8093
2025-05-18 23:53:22,167 - transvg_coordinates_fixed_20250518_185059 - INFO - Epoch 55, Batch 250/848, Loss: 3.8966
2025-05-18 23:53:22,167 - transvg_coordinates_fixed_20250518_185059 - INFO - Train metrics: l1_loss: 0.4126 | giou_loss: 0.9168 | total_loss: 3.8966
2025-05-18 23:53:40,397 - transvg_coordinates_fixed_20250518_185059 - INFO - Epoch 55, Batch 300/848, Loss: 4.1788
2025-05-18 23:53:40,397 - transvg_coordinates_fixed_20250518_185059 - INFO - Train metrics: l1_loss: 0.4394 | giou_loss: 0.9908 | total_loss: 4.1788
2025-05-18 23:53:58,511 - transvg_coordinates_fixed_20250518_185059 - INFO - Epoch 55, Batch 350/848, Loss: 3.3909
2025-05-18 23:53:58,511 - transvg_coordinates_fixed_20250518_185059 - INFO - Train metrics: l1_loss: 0.3445 | giou_loss: 0.8343 | total_loss: 3.3909
2025-05-18 23:54:16,668 - transvg_coordinates_fixed_20250518_185059 - INFO - Epoch 55, Batch 400/848, Loss: 3.6527
2025-05-18 23:54:16,668 - transvg_coordinates_fixed_20250518_185059 - INFO - Train metrics: l1_loss: 0.3413 | giou_loss: 0.9730 | total_loss: 3.6527
2025-05-18 23:54:34,872 - transvg_coordinates_fixed_20250518_185059 - INFO - Epoch 55, Batch 450/848, Loss: 3.3500
2025-05-18 23:54:34,872 - transvg_coordinates_fixed_20250518_185059 - INFO - Train metrics: l1_loss: 0.3272 | giou_loss: 0.8570 | total_loss: 3.3500
2025-05-18 23:54:53,084 - transvg_coordinates_fixed_20250518_185059 - INFO - Epoch 55, Batch 500/848, Loss: 3.6647
2025-05-18 23:54:53,084 - transvg_coordinates_fixed_20250518_185059 - INFO - Train metrics: l1_loss: 0.3881 | giou_loss: 0.8621 | total_loss: 3.6647
2025-05-18 23:55:11,260 - transvg_coordinates_fixed_20250518_185059 - INFO - Epoch 55, Batch 550/848, Loss: 3.1560
2025-05-18 23:55:11,260 - transvg_coordinates_fixed_20250518_185059 - INFO - Train metrics: l1_loss: 0.3264 | giou_loss: 0.7619 | total_loss: 3.1560
2025-05-18 23:55:29,366 - transvg_coordinates_fixed_20250518_185059 - INFO - Epoch 55, Batch 600/848, Loss: 3.1765
2025-05-18 23:55:29,366 - transvg_coordinates_fixed_20250518_185059 - INFO - Train metrics: l1_loss: 0.3229 | giou_loss: 0.7810 | total_loss: 3.1765
2025-05-18 23:55:47,470 - transvg_coordinates_fixed_20250518_185059 - INFO - Epoch 55, Batch 650/848, Loss: 3.2126
2025-05-18 23:55:47,470 - transvg_coordinates_fixed_20250518_185059 - INFO - Train metrics: l1_loss: 0.3205 | giou_loss: 0.8052 | total_loss: 3.2126
2025-05-18 23:56:05,551 - transvg_coordinates_fixed_20250518_185059 - INFO - Epoch 55, Batch 700/848, Loss: 4.3344
2025-05-18 23:56:05,551 - transvg_coordinates_fixed_20250518_185059 - INFO - Train metrics: l1_loss: 0.4819 | giou_loss: 0.9624 | total_loss: 4.3344
2025-05-18 23:56:23,686 - transvg_coordinates_fixed_20250518_185059 - INFO - Epoch 55, Batch 750/848, Loss: 2.9714
2025-05-18 23:56:23,686 - transvg_coordinates_fixed_20250518_185059 - INFO - Train metrics: l1_loss: 0.2931 | giou_loss: 0.7530 | total_loss: 2.9714
2025-05-18 23:56:41,963 - transvg_coordinates_fixed_20250518_185059 - INFO - Epoch 55, Batch 800/848, Loss: 3.7486
2025-05-18 23:56:41,963 - transvg_coordinates_fixed_20250518_185059 - INFO - Train metrics: l1_loss: 0.3800 | giou_loss: 0.9244 | total_loss: 3.7486
2025-05-18 23:56:58,982 - transvg_coordinates_fixed_20250518_185059 - INFO - Train Epoch 55, Loss: 3.6851
2025-05-18 23:57:15,544 - transvg_coordinates_fixed_20250518_185059 - INFO - Pred box sample: [81.68114471435547, 87.83118438720703, 272.4619140625, 274.9766845703125]
2025-05-18 23:57:15,544 - transvg_coordinates_fixed_20250518_185059 - INFO - Target box sample: [207.0, 198.0, 287.0, 283.0]
2025-05-18 23:57:15,615 - transvg_coordinates_fixed_20250518_185059 - INFO - Validation Epoch 55, Loss: 4.6738
2025-05-18 23:57:15,615 - transvg_coordinates_fixed_20250518_185059 - INFO - Val metrics: Acc@0.25: 0.3100 | Acc@0.5: 0.1169 | Acc@0.75: 0.0151 | mIoU: 0.1789 | medianIoU: 0.0749 | mae_x1: 103.3352 | mae_y1: 103.3221 | mae_x2: 105.9360 | mae_y2: 101.8634 | center_x_error: 90.8899 | center_y_error: 87.0085 | width_error: 2.1164 | height_error: 2.2054 | loss: 4.6738
2025-05-18 23:57:16,225 - transvg_coordinates_fixed_20250518_185059 - INFO - Saved model checkpoint to /home/pokle/Trans-VG/visual_grounding/checkpoints/transvg_coordinates_fixed_20250518_185059_epoch55.pth
2025-05-18 23:57:16,226 - transvg_coordinates_fixed_20250518_185059 - INFO - Epoch 56/200
2025-05-18 23:57:17,269 - transvg_coordinates_fixed_20250518_185059 - INFO - Epoch 56, Batch 0/848, Loss: 4.2025
2025-05-18 23:57:17,269 - transvg_coordinates_fixed_20250518_185059 - INFO - Train metrics: l1_loss: 0.4512 | giou_loss: 0.9732 | total_loss: 4.2025
2025-05-18 23:57:35,166 - transvg_coordinates_fixed_20250518_185059 - INFO - Epoch 56, Batch 50/848, Loss: 3.8327
2025-05-18 23:57:35,166 - transvg_coordinates_fixed_20250518_185059 - INFO - Train metrics: l1_loss: 0.3906 | giou_loss: 0.9399 | total_loss: 3.8327
2025-05-18 23:57:53,234 - transvg_coordinates_fixed_20250518_185059 - INFO - Epoch 56, Batch 100/848, Loss: 4.1811
2025-05-18 23:57:53,234 - transvg_coordinates_fixed_20250518_185059 - INFO - Train metrics: l1_loss: 0.4600 | giou_loss: 0.9405 | total_loss: 4.1811
2025-05-18 23:58:11,358 - transvg_coordinates_fixed_20250518_185059 - INFO - Epoch 56, Batch 150/848, Loss: 4.1570
2025-05-18 23:58:11,358 - transvg_coordinates_fixed_20250518_185059 - INFO - Train metrics: l1_loss: 0.4373 | giou_loss: 0.9851 | total_loss: 4.1570
2025-05-18 23:58:29,485 - transvg_coordinates_fixed_20250518_185059 - INFO - Epoch 56, Batch 200/848, Loss: 3.2940
2025-05-18 23:58:29,485 - transvg_coordinates_fixed_20250518_185059 - INFO - Train metrics: l1_loss: 0.3275 | giou_loss: 0.8283 | total_loss: 3.2940
2025-05-18 23:58:47,569 - transvg_coordinates_fixed_20250518_185059 - INFO - Epoch 56, Batch 250/848, Loss: 3.0143
2025-05-18 23:58:47,569 - transvg_coordinates_fixed_20250518_185059 - INFO - Train metrics: l1_loss: 0.3017 | giou_loss: 0.7529 | total_loss: 3.0143
2025-05-18 23:59:05,697 - transvg_coordinates_fixed_20250518_185059 - INFO - Epoch 56, Batch 300/848, Loss: 4.2223
2025-05-18 23:59:05,697 - transvg_coordinates_fixed_20250518_185059 - INFO - Train metrics: l1_loss: 0.4546 | giou_loss: 0.9747 | total_loss: 4.2223
2025-05-18 23:59:23,808 - transvg_coordinates_fixed_20250518_185059 - INFO - Epoch 56, Batch 350/848, Loss: 3.5332
2025-05-18 23:59:23,808 - transvg_coordinates_fixed_20250518_185059 - INFO - Train metrics: l1_loss: 0.3669 | giou_loss: 0.8495 | total_loss: 3.5332
2025-05-18 23:59:41,951 - transvg_coordinates_fixed_20250518_185059 - INFO - Epoch 56, Batch 400/848, Loss: 3.2855
2025-05-18 23:59:41,959 - transvg_coordinates_fixed_20250518_185059 - INFO - Train metrics: l1_loss: 0.3394 | giou_loss: 0.7942 | total_loss: 3.2855
2025-05-19 00:00:00,067 - transvg_coordinates_fixed_20250518_185059 - INFO - Epoch 56, Batch 450/848, Loss: 3.7523
2025-05-19 00:00:00,067 - transvg_coordinates_fixed_20250518_185059 - INFO - Train metrics: l1_loss: 0.3943 | giou_loss: 0.8904 | total_loss: 3.7523
2025-05-19 00:00:18,149 - transvg_coordinates_fixed_20250518_185059 - INFO - Epoch 56, Batch 500/848, Loss: 3.5946
2025-05-19 00:00:18,149 - transvg_coordinates_fixed_20250518_185059 - INFO - Train metrics: l1_loss: 0.3861 | giou_loss: 0.8321 | total_loss: 3.5946
2025-05-19 00:00:36,273 - transvg_coordinates_fixed_20250518_185059 - INFO - Epoch 56, Batch 550/848, Loss: 3.5743
2025-05-19 00:00:36,273 - transvg_coordinates_fixed_20250518_185059 - INFO - Train metrics: l1_loss: 0.3659 | giou_loss: 0.8725 | total_loss: 3.5743
2025-05-19 00:00:54,350 - transvg_coordinates_fixed_20250518_185059 - INFO - Epoch 56, Batch 600/848, Loss: 3.9744
2025-05-19 00:00:54,350 - transvg_coordinates_fixed_20250518_185059 - INFO - Train metrics: l1_loss: 0.4169 | giou_loss: 0.9450 | total_loss: 3.9744
2025-05-19 00:01:12,500 - transvg_coordinates_fixed_20250518_185059 - INFO - Epoch 56, Batch 650/848, Loss: 3.6338
2025-05-19 00:01:12,500 - transvg_coordinates_fixed_20250518_185059 - INFO - Train metrics: l1_loss: 0.3629 | giou_loss: 0.9096 | total_loss: 3.6338
2025-05-19 00:01:30,604 - transvg_coordinates_fixed_20250518_185059 - INFO - Epoch 56, Batch 700/848, Loss: 3.6007
2025-05-19 00:01:30,604 - transvg_coordinates_fixed_20250518_185059 - INFO - Train metrics: l1_loss: 0.3989 | giou_loss: 0.8031 | total_loss: 3.6007
2025-05-19 00:01:48,710 - transvg_coordinates_fixed_20250518_185059 - INFO - Epoch 56, Batch 750/848, Loss: 3.6083
2025-05-19 00:01:48,711 - transvg_coordinates_fixed_20250518_185059 - INFO - Train metrics: l1_loss: 0.3687 | giou_loss: 0.8823 | total_loss: 3.6083
2025-05-19 00:02:06,821 - transvg_coordinates_fixed_20250518_185059 - INFO - Epoch 56, Batch 800/848, Loss: 4.0439
2025-05-19 00:02:06,822 - transvg_coordinates_fixed_20250518_185059 - INFO - Train metrics: l1_loss: 0.4255 | giou_loss: 0.9583 | total_loss: 4.0439
2025-05-19 00:02:23,888 - transvg_coordinates_fixed_20250518_185059 - INFO - Train Epoch 56, Loss: 3.6884
2025-05-19 00:02:40,402 - transvg_coordinates_fixed_20250518_185059 - INFO - Pred box sample: [90.34183502197266, 83.17400360107422, 272.0762634277344, 239.1212158203125]
2025-05-19 00:02:40,403 - transvg_coordinates_fixed_20250518_185059 - INFO - Target box sample: [207.0, 198.0, 287.0, 283.0]
2025-05-19 00:02:40,471 - transvg_coordinates_fixed_20250518_185059 - INFO - Validation Epoch 56, Loss: 4.6542
2025-05-19 00:02:40,471 - transvg_coordinates_fixed_20250518_185059 - INFO - Val metrics: Acc@0.25: 0.3076 | Acc@0.5: 0.1145 | Acc@0.75: 0.0135 | mIoU: 0.1809 | medianIoU: 0.0819 | mae_x1: 106.7471 | mae_y1: 101.5963 | mae_x2: 105.8462 | mae_y2: 99.9122 | center_x_error: 90.1382 | center_y_error: 85.4657 | width_error: 2.4072 | height_error: 2.0838 | loss: 4.6542
2025-05-19 00:02:41,087 - transvg_coordinates_fixed_20250518_185059 - INFO - Saved model checkpoint to /home/pokle/Trans-VG/visual_grounding/checkpoints/transvg_coordinates_fixed_20250518_185059_epoch56.pth
2025-05-19 00:02:41,088 - transvg_coordinates_fixed_20250518_185059 - INFO - Epoch 57/200
2025-05-19 00:02:42,122 - transvg_coordinates_fixed_20250518_185059 - INFO - Epoch 57, Batch 0/848, Loss: 3.5663
2025-05-19 00:02:42,123 - transvg_coordinates_fixed_20250518_185059 - INFO - Train metrics: l1_loss: 0.3482 | giou_loss: 0.9126 | total_loss: 3.5663
2025-05-19 00:03:00,254 - transvg_coordinates_fixed_20250518_185059 - INFO - Epoch 57, Batch 50/848, Loss: 3.3413
2025-05-19 00:03:00,254 - transvg_coordinates_fixed_20250518_185059 - INFO - Train metrics: l1_loss: 0.3416 | giou_loss: 0.8167 | total_loss: 3.3413
2025-05-19 00:03:18,424 - transvg_coordinates_fixed_20250518_185059 - INFO - Epoch 57, Batch 100/848, Loss: 3.6938
2025-05-19 00:03:18,424 - transvg_coordinates_fixed_20250518_185059 - INFO - Train metrics: l1_loss: 0.4052 | giou_loss: 0.8339 | total_loss: 3.6938
2025-05-19 00:03:36,621 - transvg_coordinates_fixed_20250518_185059 - INFO - Epoch 57, Batch 150/848, Loss: 3.5021
2025-05-19 00:03:36,621 - transvg_coordinates_fixed_20250518_185059 - INFO - Train metrics: l1_loss: 0.3506 | giou_loss: 0.8745 | total_loss: 3.5021
2025-05-19 00:03:54,890 - transvg_coordinates_fixed_20250518_185059 - INFO - Epoch 57, Batch 200/848, Loss: 4.0672
2025-05-19 00:03:54,890 - transvg_coordinates_fixed_20250518_185059 - INFO - Train metrics: l1_loss: 0.4304 | giou_loss: 0.9576 | total_loss: 4.0672
2025-05-19 00:04:13,003 - transvg_coordinates_fixed_20250518_185059 - INFO - Epoch 57, Batch 250/848, Loss: 3.1613
2025-05-19 00:04:13,003 - transvg_coordinates_fixed_20250518_185059 - INFO - Train metrics: l1_loss: 0.3056 | giou_loss: 0.8167 | total_loss: 3.1613
2025-05-19 00:04:31,154 - transvg_coordinates_fixed_20250518_185059 - INFO - Epoch 57, Batch 300/848, Loss: 3.9416
2025-05-19 00:04:31,154 - transvg_coordinates_fixed_20250518_185059 - INFO - Train metrics: l1_loss: 0.4218 | giou_loss: 0.9162 | total_loss: 3.9416
2025-05-19 00:04:49,116 - transvg_coordinates_fixed_20250518_185059 - INFO - Epoch 57, Batch 350/848, Loss: 3.6436
2025-05-19 00:04:49,116 - transvg_coordinates_fixed_20250518_185059 - INFO - Train metrics: l1_loss: 0.3589 | giou_loss: 0.9245 | total_loss: 3.6436
2025-05-19 00:05:07,109 - transvg_coordinates_fixed_20250518_185059 - INFO - Epoch 57, Batch 400/848, Loss: 3.4540
2025-05-19 00:05:07,109 - transvg_coordinates_fixed_20250518_185059 - INFO - Train metrics: l1_loss: 0.3334 | giou_loss: 0.8936 | total_loss: 3.4540
2025-05-19 00:05:25,255 - transvg_coordinates_fixed_20250518_185059 - INFO - Epoch 57, Batch 450/848, Loss: 3.6409
2025-05-19 00:05:25,255 - transvg_coordinates_fixed_20250518_185059 - INFO - Train metrics: l1_loss: 0.3841 | giou_loss: 0.8602 | total_loss: 3.6409
2025-05-19 00:05:43,410 - transvg_coordinates_fixed_20250518_185059 - INFO - Epoch 57, Batch 500/848, Loss: 3.4145
2025-05-19 00:05:43,410 - transvg_coordinates_fixed_20250518_185059 - INFO - Train metrics: l1_loss: 0.3467 | giou_loss: 0.8406 | total_loss: 3.4145
2025-05-19 00:06:01,535 - transvg_coordinates_fixed_20250518_185059 - INFO - Epoch 57, Batch 550/848, Loss: 4.2377
2025-05-19 00:06:01,535 - transvg_coordinates_fixed_20250518_185059 - INFO - Train metrics: l1_loss: 0.4702 | giou_loss: 0.9434 | total_loss: 4.2377
2025-05-19 00:06:19,629 - transvg_coordinates_fixed_20250518_185059 - INFO - Epoch 57, Batch 600/848, Loss: 3.7362
2025-05-19 00:06:19,629 - transvg_coordinates_fixed_20250518_185059 - INFO - Train metrics: l1_loss: 0.3716 | giou_loss: 0.9392 | total_loss: 3.7362
2025-05-19 00:06:37,733 - transvg_coordinates_fixed_20250518_185059 - INFO - Epoch 57, Batch 650/848, Loss: 3.8027
2025-05-19 00:06:37,733 - transvg_coordinates_fixed_20250518_185059 - INFO - Train metrics: l1_loss: 0.4008 | giou_loss: 0.8994 | total_loss: 3.8027
2025-05-19 00:06:55,889 - transvg_coordinates_fixed_20250518_185059 - INFO - Epoch 57, Batch 700/848, Loss: 3.9009
2025-05-19 00:06:55,889 - transvg_coordinates_fixed_20250518_185059 - INFO - Train metrics: l1_loss: 0.3941 | giou_loss: 0.9653 | total_loss: 3.9009
2025-05-19 00:07:14,059 - transvg_coordinates_fixed_20250518_185059 - INFO - Epoch 57, Batch 750/848, Loss: 3.6027
2025-05-19 00:07:14,059 - transvg_coordinates_fixed_20250518_185059 - INFO - Train metrics: l1_loss: 0.3671 | giou_loss: 0.8837 | total_loss: 3.6027
2025-05-19 00:07:32,387 - transvg_coordinates_fixed_20250518_185059 - INFO - Epoch 57, Batch 800/848, Loss: 3.7546
2025-05-19 00:07:32,387 - transvg_coordinates_fixed_20250518_185059 - INFO - Train metrics: l1_loss: 0.3719 | giou_loss: 0.9476 | total_loss: 3.7546
2025-05-19 00:07:49,569 - transvg_coordinates_fixed_20250518_185059 - INFO - Train Epoch 57, Loss: 3.6753
2025-05-19 00:08:06,000 - transvg_coordinates_fixed_20250518_185059 - INFO - Pred box sample: [75.24093627929688, 74.61044311523438, 248.2974090576172, 229.47406005859375]
2025-05-19 00:08:06,000 - transvg_coordinates_fixed_20250518_185059 - INFO - Target box sample: [207.0, 198.0, 287.0, 283.0]
2025-05-19 00:08:06,077 - transvg_coordinates_fixed_20250518_185059 - INFO - Validation Epoch 57, Loss: 4.7325
2025-05-19 00:08:06,077 - transvg_coordinates_fixed_20250518_185059 - INFO - Val metrics: Acc@0.25: 0.2967 | Acc@0.5: 0.1108 | Acc@0.75: 0.0151 | mIoU: 0.1729 | medianIoU: 0.0702 | mae_x1: 104.8654 | mae_y1: 103.9981 | mae_x2: 106.3825 | mae_y2: 101.0676 | center_x_error: 92.2215 | center_y_error: 88.3386 | width_error: 2.0417 | height_error: 1.9992 | loss: 4.7325
2025-05-19 00:08:06,690 - transvg_coordinates_fixed_20250518_185059 - INFO - Saved model checkpoint to /home/pokle/Trans-VG/visual_grounding/checkpoints/transvg_coordinates_fixed_20250518_185059_epoch57.pth
2025-05-19 00:08:06,690 - transvg_coordinates_fixed_20250518_185059 - INFO - Epoch 58/200
2025-05-19 00:08:07,724 - transvg_coordinates_fixed_20250518_185059 - INFO - Epoch 58, Batch 0/848, Loss: 3.9345
2025-05-19 00:08:07,724 - transvg_coordinates_fixed_20250518_185059 - INFO - Train metrics: l1_loss: 0.4182 | giou_loss: 0.9217 | total_loss: 3.9345
2025-05-19 00:08:25,696 - transvg_coordinates_fixed_20250518_185059 - INFO - Epoch 58, Batch 50/848, Loss: 3.8321
2025-05-19 00:08:25,696 - transvg_coordinates_fixed_20250518_185059 - INFO - Train metrics: l1_loss: 0.3739 | giou_loss: 0.9812 | total_loss: 3.8321
2025-05-19 00:08:43,827 - transvg_coordinates_fixed_20250518_185059 - INFO - Epoch 58, Batch 100/848, Loss: 3.3366
2025-05-19 00:08:43,827 - transvg_coordinates_fixed_20250518_185059 - INFO - Train metrics: l1_loss: 0.3347 | giou_loss: 0.8316 | total_loss: 3.3366
2025-05-19 00:09:01,933 - transvg_coordinates_fixed_20250518_185059 - INFO - Epoch 58, Batch 150/848, Loss: 3.5993
2025-05-19 00:09:01,933 - transvg_coordinates_fixed_20250518_185059 - INFO - Train metrics: l1_loss: 0.3515 | giou_loss: 0.9209 | total_loss: 3.5993
2025-05-19 00:09:20,046 - transvg_coordinates_fixed_20250518_185059 - INFO - Epoch 58, Batch 200/848, Loss: 3.1529
2025-05-19 00:09:20,046 - transvg_coordinates_fixed_20250518_185059 - INFO - Train metrics: l1_loss: 0.3207 | giou_loss: 0.7747 | total_loss: 3.1529
2025-05-19 00:09:38,159 - transvg_coordinates_fixed_20250518_185059 - INFO - Epoch 58, Batch 250/848, Loss: 3.9353
2025-05-19 00:09:38,159 - transvg_coordinates_fixed_20250518_185059 - INFO - Train metrics: l1_loss: 0.4133 | giou_loss: 0.9344 | total_loss: 3.9353
2025-05-19 00:09:56,251 - transvg_coordinates_fixed_20250518_185059 - INFO - Epoch 58, Batch 300/848, Loss: 3.6528
2025-05-19 00:09:56,251 - transvg_coordinates_fixed_20250518_185059 - INFO - Train metrics: l1_loss: 0.3648 | giou_loss: 0.9143 | total_loss: 3.6528
2025-05-19 00:10:14,386 - transvg_coordinates_fixed_20250518_185059 - INFO - Epoch 58, Batch 350/848, Loss: 3.5953
2025-05-19 00:10:14,386 - transvg_coordinates_fixed_20250518_185059 - INFO - Train metrics: l1_loss: 0.3760 | giou_loss: 0.8576 | total_loss: 3.5953
2025-05-19 00:10:32,509 - transvg_coordinates_fixed_20250518_185059 - INFO - Epoch 58, Batch 400/848, Loss: 3.9715
2025-05-19 00:10:32,509 - transvg_coordinates_fixed_20250518_185059 - INFO - Train metrics: l1_loss: 0.4401 | giou_loss: 0.8855 | total_loss: 3.9715
2025-05-19 00:10:50,618 - transvg_coordinates_fixed_20250518_185059 - INFO - Epoch 58, Batch 450/848, Loss: 3.7427
2025-05-19 00:10:50,618 - transvg_coordinates_fixed_20250518_185059 - INFO - Train metrics: l1_loss: 0.3909 | giou_loss: 0.8942 | total_loss: 3.7427
2025-05-19 00:11:08,717 - transvg_coordinates_fixed_20250518_185059 - INFO - Epoch 58, Batch 500/848, Loss: 3.5683
2025-05-19 00:11:08,717 - transvg_coordinates_fixed_20250518_185059 - INFO - Train metrics: l1_loss: 0.3664 | giou_loss: 0.8681 | total_loss: 3.5683
2025-05-19 00:11:26,840 - transvg_coordinates_fixed_20250518_185059 - INFO - Epoch 58, Batch 550/848, Loss: 4.1980
2025-05-19 00:11:26,840 - transvg_coordinates_fixed_20250518_185059 - INFO - Train metrics: l1_loss: 0.4625 | giou_loss: 0.9428 | total_loss: 4.1980
2025-05-19 00:11:44,935 - transvg_coordinates_fixed_20250518_185059 - INFO - Epoch 58, Batch 600/848, Loss: 3.5500
2025-05-19 00:11:44,935 - transvg_coordinates_fixed_20250518_185059 - INFO - Train metrics: l1_loss: 0.3731 | giou_loss: 0.8422 | total_loss: 3.5500
2025-05-19 00:12:03,062 - transvg_coordinates_fixed_20250518_185059 - INFO - Epoch 58, Batch 650/848, Loss: 4.1545
2025-05-19 00:12:03,062 - transvg_coordinates_fixed_20250518_185059 - INFO - Train metrics: l1_loss: 0.4255 | giou_loss: 1.0135 | total_loss: 4.1545
2025-05-19 00:12:21,272 - transvg_coordinates_fixed_20250518_185059 - INFO - Epoch 58, Batch 700/848, Loss: 3.3231
2025-05-19 00:12:21,272 - transvg_coordinates_fixed_20250518_185059 - INFO - Train metrics: l1_loss: 0.3208 | giou_loss: 0.8594 | total_loss: 3.3231
2025-05-19 00:12:39,375 - transvg_coordinates_fixed_20250518_185059 - INFO - Epoch 58, Batch 750/848, Loss: 3.9993
2025-05-19 00:12:39,375 - transvg_coordinates_fixed_20250518_185059 - INFO - Train metrics: l1_loss: 0.4204 | giou_loss: 0.9486 | total_loss: 3.9993
2025-05-19 00:12:57,491 - transvg_coordinates_fixed_20250518_185059 - INFO - Epoch 58, Batch 800/848, Loss: 3.4107
2025-05-19 00:12:57,491 - transvg_coordinates_fixed_20250518_185059 - INFO - Train metrics: l1_loss: 0.3586 | giou_loss: 0.8088 | total_loss: 3.4107
2025-05-19 00:13:14,528 - transvg_coordinates_fixed_20250518_185059 - INFO - Train Epoch 58, Loss: 3.6715
2025-05-19 00:13:31,295 - transvg_coordinates_fixed_20250518_185059 - INFO - Pred box sample: [70.3485107421875, 93.60630798339844, 264.7616271972656, 286.6927490234375]
2025-05-19 00:13:31,295 - transvg_coordinates_fixed_20250518_185059 - INFO - Target box sample: [207.0, 198.0, 287.0, 283.0]
2025-05-19 00:13:31,367 - transvg_coordinates_fixed_20250518_185059 - INFO - Validation Epoch 58, Loss: 4.6640
2025-05-19 00:13:31,367 - transvg_coordinates_fixed_20250518_185059 - INFO - Val metrics: Acc@0.25: 0.3094 | Acc@0.5: 0.1153 | Acc@0.75: 0.0154 | mIoU: 0.1803 | medianIoU: 0.0815 | mae_x1: 104.1132 | mae_y1: 103.0006 | mae_x2: 108.0843 | mae_y2: 104.2140 | center_x_error: 91.2461 | center_y_error: 85.4710 | width_error: 2.3292 | height_error: 2.4298 | loss: 4.6640
2025-05-19 00:13:31,970 - transvg_coordinates_fixed_20250518_185059 - INFO - Saved model checkpoint to /home/pokle/Trans-VG/visual_grounding/checkpoints/transvg_coordinates_fixed_20250518_185059_epoch58.pth
2025-05-19 00:13:31,971 - transvg_coordinates_fixed_20250518_185059 - INFO - Epoch 59/200
2025-05-19 00:13:33,011 - transvg_coordinates_fixed_20250518_185059 - INFO - Epoch 59, Batch 0/848, Loss: 3.4810
2025-05-19 00:13:33,011 - transvg_coordinates_fixed_20250518_185059 - INFO - Train metrics: l1_loss: 0.3397 | giou_loss: 0.8912 | total_loss: 3.4810
2025-05-19 00:13:50,881 - transvg_coordinates_fixed_20250518_185059 - INFO - Epoch 59, Batch 50/848, Loss: 3.6257
2025-05-19 00:13:50,881 - transvg_coordinates_fixed_20250518_185059 - INFO - Train metrics: l1_loss: 0.3660 | giou_loss: 0.8977 | total_loss: 3.6257
2025-05-19 00:14:08,848 - transvg_coordinates_fixed_20250518_185059 - INFO - Epoch 59, Batch 100/848, Loss: 3.2071
2025-05-19 00:14:08,848 - transvg_coordinates_fixed_20250518_185059 - INFO - Train metrics: l1_loss: 0.3158 | giou_loss: 0.8142 | total_loss: 3.2071
2025-05-19 00:14:26,947 - transvg_coordinates_fixed_20250518_185059 - INFO - Epoch 59, Batch 150/848, Loss: 3.3431
2025-05-19 00:14:26,947 - transvg_coordinates_fixed_20250518_185059 - INFO - Train metrics: l1_loss: 0.3287 | giou_loss: 0.8497 | total_loss: 3.3431
2025-05-19 00:14:44,961 - transvg_coordinates_fixed_20250518_185059 - INFO - Epoch 59, Batch 200/848, Loss: 3.6319
2025-05-19 00:14:44,961 - transvg_coordinates_fixed_20250518_185059 - INFO - Train metrics: l1_loss: 0.3702 | giou_loss: 0.8905 | total_loss: 3.6319
2025-05-19 00:15:02,999 - transvg_coordinates_fixed_20250518_185059 - INFO - Epoch 59, Batch 250/848, Loss: 4.1779
2025-05-19 00:15:02,999 - transvg_coordinates_fixed_20250518_185059 - INFO - Train metrics: l1_loss: 0.4632 | giou_loss: 0.9310 | total_loss: 4.1779
2025-05-19 00:15:21,037 - transvg_coordinates_fixed_20250518_185059 - INFO - Epoch 59, Batch 300/848, Loss: 3.9525
2025-05-19 00:15:21,037 - transvg_coordinates_fixed_20250518_185059 - INFO - Train metrics: l1_loss: 0.4226 | giou_loss: 0.9197 | total_loss: 3.9525
2025-05-19 00:15:39,116 - transvg_coordinates_fixed_20250518_185059 - INFO - Epoch 59, Batch 350/848, Loss: 3.8884
2025-05-19 00:15:39,116 - transvg_coordinates_fixed_20250518_185059 - INFO - Train metrics: l1_loss: 0.3950 | giou_loss: 0.9568 | total_loss: 3.8884
2025-05-19 00:15:57,255 - transvg_coordinates_fixed_20250518_185059 - INFO - Epoch 59, Batch 400/848, Loss: 3.4988
2025-05-19 00:15:57,255 - transvg_coordinates_fixed_20250518_185059 - INFO - Train metrics: l1_loss: 0.3567 | giou_loss: 0.8578 | total_loss: 3.4988
2025-05-19 00:16:15,357 - transvg_coordinates_fixed_20250518_185059 - INFO - Epoch 59, Batch 450/848, Loss: 2.9460
2025-05-19 00:16:15,357 - transvg_coordinates_fixed_20250518_185059 - INFO - Train metrics: l1_loss: 0.3134 | giou_loss: 0.6894 | total_loss: 2.9460
2025-05-19 00:16:33,464 - transvg_coordinates_fixed_20250518_185059 - INFO - Epoch 59, Batch 500/848, Loss: 3.4140
2025-05-19 00:16:33,464 - transvg_coordinates_fixed_20250518_185059 - INFO - Train metrics: l1_loss: 0.3602 | giou_loss: 0.8065 | total_loss: 3.4140
2025-05-19 00:16:51,579 - transvg_coordinates_fixed_20250518_185059 - INFO - Epoch 59, Batch 550/848, Loss: 3.5713
2025-05-19 00:16:51,579 - transvg_coordinates_fixed_20250518_185059 - INFO - Train metrics: l1_loss: 0.3613 | giou_loss: 0.8825 | total_loss: 3.5713
2025-05-19 00:17:09,718 - transvg_coordinates_fixed_20250518_185059 - INFO - Epoch 59, Batch 600/848, Loss: 3.6361
2025-05-19 00:17:09,719 - transvg_coordinates_fixed_20250518_185059 - INFO - Train metrics: l1_loss: 0.3689 | giou_loss: 0.8959 | total_loss: 3.6361
2025-05-19 00:17:27,901 - transvg_coordinates_fixed_20250518_185059 - INFO - Epoch 59, Batch 650/848, Loss: 3.9330
2025-05-19 00:17:27,901 - transvg_coordinates_fixed_20250518_185059 - INFO - Train metrics: l1_loss: 0.4134 | giou_loss: 0.9330 | total_loss: 3.9330
2025-05-19 00:17:46,102 - transvg_coordinates_fixed_20250518_185059 - INFO - Epoch 59, Batch 700/848, Loss: 3.4144
2025-05-19 00:17:46,102 - transvg_coordinates_fixed_20250518_185059 - INFO - Train metrics: l1_loss: 0.3533 | giou_loss: 0.8239 | total_loss: 3.4144
2025-05-19 00:18:04,266 - transvg_coordinates_fixed_20250518_185059 - INFO - Epoch 59, Batch 750/848, Loss: 3.4406
2025-05-19 00:18:04,266 - transvg_coordinates_fixed_20250518_185059 - INFO - Train metrics: l1_loss: 0.3363 | giou_loss: 0.8795 | total_loss: 3.4406
2025-05-19 00:18:22,394 - transvg_coordinates_fixed_20250518_185059 - INFO - Epoch 59, Batch 800/848, Loss: 3.7004
2025-05-19 00:18:22,394 - transvg_coordinates_fixed_20250518_185059 - INFO - Train metrics: l1_loss: 0.3721 | giou_loss: 0.9200 | total_loss: 3.7004
2025-05-19 00:18:39,435 - transvg_coordinates_fixed_20250518_185059 - INFO - Train Epoch 59, Loss: 3.6668
2025-05-19 00:18:55,859 - transvg_coordinates_fixed_20250518_185059 - INFO - Pred box sample: [74.68202209472656, 84.4447250366211, 258.7396240234375, 262.299072265625]
2025-05-19 00:18:55,859 - transvg_coordinates_fixed_20250518_185059 - INFO - Target box sample: [207.0, 198.0, 287.0, 283.0]
2025-05-19 00:18:55,942 - transvg_coordinates_fixed_20250518_185059 - INFO - Validation Epoch 59, Loss: 4.7063
2025-05-19 00:18:55,942 - transvg_coordinates_fixed_20250518_185059 - INFO - Val metrics: Acc@0.25: 0.3039 | Acc@0.5: 0.1116 | Acc@0.75: 0.0135 | mIoU: 0.1757 | medianIoU: 0.0734 | mae_x1: 103.5703 | mae_y1: 102.9311 | mae_x2: 107.4530 | mae_y2: 101.3176 | center_x_error: 92.1625 | center_y_error: 87.2248 | width_error: 2.0484 | height_error: 2.0603 | loss: 4.7063
2025-05-19 00:18:56,553 - transvg_coordinates_fixed_20250518_185059 - INFO - Saved model checkpoint to /home/pokle/Trans-VG/visual_grounding/checkpoints/transvg_coordinates_fixed_20250518_185059_epoch59.pth
2025-05-19 00:18:56,554 - transvg_coordinates_fixed_20250518_185059 - INFO - Epoch 60/200
2025-05-19 00:18:57,608 - transvg_coordinates_fixed_20250518_185059 - INFO - Epoch 60, Batch 0/848, Loss: 2.9646
2025-05-19 00:18:57,608 - transvg_coordinates_fixed_20250518_185059 - INFO - Train metrics: l1_loss: 0.2955 | giou_loss: 0.7436 | total_loss: 2.9646
2025-05-19 00:19:15,496 - transvg_coordinates_fixed_20250518_185059 - INFO - Epoch 60, Batch 50/848, Loss: 3.8921
2025-05-19 00:19:15,496 - transvg_coordinates_fixed_20250518_185059 - INFO - Train metrics: l1_loss: 0.4112 | giou_loss: 0.9182 | total_loss: 3.8921
2025-05-19 00:19:33,753 - transvg_coordinates_fixed_20250518_185059 - INFO - Epoch 60, Batch 100/848, Loss: 4.0611
2025-05-19 00:19:33,753 - transvg_coordinates_fixed_20250518_185059 - INFO - Train metrics: l1_loss: 0.4342 | giou_loss: 0.9450 | total_loss: 4.0611
2025-05-19 00:19:51,873 - transvg_coordinates_fixed_20250518_185059 - INFO - Epoch 60, Batch 150/848, Loss: 3.7808
2025-05-19 00:19:51,873 - transvg_coordinates_fixed_20250518_185059 - INFO - Train metrics: l1_loss: 0.4060 | giou_loss: 0.8753 | total_loss: 3.7808
2025-05-19 00:20:10,091 - transvg_coordinates_fixed_20250518_185059 - INFO - Epoch 60, Batch 200/848, Loss: 3.6380
2025-05-19 00:20:10,091 - transvg_coordinates_fixed_20250518_185059 - INFO - Train metrics: l1_loss: 0.3821 | giou_loss: 0.8638 | total_loss: 3.6380
2025-05-19 00:20:28,322 - transvg_coordinates_fixed_20250518_185059 - INFO - Epoch 60, Batch 250/848, Loss: 3.1787
2025-05-19 00:20:28,323 - transvg_coordinates_fixed_20250518_185059 - INFO - Train metrics: l1_loss: 0.3154 | giou_loss: 0.8009 | total_loss: 3.1787
2025-05-19 00:20:46,473 - transvg_coordinates_fixed_20250518_185059 - INFO - Epoch 60, Batch 300/848, Loss: 3.9970
2025-05-19 00:20:46,473 - transvg_coordinates_fixed_20250518_185059 - INFO - Train metrics: l1_loss: 0.4153 | giou_loss: 0.9603 | total_loss: 3.9970
2025-05-19 00:21:04,569 - transvg_coordinates_fixed_20250518_185059 - INFO - Epoch 60, Batch 350/848, Loss: 3.5237
2025-05-19 00:21:04,569 - transvg_coordinates_fixed_20250518_185059 - INFO - Train metrics: l1_loss: 0.3546 | giou_loss: 0.8753 | total_loss: 3.5237
2025-05-19 00:21:22,640 - transvg_coordinates_fixed_20250518_185059 - INFO - Epoch 60, Batch 400/848, Loss: 3.6609
2025-05-19 00:21:22,640 - transvg_coordinates_fixed_20250518_185059 - INFO - Train metrics: l1_loss: 0.4045 | giou_loss: 0.8193 | total_loss: 3.6609
2025-05-19 00:21:40,722 - transvg_coordinates_fixed_20250518_185059 - INFO - Epoch 60, Batch 450/848, Loss: 3.4313
2025-05-19 00:21:40,722 - transvg_coordinates_fixed_20250518_185059 - INFO - Train metrics: l1_loss: 0.3428 | giou_loss: 0.8587 | total_loss: 3.4313
2025-05-19 00:21:58,791 - transvg_coordinates_fixed_20250518_185059 - INFO - Epoch 60, Batch 500/848, Loss: 3.6169
2025-05-19 00:21:58,791 - transvg_coordinates_fixed_20250518_185059 - INFO - Train metrics: l1_loss: 0.3762 | giou_loss: 0.8679 | total_loss: 3.6169
2025-05-19 00:22:16,886 - transvg_coordinates_fixed_20250518_185059 - INFO - Epoch 60, Batch 550/848, Loss: 3.8644
2025-05-19 00:22:16,886 - transvg_coordinates_fixed_20250518_185059 - INFO - Train metrics: l1_loss: 0.3911 | giou_loss: 0.9544 | total_loss: 3.8644
2025-05-19 00:22:35,079 - transvg_coordinates_fixed_20250518_185059 - INFO - Epoch 60, Batch 600/848, Loss: 3.5460
2025-05-19 00:22:35,080 - transvg_coordinates_fixed_20250518_185059 - INFO - Train metrics: l1_loss: 0.3799 | giou_loss: 0.8233 | total_loss: 3.5460
2025-05-19 00:22:53,210 - transvg_coordinates_fixed_20250518_185059 - INFO - Epoch 60, Batch 650/848, Loss: 3.6155
2025-05-19 00:22:53,210 - transvg_coordinates_fixed_20250518_185059 - INFO - Train metrics: l1_loss: 0.3678 | giou_loss: 0.8882 | total_loss: 3.6155
2025-05-19 00:23:11,319 - transvg_coordinates_fixed_20250518_185059 - INFO - Epoch 60, Batch 700/848, Loss: 3.7857
2025-05-19 00:23:11,319 - transvg_coordinates_fixed_20250518_185059 - INFO - Train metrics: l1_loss: 0.3875 | giou_loss: 0.9242 | total_loss: 3.7857
2025-05-19 00:23:29,468 - transvg_coordinates_fixed_20250518_185059 - INFO - Epoch 60, Batch 750/848, Loss: 3.2847
2025-05-19 00:23:29,468 - transvg_coordinates_fixed_20250518_185059 - INFO - Train metrics: l1_loss: 0.3323 | giou_loss: 0.8115 | total_loss: 3.2847
2025-05-19 00:23:47,626 - transvg_coordinates_fixed_20250518_185059 - INFO - Epoch 60, Batch 800/848, Loss: 3.9466
2025-05-19 00:23:47,626 - transvg_coordinates_fixed_20250518_185059 - INFO - Train metrics: l1_loss: 0.4144 | giou_loss: 0.9373 | total_loss: 3.9466
2025-05-19 00:24:04,725 - transvg_coordinates_fixed_20250518_185059 - INFO - Train Epoch 60, Loss: 3.6637
2025-05-19 00:24:20,970 - transvg_coordinates_fixed_20250518_185059 - INFO - Pred box sample: [98.17778015136719, 87.33916473388672, 253.6996307373047, 276.07012939453125]
2025-05-19 00:24:20,970 - transvg_coordinates_fixed_20250518_185059 - INFO - Target box sample: [207.0, 198.0, 287.0, 283.0]
2025-05-19 00:24:21,043 - transvg_coordinates_fixed_20250518_185059 - INFO - Validation Epoch 60, Loss: 4.6875
2025-05-19 00:24:21,043 - transvg_coordinates_fixed_20250518_185059 - INFO - Val metrics: Acc@0.25: 0.3033 | Acc@0.5: 0.1124 | Acc@0.75: 0.0151 | mIoU: 0.1765 | medianIoU: 0.0766 | mae_x1: 103.1369 | mae_y1: 103.2488 | mae_x2: 104.5781 | mae_y2: 101.5304 | center_x_error: 90.7079 | center_y_error: 86.5088 | width_error: 1.9896 | height_error: 2.1865 | loss: 4.6875
2025-05-19 00:24:21,661 - transvg_coordinates_fixed_20250518_185059 - INFO - Saved model checkpoint to /home/pokle/Trans-VG/visual_grounding/checkpoints/transvg_coordinates_fixed_20250518_185059_epoch60.pth
2025-05-19 00:24:21,662 - transvg_coordinates_fixed_20250518_185059 - INFO - Epoch 61/200
2025-05-19 00:24:22,741 - transvg_coordinates_fixed_20250518_185059 - INFO - Epoch 61, Batch 0/848, Loss: 3.6508
2025-05-19 00:24:22,741 - transvg_coordinates_fixed_20250518_185059 - INFO - Train metrics: l1_loss: 0.3625 | giou_loss: 0.9191 | total_loss: 3.6508
2025-05-19 00:24:40,968 - transvg_coordinates_fixed_20250518_185059 - INFO - Epoch 61, Batch 50/848, Loss: 3.9490
2025-05-19 00:24:40,984 - transvg_coordinates_fixed_20250518_185059 - INFO - Train metrics: l1_loss: 0.4016 | giou_loss: 0.9704 | total_loss: 3.9490
2025-05-19 00:24:59,231 - transvg_coordinates_fixed_20250518_185059 - INFO - Epoch 61, Batch 100/848, Loss: 3.3530
2025-05-19 00:24:59,231 - transvg_coordinates_fixed_20250518_185059 - INFO - Train metrics: l1_loss: 0.3382 | giou_loss: 0.8311 | total_loss: 3.3530
2025-05-19 00:25:17,456 - transvg_coordinates_fixed_20250518_185059 - INFO - Epoch 61, Batch 150/848, Loss: 3.7619
2025-05-19 00:25:17,457 - transvg_coordinates_fixed_20250518_185059 - INFO - Train metrics: l1_loss: 0.3877 | giou_loss: 0.9116 | total_loss: 3.7619
2025-05-19 00:25:35,578 - transvg_coordinates_fixed_20250518_185059 - INFO - Epoch 61, Batch 200/848, Loss: 3.7808
2025-05-19 00:25:35,578 - transvg_coordinates_fixed_20250518_185059 - INFO - Train metrics: l1_loss: 0.3744 | giou_loss: 0.9544 | total_loss: 3.7808
2025-05-19 00:25:53,761 - transvg_coordinates_fixed_20250518_185059 - INFO - Epoch 61, Batch 250/848, Loss: 3.6762
2025-05-19 00:25:53,761 - transvg_coordinates_fixed_20250518_185059 - INFO - Train metrics: l1_loss: 0.3976 | giou_loss: 0.8441 | total_loss: 3.6762
2025-05-19 00:26:11,935 - transvg_coordinates_fixed_20250518_185059 - INFO - Epoch 61, Batch 300/848, Loss: 3.9270
2025-05-19 00:26:11,935 - transvg_coordinates_fixed_20250518_185059 - INFO - Train metrics: l1_loss: 0.4044 | giou_loss: 0.9525 | total_loss: 3.9270
2025-05-19 00:26:30,081 - transvg_coordinates_fixed_20250518_185059 - INFO - Epoch 61, Batch 350/848, Loss: 3.9099
2025-05-19 00:26:30,081 - transvg_coordinates_fixed_20250518_185059 - INFO - Train metrics: l1_loss: 0.4074 | giou_loss: 0.9365 | total_loss: 3.9099
2025-05-19 00:26:48,241 - transvg_coordinates_fixed_20250518_185059 - INFO - Epoch 61, Batch 400/848, Loss: 3.7296
2025-05-19 00:26:48,242 - transvg_coordinates_fixed_20250518_185059 - INFO - Train metrics: l1_loss: 0.3848 | giou_loss: 0.9029 | total_loss: 3.7296
2025-05-19 00:27:06,470 - transvg_coordinates_fixed_20250518_185059 - INFO - Epoch 61, Batch 450/848, Loss: 3.5404
2025-05-19 00:27:06,470 - transvg_coordinates_fixed_20250518_185059 - INFO - Train metrics: l1_loss: 0.3363 | giou_loss: 0.9296 | total_loss: 3.5404
2025-05-19 00:27:24,691 - transvg_coordinates_fixed_20250518_185059 - INFO - Epoch 61, Batch 500/848, Loss: 3.3777
2025-05-19 00:27:24,691 - transvg_coordinates_fixed_20250518_185059 - INFO - Train metrics: l1_loss: 0.3272 | giou_loss: 0.8709 | total_loss: 3.3777
2025-05-19 00:27:42,862 - transvg_coordinates_fixed_20250518_185059 - INFO - Epoch 61, Batch 550/848, Loss: 3.6217
2025-05-19 00:27:42,862 - transvg_coordinates_fixed_20250518_185059 - INFO - Train metrics: l1_loss: 0.3658 | giou_loss: 0.8964 | total_loss: 3.6217
2025-05-19 00:28:01,230 - transvg_coordinates_fixed_20250518_185059 - INFO - Epoch 61, Batch 600/848, Loss: 3.3329
2025-05-19 00:28:01,230 - transvg_coordinates_fixed_20250518_185059 - INFO - Train metrics: l1_loss: 0.3483 | giou_loss: 0.7957 | total_loss: 3.3329
2025-05-19 00:28:19,393 - transvg_coordinates_fixed_20250518_185059 - INFO - Epoch 61, Batch 650/848, Loss: 3.3416
2025-05-19 00:28:19,394 - transvg_coordinates_fixed_20250518_185059 - INFO - Train metrics: l1_loss: 0.3399 | giou_loss: 0.8210 | total_loss: 3.3416
2025-05-19 00:28:37,630 - transvg_coordinates_fixed_20250518_185059 - INFO - Epoch 61, Batch 700/848, Loss: 3.5352
2025-05-19 00:28:37,630 - transvg_coordinates_fixed_20250518_185059 - INFO - Train metrics: l1_loss: 0.3441 | giou_loss: 0.9073 | total_loss: 3.5352
2025-05-19 00:28:55,920 - transvg_coordinates_fixed_20250518_185059 - INFO - Epoch 61, Batch 750/848, Loss: 3.2620
2025-05-19 00:28:55,920 - transvg_coordinates_fixed_20250518_185059 - INFO - Train metrics: l1_loss: 0.3279 | giou_loss: 0.8113 | total_loss: 3.2620
2025-05-19 00:29:14,177 - transvg_coordinates_fixed_20250518_185059 - INFO - Epoch 61, Batch 800/848, Loss: 3.9321
2025-05-19 00:29:14,177 - transvg_coordinates_fixed_20250518_185059 - INFO - Train metrics: l1_loss: 0.4132 | giou_loss: 0.9329 | total_loss: 3.9321
2025-05-19 00:29:31,225 - transvg_coordinates_fixed_20250518_185059 - INFO - Train Epoch 61, Loss: 3.6578
2025-05-19 00:29:47,638 - transvg_coordinates_fixed_20250518_185059 - INFO - Pred box sample: [61.96982192993164, 87.19925689697266, 254.42791748046875, 247.53451538085938]
2025-05-19 00:29:47,638 - transvg_coordinates_fixed_20250518_185059 - INFO - Target box sample: [207.0, 198.0, 287.0, 283.0]
2025-05-19 00:29:47,710 - transvg_coordinates_fixed_20250518_185059 - INFO - Validation Epoch 61, Loss: 4.6996
2025-05-19 00:29:47,710 - transvg_coordinates_fixed_20250518_185059 - INFO - Val metrics: Acc@0.25: 0.3070 | Acc@0.5: 0.1094 | Acc@0.75: 0.0167 | mIoU: 0.1769 | medianIoU: 0.0741 | mae_x1: 106.0953 | mae_y1: 102.6445 | mae_x2: 106.3010 | mae_y2: 102.4544 | center_x_error: 91.3799 | center_y_error: 86.3802 | width_error: 2.1863 | height_error: 2.1618 | loss: 4.6996
2025-05-19 00:29:48,321 - transvg_coordinates_fixed_20250518_185059 - INFO - Saved model checkpoint to /home/pokle/Trans-VG/visual_grounding/checkpoints/transvg_coordinates_fixed_20250518_185059_epoch61.pth
2025-05-19 00:29:48,322 - transvg_coordinates_fixed_20250518_185059 - INFO - Epoch 62/200
2025-05-19 00:29:49,358 - transvg_coordinates_fixed_20250518_185059 - INFO - Epoch 62, Batch 0/848, Loss: 3.1813
2025-05-19 00:29:49,358 - transvg_coordinates_fixed_20250518_185059 - INFO - Train metrics: l1_loss: 0.3258 | giou_loss: 0.7762 | total_loss: 3.1813
2025-05-19 00:30:07,348 - transvg_coordinates_fixed_20250518_185059 - INFO - Epoch 62, Batch 50/848, Loss: 3.5300
2025-05-19 00:30:07,349 - transvg_coordinates_fixed_20250518_185059 - INFO - Train metrics: l1_loss: 0.3356 | giou_loss: 0.9260 | total_loss: 3.5300
2025-05-19 00:30:25,464 - transvg_coordinates_fixed_20250518_185059 - INFO - Epoch 62, Batch 100/848, Loss: 3.2028
2025-05-19 00:30:25,465 - transvg_coordinates_fixed_20250518_185059 - INFO - Train metrics: l1_loss: 0.3123 | giou_loss: 0.8207 | total_loss: 3.2028
2025-05-19 00:30:43,590 - transvg_coordinates_fixed_20250518_185059 - INFO - Epoch 62, Batch 150/848, Loss: 3.4578
2025-05-19 00:30:43,591 - transvg_coordinates_fixed_20250518_185059 - INFO - Train metrics: l1_loss: 0.3332 | giou_loss: 0.8959 | total_loss: 3.4578
2025-05-19 00:31:01,707 - transvg_coordinates_fixed_20250518_185059 - INFO - Epoch 62, Batch 200/848, Loss: 3.7132
2025-05-19 00:31:01,707 - transvg_coordinates_fixed_20250518_185059 - INFO - Train metrics: l1_loss: 0.3903 | giou_loss: 0.8810 | total_loss: 3.7132
2025-05-19 00:31:19,811 - transvg_coordinates_fixed_20250518_185059 - INFO - Epoch 62, Batch 250/848, Loss: 4.1931
2025-05-19 00:31:19,811 - transvg_coordinates_fixed_20250518_185059 - INFO - Train metrics: l1_loss: 0.4408 | giou_loss: 0.9945 | total_loss: 4.1931
2025-05-19 00:31:37,917 - transvg_coordinates_fixed_20250518_185059 - INFO - Epoch 62, Batch 300/848, Loss: 3.5780
2025-05-19 00:31:37,918 - transvg_coordinates_fixed_20250518_185059 - INFO - Train metrics: l1_loss: 0.3609 | giou_loss: 0.8868 | total_loss: 3.5780
2025-05-19 00:31:56,028 - transvg_coordinates_fixed_20250518_185059 - INFO - Epoch 62, Batch 350/848, Loss: 3.6234
2025-05-19 00:31:56,028 - transvg_coordinates_fixed_20250518_185059 - INFO - Train metrics: l1_loss: 0.3875 | giou_loss: 0.8430 | total_loss: 3.6234
2025-05-19 00:32:14,146 - transvg_coordinates_fixed_20250518_185059 - INFO - Epoch 62, Batch 400/848, Loss: 3.6174
2025-05-19 00:32:14,146 - transvg_coordinates_fixed_20250518_185059 - INFO - Train metrics: l1_loss: 0.3763 | giou_loss: 0.8681 | total_loss: 3.6174
2025-05-19 00:32:32,266 - transvg_coordinates_fixed_20250518_185059 - INFO - Epoch 62, Batch 450/848, Loss: 3.0387
2025-05-19 00:32:32,266 - transvg_coordinates_fixed_20250518_185059 - INFO - Train metrics: l1_loss: 0.2925 | giou_loss: 0.7882 | total_loss: 3.0387
2025-05-19 00:32:50,362 - transvg_coordinates_fixed_20250518_185059 - INFO - Epoch 62, Batch 500/848, Loss: 3.5354
2025-05-19 00:32:50,362 - transvg_coordinates_fixed_20250518_185059 - INFO - Train metrics: l1_loss: 0.3646 | giou_loss: 0.8561 | total_loss: 3.5354
2025-05-19 00:33:08,470 - transvg_coordinates_fixed_20250518_185059 - INFO - Epoch 62, Batch 550/848, Loss: 3.7926
2025-05-19 00:33:08,470 - transvg_coordinates_fixed_20250518_185059 - INFO - Train metrics: l1_loss: 0.4170 | giou_loss: 0.8537 | total_loss: 3.7926
2025-05-19 00:33:26,595 - transvg_coordinates_fixed_20250518_185059 - INFO - Epoch 62, Batch 600/848, Loss: 3.5074
2025-05-19 00:33:26,595 - transvg_coordinates_fixed_20250518_185059 - INFO - Train metrics: l1_loss: 0.3627 | giou_loss: 0.8469 | total_loss: 3.5074
2025-05-19 00:33:44,709 - transvg_coordinates_fixed_20250518_185059 - INFO - Epoch 62, Batch 650/848, Loss: 3.6777
2025-05-19 00:33:44,709 - transvg_coordinates_fixed_20250518_185059 - INFO - Train metrics: l1_loss: 0.3692 | giou_loss: 0.9159 | total_loss: 3.6777
2025-05-19 00:34:02,834 - transvg_coordinates_fixed_20250518_185059 - INFO - Epoch 62, Batch 700/848, Loss: 3.6162
2025-05-19 00:34:02,835 - transvg_coordinates_fixed_20250518_185059 - INFO - Train metrics: l1_loss: 0.3777 | giou_loss: 0.8639 | total_loss: 3.6162
2025-05-19 00:34:20,946 - transvg_coordinates_fixed_20250518_185059 - INFO - Epoch 62, Batch 750/848, Loss: 3.5183
2025-05-19 00:34:20,946 - transvg_coordinates_fixed_20250518_185059 - INFO - Train metrics: l1_loss: 0.3599 | giou_loss: 0.8593 | total_loss: 3.5183
2025-05-19 00:34:39,050 - transvg_coordinates_fixed_20250518_185059 - INFO - Epoch 62, Batch 800/848, Loss: 3.6239
2025-05-19 00:34:39,050 - transvg_coordinates_fixed_20250518_185059 - INFO - Train metrics: l1_loss: 0.3521 | giou_loss: 0.9317 | total_loss: 3.6239
2025-05-19 00:34:56,096 - transvg_coordinates_fixed_20250518_185059 - INFO - Train Epoch 62, Loss: 3.6481
2025-05-19 00:35:12,386 - transvg_coordinates_fixed_20250518_185059 - INFO - Pred box sample: [110.41679382324219, 78.36719512939453, 304.0917053222656, 264.17852783203125]
2025-05-19 00:35:12,387 - transvg_coordinates_fixed_20250518_185059 - INFO - Target box sample: [207.0, 198.0, 287.0, 283.0]
2025-05-19 00:35:12,468 - transvg_coordinates_fixed_20250518_185059 - INFO - Validation Epoch 62, Loss: 4.6727
2025-05-19 00:35:12,468 - transvg_coordinates_fixed_20250518_185059 - INFO - Val metrics: Acc@0.25: 0.3070 | Acc@0.5: 0.1134 | Acc@0.75: 0.0141 | mIoU: 0.1783 | medianIoU: 0.0770 | mae_x1: 104.5465 | mae_y1: 101.4952 | mae_x2: 107.2800 | mae_y2: 102.2117 | center_x_error: 90.6042 | center_y_error: 86.1026 | width_error: 2.2926 | height_error: 2.1358 | loss: 4.6727
2025-05-19 00:35:13,272 - transvg_coordinates_fixed_20250518_185059 - INFO - Saved model checkpoint to /home/pokle/Trans-VG/visual_grounding/checkpoints/transvg_coordinates_fixed_20250518_185059_epoch62.pth
2025-05-19 00:35:13,272 - transvg_coordinates_fixed_20250518_185059 - INFO - Epoch 63/200
2025-05-19 00:35:14,370 - transvg_coordinates_fixed_20250518_185059 - INFO - Epoch 63, Batch 0/848, Loss: 4.2068
2025-05-19 00:35:14,370 - transvg_coordinates_fixed_20250518_185059 - INFO - Train metrics: l1_loss: 0.4527 | giou_loss: 0.9716 | total_loss: 4.2068
2025-05-19 00:35:32,296 - transvg_coordinates_fixed_20250518_185059 - INFO - Epoch 63, Batch 50/848, Loss: 4.0020
2025-05-19 00:35:32,296 - transvg_coordinates_fixed_20250518_185059 - INFO - Train metrics: l1_loss: 0.4189 | giou_loss: 0.9537 | total_loss: 4.0020
2025-05-19 00:35:50,333 - transvg_coordinates_fixed_20250518_185059 - INFO - Epoch 63, Batch 100/848, Loss: 3.8551
2025-05-19 00:35:50,333 - transvg_coordinates_fixed_20250518_185059 - INFO - Train metrics: l1_loss: 0.3938 | giou_loss: 0.9431 | total_loss: 3.8551
2025-05-19 00:36:08,504 - transvg_coordinates_fixed_20250518_185059 - INFO - Epoch 63, Batch 150/848, Loss: 3.3022
2025-05-19 00:36:08,504 - transvg_coordinates_fixed_20250518_185059 - INFO - Train metrics: l1_loss: 0.3268 | giou_loss: 0.8342 | total_loss: 3.3022
2025-05-19 00:36:26,735 - transvg_coordinates_fixed_20250518_185059 - INFO - Epoch 63, Batch 200/848, Loss: 3.5159
2025-05-19 00:36:26,735 - transvg_coordinates_fixed_20250518_185059 - INFO - Train metrics: l1_loss: 0.3751 | giou_loss: 0.8202 | total_loss: 3.5159
2025-05-19 00:36:45,163 - transvg_coordinates_fixed_20250518_185059 - INFO - Epoch 63, Batch 250/848, Loss: 3.7140
2025-05-19 00:36:45,163 - transvg_coordinates_fixed_20250518_185059 - INFO - Train metrics: l1_loss: 0.3984 | giou_loss: 0.8609 | total_loss: 3.7140
2025-05-19 00:37:03,329 - transvg_coordinates_fixed_20250518_185059 - INFO - Epoch 63, Batch 300/848, Loss: 3.5758
2025-05-19 00:37:03,329 - transvg_coordinates_fixed_20250518_185059 - INFO - Train metrics: l1_loss: 0.3578 | giou_loss: 0.8934 | total_loss: 3.5758
2025-05-19 00:37:21,409 - transvg_coordinates_fixed_20250518_185059 - INFO - Epoch 63, Batch 350/848, Loss: 3.9945
2025-05-19 00:37:21,409 - transvg_coordinates_fixed_20250518_185059 - INFO - Train metrics: l1_loss: 0.4206 | giou_loss: 0.9458 | total_loss: 3.9945
2025-05-19 00:37:39,535 - transvg_coordinates_fixed_20250518_185059 - INFO - Epoch 63, Batch 400/848, Loss: 4.4280
2025-05-19 00:37:39,535 - transvg_coordinates_fixed_20250518_185059 - INFO - Train metrics: l1_loss: 0.4818 | giou_loss: 1.0094 | total_loss: 4.4280
2025-05-19 00:37:57,579 - transvg_coordinates_fixed_20250518_185059 - INFO - Epoch 63, Batch 450/848, Loss: 3.7558
2025-05-19 00:37:57,579 - transvg_coordinates_fixed_20250518_185059 - INFO - Train metrics: l1_loss: 0.3621 | giou_loss: 0.9727 | total_loss: 3.7558
2025-05-19 00:38:15,612 - transvg_coordinates_fixed_20250518_185059 - INFO - Epoch 63, Batch 500/848, Loss: 3.6450
2025-05-19 00:38:15,612 - transvg_coordinates_fixed_20250518_185059 - INFO - Train metrics: l1_loss: 0.3939 | giou_loss: 0.8377 | total_loss: 3.6450
2025-05-19 00:38:33,701 - transvg_coordinates_fixed_20250518_185059 - INFO - Epoch 63, Batch 550/848, Loss: 3.4758
2025-05-19 00:38:33,701 - transvg_coordinates_fixed_20250518_185059 - INFO - Train metrics: l1_loss: 0.3519 | giou_loss: 0.8581 | total_loss: 3.4758
2025-05-19 00:38:51,760 - transvg_coordinates_fixed_20250518_185059 - INFO - Epoch 63, Batch 600/848, Loss: 3.4030
2025-05-19 00:38:51,760 - transvg_coordinates_fixed_20250518_185059 - INFO - Train metrics: l1_loss: 0.3467 | giou_loss: 0.8347 | total_loss: 3.4030
2025-05-19 00:39:09,825 - transvg_coordinates_fixed_20250518_185059 - INFO - Epoch 63, Batch 650/848, Loss: 3.4890
2025-05-19 00:39:09,825 - transvg_coordinates_fixed_20250518_185059 - INFO - Train metrics: l1_loss: 0.3651 | giou_loss: 0.8318 | total_loss: 3.4890
2025-05-19 00:39:27,864 - transvg_coordinates_fixed_20250518_185059 - INFO - Epoch 63, Batch 700/848, Loss: 3.9601
2025-05-19 00:39:27,864 - transvg_coordinates_fixed_20250518_185059 - INFO - Train metrics: l1_loss: 0.3945 | giou_loss: 0.9938 | total_loss: 3.9601
2025-05-19 00:39:45,947 - transvg_coordinates_fixed_20250518_185059 - INFO - Epoch 63, Batch 750/848, Loss: 3.9414
2025-05-19 00:39:45,947 - transvg_coordinates_fixed_20250518_185059 - INFO - Train metrics: l1_loss: 0.4096 | giou_loss: 0.9466 | total_loss: 3.9414
2025-05-19 00:40:04,049 - transvg_coordinates_fixed_20250518_185059 - INFO - Epoch 63, Batch 800/848, Loss: 4.0600
2025-05-19 00:40:04,049 - transvg_coordinates_fixed_20250518_185059 - INFO - Train metrics: l1_loss: 0.4383 | giou_loss: 0.9344 | total_loss: 4.0600
2025-05-19 00:40:21,038 - transvg_coordinates_fixed_20250518_185059 - INFO - Train Epoch 63, Loss: 3.6470
2025-05-19 00:40:37,535 - transvg_coordinates_fixed_20250518_185059 - INFO - Pred box sample: [77.09386444091797, 101.02690124511719, 242.21165466308594, 240.94786071777344]
2025-05-19 00:40:37,536 - transvg_coordinates_fixed_20250518_185059 - INFO - Target box sample: [207.0, 198.0, 287.0, 283.0]
2025-05-19 00:40:37,611 - transvg_coordinates_fixed_20250518_185059 - INFO - Validation Epoch 63, Loss: 4.7220
2025-05-19 00:40:37,611 - transvg_coordinates_fixed_20250518_185059 - INFO - Val metrics: Acc@0.25: 0.2967 | Acc@0.5: 0.1105 | Acc@0.75: 0.0138 | mIoU: 0.1734 | medianIoU: 0.0699 | mae_x1: 106.4727 | mae_y1: 102.6281 | mae_x2: 107.4066 | mae_y2: 101.6590 | center_x_error: 92.9242 | center_y_error: 87.0142 | width_error: 2.1496 | height_error: 2.0780 | loss: 4.7220
2025-05-19 00:40:38,222 - transvg_coordinates_fixed_20250518_185059 - INFO - Saved model checkpoint to /home/pokle/Trans-VG/visual_grounding/checkpoints/transvg_coordinates_fixed_20250518_185059_epoch63.pth
2025-05-19 00:40:38,223 - transvg_coordinates_fixed_20250518_185059 - INFO - Epoch 64/200
2025-05-19 00:40:39,272 - transvg_coordinates_fixed_20250518_185059 - INFO - Epoch 64, Batch 0/848, Loss: 3.6652
2025-05-19 00:40:39,273 - transvg_coordinates_fixed_20250518_185059 - INFO - Train metrics: l1_loss: 0.3710 | giou_loss: 0.9050 | total_loss: 3.6652
2025-05-19 00:40:57,207 - transvg_coordinates_fixed_20250518_185059 - INFO - Epoch 64, Batch 50/848, Loss: 3.9563
2025-05-19 00:40:57,207 - transvg_coordinates_fixed_20250518_185059 - INFO - Train metrics: l1_loss: 0.4393 | giou_loss: 0.8798 | total_loss: 3.9563
2025-05-19 00:41:15,313 - transvg_coordinates_fixed_20250518_185059 - INFO - Epoch 64, Batch 100/848, Loss: 3.1932
2025-05-19 00:41:15,313 - transvg_coordinates_fixed_20250518_185059 - INFO - Train metrics: l1_loss: 0.3060 | giou_loss: 0.8316 | total_loss: 3.1932
2025-05-19 00:41:33,421 - transvg_coordinates_fixed_20250518_185059 - INFO - Epoch 64, Batch 150/848, Loss: 3.8895
2025-05-19 00:41:33,421 - transvg_coordinates_fixed_20250518_185059 - INFO - Train metrics: l1_loss: 0.3926 | giou_loss: 0.9633 | total_loss: 3.8895
2025-05-19 00:41:51,540 - transvg_coordinates_fixed_20250518_185059 - INFO - Epoch 64, Batch 200/848, Loss: 3.4174
2025-05-19 00:41:51,540 - transvg_coordinates_fixed_20250518_185059 - INFO - Train metrics: l1_loss: 0.3494 | giou_loss: 0.8351 | total_loss: 3.4174
2025-05-19 00:42:09,671 - transvg_coordinates_fixed_20250518_185059 - INFO - Epoch 64, Batch 250/848, Loss: 3.1078
2025-05-19 00:42:09,671 - transvg_coordinates_fixed_20250518_185059 - INFO - Train metrics: l1_loss: 0.2918 | giou_loss: 0.8245 | total_loss: 3.1078
2025-05-19 00:42:27,803 - transvg_coordinates_fixed_20250518_185059 - INFO - Epoch 64, Batch 300/848, Loss: 4.0061
2025-05-19 00:42:27,803 - transvg_coordinates_fixed_20250518_185059 - INFO - Train metrics: l1_loss: 0.4103 | giou_loss: 0.9774 | total_loss: 4.0061
2025-05-19 00:42:46,058 - transvg_coordinates_fixed_20250518_185059 - INFO - Epoch 64, Batch 350/848, Loss: 3.3098
2025-05-19 00:42:46,058 - transvg_coordinates_fixed_20250518_185059 - INFO - Train metrics: l1_loss: 0.3197 | giou_loss: 0.8558 | total_loss: 3.3098
2025-05-19 00:43:04,333 - transvg_coordinates_fixed_20250518_185059 - INFO - Epoch 64, Batch 400/848, Loss: 3.8230
2025-05-19 00:43:04,333 - transvg_coordinates_fixed_20250518_185059 - INFO - Train metrics: l1_loss: 0.3845 | giou_loss: 0.9504 | total_loss: 3.8230
2025-05-19 00:43:22,600 - transvg_coordinates_fixed_20250518_185059 - INFO - Epoch 64, Batch 450/848, Loss: 3.3455
2025-05-19 00:43:22,600 - transvg_coordinates_fixed_20250518_185059 - INFO - Train metrics: l1_loss: 0.3453 | giou_loss: 0.8096 | total_loss: 3.3455
2025-05-19 00:43:40,731 - transvg_coordinates_fixed_20250518_185059 - INFO - Epoch 64, Batch 500/848, Loss: 3.6911
2025-05-19 00:43:40,731 - transvg_coordinates_fixed_20250518_185059 - INFO - Train metrics: l1_loss: 0.4017 | giou_loss: 0.8414 | total_loss: 3.6911
2025-05-19 00:43:59,098 - transvg_coordinates_fixed_20250518_185059 - INFO - Epoch 64, Batch 550/848, Loss: 3.5402
2025-05-19 00:43:59,098 - transvg_coordinates_fixed_20250518_185059 - INFO - Train metrics: l1_loss: 0.3494 | giou_loss: 0.8966 | total_loss: 3.5402
2025-05-19 00:44:17,333 - transvg_coordinates_fixed_20250518_185059 - INFO - Epoch 64, Batch 600/848, Loss: 3.6381
2025-05-19 00:44:17,333 - transvg_coordinates_fixed_20250518_185059 - INFO - Train metrics: l1_loss: 0.3705 | giou_loss: 0.8928 | total_loss: 3.6381
2025-05-19 00:44:35,525 - transvg_coordinates_fixed_20250518_185059 - INFO - Epoch 64, Batch 650/848, Loss: 4.1719
2025-05-19 00:44:35,525 - transvg_coordinates_fixed_20250518_185059 - INFO - Train metrics: l1_loss: 0.4379 | giou_loss: 0.9913 | total_loss: 4.1719
2025-05-19 00:44:53,697 - transvg_coordinates_fixed_20250518_185059 - INFO - Epoch 64, Batch 700/848, Loss: 3.3245
2025-05-19 00:44:53,697 - transvg_coordinates_fixed_20250518_185059 - INFO - Train metrics: l1_loss: 0.3348 | giou_loss: 0.8253 | total_loss: 3.3245
2025-05-19 00:45:11,808 - transvg_coordinates_fixed_20250518_185059 - INFO - Epoch 64, Batch 750/848, Loss: 3.4257
2025-05-19 00:45:11,808 - transvg_coordinates_fixed_20250518_185059 - INFO - Train metrics: l1_loss: 0.3558 | giou_loss: 0.8233 | total_loss: 3.4257
2025-05-19 00:45:29,923 - transvg_coordinates_fixed_20250518_185059 - INFO - Epoch 64, Batch 800/848, Loss: 3.6489
2025-05-19 00:45:29,923 - transvg_coordinates_fixed_20250518_185059 - INFO - Train metrics: l1_loss: 0.3743 | giou_loss: 0.8888 | total_loss: 3.6489
2025-05-19 00:45:46,946 - transvg_coordinates_fixed_20250518_185059 - INFO - Train Epoch 64, Loss: 3.6436
2025-05-19 00:46:03,285 - transvg_coordinates_fixed_20250518_185059 - INFO - Pred box sample: [81.30353546142578, 86.33452606201172, 283.8291015625, 259.5205993652344]
2025-05-19 00:46:03,285 - transvg_coordinates_fixed_20250518_185059 - INFO - Target box sample: [207.0, 198.0, 287.0, 283.0]
2025-05-19 00:46:03,354 - transvg_coordinates_fixed_20250518_185059 - INFO - Validation Epoch 64, Loss: 4.6948
2025-05-19 00:46:03,354 - transvg_coordinates_fixed_20250518_185059 - INFO - Val metrics: Acc@0.25: 0.3094 | Acc@0.5: 0.1113 | Acc@0.75: 0.0130 | mIoU: 0.1787 | medianIoU: 0.0763 | mae_x1: 106.1472 | mae_y1: 101.5045 | mae_x2: 108.9387 | mae_y2: 102.0112 | center_x_error: 92.8621 | center_y_error: 85.4295 | width_error: 2.2881 | height_error: 2.1483 | loss: 4.6948
2025-05-19 00:46:03,957 - transvg_coordinates_fixed_20250518_185059 - INFO - Saved model checkpoint to /home/pokle/Trans-VG/visual_grounding/checkpoints/transvg_coordinates_fixed_20250518_185059_epoch64.pth
2025-05-19 00:46:03,957 - transvg_coordinates_fixed_20250518_185059 - INFO - Epoch 65/200
2025-05-19 00:46:05,006 - transvg_coordinates_fixed_20250518_185059 - INFO - Epoch 65, Batch 0/848, Loss: 3.4021
2025-05-19 00:46:05,006 - transvg_coordinates_fixed_20250518_185059 - INFO - Train metrics: l1_loss: 0.3419 | giou_loss: 0.8462 | total_loss: 3.4021
2025-05-19 00:46:22,972 - transvg_coordinates_fixed_20250518_185059 - INFO - Epoch 65, Batch 50/848, Loss: 3.2941
2025-05-19 00:46:22,972 - transvg_coordinates_fixed_20250518_185059 - INFO - Train metrics: l1_loss: 0.3299 | giou_loss: 0.8223 | total_loss: 3.2941
2025-05-19 00:46:41,046 - transvg_coordinates_fixed_20250518_185059 - INFO - Epoch 65, Batch 100/848, Loss: 3.5335
2025-05-19 00:46:41,046 - transvg_coordinates_fixed_20250518_185059 - INFO - Train metrics: l1_loss: 0.3472 | giou_loss: 0.8988 | total_loss: 3.5335
2025-05-19 00:46:59,138 - transvg_coordinates_fixed_20250518_185059 - INFO - Epoch 65, Batch 150/848, Loss: 3.4806
2025-05-19 00:46:59,138 - transvg_coordinates_fixed_20250518_185059 - INFO - Train metrics: l1_loss: 0.3364 | giou_loss: 0.8992 | total_loss: 3.4806
2025-05-19 00:47:17,329 - transvg_coordinates_fixed_20250518_185059 - INFO - Epoch 65, Batch 200/848, Loss: 3.9463
2025-05-19 00:47:17,329 - transvg_coordinates_fixed_20250518_185059 - INFO - Train metrics: l1_loss: 0.4236 | giou_loss: 0.9142 | total_loss: 3.9463
2025-05-19 00:47:35,521 - transvg_coordinates_fixed_20250518_185059 - INFO - Epoch 65, Batch 250/848, Loss: 3.9011
2025-05-19 00:47:35,521 - transvg_coordinates_fixed_20250518_185059 - INFO - Train metrics: l1_loss: 0.4263 | giou_loss: 0.8847 | total_loss: 3.9011
2025-05-19 00:47:53,752 - transvg_coordinates_fixed_20250518_185059 - INFO - Epoch 65, Batch 300/848, Loss: 3.8383
2025-05-19 00:47:53,752 - transvg_coordinates_fixed_20250518_185059 - INFO - Train metrics: l1_loss: 0.3841 | giou_loss: 0.9588 | total_loss: 3.8383
2025-05-19 00:48:11,947 - transvg_coordinates_fixed_20250518_185059 - INFO - Epoch 65, Batch 350/848, Loss: 3.2499
2025-05-19 00:48:11,947 - transvg_coordinates_fixed_20250518_185059 - INFO - Train metrics: l1_loss: 0.3238 | giou_loss: 0.8154 | total_loss: 3.2499
2025-05-19 00:48:30,169 - transvg_coordinates_fixed_20250518_185059 - INFO - Epoch 65, Batch 400/848, Loss: 4.0175
2025-05-19 00:48:30,169 - transvg_coordinates_fixed_20250518_185059 - INFO - Train metrics: l1_loss: 0.4481 | giou_loss: 0.8884 | total_loss: 4.0175
2025-05-19 00:48:48,357 - transvg_coordinates_fixed_20250518_185059 - INFO - Epoch 65, Batch 450/848, Loss: 4.2144
2025-05-19 00:48:48,357 - transvg_coordinates_fixed_20250518_185059 - INFO - Train metrics: l1_loss: 0.4526 | giou_loss: 0.9758 | total_loss: 4.2144
2025-05-19 00:49:06,492 - transvg_coordinates_fixed_20250518_185059 - INFO - Epoch 65, Batch 500/848, Loss: 3.5455
2025-05-19 00:49:06,492 - transvg_coordinates_fixed_20250518_185059 - INFO - Train metrics: l1_loss: 0.3944 | giou_loss: 0.7868 | total_loss: 3.5455
2025-05-19 00:49:24,595 - transvg_coordinates_fixed_20250518_185059 - INFO - Epoch 65, Batch 550/848, Loss: 4.3194
2025-05-19 00:49:24,595 - transvg_coordinates_fixed_20250518_185059 - INFO - Train metrics: l1_loss: 0.4876 | giou_loss: 0.9408 | total_loss: 4.3194
2025-05-19 00:49:42,721 - transvg_coordinates_fixed_20250518_185059 - INFO - Epoch 65, Batch 600/848, Loss: 3.1283
2025-05-19 00:49:42,721 - transvg_coordinates_fixed_20250518_185059 - INFO - Train metrics: l1_loss: 0.2996 | giou_loss: 0.8152 | total_loss: 3.1283
2025-05-19 00:50:00,822 - transvg_coordinates_fixed_20250518_185059 - INFO - Epoch 65, Batch 650/848, Loss: 3.8537
2025-05-19 00:50:00,822 - transvg_coordinates_fixed_20250518_185059 - INFO - Train metrics: l1_loss: 0.3890 | giou_loss: 0.9543 | total_loss: 3.8537
2025-05-19 00:50:18,943 - transvg_coordinates_fixed_20250518_185059 - INFO - Epoch 65, Batch 700/848, Loss: 3.1613
2025-05-19 00:50:18,943 - transvg_coordinates_fixed_20250518_185059 - INFO - Train metrics: l1_loss: 0.3020 | giou_loss: 0.8256 | total_loss: 3.1613
2025-05-19 00:50:37,059 - transvg_coordinates_fixed_20250518_185059 - INFO - Epoch 65, Batch 750/848, Loss: 3.2830
2025-05-19 00:50:37,059 - transvg_coordinates_fixed_20250518_185059 - INFO - Train metrics: l1_loss: 0.3366 | giou_loss: 0.7999 | total_loss: 3.2830
2025-05-19 00:50:55,169 - transvg_coordinates_fixed_20250518_185059 - INFO - Epoch 65, Batch 800/848, Loss: 3.2487
2025-05-19 00:50:55,169 - transvg_coordinates_fixed_20250518_185059 - INFO - Train metrics: l1_loss: 0.3408 | giou_loss: 0.7725 | total_loss: 3.2487
2025-05-19 00:51:12,259 - transvg_coordinates_fixed_20250518_185059 - INFO - Train Epoch 65, Loss: 3.6404
2025-05-19 00:51:28,481 - transvg_coordinates_fixed_20250518_185059 - INFO - Pred box sample: [85.38982391357422, 97.51576232910156, 266.0408630371094, 266.9784851074219]
2025-05-19 00:51:28,481 - transvg_coordinates_fixed_20250518_185059 - INFO - Target box sample: [207.0, 198.0, 287.0, 283.0]
2025-05-19 00:51:28,561 - transvg_coordinates_fixed_20250518_185059 - INFO - Validation Epoch 65, Loss: 4.7488
2025-05-19 00:51:28,561 - transvg_coordinates_fixed_20250518_185059 - INFO - Val metrics: Acc@0.25: 0.3004 | Acc@0.5: 0.1092 | Acc@0.75: 0.0154 | mIoU: 0.1740 | medianIoU: 0.0698 | mae_x1: 105.1517 | mae_y1: 105.4104 | mae_x2: 108.5735 | mae_y2: 104.1402 | center_x_error: 92.6587 | center_y_error: 88.5239 | width_error: 2.1517 | height_error: 2.1740 | loss: 4.7488
2025-05-19 00:51:29,369 - transvg_coordinates_fixed_20250518_185059 - INFO - Saved model checkpoint to /home/pokle/Trans-VG/visual_grounding/checkpoints/transvg_coordinates_fixed_20250518_185059_epoch65.pth
2025-05-19 00:51:29,370 - transvg_coordinates_fixed_20250518_185059 - INFO - Epoch 66/200
2025-05-19 00:51:30,423 - transvg_coordinates_fixed_20250518_185059 - INFO - Epoch 66, Batch 0/848, Loss: 3.6676
2025-05-19 00:51:30,424 - transvg_coordinates_fixed_20250518_185059 - INFO - Train metrics: l1_loss: 0.3823 | giou_loss: 0.8780 | total_loss: 3.6676
2025-05-19 00:51:48,545 - transvg_coordinates_fixed_20250518_185059 - INFO - Epoch 66, Batch 50/848, Loss: 3.6896
2025-05-19 00:51:48,545 - transvg_coordinates_fixed_20250518_185059 - INFO - Train metrics: l1_loss: 0.3833 | giou_loss: 0.8865 | total_loss: 3.6896
2025-05-19 00:52:06,526 - transvg_coordinates_fixed_20250518_185059 - INFO - Epoch 66, Batch 100/848, Loss: 3.7314
2025-05-19 00:52:06,526 - transvg_coordinates_fixed_20250518_185059 - INFO - Train metrics: l1_loss: 0.4092 | giou_loss: 0.8427 | total_loss: 3.7314
2025-05-19 00:52:24,552 - transvg_coordinates_fixed_20250518_185059 - INFO - Epoch 66, Batch 150/848, Loss: 3.4143
2025-05-19 00:52:24,552 - transvg_coordinates_fixed_20250518_185059 - INFO - Train metrics: l1_loss: 0.3496 | giou_loss: 0.8332 | total_loss: 3.4143
2025-05-19 00:52:42,577 - transvg_coordinates_fixed_20250518_185059 - INFO - Epoch 66, Batch 200/848, Loss: 3.5224
2025-05-19 00:52:42,577 - transvg_coordinates_fixed_20250518_185059 - INFO - Train metrics: l1_loss: 0.3641 | giou_loss: 0.8510 | total_loss: 3.5224
2025-05-19 00:53:00,587 - transvg_coordinates_fixed_20250518_185059 - INFO - Epoch 66, Batch 250/848, Loss: 3.6795
2025-05-19 00:53:00,588 - transvg_coordinates_fixed_20250518_185059 - INFO - Train metrics: l1_loss: 0.3771 | giou_loss: 0.8970 | total_loss: 3.6795
2025-05-19 00:53:18,606 - transvg_coordinates_fixed_20250518_185059 - INFO - Epoch 66, Batch 300/848, Loss: 3.7172
2025-05-19 00:53:18,606 - transvg_coordinates_fixed_20250518_185059 - INFO - Train metrics: l1_loss: 0.3884 | giou_loss: 0.8876 | total_loss: 3.7172
2025-05-19 00:53:36,648 - transvg_coordinates_fixed_20250518_185059 - INFO - Epoch 66, Batch 350/848, Loss: 3.6652
2025-05-19 00:53:36,648 - transvg_coordinates_fixed_20250518_185059 - INFO - Train metrics: l1_loss: 0.3623 | giou_loss: 0.9268 | total_loss: 3.6652
2025-05-19 00:53:54,699 - transvg_coordinates_fixed_20250518_185059 - INFO - Epoch 66, Batch 400/848, Loss: 3.9084
2025-05-19 00:53:54,699 - transvg_coordinates_fixed_20250518_185059 - INFO - Train metrics: l1_loss: 0.4128 | giou_loss: 0.9222 | total_loss: 3.9084
2025-05-19 00:54:12,779 - transvg_coordinates_fixed_20250518_185059 - INFO - Epoch 66, Batch 450/848, Loss: 3.2753
2025-05-19 00:54:12,779 - transvg_coordinates_fixed_20250518_185059 - INFO - Train metrics: l1_loss: 0.3212 | giou_loss: 0.8346 | total_loss: 3.2753
2025-05-19 00:54:30,819 - transvg_coordinates_fixed_20250518_185059 - INFO - Epoch 66, Batch 500/848, Loss: 3.0883
2025-05-19 00:54:30,819 - transvg_coordinates_fixed_20250518_185059 - INFO - Train metrics: l1_loss: 0.2987 | giou_loss: 0.7974 | total_loss: 3.0883
2025-05-19 00:54:48,804 - transvg_coordinates_fixed_20250518_185059 - INFO - Epoch 66, Batch 550/848, Loss: 4.2241
2025-05-19 00:54:48,804 - transvg_coordinates_fixed_20250518_185059 - INFO - Train metrics: l1_loss: 0.4650 | giou_loss: 0.9497 | total_loss: 4.2241
2025-05-19 00:55:06,815 - transvg_coordinates_fixed_20250518_185059 - INFO - Epoch 66, Batch 600/848, Loss: 3.8809
2025-05-19 00:55:06,815 - transvg_coordinates_fixed_20250518_185059 - INFO - Train metrics: l1_loss: 0.4059 | giou_loss: 0.9256 | total_loss: 3.8809
2025-05-19 00:55:24,876 - transvg_coordinates_fixed_20250518_185059 - INFO - Epoch 66, Batch 650/848, Loss: 3.6362
2025-05-19 00:55:24,876 - transvg_coordinates_fixed_20250518_185059 - INFO - Train metrics: l1_loss: 0.3688 | giou_loss: 0.8961 | total_loss: 3.6362
2025-05-19 00:55:42,951 - transvg_coordinates_fixed_20250518_185059 - INFO - Epoch 66, Batch 700/848, Loss: 3.6190
2025-05-19 00:55:42,951 - transvg_coordinates_fixed_20250518_185059 - INFO - Train metrics: l1_loss: 0.3785 | giou_loss: 0.8633 | total_loss: 3.6190
2025-05-19 00:56:01,051 - transvg_coordinates_fixed_20250518_185059 - INFO - Epoch 66, Batch 750/848, Loss: 3.8135
2025-05-19 00:56:01,051 - transvg_coordinates_fixed_20250518_185059 - INFO - Train metrics: l1_loss: 0.4018 | giou_loss: 0.9023 | total_loss: 3.8135
2025-05-19 00:56:19,225 - transvg_coordinates_fixed_20250518_185059 - INFO - Epoch 66, Batch 800/848, Loss: 3.7386
2025-05-19 00:56:19,225 - transvg_coordinates_fixed_20250518_185059 - INFO - Train metrics: l1_loss: 0.3819 | giou_loss: 0.9147 | total_loss: 3.7386
2025-05-19 00:56:36,280 - transvg_coordinates_fixed_20250518_185059 - INFO - Train Epoch 66, Loss: 3.6327
2025-05-19 00:56:52,650 - transvg_coordinates_fixed_20250518_185059 - INFO - Pred box sample: [82.23151397705078, 92.80917358398438, 279.4290466308594, 288.18548583984375]
2025-05-19 00:56:52,651 - transvg_coordinates_fixed_20250518_185059 - INFO - Target box sample: [207.0, 198.0, 287.0, 283.0]
2025-05-19 00:56:52,730 - transvg_coordinates_fixed_20250518_185059 - INFO - Validation Epoch 66, Loss: 4.7287
2025-05-19 00:56:52,730 - transvg_coordinates_fixed_20250518_185059 - INFO - Val metrics: Acc@0.25: 0.2996 | Acc@0.5: 0.1110 | Acc@0.75: 0.0127 | mIoU: 0.1733 | medianIoU: 0.0700 | mae_x1: 105.8623 | mae_y1: 103.6888 | mae_x2: 106.3832 | mae_y2: 102.5403 | center_x_error: 91.9863 | center_y_error: 88.2185 | width_error: 2.1266 | height_error: 2.0733 | loss: 4.7287
