2025-05-26 20:20:35,947 - transvg_20250526_202035 - INFO - Initialized logger: transvg_20250526_202035
2025-05-26 20:20:35,947 - transvg_20250526_202035 - INFO - Configuration: {
  "data_root": "/home/pokle/Trans-VG/visual_grounding/dior-rsvg",
  "image_size": 384,
  "max_text_len": 40,
  "hidden_dim": 256,
  "bert_model": "bert-base-uncased",
  "dropout": 0.1,
  "num_heads": 8,
  "num_encoder_layers": 6,
  "cross_layers": 6,
  "dim_feedforward": 2048,
  "mlp_hidden_dim": 256,
  "vision_backbone": "dino_vit",
  "pretrained": true,
  "freeze_backbone": true,
  "partial_freeze_vision": true,
  "freeze_linguistic": false,
  "partial_freeze_linguistic": true,
  "batch_size": 16,
  "num_workers": 4,
  "learning_rate": 0.0001,
  "weight_decay": 0.0001,
  "num_epochs": 100,
  "lr": 5e-05,
  "lr_bert": 2e-05,
  "lr_drop": 70,
  "gradient_clip_val": 1.0,
  "output_dir": "output/improved_dino_vit",
  "l1_weight": 5.0,
  "giou_weight": 2.0,
  "center_weight": 1.0,
  "use_center_loss": true,
  "use_focal_loss": true,
  "use_augmentation": true,
  "aug_scale": true,
  "aug_crop": true,
  "aug_translate": true,
  "aug_color": true,
  "aug_blur": false,
  "aug_erase": false,
  "aug_scale_factor": 0.1,
  "aug_brightness": 0.1,
  "aug_contrast": 0.1,
  "aug_saturation": 0.1,
  "aug_hue": 0.05,
  "aug_translate_percent": 0.05,
  "epochs": 200
}
2025-05-26 20:20:35,947 - transvg_20250526_202035 - INFO - Running with configuration: {'data_root': '/home/pokle/Trans-VG/visual_grounding/dior-rsvg', 'output_dir': 'output/improved_dino_vit', 'log_name': None, 'epochs': 200, 'batch_size': 16, 'lr': 5e-05, 'lr_bert': 2e-05, 'weight_decay': 0.0001, 'lr_drop': 70, 'resume': '', 'device': 'cuda', 'num_workers': 4, 'scheduler': 'step', 'center_weight': 1.0, 'no_augmentation': False, 'no_center_loss': False, 'no_focal_loss': False}
2025-05-26 20:20:35,947 - transvg_20250526_202035 - INFO - Using DINO ViT backbone | Data augmentation: True, Center loss: True, Focal loss: True
2025-05-26 20:20:35,975 - transvg_20250526_202035 - INFO - Using device: cuda
2025-05-26 20:20:35,976 - transvg_20250526_202035 - INFO - Building data loaders...
2025-05-26 20:20:37,026 - transvg_20250526_202035 - INFO - Train dataset size: 27133
2025-05-26 20:20:37,026 - transvg_20250526_202035 - INFO - Val dataset size: 3765
2025-05-26 20:20:37,026 - transvg_20250526_202035 - INFO - Test dataset size: 7422
2025-05-26 20:20:37,026 - transvg_20250526_202035 - INFO - Building model...
2025-05-26 20:20:39,097 - transvg_20250526_202035 - INFO - Using step scheduler with step_size=70, gamma=0.1
2025-05-26 20:20:39,097 - transvg_20250526_202035 - INFO - Starting training...
2025-05-26 20:20:39,097 - transvg_20250526_202035 - INFO - Epoch 0/200
2025-05-26 20:20:42,677 - transvg_20250526_202035 - INFO - Epoch 0, Batch 0/1696, Loss: 7.7431
2025-05-26 20:20:42,677 - transvg_20250526_202035 - INFO - Train metrics: l1_loss: 1.0228 | giou_loss: 1.2816 | center_loss: 0.0659 | total_loss: 7.7431
2025-05-26 20:21:42,829 - transvg_20250526_202035 - INFO - Epoch 0, Batch 50/1696, Loss: 6.1765
2025-05-26 20:21:42,830 - transvg_20250526_202035 - INFO - Train metrics: l1_loss: 0.7885 | giou_loss: 1.0991 | center_loss: 0.0360 | total_loss: 6.1765
2025-05-26 20:22:43,561 - transvg_20250526_202035 - INFO - Epoch 0, Batch 100/1696, Loss: 6.1437
2025-05-26 20:22:43,561 - transvg_20250526_202035 - INFO - Train metrics: l1_loss: 0.8018 | giou_loss: 1.0457 | center_loss: 0.0431 | total_loss: 6.1437
2025-05-26 20:23:44,346 - transvg_20250526_202035 - INFO - Epoch 0, Batch 150/1696, Loss: 4.7804
2025-05-26 20:23:44,346 - transvg_20250526_202035 - INFO - Train metrics: l1_loss: 0.5419 | giou_loss: 1.0259 | center_loss: 0.0190 | total_loss: 4.7804
2025-05-26 20:24:45,122 - transvg_20250526_202035 - INFO - Epoch 0, Batch 200/1696, Loss: 5.1197
2025-05-26 20:24:45,122 - transvg_20250526_202035 - INFO - Train metrics: l1_loss: 0.5617 | giou_loss: 1.1430 | center_loss: 0.0253 | total_loss: 5.1197
2025-05-26 20:25:45,924 - transvg_20250526_202035 - INFO - Epoch 0, Batch 250/1696, Loss: 5.0443
2025-05-26 20:25:45,924 - transvg_20250526_202035 - INFO - Train metrics: l1_loss: 0.5304 | giou_loss: 1.1845 | center_loss: 0.0231 | total_loss: 5.0443
2025-05-26 20:26:46,740 - transvg_20250526_202035 - INFO - Epoch 0, Batch 300/1696, Loss: 4.3838
2025-05-26 20:26:46,740 - transvg_20250526_202035 - INFO - Train metrics: l1_loss: 0.4986 | giou_loss: 0.9407 | center_loss: 0.0094 | total_loss: 4.3838
2025-05-26 20:27:47,523 - transvg_20250526_202035 - INFO - Epoch 0, Batch 350/1696, Loss: 5.1517
2025-05-26 20:27:47,523 - transvg_20250526_202035 - INFO - Train metrics: l1_loss: 0.5971 | giou_loss: 1.0700 | center_loss: 0.0260 | total_loss: 5.1517
2025-05-26 20:28:48,358 - transvg_20250526_202035 - INFO - Epoch 0, Batch 400/1696, Loss: 3.8880
2025-05-26 20:28:48,358 - transvg_20250526_202035 - INFO - Train metrics: l1_loss: 0.4366 | giou_loss: 0.8462 | center_loss: 0.0127 | total_loss: 3.8880
2025-05-26 20:29:49,204 - transvg_20250526_202035 - INFO - Epoch 0, Batch 450/1696, Loss: 5.4204
2025-05-26 20:29:49,204 - transvg_20250526_202035 - INFO - Train metrics: l1_loss: 0.6088 | giou_loss: 1.1740 | center_loss: 0.0284 | total_loss: 5.4204
2025-05-26 20:30:50,078 - transvg_20250526_202035 - INFO - Epoch 0, Batch 500/1696, Loss: 5.8900
2025-05-26 20:30:50,079 - transvg_20250526_202035 - INFO - Train metrics: l1_loss: 0.7036 | giou_loss: 1.1677 | center_loss: 0.0362 | total_loss: 5.8900
2025-05-26 20:31:50,948 - transvg_20250526_202035 - INFO - Epoch 0, Batch 550/1696, Loss: 4.5294
2025-05-26 20:31:50,948 - transvg_20250526_202035 - INFO - Train metrics: l1_loss: 0.5208 | giou_loss: 0.9560 | center_loss: 0.0133 | total_loss: 4.5294
2025-05-26 20:32:51,837 - transvg_20250526_202035 - INFO - Epoch 0, Batch 600/1696, Loss: 4.7559
2025-05-26 20:32:51,837 - transvg_20250526_202035 - INFO - Train metrics: l1_loss: 0.5310 | giou_loss: 1.0385 | center_loss: 0.0240 | total_loss: 4.7559
2025-05-26 20:33:52,735 - transvg_20250526_202035 - INFO - Epoch 0, Batch 650/1696, Loss: 4.6344
2025-05-26 20:33:52,735 - transvg_20250526_202035 - INFO - Train metrics: l1_loss: 0.5254 | giou_loss: 0.9924 | center_loss: 0.0225 | total_loss: 4.6344
2025-05-26 20:34:53,643 - transvg_20250526_202035 - INFO - Epoch 0, Batch 700/1696, Loss: 4.1941
2025-05-26 20:34:53,643 - transvg_20250526_202035 - INFO - Train metrics: l1_loss: 0.4369 | giou_loss: 0.9996 | center_loss: 0.0104 | total_loss: 4.1941
2025-05-26 20:35:54,567 - transvg_20250526_202035 - INFO - Epoch 0, Batch 750/1696, Loss: 5.1219
2025-05-26 20:35:54,568 - transvg_20250526_202035 - INFO - Train metrics: l1_loss: 0.5991 | giou_loss: 1.0475 | center_loss: 0.0316 | total_loss: 5.1219
2025-05-26 20:36:55,504 - transvg_20250526_202035 - INFO - Epoch 0, Batch 800/1696, Loss: 4.2941
2025-05-26 20:36:55,505 - transvg_20250526_202035 - INFO - Train metrics: l1_loss: 0.4786 | giou_loss: 0.9408 | center_loss: 0.0194 | total_loss: 4.2941
2025-05-26 20:37:56,493 - transvg_20250526_202035 - INFO - Epoch 0, Batch 850/1696, Loss: 5.4440
2025-05-26 20:37:56,493 - transvg_20250526_202035 - INFO - Train metrics: l1_loss: 0.6335 | giou_loss: 1.1217 | center_loss: 0.0330 | total_loss: 5.4440
2025-05-26 20:38:57,467 - transvg_20250526_202035 - INFO - Epoch 0, Batch 900/1696, Loss: 5.5074
2025-05-26 20:38:57,468 - transvg_20250526_202035 - INFO - Train metrics: l1_loss: 0.6452 | giou_loss: 1.1241 | center_loss: 0.0332 | total_loss: 5.5074
2025-05-26 20:39:58,443 - transvg_20250526_202035 - INFO - Epoch 0, Batch 950/1696, Loss: 6.3322
2025-05-26 20:39:58,443 - transvg_20250526_202035 - INFO - Train metrics: l1_loss: 0.7527 | giou_loss: 1.2607 | center_loss: 0.0472 | total_loss: 6.3322
2025-05-26 20:40:59,409 - transvg_20250526_202035 - INFO - Epoch 0, Batch 1000/1696, Loss: 4.6707
2025-05-26 20:40:59,410 - transvg_20250526_202035 - INFO - Train metrics: l1_loss: 0.5492 | giou_loss: 0.9555 | center_loss: 0.0139 | total_loss: 4.6707
2025-05-26 20:42:00,301 - transvg_20250526_202035 - INFO - Epoch 0, Batch 1050/1696, Loss: 3.9425
2025-05-26 20:42:00,302 - transvg_20250526_202035 - INFO - Train metrics: l1_loss: 0.4038 | giou_loss: 0.9574 | center_loss: 0.0084 | total_loss: 3.9425
2025-05-26 20:43:01,184 - transvg_20250526_202035 - INFO - Epoch 0, Batch 1100/1696, Loss: 4.3030
2025-05-26 20:43:01,185 - transvg_20250526_202035 - INFO - Train metrics: l1_loss: 0.4752 | giou_loss: 0.9545 | center_loss: 0.0179 | total_loss: 4.3030
2025-05-26 20:44:02,109 - transvg_20250526_202035 - INFO - Epoch 0, Batch 1150/1696, Loss: 5.3558
2025-05-26 20:44:02,109 - transvg_20250526_202035 - INFO - Train metrics: l1_loss: 0.6538 | giou_loss: 1.0259 | center_loss: 0.0352 | total_loss: 5.3558
2025-05-26 20:45:03,068 - transvg_20250526_202035 - INFO - Epoch 0, Batch 1200/1696, Loss: 4.5886
2025-05-26 20:45:03,068 - transvg_20250526_202035 - INFO - Train metrics: l1_loss: 0.5270 | giou_loss: 0.9639 | center_loss: 0.0257 | total_loss: 4.5886
2025-05-26 20:46:04,054 - transvg_20250526_202035 - INFO - Epoch 0, Batch 1250/1696, Loss: 4.0763
2025-05-26 20:46:04,054 - transvg_20250526_202035 - INFO - Train metrics: l1_loss: 0.4379 | giou_loss: 0.9357 | center_loss: 0.0152 | total_loss: 4.0763
2025-05-26 20:47:05,026 - transvg_20250526_202035 - INFO - Epoch 0, Batch 1300/1696, Loss: 4.9482
2025-05-26 20:47:05,026 - transvg_20250526_202035 - INFO - Train metrics: l1_loss: 0.5712 | giou_loss: 1.0290 | center_loss: 0.0344 | total_loss: 4.9482
2025-05-26 20:48:06,009 - transvg_20250526_202035 - INFO - Epoch 0, Batch 1350/1696, Loss: 4.2244
2025-05-26 20:48:06,009 - transvg_20250526_202035 - INFO - Train metrics: l1_loss: 0.4599 | giou_loss: 0.9563 | center_loss: 0.0123 | total_loss: 4.2244
2025-05-26 20:49:06,970 - transvg_20250526_202035 - INFO - Epoch 0, Batch 1400/1696, Loss: 4.6075
2025-05-26 20:49:06,970 - transvg_20250526_202035 - INFO - Train metrics: l1_loss: 0.5021 | giou_loss: 1.0378 | center_loss: 0.0212 | total_loss: 4.6075
2025-05-26 20:50:07,923 - transvg_20250526_202035 - INFO - Epoch 0, Batch 1450/1696, Loss: 4.2779
2025-05-26 20:50:07,923 - transvg_20250526_202035 - INFO - Train metrics: l1_loss: 0.4568 | giou_loss: 0.9895 | center_loss: 0.0150 | total_loss: 4.2779
2025-05-26 20:51:08,847 - transvg_20250526_202035 - INFO - Epoch 0, Batch 1500/1696, Loss: 4.2391
2025-05-26 20:51:08,848 - transvg_20250526_202035 - INFO - Train metrics: l1_loss: 0.4577 | giou_loss: 0.9670 | center_loss: 0.0166 | total_loss: 4.2391
2025-05-26 20:52:09,749 - transvg_20250526_202035 - INFO - Epoch 0, Batch 1550/1696, Loss: 4.4171
2025-05-26 20:52:09,749 - transvg_20250526_202035 - INFO - Train metrics: l1_loss: 0.4884 | giou_loss: 0.9795 | center_loss: 0.0162 | total_loss: 4.4171
2025-05-26 20:53:10,663 - transvg_20250526_202035 - INFO - Epoch 0, Batch 1600/1696, Loss: 5.0590
2025-05-26 20:53:10,664 - transvg_20250526_202035 - INFO - Train metrics: l1_loss: 0.5641 | giou_loss: 1.1075 | center_loss: 0.0237 | total_loss: 5.0590
2025-05-26 20:54:11,627 - transvg_20250526_202035 - INFO - Epoch 0, Batch 1650/1696, Loss: 4.4750
2025-05-26 20:54:11,628 - transvg_20250526_202035 - INFO - Train metrics: l1_loss: 0.4970 | giou_loss: 0.9835 | center_loss: 0.0228 | total_loss: 4.4750
2025-05-26 20:55:06,313 - transvg_20250526_202035 - INFO - Train Epoch 0, Loss: 4.8316
2025-05-26 20:56:49,049 - transvg_20250526_202035 - INFO - Pred box sample: [50.98179626464844, 78.43102264404297, 167.4241180419922, 235.1583251953125]
2025-05-26 20:56:49,049 - transvg_20250526_202035 - INFO - Target box sample: [207.0, 198.0, 287.0, 283.0]
2025-05-26 20:56:49,160 - transvg_20250526_202035 - INFO - Validation Epoch 0, Loss: 4.5855
2025-05-26 20:56:49,160 - transvg_20250526_202035 - INFO - Val metrics: Acc@0.25: 0.2988 | Acc@0.5: 0.0874 | Acc@0.75: 0.0066 | mIoU: 0.1682 | medianIoU: 0.0764 | mae_x1: 106.4780 | mae_y1: 98.1809 | mae_x2: 102.4223 | mae_y2: 96.3406 | center_x_error: 89.0189 | center_y_error: 80.2782 | width_error: 2.5179 | height_error: 2.4425 | loss: 4.5855
2025-05-26 20:56:50,108 - transvg_20250526_202035 - INFO - Saved model checkpoint to /home/pokle/Trans-VG/visual_grounding/checkpoints/transvg_20250526_202035_epoch0.pth
2025-05-26 20:56:50,108 - transvg_20250526_202035 - INFO - New best model! Acc@0.5: 0.0874
2025-05-26 20:56:50,109 - transvg_20250526_202035 - INFO - Epoch 1/200
2025-05-26 20:56:52,695 - transvg_20250526_202035 - INFO - Epoch 1, Batch 0/1696, Loss: 4.5006
2025-05-26 20:56:52,695 - transvg_20250526_202035 - INFO - Train metrics: l1_loss: 0.4624 | giou_loss: 1.0863 | center_loss: 0.0160 | total_loss: 4.5006
2025-05-26 20:57:53,635 - transvg_20250526_202035 - INFO - Epoch 1, Batch 50/1696, Loss: 4.1107
2025-05-26 20:57:53,636 - transvg_20250526_202035 - INFO - Train metrics: l1_loss: 0.4449 | giou_loss: 0.9357 | center_loss: 0.0148 | total_loss: 4.1107
2025-05-26 20:58:54,586 - transvg_20250526_202035 - INFO - Epoch 1, Batch 100/1696, Loss: 5.2685
2025-05-26 20:58:54,586 - transvg_20250526_202035 - INFO - Train metrics: l1_loss: 0.5957 | giou_loss: 1.1283 | center_loss: 0.0334 | total_loss: 5.2685
2025-05-26 20:59:55,520 - transvg_20250526_202035 - INFO - Epoch 1, Batch 150/1696, Loss: 4.2212
2025-05-26 20:59:55,520 - transvg_20250526_202035 - INFO - Train metrics: l1_loss: 0.4576 | giou_loss: 0.9590 | center_loss: 0.0155 | total_loss: 4.2212
2025-05-26 21:00:56,447 - transvg_20250526_202035 - INFO - Epoch 1, Batch 200/1696, Loss: 4.6152
2025-05-26 21:00:56,447 - transvg_20250526_202035 - INFO - Train metrics: l1_loss: 0.5044 | giou_loss: 1.0377 | center_loss: 0.0179 | total_loss: 4.6152
2025-05-26 21:01:57,382 - transvg_20250526_202035 - INFO - Epoch 1, Batch 250/1696, Loss: 4.4302
2025-05-26 21:01:57,382 - transvg_20250526_202035 - INFO - Train metrics: l1_loss: 0.5173 | giou_loss: 0.9121 | center_loss: 0.0195 | total_loss: 4.4302
2025-05-26 21:02:58,309 - transvg_20250526_202035 - INFO - Epoch 1, Batch 300/1696, Loss: 5.1307
2025-05-26 21:02:58,309 - transvg_20250526_202035 - INFO - Train metrics: l1_loss: 0.5797 | giou_loss: 1.1028 | center_loss: 0.0264 | total_loss: 5.1307
2025-05-26 21:03:59,262 - transvg_20250526_202035 - INFO - Epoch 1, Batch 350/1696, Loss: 4.3866
2025-05-26 21:03:59,262 - transvg_20250526_202035 - INFO - Train metrics: l1_loss: 0.4873 | giou_loss: 0.9672 | center_loss: 0.0159 | total_loss: 4.3866
2025-05-26 21:05:00,183 - transvg_20250526_202035 - INFO - Epoch 1, Batch 400/1696, Loss: 4.3250
2025-05-26 21:05:00,183 - transvg_20250526_202035 - INFO - Train metrics: l1_loss: 0.4796 | giou_loss: 0.9548 | center_loss: 0.0172 | total_loss: 4.3250
2025-05-26 21:06:01,097 - transvg_20250526_202035 - INFO - Epoch 1, Batch 450/1696, Loss: 4.1677
2025-05-26 21:06:01,097 - transvg_20250526_202035 - INFO - Train metrics: l1_loss: 0.4411 | giou_loss: 0.9745 | center_loss: 0.0134 | total_loss: 4.1677
2025-05-26 21:07:02,008 - transvg_20250526_202035 - INFO - Epoch 1, Batch 500/1696, Loss: 4.6542
2025-05-26 21:07:02,008 - transvg_20250526_202035 - INFO - Train metrics: l1_loss: 0.5125 | giou_loss: 1.0352 | center_loss: 0.0215 | total_loss: 4.6542
2025-05-26 21:08:02,968 - transvg_20250526_202035 - INFO - Epoch 1, Batch 550/1696, Loss: 4.5010
2025-05-26 21:08:02,968 - transvg_20250526_202035 - INFO - Train metrics: l1_loss: 0.5126 | giou_loss: 0.9586 | center_loss: 0.0207 | total_loss: 4.5010
2025-05-26 21:09:03,887 - transvg_20250526_202035 - INFO - Epoch 1, Batch 600/1696, Loss: 4.5902
2025-05-26 21:09:03,887 - transvg_20250526_202035 - INFO - Train metrics: l1_loss: 0.5209 | giou_loss: 0.9818 | center_loss: 0.0223 | total_loss: 4.5902
2025-05-26 21:10:04,825 - transvg_20250526_202035 - INFO - Epoch 1, Batch 650/1696, Loss: 3.9554
2025-05-26 21:10:04,825 - transvg_20250526_202035 - INFO - Train metrics: l1_loss: 0.4083 | giou_loss: 0.9520 | center_loss: 0.0100 | total_loss: 3.9554
2025-05-26 21:11:05,746 - transvg_20250526_202035 - INFO - Epoch 1, Batch 700/1696, Loss: 5.3197
2025-05-26 21:11:05,746 - transvg_20250526_202035 - INFO - Train metrics: l1_loss: 0.6351 | giou_loss: 1.0590 | center_loss: 0.0263 | total_loss: 5.3197
2025-05-26 21:12:06,685 - transvg_20250526_202035 - INFO - Epoch 1, Batch 750/1696, Loss: 4.3402
2025-05-26 21:12:06,685 - transvg_20250526_202035 - INFO - Train metrics: l1_loss: 0.4542 | giou_loss: 1.0271 | center_loss: 0.0153 | total_loss: 4.3402
2025-05-26 21:13:07,637 - transvg_20250526_202035 - INFO - Epoch 1, Batch 800/1696, Loss: 4.0190
2025-05-26 21:13:07,638 - transvg_20250526_202035 - INFO - Train metrics: l1_loss: 0.4464 | giou_loss: 0.8893 | center_loss: 0.0085 | total_loss: 4.0190
2025-05-26 21:14:08,614 - transvg_20250526_202035 - INFO - Epoch 1, Batch 850/1696, Loss: 3.9625
2025-05-26 21:14:08,614 - transvg_20250526_202035 - INFO - Train metrics: l1_loss: 0.4387 | giou_loss: 0.8783 | center_loss: 0.0123 | total_loss: 3.9625
2025-05-26 21:15:09,567 - transvg_20250526_202035 - INFO - Epoch 1, Batch 900/1696, Loss: 4.5435
2025-05-26 21:15:09,568 - transvg_20250526_202035 - INFO - Train metrics: l1_loss: 0.5594 | giou_loss: 0.8594 | center_loss: 0.0278 | total_loss: 4.5435
2025-05-26 21:16:10,540 - transvg_20250526_202035 - INFO - Epoch 1, Batch 950/1696, Loss: 5.1417
2025-05-26 21:16:10,541 - transvg_20250526_202035 - INFO - Train metrics: l1_loss: 0.6154 | giou_loss: 1.0177 | center_loss: 0.0292 | total_loss: 5.1417
2025-05-26 21:17:11,467 - transvg_20250526_202035 - INFO - Epoch 1, Batch 1000/1696, Loss: 3.9255
2025-05-26 21:17:11,468 - transvg_20250526_202035 - INFO - Train metrics: l1_loss: 0.4339 | giou_loss: 0.8712 | center_loss: 0.0139 | total_loss: 3.9255
2025-05-26 21:18:12,430 - transvg_20250526_202035 - INFO - Epoch 1, Batch 1050/1696, Loss: 4.0143
2025-05-26 21:18:12,430 - transvg_20250526_202035 - INFO - Train metrics: l1_loss: 0.4150 | giou_loss: 0.9639 | center_loss: 0.0112 | total_loss: 4.0143
2025-05-26 21:19:13,380 - transvg_20250526_202035 - INFO - Epoch 1, Batch 1100/1696, Loss: 4.8155
2025-05-26 21:19:13,380 - transvg_20250526_202035 - INFO - Train metrics: l1_loss: 0.5523 | giou_loss: 1.0156 | center_loss: 0.0229 | total_loss: 4.8155
2025-05-26 21:20:14,371 - transvg_20250526_202035 - INFO - Epoch 1, Batch 1150/1696, Loss: 5.0477
2025-05-26 21:20:14,371 - transvg_20250526_202035 - INFO - Train metrics: l1_loss: 0.5706 | giou_loss: 1.0841 | center_loss: 0.0268 | total_loss: 5.0477
2025-05-26 21:21:15,350 - transvg_20250526_202035 - INFO - Epoch 1, Batch 1200/1696, Loss: 4.2826
2025-05-26 21:21:15,350 - transvg_20250526_202035 - INFO - Train metrics: l1_loss: 0.4786 | giou_loss: 0.9353 | center_loss: 0.0189 | total_loss: 4.2826
2025-05-26 21:22:16,326 - transvg_20250526_202035 - INFO - Epoch 1, Batch 1250/1696, Loss: 4.2989
2025-05-26 21:22:16,326 - transvg_20250526_202035 - INFO - Train metrics: l1_loss: 0.4777 | giou_loss: 0.9453 | center_loss: 0.0196 | total_loss: 4.2989
2025-05-26 21:23:17,305 - transvg_20250526_202035 - INFO - Epoch 1, Batch 1300/1696, Loss: 4.4949
2025-05-26 21:23:17,305 - transvg_20250526_202035 - INFO - Train metrics: l1_loss: 0.4972 | giou_loss: 0.9967 | center_loss: 0.0157 | total_loss: 4.4949
2025-05-26 21:24:18,276 - transvg_20250526_202035 - INFO - Epoch 1, Batch 1350/1696, Loss: 3.9076
2025-05-26 21:24:18,276 - transvg_20250526_202035 - INFO - Train metrics: l1_loss: 0.4261 | giou_loss: 0.8811 | center_loss: 0.0148 | total_loss: 3.9076
2025-05-26 21:25:19,252 - transvg_20250526_202035 - INFO - Epoch 1, Batch 1400/1696, Loss: 4.8264
2025-05-26 21:25:19,253 - transvg_20250526_202035 - INFO - Train metrics: l1_loss: 0.5058 | giou_loss: 1.1400 | center_loss: 0.0174 | total_loss: 4.8264
2025-05-26 21:26:20,201 - transvg_20250526_202035 - INFO - Epoch 1, Batch 1450/1696, Loss: 4.9185
2025-05-26 21:26:20,201 - transvg_20250526_202035 - INFO - Train metrics: l1_loss: 0.5380 | giou_loss: 1.1024 | center_loss: 0.0237 | total_loss: 4.9185
2025-05-26 21:27:21,172 - transvg_20250526_202035 - INFO - Epoch 1, Batch 1500/1696, Loss: 5.2780
2025-05-26 21:27:21,172 - transvg_20250526_202035 - INFO - Train metrics: l1_loss: 0.6229 | giou_loss: 1.0652 | center_loss: 0.0333 | total_loss: 5.2780
2025-05-26 21:28:22,135 - transvg_20250526_202035 - INFO - Epoch 1, Batch 1550/1696, Loss: 4.7059
2025-05-26 21:28:22,135 - transvg_20250526_202035 - INFO - Train metrics: l1_loss: 0.5380 | giou_loss: 1.0009 | center_loss: 0.0139 | total_loss: 4.7059
2025-05-26 21:29:23,100 - transvg_20250526_202035 - INFO - Epoch 1, Batch 1600/1696, Loss: 5.0918
2025-05-26 21:29:23,100 - transvg_20250526_202035 - INFO - Train metrics: l1_loss: 0.5880 | giou_loss: 1.0614 | center_loss: 0.0291 | total_loss: 5.0918
2025-05-26 21:30:24,053 - transvg_20250526_202035 - INFO - Epoch 1, Batch 1650/1696, Loss: 4.5777
2025-05-26 21:30:24,054 - transvg_20250526_202035 - INFO - Train metrics: l1_loss: 0.5122 | giou_loss: 0.9960 | center_loss: 0.0245 | total_loss: 4.5777
2025-05-26 21:31:18,771 - transvg_20250526_202035 - INFO - Train Epoch 1, Loss: 4.5201
2025-05-26 21:33:01,031 - transvg_20250526_202035 - INFO - Pred box sample: [67.86566162109375, 74.55921173095703, 265.7055358886719, 252.21421813964844]
2025-05-26 21:33:01,032 - transvg_20250526_202035 - INFO - Target box sample: [207.0, 198.0, 287.0, 283.0]
2025-05-26 21:33:01,110 - transvg_20250526_202035 - INFO - Validation Epoch 1, Loss: 4.4640
2025-05-26 21:33:01,111 - transvg_20250526_202035 - INFO - Val metrics: Acc@0.25: 0.3198 | Acc@0.5: 0.1124 | Acc@0.75: 0.0117 | mIoU: 0.1816 | medianIoU: 0.0912 | mae_x1: 99.9783 | mae_y1: 94.8224 | mae_x2: 101.2602 | mae_y2: 98.4291 | center_x_error: 83.7087 | center_y_error: 79.5868 | width_error: 2.7113 | height_error: 2.5206 | loss: 4.4640
2025-05-26 21:33:02,027 - transvg_20250526_202035 - INFO - Saved model checkpoint to /home/pokle/Trans-VG/visual_grounding/checkpoints/transvg_20250526_202035_epoch1.pth
2025-05-26 21:33:02,027 - transvg_20250526_202035 - INFO - New best model! Acc@0.5: 0.1124
2025-05-26 21:33:02,027 - transvg_20250526_202035 - INFO - Epoch 2/200
2025-05-26 21:33:04,661 - transvg_20250526_202035 - INFO - Epoch 2, Batch 0/1696, Loss: 4.5174
2025-05-26 21:33:04,661 - transvg_20250526_202035 - INFO - Train metrics: l1_loss: 0.4896 | giou_loss: 1.0257 | center_loss: 0.0182 | total_loss: 4.5174
2025-05-26 21:34:05,614 - transvg_20250526_202035 - INFO - Epoch 2, Batch 50/1696, Loss: 4.2095
2025-05-26 21:34:05,615 - transvg_20250526_202035 - INFO - Train metrics: l1_loss: 0.4675 | giou_loss: 0.9271 | center_loss: 0.0178 | total_loss: 4.2095
2025-05-26 21:35:06,570 - transvg_20250526_202035 - INFO - Epoch 2, Batch 100/1696, Loss: 3.8598
2025-05-26 21:35:06,570 - transvg_20250526_202035 - INFO - Train metrics: l1_loss: 0.4086 | giou_loss: 0.9029 | center_loss: 0.0111 | total_loss: 3.8598
2025-05-26 21:36:07,500 - transvg_20250526_202035 - INFO - Epoch 2, Batch 150/1696, Loss: 4.5314
2025-05-26 21:36:07,500 - transvg_20250526_202035 - INFO - Train metrics: l1_loss: 0.5016 | giou_loss: 1.0029 | center_loss: 0.0175 | total_loss: 4.5314
2025-05-26 21:37:08,461 - transvg_20250526_202035 - INFO - Epoch 2, Batch 200/1696, Loss: 4.9103
2025-05-26 21:37:08,462 - transvg_20250526_202035 - INFO - Train metrics: l1_loss: 0.5407 | giou_loss: 1.0879 | center_loss: 0.0309 | total_loss: 4.9103
2025-05-26 21:38:09,412 - transvg_20250526_202035 - INFO - Epoch 2, Batch 250/1696, Loss: 4.1563
2025-05-26 21:38:09,412 - transvg_20250526_202035 - INFO - Train metrics: l1_loss: 0.4596 | giou_loss: 0.9225 | center_loss: 0.0133 | total_loss: 4.1563
2025-05-26 21:39:10,380 - transvg_20250526_202035 - INFO - Epoch 2, Batch 300/1696, Loss: 4.4799
2025-05-26 21:39:10,380 - transvg_20250526_202035 - INFO - Train metrics: l1_loss: 0.5084 | giou_loss: 0.9616 | center_loss: 0.0146 | total_loss: 4.4799
2025-05-26 21:40:11,342 - transvg_20250526_202035 - INFO - Epoch 2, Batch 350/1696, Loss: 4.1758
2025-05-26 21:40:11,342 - transvg_20250526_202035 - INFO - Train metrics: l1_loss: 0.4589 | giou_loss: 0.9353 | center_loss: 0.0106 | total_loss: 4.1758
2025-05-26 21:41:12,295 - transvg_20250526_202035 - INFO - Epoch 2, Batch 400/1696, Loss: 4.4484
2025-05-26 21:41:12,296 - transvg_20250526_202035 - INFO - Train metrics: l1_loss: 0.4849 | giou_loss: 1.0019 | center_loss: 0.0200 | total_loss: 4.4484
2025-05-26 21:42:13,233 - transvg_20250526_202035 - INFO - Epoch 2, Batch 450/1696, Loss: 5.5551
2025-05-26 21:42:13,233 - transvg_20250526_202035 - INFO - Train metrics: l1_loss: 0.6464 | giou_loss: 1.1410 | center_loss: 0.0411 | total_loss: 5.5551
2025-05-26 21:43:14,175 - transvg_20250526_202035 - INFO - Epoch 2, Batch 500/1696, Loss: 4.4477
2025-05-26 21:43:14,175 - transvg_20250526_202035 - INFO - Train metrics: l1_loss: 0.4752 | giou_loss: 1.0292 | center_loss: 0.0135 | total_loss: 4.4477
2025-05-26 21:44:15,120 - transvg_20250526_202035 - INFO - Epoch 2, Batch 550/1696, Loss: 2.8608
2025-05-26 21:44:15,120 - transvg_20250526_202035 - INFO - Train metrics: l1_loss: 0.3097 | giou_loss: 0.6538 | center_loss: 0.0044 | total_loss: 2.8608
2025-05-26 21:45:16,085 - transvg_20250526_202035 - INFO - Epoch 2, Batch 600/1696, Loss: 4.9489
2025-05-26 21:45:16,085 - transvg_20250526_202035 - INFO - Train metrics: l1_loss: 0.5468 | giou_loss: 1.0980 | center_loss: 0.0186 | total_loss: 4.9489
2025-05-26 21:46:17,059 - transvg_20250526_202035 - INFO - Epoch 2, Batch 650/1696, Loss: 3.7681
2025-05-26 21:46:17,059 - transvg_20250526_202035 - INFO - Train metrics: l1_loss: 0.4062 | giou_loss: 0.8634 | center_loss: 0.0101 | total_loss: 3.7681
2025-05-26 21:47:18,044 - transvg_20250526_202035 - INFO - Epoch 2, Batch 700/1696, Loss: 5.2244
2025-05-26 21:47:18,044 - transvg_20250526_202035 - INFO - Train metrics: l1_loss: 0.6026 | giou_loss: 1.0892 | center_loss: 0.0331 | total_loss: 5.2244
2025-05-26 21:48:19,025 - transvg_20250526_202035 - INFO - Epoch 2, Batch 750/1696, Loss: 4.2837
2025-05-26 21:48:19,026 - transvg_20250526_202035 - INFO - Train metrics: l1_loss: 0.4707 | giou_loss: 0.9570 | center_loss: 0.0161 | total_loss: 4.2837
2025-05-26 21:49:20,006 - transvg_20250526_202035 - INFO - Epoch 2, Batch 800/1696, Loss: 4.9003
2025-05-26 21:49:20,007 - transvg_20250526_202035 - INFO - Train metrics: l1_loss: 0.5534 | giou_loss: 1.0557 | center_loss: 0.0221 | total_loss: 4.9003
2025-05-26 21:50:20,975 - transvg_20250526_202035 - INFO - Epoch 2, Batch 850/1696, Loss: 4.1364
2025-05-26 21:50:20,976 - transvg_20250526_202035 - INFO - Train metrics: l1_loss: 0.4535 | giou_loss: 0.9261 | center_loss: 0.0169 | total_loss: 4.1364
2025-05-26 21:51:21,923 - transvg_20250526_202035 - INFO - Epoch 2, Batch 900/1696, Loss: 3.9008
2025-05-26 21:51:21,923 - transvg_20250526_202035 - INFO - Train metrics: l1_loss: 0.3948 | giou_loss: 0.9571 | center_loss: 0.0126 | total_loss: 3.9008
2025-05-26 21:52:22,881 - transvg_20250526_202035 - INFO - Epoch 2, Batch 950/1696, Loss: 3.4220
2025-05-26 21:52:22,881 - transvg_20250526_202035 - INFO - Train metrics: l1_loss: 0.3494 | giou_loss: 0.8330 | center_loss: 0.0091 | total_loss: 3.4220
2025-05-26 21:53:23,808 - transvg_20250526_202035 - INFO - Epoch 2, Batch 1000/1696, Loss: 5.3220
2025-05-26 21:53:23,808 - transvg_20250526_202035 - INFO - Train metrics: l1_loss: 0.6094 | giou_loss: 1.1244 | center_loss: 0.0263 | total_loss: 5.3220
2025-05-26 21:54:24,758 - transvg_20250526_202035 - INFO - Epoch 2, Batch 1050/1696, Loss: 4.6744
2025-05-26 21:54:24,758 - transvg_20250526_202035 - INFO - Train metrics: l1_loss: 0.5059 | giou_loss: 1.0630 | center_loss: 0.0188 | total_loss: 4.6744
2025-05-26 21:55:25,741 - transvg_20250526_202035 - INFO - Epoch 2, Batch 1100/1696, Loss: 4.8644
2025-05-26 21:55:25,742 - transvg_20250526_202035 - INFO - Train metrics: l1_loss: 0.5647 | giou_loss: 1.0074 | center_loss: 0.0262 | total_loss: 4.8644
2025-05-26 21:56:26,721 - transvg_20250526_202035 - INFO - Epoch 2, Batch 1150/1696, Loss: 4.7417
2025-05-26 21:56:26,722 - transvg_20250526_202035 - INFO - Train metrics: l1_loss: 0.5330 | giou_loss: 1.0264 | center_loss: 0.0242 | total_loss: 4.7417
2025-05-26 21:57:27,712 - transvg_20250526_202035 - INFO - Epoch 2, Batch 1200/1696, Loss: 4.2641
2025-05-26 21:57:27,713 - transvg_20250526_202035 - INFO - Train metrics: l1_loss: 0.5073 | giou_loss: 0.8592 | center_loss: 0.0092 | total_loss: 4.2641
2025-05-26 21:58:28,689 - transvg_20250526_202035 - INFO - Epoch 2, Batch 1250/1696, Loss: 3.8385
2025-05-26 21:58:28,689 - transvg_20250526_202035 - INFO - Train metrics: l1_loss: 0.3963 | giou_loss: 0.9232 | center_loss: 0.0107 | total_loss: 3.8385
2025-05-26 21:59:29,692 - transvg_20250526_202035 - INFO - Epoch 2, Batch 1300/1696, Loss: 5.0239
2025-05-26 21:59:29,692 - transvg_20250526_202035 - INFO - Train metrics: l1_loss: 0.5592 | giou_loss: 1.1027 | center_loss: 0.0226 | total_loss: 5.0239
2025-05-26 22:00:30,684 - transvg_20250526_202035 - INFO - Epoch 2, Batch 1350/1696, Loss: 4.7754
2025-05-26 22:00:30,684 - transvg_20250526_202035 - INFO - Train metrics: l1_loss: 0.5559 | giou_loss: 0.9834 | center_loss: 0.0292 | total_loss: 4.7754
2025-05-26 22:01:31,667 - transvg_20250526_202035 - INFO - Epoch 2, Batch 1400/1696, Loss: 4.0871
2025-05-26 22:01:31,667 - transvg_20250526_202035 - INFO - Train metrics: l1_loss: 0.4462 | giou_loss: 0.9210 | center_loss: 0.0140 | total_loss: 4.0871
2025-05-26 22:02:32,655 - transvg_20250526_202035 - INFO - Epoch 2, Batch 1450/1696, Loss: 5.2985
2025-05-26 22:02:32,655 - transvg_20250526_202035 - INFO - Train metrics: l1_loss: 0.6583 | giou_loss: 0.9881 | center_loss: 0.0311 | total_loss: 5.2985
2025-05-26 22:03:33,629 - transvg_20250526_202035 - INFO - Epoch 2, Batch 1500/1696, Loss: 4.6751
2025-05-26 22:03:33,629 - transvg_20250526_202035 - INFO - Train metrics: l1_loss: 0.5528 | giou_loss: 0.9449 | center_loss: 0.0214 | total_loss: 4.6751
2025-05-26 22:04:34,605 - transvg_20250526_202035 - INFO - Epoch 2, Batch 1550/1696, Loss: 5.2689
2025-05-26 22:04:34,605 - transvg_20250526_202035 - INFO - Train metrics: l1_loss: 0.6131 | giou_loss: 1.0874 | center_loss: 0.0283 | total_loss: 5.2689
2025-05-26 22:05:35,607 - transvg_20250526_202035 - INFO - Epoch 2, Batch 1600/1696, Loss: 4.0784
2025-05-26 22:05:35,607 - transvg_20250526_202035 - INFO - Train metrics: l1_loss: 0.4405 | giou_loss: 0.9320 | center_loss: 0.0120 | total_loss: 4.0784
2025-05-26 22:06:36,592 - transvg_20250526_202035 - INFO - Epoch 2, Batch 1650/1696, Loss: 4.8326
2025-05-26 22:06:36,592 - transvg_20250526_202035 - INFO - Train metrics: l1_loss: 0.5378 | giou_loss: 1.0581 | center_loss: 0.0275 | total_loss: 4.8326
2025-05-26 22:07:31,317 - transvg_20250526_202035 - INFO - Train Epoch 2, Loss: 4.4568
2025-05-26 22:09:13,622 - transvg_20250526_202035 - INFO - Pred box sample: [89.16981506347656, 67.92229461669922, 232.9476776123047, 225.0425567626953]
2025-05-26 22:09:13,622 - transvg_20250526_202035 - INFO - Target box sample: [207.0, 198.0, 287.0, 283.0]
2025-05-26 22:09:13,701 - transvg_20250526_202035 - INFO - Validation Epoch 2, Loss: 4.4660
2025-05-26 22:09:13,701 - transvg_20250526_202035 - INFO - Val metrics: Acc@0.25: 0.3195 | Acc@0.5: 0.1139 | Acc@0.75: 0.0138 | mIoU: 0.1840 | medianIoU: 0.0875 | mae_x1: 99.6111 | mae_y1: 100.9156 | mae_x2: 100.5674 | mae_y2: 95.2824 | center_x_error: 84.5115 | center_y_error: 80.5750 | width_error: 2.6273 | height_error: 2.6902 | loss: 4.4660
2025-05-26 22:09:14,627 - transvg_20250526_202035 - INFO - Saved model checkpoint to /home/pokle/Trans-VG/visual_grounding/checkpoints/transvg_20250526_202035_epoch2.pth
2025-05-26 22:09:14,628 - transvg_20250526_202035 - INFO - New best model! Acc@0.5: 0.1139
2025-05-26 22:09:14,628 - transvg_20250526_202035 - INFO - Epoch 3/200
2025-05-26 22:09:17,177 - transvg_20250526_202035 - INFO - Epoch 3, Batch 0/1696, Loss: 5.2316
2025-05-26 22:09:17,178 - transvg_20250526_202035 - INFO - Train metrics: l1_loss: 0.6130 | giou_loss: 1.0716 | center_loss: 0.0232 | total_loss: 5.2316
2025-05-26 22:10:18,184 - transvg_20250526_202035 - INFO - Epoch 3, Batch 50/1696, Loss: 4.3740
2025-05-26 22:10:18,184 - transvg_20250526_202035 - INFO - Train metrics: l1_loss: 0.4903 | giou_loss: 0.9512 | center_loss: 0.0200 | total_loss: 4.3740
2025-05-26 22:11:19,172 - transvg_20250526_202035 - INFO - Epoch 3, Batch 100/1696, Loss: 3.2444
2025-05-26 22:11:19,172 - transvg_20250526_202035 - INFO - Train metrics: l1_loss: 0.3424 | giou_loss: 0.7621 | center_loss: 0.0084 | total_loss: 3.2444
2025-05-26 22:12:20,162 - transvg_20250526_202035 - INFO - Epoch 3, Batch 150/1696, Loss: 4.3016
2025-05-26 22:12:20,162 - transvg_20250526_202035 - INFO - Train metrics: l1_loss: 0.4704 | giou_loss: 0.9681 | center_loss: 0.0133 | total_loss: 4.3016
2025-05-26 22:13:21,117 - transvg_20250526_202035 - INFO - Epoch 3, Batch 200/1696, Loss: 3.6204
2025-05-26 22:13:21,117 - transvg_20250526_202035 - INFO - Train metrics: l1_loss: 0.3779 | giou_loss: 0.8612 | center_loss: 0.0086 | total_loss: 3.6204
2025-05-26 22:14:22,103 - transvg_20250526_202035 - INFO - Epoch 3, Batch 250/1696, Loss: 3.8784
2025-05-26 22:14:22,103 - transvg_20250526_202035 - INFO - Train metrics: l1_loss: 0.4261 | giou_loss: 0.8670 | center_loss: 0.0137 | total_loss: 3.8784
2025-05-26 22:15:23,078 - transvg_20250526_202035 - INFO - Epoch 3, Batch 300/1696, Loss: 4.7972
2025-05-26 22:15:23,078 - transvg_20250526_202035 - INFO - Train metrics: l1_loss: 0.5516 | giou_loss: 1.0052 | center_loss: 0.0289 | total_loss: 4.7972
2025-05-26 22:16:24,037 - transvg_20250526_202035 - INFO - Epoch 3, Batch 350/1696, Loss: 5.1451
2025-05-26 22:16:24,038 - transvg_20250526_202035 - INFO - Train metrics: l1_loss: 0.5930 | giou_loss: 1.0739 | center_loss: 0.0321 | total_loss: 5.1451
2025-05-26 22:17:25,011 - transvg_20250526_202035 - INFO - Epoch 3, Batch 400/1696, Loss: 4.1217
2025-05-26 22:17:25,011 - transvg_20250526_202035 - INFO - Train metrics: l1_loss: 0.4450 | giou_loss: 0.9416 | center_loss: 0.0134 | total_loss: 4.1217
2025-05-26 22:18:26,006 - transvg_20250526_202035 - INFO - Epoch 3, Batch 450/1696, Loss: 4.2089
2025-05-26 22:18:26,007 - transvg_20250526_202035 - INFO - Train metrics: l1_loss: 0.4819 | giou_loss: 0.8952 | center_loss: 0.0091 | total_loss: 4.2089
2025-05-26 22:19:26,982 - transvg_20250526_202035 - INFO - Epoch 3, Batch 500/1696, Loss: 4.8078
2025-05-26 22:19:26,982 - transvg_20250526_202035 - INFO - Train metrics: l1_loss: 0.5430 | giou_loss: 1.0334 | center_loss: 0.0259 | total_loss: 4.8078
2025-05-26 22:20:27,934 - transvg_20250526_202035 - INFO - Epoch 3, Batch 550/1696, Loss: 3.6821
2025-05-26 22:20:27,935 - transvg_20250526_202035 - INFO - Train metrics: l1_loss: 0.3979 | giou_loss: 0.8397 | center_loss: 0.0130 | total_loss: 3.6821
2025-05-26 22:21:28,905 - transvg_20250526_202035 - INFO - Epoch 3, Batch 600/1696, Loss: 5.1820
2025-05-26 22:21:28,905 - transvg_20250526_202035 - INFO - Train metrics: l1_loss: 0.6101 | giou_loss: 1.0504 | center_loss: 0.0307 | total_loss: 5.1820
2025-05-26 22:22:29,860 - transvg_20250526_202035 - INFO - Epoch 3, Batch 650/1696, Loss: 3.9704
2025-05-26 22:22:29,861 - transvg_20250526_202035 - INFO - Train metrics: l1_loss: 0.4501 | giou_loss: 0.8532 | center_loss: 0.0133 | total_loss: 3.9704
2025-05-26 22:23:30,813 - transvg_20250526_202035 - INFO - Epoch 3, Batch 700/1696, Loss: 4.2042
2025-05-26 22:23:30,814 - transvg_20250526_202035 - INFO - Train metrics: l1_loss: 0.4476 | giou_loss: 0.9784 | center_loss: 0.0095 | total_loss: 4.2042
2025-05-26 22:24:31,767 - transvg_20250526_202035 - INFO - Epoch 3, Batch 750/1696, Loss: 4.9869
2025-05-26 22:24:31,768 - transvg_20250526_202035 - INFO - Train metrics: l1_loss: 0.5622 | giou_loss: 1.0746 | center_loss: 0.0265 | total_loss: 4.9869
2025-05-26 22:25:32,718 - transvg_20250526_202035 - INFO - Epoch 3, Batch 800/1696, Loss: 4.7341
2025-05-26 22:25:32,718 - transvg_20250526_202035 - INFO - Train metrics: l1_loss: 0.5359 | giou_loss: 1.0161 | center_loss: 0.0223 | total_loss: 4.7341
2025-05-26 22:26:33,659 - transvg_20250526_202035 - INFO - Epoch 3, Batch 850/1696, Loss: 3.9213
2025-05-26 22:26:33,659 - transvg_20250526_202035 - INFO - Train metrics: l1_loss: 0.4213 | giou_loss: 0.9011 | center_loss: 0.0128 | total_loss: 3.9213
2025-05-26 22:27:34,620 - transvg_20250526_202035 - INFO - Epoch 3, Batch 900/1696, Loss: 4.9524
2025-05-26 22:27:34,620 - transvg_20250526_202035 - INFO - Train metrics: l1_loss: 0.5755 | giou_loss: 1.0261 | center_loss: 0.0226 | total_loss: 4.9524
2025-05-26 22:28:35,569 - transvg_20250526_202035 - INFO - Epoch 3, Batch 950/1696, Loss: 2.9565
2025-05-26 22:28:35,569 - transvg_20250526_202035 - INFO - Train metrics: l1_loss: 0.3082 | giou_loss: 0.7051 | center_loss: 0.0053 | total_loss: 2.9565
2025-05-26 22:29:36,526 - transvg_20250526_202035 - INFO - Epoch 3, Batch 1000/1696, Loss: 4.9472
2025-05-26 22:29:36,526 - transvg_20250526_202035 - INFO - Train metrics: l1_loss: 0.5770 | giou_loss: 1.0187 | center_loss: 0.0250 | total_loss: 4.9472
2025-05-26 22:30:37,459 - transvg_20250526_202035 - INFO - Epoch 3, Batch 1050/1696, Loss: 5.0983
2025-05-26 22:30:37,460 - transvg_20250526_202035 - INFO - Train metrics: l1_loss: 0.5728 | giou_loss: 1.1025 | center_loss: 0.0293 | total_loss: 5.0983
2025-05-26 22:31:38,364 - transvg_20250526_202035 - INFO - Epoch 3, Batch 1100/1696, Loss: 4.2784
2025-05-26 22:31:38,364 - transvg_20250526_202035 - INFO - Train metrics: l1_loss: 0.4765 | giou_loss: 0.9410 | center_loss: 0.0141 | total_loss: 4.2784
2025-05-26 22:32:39,220 - transvg_20250526_202035 - INFO - Epoch 3, Batch 1150/1696, Loss: 4.3190
2025-05-26 22:32:39,220 - transvg_20250526_202035 - INFO - Train metrics: l1_loss: 0.4876 | giou_loss: 0.9301 | center_loss: 0.0206 | total_loss: 4.3190
2025-05-26 22:33:40,117 - transvg_20250526_202035 - INFO - Epoch 3, Batch 1200/1696, Loss: 5.0696
2025-05-26 22:33:40,117 - transvg_20250526_202035 - INFO - Train metrics: l1_loss: 0.5847 | giou_loss: 1.0603 | center_loss: 0.0255 | total_loss: 5.0696
2025-05-26 22:34:41,020 - transvg_20250526_202035 - INFO - Epoch 3, Batch 1250/1696, Loss: 4.4781
2025-05-26 22:34:41,021 - transvg_20250526_202035 - INFO - Train metrics: l1_loss: 0.5041 | giou_loss: 0.9705 | center_loss: 0.0165 | total_loss: 4.4781
2025-05-26 22:35:41,916 - transvg_20250526_202035 - INFO - Epoch 3, Batch 1300/1696, Loss: 5.0209
2025-05-26 22:35:41,916 - transvg_20250526_202035 - INFO - Train metrics: l1_loss: 0.5960 | giou_loss: 1.0053 | center_loss: 0.0301 | total_loss: 5.0209
2025-05-26 22:36:42,876 - transvg_20250526_202035 - INFO - Epoch 3, Batch 1350/1696, Loss: 4.5683
2025-05-26 22:36:42,877 - transvg_20250526_202035 - INFO - Train metrics: l1_loss: 0.5117 | giou_loss: 0.9940 | center_loss: 0.0220 | total_loss: 4.5683
2025-05-26 22:37:43,813 - transvg_20250526_202035 - INFO - Epoch 3, Batch 1400/1696, Loss: 4.0894
2025-05-26 22:37:43,814 - transvg_20250526_202035 - INFO - Train metrics: l1_loss: 0.4423 | giou_loss: 0.9333 | center_loss: 0.0115 | total_loss: 4.0894
2025-05-26 22:38:44,748 - transvg_20250526_202035 - INFO - Epoch 3, Batch 1450/1696, Loss: 4.0254
2025-05-26 22:38:44,748 - transvg_20250526_202035 - INFO - Train metrics: l1_loss: 0.4590 | giou_loss: 0.8546 | center_loss: 0.0213 | total_loss: 4.0254
2025-05-26 22:39:45,702 - transvg_20250526_202035 - INFO - Epoch 3, Batch 1500/1696, Loss: 4.3652
2025-05-26 22:39:45,702 - transvg_20250526_202035 - INFO - Train metrics: l1_loss: 0.4686 | giou_loss: 1.0024 | center_loss: 0.0175 | total_loss: 4.3652
2025-05-26 22:40:46,678 - transvg_20250526_202035 - INFO - Epoch 3, Batch 1550/1696, Loss: 4.4228
2025-05-26 22:40:46,678 - transvg_20250526_202035 - INFO - Train metrics: l1_loss: 0.4985 | giou_loss: 0.9553 | center_loss: 0.0195 | total_loss: 4.4228
2025-05-26 22:41:47,666 - transvg_20250526_202035 - INFO - Epoch 3, Batch 1600/1696, Loss: 5.5125
2025-05-26 22:41:47,666 - transvg_20250526_202035 - INFO - Train metrics: l1_loss: 0.6825 | giou_loss: 1.0327 | center_loss: 0.0347 | total_loss: 5.5125
2025-05-26 22:42:48,625 - transvg_20250526_202035 - INFO - Epoch 3, Batch 1650/1696, Loss: 4.6880
2025-05-26 22:42:48,626 - transvg_20250526_202035 - INFO - Train metrics: l1_loss: 0.5368 | giou_loss: 0.9892 | center_loss: 0.0258 | total_loss: 4.6880
2025-05-26 22:43:43,349 - transvg_20250526_202035 - INFO - Train Epoch 3, Loss: 4.4360
2025-05-26 22:45:25,639 - transvg_20250526_202035 - INFO - Pred box sample: [57.512168884277344, 75.23591613769531, 235.76388549804688, 265.7845458984375]
2025-05-26 22:45:25,640 - transvg_20250526_202035 - INFO - Target box sample: [207.0, 198.0, 287.0, 283.0]
2025-05-26 22:45:25,720 - transvg_20250526_202035 - INFO - Validation Epoch 3, Loss: 4.4191
2025-05-26 22:45:25,720 - transvg_20250526_202035 - INFO - Val metrics: Acc@0.25: 0.3317 | Acc@0.5: 0.1224 | Acc@0.75: 0.0167 | mIoU: 0.1904 | medianIoU: 0.0952 | mae_x1: 101.8550 | mae_y1: 96.8957 | mae_x2: 98.8890 | mae_y2: 95.2955 | center_x_error: 84.0031 | center_y_error: 79.0134 | width_error: 2.7290 | height_error: 2.6234 | loss: 4.4191
2025-05-26 22:45:26,622 - transvg_20250526_202035 - INFO - Saved model checkpoint to /home/pokle/Trans-VG/visual_grounding/checkpoints/transvg_20250526_202035_epoch3.pth
2025-05-26 22:45:26,622 - transvg_20250526_202035 - INFO - New best model! Acc@0.5: 0.1224
2025-05-26 22:45:26,623 - transvg_20250526_202035 - INFO - Epoch 4/200
2025-05-26 22:45:29,187 - transvg_20250526_202035 - INFO - Epoch 4, Batch 0/1696, Loss: 4.9395
2025-05-26 22:45:29,187 - transvg_20250526_202035 - INFO - Train metrics: l1_loss: 0.5644 | giou_loss: 1.0442 | center_loss: 0.0289 | total_loss: 4.9395
2025-05-26 22:46:30,143 - transvg_20250526_202035 - INFO - Epoch 4, Batch 50/1696, Loss: 3.6349
2025-05-26 22:46:30,143 - transvg_20250526_202035 - INFO - Train metrics: l1_loss: 0.3969 | giou_loss: 0.8215 | center_loss: 0.0075 | total_loss: 3.6349
2025-05-26 22:47:31,075 - transvg_20250526_202035 - INFO - Epoch 4, Batch 100/1696, Loss: 4.9534
2025-05-26 22:47:31,075 - transvg_20250526_202035 - INFO - Train metrics: l1_loss: 0.5509 | giou_loss: 1.0887 | center_loss: 0.0215 | total_loss: 4.9534
2025-05-26 22:48:32,033 - transvg_20250526_202035 - INFO - Epoch 4, Batch 150/1696, Loss: 4.9725
2025-05-26 22:48:32,033 - transvg_20250526_202035 - INFO - Train metrics: l1_loss: 0.5632 | giou_loss: 1.0644 | center_loss: 0.0275 | total_loss: 4.9725
2025-05-26 22:49:32,957 - transvg_20250526_202035 - INFO - Epoch 4, Batch 200/1696, Loss: 4.8474
2025-05-26 22:49:32,957 - transvg_20250526_202035 - INFO - Train metrics: l1_loss: 0.5628 | giou_loss: 1.0030 | center_loss: 0.0273 | total_loss: 4.8474
2025-05-26 22:50:33,890 - transvg_20250526_202035 - INFO - Epoch 4, Batch 250/1696, Loss: 4.6315
2025-05-26 22:50:33,890 - transvg_20250526_202035 - INFO - Train metrics: l1_loss: 0.5152 | giou_loss: 1.0179 | center_loss: 0.0195 | total_loss: 4.6315
2025-05-26 22:51:34,846 - transvg_20250526_202035 - INFO - Epoch 4, Batch 300/1696, Loss: 4.3341
2025-05-26 22:51:34,846 - transvg_20250526_202035 - INFO - Train metrics: l1_loss: 0.4493 | giou_loss: 1.0364 | center_loss: 0.0149 | total_loss: 4.3341
2025-05-26 22:52:35,839 - transvg_20250526_202035 - INFO - Epoch 4, Batch 350/1696, Loss: 4.3875
2025-05-26 22:52:35,839 - transvg_20250526_202035 - INFO - Train metrics: l1_loss: 0.4875 | giou_loss: 0.9663 | center_loss: 0.0172 | total_loss: 4.3875
2025-05-26 22:53:36,815 - transvg_20250526_202035 - INFO - Epoch 4, Batch 400/1696, Loss: 4.3307
2025-05-26 22:53:36,815 - transvg_20250526_202035 - INFO - Train metrics: l1_loss: 0.4470 | giou_loss: 1.0414 | center_loss: 0.0130 | total_loss: 4.3307
2025-05-26 22:54:37,790 - transvg_20250526_202035 - INFO - Epoch 4, Batch 450/1696, Loss: 4.2836
2025-05-26 22:54:37,790 - transvg_20250526_202035 - INFO - Train metrics: l1_loss: 0.4721 | giou_loss: 0.9528 | center_loss: 0.0177 | total_loss: 4.2836
2025-05-26 22:55:38,767 - transvg_20250526_202035 - INFO - Epoch 4, Batch 500/1696, Loss: 5.0926
2025-05-26 22:55:38,767 - transvg_20250526_202035 - INFO - Train metrics: l1_loss: 0.5820 | giou_loss: 1.0773 | center_loss: 0.0280 | total_loss: 5.0926
2025-05-26 22:56:39,686 - transvg_20250526_202035 - INFO - Epoch 4, Batch 550/1696, Loss: 4.3805
2025-05-26 22:56:39,686 - transvg_20250526_202035 - INFO - Train metrics: l1_loss: 0.5091 | giou_loss: 0.9108 | center_loss: 0.0132 | total_loss: 4.3805
2025-05-26 22:57:40,595 - transvg_20250526_202035 - INFO - Epoch 4, Batch 600/1696, Loss: 3.7978
2025-05-26 22:57:40,595 - transvg_20250526_202035 - INFO - Train metrics: l1_loss: 0.4091 | giou_loss: 0.8705 | center_loss: 0.0111 | total_loss: 3.7978
2025-05-26 22:58:41,529 - transvg_20250526_202035 - INFO - Epoch 4, Batch 650/1696, Loss: 4.3545
2025-05-26 22:58:41,530 - transvg_20250526_202035 - INFO - Train metrics: l1_loss: 0.4875 | giou_loss: 0.9495 | center_loss: 0.0182 | total_loss: 4.3545
2025-05-26 22:59:42,466 - transvg_20250526_202035 - INFO - Epoch 4, Batch 700/1696, Loss: 3.8473
2025-05-26 22:59:42,466 - transvg_20250526_202035 - INFO - Train metrics: l1_loss: 0.4260 | giou_loss: 0.8530 | center_loss: 0.0114 | total_loss: 3.8473
2025-05-26 23:00:43,435 - transvg_20250526_202035 - INFO - Epoch 4, Batch 750/1696, Loss: 4.1107
2025-05-26 23:00:43,435 - transvg_20250526_202035 - INFO - Train metrics: l1_loss: 0.4453 | giou_loss: 0.9364 | center_loss: 0.0115 | total_loss: 4.1107
2025-05-26 23:01:44,370 - transvg_20250526_202035 - INFO - Epoch 4, Batch 800/1696, Loss: 4.8666
2025-05-26 23:01:44,370 - transvg_20250526_202035 - INFO - Train metrics: l1_loss: 0.5456 | giou_loss: 1.0549 | center_loss: 0.0287 | total_loss: 4.8666
2025-05-26 23:02:45,317 - transvg_20250526_202035 - INFO - Epoch 4, Batch 850/1696, Loss: 3.8713
2025-05-26 23:02:45,317 - transvg_20250526_202035 - INFO - Train metrics: l1_loss: 0.4256 | giou_loss: 0.8652 | center_loss: 0.0128 | total_loss: 3.8713
2025-05-26 23:03:46,170 - transvg_20250526_202035 - INFO - Epoch 4, Batch 900/1696, Loss: 4.3527
2025-05-26 23:03:46,171 - transvg_20250526_202035 - INFO - Train metrics: l1_loss: 0.4774 | giou_loss: 0.9710 | center_loss: 0.0235 | total_loss: 4.3527
2025-05-26 23:04:47,092 - transvg_20250526_202035 - INFO - Epoch 4, Batch 950/1696, Loss: 3.6220
2025-05-26 23:04:47,092 - transvg_20250526_202035 - INFO - Train metrics: l1_loss: 0.3650 | giou_loss: 0.8942 | center_loss: 0.0084 | total_loss: 3.6220
2025-05-26 23:05:48,020 - transvg_20250526_202035 - INFO - Epoch 4, Batch 1000/1696, Loss: 3.7012
2025-05-26 23:05:48,020 - transvg_20250526_202035 - INFO - Train metrics: l1_loss: 0.4009 | giou_loss: 0.8427 | center_loss: 0.0112 | total_loss: 3.7012
2025-05-26 23:06:48,958 - transvg_20250526_202035 - INFO - Epoch 4, Batch 1050/1696, Loss: 4.3786
2025-05-26 23:06:48,958 - transvg_20250526_202035 - INFO - Train metrics: l1_loss: 0.4962 | giou_loss: 0.9389 | center_loss: 0.0198 | total_loss: 4.3786
2025-05-26 23:07:49,892 - transvg_20250526_202035 - INFO - Epoch 4, Batch 1100/1696, Loss: 5.3182
2025-05-26 23:07:49,892 - transvg_20250526_202035 - INFO - Train metrics: l1_loss: 0.5966 | giou_loss: 1.1521 | center_loss: 0.0310 | total_loss: 5.3182
2025-05-26 23:08:50,861 - transvg_20250526_202035 - INFO - Epoch 4, Batch 1150/1696, Loss: 3.9575
2025-05-26 23:08:50,861 - transvg_20250526_202035 - INFO - Train metrics: l1_loss: 0.4425 | giou_loss: 0.8651 | center_loss: 0.0148 | total_loss: 3.9575
2025-05-26 23:09:51,816 - transvg_20250526_202035 - INFO - Epoch 4, Batch 1200/1696, Loss: 4.4172
2025-05-26 23:09:51,816 - transvg_20250526_202035 - INFO - Train metrics: l1_loss: 0.4674 | giou_loss: 1.0327 | center_loss: 0.0148 | total_loss: 4.4172
2025-05-26 23:10:52,762 - transvg_20250526_202035 - INFO - Epoch 4, Batch 1250/1696, Loss: 4.8101
2025-05-26 23:10:52,762 - transvg_20250526_202035 - INFO - Train metrics: l1_loss: 0.5316 | giou_loss: 1.0633 | center_loss: 0.0256 | total_loss: 4.8101
2025-05-26 23:11:53,654 - transvg_20250526_202035 - INFO - Epoch 4, Batch 1300/1696, Loss: 5.0071
2025-05-26 23:11:53,654 - transvg_20250526_202035 - INFO - Train metrics: l1_loss: 0.5659 | giou_loss: 1.0708 | center_loss: 0.0361 | total_loss: 5.0071
2025-05-26 23:12:54,571 - transvg_20250526_202035 - INFO - Epoch 4, Batch 1350/1696, Loss: 4.2146
2025-05-26 23:12:54,571 - transvg_20250526_202035 - INFO - Train metrics: l1_loss: 0.4586 | giou_loss: 0.9552 | center_loss: 0.0110 | total_loss: 4.2146
2025-05-26 23:13:55,463 - transvg_20250526_202035 - INFO - Epoch 4, Batch 1400/1696, Loss: 3.9602
2025-05-26 23:13:55,464 - transvg_20250526_202035 - INFO - Train metrics: l1_loss: 0.4380 | giou_loss: 0.8769 | center_loss: 0.0164 | total_loss: 3.9602
2025-05-26 23:14:56,354 - transvg_20250526_202035 - INFO - Epoch 4, Batch 1450/1696, Loss: 4.1938
2025-05-26 23:14:56,354 - transvg_20250526_202035 - INFO - Train metrics: l1_loss: 0.4696 | giou_loss: 0.9145 | center_loss: 0.0168 | total_loss: 4.1938
2025-05-26 23:15:57,234 - transvg_20250526_202035 - INFO - Epoch 4, Batch 1500/1696, Loss: 4.2456
2025-05-26 23:15:57,235 - transvg_20250526_202035 - INFO - Train metrics: l1_loss: 0.4653 | giou_loss: 0.9501 | center_loss: 0.0190 | total_loss: 4.2456
2025-05-26 23:16:58,122 - transvg_20250526_202035 - INFO - Epoch 4, Batch 1550/1696, Loss: 4.1841
2025-05-26 23:16:58,122 - transvg_20250526_202035 - INFO - Train metrics: l1_loss: 0.4942 | giou_loss: 0.8458 | center_loss: 0.0214 | total_loss: 4.1841
2025-05-26 23:17:59,037 - transvg_20250526_202035 - INFO - Epoch 4, Batch 1600/1696, Loss: 4.8414
2025-05-26 23:17:59,037 - transvg_20250526_202035 - INFO - Train metrics: l1_loss: 0.5543 | giou_loss: 1.0219 | center_loss: 0.0263 | total_loss: 4.8414
2025-05-26 23:18:59,966 - transvg_20250526_202035 - INFO - Epoch 4, Batch 1650/1696, Loss: 4.4272
2025-05-26 23:18:59,967 - transvg_20250526_202035 - INFO - Train metrics: l1_loss: 0.4729 | giou_loss: 1.0245 | center_loss: 0.0136 | total_loss: 4.4272
2025-05-26 23:19:54,609 - transvg_20250526_202035 - INFO - Train Epoch 4, Loss: 4.4036
2025-05-26 23:21:36,736 - transvg_20250526_202035 - INFO - Pred box sample: [71.40489959716797, 82.35338592529297, 226.37168884277344, 238.9924774169922]
2025-05-26 23:21:36,737 - transvg_20250526_202035 - INFO - Target box sample: [207.0, 198.0, 287.0, 283.0]
2025-05-26 23:21:36,817 - transvg_20250526_202035 - INFO - Validation Epoch 4, Loss: 4.4397
2025-05-26 23:21:36,817 - transvg_20250526_202035 - INFO - Val metrics: Acc@0.25: 0.3235 | Acc@0.5: 0.1158 | Acc@0.75: 0.0135 | mIoU: 0.1865 | medianIoU: 0.0939 | mae_x1: 98.6560 | mae_y1: 97.3973 | mae_x2: 102.4052 | mae_y2: 92.3307 | center_x_error: 84.9077 | center_y_error: 78.7040 | width_error: 2.5247 | height_error: 2.4324 | loss: 4.4397
2025-05-26 23:21:37,726 - transvg_20250526_202035 - INFO - Saved model checkpoint to /home/pokle/Trans-VG/visual_grounding/checkpoints/transvg_20250526_202035_epoch4.pth
2025-05-26 23:21:37,726 - transvg_20250526_202035 - INFO - Epoch 5/200
2025-05-26 23:21:40,280 - transvg_20250526_202035 - INFO - Epoch 5, Batch 0/1696, Loss: 5.0137
2025-05-26 23:21:40,281 - transvg_20250526_202035 - INFO - Train metrics: l1_loss: 0.5756 | giou_loss: 1.0521 | center_loss: 0.0316 | total_loss: 5.0137
2025-05-26 23:22:41,183 - transvg_20250526_202035 - INFO - Epoch 5, Batch 50/1696, Loss: 4.5001
2025-05-26 23:22:41,184 - transvg_20250526_202035 - INFO - Train metrics: l1_loss: 0.5010 | giou_loss: 0.9903 | center_loss: 0.0145 | total_loss: 4.5001
2025-05-26 23:23:42,041 - transvg_20250526_202035 - INFO - Epoch 5, Batch 100/1696, Loss: 4.2739
2025-05-26 23:23:42,042 - transvg_20250526_202035 - INFO - Train metrics: l1_loss: 0.4999 | giou_loss: 0.8773 | center_loss: 0.0198 | total_loss: 4.2739
2025-05-26 23:24:42,908 - transvg_20250526_202035 - INFO - Epoch 5, Batch 150/1696, Loss: 4.9077
2025-05-26 23:24:42,908 - transvg_20250526_202035 - INFO - Train metrics: l1_loss: 0.5523 | giou_loss: 1.0608 | center_loss: 0.0244 | total_loss: 4.9077
2025-05-26 23:25:43,750 - transvg_20250526_202035 - INFO - Epoch 5, Batch 200/1696, Loss: 4.0931
2025-05-26 23:25:43,750 - transvg_20250526_202035 - INFO - Train metrics: l1_loss: 0.4315 | giou_loss: 0.9606 | center_loss: 0.0145 | total_loss: 4.0931
2025-05-26 23:26:44,601 - transvg_20250526_202035 - INFO - Epoch 5, Batch 250/1696, Loss: 4.4532
2025-05-26 23:26:44,601 - transvg_20250526_202035 - INFO - Train metrics: l1_loss: 0.4767 | giou_loss: 1.0263 | center_loss: 0.0171 | total_loss: 4.4532
2025-05-26 23:27:45,419 - transvg_20250526_202035 - INFO - Epoch 5, Batch 300/1696, Loss: 4.7489
2025-05-26 23:27:45,420 - transvg_20250526_202035 - INFO - Train metrics: l1_loss: 0.5302 | giou_loss: 1.0361 | center_loss: 0.0255 | total_loss: 4.7489
2025-05-26 23:28:46,209 - transvg_20250526_202035 - INFO - Epoch 5, Batch 350/1696, Loss: 4.1572
2025-05-26 23:28:46,209 - transvg_20250526_202035 - INFO - Train metrics: l1_loss: 0.4238 | giou_loss: 1.0122 | center_loss: 0.0140 | total_loss: 4.1572
2025-05-26 23:29:46,991 - transvg_20250526_202035 - INFO - Epoch 5, Batch 400/1696, Loss: 3.9558
2025-05-26 23:29:46,992 - transvg_20250526_202035 - INFO - Train metrics: l1_loss: 0.4252 | giou_loss: 0.9115 | center_loss: 0.0070 | total_loss: 3.9558
2025-05-26 23:30:47,822 - transvg_20250526_202035 - INFO - Epoch 5, Batch 450/1696, Loss: 3.6046
2025-05-26 23:30:47,822 - transvg_20250526_202035 - INFO - Train metrics: l1_loss: 0.3885 | giou_loss: 0.8266 | center_loss: 0.0089 | total_loss: 3.6046
2025-05-26 23:31:48,663 - transvg_20250526_202035 - INFO - Epoch 5, Batch 500/1696, Loss: 3.8394
2025-05-26 23:31:48,663 - transvg_20250526_202035 - INFO - Train metrics: l1_loss: 0.3959 | giou_loss: 0.9238 | center_loss: 0.0122 | total_loss: 3.8394
2025-05-26 23:32:49,507 - transvg_20250526_202035 - INFO - Epoch 5, Batch 550/1696, Loss: 4.7826
2025-05-26 23:32:49,508 - transvg_20250526_202035 - INFO - Train metrics: l1_loss: 0.5051 | giou_loss: 1.1184 | center_loss: 0.0201 | total_loss: 4.7826
2025-05-26 23:33:50,386 - transvg_20250526_202035 - INFO - Epoch 5, Batch 600/1696, Loss: 5.2543
2025-05-26 23:33:50,386 - transvg_20250526_202035 - INFO - Train metrics: l1_loss: 0.5868 | giou_loss: 1.1469 | center_loss: 0.0265 | total_loss: 5.2543
2025-05-26 23:34:51,259 - transvg_20250526_202035 - INFO - Epoch 5, Batch 650/1696, Loss: 4.2929
2025-05-26 23:34:51,259 - transvg_20250526_202035 - INFO - Train metrics: l1_loss: 0.4841 | giou_loss: 0.9269 | center_loss: 0.0186 | total_loss: 4.2929
2025-05-26 23:35:52,108 - transvg_20250526_202035 - INFO - Epoch 5, Batch 700/1696, Loss: 4.5013
2025-05-26 23:35:52,109 - transvg_20250526_202035 - INFO - Train metrics: l1_loss: 0.4958 | giou_loss: 1.0016 | center_loss: 0.0189 | total_loss: 4.5013
2025-05-26 23:36:52,948 - transvg_20250526_202035 - INFO - Epoch 5, Batch 750/1696, Loss: 3.7935
2025-05-26 23:36:52,949 - transvg_20250526_202035 - INFO - Train metrics: l1_loss: 0.4139 | giou_loss: 0.8574 | center_loss: 0.0090 | total_loss: 3.7935
2025-05-26 23:37:53,793 - transvg_20250526_202035 - INFO - Epoch 5, Batch 800/1696, Loss: 5.0383
2025-05-26 23:37:53,793 - transvg_20250526_202035 - INFO - Train metrics: l1_loss: 0.5971 | giou_loss: 1.0096 | center_loss: 0.0338 | total_loss: 5.0383
2025-05-26 23:38:54,642 - transvg_20250526_202035 - INFO - Epoch 5, Batch 850/1696, Loss: 3.3085
2025-05-26 23:38:54,642 - transvg_20250526_202035 - INFO - Train metrics: l1_loss: 0.3464 | giou_loss: 0.7850 | center_loss: 0.0063 | total_loss: 3.3085
2025-05-26 23:39:55,580 - transvg_20250526_202035 - INFO - Epoch 5, Batch 900/1696, Loss: 4.1848
2025-05-26 23:39:55,581 - transvg_20250526_202035 - INFO - Train metrics: l1_loss: 0.4391 | giou_loss: 0.9884 | center_loss: 0.0126 | total_loss: 4.1848
2025-05-26 23:40:56,436 - transvg_20250526_202035 - INFO - Epoch 5, Batch 950/1696, Loss: 4.1684
2025-05-26 23:40:56,436 - transvg_20250526_202035 - INFO - Train metrics: l1_loss: 0.4550 | giou_loss: 0.9398 | center_loss: 0.0138 | total_loss: 4.1684
2025-05-26 23:41:57,360 - transvg_20250526_202035 - INFO - Epoch 5, Batch 1000/1696, Loss: 4.7918
2025-05-26 23:41:57,360 - transvg_20250526_202035 - INFO - Train metrics: l1_loss: 0.5479 | giou_loss: 1.0137 | center_loss: 0.0251 | total_loss: 4.7918
2025-05-26 23:42:58,237 - transvg_20250526_202035 - INFO - Epoch 5, Batch 1050/1696, Loss: 4.3999
2025-05-26 23:42:58,237 - transvg_20250526_202035 - INFO - Train metrics: l1_loss: 0.5012 | giou_loss: 0.9363 | center_loss: 0.0215 | total_loss: 4.3999
2025-05-26 23:43:59,134 - transvg_20250526_202035 - INFO - Epoch 5, Batch 1100/1696, Loss: 5.1882
2025-05-26 23:43:59,134 - transvg_20250526_202035 - INFO - Train metrics: l1_loss: 0.5939 | giou_loss: 1.0915 | center_loss: 0.0358 | total_loss: 5.1882
2025-05-26 23:45:00,043 - transvg_20250526_202035 - INFO - Epoch 5, Batch 1150/1696, Loss: 3.4543
2025-05-26 23:45:00,043 - transvg_20250526_202035 - INFO - Train metrics: l1_loss: 0.3501 | giou_loss: 0.8478 | center_loss: 0.0081 | total_loss: 3.4543
2025-05-26 23:46:00,919 - transvg_20250526_202035 - INFO - Epoch 5, Batch 1200/1696, Loss: 4.6196
2025-05-26 23:46:00,919 - transvg_20250526_202035 - INFO - Train metrics: l1_loss: 0.5031 | giou_loss: 1.0414 | center_loss: 0.0212 | total_loss: 4.6196
2025-05-26 23:47:01,797 - transvg_20250526_202035 - INFO - Epoch 5, Batch 1250/1696, Loss: 3.7757
2025-05-26 23:47:01,798 - transvg_20250526_202035 - INFO - Train metrics: l1_loss: 0.4046 | giou_loss: 0.8700 | center_loss: 0.0125 | total_loss: 3.7757
2025-05-26 23:48:02,692 - transvg_20250526_202035 - INFO - Epoch 5, Batch 1300/1696, Loss: 3.5007
2025-05-26 23:48:02,692 - transvg_20250526_202035 - INFO - Train metrics: l1_loss: 0.3739 | giou_loss: 0.8098 | center_loss: 0.0115 | total_loss: 3.5007
2025-05-26 23:49:03,594 - transvg_20250526_202035 - INFO - Epoch 5, Batch 1350/1696, Loss: 4.5892
2025-05-26 23:49:03,594 - transvg_20250526_202035 - INFO - Train metrics: l1_loss: 0.5347 | giou_loss: 0.9438 | center_loss: 0.0280 | total_loss: 4.5892
2025-05-26 23:50:04,481 - transvg_20250526_202035 - INFO - Epoch 5, Batch 1400/1696, Loss: 5.2749
2025-05-26 23:50:04,481 - transvg_20250526_202035 - INFO - Train metrics: l1_loss: 0.5814 | giou_loss: 1.1685 | center_loss: 0.0310 | total_loss: 5.2749
2025-05-26 23:51:05,422 - transvg_20250526_202035 - INFO - Epoch 5, Batch 1450/1696, Loss: 4.5720
2025-05-26 23:51:05,422 - transvg_20250526_202035 - INFO - Train metrics: l1_loss: 0.5175 | giou_loss: 0.9853 | center_loss: 0.0139 | total_loss: 4.5720
2025-05-26 23:52:06,346 - transvg_20250526_202035 - INFO - Epoch 5, Batch 1500/1696, Loss: 3.6135
2025-05-26 23:52:06,347 - transvg_20250526_202035 - INFO - Train metrics: l1_loss: 0.3952 | giou_loss: 0.8124 | center_loss: 0.0126 | total_loss: 3.6135
2025-05-26 23:53:07,284 - transvg_20250526_202035 - INFO - Epoch 5, Batch 1550/1696, Loss: 5.0547
2025-05-26 23:53:07,284 - transvg_20250526_202035 - INFO - Train metrics: l1_loss: 0.5859 | giou_loss: 1.0479 | center_loss: 0.0294 | total_loss: 5.0547
2025-05-26 23:54:08,235 - transvg_20250526_202035 - INFO - Epoch 5, Batch 1600/1696, Loss: 3.9097
2025-05-26 23:54:08,236 - transvg_20250526_202035 - INFO - Train metrics: l1_loss: 0.4191 | giou_loss: 0.9006 | center_loss: 0.0129 | total_loss: 3.9097
2025-05-26 23:55:09,208 - transvg_20250526_202035 - INFO - Epoch 5, Batch 1650/1696, Loss: 4.4586
2025-05-26 23:55:09,208 - transvg_20250526_202035 - INFO - Train metrics: l1_loss: 0.4927 | giou_loss: 0.9882 | center_loss: 0.0184 | total_loss: 4.4586
2025-05-26 23:56:03,916 - transvg_20250526_202035 - INFO - Train Epoch 5, Loss: 4.3802
2025-05-26 23:57:46,056 - transvg_20250526_202035 - INFO - Pred box sample: [112.92425537109375, 59.930877685546875, 315.634521484375, 252.5503387451172]
2025-05-26 23:57:46,056 - transvg_20250526_202035 - INFO - Target box sample: [207.0, 198.0, 287.0, 283.0]
2025-05-26 23:57:46,132 - transvg_20250526_202035 - INFO - Validation Epoch 5, Loss: 4.4159
2025-05-26 23:57:46,132 - transvg_20250526_202035 - INFO - Val metrics: Acc@0.25: 0.3291 | Acc@0.5: 0.1216 | Acc@0.75: 0.0157 | mIoU: 0.1899 | medianIoU: 0.0983 | mae_x1: 96.6390 | mae_y1: 97.1830 | mae_x2: 103.8818 | mae_y2: 93.8282 | center_x_error: 84.3811 | center_y_error: 78.5193 | width_error: 2.6539 | height_error: 2.6035 | loss: 4.4159
2025-05-26 23:57:47,032 - transvg_20250526_202035 - INFO - Saved model checkpoint to /home/pokle/Trans-VG/visual_grounding/checkpoints/transvg_20250526_202035_epoch5.pth
2025-05-26 23:57:47,033 - transvg_20250526_202035 - INFO - Epoch 6/200
2025-05-26 23:57:49,638 - transvg_20250526_202035 - INFO - Epoch 6, Batch 0/1696, Loss: 3.9673
2025-05-26 23:57:49,639 - transvg_20250526_202035 - INFO - Train metrics: l1_loss: 0.4241 | giou_loss: 0.9158 | center_loss: 0.0151 | total_loss: 3.9673
2025-05-26 23:58:50,611 - transvg_20250526_202035 - INFO - Epoch 6, Batch 50/1696, Loss: 3.5180
2025-05-26 23:58:50,611 - transvg_20250526_202035 - INFO - Train metrics: l1_loss: 0.3854 | giou_loss: 0.7925 | center_loss: 0.0060 | total_loss: 3.5180
2025-05-26 23:59:51,553 - transvg_20250526_202035 - INFO - Epoch 6, Batch 100/1696, Loss: 3.7620
2025-05-26 23:59:51,553 - transvg_20250526_202035 - INFO - Train metrics: l1_loss: 0.4210 | giou_loss: 0.8238 | center_loss: 0.0095 | total_loss: 3.7620
2025-05-27 00:00:52,406 - transvg_20250526_202035 - INFO - Epoch 6, Batch 150/1696, Loss: 4.1560
2025-05-27 00:00:52,406 - transvg_20250526_202035 - INFO - Train metrics: l1_loss: 0.4454 | giou_loss: 0.9598 | center_loss: 0.0092 | total_loss: 4.1560
2025-05-27 00:01:53,293 - transvg_20250526_202035 - INFO - Epoch 6, Batch 200/1696, Loss: 4.6203
2025-05-27 00:01:53,294 - transvg_20250526_202035 - INFO - Train metrics: l1_loss: 0.5049 | giou_loss: 1.0366 | center_loss: 0.0227 | total_loss: 4.6203
2025-05-27 00:02:54,228 - transvg_20250526_202035 - INFO - Epoch 6, Batch 250/1696, Loss: 4.1224
2025-05-27 00:02:54,229 - transvg_20250526_202035 - INFO - Train metrics: l1_loss: 0.4458 | giou_loss: 0.9405 | center_loss: 0.0124 | total_loss: 4.1224
2025-05-27 00:03:55,135 - transvg_20250526_202035 - INFO - Epoch 6, Batch 300/1696, Loss: 4.3988
2025-05-27 00:03:55,136 - transvg_20250526_202035 - INFO - Train metrics: l1_loss: 0.4874 | giou_loss: 0.9682 | center_loss: 0.0254 | total_loss: 4.3988
2025-05-27 00:04:55,972 - transvg_20250526_202035 - INFO - Epoch 6, Batch 350/1696, Loss: 5.3700
2025-05-27 00:04:55,973 - transvg_20250526_202035 - INFO - Train metrics: l1_loss: 0.5870 | giou_loss: 1.2027 | center_loss: 0.0297 | total_loss: 5.3700
2025-05-27 00:05:56,779 - transvg_20250526_202035 - INFO - Epoch 6, Batch 400/1696, Loss: 4.0434
2025-05-27 00:05:56,779 - transvg_20250526_202035 - INFO - Train metrics: l1_loss: 0.4256 | giou_loss: 0.9505 | center_loss: 0.0146 | total_loss: 4.0434
2025-05-27 00:06:57,634 - transvg_20250526_202035 - INFO - Epoch 6, Batch 450/1696, Loss: 4.7552
2025-05-27 00:06:57,634 - transvg_20250526_202035 - INFO - Train metrics: l1_loss: 0.5075 | giou_loss: 1.0978 | center_loss: 0.0220 | total_loss: 4.7552
2025-05-27 00:07:58,510 - transvg_20250526_202035 - INFO - Epoch 6, Batch 500/1696, Loss: 4.8391
2025-05-27 00:07:58,510 - transvg_20250526_202035 - INFO - Train metrics: l1_loss: 0.5282 | giou_loss: 1.0874 | center_loss: 0.0234 | total_loss: 4.8391
2025-05-27 00:08:59,433 - transvg_20250526_202035 - INFO - Epoch 6, Batch 550/1696, Loss: 3.8034
2025-05-27 00:08:59,433 - transvg_20250526_202035 - INFO - Train metrics: l1_loss: 0.3880 | giou_loss: 0.9273 | center_loss: 0.0086 | total_loss: 3.8034
2025-05-27 00:10:00,371 - transvg_20250526_202035 - INFO - Epoch 6, Batch 600/1696, Loss: 3.6758
2025-05-27 00:10:00,371 - transvg_20250526_202035 - INFO - Train metrics: l1_loss: 0.3752 | giou_loss: 0.8935 | center_loss: 0.0127 | total_loss: 3.6758
2025-05-27 00:11:01,303 - transvg_20250526_202035 - INFO - Epoch 6, Batch 650/1696, Loss: 4.0742
2025-05-27 00:11:01,303 - transvg_20250526_202035 - INFO - Train metrics: l1_loss: 0.4219 | giou_loss: 0.9759 | center_loss: 0.0130 | total_loss: 4.0742
2025-05-27 00:12:02,259 - transvg_20250526_202035 - INFO - Epoch 6, Batch 700/1696, Loss: 4.3859
2025-05-27 00:12:02,259 - transvg_20250526_202035 - INFO - Train metrics: l1_loss: 0.5063 | giou_loss: 0.9174 | center_loss: 0.0198 | total_loss: 4.3859
2025-05-27 00:13:03,179 - transvg_20250526_202035 - INFO - Epoch 6, Batch 750/1696, Loss: 4.3188
2025-05-27 00:13:03,179 - transvg_20250526_202035 - INFO - Train metrics: l1_loss: 0.4691 | giou_loss: 0.9799 | center_loss: 0.0134 | total_loss: 4.3188
2025-05-27 00:14:04,071 - transvg_20250526_202035 - INFO - Epoch 6, Batch 800/1696, Loss: 4.2826
2025-05-27 00:14:04,071 - transvg_20250526_202035 - INFO - Train metrics: l1_loss: 0.4605 | giou_loss: 0.9824 | center_loss: 0.0155 | total_loss: 4.2826
2025-05-27 00:15:04,966 - transvg_20250526_202035 - INFO - Epoch 6, Batch 850/1696, Loss: 4.9931
2025-05-27 00:15:04,967 - transvg_20250526_202035 - INFO - Train metrics: l1_loss: 0.5400 | giou_loss: 1.1333 | center_loss: 0.0267 | total_loss: 4.9931
2025-05-27 00:16:05,835 - transvg_20250526_202035 - INFO - Epoch 6, Batch 900/1696, Loss: 4.3122
2025-05-27 00:16:05,835 - transvg_20250526_202035 - INFO - Train metrics: l1_loss: 0.4557 | giou_loss: 1.0090 | center_loss: 0.0157 | total_loss: 4.3122
2025-05-27 00:17:06,697 - transvg_20250526_202035 - INFO - Epoch 6, Batch 950/1696, Loss: 4.3768
2025-05-27 00:17:06,697 - transvg_20250526_202035 - INFO - Train metrics: l1_loss: 0.4858 | giou_loss: 0.9618 | center_loss: 0.0240 | total_loss: 4.3768
2025-05-27 00:18:07,553 - transvg_20250526_202035 - INFO - Epoch 6, Batch 1000/1696, Loss: 4.7060
2025-05-27 00:18:07,553 - transvg_20250526_202035 - INFO - Train metrics: l1_loss: 0.5192 | giou_loss: 1.0446 | center_loss: 0.0210 | total_loss: 4.7060
2025-05-27 00:19:08,375 - transvg_20250526_202035 - INFO - Epoch 6, Batch 1050/1696, Loss: 4.3896
2025-05-27 00:19:08,375 - transvg_20250526_202035 - INFO - Train metrics: l1_loss: 0.4665 | giou_loss: 1.0196 | center_loss: 0.0182 | total_loss: 4.3896
2025-05-27 00:20:09,210 - transvg_20250526_202035 - INFO - Epoch 6, Batch 1100/1696, Loss: 5.0076
2025-05-27 00:20:09,210 - transvg_20250526_202035 - INFO - Train metrics: l1_loss: 0.5608 | giou_loss: 1.0889 | center_loss: 0.0257 | total_loss: 5.0076
2025-05-27 00:21:10,013 - transvg_20250526_202035 - INFO - Epoch 6, Batch 1150/1696, Loss: 4.9161
2025-05-27 00:21:10,013 - transvg_20250526_202035 - INFO - Train metrics: l1_loss: 0.5656 | giou_loss: 1.0314 | center_loss: 0.0251 | total_loss: 4.9161
2025-05-27 00:22:10,868 - transvg_20250526_202035 - INFO - Epoch 6, Batch 1200/1696, Loss: 4.4437
2025-05-27 00:22:10,869 - transvg_20250526_202035 - INFO - Train metrics: l1_loss: 0.4795 | giou_loss: 1.0158 | center_loss: 0.0143 | total_loss: 4.4437
2025-05-27 00:23:11,712 - transvg_20250526_202035 - INFO - Epoch 6, Batch 1250/1696, Loss: 4.0310
2025-05-27 00:23:11,712 - transvg_20250526_202035 - INFO - Train metrics: l1_loss: 0.4489 | giou_loss: 0.8840 | center_loss: 0.0186 | total_loss: 4.0310
2025-05-27 00:24:12,514 - transvg_20250526_202035 - INFO - Epoch 6, Batch 1300/1696, Loss: 4.9929
2025-05-27 00:24:12,514 - transvg_20250526_202035 - INFO - Train metrics: l1_loss: 0.5554 | giou_loss: 1.0938 | center_loss: 0.0281 | total_loss: 4.9929
2025-05-27 00:25:13,338 - transvg_20250526_202035 - INFO - Epoch 6, Batch 1350/1696, Loss: 4.1499
2025-05-27 00:25:13,338 - transvg_20250526_202035 - INFO - Train metrics: l1_loss: 0.4234 | giou_loss: 1.0099 | center_loss: 0.0131 | total_loss: 4.1499
2025-05-27 00:26:14,186 - transvg_20250526_202035 - INFO - Epoch 6, Batch 1400/1696, Loss: 4.2503
2025-05-27 00:26:14,186 - transvg_20250526_202035 - INFO - Train metrics: l1_loss: 0.4582 | giou_loss: 0.9714 | center_loss: 0.0163 | total_loss: 4.2503
2025-05-27 00:27:15,014 - transvg_20250526_202035 - INFO - Epoch 6, Batch 1450/1696, Loss: 5.0436
2025-05-27 00:27:15,015 - transvg_20250526_202035 - INFO - Train metrics: l1_loss: 0.5677 | giou_loss: 1.0893 | center_loss: 0.0264 | total_loss: 5.0436
2025-05-27 00:28:15,827 - transvg_20250526_202035 - INFO - Epoch 6, Batch 1500/1696, Loss: 5.6569
2025-05-27 00:28:15,827 - transvg_20250526_202035 - INFO - Train metrics: l1_loss: 0.6505 | giou_loss: 1.1846 | center_loss: 0.0351 | total_loss: 5.6569
2025-05-27 00:29:16,672 - transvg_20250526_202035 - INFO - Epoch 6, Batch 1550/1696, Loss: 4.5166
2025-05-27 00:29:16,672 - transvg_20250526_202035 - INFO - Train metrics: l1_loss: 0.5060 | giou_loss: 0.9845 | center_loss: 0.0175 | total_loss: 4.5166
2025-05-27 00:30:17,562 - transvg_20250526_202035 - INFO - Epoch 6, Batch 1600/1696, Loss: 5.1485
2025-05-27 00:30:17,562 - transvg_20250526_202035 - INFO - Train metrics: l1_loss: 0.5812 | giou_loss: 1.1080 | center_loss: 0.0262 | total_loss: 5.1485
2025-05-27 00:31:18,518 - transvg_20250526_202035 - INFO - Epoch 6, Batch 1650/1696, Loss: 4.4233
2025-05-27 00:31:18,518 - transvg_20250526_202035 - INFO - Train metrics: l1_loss: 0.4871 | giou_loss: 0.9866 | center_loss: 0.0147 | total_loss: 4.4233
2025-05-27 00:32:13,203 - transvg_20250526_202035 - INFO - Train Epoch 6, Loss: 4.3548
2025-05-27 00:33:55,627 - transvg_20250526_202035 - INFO - Pred box sample: [115.72187805175781, 79.10030364990234, 277.2522888183594, 226.65020751953125]
2025-05-27 00:33:55,628 - transvg_20250526_202035 - INFO - Target box sample: [207.0, 198.0, 287.0, 283.0]
2025-05-27 00:33:55,709 - transvg_20250526_202035 - INFO - Validation Epoch 6, Loss: 4.4231
2025-05-27 00:33:55,709 - transvg_20250526_202035 - INFO - Val metrics: Acc@0.25: 0.3270 | Acc@0.5: 0.1208 | Acc@0.75: 0.0154 | mIoU: 0.1875 | medianIoU: 0.0891 | mae_x1: 98.7678 | mae_y1: 94.3096 | mae_x2: 98.6701 | mae_y2: 94.7507 | center_x_error: 83.8600 | center_y_error: 78.3495 | width_error: 2.3776 | height_error: 2.4677 | loss: 4.4231
2025-05-27 00:33:56,623 - transvg_20250526_202035 - INFO - Saved model checkpoint to /home/pokle/Trans-VG/visual_grounding/checkpoints/transvg_20250526_202035_epoch6.pth
2025-05-27 00:33:56,624 - transvg_20250526_202035 - INFO - Epoch 7/200
2025-05-27 00:33:59,192 - transvg_20250526_202035 - INFO - Epoch 7, Batch 0/1696, Loss: 4.5215
2025-05-27 00:33:59,192 - transvg_20250526_202035 - INFO - Train metrics: l1_loss: 0.4620 | giou_loss: 1.0980 | center_loss: 0.0156 | total_loss: 4.5215
2025-05-27 00:35:00,124 - transvg_20250526_202035 - INFO - Epoch 7, Batch 50/1696, Loss: 3.5742
2025-05-27 00:35:00,125 - transvg_20250526_202035 - INFO - Train metrics: l1_loss: 0.3760 | giou_loss: 0.8416 | center_loss: 0.0109 | total_loss: 3.5742
2025-05-27 00:36:01,053 - transvg_20250526_202035 - INFO - Epoch 7, Batch 100/1696, Loss: 4.1542
2025-05-27 00:36:01,054 - transvg_20250526_202035 - INFO - Train metrics: l1_loss: 0.4428 | giou_loss: 0.9631 | center_loss: 0.0143 | total_loss: 4.1542
2025-05-27 00:37:01,888 - transvg_20250526_202035 - INFO - Epoch 7, Batch 150/1696, Loss: 3.9402
2025-05-27 00:37:01,889 - transvg_20250526_202035 - INFO - Train metrics: l1_loss: 0.4133 | giou_loss: 0.9304 | center_loss: 0.0129 | total_loss: 3.9402
2025-05-27 00:38:02,688 - transvg_20250526_202035 - INFO - Epoch 7, Batch 200/1696, Loss: 3.9179
2025-05-27 00:38:02,689 - transvg_20250526_202035 - INFO - Train metrics: l1_loss: 0.4065 | giou_loss: 0.9358 | center_loss: 0.0139 | total_loss: 3.9179
2025-05-27 00:39:03,563 - transvg_20250526_202035 - INFO - Epoch 7, Batch 250/1696, Loss: 4.5784
2025-05-27 00:39:03,563 - transvg_20250526_202035 - INFO - Train metrics: l1_loss: 0.5228 | giou_loss: 0.9712 | center_loss: 0.0219 | total_loss: 4.5784
2025-05-27 00:40:04,481 - transvg_20250526_202035 - INFO - Epoch 7, Batch 300/1696, Loss: 3.9489
2025-05-27 00:40:04,481 - transvg_20250526_202035 - INFO - Train metrics: l1_loss: 0.4227 | giou_loss: 0.9103 | center_loss: 0.0146 | total_loss: 3.9489
2025-05-27 00:41:05,410 - transvg_20250526_202035 - INFO - Epoch 7, Batch 350/1696, Loss: 4.8447
2025-05-27 00:41:05,411 - transvg_20250526_202035 - INFO - Train metrics: l1_loss: 0.5560 | giou_loss: 1.0197 | center_loss: 0.0255 | total_loss: 4.8447
2025-05-27 00:42:06,332 - transvg_20250526_202035 - INFO - Epoch 7, Batch 400/1696, Loss: 4.1307
2025-05-27 00:42:06,332 - transvg_20250526_202035 - INFO - Train metrics: l1_loss: 0.4314 | giou_loss: 0.9814 | center_loss: 0.0110 | total_loss: 4.1307
2025-05-27 00:43:07,228 - transvg_20250526_202035 - INFO - Epoch 7, Batch 450/1696, Loss: 4.4598
2025-05-27 00:43:07,229 - transvg_20250526_202035 - INFO - Train metrics: l1_loss: 0.5092 | giou_loss: 0.9486 | center_loss: 0.0168 | total_loss: 4.4598
2025-05-27 00:44:08,110 - transvg_20250526_202035 - INFO - Epoch 7, Batch 500/1696, Loss: 5.1749
2025-05-27 00:44:08,111 - transvg_20250526_202035 - INFO - Train metrics: l1_loss: 0.6018 | giou_loss: 1.0675 | center_loss: 0.0308 | total_loss: 5.1749
2025-05-27 00:45:09,029 - transvg_20250526_202035 - INFO - Epoch 7, Batch 550/1696, Loss: 4.3277
2025-05-27 00:45:09,029 - transvg_20250526_202035 - INFO - Train metrics: l1_loss: 0.4590 | giou_loss: 1.0064 | center_loss: 0.0198 | total_loss: 4.3277
2025-05-27 00:46:09,941 - transvg_20250526_202035 - INFO - Epoch 7, Batch 600/1696, Loss: 3.9129
2025-05-27 00:46:09,941 - transvg_20250526_202035 - INFO - Train metrics: l1_loss: 0.4411 | giou_loss: 0.8488 | center_loss: 0.0099 | total_loss: 3.9129
2025-05-27 00:47:10,847 - transvg_20250526_202035 - INFO - Epoch 7, Batch 650/1696, Loss: 5.1812
2025-05-27 00:47:10,847 - transvg_20250526_202035 - INFO - Train metrics: l1_loss: 0.5834 | giou_loss: 1.1182 | center_loss: 0.0281 | total_loss: 5.1812
2025-05-27 00:48:11,776 - transvg_20250526_202035 - INFO - Epoch 7, Batch 700/1696, Loss: 4.2874
2025-05-27 00:48:11,776 - transvg_20250526_202035 - INFO - Train metrics: l1_loss: 0.4727 | giou_loss: 0.9549 | center_loss: 0.0139 | total_loss: 4.2874
2025-05-27 00:49:12,690 - transvg_20250526_202035 - INFO - Epoch 7, Batch 750/1696, Loss: 3.1333
2025-05-27 00:49:12,690 - transvg_20250526_202035 - INFO - Train metrics: l1_loss: 0.3479 | giou_loss: 0.6916 | center_loss: 0.0105 | total_loss: 3.1333
2025-05-27 00:50:13,607 - transvg_20250526_202035 - INFO - Epoch 7, Batch 800/1696, Loss: 4.5410
2025-05-27 00:50:13,607 - transvg_20250526_202035 - INFO - Train metrics: l1_loss: 0.4761 | giou_loss: 1.0714 | center_loss: 0.0177 | total_loss: 4.5410
2025-05-27 00:51:14,499 - transvg_20250526_202035 - INFO - Epoch 7, Batch 850/1696, Loss: 3.9261
2025-05-27 00:51:14,499 - transvg_20250526_202035 - INFO - Train metrics: l1_loss: 0.4152 | giou_loss: 0.9204 | center_loss: 0.0092 | total_loss: 3.9261
2025-05-27 00:52:15,393 - transvg_20250526_202035 - INFO - Epoch 7, Batch 900/1696, Loss: 5.0048
2025-05-27 00:52:15,394 - transvg_20250526_202035 - INFO - Train metrics: l1_loss: 0.5904 | giou_loss: 1.0127 | center_loss: 0.0274 | total_loss: 5.0048
2025-05-27 00:53:16,319 - transvg_20250526_202035 - INFO - Epoch 7, Batch 950/1696, Loss: 4.1589
2025-05-27 00:53:16,320 - transvg_20250526_202035 - INFO - Train metrics: l1_loss: 0.4403 | giou_loss: 0.9722 | center_loss: 0.0128 | total_loss: 4.1589
2025-05-27 00:54:17,255 - transvg_20250526_202035 - INFO - Epoch 7, Batch 1000/1696, Loss: 3.7333
2025-05-27 00:54:17,255 - transvg_20250526_202035 - INFO - Train metrics: l1_loss: 0.4025 | giou_loss: 0.8551 | center_loss: 0.0107 | total_loss: 3.7333
2025-05-27 00:55:18,221 - transvg_20250526_202035 - INFO - Epoch 7, Batch 1050/1696, Loss: 5.4141
2025-05-27 00:55:18,222 - transvg_20250526_202035 - INFO - Train metrics: l1_loss: 0.6395 | giou_loss: 1.0893 | center_loss: 0.0378 | total_loss: 5.4141
2025-05-27 00:56:19,176 - transvg_20250526_202035 - INFO - Epoch 7, Batch 1100/1696, Loss: 4.6291
2025-05-27 00:56:19,177 - transvg_20250526_202035 - INFO - Train metrics: l1_loss: 0.5094 | giou_loss: 1.0282 | center_loss: 0.0257 | total_loss: 4.6291
2025-05-27 00:57:20,110 - transvg_20250526_202035 - INFO - Epoch 7, Batch 1150/1696, Loss: 4.6537
2025-05-27 00:57:20,110 - transvg_20250526_202035 - INFO - Train metrics: l1_loss: 0.5036 | giou_loss: 1.0585 | center_loss: 0.0186 | total_loss: 4.6537
2025-05-27 00:58:21,070 - transvg_20250526_202035 - INFO - Epoch 7, Batch 1200/1696, Loss: 4.7557
2025-05-27 00:58:21,070 - transvg_20250526_202035 - INFO - Train metrics: l1_loss: 0.5391 | giou_loss: 1.0168 | center_loss: 0.0266 | total_loss: 4.7557
2025-05-27 00:59:22,035 - transvg_20250526_202035 - INFO - Epoch 7, Batch 1250/1696, Loss: 3.7081
2025-05-27 00:59:22,036 - transvg_20250526_202035 - INFO - Train metrics: l1_loss: 0.3878 | giou_loss: 0.8788 | center_loss: 0.0115 | total_loss: 3.7081
2025-05-27 01:00:22,991 - transvg_20250526_202035 - INFO - Epoch 7, Batch 1300/1696, Loss: 4.3124
2025-05-27 01:00:22,992 - transvg_20250526_202035 - INFO - Train metrics: l1_loss: 0.4491 | giou_loss: 1.0260 | center_loss: 0.0149 | total_loss: 4.3124
2025-05-27 01:01:23,937 - transvg_20250526_202035 - INFO - Epoch 7, Batch 1350/1696, Loss: 3.6453
2025-05-27 01:01:23,937 - transvg_20250526_202035 - INFO - Train metrics: l1_loss: 0.3873 | giou_loss: 0.8491 | center_loss: 0.0106 | total_loss: 3.6453
2025-05-27 01:02:24,897 - transvg_20250526_202035 - INFO - Epoch 7, Batch 1400/1696, Loss: 5.2280
2025-05-27 01:02:24,897 - transvg_20250526_202035 - INFO - Train metrics: l1_loss: 0.6011 | giou_loss: 1.0964 | center_loss: 0.0295 | total_loss: 5.2280
2025-05-27 01:03:25,817 - transvg_20250526_202035 - INFO - Epoch 7, Batch 1450/1696, Loss: 4.0481
2025-05-27 01:03:25,817 - transvg_20250526_202035 - INFO - Train metrics: l1_loss: 0.4098 | giou_loss: 0.9949 | center_loss: 0.0094 | total_loss: 4.0481
2025-05-27 01:04:26,775 - transvg_20250526_202035 - INFO - Epoch 7, Batch 1500/1696, Loss: 4.2810
2025-05-27 01:04:26,775 - transvg_20250526_202035 - INFO - Train metrics: l1_loss: 0.4918 | giou_loss: 0.9011 | center_loss: 0.0197 | total_loss: 4.2810
2025-05-27 01:05:27,730 - transvg_20250526_202035 - INFO - Epoch 7, Batch 1550/1696, Loss: 4.0338
2025-05-27 01:05:27,730 - transvg_20250526_202035 - INFO - Train metrics: l1_loss: 0.4307 | giou_loss: 0.9318 | center_loss: 0.0165 | total_loss: 4.0338
2025-05-27 01:06:28,659 - transvg_20250526_202035 - INFO - Epoch 7, Batch 1600/1696, Loss: 3.9744
2025-05-27 01:06:28,659 - transvg_20250526_202035 - INFO - Train metrics: l1_loss: 0.4409 | giou_loss: 0.8790 | center_loss: 0.0117 | total_loss: 3.9744
2025-05-27 01:07:29,618 - transvg_20250526_202035 - INFO - Epoch 7, Batch 1650/1696, Loss: 4.9703
2025-05-27 01:07:29,618 - transvg_20250526_202035 - INFO - Train metrics: l1_loss: 0.5542 | giou_loss: 1.0873 | center_loss: 0.0244 | total_loss: 4.9703
2025-05-27 01:08:24,283 - transvg_20250526_202035 - INFO - Train Epoch 7, Loss: 4.3367
2025-05-27 01:10:06,547 - transvg_20250526_202035 - INFO - Pred box sample: [58.776790618896484, 65.11245727539062, 221.8507080078125, 232.33773803710938]
2025-05-27 01:10:06,548 - transvg_20250526_202035 - INFO - Target box sample: [207.0, 198.0, 287.0, 283.0]
2025-05-27 01:10:06,628 - transvg_20250526_202035 - INFO - Validation Epoch 7, Loss: 4.4377
2025-05-27 01:10:06,628 - transvg_20250526_202035 - INFO - Val metrics: Acc@0.25: 0.3288 | Acc@0.5: 0.1195 | Acc@0.75: 0.0146 | mIoU: 0.1879 | medianIoU: 0.0927 | mae_x1: 103.9253 | mae_y1: 97.4610 | mae_x2: 97.8365 | mae_y2: 95.8215 | center_x_error: 86.0411 | center_y_error: 78.4603 | width_error: 2.6279 | height_error: 2.7236 | loss: 4.4377
2025-05-27 01:10:07,538 - transvg_20250526_202035 - INFO - Saved model checkpoint to /home/pokle/Trans-VG/visual_grounding/checkpoints/transvg_20250526_202035_epoch7.pth
2025-05-27 01:10:07,539 - transvg_20250526_202035 - INFO - Epoch 8/200
2025-05-27 01:10:10,125 - transvg_20250526_202035 - INFO - Epoch 8, Batch 0/1696, Loss: 3.8297
2025-05-27 01:10:10,125 - transvg_20250526_202035 - INFO - Train metrics: l1_loss: 0.4062 | giou_loss: 0.8955 | center_loss: 0.0080 | total_loss: 3.8297
2025-05-27 01:11:11,111 - transvg_20250526_202035 - INFO - Epoch 8, Batch 50/1696, Loss: 4.4334
2025-05-27 01:11:11,111 - transvg_20250526_202035 - INFO - Train metrics: l1_loss: 0.4774 | giou_loss: 1.0161 | center_loss: 0.0145 | total_loss: 4.4334
2025-05-27 01:12:12,084 - transvg_20250526_202035 - INFO - Epoch 8, Batch 100/1696, Loss: 3.6909
2025-05-27 01:12:12,084 - transvg_20250526_202035 - INFO - Train metrics: l1_loss: 0.4038 | giou_loss: 0.8302 | center_loss: 0.0115 | total_loss: 3.6909
2025-05-27 01:13:13,065 - transvg_20250526_202035 - INFO - Epoch 8, Batch 150/1696, Loss: 3.7621
2025-05-27 01:13:13,065 - transvg_20250526_202035 - INFO - Train metrics: l1_loss: 0.3783 | giou_loss: 0.9314 | center_loss: 0.0077 | total_loss: 3.7621
2025-05-27 01:14:13,990 - transvg_20250526_202035 - INFO - Epoch 8, Batch 200/1696, Loss: 3.6957
2025-05-27 01:14:13,990 - transvg_20250526_202035 - INFO - Train metrics: l1_loss: 0.3929 | giou_loss: 0.8604 | center_loss: 0.0102 | total_loss: 3.6957
2025-05-27 01:15:14,928 - transvg_20250526_202035 - INFO - Epoch 8, Batch 250/1696, Loss: 4.4885
2025-05-27 01:15:14,928 - transvg_20250526_202035 - INFO - Train metrics: l1_loss: 0.5094 | giou_loss: 0.9593 | center_loss: 0.0228 | total_loss: 4.4885
2025-05-27 01:16:15,897 - transvg_20250526_202035 - INFO - Epoch 8, Batch 300/1696, Loss: 4.6589
2025-05-27 01:16:15,898 - transvg_20250526_202035 - INFO - Train metrics: l1_loss: 0.5321 | giou_loss: 0.9873 | center_loss: 0.0240 | total_loss: 4.6589
2025-05-27 01:17:16,873 - transvg_20250526_202035 - INFO - Epoch 8, Batch 350/1696, Loss: 3.7989
2025-05-27 01:17:16,873 - transvg_20250526_202035 - INFO - Train metrics: l1_loss: 0.4081 | giou_loss: 0.8739 | center_loss: 0.0108 | total_loss: 3.7989
2025-05-27 01:18:17,830 - transvg_20250526_202035 - INFO - Epoch 8, Batch 400/1696, Loss: 3.5909
2025-05-27 01:18:17,830 - transvg_20250526_202035 - INFO - Train metrics: l1_loss: 0.3601 | giou_loss: 0.8908 | center_loss: 0.0086 | total_loss: 3.5909
2025-05-27 01:19:18,746 - transvg_20250526_202035 - INFO - Epoch 8, Batch 450/1696, Loss: 3.8603
2025-05-27 01:19:18,746 - transvg_20250526_202035 - INFO - Train metrics: l1_loss: 0.4036 | giou_loss: 0.9159 | center_loss: 0.0106 | total_loss: 3.8603
2025-05-27 01:20:19,651 - transvg_20250526_202035 - INFO - Epoch 8, Batch 500/1696, Loss: 5.4662
2025-05-27 01:20:19,651 - transvg_20250526_202035 - INFO - Train metrics: l1_loss: 0.6028 | giou_loss: 1.2101 | center_loss: 0.0320 | total_loss: 5.4662
2025-05-27 01:21:20,562 - transvg_20250526_202035 - INFO - Epoch 8, Batch 550/1696, Loss: 4.0767
2025-05-27 01:21:20,563 - transvg_20250526_202035 - INFO - Train metrics: l1_loss: 0.4357 | giou_loss: 0.9418 | center_loss: 0.0145 | total_loss: 4.0767
2025-05-27 01:22:21,431 - transvg_20250526_202035 - INFO - Epoch 8, Batch 600/1696, Loss: 4.3539
2025-05-27 01:22:21,431 - transvg_20250526_202035 - INFO - Train metrics: l1_loss: 0.4424 | giou_loss: 1.0635 | center_loss: 0.0151 | total_loss: 4.3539
2025-05-27 01:23:22,306 - transvg_20250526_202035 - INFO - Epoch 8, Batch 650/1696, Loss: 4.1773
2025-05-27 01:23:22,306 - transvg_20250526_202035 - INFO - Train metrics: l1_loss: 0.4390 | giou_loss: 0.9844 | center_loss: 0.0135 | total_loss: 4.1773
2025-05-27 01:24:23,226 - transvg_20250526_202035 - INFO - Epoch 8, Batch 700/1696, Loss: 3.1893
2025-05-27 01:24:23,227 - transvg_20250526_202035 - INFO - Train metrics: l1_loss: 0.3183 | giou_loss: 0.7962 | center_loss: 0.0056 | total_loss: 3.1893
2025-05-27 01:25:24,162 - transvg_20250526_202035 - INFO - Epoch 8, Batch 750/1696, Loss: 3.7416
2025-05-27 01:25:24,163 - transvg_20250526_202035 - INFO - Train metrics: l1_loss: 0.3960 | giou_loss: 0.8755 | center_loss: 0.0105 | total_loss: 3.7416
2025-05-27 01:26:25,112 - transvg_20250526_202035 - INFO - Epoch 8, Batch 800/1696, Loss: 4.3551
2025-05-27 01:26:25,112 - transvg_20250526_202035 - INFO - Train metrics: l1_loss: 0.4820 | giou_loss: 0.9653 | center_loss: 0.0147 | total_loss: 4.3551
2025-05-27 01:27:26,049 - transvg_20250526_202035 - INFO - Epoch 8, Batch 850/1696, Loss: 4.0707
2025-05-27 01:27:26,050 - transvg_20250526_202035 - INFO - Train metrics: l1_loss: 0.4435 | giou_loss: 0.9195 | center_loss: 0.0143 | total_loss: 4.0707
2025-05-27 01:28:27,010 - transvg_20250526_202035 - INFO - Epoch 8, Batch 900/1696, Loss: 4.5742
2025-05-27 01:28:27,010 - transvg_20250526_202035 - INFO - Train metrics: l1_loss: 0.5282 | giou_loss: 0.9531 | center_loss: 0.0270 | total_loss: 4.5742
2025-05-27 01:29:27,945 - transvg_20250526_202035 - INFO - Epoch 8, Batch 950/1696, Loss: 3.8427
2025-05-27 01:29:27,946 - transvg_20250526_202035 - INFO - Train metrics: l1_loss: 0.3895 | giou_loss: 0.9406 | center_loss: 0.0138 | total_loss: 3.8427
2025-05-27 01:30:28,873 - transvg_20250526_202035 - INFO - Epoch 8, Batch 1000/1696, Loss: 3.8380
2025-05-27 01:30:28,873 - transvg_20250526_202035 - INFO - Train metrics: l1_loss: 0.4147 | giou_loss: 0.8767 | center_loss: 0.0112 | total_loss: 3.8380
2025-05-27 01:31:29,812 - transvg_20250526_202035 - INFO - Epoch 8, Batch 1050/1696, Loss: 4.4183
2025-05-27 01:31:29,813 - transvg_20250526_202035 - INFO - Train metrics: l1_loss: 0.4651 | giou_loss: 1.0383 | center_loss: 0.0162 | total_loss: 4.4183
2025-05-27 01:32:30,765 - transvg_20250526_202035 - INFO - Epoch 8, Batch 1100/1696, Loss: 4.4697
2025-05-27 01:32:30,766 - transvg_20250526_202035 - INFO - Train metrics: l1_loss: 0.4891 | giou_loss: 1.0011 | center_loss: 0.0218 | total_loss: 4.4697
2025-05-27 01:33:31,734 - transvg_20250526_202035 - INFO - Epoch 8, Batch 1150/1696, Loss: 5.4040
2025-05-27 01:33:31,735 - transvg_20250526_202035 - INFO - Train metrics: l1_loss: 0.6440 | giou_loss: 1.0728 | center_loss: 0.0384 | total_loss: 5.4040
2025-05-27 01:34:32,694 - transvg_20250526_202035 - INFO - Epoch 8, Batch 1200/1696, Loss: 3.5856
2025-05-27 01:34:32,694 - transvg_20250526_202035 - INFO - Train metrics: l1_loss: 0.3736 | giou_loss: 0.8527 | center_loss: 0.0123 | total_loss: 3.5856
2025-05-27 01:35:33,651 - transvg_20250526_202035 - INFO - Epoch 8, Batch 1250/1696, Loss: 5.0409
2025-05-27 01:35:33,651 - transvg_20250526_202035 - INFO - Train metrics: l1_loss: 0.5780 | giou_loss: 1.0601 | center_loss: 0.0307 | total_loss: 5.0409
2025-05-27 01:36:34,597 - transvg_20250526_202035 - INFO - Epoch 8, Batch 1300/1696, Loss: 5.0703
2025-05-27 01:36:34,597 - transvg_20250526_202035 - INFO - Train metrics: l1_loss: 0.5537 | giou_loss: 1.1392 | center_loss: 0.0234 | total_loss: 5.0703
2025-05-27 01:37:35,559 - transvg_20250526_202035 - INFO - Epoch 8, Batch 1350/1696, Loss: 4.0534
2025-05-27 01:37:35,559 - transvg_20250526_202035 - INFO - Train metrics: l1_loss: 0.4519 | giou_loss: 0.8925 | center_loss: 0.0092 | total_loss: 4.0534
2025-05-27 01:38:36,495 - transvg_20250526_202035 - INFO - Epoch 8, Batch 1400/1696, Loss: 4.5379
2025-05-27 01:38:36,495 - transvg_20250526_202035 - INFO - Train metrics: l1_loss: 0.5370 | giou_loss: 0.9145 | center_loss: 0.0239 | total_loss: 4.5379
2025-05-27 01:39:37,427 - transvg_20250526_202035 - INFO - Epoch 8, Batch 1450/1696, Loss: 3.6017
2025-05-27 01:39:37,427 - transvg_20250526_202035 - INFO - Train metrics: l1_loss: 0.3706 | giou_loss: 0.8701 | center_loss: 0.0088 | total_loss: 3.6017
2025-05-27 01:40:38,335 - transvg_20250526_202035 - INFO - Epoch 8, Batch 1500/1696, Loss: 3.4535
2025-05-27 01:40:38,335 - transvg_20250526_202035 - INFO - Train metrics: l1_loss: 0.3661 | giou_loss: 0.8070 | center_loss: 0.0090 | total_loss: 3.4535
2025-05-27 01:41:39,279 - transvg_20250526_202035 - INFO - Epoch 8, Batch 1550/1696, Loss: 4.0473
2025-05-27 01:41:39,279 - transvg_20250526_202035 - INFO - Train metrics: l1_loss: 0.4144 | giou_loss: 0.9809 | center_loss: 0.0134 | total_loss: 4.0473
2025-05-27 01:42:40,220 - transvg_20250526_202035 - INFO - Epoch 8, Batch 1600/1696, Loss: 4.0906
2025-05-27 01:42:40,220 - transvg_20250526_202035 - INFO - Train metrics: l1_loss: 0.4230 | giou_loss: 0.9824 | center_loss: 0.0105 | total_loss: 4.0906
2025-05-27 01:43:41,178 - transvg_20250526_202035 - INFO - Epoch 8, Batch 1650/1696, Loss: 3.8553
2025-05-27 01:43:41,179 - transvg_20250526_202035 - INFO - Train metrics: l1_loss: 0.3894 | giou_loss: 0.9502 | center_loss: 0.0078 | total_loss: 3.8553
2025-05-27 01:44:35,898 - transvg_20250526_202035 - INFO - Train Epoch 8, Loss: 4.3101
2025-05-27 01:46:18,109 - transvg_20250526_202035 - INFO - Pred box sample: [70.92601013183594, 71.73719787597656, 258.55706787109375, 243.9556121826172]
2025-05-27 01:46:18,109 - transvg_20250526_202035 - INFO - Target box sample: [207.0, 198.0, 287.0, 283.0]
2025-05-27 01:46:18,189 - transvg_20250526_202035 - INFO - Validation Epoch 8, Loss: 4.4576
2025-05-27 01:46:18,189 - transvg_20250526_202035 - INFO - Val metrics: Acc@0.25: 0.3286 | Acc@0.5: 0.1211 | Acc@0.75: 0.0173 | mIoU: 0.1878 | medianIoU: 0.0903 | mae_x1: 101.9323 | mae_y1: 96.4961 | mae_x2: 101.2756 | mae_y2: 94.3433 | center_x_error: 86.6432 | center_y_error: 79.0732 | width_error: 2.5753 | height_error: 2.4499 | loss: 4.4576
2025-05-27 01:46:19,090 - transvg_20250526_202035 - INFO - Saved model checkpoint to /home/pokle/Trans-VG/visual_grounding/checkpoints/transvg_20250526_202035_epoch8.pth
2025-05-27 01:46:19,091 - transvg_20250526_202035 - INFO - Epoch 9/200
2025-05-27 01:46:21,705 - transvg_20250526_202035 - INFO - Epoch 9, Batch 0/1696, Loss: 3.4983
2025-05-27 01:46:21,705 - transvg_20250526_202035 - INFO - Train metrics: l1_loss: 0.3583 | giou_loss: 0.8479 | center_loss: 0.0111 | total_loss: 3.4983
2025-05-27 01:47:22,641 - transvg_20250526_202035 - INFO - Epoch 9, Batch 50/1696, Loss: 4.3010
2025-05-27 01:47:22,641 - transvg_20250526_202035 - INFO - Train metrics: l1_loss: 0.4553 | giou_loss: 1.0041 | center_loss: 0.0162 | total_loss: 4.3010
2025-05-27 01:48:23,546 - transvg_20250526_202035 - INFO - Epoch 9, Batch 100/1696, Loss: 3.7133
2025-05-27 01:48:23,546 - transvg_20250526_202035 - INFO - Train metrics: l1_loss: 0.3782 | giou_loss: 0.9065 | center_loss: 0.0093 | total_loss: 3.7133
2025-05-27 01:49:24,458 - transvg_20250526_202035 - INFO - Epoch 9, Batch 150/1696, Loss: 4.0991
2025-05-27 01:49:24,458 - transvg_20250526_202035 - INFO - Train metrics: l1_loss: 0.4153 | giou_loss: 1.0061 | center_loss: 0.0102 | total_loss: 4.0991
2025-05-27 01:50:25,384 - transvg_20250526_202035 - INFO - Epoch 9, Batch 200/1696, Loss: 3.7340
2025-05-27 01:50:25,384 - transvg_20250526_202035 - INFO - Train metrics: l1_loss: 0.4302 | giou_loss: 0.7829 | center_loss: 0.0171 | total_loss: 3.7340
2025-05-27 01:51:26,309 - transvg_20250526_202035 - INFO - Epoch 9, Batch 250/1696, Loss: 3.2613
2025-05-27 01:51:26,309 - transvg_20250526_202035 - INFO - Train metrics: l1_loss: 0.3515 | giou_loss: 0.7482 | center_loss: 0.0072 | total_loss: 3.2613
2025-05-27 01:52:27,285 - transvg_20250526_202035 - INFO - Epoch 9, Batch 300/1696, Loss: 4.1112
2025-05-27 01:52:27,285 - transvg_20250526_202035 - INFO - Train metrics: l1_loss: 0.4503 | giou_loss: 0.9239 | center_loss: 0.0121 | total_loss: 4.1112
2025-05-27 01:53:28,269 - transvg_20250526_202035 - INFO - Epoch 9, Batch 350/1696, Loss: 3.9498
2025-05-27 01:53:28,269 - transvg_20250526_202035 - INFO - Train metrics: l1_loss: 0.4525 | giou_loss: 0.8369 | center_loss: 0.0138 | total_loss: 3.9498
2025-05-27 01:54:29,245 - transvg_20250526_202035 - INFO - Epoch 9, Batch 400/1696, Loss: 4.3399
2025-05-27 01:54:29,245 - transvg_20250526_202035 - INFO - Train metrics: l1_loss: 0.5082 | giou_loss: 0.8914 | center_loss: 0.0162 | total_loss: 4.3399
2025-05-27 01:55:30,228 - transvg_20250526_202035 - INFO - Epoch 9, Batch 450/1696, Loss: 4.5655
2025-05-27 01:55:30,228 - transvg_20250526_202035 - INFO - Train metrics: l1_loss: 0.4919 | giou_loss: 1.0414 | center_loss: 0.0231 | total_loss: 4.5655
2025-05-27 01:56:31,206 - transvg_20250526_202035 - INFO - Epoch 9, Batch 500/1696, Loss: 4.6905
2025-05-27 01:56:31,206 - transvg_20250526_202035 - INFO - Train metrics: l1_loss: 0.5214 | giou_loss: 1.0292 | center_loss: 0.0252 | total_loss: 4.6905
2025-05-27 01:57:32,189 - transvg_20250526_202035 - INFO - Epoch 9, Batch 550/1696, Loss: 4.6906
2025-05-27 01:57:32,190 - transvg_20250526_202035 - INFO - Train metrics: l1_loss: 0.5182 | giou_loss: 1.0406 | center_loss: 0.0185 | total_loss: 4.6906
2025-05-27 01:58:33,162 - transvg_20250526_202035 - INFO - Epoch 9, Batch 600/1696, Loss: 3.9101
2025-05-27 01:58:33,162 - transvg_20250526_202035 - INFO - Train metrics: l1_loss: 0.3958 | giou_loss: 0.9598 | center_loss: 0.0118 | total_loss: 3.9101
2025-05-27 01:59:34,149 - transvg_20250526_202035 - INFO - Epoch 9, Batch 650/1696, Loss: 3.5356
2025-05-27 01:59:34,150 - transvg_20250526_202035 - INFO - Train metrics: l1_loss: 0.3418 | giou_loss: 0.9098 | center_loss: 0.0071 | total_loss: 3.5356
2025-05-27 02:00:35,083 - transvg_20250526_202035 - INFO - Epoch 9, Batch 700/1696, Loss: 4.3234
2025-05-27 02:00:35,083 - transvg_20250526_202035 - INFO - Train metrics: l1_loss: 0.4760 | giou_loss: 0.9623 | center_loss: 0.0187 | total_loss: 4.3234
2025-05-27 02:01:36,020 - transvg_20250526_202035 - INFO - Epoch 9, Batch 750/1696, Loss: 3.9984
2025-05-27 02:01:36,021 - transvg_20250526_202035 - INFO - Train metrics: l1_loss: 0.4306 | giou_loss: 0.9167 | center_loss: 0.0122 | total_loss: 3.9984
2025-05-27 02:02:36,990 - transvg_20250526_202035 - INFO - Epoch 9, Batch 800/1696, Loss: 5.1526
2025-05-27 02:02:36,991 - transvg_20250526_202035 - INFO - Train metrics: l1_loss: 0.5875 | giou_loss: 1.0914 | center_loss: 0.0319 | total_loss: 5.1526
2025-05-27 02:03:37,913 - transvg_20250526_202035 - INFO - Epoch 9, Batch 850/1696, Loss: 4.3111
2025-05-27 02:03:37,914 - transvg_20250526_202035 - INFO - Train metrics: l1_loss: 0.4675 | giou_loss: 0.9785 | center_loss: 0.0165 | total_loss: 4.3111
2025-05-27 02:04:38,875 - transvg_20250526_202035 - INFO - Epoch 9, Batch 900/1696, Loss: 3.5645
2025-05-27 02:04:38,876 - transvg_20250526_202035 - INFO - Train metrics: l1_loss: 0.3735 | giou_loss: 0.8437 | center_loss: 0.0096 | total_loss: 3.5645
2025-05-27 02:05:39,827 - transvg_20250526_202035 - INFO - Epoch 9, Batch 950/1696, Loss: 3.9307
2025-05-27 02:05:39,827 - transvg_20250526_202035 - INFO - Train metrics: l1_loss: 0.4138 | giou_loss: 0.9227 | center_loss: 0.0163 | total_loss: 3.9307
2025-05-27 02:06:40,751 - transvg_20250526_202035 - INFO - Epoch 9, Batch 1000/1696, Loss: 4.5802
2025-05-27 02:06:40,751 - transvg_20250526_202035 - INFO - Train metrics: l1_loss: 0.4899 | giou_loss: 1.0543 | center_loss: 0.0220 | total_loss: 4.5802
2025-05-27 02:07:41,666 - transvg_20250526_202035 - INFO - Epoch 9, Batch 1050/1696, Loss: 3.2586
2025-05-27 02:07:41,666 - transvg_20250526_202035 - INFO - Train metrics: l1_loss: 0.3232 | giou_loss: 0.8174 | center_loss: 0.0078 | total_loss: 3.2586
2025-05-27 02:08:42,570 - transvg_20250526_202035 - INFO - Epoch 9, Batch 1100/1696, Loss: 4.0115
2025-05-27 02:08:42,570 - transvg_20250526_202035 - INFO - Train metrics: l1_loss: 0.4355 | giou_loss: 0.9089 | center_loss: 0.0161 | total_loss: 4.0115
2025-05-27 02:09:43,450 - transvg_20250526_202035 - INFO - Epoch 9, Batch 1150/1696, Loss: 4.9468
2025-05-27 02:09:43,450 - transvg_20250526_202035 - INFO - Train metrics: l1_loss: 0.5757 | giou_loss: 1.0162 | center_loss: 0.0358 | total_loss: 4.9468
2025-05-27 02:10:44,410 - transvg_20250526_202035 - INFO - Epoch 9, Batch 1200/1696, Loss: 3.3315
2025-05-27 02:10:44,411 - transvg_20250526_202035 - INFO - Train metrics: l1_loss: 0.3333 | giou_loss: 0.8300 | center_loss: 0.0051 | total_loss: 3.3315
2025-05-27 02:11:45,397 - transvg_20250526_202035 - INFO - Epoch 9, Batch 1250/1696, Loss: 4.9721
2025-05-27 02:11:45,397 - transvg_20250526_202035 - INFO - Train metrics: l1_loss: 0.5336 | giou_loss: 1.1423 | center_loss: 0.0196 | total_loss: 4.9721
2025-05-27 02:12:46,366 - transvg_20250526_202035 - INFO - Epoch 9, Batch 1300/1696, Loss: 4.1423
2025-05-27 02:12:46,366 - transvg_20250526_202035 - INFO - Train metrics: l1_loss: 0.4428 | giou_loss: 0.9577 | center_loss: 0.0131 | total_loss: 4.1423
2025-05-27 02:13:47,336 - transvg_20250526_202035 - INFO - Epoch 9, Batch 1350/1696, Loss: 4.2831
2025-05-27 02:13:47,336 - transvg_20250526_202035 - INFO - Train metrics: l1_loss: 0.4491 | giou_loss: 1.0125 | center_loss: 0.0124 | total_loss: 4.2831
2025-05-27 02:14:48,269 - transvg_20250526_202035 - INFO - Epoch 9, Batch 1400/1696, Loss: 3.8469
2025-05-27 02:14:48,270 - transvg_20250526_202035 - INFO - Train metrics: l1_loss: 0.4068 | giou_loss: 0.9000 | center_loss: 0.0132 | total_loss: 3.8469
2025-05-27 02:15:49,198 - transvg_20250526_202035 - INFO - Epoch 9, Batch 1450/1696, Loss: 4.8937
2025-05-27 02:15:49,198 - transvg_20250526_202035 - INFO - Train metrics: l1_loss: 0.5402 | giou_loss: 1.0824 | center_loss: 0.0280 | total_loss: 4.8937
2025-05-27 02:16:50,130 - transvg_20250526_202035 - INFO - Epoch 9, Batch 1500/1696, Loss: 4.7116
2025-05-27 02:16:50,131 - transvg_20250526_202035 - INFO - Train metrics: l1_loss: 0.5160 | giou_loss: 1.0568 | center_loss: 0.0183 | total_loss: 4.7116
2025-05-27 02:17:51,010 - transvg_20250526_202035 - INFO - Epoch 9, Batch 1550/1696, Loss: 4.0896
2025-05-27 02:17:51,011 - transvg_20250526_202035 - INFO - Train metrics: l1_loss: 0.4354 | giou_loss: 0.9502 | center_loss: 0.0121 | total_loss: 4.0896
2025-05-27 02:18:51,949 - transvg_20250526_202035 - INFO - Epoch 9, Batch 1600/1696, Loss: 4.5702
2025-05-27 02:18:51,949 - transvg_20250526_202035 - INFO - Train metrics: l1_loss: 0.5080 | giou_loss: 1.0054 | center_loss: 0.0196 | total_loss: 4.5702
2025-05-27 02:19:52,928 - transvg_20250526_202035 - INFO - Epoch 9, Batch 1650/1696, Loss: 4.6045
2025-05-27 02:19:52,928 - transvg_20250526_202035 - INFO - Train metrics: l1_loss: 0.5045 | giou_loss: 1.0314 | center_loss: 0.0191 | total_loss: 4.6045
2025-05-27 02:20:47,632 - transvg_20250526_202035 - INFO - Train Epoch 9, Loss: 4.2809
2025-05-27 02:22:29,919 - transvg_20250526_202035 - INFO - Pred box sample: [71.14469146728516, 85.77970123291016, 233.66224670410156, 260.4876708984375]
2025-05-27 02:22:29,919 - transvg_20250526_202035 - INFO - Target box sample: [207.0, 198.0, 287.0, 283.0]
2025-05-27 02:22:30,000 - transvg_20250526_202035 - INFO - Validation Epoch 9, Loss: 4.4649
2025-05-27 02:22:30,000 - transvg_20250526_202035 - INFO - Val metrics: Acc@0.25: 0.3262 | Acc@0.5: 0.1163 | Acc@0.75: 0.0122 | mIoU: 0.1863 | medianIoU: 0.0899 | mae_x1: 102.2416 | mae_y1: 99.8338 | mae_x2: 99.3732 | mae_y2: 92.8982 | center_x_error: 85.9499 | center_y_error: 79.9902 | width_error: 2.5111 | height_error: 2.5222 | loss: 4.4649
2025-05-27 02:22:30,898 - transvg_20250526_202035 - INFO - Saved model checkpoint to /home/pokle/Trans-VG/visual_grounding/checkpoints/transvg_20250526_202035_epoch9.pth
2025-05-27 02:22:30,898 - transvg_20250526_202035 - INFO - Epoch 10/200
2025-05-27 02:22:33,459 - transvg_20250526_202035 - INFO - Epoch 10, Batch 0/1696, Loss: 4.0787
2025-05-27 02:22:33,460 - transvg_20250526_202035 - INFO - Train metrics: l1_loss: 0.4605 | giou_loss: 0.8811 | center_loss: 0.0140 | total_loss: 4.0787
2025-05-27 02:23:34,441 - transvg_20250526_202035 - INFO - Epoch 10, Batch 50/1696, Loss: 4.4510
2025-05-27 02:23:34,441 - transvg_20250526_202035 - INFO - Train metrics: l1_loss: 0.4906 | giou_loss: 0.9871 | center_loss: 0.0239 | total_loss: 4.4510
2025-05-27 02:24:35,427 - transvg_20250526_202035 - INFO - Epoch 10, Batch 100/1696, Loss: 3.4225
2025-05-27 02:24:35,427 - transvg_20250526_202035 - INFO - Train metrics: l1_loss: 0.3439 | giou_loss: 0.8467 | center_loss: 0.0095 | total_loss: 3.4225
2025-05-27 02:25:36,399 - transvg_20250526_202035 - INFO - Epoch 10, Batch 150/1696, Loss: 4.8221
2025-05-27 02:25:36,399 - transvg_20250526_202035 - INFO - Train metrics: l1_loss: 0.5025 | giou_loss: 1.1453 | center_loss: 0.0191 | total_loss: 4.8221
2025-05-27 02:26:37,370 - transvg_20250526_202035 - INFO - Epoch 10, Batch 200/1696, Loss: 3.8293
2025-05-27 02:26:37,370 - transvg_20250526_202035 - INFO - Train metrics: l1_loss: 0.4107 | giou_loss: 0.8821 | center_loss: 0.0116 | total_loss: 3.8293
2025-05-27 02:27:38,344 - transvg_20250526_202035 - INFO - Epoch 10, Batch 250/1696, Loss: 3.8333
2025-05-27 02:27:38,344 - transvg_20250526_202035 - INFO - Train metrics: l1_loss: 0.3922 | giou_loss: 0.9307 | center_loss: 0.0109 | total_loss: 3.8333
2025-05-27 02:28:39,322 - transvg_20250526_202035 - INFO - Epoch 10, Batch 300/1696, Loss: 4.8211
2025-05-27 02:28:39,322 - transvg_20250526_202035 - INFO - Train metrics: l1_loss: 0.5325 | giou_loss: 1.0684 | center_loss: 0.0217 | total_loss: 4.8211
2025-05-27 02:29:40,300 - transvg_20250526_202035 - INFO - Epoch 10, Batch 350/1696, Loss: 5.4329
2025-05-27 02:29:40,300 - transvg_20250526_202035 - INFO - Train metrics: l1_loss: 0.6167 | giou_loss: 1.1598 | center_loss: 0.0299 | total_loss: 5.4329
2025-05-27 02:30:41,290 - transvg_20250526_202035 - INFO - Epoch 10, Batch 400/1696, Loss: 3.9859
2025-05-27 02:30:41,291 - transvg_20250526_202035 - INFO - Train metrics: l1_loss: 0.4203 | giou_loss: 0.9372 | center_loss: 0.0103 | total_loss: 3.9859
2025-05-27 02:31:42,265 - transvg_20250526_202035 - INFO - Epoch 10, Batch 450/1696, Loss: 4.3650
2025-05-27 02:31:42,265 - transvg_20250526_202035 - INFO - Train metrics: l1_loss: 0.4634 | giou_loss: 1.0158 | center_loss: 0.0166 | total_loss: 4.3650
2025-05-27 02:32:43,241 - transvg_20250526_202035 - INFO - Epoch 10, Batch 500/1696, Loss: 5.4781
2025-05-27 02:32:43,241 - transvg_20250526_202035 - INFO - Train metrics: l1_loss: 0.6408 | giou_loss: 1.1177 | center_loss: 0.0386 | total_loss: 5.4781
2025-05-27 02:33:44,202 - transvg_20250526_202035 - INFO - Epoch 10, Batch 550/1696, Loss: 4.0317
2025-05-27 02:33:44,203 - transvg_20250526_202035 - INFO - Train metrics: l1_loss: 0.4387 | giou_loss: 0.9129 | center_loss: 0.0124 | total_loss: 4.0317
2025-05-27 02:34:45,164 - transvg_20250526_202035 - INFO - Epoch 10, Batch 600/1696, Loss: 3.4942
2025-05-27 02:34:45,165 - transvg_20250526_202035 - INFO - Train metrics: l1_loss: 0.3909 | giou_loss: 0.7642 | center_loss: 0.0113 | total_loss: 3.4942
2025-05-27 02:35:46,145 - transvg_20250526_202035 - INFO - Epoch 10, Batch 650/1696, Loss: 3.4611
2025-05-27 02:35:46,146 - transvg_20250526_202035 - INFO - Train metrics: l1_loss: 0.3564 | giou_loss: 0.8350 | center_loss: 0.0090 | total_loss: 3.4611
2025-05-27 02:36:47,100 - transvg_20250526_202035 - INFO - Epoch 10, Batch 700/1696, Loss: 4.1827
2025-05-27 02:36:47,100 - transvg_20250526_202035 - INFO - Train metrics: l1_loss: 0.4778 | giou_loss: 0.8874 | center_loss: 0.0189 | total_loss: 4.1827
2025-05-27 02:37:48,066 - transvg_20250526_202035 - INFO - Epoch 10, Batch 750/1696, Loss: 4.9666
2025-05-27 02:37:48,067 - transvg_20250526_202035 - INFO - Train metrics: l1_loss: 0.5541 | giou_loss: 1.0861 | center_loss: 0.0237 | total_loss: 4.9666
2025-05-27 02:38:49,024 - transvg_20250526_202035 - INFO - Epoch 10, Batch 800/1696, Loss: 4.0885
2025-05-27 02:38:49,024 - transvg_20250526_202035 - INFO - Train metrics: l1_loss: 0.4529 | giou_loss: 0.9032 | center_loss: 0.0178 | total_loss: 4.0885
2025-05-27 02:39:49,958 - transvg_20250526_202035 - INFO - Epoch 10, Batch 850/1696, Loss: 3.1760
2025-05-27 02:39:49,959 - transvg_20250526_202035 - INFO - Train metrics: l1_loss: 0.3243 | giou_loss: 0.7732 | center_loss: 0.0083 | total_loss: 3.1760
2025-05-27 02:40:50,925 - transvg_20250526_202035 - INFO - Epoch 10, Batch 900/1696, Loss: 3.7909
2025-05-27 02:40:50,925 - transvg_20250526_202035 - INFO - Train metrics: l1_loss: 0.4150 | giou_loss: 0.8538 | center_loss: 0.0081 | total_loss: 3.7909
2025-05-27 02:41:51,825 - transvg_20250526_202035 - INFO - Epoch 10, Batch 950/1696, Loss: 3.5866
2025-05-27 02:41:51,825 - transvg_20250526_202035 - INFO - Train metrics: l1_loss: 0.3900 | giou_loss: 0.8119 | center_loss: 0.0127 | total_loss: 3.5866
2025-05-27 02:42:52,755 - transvg_20250526_202035 - INFO - Epoch 10, Batch 1000/1696, Loss: 5.0118
2025-05-27 02:42:52,755 - transvg_20250526_202035 - INFO - Train metrics: l1_loss: 0.5845 | giou_loss: 1.0297 | center_loss: 0.0296 | total_loss: 5.0118
2025-05-27 02:43:53,677 - transvg_20250526_202035 - INFO - Epoch 10, Batch 1050/1696, Loss: 4.0405
2025-05-27 02:43:53,678 - transvg_20250526_202035 - INFO - Train metrics: l1_loss: 0.4303 | giou_loss: 0.9364 | center_loss: 0.0164 | total_loss: 4.0405
2025-05-27 02:44:54,648 - transvg_20250526_202035 - INFO - Epoch 10, Batch 1100/1696, Loss: 3.5539
2025-05-27 02:44:54,648 - transvg_20250526_202035 - INFO - Train metrics: l1_loss: 0.3692 | giou_loss: 0.8498 | center_loss: 0.0083 | total_loss: 3.5539
2025-05-27 02:45:55,633 - transvg_20250526_202035 - INFO - Epoch 10, Batch 1150/1696, Loss: 3.8110
2025-05-27 02:45:55,633 - transvg_20250526_202035 - INFO - Train metrics: l1_loss: 0.3959 | giou_loss: 0.9090 | center_loss: 0.0133 | total_loss: 3.8110
2025-05-27 02:46:56,583 - transvg_20250526_202035 - INFO - Epoch 10, Batch 1200/1696, Loss: 3.7104
2025-05-27 02:46:56,583 - transvg_20250526_202035 - INFO - Train metrics: l1_loss: 0.4046 | giou_loss: 0.8356 | center_loss: 0.0163 | total_loss: 3.7104
2025-05-27 02:47:57,573 - transvg_20250526_202035 - INFO - Epoch 10, Batch 1250/1696, Loss: 4.0072
2025-05-27 02:47:57,573 - transvg_20250526_202035 - INFO - Train metrics: l1_loss: 0.4287 | giou_loss: 0.9238 | center_loss: 0.0161 | total_loss: 4.0072
2025-05-27 02:48:58,511 - transvg_20250526_202035 - INFO - Epoch 10, Batch 1300/1696, Loss: 4.5269
2025-05-27 02:48:58,511 - transvg_20250526_202035 - INFO - Train metrics: l1_loss: 0.4917 | giou_loss: 1.0239 | center_loss: 0.0204 | total_loss: 4.5269
2025-05-27 02:49:59,487 - transvg_20250526_202035 - INFO - Epoch 10, Batch 1350/1696, Loss: 3.6922
2025-05-27 02:49:59,487 - transvg_20250526_202035 - INFO - Train metrics: l1_loss: 0.3502 | giou_loss: 0.9667 | center_loss: 0.0079 | total_loss: 3.6922
2025-05-27 02:51:00,473 - transvg_20250526_202035 - INFO - Epoch 10, Batch 1400/1696, Loss: 4.0470
2025-05-27 02:51:00,474 - transvg_20250526_202035 - INFO - Train metrics: l1_loss: 0.4178 | giou_loss: 0.9723 | center_loss: 0.0135 | total_loss: 4.0470
2025-05-27 02:52:01,450 - transvg_20250526_202035 - INFO - Epoch 10, Batch 1450/1696, Loss: 4.5287
2025-05-27 02:52:01,450 - transvg_20250526_202035 - INFO - Train metrics: l1_loss: 0.5192 | giou_loss: 0.9521 | center_loss: 0.0284 | total_loss: 4.5287
2025-05-27 02:53:02,436 - transvg_20250526_202035 - INFO - Epoch 10, Batch 1500/1696, Loss: 3.5779
2025-05-27 02:53:02,436 - transvg_20250526_202035 - INFO - Train metrics: l1_loss: 0.3949 | giou_loss: 0.7981 | center_loss: 0.0073 | total_loss: 3.5779
2025-05-27 02:54:03,409 - transvg_20250526_202035 - INFO - Epoch 10, Batch 1550/1696, Loss: 4.5964
2025-05-27 02:54:03,410 - transvg_20250526_202035 - INFO - Train metrics: l1_loss: 0.5264 | giou_loss: 0.9728 | center_loss: 0.0190 | total_loss: 4.5964
2025-05-27 02:55:04,393 - transvg_20250526_202035 - INFO - Epoch 10, Batch 1600/1696, Loss: 3.8288
2025-05-27 02:55:04,393 - transvg_20250526_202035 - INFO - Train metrics: l1_loss: 0.4082 | giou_loss: 0.8883 | center_loss: 0.0110 | total_loss: 3.8288
2025-05-27 02:56:05,370 - transvg_20250526_202035 - INFO - Epoch 10, Batch 1650/1696, Loss: 5.1122
2025-05-27 02:56:05,370 - transvg_20250526_202035 - INFO - Train metrics: l1_loss: 0.5610 | giou_loss: 1.1414 | center_loss: 0.0244 | total_loss: 5.1122
2025-05-27 02:57:00,106 - transvg_20250526_202035 - INFO - Train Epoch 10, Loss: 4.2534
2025-05-27 02:58:42,538 - transvg_20250526_202035 - INFO - Pred box sample: [105.1279525756836, 69.27625274658203, 277.1928405761719, 209.07728576660156]
2025-05-27 02:58:42,539 - transvg_20250526_202035 - INFO - Target box sample: [207.0, 198.0, 287.0, 283.0]
2025-05-27 02:58:42,618 - transvg_20250526_202035 - INFO - Validation Epoch 10, Loss: 4.4437
2025-05-27 02:58:42,618 - transvg_20250526_202035 - INFO - Val metrics: Acc@0.25: 0.3280 | Acc@0.5: 0.1201 | Acc@0.75: 0.0135 | mIoU: 0.1873 | medianIoU: 0.0876 | mae_x1: 97.2696 | mae_y1: 98.2664 | mae_x2: 102.8219 | mae_y2: 92.7934 | center_x_error: 84.7116 | center_y_error: 79.7354 | width_error: 2.5766 | height_error: 2.3956 | loss: 4.4437
2025-05-27 02:58:43,522 - transvg_20250526_202035 - INFO - Saved model checkpoint to /home/pokle/Trans-VG/visual_grounding/checkpoints/transvg_20250526_202035_epoch10.pth
2025-05-27 02:58:43,523 - transvg_20250526_202035 - INFO - Epoch 11/200
2025-05-27 02:58:46,118 - transvg_20250526_202035 - INFO - Epoch 11, Batch 0/1696, Loss: 3.5135
2025-05-27 02:58:46,119 - transvg_20250526_202035 - INFO - Train metrics: l1_loss: 0.3681 | giou_loss: 0.8325 | center_loss: 0.0079 | total_loss: 3.5135
2025-05-27 02:59:47,103 - transvg_20250526_202035 - INFO - Epoch 11, Batch 50/1696, Loss: 4.7642
2025-05-27 02:59:47,103 - transvg_20250526_202035 - INFO - Train metrics: l1_loss: 0.5289 | giou_loss: 1.0475 | center_loss: 0.0247 | total_loss: 4.7642
2025-05-27 03:00:48,099 - transvg_20250526_202035 - INFO - Epoch 11, Batch 100/1696, Loss: 3.6527
2025-05-27 03:00:48,099 - transvg_20250526_202035 - INFO - Train metrics: l1_loss: 0.3780 | giou_loss: 0.8754 | center_loss: 0.0120 | total_loss: 3.6527
2025-05-27 03:01:49,080 - transvg_20250526_202035 - INFO - Epoch 11, Batch 150/1696, Loss: 5.2433
2025-05-27 03:01:49,080 - transvg_20250526_202035 - INFO - Train metrics: l1_loss: 0.5880 | giou_loss: 1.1374 | center_loss: 0.0285 | total_loss: 5.2433
2025-05-27 03:02:50,035 - transvg_20250526_202035 - INFO - Epoch 11, Batch 200/1696, Loss: 4.4732
2025-05-27 03:02:50,035 - transvg_20250526_202035 - INFO - Train metrics: l1_loss: 0.4863 | giou_loss: 1.0113 | center_loss: 0.0194 | total_loss: 4.4732
2025-05-27 03:03:50,939 - transvg_20250526_202035 - INFO - Epoch 11, Batch 250/1696, Loss: 3.5879
2025-05-27 03:03:50,939 - transvg_20250526_202035 - INFO - Train metrics: l1_loss: 0.3611 | giou_loss: 0.8876 | center_loss: 0.0072 | total_loss: 3.5879
2025-05-27 03:04:51,813 - transvg_20250526_202035 - INFO - Epoch 11, Batch 300/1696, Loss: 4.4295
2025-05-27 03:04:51,813 - transvg_20250526_202035 - INFO - Train metrics: l1_loss: 0.5046 | giou_loss: 0.9394 | center_loss: 0.0276 | total_loss: 4.4295
2025-05-27 03:05:52,699 - transvg_20250526_202035 - INFO - Epoch 11, Batch 350/1696, Loss: 4.1530
2025-05-27 03:05:52,700 - transvg_20250526_202035 - INFO - Train metrics: l1_loss: 0.4228 | giou_loss: 1.0132 | center_loss: 0.0127 | total_loss: 4.1530
2025-05-27 03:06:53,620 - transvg_20250526_202035 - INFO - Epoch 11, Batch 400/1696, Loss: 3.4934
2025-05-27 03:06:53,620 - transvg_20250526_202035 - INFO - Train metrics: l1_loss: 0.3710 | giou_loss: 0.8147 | center_loss: 0.0091 | total_loss: 3.4934
2025-05-27 03:07:54,560 - transvg_20250526_202035 - INFO - Epoch 11, Batch 450/1696, Loss: 4.7782
2025-05-27 03:07:54,560 - transvg_20250526_202035 - INFO - Train metrics: l1_loss: 0.5232 | giou_loss: 1.0685 | center_loss: 0.0251 | total_loss: 4.7782
2025-05-27 03:08:55,509 - transvg_20250526_202035 - INFO - Epoch 11, Batch 500/1696, Loss: 4.2128
2025-05-27 03:08:55,509 - transvg_20250526_202035 - INFO - Train metrics: l1_loss: 0.4761 | giou_loss: 0.9064 | center_loss: 0.0196 | total_loss: 4.2128
2025-05-27 03:09:56,485 - transvg_20250526_202035 - INFO - Epoch 11, Batch 550/1696, Loss: 4.3840
2025-05-27 03:09:56,485 - transvg_20250526_202035 - INFO - Train metrics: l1_loss: 0.4677 | giou_loss: 1.0128 | center_loss: 0.0199 | total_loss: 4.3840
2025-05-27 03:10:57,462 - transvg_20250526_202035 - INFO - Epoch 11, Batch 600/1696, Loss: 3.6669
2025-05-27 03:10:57,462 - transvg_20250526_202035 - INFO - Train metrics: l1_loss: 0.3869 | giou_loss: 0.8605 | center_loss: 0.0116 | total_loss: 3.6669
2025-05-27 03:11:58,446 - transvg_20250526_202035 - INFO - Epoch 11, Batch 650/1696, Loss: 4.3415
2025-05-27 03:11:58,446 - transvg_20250526_202035 - INFO - Train metrics: l1_loss: 0.4858 | giou_loss: 0.9498 | center_loss: 0.0129 | total_loss: 4.3415
2025-05-27 03:12:59,423 - transvg_20250526_202035 - INFO - Epoch 11, Batch 700/1696, Loss: 4.1880
2025-05-27 03:12:59,423 - transvg_20250526_202035 - INFO - Train metrics: l1_loss: 0.4687 | giou_loss: 0.9098 | center_loss: 0.0247 | total_loss: 4.1880
2025-05-27 03:14:00,407 - transvg_20250526_202035 - INFO - Epoch 11, Batch 750/1696, Loss: 3.7771
2025-05-27 03:14:00,407 - transvg_20250526_202035 - INFO - Train metrics: l1_loss: 0.4259 | giou_loss: 0.8158 | center_loss: 0.0158 | total_loss: 3.7771
2025-05-27 03:15:01,285 - transvg_20250526_202035 - INFO - Epoch 11, Batch 800/1696, Loss: 5.0658
2025-05-27 03:15:01,285 - transvg_20250526_202035 - INFO - Train metrics: l1_loss: 0.5763 | giou_loss: 1.0803 | center_loss: 0.0235 | total_loss: 5.0658
2025-05-27 03:16:02,220 - transvg_20250526_202035 - INFO - Epoch 11, Batch 850/1696, Loss: 4.1522
2025-05-27 03:16:02,221 - transvg_20250526_202035 - INFO - Train metrics: l1_loss: 0.4515 | giou_loss: 0.9398 | center_loss: 0.0151 | total_loss: 4.1522
2025-05-27 03:17:03,124 - transvg_20250526_202035 - INFO - Epoch 11, Batch 900/1696, Loss: 3.0175
2025-05-27 03:17:03,124 - transvg_20250526_202035 - INFO - Train metrics: l1_loss: 0.3114 | giou_loss: 0.7264 | center_loss: 0.0074 | total_loss: 3.0175
2025-05-27 03:18:04,055 - transvg_20250526_202035 - INFO - Epoch 11, Batch 950/1696, Loss: 4.2293
2025-05-27 03:18:04,055 - transvg_20250526_202035 - INFO - Train metrics: l1_loss: 0.4323 | giou_loss: 1.0276 | center_loss: 0.0128 | total_loss: 4.2293
2025-05-27 03:19:04,961 - transvg_20250526_202035 - INFO - Epoch 11, Batch 1000/1696, Loss: 4.4736
2025-05-27 03:19:04,961 - transvg_20250526_202035 - INFO - Train metrics: l1_loss: 0.5082 | giou_loss: 0.9571 | center_loss: 0.0183 | total_loss: 4.4736
2025-05-27 03:20:05,902 - transvg_20250526_202035 - INFO - Epoch 11, Batch 1050/1696, Loss: 4.0529
2025-05-27 03:20:05,902 - transvg_20250526_202035 - INFO - Train metrics: l1_loss: 0.4380 | giou_loss: 0.9233 | center_loss: 0.0163 | total_loss: 4.0529
2025-05-27 03:21:06,821 - transvg_20250526_202035 - INFO - Epoch 11, Batch 1100/1696, Loss: 4.7585
2025-05-27 03:21:06,821 - transvg_20250526_202035 - INFO - Train metrics: l1_loss: 0.5277 | giou_loss: 1.0471 | center_loss: 0.0261 | total_loss: 4.7585
2025-05-27 03:22:07,786 - transvg_20250526_202035 - INFO - Epoch 11, Batch 1150/1696, Loss: 4.4817
2025-05-27 03:22:07,786 - transvg_20250526_202035 - INFO - Train metrics: l1_loss: 0.4865 | giou_loss: 1.0124 | center_loss: 0.0245 | total_loss: 4.4817
2025-05-27 03:23:08,746 - transvg_20250526_202035 - INFO - Epoch 11, Batch 1200/1696, Loss: 4.5938
2025-05-27 03:23:08,746 - transvg_20250526_202035 - INFO - Train metrics: l1_loss: 0.5000 | giou_loss: 1.0343 | center_loss: 0.0254 | total_loss: 4.5938
2025-05-27 03:24:09,706 - transvg_20250526_202035 - INFO - Epoch 11, Batch 1250/1696, Loss: 3.8051
2025-05-27 03:24:09,706 - transvg_20250526_202035 - INFO - Train metrics: l1_loss: 0.3824 | giou_loss: 0.9410 | center_loss: 0.0110 | total_loss: 3.8051
2025-05-27 03:25:10,688 - transvg_20250526_202035 - INFO - Epoch 11, Batch 1300/1696, Loss: 3.8922
2025-05-27 03:25:10,688 - transvg_20250526_202035 - INFO - Train metrics: l1_loss: 0.4134 | giou_loss: 0.9071 | center_loss: 0.0109 | total_loss: 3.8922
2025-05-27 03:26:11,668 - transvg_20250526_202035 - INFO - Epoch 11, Batch 1350/1696, Loss: 4.5168
2025-05-27 03:26:11,668 - transvg_20250526_202035 - INFO - Train metrics: l1_loss: 0.5053 | giou_loss: 0.9813 | center_loss: 0.0275 | total_loss: 4.5168
2025-05-27 03:27:12,643 - transvg_20250526_202035 - INFO - Epoch 11, Batch 1400/1696, Loss: 3.6698
2025-05-27 03:27:12,643 - transvg_20250526_202035 - INFO - Train metrics: l1_loss: 0.3673 | giou_loss: 0.9117 | center_loss: 0.0096 | total_loss: 3.6698
2025-05-27 03:28:13,620 - transvg_20250526_202035 - INFO - Epoch 11, Batch 1450/1696, Loss: 4.1367
2025-05-27 03:28:13,621 - transvg_20250526_202035 - INFO - Train metrics: l1_loss: 0.4214 | giou_loss: 1.0076 | center_loss: 0.0147 | total_loss: 4.1367
2025-05-27 03:29:14,613 - transvg_20250526_202035 - INFO - Epoch 11, Batch 1500/1696, Loss: 4.2435
2025-05-27 03:29:14,613 - transvg_20250526_202035 - INFO - Train metrics: l1_loss: 0.4514 | giou_loss: 0.9854 | center_loss: 0.0154 | total_loss: 4.2435
2025-05-27 03:30:15,575 - transvg_20250526_202035 - INFO - Epoch 11, Batch 1550/1696, Loss: 3.8266
2025-05-27 03:30:15,575 - transvg_20250526_202035 - INFO - Train metrics: l1_loss: 0.4044 | giou_loss: 0.8944 | center_loss: 0.0159 | total_loss: 3.8266
2025-05-27 03:31:16,536 - transvg_20250526_202035 - INFO - Epoch 11, Batch 1600/1696, Loss: 4.7267
2025-05-27 03:31:16,536 - transvg_20250526_202035 - INFO - Train metrics: l1_loss: 0.5182 | giou_loss: 1.0570 | center_loss: 0.0219 | total_loss: 4.7267
2025-05-27 03:32:17,495 - transvg_20250526_202035 - INFO - Epoch 11, Batch 1650/1696, Loss: 4.3364
2025-05-27 03:32:17,495 - transvg_20250526_202035 - INFO - Train metrics: l1_loss: 0.4974 | giou_loss: 0.9165 | center_loss: 0.0160 | total_loss: 4.3364
2025-05-27 03:33:12,214 - transvg_20250526_202035 - INFO - Train Epoch 11, Loss: 4.2234
2025-05-27 03:34:54,480 - transvg_20250526_202035 - INFO - Pred box sample: [62.395912170410156, 97.95323181152344, 242.50576782226562, 286.26214599609375]
2025-05-27 03:34:54,480 - transvg_20250526_202035 - INFO - Target box sample: [207.0, 198.0, 287.0, 283.0]
2025-05-27 03:34:54,561 - transvg_20250526_202035 - INFO - Validation Epoch 11, Loss: 4.4535
2025-05-27 03:34:54,562 - transvg_20250526_202035 - INFO - Val metrics: Acc@0.25: 0.3296 | Acc@0.5: 0.1219 | Acc@0.75: 0.0175 | mIoU: 0.1888 | medianIoU: 0.0930 | mae_x1: 101.6499 | mae_y1: 95.1112 | mae_x2: 99.8001 | mae_y2: 97.1581 | center_x_error: 86.0012 | center_y_error: 79.0644 | width_error: 2.5059 | height_error: 2.5079 | loss: 4.4535
2025-05-27 03:34:55,480 - transvg_20250526_202035 - INFO - Saved model checkpoint to /home/pokle/Trans-VG/visual_grounding/checkpoints/transvg_20250526_202035_epoch11.pth
2025-05-27 03:34:55,480 - transvg_20250526_202035 - INFO - Epoch 12/200
2025-05-27 03:34:58,071 - transvg_20250526_202035 - INFO - Epoch 12, Batch 0/1696, Loss: 4.0641
2025-05-27 03:34:58,072 - transvg_20250526_202035 - INFO - Train metrics: l1_loss: 0.4413 | giou_loss: 0.9214 | center_loss: 0.0148 | total_loss: 4.0641
2025-05-27 03:35:59,056 - transvg_20250526_202035 - INFO - Epoch 12, Batch 50/1696, Loss: 3.7126
2025-05-27 03:35:59,057 - transvg_20250526_202035 - INFO - Train metrics: l1_loss: 0.3969 | giou_loss: 0.8578 | center_loss: 0.0125 | total_loss: 3.7126
2025-05-27 03:37:00,042 - transvg_20250526_202035 - INFO - Epoch 12, Batch 100/1696, Loss: 4.2169
2025-05-27 03:37:00,043 - transvg_20250526_202035 - INFO - Train metrics: l1_loss: 0.4524 | giou_loss: 0.9693 | center_loss: 0.0164 | total_loss: 4.2169
2025-05-27 03:38:01,017 - transvg_20250526_202035 - INFO - Epoch 12, Batch 150/1696, Loss: 3.4850
2025-05-27 03:38:01,018 - transvg_20250526_202035 - INFO - Train metrics: l1_loss: 0.3421 | giou_loss: 0.8832 | center_loss: 0.0078 | total_loss: 3.4850
2025-05-27 03:39:02,003 - transvg_20250526_202035 - INFO - Epoch 12, Batch 200/1696, Loss: 3.0754
2025-05-27 03:39:02,003 - transvg_20250526_202035 - INFO - Train metrics: l1_loss: 0.3199 | giou_loss: 0.7344 | center_loss: 0.0069 | total_loss: 3.0754
2025-05-27 03:40:02,982 - transvg_20250526_202035 - INFO - Epoch 12, Batch 250/1696, Loss: 3.5700
2025-05-27 03:40:02,982 - transvg_20250526_202035 - INFO - Train metrics: l1_loss: 0.3696 | giou_loss: 0.8556 | center_loss: 0.0108 | total_loss: 3.5700
2025-05-27 03:41:03,941 - transvg_20250526_202035 - INFO - Epoch 12, Batch 300/1696, Loss: 4.5450
2025-05-27 03:41:03,941 - transvg_20250526_202035 - INFO - Train metrics: l1_loss: 0.4723 | giou_loss: 1.0831 | center_loss: 0.0173 | total_loss: 4.5450
2025-05-27 03:42:04,882 - transvg_20250526_202035 - INFO - Epoch 12, Batch 350/1696, Loss: 4.3714
2025-05-27 03:42:04,882 - transvg_20250526_202035 - INFO - Train metrics: l1_loss: 0.4572 | giou_loss: 1.0355 | center_loss: 0.0144 | total_loss: 4.3714
2025-05-27 03:43:05,796 - transvg_20250526_202035 - INFO - Epoch 12, Batch 400/1696, Loss: 4.1891
2025-05-27 03:43:05,797 - transvg_20250526_202035 - INFO - Train metrics: l1_loss: 0.4779 | giou_loss: 0.8894 | center_loss: 0.0208 | total_loss: 4.1891
2025-05-27 03:44:06,688 - transvg_20250526_202035 - INFO - Epoch 12, Batch 450/1696, Loss: 4.4669
2025-05-27 03:44:06,688 - transvg_20250526_202035 - INFO - Train metrics: l1_loss: 0.4815 | giou_loss: 1.0176 | center_loss: 0.0244 | total_loss: 4.4669
2025-05-27 03:45:07,582 - transvg_20250526_202035 - INFO - Epoch 12, Batch 500/1696, Loss: 4.1923
2025-05-27 03:45:07,582 - transvg_20250526_202035 - INFO - Train metrics: l1_loss: 0.4428 | giou_loss: 0.9805 | center_loss: 0.0173 | total_loss: 4.1923
2025-05-27 03:46:08,501 - transvg_20250526_202035 - INFO - Epoch 12, Batch 550/1696, Loss: 3.4028
2025-05-27 03:46:08,501 - transvg_20250526_202035 - INFO - Train metrics: l1_loss: 0.3190 | giou_loss: 0.9008 | center_loss: 0.0064 | total_loss: 3.4028
2025-05-27 03:47:09,437 - transvg_20250526_202035 - INFO - Epoch 12, Batch 600/1696, Loss: 4.4081
2025-05-27 03:47:09,437 - transvg_20250526_202035 - INFO - Train metrics: l1_loss: 0.5159 | giou_loss: 0.9064 | center_loss: 0.0158 | total_loss: 4.4081
2025-05-27 03:48:10,382 - transvg_20250526_202035 - INFO - Epoch 12, Batch 650/1696, Loss: 3.6844
2025-05-27 03:48:10,382 - transvg_20250526_202035 - INFO - Train metrics: l1_loss: 0.3598 | giou_loss: 0.9381 | center_loss: 0.0089 | total_loss: 3.6844
2025-05-27 03:49:11,343 - transvg_20250526_202035 - INFO - Epoch 12, Batch 700/1696, Loss: 4.0548
2025-05-27 03:49:11,343 - transvg_20250526_202035 - INFO - Train metrics: l1_loss: 0.4226 | giou_loss: 0.9642 | center_loss: 0.0133 | total_loss: 4.0548
2025-05-27 03:50:12,310 - transvg_20250526_202035 - INFO - Epoch 12, Batch 750/1696, Loss: 4.7918
2025-05-27 03:50:12,311 - transvg_20250526_202035 - INFO - Train metrics: l1_loss: 0.5293 | giou_loss: 1.0587 | center_loss: 0.0277 | total_loss: 4.7918
2025-05-27 03:51:13,264 - transvg_20250526_202035 - INFO - Epoch 12, Batch 800/1696, Loss: 3.9336
2025-05-27 03:51:13,264 - transvg_20250526_202035 - INFO - Train metrics: l1_loss: 0.4112 | giou_loss: 0.9320 | center_loss: 0.0135 | total_loss: 3.9336
2025-05-27 03:52:14,215 - transvg_20250526_202035 - INFO - Epoch 12, Batch 850/1696, Loss: 3.7006
2025-05-27 03:52:14,215 - transvg_20250526_202035 - INFO - Train metrics: l1_loss: 0.3951 | giou_loss: 0.8569 | center_loss: 0.0116 | total_loss: 3.7006
2025-05-27 03:53:15,144 - transvg_20250526_202035 - INFO - Epoch 12, Batch 900/1696, Loss: 4.1298
2025-05-27 03:53:15,144 - transvg_20250526_202035 - INFO - Train metrics: l1_loss: 0.4588 | giou_loss: 0.9074 | center_loss: 0.0211 | total_loss: 4.1298
2025-05-27 03:54:16,078 - transvg_20250526_202035 - INFO - Epoch 12, Batch 950/1696, Loss: 4.3601
2025-05-27 03:54:16,079 - transvg_20250526_202035 - INFO - Train metrics: l1_loss: 0.4747 | giou_loss: 0.9847 | center_loss: 0.0174 | total_loss: 4.3601
2025-05-27 03:55:17,030 - transvg_20250526_202035 - INFO - Epoch 12, Batch 1000/1696, Loss: 3.7972
2025-05-27 03:55:17,030 - transvg_20250526_202035 - INFO - Train metrics: l1_loss: 0.3835 | giou_loss: 0.9333 | center_loss: 0.0132 | total_loss: 3.7972
2025-05-27 03:56:17,967 - transvg_20250526_202035 - INFO - Epoch 12, Batch 1050/1696, Loss: 4.3781
2025-05-27 03:56:17,967 - transvg_20250526_202035 - INFO - Train metrics: l1_loss: 0.5023 | giou_loss: 0.9233 | center_loss: 0.0202 | total_loss: 4.3781
2025-05-27 03:57:18,943 - transvg_20250526_202035 - INFO - Epoch 12, Batch 1100/1696, Loss: 4.1546
2025-05-27 03:57:18,943 - transvg_20250526_202035 - INFO - Train metrics: l1_loss: 0.4166 | giou_loss: 1.0301 | center_loss: 0.0113 | total_loss: 4.1546
2025-05-27 03:58:19,908 - transvg_20250526_202035 - INFO - Epoch 12, Batch 1150/1696, Loss: 3.9275
2025-05-27 03:58:19,908 - transvg_20250526_202035 - INFO - Train metrics: l1_loss: 0.4060 | giou_loss: 0.9424 | center_loss: 0.0128 | total_loss: 3.9275
2025-05-27 03:59:20,868 - transvg_20250526_202035 - INFO - Epoch 12, Batch 1200/1696, Loss: 3.9664
2025-05-27 03:59:20,868 - transvg_20250526_202035 - INFO - Train metrics: l1_loss: 0.4130 | giou_loss: 0.9449 | center_loss: 0.0115 | total_loss: 3.9664
2025-05-27 04:00:21,791 - transvg_20250526_202035 - INFO - Epoch 12, Batch 1250/1696, Loss: 4.3507
2025-05-27 04:00:21,791 - transvg_20250526_202035 - INFO - Train metrics: l1_loss: 0.4696 | giou_loss: 0.9909 | center_loss: 0.0212 | total_loss: 4.3507
2025-05-27 04:01:22,731 - transvg_20250526_202035 - INFO - Epoch 12, Batch 1300/1696, Loss: 4.0430
2025-05-27 04:01:22,731 - transvg_20250526_202035 - INFO - Train metrics: l1_loss: 0.4587 | giou_loss: 0.8680 | center_loss: 0.0132 | total_loss: 4.0430
2025-05-27 04:02:23,690 - transvg_20250526_202035 - INFO - Epoch 12, Batch 1350/1696, Loss: 4.7017
2025-05-27 04:02:23,690 - transvg_20250526_202035 - INFO - Train metrics: l1_loss: 0.5381 | giou_loss: 0.9949 | center_loss: 0.0212 | total_loss: 4.7017
2025-05-27 04:03:24,627 - transvg_20250526_202035 - INFO - Epoch 12, Batch 1400/1696, Loss: 3.9328
2025-05-27 04:03:24,628 - transvg_20250526_202035 - INFO - Train metrics: l1_loss: 0.4388 | giou_loss: 0.8614 | center_loss: 0.0159 | total_loss: 3.9328
2025-05-27 04:04:25,562 - transvg_20250526_202035 - INFO - Epoch 12, Batch 1450/1696, Loss: 5.1145
2025-05-27 04:04:25,563 - transvg_20250526_202035 - INFO - Train metrics: l1_loss: 0.6226 | giou_loss: 0.9818 | center_loss: 0.0382 | total_loss: 5.1145
2025-05-27 04:05:26,487 - transvg_20250526_202035 - INFO - Epoch 12, Batch 1500/1696, Loss: 3.8049
2025-05-27 04:05:26,487 - transvg_20250526_202035 - INFO - Train metrics: l1_loss: 0.3935 | giou_loss: 0.9120 | center_loss: 0.0131 | total_loss: 3.8049
2025-05-27 04:06:27,403 - transvg_20250526_202035 - INFO - Epoch 12, Batch 1550/1696, Loss: 4.0897
2025-05-27 04:06:27,403 - transvg_20250526_202035 - INFO - Train metrics: l1_loss: 0.4580 | giou_loss: 0.8933 | center_loss: 0.0133 | total_loss: 4.0897
2025-05-27 04:07:28,328 - transvg_20250526_202035 - INFO - Epoch 12, Batch 1600/1696, Loss: 4.0939
2025-05-27 04:07:28,328 - transvg_20250526_202035 - INFO - Train metrics: l1_loss: 0.4133 | giou_loss: 1.0074 | center_loss: 0.0129 | total_loss: 4.0939
2025-05-27 04:08:29,275 - transvg_20250526_202035 - INFO - Epoch 12, Batch 1650/1696, Loss: 3.7898
2025-05-27 04:08:29,275 - transvg_20250526_202035 - INFO - Train metrics: l1_loss: 0.3827 | giou_loss: 0.9327 | center_loss: 0.0108 | total_loss: 3.7898
2025-05-27 04:09:23,949 - transvg_20250526_202035 - INFO - Train Epoch 12, Loss: 4.2022
2025-05-27 04:11:06,098 - transvg_20250526_202035 - INFO - Pred box sample: [96.73248291015625, 89.3016357421875, 268.2527160644531, 258.8638610839844]
2025-05-27 04:11:06,098 - transvg_20250526_202035 - INFO - Target box sample: [207.0, 198.0, 287.0, 283.0]
2025-05-27 04:11:06,180 - transvg_20250526_202035 - INFO - Validation Epoch 12, Loss: 4.4680
2025-05-27 04:11:06,180 - transvg_20250526_202035 - INFO - Val metrics: Acc@0.25: 0.3280 | Acc@0.5: 0.1174 | Acc@0.75: 0.0149 | mIoU: 0.1846 | medianIoU: 0.0877 | mae_x1: 98.1491 | mae_y1: 96.0422 | mae_x2: 101.4845 | mae_y2: 95.4160 | center_x_error: 85.7039 | center_y_error: 79.9917 | width_error: 2.3703 | height_error: 2.3599 | loss: 4.4680
2025-05-27 04:11:07,090 - transvg_20250526_202035 - INFO - Saved model checkpoint to /home/pokle/Trans-VG/visual_grounding/checkpoints/transvg_20250526_202035_epoch12.pth
2025-05-27 04:11:07,091 - transvg_20250526_202035 - INFO - Epoch 13/200
2025-05-27 04:11:09,651 - transvg_20250526_202035 - INFO - Epoch 13, Batch 0/1696, Loss: 4.4837
2025-05-27 04:11:09,652 - transvg_20250526_202035 - INFO - Train metrics: l1_loss: 0.4832 | giou_loss: 1.0222 | center_loss: 0.0230 | total_loss: 4.4837
2025-05-27 04:12:10,442 - transvg_20250526_202035 - INFO - Epoch 13, Batch 50/1696, Loss: 3.4851
2025-05-27 04:12:10,442 - transvg_20250526_202035 - INFO - Train metrics: l1_loss: 0.3687 | giou_loss: 0.8166 | center_loss: 0.0082 | total_loss: 3.4851
2025-05-27 04:13:11,249 - transvg_20250526_202035 - INFO - Epoch 13, Batch 100/1696, Loss: 3.6296
2025-05-27 04:13:11,250 - transvg_20250526_202035 - INFO - Train metrics: l1_loss: 0.3672 | giou_loss: 0.8922 | center_loss: 0.0092 | total_loss: 3.6296
2025-05-27 04:14:12,106 - transvg_20250526_202035 - INFO - Epoch 13, Batch 150/1696, Loss: 5.1462
2025-05-27 04:14:12,107 - transvg_20250526_202035 - INFO - Train metrics: l1_loss: 0.5811 | giou_loss: 1.1049 | center_loss: 0.0308 | total_loss: 5.1462
2025-05-27 04:15:12,998 - transvg_20250526_202035 - INFO - Epoch 13, Batch 200/1696, Loss: 4.9322
2025-05-27 04:15:12,998 - transvg_20250526_202035 - INFO - Train metrics: l1_loss: 0.5392 | giou_loss: 1.1059 | center_loss: 0.0246 | total_loss: 4.9322
2025-05-27 04:16:13,876 - transvg_20250526_202035 - INFO - Epoch 13, Batch 250/1696, Loss: 4.2829
2025-05-27 04:16:13,876 - transvg_20250526_202035 - INFO - Train metrics: l1_loss: 0.4214 | giou_loss: 1.0818 | center_loss: 0.0123 | total_loss: 4.2829
2025-05-27 04:17:14,756 - transvg_20250526_202035 - INFO - Epoch 13, Batch 300/1696, Loss: 3.9005
2025-05-27 04:17:14,756 - transvg_20250526_202035 - INFO - Train metrics: l1_loss: 0.4340 | giou_loss: 0.8593 | center_loss: 0.0119 | total_loss: 3.9005
2025-05-27 04:18:15,680 - transvg_20250526_202035 - INFO - Epoch 13, Batch 350/1696, Loss: 3.9114
2025-05-27 04:18:15,681 - transvg_20250526_202035 - INFO - Train metrics: l1_loss: 0.4327 | giou_loss: 0.8691 | center_loss: 0.0097 | total_loss: 3.9114
2025-05-27 04:19:16,600 - transvg_20250526_202035 - INFO - Epoch 13, Batch 400/1696, Loss: 4.0730
2025-05-27 04:19:16,600 - transvg_20250526_202035 - INFO - Train metrics: l1_loss: 0.4344 | giou_loss: 0.9429 | center_loss: 0.0153 | total_loss: 4.0730
2025-05-27 04:20:17,559 - transvg_20250526_202035 - INFO - Epoch 13, Batch 450/1696, Loss: 4.2279
2025-05-27 04:20:17,560 - transvg_20250526_202035 - INFO - Train metrics: l1_loss: 0.4501 | giou_loss: 0.9821 | center_loss: 0.0130 | total_loss: 4.2279
2025-05-27 04:21:18,517 - transvg_20250526_202035 - INFO - Epoch 13, Batch 500/1696, Loss: 4.7280
2025-05-27 04:21:18,518 - transvg_20250526_202035 - INFO - Train metrics: l1_loss: 0.4933 | giou_loss: 1.1193 | center_loss: 0.0229 | total_loss: 4.7280
2025-05-27 04:22:19,483 - transvg_20250526_202035 - INFO - Epoch 13, Batch 550/1696, Loss: 4.5575
2025-05-27 04:22:19,483 - transvg_20250526_202035 - INFO - Train metrics: l1_loss: 0.4945 | giou_loss: 1.0328 | center_loss: 0.0194 | total_loss: 4.5575
2025-05-27 04:23:20,437 - transvg_20250526_202035 - INFO - Epoch 13, Batch 600/1696, Loss: 4.7227
2025-05-27 04:23:20,437 - transvg_20250526_202035 - INFO - Train metrics: l1_loss: 0.5163 | giou_loss: 1.0576 | center_loss: 0.0259 | total_loss: 4.7227
2025-05-27 04:24:21,350 - transvg_20250526_202035 - INFO - Epoch 13, Batch 650/1696, Loss: 5.3014
2025-05-27 04:24:21,350 - transvg_20250526_202035 - INFO - Train metrics: l1_loss: 0.6265 | giou_loss: 1.0645 | center_loss: 0.0402 | total_loss: 5.3014
2025-05-27 04:25:22,302 - transvg_20250526_202035 - INFO - Epoch 13, Batch 700/1696, Loss: 3.9684
2025-05-27 04:25:22,302 - transvg_20250526_202035 - INFO - Train metrics: l1_loss: 0.4383 | giou_loss: 0.8810 | center_loss: 0.0147 | total_loss: 3.9684
2025-05-27 04:26:23,286 - transvg_20250526_202035 - INFO - Epoch 13, Batch 750/1696, Loss: 4.6458
2025-05-27 04:26:23,287 - transvg_20250526_202035 - INFO - Train metrics: l1_loss: 0.5078 | giou_loss: 1.0418 | center_loss: 0.0234 | total_loss: 4.6458
2025-05-27 04:27:24,233 - transvg_20250526_202035 - INFO - Epoch 13, Batch 800/1696, Loss: 3.9843
2025-05-27 04:27:24,234 - transvg_20250526_202035 - INFO - Train metrics: l1_loss: 0.4429 | giou_loss: 0.8747 | center_loss: 0.0205 | total_loss: 3.9843
2025-05-27 04:28:25,163 - transvg_20250526_202035 - INFO - Epoch 13, Batch 850/1696, Loss: 4.7325
2025-05-27 04:28:25,164 - transvg_20250526_202035 - INFO - Train metrics: l1_loss: 0.5292 | giou_loss: 1.0329 | center_loss: 0.0208 | total_loss: 4.7325
2025-05-27 04:29:26,099 - transvg_20250526_202035 - INFO - Epoch 13, Batch 900/1696, Loss: 4.7150
2025-05-27 04:29:26,099 - transvg_20250526_202035 - INFO - Train metrics: l1_loss: 0.5158 | giou_loss: 1.0582 | center_loss: 0.0195 | total_loss: 4.7150
2025-05-27 04:30:27,024 - transvg_20250526_202035 - INFO - Epoch 13, Batch 950/1696, Loss: 3.5539
2025-05-27 04:30:27,025 - transvg_20250526_202035 - INFO - Train metrics: l1_loss: 0.3844 | giou_loss: 0.8119 | center_loss: 0.0081 | total_loss: 3.5539
2025-05-27 04:31:27,928 - transvg_20250526_202035 - INFO - Epoch 13, Batch 1000/1696, Loss: 3.9299
2025-05-27 04:31:27,928 - transvg_20250526_202035 - INFO - Train metrics: l1_loss: 0.4218 | giou_loss: 0.9028 | center_loss: 0.0155 | total_loss: 3.9299
2025-05-27 04:32:28,879 - transvg_20250526_202035 - INFO - Epoch 13, Batch 1050/1696, Loss: 4.7372
2025-05-27 04:32:28,879 - transvg_20250526_202035 - INFO - Train metrics: l1_loss: 0.5494 | giou_loss: 0.9821 | center_loss: 0.0259 | total_loss: 4.7372
2025-05-27 04:33:29,816 - transvg_20250526_202035 - INFO - Epoch 13, Batch 1100/1696, Loss: 4.2694
2025-05-27 04:33:29,817 - transvg_20250526_202035 - INFO - Train metrics: l1_loss: 0.4898 | giou_loss: 0.9006 | center_loss: 0.0194 | total_loss: 4.2694
2025-05-27 04:34:30,741 - transvg_20250526_202035 - INFO - Epoch 13, Batch 1150/1696, Loss: 4.5668
2025-05-27 04:34:30,741 - transvg_20250526_202035 - INFO - Train metrics: l1_loss: 0.5118 | giou_loss: 0.9908 | center_loss: 0.0265 | total_loss: 4.5668
2025-05-27 04:35:31,668 - transvg_20250526_202035 - INFO - Epoch 13, Batch 1200/1696, Loss: 3.5787
2025-05-27 04:35:31,668 - transvg_20250526_202035 - INFO - Train metrics: l1_loss: 0.3825 | giou_loss: 0.8296 | center_loss: 0.0070 | total_loss: 3.5787
2025-05-27 04:36:32,587 - transvg_20250526_202035 - INFO - Epoch 13, Batch 1250/1696, Loss: 4.0787
2025-05-27 04:36:32,588 - transvg_20250526_202035 - INFO - Train metrics: l1_loss: 0.4347 | giou_loss: 0.9452 | center_loss: 0.0150 | total_loss: 4.0787
2025-05-27 04:37:33,471 - transvg_20250526_202035 - INFO - Epoch 13, Batch 1300/1696, Loss: 4.1372
2025-05-27 04:37:33,471 - transvg_20250526_202035 - INFO - Train metrics: l1_loss: 0.4806 | giou_loss: 0.8568 | center_loss: 0.0203 | total_loss: 4.1372
2025-05-27 04:38:34,373 - transvg_20250526_202035 - INFO - Epoch 13, Batch 1350/1696, Loss: 4.1404
2025-05-27 04:38:34,373 - transvg_20250526_202035 - INFO - Train metrics: l1_loss: 0.4356 | giou_loss: 0.9736 | center_loss: 0.0149 | total_loss: 4.1404
2025-05-27 04:39:35,265 - transvg_20250526_202035 - INFO - Epoch 13, Batch 1400/1696, Loss: 3.9488
2025-05-27 04:39:35,265 - transvg_20250526_202035 - INFO - Train metrics: l1_loss: 0.3977 | giou_loss: 0.9749 | center_loss: 0.0105 | total_loss: 3.9488
2025-05-27 04:40:36,172 - transvg_20250526_202035 - INFO - Epoch 13, Batch 1450/1696, Loss: 4.7528
2025-05-27 04:40:36,172 - transvg_20250526_202035 - INFO - Train metrics: l1_loss: 0.5163 | giou_loss: 1.0755 | center_loss: 0.0203 | total_loss: 4.7528
2025-05-27 04:41:37,109 - transvg_20250526_202035 - INFO - Epoch 13, Batch 1500/1696, Loss: 4.2804
2025-05-27 04:41:37,109 - transvg_20250526_202035 - INFO - Train metrics: l1_loss: 0.4501 | giou_loss: 1.0052 | center_loss: 0.0197 | total_loss: 4.2804
2025-05-27 04:42:38,047 - transvg_20250526_202035 - INFO - Epoch 13, Batch 1550/1696, Loss: 4.0102
2025-05-27 04:42:38,047 - transvg_20250526_202035 - INFO - Train metrics: l1_loss: 0.4128 | giou_loss: 0.9660 | center_loss: 0.0141 | total_loss: 4.0102
2025-05-27 04:43:38,986 - transvg_20250526_202035 - INFO - Epoch 13, Batch 1600/1696, Loss: 4.2310
2025-05-27 04:43:38,986 - transvg_20250526_202035 - INFO - Train metrics: l1_loss: 0.4758 | giou_loss: 0.9194 | center_loss: 0.0133 | total_loss: 4.2310
2025-05-27 04:44:39,926 - transvg_20250526_202035 - INFO - Epoch 13, Batch 1650/1696, Loss: 3.6901
2025-05-27 04:44:39,926 - transvg_20250526_202035 - INFO - Train metrics: l1_loss: 0.3924 | giou_loss: 0.8578 | center_loss: 0.0124 | total_loss: 3.6901
2025-05-27 04:45:34,643 - transvg_20250526_202035 - INFO - Train Epoch 13, Loss: 4.1717
2025-05-27 04:47:16,884 - transvg_20250526_202035 - INFO - Pred box sample: [76.87703704833984, 85.00597381591797, 251.31259155273438, 256.2071228027344]
2025-05-27 04:47:16,884 - transvg_20250526_202035 - INFO - Target box sample: [207.0, 198.0, 287.0, 283.0]
2025-05-27 04:47:16,962 - transvg_20250526_202035 - INFO - Validation Epoch 13, Loss: 4.4886
2025-05-27 04:47:16,962 - transvg_20250526_202035 - INFO - Val metrics: Acc@0.25: 0.3259 | Acc@0.5: 0.1169 | Acc@0.75: 0.0149 | mIoU: 0.1853 | medianIoU: 0.0872 | mae_x1: 100.2782 | mae_y1: 96.1914 | mae_x2: 102.6209 | mae_y2: 98.4128 | center_x_error: 86.5222 | center_y_error: 80.5749 | width_error: 2.5416 | height_error: 2.4531 | loss: 4.4886
2025-05-27 04:47:17,861 - transvg_20250526_202035 - INFO - Saved model checkpoint to /home/pokle/Trans-VG/visual_grounding/checkpoints/transvg_20250526_202035_epoch13.pth
2025-05-27 04:47:17,861 - transvg_20250526_202035 - INFO - Epoch 14/200
2025-05-27 04:47:20,451 - transvg_20250526_202035 - INFO - Epoch 14, Batch 0/1696, Loss: 4.0433
2025-05-27 04:47:20,451 - transvg_20250526_202035 - INFO - Train metrics: l1_loss: 0.4206 | giou_loss: 0.9650 | center_loss: 0.0103 | total_loss: 4.0433
2025-05-27 04:48:21,325 - transvg_20250526_202035 - INFO - Epoch 14, Batch 50/1696, Loss: 4.2601
2025-05-27 04:48:21,325 - transvg_20250526_202035 - INFO - Train metrics: l1_loss: 0.4836 | giou_loss: 0.9132 | center_loss: 0.0157 | total_loss: 4.2601
2025-05-27 04:49:22,214 - transvg_20250526_202035 - INFO - Epoch 14, Batch 100/1696, Loss: 4.2816
2025-05-27 04:49:22,215 - transvg_20250526_202035 - INFO - Train metrics: l1_loss: 0.4690 | giou_loss: 0.9605 | center_loss: 0.0157 | total_loss: 4.2816
2025-05-27 04:50:23,092 - transvg_20250526_202035 - INFO - Epoch 14, Batch 150/1696, Loss: 4.7240
2025-05-27 04:50:23,092 - transvg_20250526_202035 - INFO - Train metrics: l1_loss: 0.5329 | giou_loss: 1.0206 | center_loss: 0.0185 | total_loss: 4.7240
2025-05-27 04:51:23,975 - transvg_20250526_202035 - INFO - Epoch 14, Batch 200/1696, Loss: 4.4094
2025-05-27 04:51:23,975 - transvg_20250526_202035 - INFO - Train metrics: l1_loss: 0.5203 | giou_loss: 0.8905 | center_loss: 0.0270 | total_loss: 4.4094
2025-05-27 04:52:24,850 - transvg_20250526_202035 - INFO - Epoch 14, Batch 250/1696, Loss: 3.5840
2025-05-27 04:52:24,850 - transvg_20250526_202035 - INFO - Train metrics: l1_loss: 0.3722 | giou_loss: 0.8576 | center_loss: 0.0077 | total_loss: 3.5840
2025-05-27 04:53:25,717 - transvg_20250526_202035 - INFO - Epoch 14, Batch 300/1696, Loss: 4.4804
2025-05-27 04:53:25,718 - transvg_20250526_202035 - INFO - Train metrics: l1_loss: 0.5249 | giou_loss: 0.9207 | center_loss: 0.0144 | total_loss: 4.4804
2025-05-27 04:54:26,581 - transvg_20250526_202035 - INFO - Epoch 14, Batch 350/1696, Loss: 3.7274
2025-05-27 04:54:26,581 - transvg_20250526_202035 - INFO - Train metrics: l1_loss: 0.3953 | giou_loss: 0.8690 | center_loss: 0.0130 | total_loss: 3.7274
2025-05-27 04:55:27,499 - transvg_20250526_202035 - INFO - Epoch 14, Batch 400/1696, Loss: 4.4155
2025-05-27 04:55:27,499 - transvg_20250526_202035 - INFO - Train metrics: l1_loss: 0.4982 | giou_loss: 0.9535 | center_loss: 0.0178 | total_loss: 4.4155
2025-05-27 04:56:28,399 - transvg_20250526_202035 - INFO - Epoch 14, Batch 450/1696, Loss: 4.0100
2025-05-27 04:56:28,399 - transvg_20250526_202035 - INFO - Train metrics: l1_loss: 0.4468 | giou_loss: 0.8789 | center_loss: 0.0183 | total_loss: 4.0100
2025-05-27 04:57:29,271 - transvg_20250526_202035 - INFO - Epoch 14, Batch 500/1696, Loss: 4.4447
2025-05-27 04:57:29,271 - transvg_20250526_202035 - INFO - Train metrics: l1_loss: 0.4897 | giou_loss: 0.9869 | center_loss: 0.0221 | total_loss: 4.4447
2025-05-27 04:58:30,156 - transvg_20250526_202035 - INFO - Epoch 14, Batch 550/1696, Loss: 3.9533
2025-05-27 04:58:30,157 - transvg_20250526_202035 - INFO - Train metrics: l1_loss: 0.4126 | giou_loss: 0.9379 | center_loss: 0.0147 | total_loss: 3.9533
2025-05-27 04:59:31,066 - transvg_20250526_202035 - INFO - Epoch 14, Batch 600/1696, Loss: 4.0974
2025-05-27 04:59:31,066 - transvg_20250526_202035 - INFO - Train metrics: l1_loss: 0.4491 | giou_loss: 0.9193 | center_loss: 0.0133 | total_loss: 4.0974
2025-05-27 05:00:31,983 - transvg_20250526_202035 - INFO - Epoch 14, Batch 650/1696, Loss: 3.9667
2025-05-27 05:00:31,983 - transvg_20250526_202035 - INFO - Train metrics: l1_loss: 0.4245 | giou_loss: 0.9134 | center_loss: 0.0175 | total_loss: 3.9667
2025-05-27 05:01:32,894 - transvg_20250526_202035 - INFO - Epoch 14, Batch 700/1696, Loss: 3.9807
2025-05-27 05:01:32,894 - transvg_20250526_202035 - INFO - Train metrics: l1_loss: 0.4161 | giou_loss: 0.9442 | center_loss: 0.0117 | total_loss: 3.9807
2025-05-27 05:02:33,822 - transvg_20250526_202035 - INFO - Epoch 14, Batch 750/1696, Loss: 3.3192
2025-05-27 05:02:33,823 - transvg_20250526_202035 - INFO - Train metrics: l1_loss: 0.3382 | giou_loss: 0.8112 | center_loss: 0.0058 | total_loss: 3.3192
2025-05-27 05:03:34,735 - transvg_20250526_202035 - INFO - Epoch 14, Batch 800/1696, Loss: 4.2917
2025-05-27 05:03:34,735 - transvg_20250526_202035 - INFO - Train metrics: l1_loss: 0.4469 | giou_loss: 1.0220 | center_loss: 0.0133 | total_loss: 4.2917
2025-05-27 05:04:35,614 - transvg_20250526_202035 - INFO - Epoch 14, Batch 850/1696, Loss: 4.7125
2025-05-27 05:04:35,614 - transvg_20250526_202035 - INFO - Train metrics: l1_loss: 0.5180 | giou_loss: 1.0491 | center_loss: 0.0242 | total_loss: 4.7125
2025-05-27 05:05:36,524 - transvg_20250526_202035 - INFO - Epoch 14, Batch 900/1696, Loss: 4.0199
2025-05-27 05:05:36,524 - transvg_20250526_202035 - INFO - Train metrics: l1_loss: 0.4367 | giou_loss: 0.9115 | center_loss: 0.0134 | total_loss: 4.0199
2025-05-27 05:06:37,436 - transvg_20250526_202035 - INFO - Epoch 14, Batch 950/1696, Loss: 4.2204
2025-05-27 05:06:37,436 - transvg_20250526_202035 - INFO - Train metrics: l1_loss: 0.4672 | giou_loss: 0.9339 | center_loss: 0.0169 | total_loss: 4.2204
2025-05-27 05:07:38,311 - transvg_20250526_202035 - INFO - Epoch 14, Batch 1000/1696, Loss: 4.5471
2025-05-27 05:07:38,311 - transvg_20250526_202035 - INFO - Train metrics: l1_loss: 0.4888 | giou_loss: 1.0432 | center_loss: 0.0169 | total_loss: 4.5471
2025-05-27 05:08:39,218 - transvg_20250526_202035 - INFO - Epoch 14, Batch 1050/1696, Loss: 4.0265
2025-05-27 05:08:39,218 - transvg_20250526_202035 - INFO - Train metrics: l1_loss: 0.4453 | giou_loss: 0.8938 | center_loss: 0.0127 | total_loss: 4.0265
2025-05-27 05:09:40,160 - transvg_20250526_202035 - INFO - Epoch 14, Batch 1100/1696, Loss: 3.2757
2025-05-27 05:09:40,161 - transvg_20250526_202035 - INFO - Train metrics: l1_loss: 0.3246 | giou_loss: 0.8233 | center_loss: 0.0061 | total_loss: 3.2757
2025-05-27 05:10:41,079 - transvg_20250526_202035 - INFO - Epoch 14, Batch 1150/1696, Loss: 3.6869
2025-05-27 05:10:41,079 - transvg_20250526_202035 - INFO - Train metrics: l1_loss: 0.4170 | giou_loss: 0.7949 | center_loss: 0.0120 | total_loss: 3.6869
2025-05-27 05:11:42,019 - transvg_20250526_202035 - INFO - Epoch 14, Batch 1200/1696, Loss: 4.3935
2025-05-27 05:11:42,019 - transvg_20250526_202035 - INFO - Train metrics: l1_loss: 0.4761 | giou_loss: 0.9982 | center_loss: 0.0167 | total_loss: 4.3935
2025-05-27 05:12:42,995 - transvg_20250526_202035 - INFO - Epoch 14, Batch 1250/1696, Loss: 4.4623
2025-05-27 05:12:42,995 - transvg_20250526_202035 - INFO - Train metrics: l1_loss: 0.5284 | giou_loss: 0.8955 | center_loss: 0.0294 | total_loss: 4.4623
2025-05-27 05:13:43,924 - transvg_20250526_202035 - INFO - Epoch 14, Batch 1300/1696, Loss: 4.5063
2025-05-27 05:13:43,924 - transvg_20250526_202035 - INFO - Train metrics: l1_loss: 0.5298 | giou_loss: 0.9130 | center_loss: 0.0315 | total_loss: 4.5063
2025-05-27 05:14:44,825 - transvg_20250526_202035 - INFO - Epoch 14, Batch 1350/1696, Loss: 4.1763
2025-05-27 05:14:44,825 - transvg_20250526_202035 - INFO - Train metrics: l1_loss: 0.4500 | giou_loss: 0.9560 | center_loss: 0.0143 | total_loss: 4.1763
2025-05-27 05:15:45,697 - transvg_20250526_202035 - INFO - Epoch 14, Batch 1400/1696, Loss: 4.6003
2025-05-27 05:15:45,697 - transvg_20250526_202035 - INFO - Train metrics: l1_loss: 0.5052 | giou_loss: 1.0253 | center_loss: 0.0237 | total_loss: 4.6003
2025-05-27 05:16:46,593 - transvg_20250526_202035 - INFO - Epoch 14, Batch 1450/1696, Loss: 3.4890
2025-05-27 05:16:46,593 - transvg_20250526_202035 - INFO - Train metrics: l1_loss: 0.3682 | giou_loss: 0.8179 | center_loss: 0.0123 | total_loss: 3.4890
2025-05-27 05:17:47,447 - transvg_20250526_202035 - INFO - Epoch 14, Batch 1500/1696, Loss: 4.4547
2025-05-27 05:17:47,447 - transvg_20250526_202035 - INFO - Train metrics: l1_loss: 0.4947 | giou_loss: 0.9836 | center_loss: 0.0141 | total_loss: 4.4547
2025-05-27 05:18:48,303 - transvg_20250526_202035 - INFO - Epoch 14, Batch 1550/1696, Loss: 4.7609
2025-05-27 05:18:48,303 - transvg_20250526_202035 - INFO - Train metrics: l1_loss: 0.5594 | giou_loss: 0.9716 | center_loss: 0.0208 | total_loss: 4.7609
2025-05-27 05:19:49,136 - transvg_20250526_202035 - INFO - Epoch 14, Batch 1600/1696, Loss: 4.2254
2025-05-27 05:19:49,136 - transvg_20250526_202035 - INFO - Train metrics: l1_loss: 0.4475 | giou_loss: 0.9845 | center_loss: 0.0189 | total_loss: 4.2254
2025-05-27 05:20:49,979 - transvg_20250526_202035 - INFO - Epoch 14, Batch 1650/1696, Loss: 3.9156
2025-05-27 05:20:49,979 - transvg_20250526_202035 - INFO - Train metrics: l1_loss: 0.4211 | giou_loss: 0.8967 | center_loss: 0.0164 | total_loss: 3.9156
2025-05-27 05:21:44,593 - transvg_20250526_202035 - INFO - Train Epoch 14, Loss: 4.1430
2025-05-27 05:23:26,773 - transvg_20250526_202035 - INFO - Pred box sample: [77.35588836669922, 94.13027954101562, 259.39520263671875, 281.9081726074219]
2025-05-27 05:23:26,774 - transvg_20250526_202035 - INFO - Target box sample: [207.0, 198.0, 287.0, 283.0]
2025-05-27 05:23:26,855 - transvg_20250526_202035 - INFO - Validation Epoch 14, Loss: 4.4621
2025-05-27 05:23:26,855 - transvg_20250526_202035 - INFO - Val metrics: Acc@0.25: 0.3299 | Acc@0.5: 0.1232 | Acc@0.75: 0.0159 | mIoU: 0.1908 | medianIoU: 0.0992 | mae_x1: 101.6147 | mae_y1: 96.5805 | mae_x2: 102.4695 | mae_y2: 96.7236 | center_x_error: 85.4305 | center_y_error: 80.2425 | width_error: 2.7419 | height_error: 2.4214 | loss: 4.4621
2025-05-27 05:23:27,769 - transvg_20250526_202035 - INFO - Saved model checkpoint to /home/pokle/Trans-VG/visual_grounding/checkpoints/transvg_20250526_202035_epoch14.pth
2025-05-27 05:23:27,770 - transvg_20250526_202035 - INFO - New best model! Acc@0.5: 0.1232
2025-05-27 05:23:27,770 - transvg_20250526_202035 - INFO - Epoch 15/200
2025-05-27 05:23:30,340 - transvg_20250526_202035 - INFO - Epoch 15, Batch 0/1696, Loss: 4.2809
2025-05-27 05:23:30,340 - transvg_20250526_202035 - INFO - Train metrics: l1_loss: 0.4725 | giou_loss: 0.9488 | center_loss: 0.0208 | total_loss: 4.2809
2025-05-27 05:24:31,137 - transvg_20250526_202035 - INFO - Epoch 15, Batch 50/1696, Loss: 4.1865
2025-05-27 05:24:31,137 - transvg_20250526_202035 - INFO - Train metrics: l1_loss: 0.4315 | giou_loss: 1.0063 | center_loss: 0.0166 | total_loss: 4.1865
2025-05-27 05:25:31,910 - transvg_20250526_202035 - INFO - Epoch 15, Batch 100/1696, Loss: 3.6525
2025-05-27 05:25:31,911 - transvg_20250526_202035 - INFO - Train metrics: l1_loss: 0.3690 | giou_loss: 0.8997 | center_loss: 0.0081 | total_loss: 3.6525
2025-05-27 05:26:32,708 - transvg_20250526_202035 - INFO - Epoch 15, Batch 150/1696, Loss: 4.5602
2025-05-27 05:26:32,708 - transvg_20250526_202035 - INFO - Train metrics: l1_loss: 0.5042 | giou_loss: 1.0065 | center_loss: 0.0262 | total_loss: 4.5602
2025-05-27 05:27:33,515 - transvg_20250526_202035 - INFO - Epoch 15, Batch 200/1696, Loss: 4.6047
2025-05-27 05:27:33,515 - transvg_20250526_202035 - INFO - Train metrics: l1_loss: 0.5032 | giou_loss: 1.0354 | center_loss: 0.0180 | total_loss: 4.6047
2025-05-27 05:28:34,329 - transvg_20250526_202035 - INFO - Epoch 15, Batch 250/1696, Loss: 3.7209
2025-05-27 05:28:34,329 - transvg_20250526_202035 - INFO - Train metrics: l1_loss: 0.3910 | giou_loss: 0.8790 | center_loss: 0.0079 | total_loss: 3.7209
2025-05-27 05:29:35,105 - transvg_20250526_202035 - INFO - Epoch 15, Batch 300/1696, Loss: 4.0126
2025-05-27 05:29:35,105 - transvg_20250526_202035 - INFO - Train metrics: l1_loss: 0.4415 | giou_loss: 0.8954 | center_loss: 0.0142 | total_loss: 4.0126
2025-05-27 05:30:35,950 - transvg_20250526_202035 - INFO - Epoch 15, Batch 350/1696, Loss: 3.0232
2025-05-27 05:30:35,950 - transvg_20250526_202035 - INFO - Train metrics: l1_loss: 0.3246 | giou_loss: 0.6971 | center_loss: 0.0058 | total_loss: 3.0232
2025-05-27 05:31:36,708 - transvg_20250526_202035 - INFO - Epoch 15, Batch 400/1696, Loss: 3.6853
2025-05-27 05:31:36,709 - transvg_20250526_202035 - INFO - Train metrics: l1_loss: 0.3795 | giou_loss: 0.8893 | center_loss: 0.0091 | total_loss: 3.6853
2025-05-27 05:32:37,489 - transvg_20250526_202035 - INFO - Epoch 15, Batch 450/1696, Loss: 4.2736
2025-05-27 05:32:37,489 - transvg_20250526_202035 - INFO - Train metrics: l1_loss: 0.4439 | giou_loss: 1.0204 | center_loss: 0.0134 | total_loss: 4.2736
2025-05-27 05:33:38,332 - transvg_20250526_202035 - INFO - Epoch 15, Batch 500/1696, Loss: 4.2570
2025-05-27 05:33:38,333 - transvg_20250526_202035 - INFO - Train metrics: l1_loss: 0.4514 | giou_loss: 0.9931 | center_loss: 0.0138 | total_loss: 4.2570
2025-05-27 05:34:39,151 - transvg_20250526_202035 - INFO - Epoch 15, Batch 550/1696, Loss: 2.9703
2025-05-27 05:34:39,151 - transvg_20250526_202035 - INFO - Train metrics: l1_loss: 0.2910 | giou_loss: 0.7545 | center_loss: 0.0061 | total_loss: 2.9703
2025-05-27 05:35:39,999 - transvg_20250526_202035 - INFO - Epoch 15, Batch 600/1696, Loss: 3.6174
2025-05-27 05:35:39,999 - transvg_20250526_202035 - INFO - Train metrics: l1_loss: 0.3722 | giou_loss: 0.8725 | center_loss: 0.0113 | total_loss: 3.6174
2025-05-27 05:36:40,868 - transvg_20250526_202035 - INFO - Epoch 15, Batch 650/1696, Loss: 3.7150
2025-05-27 05:36:40,869 - transvg_20250526_202035 - INFO - Train metrics: l1_loss: 0.3864 | giou_loss: 0.8863 | center_loss: 0.0104 | total_loss: 3.7150
2025-05-27 05:37:41,728 - transvg_20250526_202035 - INFO - Epoch 15, Batch 700/1696, Loss: 4.3889
2025-05-27 05:37:41,729 - transvg_20250526_202035 - INFO - Train metrics: l1_loss: 0.4898 | giou_loss: 0.9615 | center_loss: 0.0170 | total_loss: 4.3889
2025-05-27 05:38:42,612 - transvg_20250526_202035 - INFO - Epoch 15, Batch 750/1696, Loss: 4.4130
2025-05-27 05:38:42,612 - transvg_20250526_202035 - INFO - Train metrics: l1_loss: 0.4453 | giou_loss: 1.0855 | center_loss: 0.0155 | total_loss: 4.4130
2025-05-27 05:39:43,538 - transvg_20250526_202035 - INFO - Epoch 15, Batch 800/1696, Loss: 4.0693
2025-05-27 05:39:43,538 - transvg_20250526_202035 - INFO - Train metrics: l1_loss: 0.4465 | giou_loss: 0.9090 | center_loss: 0.0190 | total_loss: 4.0693
2025-05-27 05:40:44,473 - transvg_20250526_202035 - INFO - Epoch 15, Batch 850/1696, Loss: 4.5646
2025-05-27 05:40:44,474 - transvg_20250526_202035 - INFO - Train metrics: l1_loss: 0.4797 | giou_loss: 1.0722 | center_loss: 0.0216 | total_loss: 4.5646
2025-05-27 05:41:45,359 - transvg_20250526_202035 - INFO - Epoch 15, Batch 900/1696, Loss: 3.2875
2025-05-27 05:41:45,360 - transvg_20250526_202035 - INFO - Train metrics: l1_loss: 0.3479 | giou_loss: 0.7698 | center_loss: 0.0084 | total_loss: 3.2875
2025-05-27 05:42:46,285 - transvg_20250526_202035 - INFO - Epoch 15, Batch 950/1696, Loss: 4.1253
2025-05-27 05:42:46,285 - transvg_20250526_202035 - INFO - Train metrics: l1_loss: 0.4637 | giou_loss: 0.8942 | center_loss: 0.0181 | total_loss: 4.1253
2025-05-27 05:43:47,181 - transvg_20250526_202035 - INFO - Epoch 15, Batch 1000/1696, Loss: 4.4206
2025-05-27 05:43:47,181 - transvg_20250526_202035 - INFO - Train metrics: l1_loss: 0.4539 | giou_loss: 1.0666 | center_loss: 0.0177 | total_loss: 4.4206
2025-05-27 05:44:48,056 - transvg_20250526_202035 - INFO - Epoch 15, Batch 1050/1696, Loss: 3.9646
2025-05-27 05:44:48,056 - transvg_20250526_202035 - INFO - Train metrics: l1_loss: 0.4306 | giou_loss: 0.8991 | center_loss: 0.0135 | total_loss: 3.9646
2025-05-27 05:45:48,974 - transvg_20250526_202035 - INFO - Epoch 15, Batch 1100/1696, Loss: 3.3760
2025-05-27 05:45:48,975 - transvg_20250526_202035 - INFO - Train metrics: l1_loss: 0.3391 | giou_loss: 0.8377 | center_loss: 0.0051 | total_loss: 3.3760
2025-05-27 05:46:49,894 - transvg_20250526_202035 - INFO - Epoch 15, Batch 1150/1696, Loss: 4.6039
2025-05-27 05:46:49,894 - transvg_20250526_202035 - INFO - Train metrics: l1_loss: 0.4770 | giou_loss: 1.1016 | center_loss: 0.0159 | total_loss: 4.6039
2025-05-27 05:47:50,771 - transvg_20250526_202035 - INFO - Epoch 15, Batch 1200/1696, Loss: 4.6570
2025-05-27 05:47:50,771 - transvg_20250526_202035 - INFO - Train metrics: l1_loss: 0.5183 | giou_loss: 1.0215 | center_loss: 0.0224 | total_loss: 4.6570
2025-05-27 05:48:51,638 - transvg_20250526_202035 - INFO - Epoch 15, Batch 1250/1696, Loss: 4.0136
2025-05-27 05:48:51,638 - transvg_20250526_202035 - INFO - Train metrics: l1_loss: 0.4214 | giou_loss: 0.9464 | center_loss: 0.0139 | total_loss: 4.0136
2025-05-27 05:49:52,514 - transvg_20250526_202035 - INFO - Epoch 15, Batch 1300/1696, Loss: 3.2160
2025-05-27 05:49:52,514 - transvg_20250526_202035 - INFO - Train metrics: l1_loss: 0.3558 | giou_loss: 0.7155 | center_loss: 0.0058 | total_loss: 3.2160
2025-05-27 05:50:53,451 - transvg_20250526_202035 - INFO - Epoch 15, Batch 1350/1696, Loss: 4.1598
2025-05-27 05:50:53,451 - transvg_20250526_202035 - INFO - Train metrics: l1_loss: 0.4366 | giou_loss: 0.9801 | center_loss: 0.0164 | total_loss: 4.1598
2025-05-27 05:51:54,408 - transvg_20250526_202035 - INFO - Epoch 15, Batch 1400/1696, Loss: 4.6745
2025-05-27 05:51:54,408 - transvg_20250526_202035 - INFO - Train metrics: l1_loss: 0.5421 | giou_loss: 0.9710 | center_loss: 0.0222 | total_loss: 4.6745
2025-05-27 05:52:55,359 - transvg_20250526_202035 - INFO - Epoch 15, Batch 1450/1696, Loss: 3.8401
2025-05-27 05:52:55,359 - transvg_20250526_202035 - INFO - Train metrics: l1_loss: 0.3992 | giou_loss: 0.9140 | center_loss: 0.0158 | total_loss: 3.8401
2025-05-27 05:53:56,235 - transvg_20250526_202035 - INFO - Epoch 15, Batch 1500/1696, Loss: 4.5804
2025-05-27 05:53:56,236 - transvg_20250526_202035 - INFO - Train metrics: l1_loss: 0.4759 | giou_loss: 1.0925 | center_loss: 0.0160 | total_loss: 4.5804
2025-05-27 05:54:57,101 - transvg_20250526_202035 - INFO - Epoch 15, Batch 1550/1696, Loss: 4.4364
2025-05-27 05:54:57,101 - transvg_20250526_202035 - INFO - Train metrics: l1_loss: 0.4703 | giou_loss: 1.0358 | center_loss: 0.0135 | total_loss: 4.4364
2025-05-27 05:55:58,047 - transvg_20250526_202035 - INFO - Epoch 15, Batch 1600/1696, Loss: 3.5072
2025-05-27 05:55:58,047 - transvg_20250526_202035 - INFO - Train metrics: l1_loss: 0.4251 | giou_loss: 0.6836 | center_loss: 0.0146 | total_loss: 3.5072
2025-05-27 05:56:58,980 - transvg_20250526_202035 - INFO - Epoch 15, Batch 1650/1696, Loss: 4.4331
2025-05-27 05:56:58,980 - transvg_20250526_202035 - INFO - Train metrics: l1_loss: 0.4834 | giou_loss: 0.9983 | center_loss: 0.0197 | total_loss: 4.4331
2025-05-27 05:57:53,674 - transvg_20250526_202035 - INFO - Train Epoch 15, Loss: 4.1153
2025-05-27 05:59:35,836 - transvg_20250526_202035 - INFO - Pred box sample: [77.42234802246094, 97.54938507080078, 242.38209533691406, 268.36480712890625]
2025-05-27 05:59:35,836 - transvg_20250526_202035 - INFO - Target box sample: [207.0, 198.0, 287.0, 283.0]
2025-05-27 05:59:35,917 - transvg_20250526_202035 - INFO - Validation Epoch 15, Loss: 4.5032
2025-05-27 05:59:35,917 - transvg_20250526_202035 - INFO - Val metrics: Acc@0.25: 0.3222 | Acc@0.5: 0.1248 | Acc@0.75: 0.0154 | mIoU: 0.1853 | medianIoU: 0.0880 | mae_x1: 101.8581 | mae_y1: 98.4566 | mae_x2: 99.8479 | mae_y2: 96.8568 | center_x_error: 86.5445 | center_y_error: 81.3658 | width_error: 2.3818 | height_error: 2.4195 | loss: 4.5032
2025-05-27 05:59:36,811 - transvg_20250526_202035 - INFO - Saved model checkpoint to /home/pokle/Trans-VG/visual_grounding/checkpoints/transvg_20250526_202035_epoch15.pth
2025-05-27 05:59:36,812 - transvg_20250526_202035 - INFO - New best model! Acc@0.5: 0.1248
2025-05-27 05:59:36,812 - transvg_20250526_202035 - INFO - Epoch 16/200
2025-05-27 05:59:39,360 - transvg_20250526_202035 - INFO - Epoch 16, Batch 0/1696, Loss: 3.9109
2025-05-27 05:59:39,361 - transvg_20250526_202035 - INFO - Train metrics: l1_loss: 0.4115 | giou_loss: 0.9193 | center_loss: 0.0149 | total_loss: 3.9109
2025-05-27 06:00:40,285 - transvg_20250526_202035 - INFO - Epoch 16, Batch 50/1696, Loss: 3.6049
2025-05-27 06:00:40,286 - transvg_20250526_202035 - INFO - Train metrics: l1_loss: 0.3780 | giou_loss: 0.8517 | center_loss: 0.0118 | total_loss: 3.6049
2025-05-27 06:01:41,149 - transvg_20250526_202035 - INFO - Epoch 16, Batch 100/1696, Loss: 3.9139
2025-05-27 06:01:41,150 - transvg_20250526_202035 - INFO - Train metrics: l1_loss: 0.4182 | giou_loss: 0.9058 | center_loss: 0.0113 | total_loss: 3.9139
2025-05-27 06:02:41,996 - transvg_20250526_202035 - INFO - Epoch 16, Batch 150/1696, Loss: 3.7044
2025-05-27 06:02:41,996 - transvg_20250526_202035 - INFO - Train metrics: l1_loss: 0.3747 | giou_loss: 0.9104 | center_loss: 0.0100 | total_loss: 3.7044
2025-05-27 06:03:42,816 - transvg_20250526_202035 - INFO - Epoch 16, Batch 200/1696, Loss: 3.8519
2025-05-27 06:03:42,816 - transvg_20250526_202035 - INFO - Train metrics: l1_loss: 0.4020 | giou_loss: 0.9149 | center_loss: 0.0121 | total_loss: 3.8519
2025-05-27 06:04:43,589 - transvg_20250526_202035 - INFO - Epoch 16, Batch 250/1696, Loss: 3.7637
2025-05-27 06:04:43,589 - transvg_20250526_202035 - INFO - Train metrics: l1_loss: 0.3921 | giou_loss: 0.8952 | center_loss: 0.0128 | total_loss: 3.7637
2025-05-27 06:05:44,339 - transvg_20250526_202035 - INFO - Epoch 16, Batch 300/1696, Loss: 4.1909
2025-05-27 06:05:44,339 - transvg_20250526_202035 - INFO - Train metrics: l1_loss: 0.4531 | giou_loss: 0.9550 | center_loss: 0.0153 | total_loss: 4.1909
2025-05-27 06:06:45,121 - transvg_20250526_202035 - INFO - Epoch 16, Batch 350/1696, Loss: 4.4291
2025-05-27 06:06:45,121 - transvg_20250526_202035 - INFO - Train metrics: l1_loss: 0.4418 | giou_loss: 1.1017 | center_loss: 0.0166 | total_loss: 4.4291
2025-05-27 06:07:45,867 - transvg_20250526_202035 - INFO - Epoch 16, Batch 400/1696, Loss: 4.2454
2025-05-27 06:07:45,867 - transvg_20250526_202035 - INFO - Train metrics: l1_loss: 0.4686 | giou_loss: 0.9424 | center_loss: 0.0175 | total_loss: 4.2454
2025-05-27 06:08:46,682 - transvg_20250526_202035 - INFO - Epoch 16, Batch 450/1696, Loss: 3.0586
2025-05-27 06:08:46,682 - transvg_20250526_202035 - INFO - Train metrics: l1_loss: 0.3031 | giou_loss: 0.7681 | center_loss: 0.0071 | total_loss: 3.0586
2025-05-27 06:09:47,447 - transvg_20250526_202035 - INFO - Epoch 16, Batch 500/1696, Loss: 4.7552
2025-05-27 06:09:47,447 - transvg_20250526_202035 - INFO - Train metrics: l1_loss: 0.5547 | giou_loss: 0.9767 | center_loss: 0.0282 | total_loss: 4.7552
2025-05-27 06:10:48,289 - transvg_20250526_202035 - INFO - Epoch 16, Batch 550/1696, Loss: 4.4059
2025-05-27 06:10:48,290 - transvg_20250526_202035 - INFO - Train metrics: l1_loss: 0.4824 | giou_loss: 0.9876 | center_loss: 0.0186 | total_loss: 4.4059
2025-05-27 06:11:49,169 - transvg_20250526_202035 - INFO - Epoch 16, Batch 600/1696, Loss: 4.2227
2025-05-27 06:11:49,170 - transvg_20250526_202035 - INFO - Train metrics: l1_loss: 0.4844 | giou_loss: 0.8867 | center_loss: 0.0272 | total_loss: 4.2227
2025-05-27 06:12:50,032 - transvg_20250526_202035 - INFO - Epoch 16, Batch 650/1696, Loss: 4.6556
2025-05-27 06:12:50,032 - transvg_20250526_202035 - INFO - Train metrics: l1_loss: 0.5001 | giou_loss: 1.0636 | center_loss: 0.0279 | total_loss: 4.6556
2025-05-27 06:13:50,860 - transvg_20250526_202035 - INFO - Epoch 16, Batch 700/1696, Loss: 3.8048
2025-05-27 06:13:50,861 - transvg_20250526_202035 - INFO - Train metrics: l1_loss: 0.3772 | giou_loss: 0.9533 | center_loss: 0.0123 | total_loss: 3.8048
2025-05-27 06:14:51,715 - transvg_20250526_202035 - INFO - Epoch 16, Batch 750/1696, Loss: 3.7392
2025-05-27 06:14:51,715 - transvg_20250526_202035 - INFO - Train metrics: l1_loss: 0.3831 | giou_loss: 0.9071 | center_loss: 0.0094 | total_loss: 3.7392
2025-05-27 06:15:52,552 - transvg_20250526_202035 - INFO - Epoch 16, Batch 800/1696, Loss: 4.4137
2025-05-27 06:15:52,553 - transvg_20250526_202035 - INFO - Train metrics: l1_loss: 0.4401 | giou_loss: 1.0990 | center_loss: 0.0151 | total_loss: 4.4137
2025-05-27 06:16:53,433 - transvg_20250526_202035 - INFO - Epoch 16, Batch 850/1696, Loss: 5.2382
2025-05-27 06:16:53,433 - transvg_20250526_202035 - INFO - Train metrics: l1_loss: 0.6179 | giou_loss: 1.0583 | center_loss: 0.0319 | total_loss: 5.2382
2025-05-27 06:17:54,315 - transvg_20250526_202035 - INFO - Epoch 16, Batch 900/1696, Loss: 5.6279
2025-05-27 06:17:54,315 - transvg_20250526_202035 - INFO - Train metrics: l1_loss: 0.6512 | giou_loss: 1.1671 | center_loss: 0.0376 | total_loss: 5.6279
2025-05-27 06:18:55,200 - transvg_20250526_202035 - INFO - Epoch 16, Batch 950/1696, Loss: 3.6160
2025-05-27 06:18:55,200 - transvg_20250526_202035 - INFO - Train metrics: l1_loss: 0.3670 | giou_loss: 0.8862 | center_loss: 0.0084 | total_loss: 3.6160
2025-05-27 06:19:56,048 - transvg_20250526_202035 - INFO - Epoch 16, Batch 1000/1696, Loss: 4.4904
2025-05-27 06:19:56,048 - transvg_20250526_202035 - INFO - Train metrics: l1_loss: 0.4816 | giou_loss: 1.0329 | center_loss: 0.0168 | total_loss: 4.4904
2025-05-27 06:20:56,830 - transvg_20250526_202035 - INFO - Epoch 16, Batch 1050/1696, Loss: 3.2323
2025-05-27 06:20:56,830 - transvg_20250526_202035 - INFO - Train metrics: l1_loss: 0.3096 | giou_loss: 0.8391 | center_loss: 0.0062 | total_loss: 3.2323
2025-05-27 06:21:57,683 - transvg_20250526_202035 - INFO - Epoch 16, Batch 1100/1696, Loss: 4.9843
2025-05-27 06:21:57,683 - transvg_20250526_202035 - INFO - Train metrics: l1_loss: 0.5245 | giou_loss: 1.1704 | center_loss: 0.0211 | total_loss: 4.9843
2025-05-27 06:22:58,529 - transvg_20250526_202035 - INFO - Epoch 16, Batch 1150/1696, Loss: 3.5964
2025-05-27 06:22:58,529 - transvg_20250526_202035 - INFO - Train metrics: l1_loss: 0.3782 | giou_loss: 0.8482 | center_loss: 0.0089 | total_loss: 3.5964
2025-05-27 06:23:59,327 - transvg_20250526_202035 - INFO - Epoch 16, Batch 1200/1696, Loss: 3.8437
2025-05-27 06:23:59,327 - transvg_20250526_202035 - INFO - Train metrics: l1_loss: 0.3928 | giou_loss: 0.9340 | center_loss: 0.0120 | total_loss: 3.8437
2025-05-27 06:25:00,101 - transvg_20250526_202035 - INFO - Epoch 16, Batch 1250/1696, Loss: 4.2700
2025-05-27 06:25:00,101 - transvg_20250526_202035 - INFO - Train metrics: l1_loss: 0.4870 | giou_loss: 0.9103 | center_loss: 0.0145 | total_loss: 4.2700
2025-05-27 06:26:00,893 - transvg_20250526_202035 - INFO - Epoch 16, Batch 1300/1696, Loss: 3.8543
2025-05-27 06:26:00,893 - transvg_20250526_202035 - INFO - Train metrics: l1_loss: 0.4150 | giou_loss: 0.8833 | center_loss: 0.0126 | total_loss: 3.8543
2025-05-27 06:27:01,718 - transvg_20250526_202035 - INFO - Epoch 16, Batch 1350/1696, Loss: 3.8682
2025-05-27 06:27:01,718 - transvg_20250526_202035 - INFO - Train metrics: l1_loss: 0.4063 | giou_loss: 0.9129 | center_loss: 0.0110 | total_loss: 3.8682
2025-05-27 06:28:02,538 - transvg_20250526_202035 - INFO - Epoch 16, Batch 1400/1696, Loss: 3.6159
2025-05-27 06:28:02,538 - transvg_20250526_202035 - INFO - Train metrics: l1_loss: 0.3821 | giou_loss: 0.8459 | center_loss: 0.0136 | total_loss: 3.6159
2025-05-27 06:29:03,402 - transvg_20250526_202035 - INFO - Epoch 16, Batch 1450/1696, Loss: 4.6787
2025-05-27 06:29:03,402 - transvg_20250526_202035 - INFO - Train metrics: l1_loss: 0.5038 | giou_loss: 1.0677 | center_loss: 0.0243 | total_loss: 4.6787
2025-05-27 06:30:04,208 - transvg_20250526_202035 - INFO - Epoch 16, Batch 1500/1696, Loss: 3.5310
2025-05-27 06:30:04,208 - transvg_20250526_202035 - INFO - Train metrics: l1_loss: 0.3563 | giou_loss: 0.8711 | center_loss: 0.0075 | total_loss: 3.5310
2025-05-27 06:31:05,021 - transvg_20250526_202035 - INFO - Epoch 16, Batch 1550/1696, Loss: 3.9227
2025-05-27 06:31:05,022 - transvg_20250526_202035 - INFO - Train metrics: l1_loss: 0.4258 | giou_loss: 0.8892 | center_loss: 0.0153 | total_loss: 3.9227
2025-05-27 06:32:05,784 - transvg_20250526_202035 - INFO - Epoch 16, Batch 1600/1696, Loss: 3.8857
2025-05-27 06:32:05,784 - transvg_20250526_202035 - INFO - Train metrics: l1_loss: 0.4141 | giou_loss: 0.9022 | center_loss: 0.0108 | total_loss: 3.8857
2025-05-27 06:33:06,576 - transvg_20250526_202035 - INFO - Epoch 16, Batch 1650/1696, Loss: 3.3538
2025-05-27 06:33:06,577 - transvg_20250526_202035 - INFO - Train metrics: l1_loss: 0.3246 | giou_loss: 0.8614 | center_loss: 0.0078 | total_loss: 3.3538
2025-05-27 06:34:01,129 - transvg_20250526_202035 - INFO - Train Epoch 16, Loss: 4.0898
2025-05-27 06:35:43,288 - transvg_20250526_202035 - INFO - Pred box sample: [75.1839599609375, 88.36211395263672, 256.31243896484375, 247.48805236816406]
2025-05-27 06:35:43,289 - transvg_20250526_202035 - INFO - Target box sample: [207.0, 198.0, 287.0, 283.0]
2025-05-27 06:35:43,365 - transvg_20250526_202035 - INFO - Validation Epoch 16, Loss: 4.4910
2025-05-27 06:35:43,365 - transvg_20250526_202035 - INFO - Val metrics: Acc@0.25: 0.3272 | Acc@0.5: 0.1203 | Acc@0.75: 0.0159 | mIoU: 0.1870 | medianIoU: 0.0886 | mae_x1: 101.8701 | mae_y1: 97.5176 | mae_x2: 100.6646 | mae_y2: 96.1082 | center_x_error: 86.5247 | center_y_error: 80.6576 | width_error: 2.4435 | height_error: 2.3861 | loss: 4.4910
2025-05-27 06:35:44,266 - transvg_20250526_202035 - INFO - Saved model checkpoint to /home/pokle/Trans-VG/visual_grounding/checkpoints/transvg_20250526_202035_epoch16.pth
2025-05-27 06:35:44,267 - transvg_20250526_202035 - INFO - Epoch 17/200
2025-05-27 06:35:46,805 - transvg_20250526_202035 - INFO - Epoch 17, Batch 0/1696, Loss: 3.3379
2025-05-27 06:35:46,806 - transvg_20250526_202035 - INFO - Train metrics: l1_loss: 0.3366 | giou_loss: 0.8240 | center_loss: 0.0070 | total_loss: 3.3379
2025-05-27 06:36:47,671 - transvg_20250526_202035 - INFO - Epoch 17, Batch 50/1696, Loss: 3.8739
2025-05-27 06:36:47,671 - transvg_20250526_202035 - INFO - Train metrics: l1_loss: 0.4398 | giou_loss: 0.8284 | center_loss: 0.0180 | total_loss: 3.8739
2025-05-27 06:37:48,554 - transvg_20250526_202035 - INFO - Epoch 17, Batch 100/1696, Loss: 5.3150
2025-05-27 06:37:48,554 - transvg_20250526_202035 - INFO - Train metrics: l1_loss: 0.5671 | giou_loss: 1.2258 | center_loss: 0.0277 | total_loss: 5.3150
2025-05-27 06:38:49,411 - transvg_20250526_202035 - INFO - Epoch 17, Batch 150/1696, Loss: 4.3986
2025-05-27 06:38:49,411 - transvg_20250526_202035 - INFO - Train metrics: l1_loss: 0.4788 | giou_loss: 0.9913 | center_loss: 0.0219 | total_loss: 4.3986
2025-05-27 06:39:50,232 - transvg_20250526_202035 - INFO - Epoch 17, Batch 200/1696, Loss: 4.4497
2025-05-27 06:39:50,232 - transvg_20250526_202035 - INFO - Train metrics: l1_loss: 0.4829 | giou_loss: 1.0087 | center_loss: 0.0180 | total_loss: 4.4497
2025-05-27 06:40:50,987 - transvg_20250526_202035 - INFO - Epoch 17, Batch 250/1696, Loss: 4.1713
2025-05-27 06:40:50,987 - transvg_20250526_202035 - INFO - Train metrics: l1_loss: 0.4358 | giou_loss: 0.9893 | center_loss: 0.0136 | total_loss: 4.1713
2025-05-27 06:41:51,795 - transvg_20250526_202035 - INFO - Epoch 17, Batch 300/1696, Loss: 4.1010
2025-05-27 06:41:51,795 - transvg_20250526_202035 - INFO - Train metrics: l1_loss: 0.4407 | giou_loss: 0.9409 | center_loss: 0.0157 | total_loss: 4.1010
2025-05-27 06:42:52,573 - transvg_20250526_202035 - INFO - Epoch 17, Batch 350/1696, Loss: 3.9972
2025-05-27 06:42:52,573 - transvg_20250526_202035 - INFO - Train metrics: l1_loss: 0.4490 | giou_loss: 0.8708 | center_loss: 0.0107 | total_loss: 3.9972
2025-05-27 06:43:53,379 - transvg_20250526_202035 - INFO - Epoch 17, Batch 400/1696, Loss: 3.7055
2025-05-27 06:43:53,379 - transvg_20250526_202035 - INFO - Train metrics: l1_loss: 0.3572 | giou_loss: 0.9556 | center_loss: 0.0080 | total_loss: 3.7055
2025-05-27 06:44:54,205 - transvg_20250526_202035 - INFO - Epoch 17, Batch 450/1696, Loss: 3.6703
2025-05-27 06:44:54,205 - transvg_20250526_202035 - INFO - Train metrics: l1_loss: 0.3501 | giou_loss: 0.9553 | center_loss: 0.0094 | total_loss: 3.6703
2025-05-27 06:45:55,074 - transvg_20250526_202035 - INFO - Epoch 17, Batch 500/1696, Loss: 3.9927
2025-05-27 06:45:55,075 - transvg_20250526_202035 - INFO - Train metrics: l1_loss: 0.4047 | giou_loss: 0.9777 | center_loss: 0.0138 | total_loss: 3.9927
2025-05-27 06:46:55,976 - transvg_20250526_202035 - INFO - Epoch 17, Batch 550/1696, Loss: 3.4459
2025-05-27 06:46:55,976 - transvg_20250526_202035 - INFO - Train metrics: l1_loss: 0.3581 | giou_loss: 0.8215 | center_loss: 0.0124 | total_loss: 3.4459
2025-05-27 06:47:56,910 - transvg_20250526_202035 - INFO - Epoch 17, Batch 600/1696, Loss: 4.0968
2025-05-27 06:47:56,910 - transvg_20250526_202035 - INFO - Train metrics: l1_loss: 0.4384 | giou_loss: 0.9433 | center_loss: 0.0183 | total_loss: 4.0968
2025-05-27 06:48:57,838 - transvg_20250526_202035 - INFO - Epoch 17, Batch 650/1696, Loss: 3.4874
2025-05-27 06:48:57,838 - transvg_20250526_202035 - INFO - Train metrics: l1_loss: 0.3864 | giou_loss: 0.7707 | center_loss: 0.0141 | total_loss: 3.4874
2025-05-27 06:49:58,750 - transvg_20250526_202035 - INFO - Epoch 17, Batch 700/1696, Loss: 4.5893
2025-05-27 06:49:58,750 - transvg_20250526_202035 - INFO - Train metrics: l1_loss: 0.5097 | giou_loss: 1.0087 | center_loss: 0.0235 | total_loss: 4.5893
2025-05-27 06:50:59,655 - transvg_20250526_202035 - INFO - Epoch 17, Batch 750/1696, Loss: 3.4859
2025-05-27 06:50:59,655 - transvg_20250526_202035 - INFO - Train metrics: l1_loss: 0.3783 | giou_loss: 0.7939 | center_loss: 0.0066 | total_loss: 3.4859
2025-05-27 06:52:00,558 - transvg_20250526_202035 - INFO - Epoch 17, Batch 800/1696, Loss: 4.1782
2025-05-27 06:52:00,558 - transvg_20250526_202035 - INFO - Train metrics: l1_loss: 0.4249 | giou_loss: 1.0212 | center_loss: 0.0111 | total_loss: 4.1782
2025-05-27 06:53:01,493 - transvg_20250526_202035 - INFO - Epoch 17, Batch 850/1696, Loss: 2.9427
2025-05-27 06:53:01,493 - transvg_20250526_202035 - INFO - Train metrics: l1_loss: 0.2759 | giou_loss: 0.7794 | center_loss: 0.0042 | total_loss: 2.9427
2025-05-27 06:54:02,350 - transvg_20250526_202035 - INFO - Epoch 17, Batch 900/1696, Loss: 3.5807
2025-05-27 06:54:02,351 - transvg_20250526_202035 - INFO - Train metrics: l1_loss: 0.3776 | giou_loss: 0.8406 | center_loss: 0.0115 | total_loss: 3.5807
2025-05-27 06:55:03,210 - transvg_20250526_202035 - INFO - Epoch 17, Batch 950/1696, Loss: 5.2697
2025-05-27 06:55:03,210 - transvg_20250526_202035 - INFO - Train metrics: l1_loss: 0.6000 | giou_loss: 1.1159 | center_loss: 0.0376 | total_loss: 5.2697
2025-05-27 06:56:03,971 - transvg_20250526_202035 - INFO - Epoch 17, Batch 1000/1696, Loss: 4.2883
2025-05-27 06:56:03,971 - transvg_20250526_202035 - INFO - Train metrics: l1_loss: 0.5001 | giou_loss: 0.8833 | center_loss: 0.0213 | total_loss: 4.2883
2025-05-27 06:57:04,753 - transvg_20250526_202035 - INFO - Epoch 17, Batch 1050/1696, Loss: 4.0859
2025-05-27 06:57:04,754 - transvg_20250526_202035 - INFO - Train metrics: l1_loss: 0.4187 | giou_loss: 0.9886 | center_loss: 0.0150 | total_loss: 4.0859
2025-05-27 06:58:05,517 - transvg_20250526_202035 - INFO - Epoch 17, Batch 1100/1696, Loss: 3.7170
2025-05-27 06:58:05,518 - transvg_20250526_202035 - INFO - Train metrics: l1_loss: 0.3582 | giou_loss: 0.9592 | center_loss: 0.0074 | total_loss: 3.7170
2025-05-27 06:59:06,315 - transvg_20250526_202035 - INFO - Epoch 17, Batch 1150/1696, Loss: 4.3667
2025-05-27 06:59:06,315 - transvg_20250526_202035 - INFO - Train metrics: l1_loss: 0.4971 | giou_loss: 0.9283 | center_loss: 0.0247 | total_loss: 4.3667
2025-05-27 07:00:07,075 - transvg_20250526_202035 - INFO - Epoch 17, Batch 1200/1696, Loss: 3.9656
2025-05-27 07:00:07,075 - transvg_20250526_202035 - INFO - Train metrics: l1_loss: 0.4236 | giou_loss: 0.9181 | center_loss: 0.0116 | total_loss: 3.9656
2025-05-27 07:01:07,796 - transvg_20250526_202035 - INFO - Epoch 17, Batch 1250/1696, Loss: 3.9107
2025-05-27 07:01:07,796 - transvg_20250526_202035 - INFO - Train metrics: l1_loss: 0.4101 | giou_loss: 0.9225 | center_loss: 0.0152 | total_loss: 3.9107
2025-05-27 07:02:08,505 - transvg_20250526_202035 - INFO - Epoch 17, Batch 1300/1696, Loss: 3.1074
2025-05-27 07:02:08,505 - transvg_20250526_202035 - INFO - Train metrics: l1_loss: 0.2980 | giou_loss: 0.8061 | center_loss: 0.0054 | total_loss: 3.1074
2025-05-27 07:03:09,213 - transvg_20250526_202035 - INFO - Epoch 17, Batch 1350/1696, Loss: 4.5183
2025-05-27 07:03:09,214 - transvg_20250526_202035 - INFO - Train metrics: l1_loss: 0.5142 | giou_loss: 0.9600 | center_loss: 0.0271 | total_loss: 4.5183
2025-05-27 07:04:09,957 - transvg_20250526_202035 - INFO - Epoch 17, Batch 1400/1696, Loss: 4.0017
2025-05-27 07:04:09,957 - transvg_20250526_202035 - INFO - Train metrics: l1_loss: 0.4041 | giou_loss: 0.9839 | center_loss: 0.0135 | total_loss: 4.0017
2025-05-27 07:05:10,758 - transvg_20250526_202035 - INFO - Epoch 17, Batch 1450/1696, Loss: 3.8949
2025-05-27 07:05:10,759 - transvg_20250526_202035 - INFO - Train metrics: l1_loss: 0.4424 | giou_loss: 0.8330 | center_loss: 0.0170 | total_loss: 3.8949
2025-05-27 07:06:11,606 - transvg_20250526_202035 - INFO - Epoch 17, Batch 1500/1696, Loss: 3.9890
2025-05-27 07:06:11,606 - transvg_20250526_202035 - INFO - Train metrics: l1_loss: 0.3964 | giou_loss: 0.9988 | center_loss: 0.0096 | total_loss: 3.9890
2025-05-27 07:07:12,416 - transvg_20250526_202035 - INFO - Epoch 17, Batch 1550/1696, Loss: 5.0199
2025-05-27 07:07:12,416 - transvg_20250526_202035 - INFO - Train metrics: l1_loss: 0.5592 | giou_loss: 1.0959 | center_loss: 0.0319 | total_loss: 5.0199
2025-05-27 07:08:13,212 - transvg_20250526_202035 - INFO - Epoch 17, Batch 1600/1696, Loss: 3.2373
2025-05-27 07:08:13,212 - transvg_20250526_202035 - INFO - Train metrics: l1_loss: 0.3209 | giou_loss: 0.8134 | center_loss: 0.0057 | total_loss: 3.2373
2025-05-27 07:09:13,975 - transvg_20250526_202035 - INFO - Epoch 17, Batch 1650/1696, Loss: 3.8598
2025-05-27 07:09:13,976 - transvg_20250526_202035 - INFO - Train metrics: l1_loss: 0.4091 | giou_loss: 0.9026 | center_loss: 0.0088 | total_loss: 3.8598
2025-05-27 07:10:08,542 - transvg_20250526_202035 - INFO - Train Epoch 17, Loss: 4.0658
2025-05-27 07:11:50,767 - transvg_20250526_202035 - INFO - Pred box sample: [74.9271469116211, 64.34198760986328, 262.81341552734375, 241.82679748535156]
2025-05-27 07:11:50,768 - transvg_20250526_202035 - INFO - Target box sample: [207.0, 198.0, 287.0, 283.0]
2025-05-27 07:11:50,847 - transvg_20250526_202035 - INFO - Validation Epoch 17, Loss: 4.5268
2025-05-27 07:11:50,847 - transvg_20250526_202035 - INFO - Val metrics: Acc@0.25: 0.3259 | Acc@0.5: 0.1224 | Acc@0.75: 0.0167 | mIoU: 0.1881 | medianIoU: 0.0901 | mae_x1: 102.8897 | mae_y1: 100.1991 | mae_x2: 102.7585 | mae_y2: 97.5242 | center_x_error: 86.7204 | center_y_error: 82.3902 | width_error: 2.5824 | height_error: 2.4325 | loss: 4.5268
2025-05-27 07:11:51,751 - transvg_20250526_202035 - INFO - Saved model checkpoint to /home/pokle/Trans-VG/visual_grounding/checkpoints/transvg_20250526_202035_epoch17.pth
2025-05-27 07:11:51,751 - transvg_20250526_202035 - INFO - Epoch 18/200
2025-05-27 07:11:54,303 - transvg_20250526_202035 - INFO - Epoch 18, Batch 0/1696, Loss: 4.2863
2025-05-27 07:11:54,303 - transvg_20250526_202035 - INFO - Train metrics: l1_loss: 0.4732 | giou_loss: 0.9535 | center_loss: 0.0133 | total_loss: 4.2863
2025-05-27 07:12:55,070 - transvg_20250526_202035 - INFO - Epoch 18, Batch 50/1696, Loss: 3.4037
2025-05-27 07:12:55,070 - transvg_20250526_202035 - INFO - Train metrics: l1_loss: 0.3462 | giou_loss: 0.8334 | center_loss: 0.0061 | total_loss: 3.4037
2025-05-27 07:13:55,784 - transvg_20250526_202035 - INFO - Epoch 18, Batch 100/1696, Loss: 3.9298
2025-05-27 07:13:55,784 - transvg_20250526_202035 - INFO - Train metrics: l1_loss: 0.4478 | giou_loss: 0.8390 | center_loss: 0.0130 | total_loss: 3.9298
2025-05-27 07:14:56,505 - transvg_20250526_202035 - INFO - Epoch 18, Batch 150/1696, Loss: 4.0327
2025-05-27 07:14:56,505 - transvg_20250526_202035 - INFO - Train metrics: l1_loss: 0.4450 | giou_loss: 0.8940 | center_loss: 0.0197 | total_loss: 4.0327
2025-05-27 07:15:57,256 - transvg_20250526_202035 - INFO - Epoch 18, Batch 200/1696, Loss: 3.7599
2025-05-27 07:15:57,256 - transvg_20250526_202035 - INFO - Train metrics: l1_loss: 0.3947 | giou_loss: 0.8880 | center_loss: 0.0106 | total_loss: 3.7599
2025-05-27 07:16:58,111 - transvg_20250526_202035 - INFO - Epoch 18, Batch 250/1696, Loss: 4.4182
2025-05-27 07:16:58,111 - transvg_20250526_202035 - INFO - Train metrics: l1_loss: 0.4793 | giou_loss: 0.9996 | center_loss: 0.0227 | total_loss: 4.4182
2025-05-27 07:17:59,035 - transvg_20250526_202035 - INFO - Epoch 18, Batch 300/1696, Loss: 4.9199
2025-05-27 07:17:59,035 - transvg_20250526_202035 - INFO - Train metrics: l1_loss: 0.5375 | giou_loss: 1.1064 | center_loss: 0.0194 | total_loss: 4.9199
2025-05-27 07:18:59,911 - transvg_20250526_202035 - INFO - Epoch 18, Batch 350/1696, Loss: 4.0934
2025-05-27 07:18:59,911 - transvg_20250526_202035 - INFO - Train metrics: l1_loss: 0.4226 | giou_loss: 0.9853 | center_loss: 0.0098 | total_loss: 4.0934
2025-05-27 07:20:00,820 - transvg_20250526_202035 - INFO - Epoch 18, Batch 400/1696, Loss: 3.1511
2025-05-27 07:20:00,821 - transvg_20250526_202035 - INFO - Train metrics: l1_loss: 0.3100 | giou_loss: 0.7977 | center_loss: 0.0059 | total_loss: 3.1511
2025-05-27 07:21:01,690 - transvg_20250526_202035 - INFO - Epoch 18, Batch 450/1696, Loss: 4.1198
2025-05-27 07:21:01,690 - transvg_20250526_202035 - INFO - Train metrics: l1_loss: 0.4392 | giou_loss: 0.9521 | center_loss: 0.0198 | total_loss: 4.1198
2025-05-27 07:22:02,573 - transvg_20250526_202035 - INFO - Epoch 18, Batch 500/1696, Loss: 3.9064
2025-05-27 07:22:02,573 - transvg_20250526_202035 - INFO - Train metrics: l1_loss: 0.4084 | giou_loss: 0.9284 | center_loss: 0.0075 | total_loss: 3.9064
2025-05-27 07:23:03,452 - transvg_20250526_202035 - INFO - Epoch 18, Batch 550/1696, Loss: 4.1453
2025-05-27 07:23:03,452 - transvg_20250526_202035 - INFO - Train metrics: l1_loss: 0.4526 | giou_loss: 0.9320 | center_loss: 0.0184 | total_loss: 4.1453
2025-05-27 07:24:04,280 - transvg_20250526_202035 - INFO - Epoch 18, Batch 600/1696, Loss: 3.2105
2025-05-27 07:24:04,281 - transvg_20250526_202035 - INFO - Train metrics: l1_loss: 0.3055 | giou_loss: 0.8376 | center_loss: 0.0076 | total_loss: 3.2105
2025-05-27 07:25:05,158 - transvg_20250526_202035 - INFO - Epoch 18, Batch 650/1696, Loss: 3.5841
2025-05-27 07:25:05,158 - transvg_20250526_202035 - INFO - Train metrics: l1_loss: 0.3551 | giou_loss: 0.9000 | center_loss: 0.0087 | total_loss: 3.5841
2025-05-27 07:26:06,031 - transvg_20250526_202035 - INFO - Epoch 18, Batch 700/1696, Loss: 4.3137
2025-05-27 07:26:06,032 - transvg_20250526_202035 - INFO - Train metrics: l1_loss: 0.4519 | giou_loss: 1.0171 | center_loss: 0.0198 | total_loss: 4.3137
2025-05-27 07:27:06,901 - transvg_20250526_202035 - INFO - Epoch 18, Batch 750/1696, Loss: 4.1526
2025-05-27 07:27:06,901 - transvg_20250526_202035 - INFO - Train metrics: l1_loss: 0.4071 | giou_loss: 1.0523 | center_loss: 0.0126 | total_loss: 4.1526
2025-05-27 07:28:07,737 - transvg_20250526_202035 - INFO - Epoch 18, Batch 800/1696, Loss: 3.9329
2025-05-27 07:28:07,737 - transvg_20250526_202035 - INFO - Train metrics: l1_loss: 0.4079 | giou_loss: 0.9402 | center_loss: 0.0128 | total_loss: 3.9329
2025-05-27 07:29:08,603 - transvg_20250526_202035 - INFO - Epoch 18, Batch 850/1696, Loss: 4.6171
2025-05-27 07:29:08,603 - transvg_20250526_202035 - INFO - Train metrics: l1_loss: 0.5137 | giou_loss: 1.0133 | center_loss: 0.0220 | total_loss: 4.6171
2025-05-27 07:30:09,499 - transvg_20250526_202035 - INFO - Epoch 18, Batch 900/1696, Loss: 3.6418
2025-05-27 07:30:09,500 - transvg_20250526_202035 - INFO - Train metrics: l1_loss: 0.3791 | giou_loss: 0.8697 | center_loss: 0.0068 | total_loss: 3.6418
2025-05-27 07:31:10,372 - transvg_20250526_202035 - INFO - Epoch 18, Batch 950/1696, Loss: 4.9115
2025-05-27 07:31:10,372 - transvg_20250526_202035 - INFO - Train metrics: l1_loss: 0.5680 | giou_loss: 1.0246 | center_loss: 0.0225 | total_loss: 4.9115
2025-05-27 07:32:11,219 - transvg_20250526_202035 - INFO - Epoch 18, Batch 1000/1696, Loss: 4.6853
2025-05-27 07:32:11,219 - transvg_20250526_202035 - INFO - Train metrics: l1_loss: 0.5408 | giou_loss: 0.9776 | center_loss: 0.0262 | total_loss: 4.6853
2025-05-27 07:33:12,072 - transvg_20250526_202035 - INFO - Epoch 18, Batch 1050/1696, Loss: 4.5219
2025-05-27 07:33:12,073 - transvg_20250526_202035 - INFO - Train metrics: l1_loss: 0.4985 | giou_loss: 1.0074 | center_loss: 0.0144 | total_loss: 4.5219
2025-05-27 07:34:12,854 - transvg_20250526_202035 - INFO - Epoch 18, Batch 1100/1696, Loss: 4.1603
2025-05-27 07:34:12,854 - transvg_20250526_202035 - INFO - Train metrics: l1_loss: 0.4344 | giou_loss: 0.9887 | center_loss: 0.0107 | total_loss: 4.1603
2025-05-27 07:35:13,641 - transvg_20250526_202035 - INFO - Epoch 18, Batch 1150/1696, Loss: 3.9360
2025-05-27 07:35:13,642 - transvg_20250526_202035 - INFO - Train metrics: l1_loss: 0.4043 | giou_loss: 0.9510 | center_loss: 0.0124 | total_loss: 3.9360
2025-05-27 07:36:14,455 - transvg_20250526_202035 - INFO - Epoch 18, Batch 1200/1696, Loss: 4.2128
2025-05-27 07:36:14,455 - transvg_20250526_202035 - INFO - Train metrics: l1_loss: 0.4699 | giou_loss: 0.9173 | center_loss: 0.0287 | total_loss: 4.2128
2025-05-27 07:37:15,284 - transvg_20250526_202035 - INFO - Epoch 18, Batch 1250/1696, Loss: 3.7005
2025-05-27 07:37:15,284 - transvg_20250526_202035 - INFO - Train metrics: l1_loss: 0.3566 | giou_loss: 0.9542 | center_loss: 0.0091 | total_loss: 3.7005
2025-05-27 07:38:16,121 - transvg_20250526_202035 - INFO - Epoch 18, Batch 1300/1696, Loss: 3.8013
2025-05-27 07:38:16,121 - transvg_20250526_202035 - INFO - Train metrics: l1_loss: 0.4323 | giou_loss: 0.8122 | center_loss: 0.0157 | total_loss: 3.8013
2025-05-27 07:39:16,950 - transvg_20250526_202035 - INFO - Epoch 18, Batch 1350/1696, Loss: 4.8850
2025-05-27 07:39:16,950 - transvg_20250526_202035 - INFO - Train metrics: l1_loss: 0.5238 | giou_loss: 1.1207 | center_loss: 0.0246 | total_loss: 4.8850
2025-05-27 07:40:17,740 - transvg_20250526_202035 - INFO - Epoch 18, Batch 1400/1696, Loss: 4.5345
2025-05-27 07:40:17,741 - transvg_20250526_202035 - INFO - Train metrics: l1_loss: 0.4977 | giou_loss: 1.0104 | center_loss: 0.0251 | total_loss: 4.5345
2025-05-27 07:41:18,541 - transvg_20250526_202035 - INFO - Epoch 18, Batch 1450/1696, Loss: 4.2377
2025-05-27 07:41:18,541 - transvg_20250526_202035 - INFO - Train metrics: l1_loss: 0.4354 | giou_loss: 1.0231 | center_loss: 0.0146 | total_loss: 4.2377
2025-05-27 07:42:19,279 - transvg_20250526_202035 - INFO - Epoch 18, Batch 1500/1696, Loss: 4.4207
2025-05-27 07:42:19,279 - transvg_20250526_202035 - INFO - Train metrics: l1_loss: 0.5049 | giou_loss: 0.9391 | center_loss: 0.0180 | total_loss: 4.4207
2025-05-27 07:43:20,012 - transvg_20250526_202035 - INFO - Epoch 18, Batch 1550/1696, Loss: 3.9088
2025-05-27 07:43:20,012 - transvg_20250526_202035 - INFO - Train metrics: l1_loss: 0.4420 | giou_loss: 0.8427 | center_loss: 0.0136 | total_loss: 3.9088
2025-05-27 07:44:20,739 - transvg_20250526_202035 - INFO - Epoch 18, Batch 1600/1696, Loss: 4.2815
2025-05-27 07:44:20,739 - transvg_20250526_202035 - INFO - Train metrics: l1_loss: 0.4588 | giou_loss: 0.9870 | center_loss: 0.0137 | total_loss: 4.2815
2025-05-27 07:45:21,516 - transvg_20250526_202035 - INFO - Epoch 18, Batch 1650/1696, Loss: 5.0004
2025-05-27 07:45:21,517 - transvg_20250526_202035 - INFO - Train metrics: l1_loss: 0.5579 | giou_loss: 1.0919 | center_loss: 0.0271 | total_loss: 5.0004
2025-05-27 07:46:16,059 - transvg_20250526_202035 - INFO - Train Epoch 18, Loss: 4.0448
2025-05-27 07:47:58,254 - transvg_20250526_202035 - INFO - Pred box sample: [85.9356460571289, 96.67406463623047, 258.74298095703125, 261.7713623046875]
2025-05-27 07:47:58,255 - transvg_20250526_202035 - INFO - Target box sample: [207.0, 198.0, 287.0, 283.0]
2025-05-27 07:47:58,338 - transvg_20250526_202035 - INFO - Validation Epoch 18, Loss: 4.5132
2025-05-27 07:47:58,338 - transvg_20250526_202035 - INFO - Val metrics: Acc@0.25: 0.3251 | Acc@0.5: 0.1193 | Acc@0.75: 0.0141 | mIoU: 0.1847 | medianIoU: 0.0848 | mae_x1: 98.8520 | mae_y1: 97.8765 | mae_x2: 102.1877 | mae_y2: 96.3747 | center_x_error: 86.0816 | center_y_error: 81.7996 | width_error: 2.3279 | height_error: 2.2319 | loss: 4.5132
2025-05-27 07:47:59,232 - transvg_20250526_202035 - INFO - Saved model checkpoint to /home/pokle/Trans-VG/visual_grounding/checkpoints/transvg_20250526_202035_epoch18.pth
2025-05-27 07:47:59,233 - transvg_20250526_202035 - INFO - Epoch 19/200
2025-05-27 07:48:01,797 - transvg_20250526_202035 - INFO - Epoch 19, Batch 0/1696, Loss: 3.4617
2025-05-27 07:48:01,798 - transvg_20250526_202035 - INFO - Train metrics: l1_loss: 0.3694 | giou_loss: 0.8008 | center_loss: 0.0131 | total_loss: 3.4617
2025-05-27 07:49:02,684 - transvg_20250526_202035 - INFO - Epoch 19, Batch 50/1696, Loss: 3.8857
2025-05-27 07:49:02,685 - transvg_20250526_202035 - INFO - Train metrics: l1_loss: 0.3946 | giou_loss: 0.9504 | center_loss: 0.0118 | total_loss: 3.8857
2025-05-27 07:50:03,531 - transvg_20250526_202035 - INFO - Epoch 19, Batch 100/1696, Loss: 4.2005
2025-05-27 07:50:03,531 - transvg_20250526_202035 - INFO - Train metrics: l1_loss: 0.4458 | giou_loss: 0.9751 | center_loss: 0.0210 | total_loss: 4.2005
2025-05-27 07:51:04,370 - transvg_20250526_202035 - INFO - Epoch 19, Batch 150/1696, Loss: 4.3574
2025-05-27 07:51:04,371 - transvg_20250526_202035 - INFO - Train metrics: l1_loss: 0.4513 | giou_loss: 1.0426 | center_loss: 0.0157 | total_loss: 4.3574
2025-05-27 07:52:05,190 - transvg_20250526_202035 - INFO - Epoch 19, Batch 200/1696, Loss: 3.9354
2025-05-27 07:52:05,190 - transvg_20250526_202035 - INFO - Train metrics: l1_loss: 0.4347 | giou_loss: 0.8724 | center_loss: 0.0171 | total_loss: 3.9354
2025-05-27 07:53:06,048 - transvg_20250526_202035 - INFO - Epoch 19, Batch 250/1696, Loss: 3.9151
2025-05-27 07:53:06,048 - transvg_20250526_202035 - INFO - Train metrics: l1_loss: 0.4320 | giou_loss: 0.8709 | center_loss: 0.0134 | total_loss: 3.9151
2025-05-27 07:54:06,942 - transvg_20250526_202035 - INFO - Epoch 19, Batch 300/1696, Loss: 4.5025
2025-05-27 07:54:06,942 - transvg_20250526_202035 - INFO - Train metrics: l1_loss: 0.4808 | giou_loss: 1.0389 | center_loss: 0.0209 | total_loss: 4.5025
2025-05-27 07:55:07,789 - transvg_20250526_202035 - INFO - Epoch 19, Batch 350/1696, Loss: 4.3681
2025-05-27 07:55:07,790 - transvg_20250526_202035 - INFO - Train metrics: l1_loss: 0.4789 | giou_loss: 0.9754 | center_loss: 0.0231 | total_loss: 4.3681
2025-05-27 07:56:08,643 - transvg_20250526_202035 - INFO - Epoch 19, Batch 400/1696, Loss: 3.8480
2025-05-27 07:56:08,643 - transvg_20250526_202035 - INFO - Train metrics: l1_loss: 0.3774 | giou_loss: 0.9729 | center_loss: 0.0153 | total_loss: 3.8480
2025-05-27 07:57:09,491 - transvg_20250526_202035 - INFO - Epoch 19, Batch 450/1696, Loss: 4.1819
2025-05-27 07:57:09,491 - transvg_20250526_202035 - INFO - Train metrics: l1_loss: 0.4760 | giou_loss: 0.8909 | center_loss: 0.0198 | total_loss: 4.1819
2025-05-27 07:58:10,315 - transvg_20250526_202035 - INFO - Epoch 19, Batch 500/1696, Loss: 3.7123
2025-05-27 07:58:10,316 - transvg_20250526_202035 - INFO - Train metrics: l1_loss: 0.3897 | giou_loss: 0.8758 | center_loss: 0.0124 | total_loss: 3.7123
2025-05-27 07:59:11,198 - transvg_20250526_202035 - INFO - Epoch 19, Batch 550/1696, Loss: 3.8810
2025-05-27 07:59:11,198 - transvg_20250526_202035 - INFO - Train metrics: l1_loss: 0.4184 | giou_loss: 0.8898 | center_loss: 0.0097 | total_loss: 3.8810
2025-05-27 08:00:12,115 - transvg_20250526_202035 - INFO - Epoch 19, Batch 600/1696, Loss: 3.8582
2025-05-27 08:00:12,115 - transvg_20250526_202035 - INFO - Train metrics: l1_loss: 0.4228 | giou_loss: 0.8618 | center_loss: 0.0207 | total_loss: 3.8582
2025-05-27 08:01:13,033 - transvg_20250526_202035 - INFO - Epoch 19, Batch 650/1696, Loss: 3.9272
2025-05-27 08:01:13,034 - transvg_20250526_202035 - INFO - Train metrics: l1_loss: 0.3969 | giou_loss: 0.9671 | center_loss: 0.0087 | total_loss: 3.9272
2025-05-27 08:02:13,890 - transvg_20250526_202035 - INFO - Epoch 19, Batch 700/1696, Loss: 4.1416
2025-05-27 08:02:13,890 - transvg_20250526_202035 - INFO - Train metrics: l1_loss: 0.4515 | giou_loss: 0.9337 | center_loss: 0.0163 | total_loss: 4.1416
2025-05-27 08:03:14,730 - transvg_20250526_202035 - INFO - Epoch 19, Batch 750/1696, Loss: 3.3492
2025-05-27 08:03:14,731 - transvg_20250526_202035 - INFO - Train metrics: l1_loss: 0.3770 | giou_loss: 0.7236 | center_loss: 0.0169 | total_loss: 3.3492
2025-05-27 08:04:15,651 - transvg_20250526_202035 - INFO - Epoch 19, Batch 800/1696, Loss: 4.5984
2025-05-27 08:04:15,651 - transvg_20250526_202035 - INFO - Train metrics: l1_loss: 0.4855 | giou_loss: 1.0760 | center_loss: 0.0191 | total_loss: 4.5984
2025-05-27 08:05:16,535 - transvg_20250526_202035 - INFO - Epoch 19, Batch 850/1696, Loss: 5.0379
2025-05-27 08:05:16,536 - transvg_20250526_202035 - INFO - Train metrics: l1_loss: 0.5598 | giou_loss: 1.1026 | center_loss: 0.0335 | total_loss: 5.0379
2025-05-27 08:06:17,368 - transvg_20250526_202035 - INFO - Epoch 19, Batch 900/1696, Loss: 3.9320
2025-05-27 08:06:17,368 - transvg_20250526_202035 - INFO - Train metrics: l1_loss: 0.4058 | giou_loss: 0.9477 | center_loss: 0.0074 | total_loss: 3.9320
2025-05-27 08:07:18,169 - transvg_20250526_202035 - INFO - Epoch 19, Batch 950/1696, Loss: 3.5695
2025-05-27 08:07:18,170 - transvg_20250526_202035 - INFO - Train metrics: l1_loss: 0.3689 | giou_loss: 0.8586 | center_loss: 0.0075 | total_loss: 3.5695
2025-05-27 08:08:18,950 - transvg_20250526_202035 - INFO - Epoch 19, Batch 1000/1696, Loss: 3.8027
2025-05-27 08:08:18,950 - transvg_20250526_202035 - INFO - Train metrics: l1_loss: 0.3997 | giou_loss: 0.8962 | center_loss: 0.0115 | total_loss: 3.8027
2025-05-27 08:09:19,728 - transvg_20250526_202035 - INFO - Epoch 19, Batch 1050/1696, Loss: 3.6365
2025-05-27 08:09:19,728 - transvg_20250526_202035 - INFO - Train metrics: l1_loss: 0.3752 | giou_loss: 0.8739 | center_loss: 0.0125 | total_loss: 3.6365
2025-05-27 08:10:20,487 - transvg_20250526_202035 - INFO - Epoch 19, Batch 1100/1696, Loss: 3.5522
2025-05-27 08:10:20,487 - transvg_20250526_202035 - INFO - Train metrics: l1_loss: 0.3884 | giou_loss: 0.7989 | center_loss: 0.0124 | total_loss: 3.5522
2025-05-27 08:11:21,265 - transvg_20250526_202035 - INFO - Epoch 19, Batch 1150/1696, Loss: 3.7415
2025-05-27 08:11:21,265 - transvg_20250526_202035 - INFO - Train metrics: l1_loss: 0.3553 | giou_loss: 0.9779 | center_loss: 0.0093 | total_loss: 3.7415
2025-05-27 08:12:22,059 - transvg_20250526_202035 - INFO - Epoch 19, Batch 1200/1696, Loss: 3.7461
2025-05-27 08:12:22,059 - transvg_20250526_202035 - INFO - Train metrics: l1_loss: 0.3980 | giou_loss: 0.8717 | center_loss: 0.0126 | total_loss: 3.7461
2025-05-27 08:13:22,875 - transvg_20250526_202035 - INFO - Epoch 19, Batch 1250/1696, Loss: 3.5044
2025-05-27 08:13:22,875 - transvg_20250526_202035 - INFO - Train metrics: l1_loss: 0.3557 | giou_loss: 0.8586 | center_loss: 0.0086 | total_loss: 3.5044
2025-05-27 08:14:23,759 - transvg_20250526_202035 - INFO - Epoch 19, Batch 1300/1696, Loss: 3.7760
2025-05-27 08:14:23,759 - transvg_20250526_202035 - INFO - Train metrics: l1_loss: 0.3794 | giou_loss: 0.9349 | center_loss: 0.0091 | total_loss: 3.7760
2025-05-27 08:15:24,600 - transvg_20250526_202035 - INFO - Epoch 19, Batch 1350/1696, Loss: 2.8759
2025-05-27 08:15:24,600 - transvg_20250526_202035 - INFO - Train metrics: l1_loss: 0.2812 | giou_loss: 0.7324 | center_loss: 0.0050 | total_loss: 2.8759
2025-05-27 08:16:25,437 - transvg_20250526_202035 - INFO - Epoch 19, Batch 1400/1696, Loss: 4.4202
2025-05-27 08:16:25,437 - transvg_20250526_202035 - INFO - Train metrics: l1_loss: 0.4579 | giou_loss: 1.0551 | center_loss: 0.0207 | total_loss: 4.4202
2025-05-27 08:17:26,294 - transvg_20250526_202035 - INFO - Epoch 19, Batch 1450/1696, Loss: 3.7759
2025-05-27 08:17:26,294 - transvg_20250526_202035 - INFO - Train metrics: l1_loss: 0.4102 | giou_loss: 0.8554 | center_loss: 0.0142 | total_loss: 3.7759
2025-05-27 08:18:27,175 - transvg_20250526_202035 - INFO - Epoch 19, Batch 1500/1696, Loss: 4.0305
2025-05-27 08:18:27,175 - transvg_20250526_202035 - INFO - Train metrics: l1_loss: 0.4290 | giou_loss: 0.9367 | center_loss: 0.0120 | total_loss: 4.0305
2025-05-27 08:19:28,078 - transvg_20250526_202035 - INFO - Epoch 19, Batch 1550/1696, Loss: 4.5732
2025-05-27 08:19:28,078 - transvg_20250526_202035 - INFO - Train metrics: l1_loss: 0.5061 | giou_loss: 1.0092 | center_loss: 0.0244 | total_loss: 4.5732
2025-05-27 08:20:28,974 - transvg_20250526_202035 - INFO - Epoch 19, Batch 1600/1696, Loss: 3.8805
2025-05-27 08:20:28,975 - transvg_20250526_202035 - INFO - Train metrics: l1_loss: 0.3888 | giou_loss: 0.9632 | center_loss: 0.0099 | total_loss: 3.8805
2025-05-27 08:21:29,853 - transvg_20250526_202035 - INFO - Epoch 19, Batch 1650/1696, Loss: 3.5965
2025-05-27 08:21:29,853 - transvg_20250526_202035 - INFO - Train metrics: l1_loss: 0.3884 | giou_loss: 0.8207 | center_loss: 0.0132 | total_loss: 3.5965
2025-05-27 08:22:24,452 - transvg_20250526_202035 - INFO - Train Epoch 19, Loss: 4.0194
2025-05-27 08:24:06,886 - transvg_20250526_202035 - INFO - Pred box sample: [71.55850219726562, 85.56310272216797, 250.5200653076172, 278.9573059082031]
2025-05-27 08:24:06,886 - transvg_20250526_202035 - INFO - Target box sample: [207.0, 198.0, 287.0, 283.0]
2025-05-27 08:24:06,975 - transvg_20250526_202035 - INFO - Validation Epoch 19, Loss: 4.5180
2025-05-27 08:24:06,975 - transvg_20250526_202035 - INFO - Val metrics: Acc@0.25: 0.3254 | Acc@0.5: 0.1216 | Acc@0.75: 0.0173 | mIoU: 0.1873 | medianIoU: 0.0910 | mae_x1: 102.4269 | mae_y1: 97.3775 | mae_x2: 101.5896 | mae_y2: 98.6489 | center_x_error: 87.0259 | center_y_error: 81.8899 | width_error: 2.4423 | height_error: 2.3845 | loss: 4.5180
2025-05-27 08:24:07,884 - transvg_20250526_202035 - INFO - Saved model checkpoint to /home/pokle/Trans-VG/visual_grounding/checkpoints/transvg_20250526_202035_epoch19.pth
2025-05-27 08:24:07,885 - transvg_20250526_202035 - INFO - Epoch 20/200
2025-05-27 08:24:10,456 - transvg_20250526_202035 - INFO - Epoch 20, Batch 0/1696, Loss: 3.6559
2025-05-27 08:24:10,457 - transvg_20250526_202035 - INFO - Train metrics: l1_loss: 0.3868 | giou_loss: 0.8564 | center_loss: 0.0093 | total_loss: 3.6559
2025-05-27 08:25:11,253 - transvg_20250526_202035 - INFO - Epoch 20, Batch 50/1696, Loss: 3.2410
2025-05-27 08:25:11,254 - transvg_20250526_202035 - INFO - Train metrics: l1_loss: 0.3315 | giou_loss: 0.7887 | center_loss: 0.0062 | total_loss: 3.2410
2025-05-27 08:26:12,041 - transvg_20250526_202035 - INFO - Epoch 20, Batch 100/1696, Loss: 3.4605
2025-05-27 08:26:12,041 - transvg_20250526_202035 - INFO - Train metrics: l1_loss: 0.3304 | giou_loss: 0.9008 | center_loss: 0.0070 | total_loss: 3.4605
2025-05-27 08:27:12,853 - transvg_20250526_202035 - INFO - Epoch 20, Batch 150/1696, Loss: 2.9596
2025-05-27 08:27:12,854 - transvg_20250526_202035 - INFO - Train metrics: l1_loss: 0.2994 | giou_loss: 0.7290 | center_loss: 0.0045 | total_loss: 2.9596
2025-05-27 08:28:13,666 - transvg_20250526_202035 - INFO - Epoch 20, Batch 200/1696, Loss: 3.8524
2025-05-27 08:28:13,667 - transvg_20250526_202035 - INFO - Train metrics: l1_loss: 0.3959 | giou_loss: 0.9290 | center_loss: 0.0147 | total_loss: 3.8524
2025-05-27 08:29:14,521 - transvg_20250526_202035 - INFO - Epoch 20, Batch 250/1696, Loss: 4.3175
2025-05-27 08:29:14,521 - transvg_20250526_202035 - INFO - Train metrics: l1_loss: 0.4649 | giou_loss: 0.9901 | center_loss: 0.0128 | total_loss: 4.3175
2025-05-27 08:30:15,297 - transvg_20250526_202035 - INFO - Epoch 20, Batch 300/1696, Loss: 2.5929
2025-05-27 08:30:15,297 - transvg_20250526_202035 - INFO - Train metrics: l1_loss: 0.2688 | giou_loss: 0.6222 | center_loss: 0.0045 | total_loss: 2.5929
2025-05-27 08:31:16,063 - transvg_20250526_202035 - INFO - Epoch 20, Batch 350/1696, Loss: 3.5498
2025-05-27 08:31:16,063 - transvg_20250526_202035 - INFO - Train metrics: l1_loss: 0.3634 | giou_loss: 0.8606 | center_loss: 0.0116 | total_loss: 3.5498
2025-05-27 08:32:16,820 - transvg_20250526_202035 - INFO - Epoch 20, Batch 400/1696, Loss: 4.4876
2025-05-27 08:32:16,821 - transvg_20250526_202035 - INFO - Train metrics: l1_loss: 0.4802 | giou_loss: 1.0346 | center_loss: 0.0173 | total_loss: 4.4876
2025-05-27 08:33:17,610 - transvg_20250526_202035 - INFO - Epoch 20, Batch 450/1696, Loss: 4.8686
2025-05-27 08:33:17,610 - transvg_20250526_202035 - INFO - Train metrics: l1_loss: 0.5301 | giou_loss: 1.0967 | center_loss: 0.0247 | total_loss: 4.8686
2025-05-27 08:34:18,406 - transvg_20250526_202035 - INFO - Epoch 20, Batch 500/1696, Loss: 3.2671
2025-05-27 08:34:18,406 - transvg_20250526_202035 - INFO - Train metrics: l1_loss: 0.3455 | giou_loss: 0.7654 | center_loss: 0.0090 | total_loss: 3.2671
2025-05-27 08:35:19,224 - transvg_20250526_202035 - INFO - Epoch 20, Batch 550/1696, Loss: 3.1754
2025-05-27 08:35:19,224 - transvg_20250526_202035 - INFO - Train metrics: l1_loss: 0.3001 | giou_loss: 0.8349 | center_loss: 0.0053 | total_loss: 3.1754
2025-05-27 08:36:19,994 - transvg_20250526_202035 - INFO - Epoch 20, Batch 600/1696, Loss: 4.1220
2025-05-27 08:36:19,995 - transvg_20250526_202035 - INFO - Train metrics: l1_loss: 0.4468 | giou_loss: 0.9368 | center_loss: 0.0142 | total_loss: 4.1220
2025-05-27 08:37:20,832 - transvg_20250526_202035 - INFO - Epoch 20, Batch 650/1696, Loss: 4.0080
2025-05-27 08:37:20,833 - transvg_20250526_202035 - INFO - Train metrics: l1_loss: 0.4235 | giou_loss: 0.9390 | center_loss: 0.0127 | total_loss: 4.0080
2025-05-27 08:38:21,655 - transvg_20250526_202035 - INFO - Epoch 20, Batch 700/1696, Loss: 3.7400
2025-05-27 08:38:21,655 - transvg_20250526_202035 - INFO - Train metrics: l1_loss: 0.4080 | giou_loss: 0.8468 | center_loss: 0.0067 | total_loss: 3.7400
2025-05-27 08:39:22,492 - transvg_20250526_202035 - INFO - Epoch 20, Batch 750/1696, Loss: 5.4281
2025-05-27 08:39:22,493 - transvg_20250526_202035 - INFO - Train metrics: l1_loss: 0.6234 | giou_loss: 1.1391 | center_loss: 0.0331 | total_loss: 5.4281
2025-05-27 08:40:23,246 - transvg_20250526_202035 - INFO - Epoch 20, Batch 800/1696, Loss: 3.9031
2025-05-27 08:40:23,246 - transvg_20250526_202035 - INFO - Train metrics: l1_loss: 0.3746 | giou_loss: 1.0097 | center_loss: 0.0105 | total_loss: 3.9031
2025-05-27 08:41:24,048 - transvg_20250526_202035 - INFO - Epoch 20, Batch 850/1696, Loss: 4.1513
2025-05-27 08:41:24,049 - transvg_20250526_202035 - INFO - Train metrics: l1_loss: 0.4280 | giou_loss: 0.9991 | center_loss: 0.0132 | total_loss: 4.1513
2025-05-27 08:42:24,840 - transvg_20250526_202035 - INFO - Epoch 20, Batch 900/1696, Loss: 4.0697
2025-05-27 08:42:24,841 - transvg_20250526_202035 - INFO - Train metrics: l1_loss: 0.4318 | giou_loss: 0.9492 | center_loss: 0.0123 | total_loss: 4.0697
2025-05-27 08:43:25,611 - transvg_20250526_202035 - INFO - Epoch 20, Batch 950/1696, Loss: 4.4953
2025-05-27 08:43:25,612 - transvg_20250526_202035 - INFO - Train metrics: l1_loss: 0.4967 | giou_loss: 0.9955 | center_loss: 0.0205 | total_loss: 4.4953
2025-05-27 08:44:26,453 - transvg_20250526_202035 - INFO - Epoch 20, Batch 1000/1696, Loss: 3.8671
2025-05-27 08:44:26,453 - transvg_20250526_202035 - INFO - Train metrics: l1_loss: 0.4437 | giou_loss: 0.8137 | center_loss: 0.0211 | total_loss: 3.8671
2025-05-27 08:45:27,322 - transvg_20250526_202035 - INFO - Epoch 20, Batch 1050/1696, Loss: 3.7118
2025-05-27 08:45:27,323 - transvg_20250526_202035 - INFO - Train metrics: l1_loss: 0.3744 | giou_loss: 0.9148 | center_loss: 0.0101 | total_loss: 3.7118
2025-05-27 08:46:28,195 - transvg_20250526_202035 - INFO - Epoch 20, Batch 1100/1696, Loss: 3.4565
2025-05-27 08:46:28,195 - transvg_20250526_202035 - INFO - Train metrics: l1_loss: 0.3355 | giou_loss: 0.8847 | center_loss: 0.0098 | total_loss: 3.4565
2025-05-27 08:47:29,016 - transvg_20250526_202035 - INFO - Epoch 20, Batch 1150/1696, Loss: 3.7177
2025-05-27 08:47:29,016 - transvg_20250526_202035 - INFO - Train metrics: l1_loss: 0.3978 | giou_loss: 0.8601 | center_loss: 0.0086 | total_loss: 3.7177
2025-05-27 08:48:29,790 - transvg_20250526_202035 - INFO - Epoch 20, Batch 1200/1696, Loss: 3.9478
2025-05-27 08:48:29,790 - transvg_20250526_202035 - INFO - Train metrics: l1_loss: 0.4060 | giou_loss: 0.9521 | center_loss: 0.0135 | total_loss: 3.9478
2025-05-27 08:49:30,575 - transvg_20250526_202035 - INFO - Epoch 20, Batch 1250/1696, Loss: 4.6581
2025-05-27 08:49:30,575 - transvg_20250526_202035 - INFO - Train metrics: l1_loss: 0.5257 | giou_loss: 1.0034 | center_loss: 0.0225 | total_loss: 4.6581
2025-05-27 08:50:31,396 - transvg_20250526_202035 - INFO - Epoch 20, Batch 1300/1696, Loss: 4.3338
2025-05-27 08:50:31,396 - transvg_20250526_202035 - INFO - Train metrics: l1_loss: 0.4575 | giou_loss: 1.0147 | center_loss: 0.0169 | total_loss: 4.3338
2025-05-27 08:51:32,215 - transvg_20250526_202035 - INFO - Epoch 20, Batch 1350/1696, Loss: 3.8689
2025-05-27 08:51:32,215 - transvg_20250526_202035 - INFO - Train metrics: l1_loss: 0.4381 | giou_loss: 0.8294 | center_loss: 0.0198 | total_loss: 3.8689
2025-05-27 08:52:33,029 - transvg_20250526_202035 - INFO - Epoch 20, Batch 1400/1696, Loss: 3.7068
2025-05-27 08:52:33,029 - transvg_20250526_202035 - INFO - Train metrics: l1_loss: 0.3699 | giou_loss: 0.9240 | center_loss: 0.0094 | total_loss: 3.7068
2025-05-27 08:53:33,754 - transvg_20250526_202035 - INFO - Epoch 20, Batch 1450/1696, Loss: 4.4591
2025-05-27 08:53:33,755 - transvg_20250526_202035 - INFO - Train metrics: l1_loss: 0.4974 | giou_loss: 0.9760 | center_loss: 0.0203 | total_loss: 4.4591
2025-05-27 08:54:34,519 - transvg_20250526_202035 - INFO - Epoch 20, Batch 1500/1696, Loss: 3.4708
2025-05-27 08:54:34,519 - transvg_20250526_202035 - INFO - Train metrics: l1_loss: 0.3719 | giou_loss: 0.7989 | center_loss: 0.0136 | total_loss: 3.4708
2025-05-27 08:55:35,338 - transvg_20250526_202035 - INFO - Epoch 20, Batch 1550/1696, Loss: 3.6796
2025-05-27 08:55:35,338 - transvg_20250526_202035 - INFO - Train metrics: l1_loss: 0.3720 | giou_loss: 0.9052 | center_loss: 0.0092 | total_loss: 3.6796
2025-05-27 08:56:36,158 - transvg_20250526_202035 - INFO - Epoch 20, Batch 1600/1696, Loss: 3.9011
2025-05-27 08:56:36,158 - transvg_20250526_202035 - INFO - Train metrics: l1_loss: 0.4155 | giou_loss: 0.9048 | center_loss: 0.0137 | total_loss: 3.9011
2025-05-27 08:57:36,977 - transvg_20250526_202035 - INFO - Epoch 20, Batch 1650/1696, Loss: 3.8719
2025-05-27 08:57:36,977 - transvg_20250526_202035 - INFO - Train metrics: l1_loss: 0.4183 | giou_loss: 0.8835 | center_loss: 0.0136 | total_loss: 3.8719
2025-05-27 08:58:31,543 - transvg_20250526_202035 - INFO - Train Epoch 20, Loss: 3.9948
2025-05-27 09:00:13,683 - transvg_20250526_202035 - INFO - Pred box sample: [89.88539123535156, 79.5387954711914, 276.4272766113281, 254.7106475830078]
2025-05-27 09:00:13,683 - transvg_20250526_202035 - INFO - Target box sample: [207.0, 198.0, 287.0, 283.0]
2025-05-27 09:00:13,755 - transvg_20250526_202035 - INFO - Validation Epoch 20, Loss: 4.5359
2025-05-27 09:00:13,755 - transvg_20250526_202035 - INFO - Val metrics: Acc@0.25: 0.3256 | Acc@0.5: 0.1203 | Acc@0.75: 0.0159 | mIoU: 0.1864 | medianIoU: 0.0877 | mae_x1: 100.2509 | mae_y1: 99.4706 | mae_x2: 103.5605 | mae_y2: 98.1615 | center_x_error: 86.8009 | center_y_error: 83.2225 | width_error: 2.4844 | height_error: 2.3070 | loss: 4.5359
2025-05-27 09:00:14,650 - transvg_20250526_202035 - INFO - Saved model checkpoint to /home/pokle/Trans-VG/visual_grounding/checkpoints/transvg_20250526_202035_epoch20.pth
2025-05-27 09:00:14,651 - transvg_20250526_202035 - INFO - Epoch 21/200
2025-05-27 09:00:17,268 - transvg_20250526_202035 - INFO - Epoch 21, Batch 0/1696, Loss: 3.9209
2025-05-27 09:00:17,268 - transvg_20250526_202035 - INFO - Train metrics: l1_loss: 0.4199 | giou_loss: 0.9004 | center_loss: 0.0207 | total_loss: 3.9209
2025-05-27 09:01:18,085 - transvg_20250526_202035 - INFO - Epoch 21, Batch 50/1696, Loss: 4.5121
2025-05-27 09:01:18,085 - transvg_20250526_202035 - INFO - Train metrics: l1_loss: 0.5017 | giou_loss: 0.9919 | center_loss: 0.0201 | total_loss: 4.5121
2025-05-27 09:02:18,925 - transvg_20250526_202035 - INFO - Epoch 21, Batch 100/1696, Loss: 3.4190
2025-05-27 09:02:18,926 - transvg_20250526_202035 - INFO - Train metrics: l1_loss: 0.3372 | giou_loss: 0.8636 | center_loss: 0.0057 | total_loss: 3.4190
2025-05-27 09:03:19,779 - transvg_20250526_202035 - INFO - Epoch 21, Batch 150/1696, Loss: 3.5773
2025-05-27 09:03:19,779 - transvg_20250526_202035 - INFO - Train metrics: l1_loss: 0.3711 | giou_loss: 0.8562 | center_loss: 0.0094 | total_loss: 3.5773
2025-05-27 09:04:20,630 - transvg_20250526_202035 - INFO - Epoch 21, Batch 200/1696, Loss: 4.1044
2025-05-27 09:04:20,630 - transvg_20250526_202035 - INFO - Train metrics: l1_loss: 0.4417 | giou_loss: 0.9401 | center_loss: 0.0156 | total_loss: 4.1044
2025-05-27 09:05:21,508 - transvg_20250526_202035 - INFO - Epoch 21, Batch 250/1696, Loss: 3.4496
2025-05-27 09:05:21,509 - transvg_20250526_202035 - INFO - Train metrics: l1_loss: 0.3326 | giou_loss: 0.8894 | center_loss: 0.0080 | total_loss: 3.4496
2025-05-27 09:06:22,376 - transvg_20250526_202035 - INFO - Epoch 21, Batch 300/1696, Loss: 4.1148
2025-05-27 09:06:22,376 - transvg_20250526_202035 - INFO - Train metrics: l1_loss: 0.4335 | giou_loss: 0.9670 | center_loss: 0.0132 | total_loss: 4.1148
2025-05-27 09:07:23,225 - transvg_20250526_202035 - INFO - Epoch 21, Batch 350/1696, Loss: 3.4935
2025-05-27 09:07:23,226 - transvg_20250526_202035 - INFO - Train metrics: l1_loss: 0.3447 | giou_loss: 0.8807 | center_loss: 0.0087 | total_loss: 3.4935
2025-05-27 09:08:24,088 - transvg_20250526_202035 - INFO - Epoch 21, Batch 400/1696, Loss: 3.8045
2025-05-27 09:08:24,089 - transvg_20250526_202035 - INFO - Train metrics: l1_loss: 0.3985 | giou_loss: 0.9000 | center_loss: 0.0118 | total_loss: 3.8045
2025-05-27 09:09:24,934 - transvg_20250526_202035 - INFO - Epoch 21, Batch 450/1696, Loss: 3.8086
2025-05-27 09:09:24,934 - transvg_20250526_202035 - INFO - Train metrics: l1_loss: 0.3644 | giou_loss: 0.9896 | center_loss: 0.0077 | total_loss: 3.8086
2025-05-27 09:10:25,695 - transvg_20250526_202035 - INFO - Epoch 21, Batch 500/1696, Loss: 4.1903
2025-05-27 09:10:25,695 - transvg_20250526_202035 - INFO - Train metrics: l1_loss: 0.4464 | giou_loss: 0.9719 | center_loss: 0.0147 | total_loss: 4.1903
2025-05-27 09:11:26,513 - transvg_20250526_202035 - INFO - Epoch 21, Batch 550/1696, Loss: 4.9340
2025-05-27 09:11:26,514 - transvg_20250526_202035 - INFO - Train metrics: l1_loss: 0.5448 | giou_loss: 1.0924 | center_loss: 0.0250 | total_loss: 4.9340
2025-05-27 09:12:27,298 - transvg_20250526_202035 - INFO - Epoch 21, Batch 600/1696, Loss: 4.2642
2025-05-27 09:12:27,298 - transvg_20250526_202035 - INFO - Train metrics: l1_loss: 0.4743 | giou_loss: 0.9357 | center_loss: 0.0213 | total_loss: 4.2642
2025-05-27 09:13:28,085 - transvg_20250526_202035 - INFO - Epoch 21, Batch 650/1696, Loss: 3.4842
2025-05-27 09:13:28,085 - transvg_20250526_202035 - INFO - Train metrics: l1_loss: 0.3267 | giou_loss: 0.9221 | center_loss: 0.0064 | total_loss: 3.4842
2025-05-27 09:14:28,876 - transvg_20250526_202035 - INFO - Epoch 21, Batch 700/1696, Loss: 3.4809
2025-05-27 09:14:28,876 - transvg_20250526_202035 - INFO - Train metrics: l1_loss: 0.3441 | giou_loss: 0.8762 | center_loss: 0.0080 | total_loss: 3.4809
2025-05-27 09:15:29,740 - transvg_20250526_202035 - INFO - Epoch 21, Batch 750/1696, Loss: 3.8317
2025-05-27 09:15:29,740 - transvg_20250526_202035 - INFO - Train metrics: l1_loss: 0.4058 | giou_loss: 0.8947 | center_loss: 0.0131 | total_loss: 3.8317
2025-05-27 09:16:30,566 - transvg_20250526_202035 - INFO - Epoch 21, Batch 800/1696, Loss: 4.1865
2025-05-27 09:16:30,567 - transvg_20250526_202035 - INFO - Train metrics: l1_loss: 0.4797 | giou_loss: 0.8839 | center_loss: 0.0203 | total_loss: 4.1865
2025-05-27 09:17:31,436 - transvg_20250526_202035 - INFO - Epoch 21, Batch 850/1696, Loss: 4.0614
2025-05-27 09:17:31,436 - transvg_20250526_202035 - INFO - Train metrics: l1_loss: 0.4091 | giou_loss: 1.0018 | center_loss: 0.0124 | total_loss: 4.0614
2025-05-27 09:18:32,300 - transvg_20250526_202035 - INFO - Epoch 21, Batch 900/1696, Loss: 4.3738
2025-05-27 09:18:32,300 - transvg_20250526_202035 - INFO - Train metrics: l1_loss: 0.4616 | giou_loss: 1.0250 | center_loss: 0.0160 | total_loss: 4.3738
2025-05-27 09:19:33,176 - transvg_20250526_202035 - INFO - Epoch 21, Batch 950/1696, Loss: 4.3811
2025-05-27 09:19:33,177 - transvg_20250526_202035 - INFO - Train metrics: l1_loss: 0.4788 | giou_loss: 0.9819 | center_loss: 0.0235 | total_loss: 4.3811
2025-05-27 09:20:33,994 - transvg_20250526_202035 - INFO - Epoch 21, Batch 1000/1696, Loss: 4.1615
2025-05-27 09:20:33,995 - transvg_20250526_202035 - INFO - Train metrics: l1_loss: 0.4536 | giou_loss: 0.9399 | center_loss: 0.0137 | total_loss: 4.1615
2025-05-27 09:21:34,858 - transvg_20250526_202035 - INFO - Epoch 21, Batch 1050/1696, Loss: 3.3236
2025-05-27 09:21:34,858 - transvg_20250526_202035 - INFO - Train metrics: l1_loss: 0.3501 | giou_loss: 0.7816 | center_loss: 0.0100 | total_loss: 3.3236
2025-05-27 09:22:35,722 - transvg_20250526_202035 - INFO - Epoch 21, Batch 1100/1696, Loss: 3.3342
2025-05-27 09:22:35,722 - transvg_20250526_202035 - INFO - Train metrics: l1_loss: 0.3084 | giou_loss: 0.8930 | center_loss: 0.0064 | total_loss: 3.3342
2025-05-27 09:23:36,539 - transvg_20250526_202035 - INFO - Epoch 21, Batch 1150/1696, Loss: 4.4397
2025-05-27 09:23:36,539 - transvg_20250526_202035 - INFO - Train metrics: l1_loss: 0.4796 | giou_loss: 1.0116 | center_loss: 0.0183 | total_loss: 4.4397
2025-05-27 09:24:37,376 - transvg_20250526_202035 - INFO - Epoch 21, Batch 1200/1696, Loss: 3.5695
2025-05-27 09:24:37,377 - transvg_20250526_202035 - INFO - Train metrics: l1_loss: 0.3518 | giou_loss: 0.9020 | center_loss: 0.0066 | total_loss: 3.5695
2025-05-27 09:25:38,157 - transvg_20250526_202035 - INFO - Epoch 21, Batch 1250/1696, Loss: 4.1950
2025-05-27 09:25:38,158 - transvg_20250526_202035 - INFO - Train metrics: l1_loss: 0.4386 | giou_loss: 0.9943 | center_loss: 0.0134 | total_loss: 4.1950
2025-05-27 09:26:38,960 - transvg_20250526_202035 - INFO - Epoch 21, Batch 1300/1696, Loss: 3.1127
2025-05-27 09:26:38,961 - transvg_20250526_202035 - INFO - Train metrics: l1_loss: 0.2984 | giou_loss: 0.8089 | center_loss: 0.0030 | total_loss: 3.1127
2025-05-27 09:27:39,820 - transvg_20250526_202035 - INFO - Epoch 21, Batch 1350/1696, Loss: 5.1327
2025-05-27 09:27:39,820 - transvg_20250526_202035 - INFO - Train metrics: l1_loss: 0.5980 | giou_loss: 1.0539 | center_loss: 0.0349 | total_loss: 5.1327
2025-05-27 09:28:40,714 - transvg_20250526_202035 - INFO - Epoch 21, Batch 1400/1696, Loss: 4.1289
2025-05-27 09:28:40,714 - transvg_20250526_202035 - INFO - Train metrics: l1_loss: 0.4606 | giou_loss: 0.9023 | center_loss: 0.0213 | total_loss: 4.1289
2025-05-27 09:29:41,623 - transvg_20250526_202035 - INFO - Epoch 21, Batch 1450/1696, Loss: 3.7963
2025-05-27 09:29:41,623 - transvg_20250526_202035 - INFO - Train metrics: l1_loss: 0.3945 | giou_loss: 0.9077 | center_loss: 0.0086 | total_loss: 3.7963
2025-05-27 09:30:42,503 - transvg_20250526_202035 - INFO - Epoch 21, Batch 1500/1696, Loss: 3.6709
2025-05-27 09:30:42,503 - transvg_20250526_202035 - INFO - Train metrics: l1_loss: 0.3638 | giou_loss: 0.9205 | center_loss: 0.0110 | total_loss: 3.6709
2025-05-27 09:31:43,379 - transvg_20250526_202035 - INFO - Epoch 21, Batch 1550/1696, Loss: 4.5965
2025-05-27 09:31:43,379 - transvg_20250526_202035 - INFO - Train metrics: l1_loss: 0.5130 | giou_loss: 1.0009 | center_loss: 0.0297 | total_loss: 4.5965
2025-05-27 09:32:44,280 - transvg_20250526_202035 - INFO - Epoch 21, Batch 1600/1696, Loss: 4.6230
2025-05-27 09:32:44,281 - transvg_20250526_202035 - INFO - Train metrics: l1_loss: 0.5036 | giou_loss: 1.0376 | center_loss: 0.0299 | total_loss: 4.6230
2025-05-27 09:33:45,187 - transvg_20250526_202035 - INFO - Epoch 21, Batch 1650/1696, Loss: 4.1632
2025-05-27 09:33:45,187 - transvg_20250526_202035 - INFO - Train metrics: l1_loss: 0.4466 | giou_loss: 0.9583 | center_loss: 0.0138 | total_loss: 4.1632
2025-05-27 09:34:39,819 - transvg_20250526_202035 - INFO - Train Epoch 21, Loss: 3.9712
2025-05-27 09:36:21,922 - transvg_20250526_202035 - INFO - Pred box sample: [58.65207290649414, 74.63373565673828, 247.2217559814453, 254.91323852539062]
2025-05-27 09:36:21,923 - transvg_20250526_202035 - INFO - Target box sample: [207.0, 198.0, 287.0, 283.0]
2025-05-27 09:36:21,995 - transvg_20250526_202035 - INFO - Validation Epoch 21, Loss: 4.5653
2025-05-27 09:36:21,995 - transvg_20250526_202035 - INFO - Val metrics: Acc@0.25: 0.3246 | Acc@0.5: 0.1171 | Acc@0.75: 0.0138 | mIoU: 0.1855 | medianIoU: 0.0847 | mae_x1: 103.9367 | mae_y1: 99.1025 | mae_x2: 105.9397 | mae_y2: 97.5810 | center_x_error: 89.4053 | center_y_error: 81.9933 | width_error: 2.5317 | height_error: 2.3815 | loss: 4.5653
2025-05-27 09:36:22,895 - transvg_20250526_202035 - INFO - Saved model checkpoint to /home/pokle/Trans-VG/visual_grounding/checkpoints/transvg_20250526_202035_epoch21.pth
2025-05-27 09:36:22,896 - transvg_20250526_202035 - INFO - Epoch 22/200
2025-05-27 09:36:25,459 - transvg_20250526_202035 - INFO - Epoch 22, Batch 0/1696, Loss: 3.7656
2025-05-27 09:36:25,460 - transvg_20250526_202035 - INFO - Train metrics: l1_loss: 0.4025 | giou_loss: 0.8676 | center_loss: 0.0180 | total_loss: 3.7656
2025-05-27 09:37:26,339 - transvg_20250526_202035 - INFO - Epoch 22, Batch 50/1696, Loss: 3.6430
2025-05-27 09:37:26,340 - transvg_20250526_202035 - INFO - Train metrics: l1_loss: 0.3641 | giou_loss: 0.9064 | center_loss: 0.0097 | total_loss: 3.6430
2025-05-27 09:38:27,188 - transvg_20250526_202035 - INFO - Epoch 22, Batch 100/1696, Loss: 4.0046
2025-05-27 09:38:27,189 - transvg_20250526_202035 - INFO - Train metrics: l1_loss: 0.4086 | giou_loss: 0.9733 | center_loss: 0.0148 | total_loss: 4.0046
2025-05-27 09:39:28,010 - transvg_20250526_202035 - INFO - Epoch 22, Batch 150/1696, Loss: 5.1464
2025-05-27 09:39:28,010 - transvg_20250526_202035 - INFO - Train metrics: l1_loss: 0.5964 | giou_loss: 1.0660 | center_loss: 0.0326 | total_loss: 5.1464
2025-05-27 09:40:28,832 - transvg_20250526_202035 - INFO - Epoch 22, Batch 200/1696, Loss: 3.1075
2025-05-27 09:40:28,832 - transvg_20250526_202035 - INFO - Train metrics: l1_loss: 0.3074 | giou_loss: 0.7825 | center_loss: 0.0057 | total_loss: 3.1075
2025-05-27 09:41:29,725 - transvg_20250526_202035 - INFO - Epoch 22, Batch 250/1696, Loss: 3.4170
2025-05-27 09:41:29,725 - transvg_20250526_202035 - INFO - Train metrics: l1_loss: 0.3675 | giou_loss: 0.7854 | center_loss: 0.0090 | total_loss: 3.4170
2025-05-27 09:42:30,660 - transvg_20250526_202035 - INFO - Epoch 22, Batch 300/1696, Loss: 3.8959
2025-05-27 09:42:30,660 - transvg_20250526_202035 - INFO - Train metrics: l1_loss: 0.4287 | giou_loss: 0.8687 | center_loss: 0.0149 | total_loss: 3.8959
2025-05-27 09:43:31,616 - transvg_20250526_202035 - INFO - Epoch 22, Batch 350/1696, Loss: 3.2013
2025-05-27 09:43:31,617 - transvg_20250526_202035 - INFO - Train metrics: l1_loss: 0.3162 | giou_loss: 0.8069 | center_loss: 0.0066 | total_loss: 3.2013
2025-05-27 09:44:32,585 - transvg_20250526_202035 - INFO - Epoch 22, Batch 400/1696, Loss: 4.0391
2025-05-27 09:44:32,586 - transvg_20250526_202035 - INFO - Train metrics: l1_loss: 0.4284 | giou_loss: 0.9380 | center_loss: 0.0212 | total_loss: 4.0391
2025-05-27 09:45:33,511 - transvg_20250526_202035 - INFO - Epoch 22, Batch 450/1696, Loss: 4.7208
2025-05-27 09:45:33,511 - transvg_20250526_202035 - INFO - Train metrics: l1_loss: 0.5284 | giou_loss: 1.0267 | center_loss: 0.0255 | total_loss: 4.7208
2025-05-27 09:46:34,422 - transvg_20250526_202035 - INFO - Epoch 22, Batch 500/1696, Loss: 4.3367
2025-05-27 09:46:34,422 - transvg_20250526_202035 - INFO - Train metrics: l1_loss: 0.4838 | giou_loss: 0.9476 | center_loss: 0.0227 | total_loss: 4.3367
2025-05-27 09:47:35,353 - transvg_20250526_202035 - INFO - Epoch 22, Batch 550/1696, Loss: 4.0609
2025-05-27 09:47:35,354 - transvg_20250526_202035 - INFO - Train metrics: l1_loss: 0.4195 | giou_loss: 0.9740 | center_loss: 0.0153 | total_loss: 4.0609
2025-05-27 09:48:36,255 - transvg_20250526_202035 - INFO - Epoch 22, Batch 600/1696, Loss: 4.5008
2025-05-27 09:48:36,255 - transvg_20250526_202035 - INFO - Train metrics: l1_loss: 0.5155 | giou_loss: 0.9493 | center_loss: 0.0247 | total_loss: 4.5008
2025-05-27 09:49:37,123 - transvg_20250526_202035 - INFO - Epoch 22, Batch 650/1696, Loss: 3.8429
2025-05-27 09:49:37,123 - transvg_20250526_202035 - INFO - Train metrics: l1_loss: 0.3934 | giou_loss: 0.9344 | center_loss: 0.0073 | total_loss: 3.8429
2025-05-27 09:50:37,964 - transvg_20250526_202035 - INFO - Epoch 22, Batch 700/1696, Loss: 3.8327
2025-05-27 09:50:37,964 - transvg_20250526_202035 - INFO - Train metrics: l1_loss: 0.3845 | giou_loss: 0.9503 | center_loss: 0.0096 | total_loss: 3.8327
2025-05-27 09:51:38,805 - transvg_20250526_202035 - INFO - Epoch 22, Batch 750/1696, Loss: 3.8582
2025-05-27 09:51:38,805 - transvg_20250526_202035 - INFO - Train metrics: l1_loss: 0.4056 | giou_loss: 0.9085 | center_loss: 0.0131 | total_loss: 3.8582
2025-05-27 09:52:39,683 - transvg_20250526_202035 - INFO - Epoch 22, Batch 800/1696, Loss: 4.9394
2025-05-27 09:52:39,683 - transvg_20250526_202035 - INFO - Train metrics: l1_loss: 0.5276 | giou_loss: 1.1384 | center_loss: 0.0249 | total_loss: 4.9394
2025-05-27 09:53:40,576 - transvg_20250526_202035 - INFO - Epoch 22, Batch 850/1696, Loss: 3.8489
2025-05-27 09:53:40,576 - transvg_20250526_202035 - INFO - Train metrics: l1_loss: 0.4048 | giou_loss: 0.9053 | center_loss: 0.0145 | total_loss: 3.8489
2025-05-27 09:54:41,430 - transvg_20250526_202035 - INFO - Epoch 22, Batch 900/1696, Loss: 4.0269
2025-05-27 09:54:41,430 - transvg_20250526_202035 - INFO - Train metrics: l1_loss: 0.4214 | giou_loss: 0.9557 | center_loss: 0.0085 | total_loss: 4.0269
2025-05-27 09:55:42,250 - transvg_20250526_202035 - INFO - Epoch 22, Batch 950/1696, Loss: 3.5411
2025-05-27 09:55:42,251 - transvg_20250526_202035 - INFO - Train metrics: l1_loss: 0.3561 | giou_loss: 0.8747 | center_loss: 0.0114 | total_loss: 3.5411
2025-05-27 09:56:43,086 - transvg_20250526_202035 - INFO - Epoch 22, Batch 1000/1696, Loss: 4.2202
2025-05-27 09:56:43,086 - transvg_20250526_202035 - INFO - Train metrics: l1_loss: 0.4762 | giou_loss: 0.9098 | center_loss: 0.0196 | total_loss: 4.2202
2025-05-27 09:57:43,893 - transvg_20250526_202035 - INFO - Epoch 22, Batch 1050/1696, Loss: 3.5726
2025-05-27 09:57:43,893 - transvg_20250526_202035 - INFO - Train metrics: l1_loss: 0.3793 | giou_loss: 0.8316 | center_loss: 0.0128 | total_loss: 3.5726
2025-05-27 09:58:44,632 - transvg_20250526_202035 - INFO - Epoch 22, Batch 1100/1696, Loss: 4.2550
2025-05-27 09:58:44,632 - transvg_20250526_202035 - INFO - Train metrics: l1_loss: 0.4549 | giou_loss: 0.9832 | center_loss: 0.0143 | total_loss: 4.2550
2025-05-27 09:59:45,411 - transvg_20250526_202035 - INFO - Epoch 22, Batch 1150/1696, Loss: 3.1038
2025-05-27 09:59:45,411 - transvg_20250526_202035 - INFO - Train metrics: l1_loss: 0.3290 | giou_loss: 0.7236 | center_loss: 0.0115 | total_loss: 3.1038
2025-05-27 10:00:46,251 - transvg_20250526_202035 - INFO - Epoch 22, Batch 1200/1696, Loss: 3.4713
2025-05-27 10:00:46,252 - transvg_20250526_202035 - INFO - Train metrics: l1_loss: 0.3558 | giou_loss: 0.8415 | center_loss: 0.0095 | total_loss: 3.4713
2025-05-27 10:01:47,130 - transvg_20250526_202035 - INFO - Epoch 22, Batch 1250/1696, Loss: 4.8407
2025-05-27 10:01:47,130 - transvg_20250526_202035 - INFO - Train metrics: l1_loss: 0.5600 | giou_loss: 1.0067 | center_loss: 0.0274 | total_loss: 4.8407
2025-05-27 10:02:48,000 - transvg_20250526_202035 - INFO - Epoch 22, Batch 1300/1696, Loss: 3.5822
2025-05-27 10:02:48,000 - transvg_20250526_202035 - INFO - Train metrics: l1_loss: 0.3943 | giou_loss: 0.7984 | center_loss: 0.0140 | total_loss: 3.5822
2025-05-27 10:03:48,852 - transvg_20250526_202035 - INFO - Epoch 22, Batch 1350/1696, Loss: 4.4880
2025-05-27 10:03:48,852 - transvg_20250526_202035 - INFO - Train metrics: l1_loss: 0.5236 | giou_loss: 0.9200 | center_loss: 0.0299 | total_loss: 4.4880
2025-05-27 10:04:49,734 - transvg_20250526_202035 - INFO - Epoch 22, Batch 1400/1696, Loss: 4.1106
2025-05-27 10:04:49,734 - transvg_20250526_202035 - INFO - Train metrics: l1_loss: 0.4162 | giou_loss: 1.0056 | center_loss: 0.0181 | total_loss: 4.1106
2025-05-27 10:05:50,594 - transvg_20250526_202035 - INFO - Epoch 22, Batch 1450/1696, Loss: 3.5134
2025-05-27 10:05:50,594 - transvg_20250526_202035 - INFO - Train metrics: l1_loss: 0.3350 | giou_loss: 0.9157 | center_loss: 0.0072 | total_loss: 3.5134
2025-05-27 10:06:51,440 - transvg_20250526_202035 - INFO - Epoch 22, Batch 1500/1696, Loss: 3.7152
2025-05-27 10:06:51,440 - transvg_20250526_202035 - INFO - Train metrics: l1_loss: 0.3703 | giou_loss: 0.9271 | center_loss: 0.0095 | total_loss: 3.7152
2025-05-27 10:07:52,219 - transvg_20250526_202035 - INFO - Epoch 22, Batch 1550/1696, Loss: 4.1695
2025-05-27 10:07:52,220 - transvg_20250526_202035 - INFO - Train metrics: l1_loss: 0.4591 | giou_loss: 0.9278 | center_loss: 0.0183 | total_loss: 4.1695
2025-05-27 10:08:53,017 - transvg_20250526_202035 - INFO - Epoch 22, Batch 1600/1696, Loss: 4.1672
2025-05-27 10:08:53,018 - transvg_20250526_202035 - INFO - Train metrics: l1_loss: 0.4335 | giou_loss: 0.9922 | center_loss: 0.0155 | total_loss: 4.1672
2025-05-27 10:09:53,805 - transvg_20250526_202035 - INFO - Epoch 22, Batch 1650/1696, Loss: 3.7150
2025-05-27 10:09:53,806 - transvg_20250526_202035 - INFO - Train metrics: l1_loss: 0.3854 | giou_loss: 0.8881 | center_loss: 0.0120 | total_loss: 3.7150
2025-05-27 10:10:48,390 - transvg_20250526_202035 - INFO - Train Epoch 22, Loss: 3.9559
2025-05-27 10:12:30,497 - transvg_20250526_202035 - INFO - Pred box sample: [93.10572814941406, 85.59469604492188, 275.9674377441406, 250.20785522460938]
2025-05-27 10:12:30,498 - transvg_20250526_202035 - INFO - Target box sample: [207.0, 198.0, 287.0, 283.0]
2025-05-27 10:12:30,575 - transvg_20250526_202035 - INFO - Validation Epoch 22, Loss: 4.5291
2025-05-27 10:12:30,575 - transvg_20250526_202035 - INFO - Val metrics: Acc@0.25: 0.3227 | Acc@0.5: 0.1222 | Acc@0.75: 0.0151 | mIoU: 0.1880 | medianIoU: 0.0886 | mae_x1: 101.1327 | mae_y1: 97.8015 | mae_x2: 104.1200 | mae_y2: 98.0239 | center_x_error: 87.6530 | center_y_error: 81.7564 | width_error: 2.4500 | height_error: 2.3609 | loss: 4.5291
2025-05-27 10:12:31,475 - transvg_20250526_202035 - INFO - Saved model checkpoint to /home/pokle/Trans-VG/visual_grounding/checkpoints/transvg_20250526_202035_epoch22.pth
2025-05-27 10:12:31,476 - transvg_20250526_202035 - INFO - Epoch 23/200
2025-05-27 10:12:34,013 - transvg_20250526_202035 - INFO - Epoch 23, Batch 0/1696, Loss: 3.7309
2025-05-27 10:12:34,013 - transvg_20250526_202035 - INFO - Train metrics: l1_loss: 0.3980 | giou_loss: 0.8632 | center_loss: 0.0144 | total_loss: 3.7309
2025-05-27 10:13:34,864 - transvg_20250526_202035 - INFO - Epoch 23, Batch 50/1696, Loss: 3.5374
2025-05-27 10:13:34,864 - transvg_20250526_202035 - INFO - Train metrics: l1_loss: 0.3505 | giou_loss: 0.8890 | center_loss: 0.0066 | total_loss: 3.5374
2025-05-27 10:14:35,703 - transvg_20250526_202035 - INFO - Epoch 23, Batch 100/1696, Loss: 4.4174
2025-05-27 10:14:35,703 - transvg_20250526_202035 - INFO - Train metrics: l1_loss: 0.4736 | giou_loss: 1.0150 | center_loss: 0.0191 | total_loss: 4.4174
2025-05-27 10:15:36,552 - transvg_20250526_202035 - INFO - Epoch 23, Batch 150/1696, Loss: 4.7028
2025-05-27 10:15:36,553 - transvg_20250526_202035 - INFO - Train metrics: l1_loss: 0.4937 | giou_loss: 1.1060 | center_loss: 0.0223 | total_loss: 4.7028
2025-05-27 10:16:37,403 - transvg_20250526_202035 - INFO - Epoch 23, Batch 200/1696, Loss: 2.8651
2025-05-27 10:16:37,403 - transvg_20250526_202035 - INFO - Train metrics: l1_loss: 0.2719 | giou_loss: 0.7510 | center_loss: 0.0036 | total_loss: 2.8651
2025-05-27 10:17:38,239 - transvg_20250526_202035 - INFO - Epoch 23, Batch 250/1696, Loss: 3.0543
2025-05-27 10:17:38,239 - transvg_20250526_202035 - INFO - Train metrics: l1_loss: 0.2949 | giou_loss: 0.7864 | center_loss: 0.0071 | total_loss: 3.0543
2025-05-27 10:18:39,038 - transvg_20250526_202035 - INFO - Epoch 23, Batch 300/1696, Loss: 4.5031
2025-05-27 10:18:39,038 - transvg_20250526_202035 - INFO - Train metrics: l1_loss: 0.4748 | giou_loss: 1.0582 | center_loss: 0.0124 | total_loss: 4.5031
2025-05-27 10:19:39,852 - transvg_20250526_202035 - INFO - Epoch 23, Batch 350/1696, Loss: 3.9085
2025-05-27 10:19:39,852 - transvg_20250526_202035 - INFO - Train metrics: l1_loss: 0.3871 | giou_loss: 0.9817 | center_loss: 0.0096 | total_loss: 3.9085
2025-05-27 10:20:40,670 - transvg_20250526_202035 - INFO - Epoch 23, Batch 400/1696, Loss: 4.0859
2025-05-27 10:20:40,671 - transvg_20250526_202035 - INFO - Train metrics: l1_loss: 0.4400 | giou_loss: 0.9362 | center_loss: 0.0133 | total_loss: 4.0859
2025-05-27 10:21:41,550 - transvg_20250526_202035 - INFO - Epoch 23, Batch 450/1696, Loss: 3.5145
2025-05-27 10:21:41,550 - transvg_20250526_202035 - INFO - Train metrics: l1_loss: 0.3567 | giou_loss: 0.8595 | center_loss: 0.0120 | total_loss: 3.5145
2025-05-27 10:22:42,381 - transvg_20250526_202035 - INFO - Epoch 23, Batch 500/1696, Loss: 3.6972
2025-05-27 10:22:42,381 - transvg_20250526_202035 - INFO - Train metrics: l1_loss: 0.3836 | giou_loss: 0.8841 | center_loss: 0.0109 | total_loss: 3.6972
2025-05-27 10:23:43,184 - transvg_20250526_202035 - INFO - Epoch 23, Batch 550/1696, Loss: 3.9040
2025-05-27 10:23:43,184 - transvg_20250526_202035 - INFO - Train metrics: l1_loss: 0.4016 | giou_loss: 0.9407 | center_loss: 0.0148 | total_loss: 3.9040
2025-05-27 10:24:43,982 - transvg_20250526_202035 - INFO - Epoch 23, Batch 600/1696, Loss: 3.9976
2025-05-27 10:24:43,982 - transvg_20250526_202035 - INFO - Train metrics: l1_loss: 0.4045 | giou_loss: 0.9814 | center_loss: 0.0122 | total_loss: 3.9976
2025-05-27 10:25:44,813 - transvg_20250526_202035 - INFO - Epoch 23, Batch 650/1696, Loss: 4.3396
2025-05-27 10:25:44,813 - transvg_20250526_202035 - INFO - Train metrics: l1_loss: 0.4760 | giou_loss: 0.9714 | center_loss: 0.0168 | total_loss: 4.3396
2025-05-27 10:26:45,608 - transvg_20250526_202035 - INFO - Epoch 23, Batch 700/1696, Loss: 4.3153
2025-05-27 10:26:45,608 - transvg_20250526_202035 - INFO - Train metrics: l1_loss: 0.4742 | giou_loss: 0.9615 | center_loss: 0.0212 | total_loss: 4.3153
2025-05-27 10:27:46,429 - transvg_20250526_202035 - INFO - Epoch 23, Batch 750/1696, Loss: 3.8485
2025-05-27 10:27:46,429 - transvg_20250526_202035 - INFO - Train metrics: l1_loss: 0.4063 | giou_loss: 0.9018 | center_loss: 0.0132 | total_loss: 3.8485
2025-05-27 10:28:47,208 - transvg_20250526_202035 - INFO - Epoch 23, Batch 800/1696, Loss: 4.5660
2025-05-27 10:28:47,208 - transvg_20250526_202035 - INFO - Train metrics: l1_loss: 0.4798 | giou_loss: 1.0733 | center_loss: 0.0203 | total_loss: 4.5660
2025-05-27 10:29:47,969 - transvg_20250526_202035 - INFO - Epoch 23, Batch 850/1696, Loss: 3.4330
2025-05-27 10:29:47,969 - transvg_20250526_202035 - INFO - Train metrics: l1_loss: 0.3515 | giou_loss: 0.8322 | center_loss: 0.0109 | total_loss: 3.4330
2025-05-27 10:30:48,687 - transvg_20250526_202035 - INFO - Epoch 23, Batch 900/1696, Loss: 3.3141
2025-05-27 10:30:48,688 - transvg_20250526_202035 - INFO - Train metrics: l1_loss: 0.3107 | giou_loss: 0.8774 | center_loss: 0.0056 | total_loss: 3.3141
2025-05-27 10:31:49,415 - transvg_20250526_202035 - INFO - Epoch 23, Batch 950/1696, Loss: 4.5006
2025-05-27 10:31:49,415 - transvg_20250526_202035 - INFO - Train metrics: l1_loss: 0.5067 | giou_loss: 0.9733 | center_loss: 0.0205 | total_loss: 4.5006
2025-05-27 10:32:50,167 - transvg_20250526_202035 - INFO - Epoch 23, Batch 1000/1696, Loss: 3.8121
2025-05-27 10:32:50,168 - transvg_20250526_202035 - INFO - Train metrics: l1_loss: 0.3880 | giou_loss: 0.9294 | center_loss: 0.0130 | total_loss: 3.8121
2025-05-27 10:33:50,919 - transvg_20250526_202035 - INFO - Epoch 23, Batch 1050/1696, Loss: 4.1409
2025-05-27 10:33:50,920 - transvg_20250526_202035 - INFO - Train metrics: l1_loss: 0.4437 | giou_loss: 0.9495 | center_loss: 0.0233 | total_loss: 4.1409
2025-05-27 10:34:51,727 - transvg_20250526_202035 - INFO - Epoch 23, Batch 1100/1696, Loss: 4.8178
2025-05-27 10:34:51,728 - transvg_20250526_202035 - INFO - Train metrics: l1_loss: 0.5759 | giou_loss: 0.9537 | center_loss: 0.0310 | total_loss: 4.8178
2025-05-27 10:35:52,450 - transvg_20250526_202035 - INFO - Epoch 23, Batch 1150/1696, Loss: 4.5171
2025-05-27 10:35:52,450 - transvg_20250526_202035 - INFO - Train metrics: l1_loss: 0.4808 | giou_loss: 1.0497 | center_loss: 0.0139 | total_loss: 4.5171
2025-05-27 10:36:53,246 - transvg_20250526_202035 - INFO - Epoch 23, Batch 1200/1696, Loss: 4.2120
2025-05-27 10:36:53,246 - transvg_20250526_202035 - INFO - Train metrics: l1_loss: 0.4319 | giou_loss: 1.0196 | center_loss: 0.0136 | total_loss: 4.2120
2025-05-27 10:37:54,004 - transvg_20250526_202035 - INFO - Epoch 23, Batch 1250/1696, Loss: 3.7200
2025-05-27 10:37:54,004 - transvg_20250526_202035 - INFO - Train metrics: l1_loss: 0.3694 | giou_loss: 0.9313 | center_loss: 0.0102 | total_loss: 3.7200
2025-05-27 10:38:54,753 - transvg_20250526_202035 - INFO - Epoch 23, Batch 1300/1696, Loss: 3.8203
2025-05-27 10:38:54,753 - transvg_20250526_202035 - INFO - Train metrics: l1_loss: 0.3863 | giou_loss: 0.9388 | center_loss: 0.0111 | total_loss: 3.8203
2025-05-27 10:39:55,480 - transvg_20250526_202035 - INFO - Epoch 23, Batch 1350/1696, Loss: 4.1613
2025-05-27 10:39:55,481 - transvg_20250526_202035 - INFO - Train metrics: l1_loss: 0.4225 | giou_loss: 1.0171 | center_loss: 0.0146 | total_loss: 4.1613
2025-05-27 10:40:56,255 - transvg_20250526_202035 - INFO - Epoch 23, Batch 1400/1696, Loss: 3.6800
2025-05-27 10:40:56,255 - transvg_20250526_202035 - INFO - Train metrics: l1_loss: 0.4033 | giou_loss: 0.8273 | center_loss: 0.0089 | total_loss: 3.6800
2025-05-27 10:41:57,068 - transvg_20250526_202035 - INFO - Epoch 23, Batch 1450/1696, Loss: 3.3079
2025-05-27 10:41:57,068 - transvg_20250526_202035 - INFO - Train metrics: l1_loss: 0.3099 | giou_loss: 0.8754 | center_loss: 0.0075 | total_loss: 3.3079
2025-05-27 10:42:57,874 - transvg_20250526_202035 - INFO - Epoch 23, Batch 1500/1696, Loss: 4.2729
2025-05-27 10:42:57,874 - transvg_20250526_202035 - INFO - Train metrics: l1_loss: 0.4285 | giou_loss: 1.0544 | center_loss: 0.0217 | total_loss: 4.2729
2025-05-27 10:43:58,690 - transvg_20250526_202035 - INFO - Epoch 23, Batch 1550/1696, Loss: 4.3542
2025-05-27 10:43:58,691 - transvg_20250526_202035 - INFO - Train metrics: l1_loss: 0.4943 | giou_loss: 0.9298 | center_loss: 0.0229 | total_loss: 4.3542
2025-05-27 10:44:59,457 - transvg_20250526_202035 - INFO - Epoch 23, Batch 1600/1696, Loss: 4.1182
2025-05-27 10:44:59,458 - transvg_20250526_202035 - INFO - Train metrics: l1_loss: 0.4434 | giou_loss: 0.9435 | center_loss: 0.0145 | total_loss: 4.1182
2025-05-27 10:46:00,257 - transvg_20250526_202035 - INFO - Epoch 23, Batch 1650/1696, Loss: 3.5934
2025-05-27 10:46:00,257 - transvg_20250526_202035 - INFO - Train metrics: l1_loss: 0.3874 | giou_loss: 0.8213 | center_loss: 0.0135 | total_loss: 3.5934
2025-05-27 10:46:54,836 - transvg_20250526_202035 - INFO - Train Epoch 23, Loss: 3.9369
2025-05-27 10:48:36,988 - transvg_20250526_202035 - INFO - Pred box sample: [111.671875, 97.55550384521484, 278.4102783203125, 244.8577423095703]
2025-05-27 10:48:36,988 - transvg_20250526_202035 - INFO - Target box sample: [207.0, 198.0, 287.0, 283.0]
2025-05-27 10:48:37,065 - transvg_20250526_202035 - INFO - Validation Epoch 23, Loss: 4.5663
2025-05-27 10:48:37,065 - transvg_20250526_202035 - INFO - Val metrics: Acc@0.25: 0.3216 | Acc@0.5: 0.1206 | Acc@0.75: 0.0130 | mIoU: 0.1837 | medianIoU: 0.0812 | mae_x1: 101.8198 | mae_y1: 96.5812 | mae_x2: 103.4455 | mae_y2: 98.4887 | center_x_error: 88.1646 | center_y_error: 82.9975 | width_error: 2.3026 | height_error: 2.1299 | loss: 4.5663
2025-05-27 10:48:37,972 - transvg_20250526_202035 - INFO - Saved model checkpoint to /home/pokle/Trans-VG/visual_grounding/checkpoints/transvg_20250526_202035_epoch23.pth
2025-05-27 10:48:37,972 - transvg_20250526_202035 - INFO - Epoch 24/200
2025-05-27 10:48:40,524 - transvg_20250526_202035 - INFO - Epoch 24, Batch 0/1696, Loss: 4.3800
2025-05-27 10:48:40,525 - transvg_20250526_202035 - INFO - Train metrics: l1_loss: 0.4982 | giou_loss: 0.9303 | center_loss: 0.0285 | total_loss: 4.3800
2025-05-27 10:49:41,312 - transvg_20250526_202035 - INFO - Epoch 24, Batch 50/1696, Loss: 4.2523
2025-05-27 10:49:41,313 - transvg_20250526_202035 - INFO - Train metrics: l1_loss: 0.4549 | giou_loss: 0.9778 | center_loss: 0.0225 | total_loss: 4.2523
2025-05-27 10:50:42,089 - transvg_20250526_202035 - INFO - Epoch 24, Batch 100/1696, Loss: 3.5401
2025-05-27 10:50:42,089 - transvg_20250526_202035 - INFO - Train metrics: l1_loss: 0.3541 | giou_loss: 0.8797 | center_loss: 0.0103 | total_loss: 3.5401
2025-05-27 10:51:42,825 - transvg_20250526_202035 - INFO - Epoch 24, Batch 150/1696, Loss: 3.5377
2025-05-27 10:51:42,826 - transvg_20250526_202035 - INFO - Train metrics: l1_loss: 0.3919 | giou_loss: 0.7816 | center_loss: 0.0151 | total_loss: 3.5377
2025-05-27 10:52:43,538 - transvg_20250526_202035 - INFO - Epoch 24, Batch 200/1696, Loss: 3.8753
2025-05-27 10:52:43,539 - transvg_20250526_202035 - INFO - Train metrics: l1_loss: 0.3747 | giou_loss: 0.9953 | center_loss: 0.0113 | total_loss: 3.8753
2025-05-27 10:53:44,260 - transvg_20250526_202035 - INFO - Epoch 24, Batch 250/1696, Loss: 3.7908
2025-05-27 10:53:44,261 - transvg_20250526_202035 - INFO - Train metrics: l1_loss: 0.3952 | giou_loss: 0.9021 | center_loss: 0.0105 | total_loss: 3.7908
2025-05-27 10:54:45,019 - transvg_20250526_202035 - INFO - Epoch 24, Batch 300/1696, Loss: 3.7802
2025-05-27 10:54:45,020 - transvg_20250526_202035 - INFO - Train metrics: l1_loss: 0.3869 | giou_loss: 0.9182 | center_loss: 0.0092 | total_loss: 3.7802
2025-05-27 10:55:45,819 - transvg_20250526_202035 - INFO - Epoch 24, Batch 350/1696, Loss: 4.1040
2025-05-27 10:55:45,819 - transvg_20250526_202035 - INFO - Train metrics: l1_loss: 0.4538 | giou_loss: 0.9083 | center_loss: 0.0182 | total_loss: 4.1040
2025-05-27 10:56:46,634 - transvg_20250526_202035 - INFO - Epoch 24, Batch 400/1696, Loss: 4.2889
2025-05-27 10:56:46,635 - transvg_20250526_202035 - INFO - Train metrics: l1_loss: 0.4416 | giou_loss: 1.0325 | center_loss: 0.0162 | total_loss: 4.2889
2025-05-27 10:57:47,494 - transvg_20250526_202035 - INFO - Epoch 24, Batch 450/1696, Loss: 4.0279
2025-05-27 10:57:47,494 - transvg_20250526_202035 - INFO - Train metrics: l1_loss: 0.4345 | giou_loss: 0.9197 | center_loss: 0.0160 | total_loss: 4.0279
2025-05-27 10:58:48,352 - transvg_20250526_202035 - INFO - Epoch 24, Batch 500/1696, Loss: 4.6121
2025-05-27 10:58:48,352 - transvg_20250526_202035 - INFO - Train metrics: l1_loss: 0.4900 | giou_loss: 1.0741 | center_loss: 0.0138 | total_loss: 4.6121
2025-05-27 10:59:49,290 - transvg_20250526_202035 - INFO - Epoch 24, Batch 550/1696, Loss: 3.6123
2025-05-27 10:59:49,290 - transvg_20250526_202035 - INFO - Train metrics: l1_loss: 0.3652 | giou_loss: 0.8891 | center_loss: 0.0082 | total_loss: 3.6123
2025-05-27 11:00:50,172 - transvg_20250526_202035 - INFO - Epoch 24, Batch 600/1696, Loss: 3.5868
2025-05-27 11:00:50,172 - transvg_20250526_202035 - INFO - Train metrics: l1_loss: 0.3674 | giou_loss: 0.8699 | center_loss: 0.0101 | total_loss: 3.5868
2025-05-27 11:01:51,133 - transvg_20250526_202035 - INFO - Epoch 24, Batch 650/1696, Loss: 3.1170
2025-05-27 11:01:51,133 - transvg_20250526_202035 - INFO - Train metrics: l1_loss: 0.3185 | giou_loss: 0.7583 | center_loss: 0.0081 | total_loss: 3.1170
2025-05-27 11:02:52,072 - transvg_20250526_202035 - INFO - Epoch 24, Batch 700/1696, Loss: 3.9926
2025-05-27 11:02:52,072 - transvg_20250526_202035 - INFO - Train metrics: l1_loss: 0.4131 | giou_loss: 0.9590 | center_loss: 0.0091 | total_loss: 3.9926
2025-05-27 11:03:53,012 - transvg_20250526_202035 - INFO - Epoch 24, Batch 750/1696, Loss: 3.8362
2025-05-27 11:03:53,012 - transvg_20250526_202035 - INFO - Train metrics: l1_loss: 0.3735 | giou_loss: 0.9792 | center_loss: 0.0105 | total_loss: 3.8362
2025-05-27 11:04:53,943 - transvg_20250526_202035 - INFO - Epoch 24, Batch 800/1696, Loss: 2.8083
2025-05-27 11:04:53,943 - transvg_20250526_202035 - INFO - Train metrics: l1_loss: 0.2649 | giou_loss: 0.7396 | center_loss: 0.0044 | total_loss: 2.8083
2025-05-27 11:05:54,914 - transvg_20250526_202035 - INFO - Epoch 24, Batch 850/1696, Loss: 4.9036
2025-05-27 11:05:54,914 - transvg_20250526_202035 - INFO - Train metrics: l1_loss: 0.5485 | giou_loss: 1.0662 | center_loss: 0.0288 | total_loss: 4.9036
2025-05-27 11:06:55,897 - transvg_20250526_202035 - INFO - Epoch 24, Batch 900/1696, Loss: 3.3094
2025-05-27 11:06:55,897 - transvg_20250526_202035 - INFO - Train metrics: l1_loss: 0.3281 | giou_loss: 0.8305 | center_loss: 0.0077 | total_loss: 3.3094
2025-05-27 11:07:56,849 - transvg_20250526_202035 - INFO - Epoch 24, Batch 950/1696, Loss: 3.9688
2025-05-27 11:07:56,849 - transvg_20250526_202035 - INFO - Train metrics: l1_loss: 0.3880 | giou_loss: 1.0090 | center_loss: 0.0109 | total_loss: 3.9688
2025-05-27 11:08:57,834 - transvg_20250526_202035 - INFO - Epoch 24, Batch 1000/1696, Loss: 4.0364
2025-05-27 11:08:57,834 - transvg_20250526_202035 - INFO - Train metrics: l1_loss: 0.4307 | giou_loss: 0.9359 | center_loss: 0.0112 | total_loss: 4.0364
2025-05-27 11:09:58,777 - transvg_20250526_202035 - INFO - Epoch 24, Batch 1050/1696, Loss: 3.8606
2025-05-27 11:09:58,777 - transvg_20250526_202035 - INFO - Train metrics: l1_loss: 0.4230 | giou_loss: 0.8638 | center_loss: 0.0180 | total_loss: 3.8606
2025-05-27 11:10:59,754 - transvg_20250526_202035 - INFO - Epoch 24, Batch 1100/1696, Loss: 2.9684
2025-05-27 11:10:59,755 - transvg_20250526_202035 - INFO - Train metrics: l1_loss: 0.3205 | giou_loss: 0.6764 | center_loss: 0.0132 | total_loss: 2.9684
2025-05-27 11:12:00,732 - transvg_20250526_202035 - INFO - Epoch 24, Batch 1150/1696, Loss: 4.3993
2025-05-27 11:12:00,732 - transvg_20250526_202035 - INFO - Train metrics: l1_loss: 0.4658 | giou_loss: 1.0268 | center_loss: 0.0166 | total_loss: 4.3993
2025-05-27 11:13:01,718 - transvg_20250526_202035 - INFO - Epoch 24, Batch 1200/1696, Loss: 3.5938
2025-05-27 11:13:01,718 - transvg_20250526_202035 - INFO - Train metrics: l1_loss: 0.3544 | giou_loss: 0.9062 | center_loss: 0.0096 | total_loss: 3.5938
2025-05-27 11:14:02,701 - transvg_20250526_202035 - INFO - Epoch 24, Batch 1250/1696, Loss: 3.7486
2025-05-27 11:14:02,701 - transvg_20250526_202035 - INFO - Train metrics: l1_loss: 0.3995 | giou_loss: 0.8684 | center_loss: 0.0144 | total_loss: 3.7486
2025-05-27 11:15:03,671 - transvg_20250526_202035 - INFO - Epoch 24, Batch 1300/1696, Loss: 4.5050
2025-05-27 11:15:03,671 - transvg_20250526_202035 - INFO - Train metrics: l1_loss: 0.5120 | giou_loss: 0.9646 | center_loss: 0.0160 | total_loss: 4.5050
2025-05-27 11:16:04,600 - transvg_20250526_202035 - INFO - Epoch 24, Batch 1350/1696, Loss: 3.6783
2025-05-27 11:16:04,600 - transvg_20250526_202035 - INFO - Train metrics: l1_loss: 0.3967 | giou_loss: 0.8403 | center_loss: 0.0142 | total_loss: 3.6783
2025-05-27 11:17:05,532 - transvg_20250526_202035 - INFO - Epoch 24, Batch 1400/1696, Loss: 3.5240
2025-05-27 11:17:05,533 - transvg_20250526_202035 - INFO - Train metrics: l1_loss: 0.3830 | giou_loss: 0.7969 | center_loss: 0.0149 | total_loss: 3.5240
2025-05-27 11:18:06,480 - transvg_20250526_202035 - INFO - Epoch 24, Batch 1450/1696, Loss: 3.0547
2025-05-27 11:18:06,480 - transvg_20250526_202035 - INFO - Train metrics: l1_loss: 0.3254 | giou_loss: 0.7110 | center_loss: 0.0056 | total_loss: 3.0547
2025-05-27 11:19:07,439 - transvg_20250526_202035 - INFO - Epoch 24, Batch 1500/1696, Loss: 4.4230
2025-05-27 11:19:07,439 - transvg_20250526_202035 - INFO - Train metrics: l1_loss: 0.5004 | giou_loss: 0.9459 | center_loss: 0.0293 | total_loss: 4.4230
2025-05-27 11:20:08,357 - transvg_20250526_202035 - INFO - Epoch 24, Batch 1550/1696, Loss: 4.0674
2025-05-27 11:20:08,357 - transvg_20250526_202035 - INFO - Train metrics: l1_loss: 0.3983 | giou_loss: 1.0340 | center_loss: 0.0082 | total_loss: 4.0674
2025-05-27 11:21:09,294 - transvg_20250526_202035 - INFO - Epoch 24, Batch 1600/1696, Loss: 3.9000
2025-05-27 11:21:09,294 - transvg_20250526_202035 - INFO - Train metrics: l1_loss: 0.4039 | giou_loss: 0.9350 | center_loss: 0.0103 | total_loss: 3.9000
2025-05-27 11:22:10,216 - transvg_20250526_202035 - INFO - Epoch 24, Batch 1650/1696, Loss: 3.9172
2025-05-27 11:22:10,216 - transvg_20250526_202035 - INFO - Train metrics: l1_loss: 0.4006 | giou_loss: 0.9517 | center_loss: 0.0108 | total_loss: 3.9172
2025-05-27 11:23:04,907 - transvg_20250526_202035 - INFO - Train Epoch 24, Loss: 3.9126
2025-05-27 11:24:47,074 - transvg_20250526_202035 - INFO - Pred box sample: [77.74359893798828, 86.75303649902344, 252.9120635986328, 252.9766845703125]
2025-05-27 11:24:47,075 - transvg_20250526_202035 - INFO - Target box sample: [207.0, 198.0, 287.0, 283.0]
2025-05-27 11:24:47,157 - transvg_20250526_202035 - INFO - Validation Epoch 24, Loss: 4.5943
2025-05-27 11:24:47,157 - transvg_20250526_202035 - INFO - Val metrics: Acc@0.25: 0.3139 | Acc@0.5: 0.1158 | Acc@0.75: 0.0162 | mIoU: 0.1823 | medianIoU: 0.0818 | mae_x1: 102.7218 | mae_y1: 99.1159 | mae_x2: 103.4104 | mae_y2: 98.8205 | center_x_error: 89.0348 | center_y_error: 83.8156 | width_error: 2.2871 | height_error: 2.2076 | loss: 4.5943
2025-05-27 11:24:48,051 - transvg_20250526_202035 - INFO - Saved model checkpoint to /home/pokle/Trans-VG/visual_grounding/checkpoints/transvg_20250526_202035_epoch24.pth
2025-05-27 11:24:48,052 - transvg_20250526_202035 - INFO - Epoch 25/200
2025-05-27 11:24:50,682 - transvg_20250526_202035 - INFO - Epoch 25, Batch 0/1696, Loss: 4.6068
2025-05-27 11:24:50,682 - transvg_20250526_202035 - INFO - Train metrics: l1_loss: 0.4944 | giou_loss: 1.0549 | center_loss: 0.0250 | total_loss: 4.6068
2025-05-27 11:25:51,592 - transvg_20250526_202035 - INFO - Epoch 25, Batch 50/1696, Loss: 3.5744
2025-05-27 11:25:51,592 - transvg_20250526_202035 - INFO - Train metrics: l1_loss: 0.3458 | giou_loss: 0.9180 | center_loss: 0.0095 | total_loss: 3.5744
2025-05-27 11:26:52,443 - transvg_20250526_202035 - INFO - Epoch 25, Batch 100/1696, Loss: 4.5320
2025-05-27 11:26:52,444 - transvg_20250526_202035 - INFO - Train metrics: l1_loss: 0.5071 | giou_loss: 0.9878 | center_loss: 0.0208 | total_loss: 4.5320
2025-05-27 11:27:53,321 - transvg_20250526_202035 - INFO - Epoch 25, Batch 150/1696, Loss: 4.1113
2025-05-27 11:27:53,321 - transvg_20250526_202035 - INFO - Train metrics: l1_loss: 0.4283 | giou_loss: 0.9772 | center_loss: 0.0153 | total_loss: 4.1113
2025-05-27 11:28:54,224 - transvg_20250526_202035 - INFO - Epoch 25, Batch 200/1696, Loss: 4.0718
2025-05-27 11:28:54,224 - transvg_20250526_202035 - INFO - Train metrics: l1_loss: 0.4234 | giou_loss: 0.9696 | center_loss: 0.0156 | total_loss: 4.0718
2025-05-27 11:29:55,106 - transvg_20250526_202035 - INFO - Epoch 25, Batch 250/1696, Loss: 3.7698
2025-05-27 11:29:55,106 - transvg_20250526_202035 - INFO - Train metrics: l1_loss: 0.4110 | giou_loss: 0.8517 | center_loss: 0.0113 | total_loss: 3.7698
2025-05-27 11:30:55,997 - transvg_20250526_202035 - INFO - Epoch 25, Batch 300/1696, Loss: 3.7576
2025-05-27 11:30:55,997 - transvg_20250526_202035 - INFO - Train metrics: l1_loss: 0.3601 | giou_loss: 0.9752 | center_loss: 0.0067 | total_loss: 3.7576
2025-05-27 11:31:56,872 - transvg_20250526_202035 - INFO - Epoch 25, Batch 350/1696, Loss: 3.3706
2025-05-27 11:31:56,873 - transvg_20250526_202035 - INFO - Train metrics: l1_loss: 0.3425 | giou_loss: 0.8249 | center_loss: 0.0079 | total_loss: 3.3706
2025-05-27 11:32:57,752 - transvg_20250526_202035 - INFO - Epoch 25, Batch 400/1696, Loss: 3.6909
2025-05-27 11:32:57,753 - transvg_20250526_202035 - INFO - Train metrics: l1_loss: 0.3682 | giou_loss: 0.9189 | center_loss: 0.0119 | total_loss: 3.6909
2025-05-27 11:33:58,622 - transvg_20250526_202035 - INFO - Epoch 25, Batch 450/1696, Loss: 3.6495
2025-05-27 11:33:58,623 - transvg_20250526_202035 - INFO - Train metrics: l1_loss: 0.3634 | giou_loss: 0.9120 | center_loss: 0.0086 | total_loss: 3.6495
2025-05-27 11:34:59,552 - transvg_20250526_202035 - INFO - Epoch 25, Batch 500/1696, Loss: 3.4913
2025-05-27 11:34:59,552 - transvg_20250526_202035 - INFO - Train metrics: l1_loss: 0.3497 | giou_loss: 0.8675 | center_loss: 0.0076 | total_loss: 3.4913
2025-05-27 11:36:00,464 - transvg_20250526_202035 - INFO - Epoch 25, Batch 550/1696, Loss: 3.7332
2025-05-27 11:36:00,464 - transvg_20250526_202035 - INFO - Train metrics: l1_loss: 0.3776 | giou_loss: 0.9190 | center_loss: 0.0072 | total_loss: 3.7332
2025-05-27 11:37:01,365 - transvg_20250526_202035 - INFO - Epoch 25, Batch 600/1696, Loss: 3.5869
2025-05-27 11:37:01,365 - transvg_20250526_202035 - INFO - Train metrics: l1_loss: 0.3628 | giou_loss: 0.8804 | center_loss: 0.0123 | total_loss: 3.5869
2025-05-27 11:38:02,296 - transvg_20250526_202035 - INFO - Epoch 25, Batch 650/1696, Loss: 3.1355
2025-05-27 11:38:02,297 - transvg_20250526_202035 - INFO - Train metrics: l1_loss: 0.2920 | giou_loss: 0.8350 | center_loss: 0.0055 | total_loss: 3.1355
2025-05-27 11:39:03,230 - transvg_20250526_202035 - INFO - Epoch 25, Batch 700/1696, Loss: 3.8945
2025-05-27 11:39:03,230 - transvg_20250526_202035 - INFO - Train metrics: l1_loss: 0.4010 | giou_loss: 0.9364 | center_loss: 0.0165 | total_loss: 3.8945
2025-05-27 11:40:04,160 - transvg_20250526_202035 - INFO - Epoch 25, Batch 750/1696, Loss: 3.7113
2025-05-27 11:40:04,160 - transvg_20250526_202035 - INFO - Train metrics: l1_loss: 0.3858 | giou_loss: 0.8842 | center_loss: 0.0142 | total_loss: 3.7113
2025-05-27 11:41:05,093 - transvg_20250526_202035 - INFO - Epoch 25, Batch 800/1696, Loss: 4.1955
2025-05-27 11:41:05,093 - transvg_20250526_202035 - INFO - Train metrics: l1_loss: 0.4611 | giou_loss: 0.9334 | center_loss: 0.0233 | total_loss: 4.1955
2025-05-27 11:42:05,994 - transvg_20250526_202035 - INFO - Epoch 25, Batch 850/1696, Loss: 4.0015
2025-05-27 11:42:05,995 - transvg_20250526_202035 - INFO - Train metrics: l1_loss: 0.4250 | giou_loss: 0.9304 | center_loss: 0.0155 | total_loss: 4.0015
2025-05-27 11:43:06,896 - transvg_20250526_202035 - INFO - Epoch 25, Batch 900/1696, Loss: 4.2284
2025-05-27 11:43:06,896 - transvg_20250526_202035 - INFO - Train metrics: l1_loss: 0.4417 | giou_loss: 1.0018 | center_loss: 0.0162 | total_loss: 4.2284
2025-05-27 11:44:07,774 - transvg_20250526_202035 - INFO - Epoch 25, Batch 950/1696, Loss: 3.6517
2025-05-27 11:44:07,774 - transvg_20250526_202035 - INFO - Train metrics: l1_loss: 0.3713 | giou_loss: 0.8928 | center_loss: 0.0095 | total_loss: 3.6517
2025-05-27 11:45:08,679 - transvg_20250526_202035 - INFO - Epoch 25, Batch 1000/1696, Loss: 3.5504
2025-05-27 11:45:08,679 - transvg_20250526_202035 - INFO - Train metrics: l1_loss: 0.3724 | giou_loss: 0.8393 | center_loss: 0.0096 | total_loss: 3.5504
2025-05-27 11:46:09,659 - transvg_20250526_202035 - INFO - Epoch 25, Batch 1050/1696, Loss: 5.4973
2025-05-27 11:46:09,660 - transvg_20250526_202035 - INFO - Train metrics: l1_loss: 0.6608 | giou_loss: 1.0776 | center_loss: 0.0381 | total_loss: 5.4973
2025-05-27 11:47:10,632 - transvg_20250526_202035 - INFO - Epoch 25, Batch 1100/1696, Loss: 3.7462
2025-05-27 11:47:10,632 - transvg_20250526_202035 - INFO - Train metrics: l1_loss: 0.3532 | giou_loss: 0.9858 | center_loss: 0.0087 | total_loss: 3.7462
2025-05-27 11:48:11,616 - transvg_20250526_202035 - INFO - Epoch 25, Batch 1150/1696, Loss: 3.1202
2025-05-27 11:48:11,617 - transvg_20250526_202035 - INFO - Train metrics: l1_loss: 0.3063 | giou_loss: 0.7918 | center_loss: 0.0051 | total_loss: 3.1202
2025-05-27 11:49:12,576 - transvg_20250526_202035 - INFO - Epoch 25, Batch 1200/1696, Loss: 4.0581
2025-05-27 11:49:12,576 - transvg_20250526_202035 - INFO - Train metrics: l1_loss: 0.4359 | giou_loss: 0.9314 | center_loss: 0.0161 | total_loss: 4.0581
2025-05-27 11:50:13,563 - transvg_20250526_202035 - INFO - Epoch 25, Batch 1250/1696, Loss: 3.6532
2025-05-27 11:50:13,563 - transvg_20250526_202035 - INFO - Train metrics: l1_loss: 0.3728 | giou_loss: 0.8909 | center_loss: 0.0074 | total_loss: 3.6532
2025-05-27 11:51:14,536 - transvg_20250526_202035 - INFO - Epoch 25, Batch 1300/1696, Loss: 3.3775
2025-05-27 11:51:14,537 - transvg_20250526_202035 - INFO - Train metrics: l1_loss: 0.3581 | giou_loss: 0.7890 | center_loss: 0.0090 | total_loss: 3.3775
2025-05-27 11:52:15,505 - transvg_20250526_202035 - INFO - Epoch 25, Batch 1350/1696, Loss: 3.5245
2025-05-27 11:52:15,505 - transvg_20250526_202035 - INFO - Train metrics: l1_loss: 0.3797 | giou_loss: 0.8104 | center_loss: 0.0049 | total_loss: 3.5245
