2025-05-21 15:13:22,191 - transvg_dino_vit_20250521_151301 - INFO - Initialized logger: transvg_dino_vit_20250521_151301
2025-05-21 15:13:22,191 - transvg_dino_vit_20250521_151301 - INFO - Configuration: {
  "data_root": "/home/pokle/Trans-VG/visual_grounding/dior-rsvg",
  "image_size": 384,
  "max_text_len": 40,
  "hidden_dim": 256,
  "bert_model": "bert-base-uncased",
  "dropout": 0.1,
  "num_heads": 8,
  "num_encoder_layers": 6,
  "cross_layers": 6,
  "dim_feedforward": 2048,
  "mlp_hidden_dim": 256,
  "vision_backbone": "dino_vit",
  "pretrained": true,
  "freeze_backbone": true,
  "partial_freeze_vision": true,
  "freeze_linguistic": false,
  "partial_freeze_linguistic": true,
  "batch_size": 16,
  "num_workers": 4,
  "learning_rate": 0.0001,
  "weight_decay": 0.0001,
  "num_epochs": 100,
  "lr": 5e-05,
  "lr_bert": 2e-05,
  "lr_drop": 70,
  "gradient_clip_val": 1.0,
  "output_dir": "output/dino_vit",
  "epochs": 200
}
2025-05-21 15:13:22,252 - transvg_dino_vit_20250521_151301 - INFO - Using device: cuda:0
2025-05-21 15:13:22,252 - transvg_dino_vit_20250521_151301 - INFO - Using DINO ViT backbone | Visual backbone freeze: True, Linguistic backbone freeze: False (vision: partially)
2025-05-21 15:13:22,252 - transvg_dino_vit_20250521_151301 - INFO - Building data loaders...
2025-05-21 15:13:23,697 - transvg_dino_vit_20250521_151301 - INFO - Train dataset size: 27133
2025-05-21 15:13:23,698 - transvg_dino_vit_20250521_151301 - INFO - Val dataset size: 3765
2025-05-21 15:13:23,698 - transvg_dino_vit_20250521_151301 - INFO - Test dataset size: 7422
2025-05-21 15:13:23,698 - transvg_dino_vit_20250521_151301 - INFO - Building model...
2025-05-21 15:13:29,430 - transvg_dino_vit_20250521_151301 - WARNING - Checkpoint not found: /home/pokle/Trans-VG/visual_grounding/checkpoints/transvg_dino_vit_20250520_174900_epoch6.pth
2025-05-21 15:13:29,430 - transvg_dino_vit_20250521_151301 - INFO - Starting training...
2025-05-21 15:13:29,430 - transvg_dino_vit_20250521_151301 - INFO - Epoch 0/200
2025-05-21 15:13:39,478 - transvg_dino_vit_20250521_151301 - INFO - Epoch 0, Batch 0/1696, Loss: 7.6771
2025-05-21 15:13:39,478 - transvg_dino_vit_20250521_151301 - INFO - Train metrics: l1_loss: 1.0228 | giou_loss: 1.2816 | total_loss: 7.6771
2025-05-21 15:14:41,908 - transvg_dino_vit_20250521_151301 - INFO - Epoch 0, Batch 50/1696, Loss: 7.0355
2025-05-21 15:14:41,909 - transvg_dino_vit_20250521_151301 - INFO - Train metrics: l1_loss: 0.9786 | giou_loss: 1.0713 | total_loss: 7.0355
2025-05-21 15:15:48,478 - transvg_dino_vit_20250521_151301 - INFO - Epoch 0, Batch 100/1696, Loss: 6.1396
2025-05-21 15:15:48,478 - transvg_dino_vit_20250521_151301 - INFO - Train metrics: l1_loss: 0.7326 | giou_loss: 1.2383 | total_loss: 6.1396
2025-05-21 15:16:55,260 - transvg_dino_vit_20250521_151301 - INFO - Epoch 0, Batch 150/1696, Loss: 5.2847
2025-05-21 15:16:55,260 - transvg_dino_vit_20250521_151301 - INFO - Train metrics: l1_loss: 0.6250 | giou_loss: 1.0798 | total_loss: 5.2847
2025-05-21 15:18:02,322 - transvg_dino_vit_20250521_151301 - INFO - Epoch 0, Batch 200/1696, Loss: 5.8244
2025-05-21 15:18:02,322 - transvg_dino_vit_20250521_151301 - INFO - Train metrics: l1_loss: 0.6820 | giou_loss: 1.2073 | total_loss: 5.8244
2025-05-21 15:19:09,224 - transvg_dino_vit_20250521_151301 - INFO - Epoch 0, Batch 250/1696, Loss: 6.1239
2025-05-21 15:19:09,225 - transvg_dino_vit_20250521_151301 - INFO - Train metrics: l1_loss: 0.7151 | giou_loss: 1.2742 | total_loss: 6.1239
2025-05-21 15:20:16,269 - transvg_dino_vit_20250521_151301 - INFO - Epoch 0, Batch 300/1696, Loss: 4.5445
2025-05-21 15:20:16,269 - transvg_dino_vit_20250521_151301 - INFO - Train metrics: l1_loss: 0.5096 | giou_loss: 0.9984 | total_loss: 4.5445
2025-05-21 15:21:22,902 - transvg_dino_vit_20250521_151301 - INFO - Epoch 0, Batch 350/1696, Loss: 5.8770
2025-05-21 15:21:22,902 - transvg_dino_vit_20250521_151301 - INFO - Train metrics: l1_loss: 0.6890 | giou_loss: 1.2161 | total_loss: 5.8770
2025-05-21 15:22:29,678 - transvg_dino_vit_20250521_151301 - INFO - Epoch 0, Batch 400/1696, Loss: 4.3287
2025-05-21 15:22:29,679 - transvg_dino_vit_20250521_151301 - INFO - Train metrics: l1_loss: 0.5166 | giou_loss: 0.8727 | total_loss: 4.3287
2025-05-21 15:23:36,577 - transvg_dino_vit_20250521_151301 - INFO - Epoch 0, Batch 450/1696, Loss: 5.2673
2025-05-21 15:23:36,577 - transvg_dino_vit_20250521_151301 - INFO - Train metrics: l1_loss: 0.6220 | giou_loss: 1.0786 | total_loss: 5.2673
2025-05-21 15:24:43,727 - transvg_dino_vit_20250521_151301 - INFO - Epoch 0, Batch 500/1696, Loss: 6.1275
2025-05-21 15:24:43,727 - transvg_dino_vit_20250521_151301 - INFO - Train metrics: l1_loss: 0.7615 | giou_loss: 1.1600 | total_loss: 6.1275
2025-05-21 15:25:51,406 - transvg_dino_vit_20250521_151301 - INFO - Epoch 0, Batch 550/1696, Loss: 4.6180
2025-05-21 15:25:51,406 - transvg_dino_vit_20250521_151301 - INFO - Train metrics: l1_loss: 0.4900 | giou_loss: 1.0840 | total_loss: 4.6180
2025-05-21 15:26:59,125 - transvg_dino_vit_20250521_151301 - INFO - Epoch 0, Batch 600/1696, Loss: 4.9095
2025-05-21 15:26:59,125 - transvg_dino_vit_20250521_151301 - INFO - Train metrics: l1_loss: 0.5726 | giou_loss: 1.0233 | total_loss: 4.9095
2025-05-21 15:28:07,205 - transvg_dino_vit_20250521_151301 - INFO - Epoch 0, Batch 650/1696, Loss: 4.9450
2025-05-21 15:28:07,205 - transvg_dino_vit_20250521_151301 - INFO - Train metrics: l1_loss: 0.5681 | giou_loss: 1.0523 | total_loss: 4.9450
2025-05-21 15:29:15,186 - transvg_dino_vit_20250521_151301 - INFO - Epoch 0, Batch 700/1696, Loss: 4.7308
2025-05-21 15:29:15,187 - transvg_dino_vit_20250521_151301 - INFO - Train metrics: l1_loss: 0.5028 | giou_loss: 1.1085 | total_loss: 4.7308
2025-05-21 15:30:23,822 - transvg_dino_vit_20250521_151301 - INFO - Epoch 0, Batch 750/1696, Loss: 5.4525
2025-05-21 15:30:23,822 - transvg_dino_vit_20250521_151301 - INFO - Train metrics: l1_loss: 0.6723 | giou_loss: 1.0454 | total_loss: 5.4525
2025-05-21 15:31:32,159 - transvg_dino_vit_20250521_151301 - INFO - Epoch 0, Batch 800/1696, Loss: 4.6724
2025-05-21 15:31:32,159 - transvg_dino_vit_20250521_151301 - INFO - Train metrics: l1_loss: 0.5404 | giou_loss: 0.9851 | total_loss: 4.6724
2025-05-21 15:32:40,300 - transvg_dino_vit_20250521_151301 - INFO - Epoch 0, Batch 850/1696, Loss: 4.6207
2025-05-21 15:32:40,301 - transvg_dino_vit_20250521_151301 - INFO - Train metrics: l1_loss: 0.5218 | giou_loss: 1.0059 | total_loss: 4.6207
2025-05-21 15:33:48,501 - transvg_dino_vit_20250521_151301 - INFO - Epoch 0, Batch 900/1696, Loss: 5.5236
2025-05-21 15:33:48,501 - transvg_dino_vit_20250521_151301 - INFO - Train metrics: l1_loss: 0.6243 | giou_loss: 1.2011 | total_loss: 5.5236
2025-05-21 15:34:56,508 - transvg_dino_vit_20250521_151301 - INFO - Epoch 0, Batch 950/1696, Loss: 6.3640
2025-05-21 15:34:56,508 - transvg_dino_vit_20250521_151301 - INFO - Train metrics: l1_loss: 0.8014 | giou_loss: 1.1784 | total_loss: 6.3640
2025-05-21 15:36:04,410 - transvg_dino_vit_20250521_151301 - INFO - Epoch 0, Batch 1000/1696, Loss: 4.8746
2025-05-21 15:36:04,410 - transvg_dino_vit_20250521_151301 - INFO - Train metrics: l1_loss: 0.5681 | giou_loss: 1.0172 | total_loss: 4.8746
2025-05-21 15:37:12,800 - transvg_dino_vit_20250521_151301 - INFO - Epoch 0, Batch 1050/1696, Loss: 4.3059
2025-05-21 15:37:12,800 - transvg_dino_vit_20250521_151301 - INFO - Train metrics: l1_loss: 0.4704 | giou_loss: 0.9770 | total_loss: 4.3059
2025-05-21 15:38:21,157 - transvg_dino_vit_20250521_151301 - INFO - Epoch 0, Batch 1100/1696, Loss: 4.3559
2025-05-21 15:38:21,157 - transvg_dino_vit_20250521_151301 - INFO - Train metrics: l1_loss: 0.4854 | giou_loss: 0.9645 | total_loss: 4.3559
2025-05-21 15:39:28,983 - transvg_dino_vit_20250521_151301 - INFO - Epoch 0, Batch 1150/1696, Loss: 5.1885
2025-05-21 15:39:28,983 - transvg_dino_vit_20250521_151301 - INFO - Train metrics: l1_loss: 0.6198 | giou_loss: 1.0447 | total_loss: 5.1885
2025-05-21 15:40:37,490 - transvg_dino_vit_20250521_151301 - INFO - Epoch 0, Batch 1200/1696, Loss: 4.6891
2025-05-21 15:40:37,490 - transvg_dino_vit_20250521_151301 - INFO - Train metrics: l1_loss: 0.5470 | giou_loss: 0.9771 | total_loss: 4.6891
2025-05-21 15:41:45,864 - transvg_dino_vit_20250521_151301 - INFO - Epoch 0, Batch 1250/1696, Loss: 4.3660
2025-05-21 15:41:45,865 - transvg_dino_vit_20250521_151301 - INFO - Train metrics: l1_loss: 0.4983 | giou_loss: 0.9373 | total_loss: 4.3660
2025-05-21 15:42:54,448 - transvg_dino_vit_20250521_151301 - INFO - Epoch 0, Batch 1300/1696, Loss: 5.1380
2025-05-21 15:42:54,448 - transvg_dino_vit_20250521_151301 - INFO - Train metrics: l1_loss: 0.6204 | giou_loss: 1.0180 | total_loss: 5.1380
2025-05-21 15:44:02,893 - transvg_dino_vit_20250521_151301 - INFO - Epoch 0, Batch 1350/1696, Loss: 4.7317
2025-05-21 15:44:02,893 - transvg_dino_vit_20250521_151301 - INFO - Train metrics: l1_loss: 0.5284 | giou_loss: 1.0448 | total_loss: 4.7317
2025-05-21 15:45:11,022 - transvg_dino_vit_20250521_151301 - INFO - Epoch 0, Batch 1400/1696, Loss: 4.8758
2025-05-21 15:45:11,022 - transvg_dino_vit_20250521_151301 - INFO - Train metrics: l1_loss: 0.5396 | giou_loss: 1.0890 | total_loss: 4.8758
2025-05-21 15:46:19,500 - transvg_dino_vit_20250521_151301 - INFO - Epoch 0, Batch 1450/1696, Loss: 4.1210
2025-05-21 15:46:19,500 - transvg_dino_vit_20250521_151301 - INFO - Train metrics: l1_loss: 0.4480 | giou_loss: 0.9405 | total_loss: 4.1210
2025-05-21 15:47:28,112 - transvg_dino_vit_20250521_151301 - INFO - Epoch 0, Batch 1500/1696, Loss: 4.0979
2025-05-21 15:47:28,112 - transvg_dino_vit_20250521_151301 - INFO - Train metrics: l1_loss: 0.4426 | giou_loss: 0.9425 | total_loss: 4.0979
2025-05-21 15:48:36,399 - transvg_dino_vit_20250521_151301 - INFO - Epoch 0, Batch 1550/1696, Loss: 4.7840
2025-05-21 15:48:36,399 - transvg_dino_vit_20250521_151301 - INFO - Train metrics: l1_loss: 0.5200 | giou_loss: 1.0919 | total_loss: 4.7840
2025-05-21 15:49:44,698 - transvg_dino_vit_20250521_151301 - INFO - Epoch 0, Batch 1600/1696, Loss: 5.1522
2025-05-21 15:49:44,698 - transvg_dino_vit_20250521_151301 - INFO - Train metrics: l1_loss: 0.5665 | giou_loss: 1.1598 | total_loss: 5.1522
2025-05-21 15:50:52,987 - transvg_dino_vit_20250521_151301 - INFO - Epoch 0, Batch 1650/1696, Loss: 4.5635
2025-05-21 15:50:52,987 - transvg_dino_vit_20250521_151301 - INFO - Train metrics: l1_loss: 0.4884 | giou_loss: 1.0607 | total_loss: 4.5635
2025-05-21 15:51:54,428 - transvg_dino_vit_20250521_151301 - INFO - Train Epoch 0, Loss: 5.0173
2025-05-21 15:53:52,509 - transvg_dino_vit_20250521_151301 - INFO - Pred box sample: [48.55570983886719, 89.19225311279297, 185.14024353027344, 223.70237731933594]
2025-05-21 15:53:52,510 - transvg_dino_vit_20250521_151301 - INFO - Target box sample: [207.0, 198.0, 287.0, 283.0]
2025-05-21 15:53:52,604 - transvg_dino_vit_20250521_151301 - INFO - Validation Epoch 0, Loss: 4.5970
2025-05-21 15:53:52,604 - transvg_dino_vit_20250521_151301 - INFO - Val metrics: Acc@0.25: 0.2951 | Acc@0.5: 0.0794 | Acc@0.75: 0.0074 | mIoU: 0.1629 | medianIoU: 0.0740 | mae_x1: 106.7468 | mae_y1: 100.6754 | mae_x2: 103.3049 | mae_y2: 96.1697 | center_x_error: 88.7819 | center_y_error: 81.5505 | width_error: 2.6289 | height_error: 2.3781 | loss: 4.5970
2025-05-21 15:53:53,549 - transvg_dino_vit_20250521_151301 - INFO - Saved model checkpoint to /home/pokle/Trans-VG/visual_grounding/checkpoints/transvg_dino_vit_20250521_151301_epoch0.pth
2025-05-21 15:53:53,550 - transvg_dino_vit_20250521_151301 - INFO - New best model! Acc@0.5: 0.0794
2025-05-21 15:53:53,550 - transvg_dino_vit_20250521_151301 - INFO - Epoch 1/200
2025-05-21 15:53:55,510 - transvg_dino_vit_20250521_151301 - INFO - Epoch 1, Batch 0/1696, Loss: 4.5765
2025-05-21 15:53:55,510 - transvg_dino_vit_20250521_151301 - INFO - Train metrics: l1_loss: 0.4781 | giou_loss: 1.0929 | total_loss: 4.5765
2025-05-21 15:55:05,340 - transvg_dino_vit_20250521_151301 - INFO - Epoch 1, Batch 50/1696, Loss: 4.4670
2025-05-21 15:55:05,340 - transvg_dino_vit_20250521_151301 - INFO - Train metrics: l1_loss: 0.5113 | giou_loss: 0.9552 | total_loss: 4.4670
2025-05-21 15:56:15,145 - transvg_dino_vit_20250521_151301 - INFO - Epoch 1, Batch 100/1696, Loss: 5.4168
2025-05-21 15:56:15,145 - transvg_dino_vit_20250521_151301 - INFO - Train metrics: l1_loss: 0.6260 | giou_loss: 1.1434 | total_loss: 5.4168
2025-05-21 15:57:25,108 - transvg_dino_vit_20250521_151301 - INFO - Epoch 1, Batch 150/1696, Loss: 4.5464
2025-05-21 15:57:25,109 - transvg_dino_vit_20250521_151301 - INFO - Train metrics: l1_loss: 0.5075 | giou_loss: 1.0044 | total_loss: 4.5464
2025-05-21 15:58:35,136 - transvg_dino_vit_20250521_151301 - INFO - Epoch 1, Batch 200/1696, Loss: 4.9342
2025-05-21 15:58:35,136 - transvg_dino_vit_20250521_151301 - INFO - Train metrics: l1_loss: 0.5440 | giou_loss: 1.1071 | total_loss: 4.9342
2025-05-21 15:59:45,000 - transvg_dino_vit_20250521_151301 - INFO - Epoch 1, Batch 250/1696, Loss: 4.4501
2025-05-21 15:59:45,001 - transvg_dino_vit_20250521_151301 - INFO - Train metrics: l1_loss: 0.5297 | giou_loss: 0.9009 | total_loss: 4.4501
2025-05-21 16:00:54,501 - transvg_dino_vit_20250521_151301 - INFO - Epoch 1, Batch 300/1696, Loss: 5.0500
2025-05-21 16:00:54,501 - transvg_dino_vit_20250521_151301 - INFO - Train metrics: l1_loss: 0.5834 | giou_loss: 1.0664 | total_loss: 5.0500
2025-05-21 16:02:04,285 - transvg_dino_vit_20250521_151301 - INFO - Epoch 1, Batch 350/1696, Loss: 4.4794
2025-05-21 16:02:04,285 - transvg_dino_vit_20250521_151301 - INFO - Train metrics: l1_loss: 0.5058 | giou_loss: 0.9751 | total_loss: 4.4794
2025-05-21 16:03:13,885 - transvg_dino_vit_20250521_151301 - INFO - Epoch 1, Batch 400/1696, Loss: 4.8874
2025-05-21 16:03:13,885 - transvg_dino_vit_20250521_151301 - INFO - Train metrics: l1_loss: 0.5454 | giou_loss: 1.0803 | total_loss: 4.8874
2025-05-21 16:04:23,634 - transvg_dino_vit_20250521_151301 - INFO - Epoch 1, Batch 450/1696, Loss: 3.8769
2025-05-21 16:04:23,634 - transvg_dino_vit_20250521_151301 - INFO - Train metrics: l1_loss: 0.4087 | giou_loss: 0.9167 | total_loss: 3.8769
2025-05-21 16:05:33,459 - transvg_dino_vit_20250521_151301 - INFO - Epoch 1, Batch 500/1696, Loss: 5.2002
2025-05-21 16:05:33,459 - transvg_dino_vit_20250521_151301 - INFO - Train metrics: l1_loss: 0.6092 | giou_loss: 1.0771 | total_loss: 5.2002
2025-05-21 16:06:43,302 - transvg_dino_vit_20250521_151301 - INFO - Epoch 1, Batch 550/1696, Loss: 4.0072
2025-05-21 16:06:43,302 - transvg_dino_vit_20250521_151301 - INFO - Train metrics: l1_loss: 0.4537 | giou_loss: 0.8694 | total_loss: 4.0072
2025-05-21 16:07:53,224 - transvg_dino_vit_20250521_151301 - INFO - Epoch 1, Batch 600/1696, Loss: 5.0003
2025-05-21 16:07:53,224 - transvg_dino_vit_20250521_151301 - INFO - Train metrics: l1_loss: 0.5938 | giou_loss: 1.0158 | total_loss: 5.0003
2025-05-21 16:09:02,230 - transvg_dino_vit_20250521_151301 - INFO - Epoch 1, Batch 650/1696, Loss: 4.1084
2025-05-21 16:09:02,231 - transvg_dino_vit_20250521_151301 - INFO - Train metrics: l1_loss: 0.4346 | giou_loss: 0.9676 | total_loss: 4.1084
2025-05-21 16:10:11,279 - transvg_dino_vit_20250521_151301 - INFO - Epoch 1, Batch 700/1696, Loss: 5.2167
2025-05-21 16:10:11,279 - transvg_dino_vit_20250521_151301 - INFO - Train metrics: l1_loss: 0.6317 | giou_loss: 1.0290 | total_loss: 5.2167
2025-05-21 16:11:19,985 - transvg_dino_vit_20250521_151301 - INFO - Epoch 1, Batch 750/1696, Loss: 4.4451
2025-05-21 16:11:19,985 - transvg_dino_vit_20250521_151301 - INFO - Train metrics: l1_loss: 0.4749 | giou_loss: 1.0352 | total_loss: 4.4451
2025-05-21 16:12:28,453 - transvg_dino_vit_20250521_151301 - INFO - Epoch 1, Batch 800/1696, Loss: 3.7313
2025-05-21 16:12:28,453 - transvg_dino_vit_20250521_151301 - INFO - Train metrics: l1_loss: 0.3908 | giou_loss: 0.8886 | total_loss: 3.7313
2025-05-21 16:13:36,774 - transvg_dino_vit_20250521_151301 - INFO - Epoch 1, Batch 850/1696, Loss: 3.9359
2025-05-21 16:13:36,774 - transvg_dino_vit_20250521_151301 - INFO - Train metrics: l1_loss: 0.4313 | giou_loss: 0.8897 | total_loss: 3.9359
2025-05-21 16:14:45,565 - transvg_dino_vit_20250521_151301 - INFO - Epoch 1, Batch 900/1696, Loss: 4.3386
2025-05-21 16:14:45,565 - transvg_dino_vit_20250521_151301 - INFO - Train metrics: l1_loss: 0.5304 | giou_loss: 0.8432 | total_loss: 4.3386
2025-05-21 16:15:54,414 - transvg_dino_vit_20250521_151301 - INFO - Epoch 1, Batch 950/1696, Loss: 5.4432
2025-05-21 16:15:54,414 - transvg_dino_vit_20250521_151301 - INFO - Train metrics: l1_loss: 0.6669 | giou_loss: 1.0543 | total_loss: 5.4432
2025-05-21 16:17:02,885 - transvg_dino_vit_20250521_151301 - INFO - Epoch 1, Batch 1000/1696, Loss: 3.8115
2025-05-21 16:17:02,885 - transvg_dino_vit_20250521_151301 - INFO - Train metrics: l1_loss: 0.4141 | giou_loss: 0.8706 | total_loss: 3.8115
2025-05-21 16:18:11,910 - transvg_dino_vit_20250521_151301 - INFO - Epoch 1, Batch 1050/1696, Loss: 3.9134
2025-05-21 16:18:11,910 - transvg_dino_vit_20250521_151301 - INFO - Train metrics: l1_loss: 0.3983 | giou_loss: 0.9609 | total_loss: 3.9134
2025-05-21 16:19:20,345 - transvg_dino_vit_20250521_151301 - INFO - Epoch 1, Batch 1100/1696, Loss: 5.0210
2025-05-21 16:19:20,346 - transvg_dino_vit_20250521_151301 - INFO - Train metrics: l1_loss: 0.5954 | giou_loss: 1.0220 | total_loss: 5.0210
2025-05-21 16:20:29,049 - transvg_dino_vit_20250521_151301 - INFO - Epoch 1, Batch 1150/1696, Loss: 5.3413
2025-05-21 16:20:29,049 - transvg_dino_vit_20250521_151301 - INFO - Train metrics: l1_loss: 0.6132 | giou_loss: 1.1377 | total_loss: 5.3413
2025-05-21 16:21:37,410 - transvg_dino_vit_20250521_151301 - INFO - Epoch 1, Batch 1200/1696, Loss: 4.2894
2025-05-21 16:21:37,410 - transvg_dino_vit_20250521_151301 - INFO - Train metrics: l1_loss: 0.4889 | giou_loss: 0.9225 | total_loss: 4.2894
2025-05-21 16:22:46,037 - transvg_dino_vit_20250521_151301 - INFO - Epoch 1, Batch 1250/1696, Loss: 4.6539
2025-05-21 16:22:46,037 - transvg_dino_vit_20250521_151301 - INFO - Train metrics: l1_loss: 0.5195 | giou_loss: 1.0282 | total_loss: 4.6539
2025-05-21 16:23:54,995 - transvg_dino_vit_20250521_151301 - INFO - Epoch 1, Batch 1300/1696, Loss: 4.4152
2025-05-21 16:23:54,995 - transvg_dino_vit_20250521_151301 - INFO - Train metrics: l1_loss: 0.4968 | giou_loss: 0.9657 | total_loss: 4.4152
2025-05-21 16:25:04,078 - transvg_dino_vit_20250521_151301 - INFO - Epoch 1, Batch 1350/1696, Loss: 3.9836
2025-05-21 16:25:04,078 - transvg_dino_vit_20250521_151301 - INFO - Train metrics: l1_loss: 0.4449 | giou_loss: 0.8795 | total_loss: 3.9836
2025-05-21 16:26:13,022 - transvg_dino_vit_20250521_151301 - INFO - Epoch 1, Batch 1400/1696, Loss: 4.8362
2025-05-21 16:26:13,022 - transvg_dino_vit_20250521_151301 - INFO - Train metrics: l1_loss: 0.5205 | giou_loss: 1.1169 | total_loss: 4.8362
2025-05-21 16:27:22,384 - transvg_dino_vit_20250521_151301 - INFO - Epoch 1, Batch 1450/1696, Loss: 5.0001
2025-05-21 16:27:22,384 - transvg_dino_vit_20250521_151301 - INFO - Train metrics: l1_loss: 0.5558 | giou_loss: 1.1106 | total_loss: 5.0001
2025-05-21 16:28:32,314 - transvg_dino_vit_20250521_151301 - INFO - Epoch 1, Batch 1500/1696, Loss: 5.4621
2025-05-21 16:28:32,314 - transvg_dino_vit_20250521_151301 - INFO - Train metrics: l1_loss: 0.6503 | giou_loss: 1.1053 | total_loss: 5.4621
2025-05-21 16:29:42,432 - transvg_dino_vit_20250521_151301 - INFO - Epoch 1, Batch 1550/1696, Loss: 4.6562
2025-05-21 16:29:42,432 - transvg_dino_vit_20250521_151301 - INFO - Train metrics: l1_loss: 0.5212 | giou_loss: 1.0250 | total_loss: 4.6562
2025-05-21 16:30:52,355 - transvg_dino_vit_20250521_151301 - INFO - Epoch 1, Batch 1600/1696, Loss: 5.5490
2025-05-21 16:30:52,355 - transvg_dino_vit_20250521_151301 - INFO - Train metrics: l1_loss: 0.6435 | giou_loss: 1.1658 | total_loss: 5.5490
2025-05-21 16:32:02,329 - transvg_dino_vit_20250521_151301 - INFO - Epoch 1, Batch 1650/1696, Loss: 4.3004
2025-05-21 16:32:02,329 - transvg_dino_vit_20250521_151301 - INFO - Train metrics: l1_loss: 0.4751 | giou_loss: 0.9624 | total_loss: 4.3004
2025-05-21 16:33:05,808 - transvg_dino_vit_20250521_151301 - INFO - Train Epoch 1, Loss: 4.5875
2025-05-21 16:35:04,086 - transvg_dino_vit_20250521_151301 - INFO - Pred box sample: [39.0495719909668, 64.56659698486328, 207.08541870117188, 193.63885498046875]
2025-05-21 16:35:04,087 - transvg_dino_vit_20250521_151301 - INFO - Target box sample: [207.0, 198.0, 287.0, 283.0]
2025-05-21 16:35:04,166 - transvg_dino_vit_20250521_151301 - INFO - Validation Epoch 1, Loss: 4.5039
2025-05-21 16:35:04,166 - transvg_dino_vit_20250521_151301 - INFO - Val metrics: Acc@0.25: 0.3100 | Acc@0.5: 0.1044 | Acc@0.75: 0.0093 | mIoU: 0.1756 | medianIoU: 0.0822 | mae_x1: 100.6417 | mae_y1: 96.4894 | mae_x2: 102.2448 | mae_y2: 97.4452 | center_x_error: 84.9877 | center_y_error: 81.6795 | width_error: 2.7390 | height_error: 2.2407 | loss: 4.5039
2025-05-21 16:35:05,163 - transvg_dino_vit_20250521_151301 - INFO - Saved model checkpoint to /home/pokle/Trans-VG/visual_grounding/checkpoints/transvg_dino_vit_20250521_151301_epoch1.pth
2025-05-21 16:35:05,163 - transvg_dino_vit_20250521_151301 - INFO - New best model! Acc@0.5: 0.1044
2025-05-21 16:35:05,164 - transvg_dino_vit_20250521_151301 - INFO - Epoch 2/200
2025-05-21 16:35:07,129 - transvg_dino_vit_20250521_151301 - INFO - Epoch 2, Batch 0/1696, Loss: 4.5716
2025-05-21 16:35:07,129 - transvg_dino_vit_20250521_151301 - INFO - Train metrics: l1_loss: 0.4929 | giou_loss: 1.0535 | total_loss: 4.5716
2025-05-21 16:36:17,148 - transvg_dino_vit_20250521_151301 - INFO - Epoch 2, Batch 50/1696, Loss: 3.9462
2025-05-21 16:36:17,149 - transvg_dino_vit_20250521_151301 - INFO - Train metrics: l1_loss: 0.4385 | giou_loss: 0.8769 | total_loss: 3.9462
2025-05-21 16:37:26,685 - transvg_dino_vit_20250521_151301 - INFO - Epoch 2, Batch 100/1696, Loss: 3.8054
2025-05-21 16:37:26,685 - transvg_dino_vit_20250521_151301 - INFO - Train metrics: l1_loss: 0.4007 | giou_loss: 0.9010 | total_loss: 3.8054
2025-05-21 16:38:35,871 - transvg_dino_vit_20250521_151301 - INFO - Epoch 2, Batch 150/1696, Loss: 4.5716
2025-05-21 16:38:35,872 - transvg_dino_vit_20250521_151301 - INFO - Train metrics: l1_loss: 0.5046 | giou_loss: 1.0244 | total_loss: 4.5716
2025-05-21 16:39:45,651 - transvg_dino_vit_20250521_151301 - INFO - Epoch 2, Batch 200/1696, Loss: 4.8350
2025-05-21 16:39:45,651 - transvg_dino_vit_20250521_151301 - INFO - Train metrics: l1_loss: 0.5428 | giou_loss: 1.0606 | total_loss: 4.8350
2025-05-21 16:40:55,935 - transvg_dino_vit_20250521_151301 - INFO - Epoch 2, Batch 250/1696, Loss: 3.7486
2025-05-21 16:40:55,935 - transvg_dino_vit_20250521_151301 - INFO - Train metrics: l1_loss: 0.4105 | giou_loss: 0.8481 | total_loss: 3.7486
2025-05-21 16:42:06,175 - transvg_dino_vit_20250521_151301 - INFO - Epoch 2, Batch 300/1696, Loss: 4.3752
2025-05-21 16:42:06,175 - transvg_dino_vit_20250521_151301 - INFO - Train metrics: l1_loss: 0.4821 | giou_loss: 0.9824 | total_loss: 4.3752
2025-05-21 16:43:16,722 - transvg_dino_vit_20250521_151301 - INFO - Epoch 2, Batch 350/1696, Loss: 4.4708
2025-05-21 16:43:16,722 - transvg_dino_vit_20250521_151301 - INFO - Train metrics: l1_loss: 0.4946 | giou_loss: 0.9988 | total_loss: 4.4708
2025-05-21 16:44:27,330 - transvg_dino_vit_20250521_151301 - INFO - Epoch 2, Batch 400/1696, Loss: 4.6958
2025-05-21 16:44:27,331 - transvg_dino_vit_20250521_151301 - INFO - Train metrics: l1_loss: 0.5051 | giou_loss: 1.0851 | total_loss: 4.6958
2025-05-21 16:45:38,136 - transvg_dino_vit_20250521_151301 - INFO - Epoch 2, Batch 450/1696, Loss: 5.5513
2025-05-21 16:45:38,136 - transvg_dino_vit_20250521_151301 - INFO - Train metrics: l1_loss: 0.6572 | giou_loss: 1.1328 | total_loss: 5.5513
2025-05-21 16:46:48,794 - transvg_dino_vit_20250521_151301 - INFO - Epoch 2, Batch 500/1696, Loss: 4.4811
2025-05-21 16:46:48,794 - transvg_dino_vit_20250521_151301 - INFO - Train metrics: l1_loss: 0.4695 | giou_loss: 1.0669 | total_loss: 4.4811
2025-05-21 16:47:59,938 - transvg_dino_vit_20250521_151301 - INFO - Epoch 2, Batch 550/1696, Loss: 3.2514
2025-05-21 16:47:59,938 - transvg_dino_vit_20250521_151301 - INFO - Train metrics: l1_loss: 0.3578 | giou_loss: 0.7312 | total_loss: 3.2514
2025-05-21 16:49:10,678 - transvg_dino_vit_20250521_151301 - INFO - Epoch 2, Batch 600/1696, Loss: 4.8913
2025-05-21 16:49:10,678 - transvg_dino_vit_20250521_151301 - INFO - Train metrics: l1_loss: 0.5603 | giou_loss: 1.0449 | total_loss: 4.8913
2025-05-21 16:50:21,217 - transvg_dino_vit_20250521_151301 - INFO - Epoch 2, Batch 650/1696, Loss: 4.0405
2025-05-21 16:50:21,217 - transvg_dino_vit_20250521_151301 - INFO - Train metrics: l1_loss: 0.4405 | giou_loss: 0.9190 | total_loss: 4.0405
2025-05-21 16:51:31,711 - transvg_dino_vit_20250521_151301 - INFO - Epoch 2, Batch 700/1696, Loss: 5.4623
2025-05-21 16:51:31,711 - transvg_dino_vit_20250521_151301 - INFO - Train metrics: l1_loss: 0.6476 | giou_loss: 1.1122 | total_loss: 5.4623
2025-05-21 16:52:42,066 - transvg_dino_vit_20250521_151301 - INFO - Epoch 2, Batch 750/1696, Loss: 4.4944
2025-05-21 16:52:42,066 - transvg_dino_vit_20250521_151301 - INFO - Train metrics: l1_loss: 0.5137 | giou_loss: 0.9630 | total_loss: 4.4944
2025-05-21 16:53:52,177 - transvg_dino_vit_20250521_151301 - INFO - Epoch 2, Batch 800/1696, Loss: 4.8423
2025-05-21 16:53:52,177 - transvg_dino_vit_20250521_151301 - INFO - Train metrics: l1_loss: 0.5595 | giou_loss: 1.0223 | total_loss: 4.8423
2025-05-21 16:55:02,230 - transvg_dino_vit_20250521_151301 - INFO - Epoch 2, Batch 850/1696, Loss: 4.4109
2025-05-21 16:55:02,230 - transvg_dino_vit_20250521_151301 - INFO - Train metrics: l1_loss: 0.4876 | giou_loss: 0.9864 | total_loss: 4.4109
2025-05-21 16:56:12,804 - transvg_dino_vit_20250521_151301 - INFO - Epoch 2, Batch 900/1696, Loss: 4.0326
2025-05-21 16:56:12,805 - transvg_dino_vit_20250521_151301 - INFO - Train metrics: l1_loss: 0.4177 | giou_loss: 0.9720 | total_loss: 4.0326
2025-05-21 16:57:22,909 - transvg_dino_vit_20250521_151301 - INFO - Epoch 2, Batch 950/1696, Loss: 3.8789
2025-05-21 16:57:22,909 - transvg_dino_vit_20250521_151301 - INFO - Train metrics: l1_loss: 0.4077 | giou_loss: 0.9202 | total_loss: 3.8789
2025-05-21 16:58:33,096 - transvg_dino_vit_20250521_151301 - INFO - Epoch 2, Batch 1000/1696, Loss: 5.1245
2025-05-21 16:58:33,096 - transvg_dino_vit_20250521_151301 - INFO - Train metrics: l1_loss: 0.5832 | giou_loss: 1.1044 | total_loss: 5.1245
2025-05-21 16:59:43,188 - transvg_dino_vit_20250521_151301 - INFO - Epoch 2, Batch 1050/1696, Loss: 4.6142
2025-05-21 16:59:43,189 - transvg_dino_vit_20250521_151301 - INFO - Train metrics: l1_loss: 0.5013 | giou_loss: 1.0538 | total_loss: 4.6142
2025-05-21 17:00:53,308 - transvg_dino_vit_20250521_151301 - INFO - Epoch 2, Batch 1100/1696, Loss: 5.1797
2025-05-21 17:00:53,309 - transvg_dino_vit_20250521_151301 - INFO - Train metrics: l1_loss: 0.6156 | giou_loss: 1.0508 | total_loss: 5.1797
2025-05-21 17:02:03,388 - transvg_dino_vit_20250521_151301 - INFO - Epoch 2, Batch 1150/1696, Loss: 4.7535
2025-05-21 17:02:03,389 - transvg_dino_vit_20250521_151301 - INFO - Train metrics: l1_loss: 0.5431 | giou_loss: 1.0191 | total_loss: 4.7535
2025-05-21 17:03:13,324 - transvg_dino_vit_20250521_151301 - INFO - Epoch 2, Batch 1200/1696, Loss: 3.9800
2025-05-21 17:03:13,324 - transvg_dino_vit_20250521_151301 - INFO - Train metrics: l1_loss: 0.4515 | giou_loss: 0.8613 | total_loss: 3.9800
2025-05-21 17:04:23,253 - transvg_dino_vit_20250521_151301 - INFO - Epoch 2, Batch 1250/1696, Loss: 3.8797
2025-05-21 17:04:23,254 - transvg_dino_vit_20250521_151301 - INFO - Train metrics: l1_loss: 0.4127 | giou_loss: 0.9082 | total_loss: 3.8797
2025-05-21 17:05:33,211 - transvg_dino_vit_20250521_151301 - INFO - Epoch 2, Batch 1300/1696, Loss: 5.6315
2025-05-21 17:05:33,212 - transvg_dino_vit_20250521_151301 - INFO - Train metrics: l1_loss: 0.6582 | giou_loss: 1.1703 | total_loss: 5.6315
2025-05-21 17:06:43,382 - transvg_dino_vit_20250521_151301 - INFO - Epoch 2, Batch 1350/1696, Loss: 5.0195
2025-05-21 17:06:43,382 - transvg_dino_vit_20250521_151301 - INFO - Train metrics: l1_loss: 0.6042 | giou_loss: 0.9993 | total_loss: 5.0195
2025-05-21 17:07:53,346 - transvg_dino_vit_20250521_151301 - INFO - Epoch 2, Batch 1400/1696, Loss: 4.2382
2025-05-21 17:07:53,346 - transvg_dino_vit_20250521_151301 - INFO - Train metrics: l1_loss: 0.4568 | giou_loss: 0.9771 | total_loss: 4.2382
2025-05-21 17:09:03,533 - transvg_dino_vit_20250521_151301 - INFO - Epoch 2, Batch 1450/1696, Loss: 5.2707
2025-05-21 17:09:03,534 - transvg_dino_vit_20250521_151301 - INFO - Train metrics: l1_loss: 0.6534 | giou_loss: 1.0018 | total_loss: 5.2707
2025-05-21 17:10:13,795 - transvg_dino_vit_20250521_151301 - INFO - Epoch 2, Batch 1500/1696, Loss: 4.5955
2025-05-21 17:10:13,796 - transvg_dino_vit_20250521_151301 - INFO - Train metrics: l1_loss: 0.5475 | giou_loss: 0.9291 | total_loss: 4.5955
2025-05-21 17:11:24,126 - transvg_dino_vit_20250521_151301 - INFO - Epoch 2, Batch 1550/1696, Loss: 5.2509
2025-05-21 17:11:24,126 - transvg_dino_vit_20250521_151301 - INFO - Train metrics: l1_loss: 0.6105 | giou_loss: 1.0991 | total_loss: 5.2509
2025-05-21 17:12:34,980 - transvg_dino_vit_20250521_151301 - INFO - Epoch 2, Batch 1600/1696, Loss: 4.0832
2025-05-21 17:12:34,981 - transvg_dino_vit_20250521_151301 - INFO - Train metrics: l1_loss: 0.4372 | giou_loss: 0.9486 | total_loss: 4.0832
2025-05-21 17:13:44,911 - transvg_dino_vit_20250521_151301 - INFO - Epoch 2, Batch 1650/1696, Loss: 4.9283
2025-05-21 17:13:44,912 - transvg_dino_vit_20250521_151301 - INFO - Train metrics: l1_loss: 0.5671 | giou_loss: 1.0463 | total_loss: 4.9283
2025-05-21 17:14:48,030 - transvg_dino_vit_20250521_151301 - INFO - Train Epoch 2, Loss: 4.4925
2025-05-21 17:16:46,735 - transvg_dino_vit_20250521_151301 - INFO - Pred box sample: [66.64152526855469, 85.299072265625, 224.46136474609375, 236.1004180908203]
2025-05-21 17:16:46,735 - transvg_dino_vit_20250521_151301 - INFO - Target box sample: [207.0, 198.0, 287.0, 283.0]
2025-05-21 17:16:46,813 - transvg_dino_vit_20250521_151301 - INFO - Validation Epoch 2, Loss: 4.4602
2025-05-21 17:16:46,813 - transvg_dino_vit_20250521_151301 - INFO - Val metrics: Acc@0.25: 0.3121 | Acc@0.5: 0.1113 | Acc@0.75: 0.0149 | mIoU: 0.1796 | medianIoU: 0.0841 | mae_x1: 98.2585 | mae_y1: 96.6651 | mae_x2: 100.8716 | mae_y2: 95.4241 | center_x_error: 84.9547 | center_y_error: 79.9701 | width_error: 2.3755 | height_error: 2.3906 | loss: 4.4602
2025-05-21 17:16:47,656 - transvg_dino_vit_20250521_151301 - INFO - Saved model checkpoint to /home/pokle/Trans-VG/visual_grounding/checkpoints/transvg_dino_vit_20250521_151301_epoch2.pth
2025-05-21 17:16:47,656 - transvg_dino_vit_20250521_151301 - INFO - New best model! Acc@0.5: 0.1113
2025-05-21 17:16:47,656 - transvg_dino_vit_20250521_151301 - INFO - Epoch 3/200
2025-05-21 17:16:49,572 - transvg_dino_vit_20250521_151301 - INFO - Epoch 3, Batch 0/1696, Loss: 5.0124
2025-05-21 17:16:49,572 - transvg_dino_vit_20250521_151301 - INFO - Train metrics: l1_loss: 0.5829 | giou_loss: 1.0490 | total_loss: 5.0124
2025-05-21 17:17:59,804 - transvg_dino_vit_20250521_151301 - INFO - Epoch 3, Batch 50/1696, Loss: 4.2914
2025-05-21 17:17:59,804 - transvg_dino_vit_20250521_151301 - INFO - Train metrics: l1_loss: 0.4867 | giou_loss: 0.9291 | total_loss: 4.2914
2025-05-21 17:19:09,548 - transvg_dino_vit_20250521_151301 - INFO - Epoch 3, Batch 100/1696, Loss: 3.2320
2025-05-21 17:19:09,548 - transvg_dino_vit_20250521_151301 - INFO - Train metrics: l1_loss: 0.3485 | giou_loss: 0.7448 | total_loss: 3.2320
2025-05-21 17:20:19,379 - transvg_dino_vit_20250521_151301 - INFO - Epoch 3, Batch 150/1696, Loss: 4.7452
2025-05-21 17:20:19,379 - transvg_dino_vit_20250521_151301 - INFO - Train metrics: l1_loss: 0.5232 | giou_loss: 1.0645 | total_loss: 4.7452
2025-05-21 17:21:29,235 - transvg_dino_vit_20250521_151301 - INFO - Epoch 3, Batch 200/1696, Loss: 3.5475
2025-05-21 17:21:29,235 - transvg_dino_vit_20250521_151301 - INFO - Train metrics: l1_loss: 0.3753 | giou_loss: 0.8355 | total_loss: 3.5475
2025-05-21 17:22:38,520 - transvg_dino_vit_20250521_151301 - INFO - Epoch 3, Batch 250/1696, Loss: 4.0423
2025-05-21 17:22:38,521 - transvg_dino_vit_20250521_151301 - INFO - Train metrics: l1_loss: 0.4479 | giou_loss: 0.9015 | total_loss: 4.0423
2025-05-21 17:23:48,650 - transvg_dino_vit_20250521_151301 - INFO - Epoch 3, Batch 300/1696, Loss: 4.5729
2025-05-21 17:23:48,651 - transvg_dino_vit_20250521_151301 - INFO - Train metrics: l1_loss: 0.5262 | giou_loss: 0.9708 | total_loss: 4.5729
2025-05-21 17:24:58,812 - transvg_dino_vit_20250521_151301 - INFO - Epoch 3, Batch 350/1696, Loss: 5.1728
2025-05-21 17:24:58,813 - transvg_dino_vit_20250521_151301 - INFO - Train metrics: l1_loss: 0.5944 | giou_loss: 1.1003 | total_loss: 5.1728
2025-05-21 17:26:08,528 - transvg_dino_vit_20250521_151301 - INFO - Epoch 3, Batch 400/1696, Loss: 3.7645
2025-05-21 17:26:08,529 - transvg_dino_vit_20250521_151301 - INFO - Train metrics: l1_loss: 0.3867 | giou_loss: 0.9156 | total_loss: 3.7645
2025-05-21 17:27:18,784 - transvg_dino_vit_20250521_151301 - INFO - Epoch 3, Batch 450/1696, Loss: 4.5110
2025-05-21 17:27:18,784 - transvg_dino_vit_20250521_151301 - INFO - Train metrics: l1_loss: 0.5202 | giou_loss: 0.9550 | total_loss: 4.5110
2025-05-21 17:28:28,973 - transvg_dino_vit_20250521_151301 - INFO - Epoch 3, Batch 500/1696, Loss: 4.7428
2025-05-21 17:28:28,974 - transvg_dino_vit_20250521_151301 - INFO - Train metrics: l1_loss: 0.5436 | giou_loss: 1.0123 | total_loss: 4.7428
2025-05-21 17:29:38,937 - transvg_dino_vit_20250521_151301 - INFO - Epoch 3, Batch 550/1696, Loss: 3.6668
2025-05-21 17:29:38,937 - transvg_dino_vit_20250521_151301 - INFO - Train metrics: l1_loss: 0.4000 | giou_loss: 0.8335 | total_loss: 3.6668
2025-05-21 17:30:48,906 - transvg_dino_vit_20250521_151301 - INFO - Epoch 3, Batch 600/1696, Loss: 5.1602
2025-05-21 17:30:48,907 - transvg_dino_vit_20250521_151301 - INFO - Train metrics: l1_loss: 0.6192 | giou_loss: 1.0320 | total_loss: 5.1602
2025-05-21 17:31:59,024 - transvg_dino_vit_20250521_151301 - INFO - Epoch 3, Batch 650/1696, Loss: 3.9955
2025-05-21 17:31:59,025 - transvg_dino_vit_20250521_151301 - INFO - Train metrics: l1_loss: 0.4483 | giou_loss: 0.8769 | total_loss: 3.9955
2025-05-21 17:33:09,594 - transvg_dino_vit_20250521_151301 - INFO - Epoch 3, Batch 700/1696, Loss: 4.3331
2025-05-21 17:33:09,595 - transvg_dino_vit_20250521_151301 - INFO - Train metrics: l1_loss: 0.4880 | giou_loss: 0.9465 | total_loss: 4.3331
2025-05-21 17:34:19,651 - transvg_dino_vit_20250521_151301 - INFO - Epoch 3, Batch 750/1696, Loss: 4.8870
2025-05-21 17:34:19,652 - transvg_dino_vit_20250521_151301 - INFO - Train metrics: l1_loss: 0.5573 | giou_loss: 1.0501 | total_loss: 4.8870
2025-05-21 17:35:29,684 - transvg_dino_vit_20250521_151301 - INFO - Epoch 3, Batch 800/1696, Loss: 4.4492
2025-05-21 17:35:29,684 - transvg_dino_vit_20250521_151301 - INFO - Train metrics: l1_loss: 0.5039 | giou_loss: 0.9649 | total_loss: 4.4492
2025-05-21 17:36:39,272 - transvg_dino_vit_20250521_151301 - INFO - Epoch 3, Batch 850/1696, Loss: 3.8967
2025-05-21 17:36:39,272 - transvg_dino_vit_20250521_151301 - INFO - Train metrics: l1_loss: 0.4212 | giou_loss: 0.8955 | total_loss: 3.8967
2025-05-21 17:37:48,828 - transvg_dino_vit_20250521_151301 - INFO - Epoch 3, Batch 900/1696, Loss: 5.1964
2025-05-21 17:37:48,829 - transvg_dino_vit_20250521_151301 - INFO - Train metrics: l1_loss: 0.6097 | giou_loss: 1.0740 | total_loss: 5.1964
2025-05-21 17:38:57,860 - transvg_dino_vit_20250521_151301 - INFO - Epoch 3, Batch 950/1696, Loss: 2.8818
2025-05-21 17:38:57,860 - transvg_dino_vit_20250521_151301 - INFO - Train metrics: l1_loss: 0.2982 | giou_loss: 0.6953 | total_loss: 2.8818
2025-05-21 17:40:07,726 - transvg_dino_vit_20250521_151301 - INFO - Epoch 3, Batch 1000/1696, Loss: 4.8257
2025-05-21 17:40:07,726 - transvg_dino_vit_20250521_151301 - INFO - Train metrics: l1_loss: 0.5592 | giou_loss: 1.0149 | total_loss: 4.8257
2025-05-21 17:41:17,245 - transvg_dino_vit_20250521_151301 - INFO - Epoch 3, Batch 1050/1696, Loss: 4.9350
2025-05-21 17:41:17,246 - transvg_dino_vit_20250521_151301 - INFO - Train metrics: l1_loss: 0.5627 | giou_loss: 1.0606 | total_loss: 4.9350
2025-05-21 17:42:26,900 - transvg_dino_vit_20250521_151301 - INFO - Epoch 3, Batch 1100/1696, Loss: 4.7735
2025-05-21 17:42:26,901 - transvg_dino_vit_20250521_151301 - INFO - Train metrics: l1_loss: 0.5461 | giou_loss: 1.0216 | total_loss: 4.7735
2025-05-21 17:43:36,468 - transvg_dino_vit_20250521_151301 - INFO - Epoch 3, Batch 1150/1696, Loss: 4.2433
2025-05-21 17:43:36,469 - transvg_dino_vit_20250521_151301 - INFO - Train metrics: l1_loss: 0.4767 | giou_loss: 0.9299 | total_loss: 4.2433
2025-05-21 17:44:46,705 - transvg_dino_vit_20250521_151301 - INFO - Epoch 3, Batch 1200/1696, Loss: 4.9793
2025-05-21 17:44:46,705 - transvg_dino_vit_20250521_151301 - INFO - Train metrics: l1_loss: 0.5805 | giou_loss: 1.0384 | total_loss: 4.9793
2025-05-21 17:45:56,730 - transvg_dino_vit_20250521_151301 - INFO - Epoch 3, Batch 1250/1696, Loss: 4.4403
2025-05-21 17:45:56,730 - transvg_dino_vit_20250521_151301 - INFO - Train metrics: l1_loss: 0.5051 | giou_loss: 0.9575 | total_loss: 4.4403
2025-05-21 17:47:06,912 - transvg_dino_vit_20250521_151301 - INFO - Epoch 3, Batch 1300/1696, Loss: 4.9871
2025-05-21 17:47:06,912 - transvg_dino_vit_20250521_151301 - INFO - Train metrics: l1_loss: 0.6012 | giou_loss: 0.9905 | total_loss: 4.9871
2025-05-21 17:48:16,875 - transvg_dino_vit_20250521_151301 - INFO - Epoch 3, Batch 1350/1696, Loss: 4.3592
2025-05-21 17:48:16,875 - transvg_dino_vit_20250521_151301 - INFO - Train metrics: l1_loss: 0.4862 | giou_loss: 0.9640 | total_loss: 4.3592
2025-05-21 17:49:26,343 - transvg_dino_vit_20250521_151301 - INFO - Epoch 3, Batch 1400/1696, Loss: 4.2639
2025-05-21 17:49:26,343 - transvg_dino_vit_20250521_151301 - INFO - Train metrics: l1_loss: 0.4669 | giou_loss: 0.9647 | total_loss: 4.2639
2025-05-21 17:50:35,849 - transvg_dino_vit_20250521_151301 - INFO - Epoch 3, Batch 1450/1696, Loss: 3.8568
2025-05-21 17:50:35,850 - transvg_dino_vit_20250521_151301 - INFO - Train metrics: l1_loss: 0.4281 | giou_loss: 0.8581 | total_loss: 3.8568
2025-05-21 17:51:45,026 - transvg_dino_vit_20250521_151301 - INFO - Epoch 3, Batch 1500/1696, Loss: 4.2621
2025-05-21 17:51:45,026 - transvg_dino_vit_20250521_151301 - INFO - Train metrics: l1_loss: 0.4616 | giou_loss: 0.9771 | total_loss: 4.2621
2025-05-21 17:52:54,565 - transvg_dino_vit_20250521_151301 - INFO - Epoch 3, Batch 1550/1696, Loss: 4.5156
2025-05-21 17:52:54,565 - transvg_dino_vit_20250521_151301 - INFO - Train metrics: l1_loss: 0.5039 | giou_loss: 0.9982 | total_loss: 4.5156
2025-05-21 17:54:04,419 - transvg_dino_vit_20250521_151301 - INFO - Epoch 3, Batch 1600/1696, Loss: 5.3569
2025-05-21 17:54:04,419 - transvg_dino_vit_20250521_151301 - INFO - Train metrics: l1_loss: 0.6532 | giou_loss: 1.0454 | total_loss: 5.3569
2025-05-21 17:55:13,709 - transvg_dino_vit_20250521_151301 - INFO - Epoch 3, Batch 1650/1696, Loss: 4.7769
2025-05-21 17:55:13,709 - transvg_dino_vit_20250521_151301 - INFO - Train metrics: l1_loss: 0.5417 | giou_loss: 1.0342 | total_loss: 4.7769
2025-05-21 17:56:16,253 - transvg_dino_vit_20250521_151301 - INFO - Train Epoch 3, Loss: 4.4551
2025-05-21 17:58:14,513 - transvg_dino_vit_20250521_151301 - INFO - Pred box sample: [67.662353515625, 87.41439056396484, 245.74185180664062, 255.24655151367188]
2025-05-21 17:58:14,513 - transvg_dino_vit_20250521_151301 - INFO - Target box sample: [207.0, 198.0, 287.0, 283.0]
2025-05-21 17:58:14,585 - transvg_dino_vit_20250521_151301 - INFO - Validation Epoch 3, Loss: 4.4203
2025-05-21 17:58:14,585 - transvg_dino_vit_20250521_151301 - INFO - Val metrics: Acc@0.25: 0.3235 | Acc@0.5: 0.1179 | Acc@0.75: 0.0143 | mIoU: 0.1849 | medianIoU: 0.0882 | mae_x1: 98.3183 | mae_y1: 94.5913 | mae_x2: 99.9471 | mae_y2: 94.1402 | center_x_error: 84.1235 | center_y_error: 79.3734 | width_error: 2.4309 | height_error: 2.2634 | loss: 4.4203
2025-05-21 17:58:15,432 - transvg_dino_vit_20250521_151301 - INFO - Saved model checkpoint to /home/pokle/Trans-VG/visual_grounding/checkpoints/transvg_dino_vit_20250521_151301_epoch3.pth
2025-05-21 17:58:15,433 - transvg_dino_vit_20250521_151301 - INFO - New best model! Acc@0.5: 0.1179
2025-05-21 17:58:15,433 - transvg_dino_vit_20250521_151301 - INFO - Epoch 4/200
2025-05-21 17:58:17,352 - transvg_dino_vit_20250521_151301 - INFO - Epoch 4, Batch 0/1696, Loss: 5.0068
2025-05-21 17:58:17,353 - transvg_dino_vit_20250521_151301 - INFO - Train metrics: l1_loss: 0.5700 | giou_loss: 1.0783 | total_loss: 5.0068
2025-05-21 17:59:27,330 - transvg_dino_vit_20250521_151301 - INFO - Epoch 4, Batch 50/1696, Loss: 3.6754
2025-05-21 17:59:27,330 - transvg_dino_vit_20250521_151301 - INFO - Train metrics: l1_loss: 0.4013 | giou_loss: 0.8343 | total_loss: 3.6754
2025-05-21 18:00:37,160 - transvg_dino_vit_20250521_151301 - INFO - Epoch 4, Batch 100/1696, Loss: 4.7808
2025-05-21 18:00:37,160 - transvg_dino_vit_20250521_151301 - INFO - Train metrics: l1_loss: 0.5228 | giou_loss: 1.0834 | total_loss: 4.7808
2025-05-21 18:01:46,833 - transvg_dino_vit_20250521_151301 - INFO - Epoch 4, Batch 150/1696, Loss: 4.8673
2025-05-21 18:01:46,833 - transvg_dino_vit_20250521_151301 - INFO - Train metrics: l1_loss: 0.5537 | giou_loss: 1.0493 | total_loss: 4.8673
2025-05-21 18:02:56,989 - transvg_dino_vit_20250521_151301 - INFO - Epoch 4, Batch 200/1696, Loss: 5.1411
2025-05-21 18:02:56,990 - transvg_dino_vit_20250521_151301 - INFO - Train metrics: l1_loss: 0.6026 | giou_loss: 1.0641 | total_loss: 5.1411
2025-05-21 18:04:06,118 - transvg_dino_vit_20250521_151301 - INFO - Epoch 4, Batch 250/1696, Loss: 4.8475
2025-05-21 18:04:06,118 - transvg_dino_vit_20250521_151301 - INFO - Train metrics: l1_loss: 0.5480 | giou_loss: 1.0539 | total_loss: 4.8475
2025-05-21 18:05:15,332 - transvg_dino_vit_20250521_151301 - INFO - Epoch 4, Batch 300/1696, Loss: 4.2243
2025-05-21 18:05:15,332 - transvg_dino_vit_20250521_151301 - INFO - Train metrics: l1_loss: 0.4479 | giou_loss: 0.9925 | total_loss: 4.2243
2025-05-21 18:06:25,568 - transvg_dino_vit_20250521_151301 - INFO - Epoch 4, Batch 350/1696, Loss: 4.2605
2025-05-21 18:06:25,568 - transvg_dino_vit_20250521_151301 - INFO - Train metrics: l1_loss: 0.4650 | giou_loss: 0.9677 | total_loss: 4.2605
2025-05-21 18:07:34,938 - transvg_dino_vit_20250521_151301 - INFO - Epoch 4, Batch 400/1696, Loss: 4.2112
2025-05-21 18:07:34,938 - transvg_dino_vit_20250521_151301 - INFO - Train metrics: l1_loss: 0.4293 | giou_loss: 1.0324 | total_loss: 4.2112
2025-05-21 18:08:45,052 - transvg_dino_vit_20250521_151301 - INFO - Epoch 4, Batch 450/1696, Loss: 4.3463
2025-05-21 18:08:45,052 - transvg_dino_vit_20250521_151301 - INFO - Train metrics: l1_loss: 0.4767 | giou_loss: 0.9814 | total_loss: 4.3463
2025-05-21 18:09:55,278 - transvg_dino_vit_20250521_151301 - INFO - Epoch 4, Batch 500/1696, Loss: 5.0618
2025-05-21 18:09:55,278 - transvg_dino_vit_20250521_151301 - INFO - Train metrics: l1_loss: 0.5748 | giou_loss: 1.0938 | total_loss: 5.0618
2025-05-21 18:11:04,910 - transvg_dino_vit_20250521_151301 - INFO - Epoch 4, Batch 550/1696, Loss: 4.4481
2025-05-21 18:11:04,910 - transvg_dino_vit_20250521_151301 - INFO - Train metrics: l1_loss: 0.5091 | giou_loss: 0.9514 | total_loss: 4.4481
2025-05-21 18:12:14,682 - transvg_dino_vit_20250521_151301 - INFO - Epoch 4, Batch 600/1696, Loss: 4.1013
2025-05-21 18:12:14,682 - transvg_dino_vit_20250521_151301 - INFO - Train metrics: l1_loss: 0.4592 | giou_loss: 0.9027 | total_loss: 4.1013
2025-05-21 18:13:25,210 - transvg_dino_vit_20250521_151301 - INFO - Epoch 4, Batch 650/1696, Loss: 4.2999
2025-05-21 18:13:25,210 - transvg_dino_vit_20250521_151301 - INFO - Train metrics: l1_loss: 0.4760 | giou_loss: 0.9599 | total_loss: 4.2999
2025-05-21 18:14:35,156 - transvg_dino_vit_20250521_151301 - INFO - Epoch 4, Batch 700/1696, Loss: 3.7292
2025-05-21 18:14:35,156 - transvg_dino_vit_20250521_151301 - INFO - Train metrics: l1_loss: 0.4106 | giou_loss: 0.8381 | total_loss: 3.7292
2025-05-21 18:15:45,248 - transvg_dino_vit_20250521_151301 - INFO - Epoch 4, Batch 750/1696, Loss: 4.4086
2025-05-21 18:15:45,248 - transvg_dino_vit_20250521_151301 - INFO - Train metrics: l1_loss: 0.4856 | giou_loss: 0.9903 | total_loss: 4.4086
2025-05-21 18:16:54,901 - transvg_dino_vit_20250521_151301 - INFO - Epoch 4, Batch 800/1696, Loss: 5.1439
2025-05-21 18:16:54,901 - transvg_dino_vit_20250521_151301 - INFO - Train metrics: l1_loss: 0.5827 | giou_loss: 1.1153 | total_loss: 5.1439
2025-05-21 18:18:05,038 - transvg_dino_vit_20250521_151301 - INFO - Epoch 4, Batch 850/1696, Loss: 3.8777
2025-05-21 18:18:05,038 - transvg_dino_vit_20250521_151301 - INFO - Train metrics: l1_loss: 0.4291 | giou_loss: 0.8661 | total_loss: 3.8777
2025-05-21 18:19:15,219 - transvg_dino_vit_20250521_151301 - INFO - Epoch 4, Batch 900/1696, Loss: 4.2795
2025-05-21 18:19:15,219 - transvg_dino_vit_20250521_151301 - INFO - Train metrics: l1_loss: 0.4826 | giou_loss: 0.9333 | total_loss: 4.2795
2025-05-21 18:20:25,237 - transvg_dino_vit_20250521_151301 - INFO - Epoch 4, Batch 950/1696, Loss: 3.4822
2025-05-21 18:20:25,237 - transvg_dino_vit_20250521_151301 - INFO - Train metrics: l1_loss: 0.3533 | giou_loss: 0.8579 | total_loss: 3.4822
2025-05-21 18:21:35,284 - transvg_dino_vit_20250521_151301 - INFO - Epoch 4, Batch 1000/1696, Loss: 3.3695
2025-05-21 18:21:35,284 - transvg_dino_vit_20250521_151301 - INFO - Train metrics: l1_loss: 0.3645 | giou_loss: 0.7736 | total_loss: 3.3695
2025-05-21 18:22:45,311 - transvg_dino_vit_20250521_151301 - INFO - Epoch 4, Batch 1050/1696, Loss: 4.2239
2025-05-21 18:22:45,311 - transvg_dino_vit_20250521_151301 - INFO - Train metrics: l1_loss: 0.4780 | giou_loss: 0.9169 | total_loss: 4.2239
2025-05-21 18:23:54,956 - transvg_dino_vit_20250521_151301 - INFO - Epoch 4, Batch 1100/1696, Loss: 5.4546
2025-05-21 18:23:54,956 - transvg_dino_vit_20250521_151301 - INFO - Train metrics: l1_loss: 0.6194 | giou_loss: 1.1788 | total_loss: 5.4546
2025-05-21 18:25:05,186 - transvg_dino_vit_20250521_151301 - INFO - Epoch 4, Batch 1150/1696, Loss: 4.2093
2025-05-21 18:25:05,186 - transvg_dino_vit_20250521_151301 - INFO - Train metrics: l1_loss: 0.4858 | giou_loss: 0.8901 | total_loss: 4.2093
2025-05-21 18:26:15,038 - transvg_dino_vit_20250521_151301 - INFO - Epoch 4, Batch 1200/1696, Loss: 4.4672
2025-05-21 18:26:15,038 - transvg_dino_vit_20250521_151301 - INFO - Train metrics: l1_loss: 0.4765 | giou_loss: 1.0424 | total_loss: 4.4672
2025-05-21 18:27:24,579 - transvg_dino_vit_20250521_151301 - INFO - Epoch 4, Batch 1250/1696, Loss: 5.0279
2025-05-21 18:27:24,580 - transvg_dino_vit_20250521_151301 - INFO - Train metrics: l1_loss: 0.5623 | giou_loss: 1.1081 | total_loss: 5.0279
2025-05-21 18:28:34,166 - transvg_dino_vit_20250521_151301 - INFO - Epoch 4, Batch 1300/1696, Loss: 5.0248
2025-05-21 18:28:34,167 - transvg_dino_vit_20250521_151301 - INFO - Train metrics: l1_loss: 0.5651 | giou_loss: 1.0996 | total_loss: 5.0248
2025-05-21 18:29:43,822 - transvg_dino_vit_20250521_151301 - INFO - Epoch 4, Batch 1350/1696, Loss: 3.9945
2025-05-21 18:29:43,822 - transvg_dino_vit_20250521_151301 - INFO - Train metrics: l1_loss: 0.4296 | giou_loss: 0.9232 | total_loss: 3.9945
2025-05-21 18:30:53,757 - transvg_dino_vit_20250521_151301 - INFO - Epoch 4, Batch 1400/1696, Loss: 4.0768
2025-05-21 18:30:53,757 - transvg_dino_vit_20250521_151301 - INFO - Train metrics: l1_loss: 0.4509 | giou_loss: 0.9112 | total_loss: 4.0768
2025-05-21 18:32:03,587 - transvg_dino_vit_20250521_151301 - INFO - Epoch 4, Batch 1450/1696, Loss: 3.9940
2025-05-21 18:32:03,587 - transvg_dino_vit_20250521_151301 - INFO - Train metrics: l1_loss: 0.4488 | giou_loss: 0.8750 | total_loss: 3.9940
2025-05-21 18:33:13,506 - transvg_dino_vit_20250521_151301 - INFO - Epoch 4, Batch 1500/1696, Loss: 4.2046
2025-05-21 18:33:13,506 - transvg_dino_vit_20250521_151301 - INFO - Train metrics: l1_loss: 0.4585 | giou_loss: 0.9561 | total_loss: 4.2046
2025-05-21 18:34:22,756 - transvg_dino_vit_20250521_151301 - INFO - Epoch 4, Batch 1550/1696, Loss: 4.4542
2025-05-21 18:34:22,756 - transvg_dino_vit_20250521_151301 - INFO - Train metrics: l1_loss: 0.5301 | giou_loss: 0.9019 | total_loss: 4.4542
2025-05-21 18:35:32,178 - transvg_dino_vit_20250521_151301 - INFO - Epoch 4, Batch 1600/1696, Loss: 4.6544
2025-05-21 18:35:32,178 - transvg_dino_vit_20250521_151301 - INFO - Train metrics: l1_loss: 0.5331 | giou_loss: 0.9945 | total_loss: 4.6544
2025-05-21 18:36:41,929 - transvg_dino_vit_20250521_151301 - INFO - Epoch 4, Batch 1650/1696, Loss: 4.3300
2025-05-21 18:36:41,929 - transvg_dino_vit_20250521_151301 - INFO - Train metrics: l1_loss: 0.4638 | giou_loss: 1.0055 | total_loss: 4.3300
2025-05-21 18:37:44,547 - transvg_dino_vit_20250521_151301 - INFO - Train Epoch 4, Loss: 4.4179
2025-05-21 18:39:42,446 - transvg_dino_vit_20250521_151301 - INFO - Pred box sample: [73.87981414794922, 86.365966796875, 258.29791259765625, 237.7586669921875]
2025-05-21 18:39:42,446 - transvg_dino_vit_20250521_151301 - INFO - Target box sample: [207.0, 198.0, 287.0, 283.0]
2025-05-21 18:39:42,534 - transvg_dino_vit_20250521_151301 - INFO - Validation Epoch 4, Loss: 4.4365
2025-05-21 18:39:42,535 - transvg_dino_vit_20250521_151301 - INFO - Val metrics: Acc@0.25: 0.3235 | Acc@0.5: 0.1163 | Acc@0.75: 0.0135 | mIoU: 0.1854 | medianIoU: 0.0873 | mae_x1: 97.1366 | mae_y1: 95.8283 | mae_x2: 100.9745 | mae_y2: 95.6279 | center_x_error: 84.2594 | center_y_error: 80.3835 | width_error: 2.4160 | height_error: 2.3236 | loss: 4.4365
2025-05-21 18:39:43,399 - transvg_dino_vit_20250521_151301 - INFO - Saved model checkpoint to /home/pokle/Trans-VG/visual_grounding/checkpoints/transvg_dino_vit_20250521_151301_epoch4.pth
2025-05-21 18:39:43,400 - transvg_dino_vit_20250521_151301 - INFO - Epoch 5/200
2025-05-21 18:39:45,282 - transvg_dino_vit_20250521_151301 - INFO - Epoch 5, Batch 0/1696, Loss: 5.4551
2025-05-21 18:39:45,282 - transvg_dino_vit_20250521_151301 - INFO - Train metrics: l1_loss: 0.6291 | giou_loss: 1.1548 | total_loss: 5.4551
2025-05-21 18:40:54,690 - transvg_dino_vit_20250521_151301 - INFO - Epoch 5, Batch 50/1696, Loss: 4.1748
2025-05-21 18:40:54,690 - transvg_dino_vit_20250521_151301 - INFO - Train metrics: l1_loss: 0.4561 | giou_loss: 0.9472 | total_loss: 4.1748
2025-05-21 18:42:04,673 - transvg_dino_vit_20250521_151301 - INFO - Epoch 5, Batch 100/1696, Loss: 4.3697
2025-05-21 18:42:04,673 - transvg_dino_vit_20250521_151301 - INFO - Train metrics: l1_loss: 0.5139 | giou_loss: 0.9000 | total_loss: 4.3697
2025-05-21 18:43:14,323 - transvg_dino_vit_20250521_151301 - INFO - Epoch 5, Batch 150/1696, Loss: 4.9549
2025-05-21 18:43:14,323 - transvg_dino_vit_20250521_151301 - INFO - Train metrics: l1_loss: 0.5615 | giou_loss: 1.0736 | total_loss: 4.9549
2025-05-21 18:44:23,762 - transvg_dino_vit_20250521_151301 - INFO - Epoch 5, Batch 200/1696, Loss: 3.9386
2025-05-21 18:44:23,762 - transvg_dino_vit_20250521_151301 - INFO - Train metrics: l1_loss: 0.4086 | giou_loss: 0.9477 | total_loss: 3.9386
2025-05-21 18:45:33,373 - transvg_dino_vit_20250521_151301 - INFO - Epoch 5, Batch 250/1696, Loss: 4.4661
2025-05-21 18:45:33,373 - transvg_dino_vit_20250521_151301 - INFO - Train metrics: l1_loss: 0.4724 | giou_loss: 1.0520 | total_loss: 4.4661
2025-05-21 18:46:42,405 - transvg_dino_vit_20250521_151301 - INFO - Epoch 5, Batch 300/1696, Loss: 4.5386
2025-05-21 18:46:42,406 - transvg_dino_vit_20250521_151301 - INFO - Train metrics: l1_loss: 0.4964 | giou_loss: 1.0283 | total_loss: 4.5386
2025-05-21 18:47:51,708 - transvg_dino_vit_20250521_151301 - INFO - Epoch 5, Batch 350/1696, Loss: 3.8579
2025-05-21 18:47:51,708 - transvg_dino_vit_20250521_151301 - INFO - Train metrics: l1_loss: 0.3934 | giou_loss: 0.9454 | total_loss: 3.8579
2025-05-21 18:49:01,055 - transvg_dino_vit_20250521_151301 - INFO - Epoch 5, Batch 400/1696, Loss: 4.0118
2025-05-21 18:49:01,055 - transvg_dino_vit_20250521_151301 - INFO - Train metrics: l1_loss: 0.4362 | giou_loss: 0.9153 | total_loss: 4.0118
2025-05-21 18:50:10,846 - transvg_dino_vit_20250521_151301 - INFO - Epoch 5, Batch 450/1696, Loss: 3.6789
2025-05-21 18:50:10,846 - transvg_dino_vit_20250521_151301 - INFO - Train metrics: l1_loss: 0.3991 | giou_loss: 0.8418 | total_loss: 3.6789
2025-05-21 18:51:20,484 - transvg_dino_vit_20250521_151301 - INFO - Epoch 5, Batch 500/1696, Loss: 4.0004
2025-05-21 18:51:20,485 - transvg_dino_vit_20250521_151301 - INFO - Train metrics: l1_loss: 0.4238 | giou_loss: 0.9406 | total_loss: 4.0004
2025-05-21 18:52:29,716 - transvg_dino_vit_20250521_151301 - INFO - Epoch 5, Batch 550/1696, Loss: 4.8387
2025-05-21 18:52:29,716 - transvg_dino_vit_20250521_151301 - INFO - Train metrics: l1_loss: 0.5300 | giou_loss: 1.0944 | total_loss: 4.8387
2025-05-21 18:53:39,141 - transvg_dino_vit_20250521_151301 - INFO - Epoch 5, Batch 600/1696, Loss: 5.0578
2025-05-21 18:53:39,142 - transvg_dino_vit_20250521_151301 - INFO - Train metrics: l1_loss: 0.5619 | giou_loss: 1.1241 | total_loss: 5.0578
2025-05-21 18:54:49,213 - transvg_dino_vit_20250521_151301 - INFO - Epoch 5, Batch 650/1696, Loss: 4.3129
2025-05-21 18:54:49,213 - transvg_dino_vit_20250521_151301 - INFO - Train metrics: l1_loss: 0.5122 | giou_loss: 0.8760 | total_loss: 4.3129
2025-05-21 18:55:58,619 - transvg_dino_vit_20250521_151301 - INFO - Epoch 5, Batch 700/1696, Loss: 4.5110
2025-05-21 18:55:58,619 - transvg_dino_vit_20250521_151301 - INFO - Train metrics: l1_loss: 0.4997 | giou_loss: 1.0063 | total_loss: 4.5110
2025-05-21 18:57:08,659 - transvg_dino_vit_20250521_151301 - INFO - Epoch 5, Batch 750/1696, Loss: 3.9990
2025-05-21 18:57:08,660 - transvg_dino_vit_20250521_151301 - INFO - Train metrics: l1_loss: 0.4375 | giou_loss: 0.9056 | total_loss: 3.9990
2025-05-21 18:58:19,045 - transvg_dino_vit_20250521_151301 - INFO - Epoch 5, Batch 800/1696, Loss: 5.1873
2025-05-21 18:58:19,045 - transvg_dino_vit_20250521_151301 - INFO - Train metrics: l1_loss: 0.6274 | giou_loss: 1.0252 | total_loss: 5.1873
2025-05-21 18:59:29,162 - transvg_dino_vit_20250521_151301 - INFO - Epoch 5, Batch 850/1696, Loss: 3.8146
2025-05-21 18:59:29,162 - transvg_dino_vit_20250521_151301 - INFO - Train metrics: l1_loss: 0.4102 | giou_loss: 0.8818 | total_loss: 3.8146
2025-05-21 19:00:38,597 - transvg_dino_vit_20250521_151301 - INFO - Epoch 5, Batch 900/1696, Loss: 4.2569
2025-05-21 19:00:38,597 - transvg_dino_vit_20250521_151301 - INFO - Train metrics: l1_loss: 0.4438 | giou_loss: 1.0189 | total_loss: 4.2569
2025-05-21 19:01:48,329 - transvg_dino_vit_20250521_151301 - INFO - Epoch 5, Batch 950/1696, Loss: 4.3886
2025-05-21 19:01:48,329 - transvg_dino_vit_20250521_151301 - INFO - Train metrics: l1_loss: 0.4806 | giou_loss: 0.9927 | total_loss: 4.3886
2025-05-21 19:02:57,991 - transvg_dino_vit_20250521_151301 - INFO - Epoch 5, Batch 1000/1696, Loss: 4.8865
2025-05-21 19:02:57,991 - transvg_dino_vit_20250521_151301 - INFO - Train metrics: l1_loss: 0.5742 | giou_loss: 1.0077 | total_loss: 4.8865
2025-05-21 19:04:07,830 - transvg_dino_vit_20250521_151301 - INFO - Epoch 5, Batch 1050/1696, Loss: 4.9366
2025-05-21 19:04:07,830 - transvg_dino_vit_20250521_151301 - INFO - Train metrics: l1_loss: 0.5855 | giou_loss: 1.0047 | total_loss: 4.9366
2025-05-21 19:05:17,866 - transvg_dino_vit_20250521_151301 - INFO - Epoch 5, Batch 1100/1696, Loss: 4.8242
2025-05-21 19:05:17,866 - transvg_dino_vit_20250521_151301 - INFO - Train metrics: l1_loss: 0.5563 | giou_loss: 1.0214 | total_loss: 4.8242
2025-05-21 19:06:27,834 - transvg_dino_vit_20250521_151301 - INFO - Epoch 5, Batch 1150/1696, Loss: 3.7434
2025-05-21 19:06:27,834 - transvg_dino_vit_20250521_151301 - INFO - Train metrics: l1_loss: 0.3920 | giou_loss: 0.8917 | total_loss: 3.7434
2025-05-21 19:07:37,776 - transvg_dino_vit_20250521_151301 - INFO - Epoch 5, Batch 1200/1696, Loss: 4.4379
2025-05-21 19:07:37,777 - transvg_dino_vit_20250521_151301 - INFO - Train metrics: l1_loss: 0.4897 | giou_loss: 0.9947 | total_loss: 4.4379
2025-05-21 19:08:47,236 - transvg_dino_vit_20250521_151301 - INFO - Epoch 5, Batch 1250/1696, Loss: 3.6884
2025-05-21 19:08:47,237 - transvg_dino_vit_20250521_151301 - INFO - Train metrics: l1_loss: 0.4075 | giou_loss: 0.8254 | total_loss: 3.6884
2025-05-21 19:09:57,539 - transvg_dino_vit_20250521_151301 - INFO - Epoch 5, Batch 1300/1696, Loss: 3.5418
2025-05-21 19:09:57,539 - transvg_dino_vit_20250521_151301 - INFO - Train metrics: l1_loss: 0.3816 | giou_loss: 0.8170 | total_loss: 3.5418
2025-05-21 19:11:07,316 - transvg_dino_vit_20250521_151301 - INFO - Epoch 5, Batch 1350/1696, Loss: 4.5064
2025-05-21 19:11:07,317 - transvg_dino_vit_20250521_151301 - INFO - Train metrics: l1_loss: 0.5311 | giou_loss: 0.9254 | total_loss: 4.5064
2025-05-21 19:12:16,924 - transvg_dino_vit_20250521_151301 - INFO - Epoch 5, Batch 1400/1696, Loss: 5.1903
2025-05-21 19:12:16,925 - transvg_dino_vit_20250521_151301 - INFO - Train metrics: l1_loss: 0.5807 | giou_loss: 1.1433 | total_loss: 5.1903
2025-05-21 19:13:26,762 - transvg_dino_vit_20250521_151301 - INFO - Epoch 5, Batch 1450/1696, Loss: 4.5278
2025-05-21 19:13:26,762 - transvg_dino_vit_20250521_151301 - INFO - Train metrics: l1_loss: 0.5102 | giou_loss: 0.9884 | total_loss: 4.5278
2025-05-21 19:14:36,422 - transvg_dino_vit_20250521_151301 - INFO - Epoch 5, Batch 1500/1696, Loss: 3.5840
2025-05-21 19:14:36,422 - transvg_dino_vit_20250521_151301 - INFO - Train metrics: l1_loss: 0.3844 | giou_loss: 0.8309 | total_loss: 3.5840
2025-05-21 19:15:46,144 - transvg_dino_vit_20250521_151301 - INFO - Epoch 5, Batch 1550/1696, Loss: 4.8428
2025-05-21 19:15:46,145 - transvg_dino_vit_20250521_151301 - INFO - Train metrics: l1_loss: 0.5580 | giou_loss: 1.0264 | total_loss: 4.8428
2025-05-21 19:16:55,977 - transvg_dino_vit_20250521_151301 - INFO - Epoch 5, Batch 1600/1696, Loss: 3.8573
2025-05-21 19:16:55,977 - transvg_dino_vit_20250521_151301 - INFO - Train metrics: l1_loss: 0.4256 | giou_loss: 0.8646 | total_loss: 3.8573
2025-05-21 19:18:05,825 - transvg_dino_vit_20250521_151301 - INFO - Epoch 5, Batch 1650/1696, Loss: 4.8394
2025-05-21 19:18:05,825 - transvg_dino_vit_20250521_151301 - INFO - Train metrics: l1_loss: 0.5489 | giou_loss: 1.0473 | total_loss: 4.8394
2025-05-21 19:19:08,346 - transvg_dino_vit_20250521_151301 - INFO - Train Epoch 5, Loss: 4.3945
2025-05-21 19:21:06,850 - transvg_dino_vit_20250521_151301 - INFO - Pred box sample: [78.81007385253906, 75.12723541259766, 225.06039428710938, 219.6968994140625]
2025-05-21 19:21:06,851 - transvg_dino_vit_20250521_151301 - INFO - Target box sample: [207.0, 198.0, 287.0, 283.0]
2025-05-21 19:21:06,928 - transvg_dino_vit_20250521_151301 - INFO - Validation Epoch 5, Loss: 4.3915
2025-05-21 19:21:06,928 - transvg_dino_vit_20250521_151301 - INFO - Val metrics: Acc@0.25: 0.3246 | Acc@0.5: 0.1235 | Acc@0.75: 0.0157 | mIoU: 0.1888 | medianIoU: 0.0928 | mae_x1: 96.9892 | mae_y1: 95.4910 | mae_x2: 100.8790 | mae_y2: 93.4947 | center_x_error: 83.8809 | center_y_error: 78.6051 | width_error: 2.5122 | height_error: 2.4165 | loss: 4.3915
2025-05-21 19:21:07,816 - transvg_dino_vit_20250521_151301 - INFO - Saved model checkpoint to /home/pokle/Trans-VG/visual_grounding/checkpoints/transvg_dino_vit_20250521_151301_epoch5.pth
2025-05-21 19:21:07,816 - transvg_dino_vit_20250521_151301 - INFO - New best model! Acc@0.5: 0.1235
2025-05-21 19:21:07,816 - transvg_dino_vit_20250521_151301 - INFO - Epoch 6/200
2025-05-21 19:21:09,672 - transvg_dino_vit_20250521_151301 - INFO - Epoch 6, Batch 0/1696, Loss: 3.9536
2025-05-21 19:21:09,672 - transvg_dino_vit_20250521_151301 - INFO - Train metrics: l1_loss: 0.4278 | giou_loss: 0.9072 | total_loss: 3.9536
2025-05-21 19:22:19,471 - transvg_dino_vit_20250521_151301 - INFO - Epoch 6, Batch 50/1696, Loss: 3.3629
2025-05-21 19:22:19,472 - transvg_dino_vit_20250521_151301 - INFO - Train metrics: l1_loss: 0.3652 | giou_loss: 0.7684 | total_loss: 3.3629
2025-05-21 19:23:28,885 - transvg_dino_vit_20250521_151301 - INFO - Epoch 6, Batch 100/1696, Loss: 3.7909
2025-05-21 19:23:28,885 - transvg_dino_vit_20250521_151301 - INFO - Train metrics: l1_loss: 0.4133 | giou_loss: 0.8621 | total_loss: 3.7909
2025-05-21 19:24:38,205 - transvg_dino_vit_20250521_151301 - INFO - Epoch 6, Batch 150/1696, Loss: 4.3857
2025-05-21 19:24:38,205 - transvg_dino_vit_20250521_151301 - INFO - Train metrics: l1_loss: 0.4962 | giou_loss: 0.9524 | total_loss: 4.3857
2025-05-21 19:25:47,967 - transvg_dino_vit_20250521_151301 - INFO - Epoch 6, Batch 200/1696, Loss: 4.7370
2025-05-21 19:25:47,967 - transvg_dino_vit_20250521_151301 - INFO - Train metrics: l1_loss: 0.5230 | giou_loss: 1.0610 | total_loss: 4.7370
2025-05-21 19:26:57,384 - transvg_dino_vit_20250521_151301 - INFO - Epoch 6, Batch 250/1696, Loss: 4.3354
2025-05-21 19:26:57,384 - transvg_dino_vit_20250521_151301 - INFO - Train metrics: l1_loss: 0.4800 | giou_loss: 0.9677 | total_loss: 4.3354
2025-05-21 19:28:06,899 - transvg_dino_vit_20250521_151301 - INFO - Epoch 6, Batch 300/1696, Loss: 4.8149
2025-05-21 19:28:06,899 - transvg_dino_vit_20250521_151301 - INFO - Train metrics: l1_loss: 0.5613 | giou_loss: 1.0042 | total_loss: 4.8149
2025-05-21 19:29:16,572 - transvg_dino_vit_20250521_151301 - INFO - Epoch 6, Batch 350/1696, Loss: 5.4059
2025-05-21 19:29:16,573 - transvg_dino_vit_20250521_151301 - INFO - Train metrics: l1_loss: 0.6002 | giou_loss: 1.2024 | total_loss: 5.4059
2025-05-21 19:30:26,054 - transvg_dino_vit_20250521_151301 - INFO - Epoch 6, Batch 400/1696, Loss: 4.3710
2025-05-21 19:30:26,054 - transvg_dino_vit_20250521_151301 - INFO - Train metrics: l1_loss: 0.4744 | giou_loss: 0.9994 | total_loss: 4.3710
2025-05-21 19:31:36,148 - transvg_dino_vit_20250521_151301 - INFO - Epoch 6, Batch 450/1696, Loss: 4.6998
2025-05-21 19:31:36,148 - transvg_dino_vit_20250521_151301 - INFO - Train metrics: l1_loss: 0.5062 | giou_loss: 1.0843 | total_loss: 4.6998
2025-05-21 19:32:45,637 - transvg_dino_vit_20250521_151301 - INFO - Epoch 6, Batch 500/1696, Loss: 4.7451
2025-05-21 19:32:45,637 - transvg_dino_vit_20250521_151301 - INFO - Train metrics: l1_loss: 0.5104 | giou_loss: 1.0964 | total_loss: 4.7451
2025-05-21 19:33:55,472 - transvg_dino_vit_20250521_151301 - INFO - Epoch 6, Batch 550/1696, Loss: 4.0029
2025-05-21 19:33:55,472 - transvg_dino_vit_20250521_151301 - INFO - Train metrics: l1_loss: 0.4154 | giou_loss: 0.9631 | total_loss: 4.0029
2025-05-21 19:35:05,428 - transvg_dino_vit_20250521_151301 - INFO - Epoch 6, Batch 600/1696, Loss: 3.8173
2025-05-21 19:35:05,428 - transvg_dino_vit_20250521_151301 - INFO - Train metrics: l1_loss: 0.4051 | giou_loss: 0.8958 | total_loss: 3.8173
2025-05-21 19:36:14,805 - transvg_dino_vit_20250521_151301 - INFO - Epoch 6, Batch 650/1696, Loss: 4.0806
2025-05-21 19:36:14,805 - transvg_dino_vit_20250521_151301 - INFO - Train metrics: l1_loss: 0.4209 | giou_loss: 0.9882 | total_loss: 4.0806
2025-05-21 19:37:24,054 - transvg_dino_vit_20250521_151301 - INFO - Epoch 6, Batch 700/1696, Loss: 4.2595
2025-05-21 19:37:24,054 - transvg_dino_vit_20250521_151301 - INFO - Train metrics: l1_loss: 0.4844 | giou_loss: 0.9189 | total_loss: 4.2595
2025-05-21 19:38:33,590 - transvg_dino_vit_20250521_151301 - INFO - Epoch 6, Batch 750/1696, Loss: 4.3891
2025-05-21 19:38:33,590 - transvg_dino_vit_20250521_151301 - INFO - Train metrics: l1_loss: 0.4967 | giou_loss: 0.9528 | total_loss: 4.3891
2025-05-21 19:39:43,613 - transvg_dino_vit_20250521_151301 - INFO - Epoch 6, Batch 800/1696, Loss: 4.0595
2025-05-21 19:39:43,614 - transvg_dino_vit_20250521_151301 - INFO - Train metrics: l1_loss: 0.4317 | giou_loss: 0.9504 | total_loss: 4.0595
2025-05-21 19:40:53,451 - transvg_dino_vit_20250521_151301 - INFO - Epoch 6, Batch 850/1696, Loss: 4.9802
2025-05-21 19:40:53,451 - transvg_dino_vit_20250521_151301 - INFO - Train metrics: l1_loss: 0.5416 | giou_loss: 1.1361 | total_loss: 4.9802
2025-05-21 19:42:03,115 - transvg_dino_vit_20250521_151301 - INFO - Epoch 6, Batch 900/1696, Loss: 4.4995
2025-05-21 19:42:03,115 - transvg_dino_vit_20250521_151301 - INFO - Train metrics: l1_loss: 0.4772 | giou_loss: 1.0569 | total_loss: 4.4995
2025-05-21 19:43:12,659 - transvg_dino_vit_20250521_151301 - INFO - Epoch 6, Batch 950/1696, Loss: 4.4968
2025-05-21 19:43:12,659 - transvg_dino_vit_20250521_151301 - INFO - Train metrics: l1_loss: 0.5120 | giou_loss: 0.9684 | total_loss: 4.4968
2025-05-21 19:44:22,565 - transvg_dino_vit_20250521_151301 - INFO - Epoch 6, Batch 1000/1696, Loss: 4.5771
2025-05-21 19:44:22,565 - transvg_dino_vit_20250521_151301 - INFO - Train metrics: l1_loss: 0.5064 | giou_loss: 1.0225 | total_loss: 4.5771
2025-05-21 19:45:32,410 - transvg_dino_vit_20250521_151301 - INFO - Epoch 6, Batch 1050/1696, Loss: 4.3690
2025-05-21 19:45:32,410 - transvg_dino_vit_20250521_151301 - INFO - Train metrics: l1_loss: 0.4660 | giou_loss: 1.0194 | total_loss: 4.3690
2025-05-21 19:46:42,250 - transvg_dino_vit_20250521_151301 - INFO - Epoch 6, Batch 1100/1696, Loss: 5.0038
2025-05-21 19:46:42,250 - transvg_dino_vit_20250521_151301 - INFO - Train metrics: l1_loss: 0.5654 | giou_loss: 1.0885 | total_loss: 5.0038
2025-05-21 19:47:52,014 - transvg_dino_vit_20250521_151301 - INFO - Epoch 6, Batch 1150/1696, Loss: 4.8900
2025-05-21 19:47:52,014 - transvg_dino_vit_20250521_151301 - INFO - Train metrics: l1_loss: 0.5496 | giou_loss: 1.0710 | total_loss: 4.8900
2025-05-21 19:49:01,855 - transvg_dino_vit_20250521_151301 - INFO - Epoch 6, Batch 1200/1696, Loss: 4.2731
2025-05-21 19:49:01,855 - transvg_dino_vit_20250521_151301 - INFO - Train metrics: l1_loss: 0.4524 | giou_loss: 1.0055 | total_loss: 4.2731
2025-05-21 19:50:11,632 - transvg_dino_vit_20250521_151301 - INFO - Epoch 6, Batch 1250/1696, Loss: 4.1829
2025-05-21 19:50:11,632 - transvg_dino_vit_20250521_151301 - INFO - Train metrics: l1_loss: 0.4679 | giou_loss: 0.9217 | total_loss: 4.1829
2025-05-21 19:51:21,367 - transvg_dino_vit_20250521_151301 - INFO - Epoch 6, Batch 1300/1696, Loss: 5.2111
2025-05-21 19:51:21,367 - transvg_dino_vit_20250521_151301 - INFO - Train metrics: l1_loss: 0.5808 | giou_loss: 1.1536 | total_loss: 5.2111
2025-05-21 19:52:30,888 - transvg_dino_vit_20250521_151301 - INFO - Epoch 6, Batch 1350/1696, Loss: 3.8688
2025-05-21 19:52:30,888 - transvg_dino_vit_20250521_151301 - INFO - Train metrics: l1_loss: 0.3918 | giou_loss: 0.9550 | total_loss: 3.8688
2025-05-21 19:53:40,852 - transvg_dino_vit_20250521_151301 - INFO - Epoch 6, Batch 1400/1696, Loss: 4.5291
2025-05-21 19:53:40,852 - transvg_dino_vit_20250521_151301 - INFO - Train metrics: l1_loss: 0.4947 | giou_loss: 1.0278 | total_loss: 4.5291
2025-05-21 19:54:50,789 - transvg_dino_vit_20250521_151301 - INFO - Epoch 6, Batch 1450/1696, Loss: 4.7751
2025-05-21 19:54:50,789 - transvg_dino_vit_20250521_151301 - INFO - Train metrics: l1_loss: 0.5317 | giou_loss: 1.0582 | total_loss: 4.7751
2025-05-21 19:56:00,846 - transvg_dino_vit_20250521_151301 - INFO - Epoch 6, Batch 1500/1696, Loss: 5.4248
2025-05-21 19:56:00,846 - transvg_dino_vit_20250521_151301 - INFO - Train metrics: l1_loss: 0.6217 | giou_loss: 1.1580 | total_loss: 5.4248
2025-05-21 19:57:10,272 - transvg_dino_vit_20250521_151301 - INFO - Epoch 6, Batch 1550/1696, Loss: 4.6036
2025-05-21 19:57:10,272 - transvg_dino_vit_20250521_151301 - INFO - Train metrics: l1_loss: 0.5162 | giou_loss: 1.0113 | total_loss: 4.6036
2025-05-21 19:58:19,621 - transvg_dino_vit_20250521_151301 - INFO - Epoch 6, Batch 1600/1696, Loss: 4.9632
2025-05-21 19:58:19,621 - transvg_dino_vit_20250521_151301 - INFO - Train metrics: l1_loss: 0.5488 | giou_loss: 1.1095 | total_loss: 4.9632
2025-05-21 19:59:29,159 - transvg_dino_vit_20250521_151301 - INFO - Epoch 6, Batch 1650/1696, Loss: 4.2542
2025-05-21 19:59:29,160 - transvg_dino_vit_20250521_151301 - INFO - Train metrics: l1_loss: 0.4585 | giou_loss: 0.9809 | total_loss: 4.2542
2025-05-21 20:00:31,655 - transvg_dino_vit_20250521_151301 - INFO - Train Epoch 6, Loss: 4.3645
2025-05-21 20:02:29,637 - transvg_dino_vit_20250521_151301 - INFO - Pred box sample: [83.1199722290039, 69.60902404785156, 248.89349365234375, 207.5206756591797]
2025-05-21 20:02:29,637 - transvg_dino_vit_20250521_151301 - INFO - Target box sample: [207.0, 198.0, 287.0, 283.0]
2025-05-21 20:02:29,714 - transvg_dino_vit_20250521_151301 - INFO - Validation Epoch 6, Loss: 4.4366
2025-05-21 20:02:29,714 - transvg_dino_vit_20250521_151301 - INFO - Val metrics: Acc@0.25: 0.3211 | Acc@0.5: 0.1169 | Acc@0.75: 0.0165 | mIoU: 0.1840 | medianIoU: 0.0831 | mae_x1: 98.1649 | mae_y1: 96.1671 | mae_x2: 100.8341 | mae_y2: 94.0656 | center_x_error: 84.3474 | center_y_error: 80.0282 | width_error: 2.4718 | height_error: 2.3096 | loss: 4.4366
2025-05-21 20:02:30,550 - transvg_dino_vit_20250521_151301 - INFO - Saved model checkpoint to /home/pokle/Trans-VG/visual_grounding/checkpoints/transvg_dino_vit_20250521_151301_epoch6.pth
2025-05-21 20:02:30,551 - transvg_dino_vit_20250521_151301 - INFO - Epoch 7/200
2025-05-21 20:02:32,463 - transvg_dino_vit_20250521_151301 - INFO - Epoch 7, Batch 0/1696, Loss: 4.4226
2025-05-21 20:02:32,464 - transvg_dino_vit_20250521_151301 - INFO - Train metrics: l1_loss: 0.4607 | giou_loss: 1.0596 | total_loss: 4.4226
2025-05-21 20:03:42,330 - transvg_dino_vit_20250521_151301 - INFO - Epoch 7, Batch 50/1696, Loss: 3.5278
2025-05-21 20:03:42,331 - transvg_dino_vit_20250521_151301 - INFO - Train metrics: l1_loss: 0.3677 | giou_loss: 0.8447 | total_loss: 3.5278
2025-05-21 20:04:52,397 - transvg_dino_vit_20250521_151301 - INFO - Epoch 7, Batch 100/1696, Loss: 4.3235
2025-05-21 20:04:52,397 - transvg_dino_vit_20250521_151301 - INFO - Train metrics: l1_loss: 0.4757 | giou_loss: 0.9725 | total_loss: 4.3235
2025-05-21 20:06:02,166 - transvg_dino_vit_20250521_151301 - INFO - Epoch 7, Batch 150/1696, Loss: 4.2511
2025-05-21 20:06:02,166 - transvg_dino_vit_20250521_151301 - INFO - Train metrics: l1_loss: 0.4452 | giou_loss: 1.0127 | total_loss: 4.2511
2025-05-21 20:07:12,005 - transvg_dino_vit_20250521_151301 - INFO - Epoch 7, Batch 200/1696, Loss: 3.5684
2025-05-21 20:07:12,005 - transvg_dino_vit_20250521_151301 - INFO - Train metrics: l1_loss: 0.3609 | giou_loss: 0.8820 | total_loss: 3.5684
2025-05-21 20:08:21,805 - transvg_dino_vit_20250521_151301 - INFO - Epoch 7, Batch 250/1696, Loss: 4.4039
2025-05-21 20:08:21,806 - transvg_dino_vit_20250521_151301 - INFO - Train metrics: l1_loss: 0.4929 | giou_loss: 0.9697 | total_loss: 4.4039
2025-05-21 20:09:31,689 - transvg_dino_vit_20250521_151301 - INFO - Epoch 7, Batch 300/1696, Loss: 4.2406
2025-05-21 20:09:31,689 - transvg_dino_vit_20250521_151301 - INFO - Train metrics: l1_loss: 0.4742 | giou_loss: 0.9349 | total_loss: 4.2406
2025-05-21 20:10:41,686 - transvg_dino_vit_20250521_151301 - INFO - Epoch 7, Batch 350/1696, Loss: 4.8459
2025-05-21 20:10:41,686 - transvg_dino_vit_20250521_151301 - INFO - Train metrics: l1_loss: 0.5506 | giou_loss: 1.0464 | total_loss: 4.8459
2025-05-21 20:11:51,720 - transvg_dino_vit_20250521_151301 - INFO - Epoch 7, Batch 400/1696, Loss: 4.0891
2025-05-21 20:11:51,720 - transvg_dino_vit_20250521_151301 - INFO - Train metrics: l1_loss: 0.4408 | giou_loss: 0.9424 | total_loss: 4.0891
2025-05-21 20:13:01,333 - transvg_dino_vit_20250521_151301 - INFO - Epoch 7, Batch 450/1696, Loss: 4.2696
2025-05-21 20:13:01,334 - transvg_dino_vit_20250521_151301 - INFO - Train metrics: l1_loss: 0.4883 | giou_loss: 0.9141 | total_loss: 4.2696
2025-05-21 20:14:11,337 - transvg_dino_vit_20250521_151301 - INFO - Epoch 7, Batch 500/1696, Loss: 5.3219
2025-05-21 20:14:11,337 - transvg_dino_vit_20250521_151301 - INFO - Train metrics: l1_loss: 0.6336 | giou_loss: 1.0771 | total_loss: 5.3219
2025-05-21 20:15:21,328 - transvg_dino_vit_20250521_151301 - INFO - Epoch 7, Batch 550/1696, Loss: 4.5826
2025-05-21 20:15:21,328 - transvg_dino_vit_20250521_151301 - INFO - Train metrics: l1_loss: 0.5044 | giou_loss: 1.0302 | total_loss: 4.5826
2025-05-21 20:16:31,230 - transvg_dino_vit_20250521_151301 - INFO - Epoch 7, Batch 600/1696, Loss: 3.8246
2025-05-21 20:16:31,230 - transvg_dino_vit_20250521_151301 - INFO - Train metrics: l1_loss: 0.4234 | giou_loss: 0.8539 | total_loss: 3.8246
2025-05-21 20:17:41,235 - transvg_dino_vit_20250521_151301 - INFO - Epoch 7, Batch 650/1696, Loss: 5.3925
2025-05-21 20:17:41,235 - transvg_dino_vit_20250521_151301 - INFO - Train metrics: l1_loss: 0.6196 | giou_loss: 1.1472 | total_loss: 5.3925
2025-05-21 20:18:51,341 - transvg_dino_vit_20250521_151301 - INFO - Epoch 7, Batch 700/1696, Loss: 4.0702
2025-05-21 20:18:51,341 - transvg_dino_vit_20250521_151301 - INFO - Train metrics: l1_loss: 0.4481 | giou_loss: 0.9149 | total_loss: 4.0702
2025-05-21 20:20:01,279 - transvg_dino_vit_20250521_151301 - INFO - Epoch 7, Batch 750/1696, Loss: 3.2551
2025-05-21 20:20:01,279 - transvg_dino_vit_20250521_151301 - INFO - Train metrics: l1_loss: 0.3652 | giou_loss: 0.7146 | total_loss: 3.2551
2025-05-21 20:21:11,273 - transvg_dino_vit_20250521_151301 - INFO - Epoch 7, Batch 800/1696, Loss: 4.6606
2025-05-21 20:21:11,273 - transvg_dino_vit_20250521_151301 - INFO - Train metrics: l1_loss: 0.4987 | giou_loss: 1.0834 | total_loss: 4.6606
2025-05-21 20:22:21,474 - transvg_dino_vit_20250521_151301 - INFO - Epoch 7, Batch 850/1696, Loss: 4.0564
2025-05-21 20:22:21,474 - transvg_dino_vit_20250521_151301 - INFO - Train metrics: l1_loss: 0.4329 | giou_loss: 0.9460 | total_loss: 4.0564
2025-05-21 20:23:31,317 - transvg_dino_vit_20250521_151301 - INFO - Epoch 7, Batch 900/1696, Loss: 5.0079
2025-05-21 20:23:31,317 - transvg_dino_vit_20250521_151301 - INFO - Train metrics: l1_loss: 0.5826 | giou_loss: 1.0473 | total_loss: 5.0079
2025-05-21 20:24:40,516 - transvg_dino_vit_20250521_151301 - INFO - Epoch 7, Batch 950/1696, Loss: 4.1142
2025-05-21 20:24:40,516 - transvg_dino_vit_20250521_151301 - INFO - Train metrics: l1_loss: 0.4379 | giou_loss: 0.9623 | total_loss: 4.1142
2025-05-21 20:25:50,330 - transvg_dino_vit_20250521_151301 - INFO - Epoch 7, Batch 1000/1696, Loss: 3.6532
2025-05-21 20:25:50,330 - transvg_dino_vit_20250521_151301 - INFO - Train metrics: l1_loss: 0.4044 | giou_loss: 0.8157 | total_loss: 3.6532
2025-05-21 20:26:59,732 - transvg_dino_vit_20250521_151301 - INFO - Epoch 7, Batch 1050/1696, Loss: 4.9725
2025-05-21 20:26:59,732 - transvg_dino_vit_20250521_151301 - INFO - Train metrics: l1_loss: 0.5919 | giou_loss: 1.0065 | total_loss: 4.9725
2025-05-21 20:28:09,865 - transvg_dino_vit_20250521_151301 - INFO - Epoch 7, Batch 1100/1696, Loss: 4.7016
2025-05-21 20:28:09,865 - transvg_dino_vit_20250521_151301 - INFO - Train metrics: l1_loss: 0.5219 | giou_loss: 1.0460 | total_loss: 4.7016
2025-05-21 20:29:19,844 - transvg_dino_vit_20250521_151301 - INFO - Epoch 7, Batch 1150/1696, Loss: 4.5701
2025-05-21 20:29:19,844 - transvg_dino_vit_20250521_151301 - INFO - Train metrics: l1_loss: 0.4986 | giou_loss: 1.0385 | total_loss: 4.5701
2025-05-21 20:30:29,353 - transvg_dino_vit_20250521_151301 - INFO - Epoch 7, Batch 1200/1696, Loss: 4.9334
2025-05-21 20:30:29,353 - transvg_dino_vit_20250521_151301 - INFO - Train metrics: l1_loss: 0.5699 | giou_loss: 1.0418 | total_loss: 4.9334
2025-05-21 20:31:39,259 - transvg_dino_vit_20250521_151301 - INFO - Epoch 7, Batch 1250/1696, Loss: 3.4723
2025-05-21 20:31:39,259 - transvg_dino_vit_20250521_151301 - INFO - Train metrics: l1_loss: 0.3550 | giou_loss: 0.8486 | total_loss: 3.4723
2025-05-21 20:32:49,029 - transvg_dino_vit_20250521_151301 - INFO - Epoch 7, Batch 1300/1696, Loss: 4.3275
2025-05-21 20:32:49,029 - transvg_dino_vit_20250521_151301 - INFO - Train metrics: l1_loss: 0.4551 | giou_loss: 1.0259 | total_loss: 4.3275
2025-05-21 20:33:58,744 - transvg_dino_vit_20250521_151301 - INFO - Epoch 7, Batch 1350/1696, Loss: 3.6768
2025-05-21 20:33:58,744 - transvg_dino_vit_20250521_151301 - INFO - Train metrics: l1_loss: 0.3963 | giou_loss: 0.8477 | total_loss: 3.6768
2025-05-21 20:35:08,912 - transvg_dino_vit_20250521_151301 - INFO - Epoch 7, Batch 1400/1696, Loss: 4.9843
2025-05-21 20:35:08,912 - transvg_dino_vit_20250521_151301 - INFO - Train metrics: l1_loss: 0.5636 | giou_loss: 1.0831 | total_loss: 4.9843
2025-05-21 20:36:18,804 - transvg_dino_vit_20250521_151301 - INFO - Epoch 7, Batch 1450/1696, Loss: 3.9198
2025-05-21 20:36:18,804 - transvg_dino_vit_20250521_151301 - INFO - Train metrics: l1_loss: 0.4008 | giou_loss: 0.9579 | total_loss: 3.9198
2025-05-21 20:37:29,137 - transvg_dino_vit_20250521_151301 - INFO - Epoch 7, Batch 1500/1696, Loss: 4.3670
2025-05-21 20:37:29,137 - transvg_dino_vit_20250521_151301 - INFO - Train metrics: l1_loss: 0.4987 | giou_loss: 0.9368 | total_loss: 4.3670
2025-05-21 20:38:38,630 - transvg_dino_vit_20250521_151301 - INFO - Epoch 7, Batch 1550/1696, Loss: 4.1818
2025-05-21 20:38:38,630 - transvg_dino_vit_20250521_151301 - INFO - Train metrics: l1_loss: 0.4685 | giou_loss: 0.9197 | total_loss: 4.1818
2025-05-21 20:39:48,180 - transvg_dino_vit_20250521_151301 - INFO - Epoch 7, Batch 1600/1696, Loss: 3.8621
2025-05-21 20:39:48,180 - transvg_dino_vit_20250521_151301 - INFO - Train metrics: l1_loss: 0.4132 | giou_loss: 0.8980 | total_loss: 3.8621
2025-05-21 20:40:58,191 - transvg_dino_vit_20250521_151301 - INFO - Epoch 7, Batch 1650/1696, Loss: 4.8192
2025-05-21 20:40:58,191 - transvg_dino_vit_20250521_151301 - INFO - Train metrics: l1_loss: 0.5414 | giou_loss: 1.0560 | total_loss: 4.8192
2025-05-21 20:42:01,243 - transvg_dino_vit_20250521_151301 - INFO - Train Epoch 7, Loss: 4.3356
2025-05-21 20:43:59,312 - transvg_dino_vit_20250521_151301 - INFO - Pred box sample: [65.94031524658203, 79.02530670166016, 246.3512725830078, 233.79498291015625]
2025-05-21 20:43:59,312 - transvg_dino_vit_20250521_151301 - INFO - Target box sample: [207.0, 198.0, 287.0, 283.0]
2025-05-21 20:43:59,384 - transvg_dino_vit_20250521_151301 - INFO - Validation Epoch 7, Loss: 4.4304
2025-05-21 20:43:59,384 - transvg_dino_vit_20250521_151301 - INFO - Val metrics: Acc@0.25: 0.3208 | Acc@0.5: 0.1211 | Acc@0.75: 0.0167 | mIoU: 0.1865 | medianIoU: 0.0914 | mae_x1: 100.4592 | mae_y1: 94.8035 | mae_x2: 100.6925 | mae_y2: 97.5364 | center_x_error: 85.4997 | center_y_error: 79.1087 | width_error: 2.5602 | height_error: 2.5201 | loss: 4.4304
2025-05-21 20:44:00,271 - transvg_dino_vit_20250521_151301 - INFO - Saved model checkpoint to /home/pokle/Trans-VG/visual_grounding/checkpoints/transvg_dino_vit_20250521_151301_epoch7.pth
2025-05-21 20:44:00,271 - transvg_dino_vit_20250521_151301 - INFO - Epoch 8/200
2025-05-21 20:44:02,148 - transvg_dino_vit_20250521_151301 - INFO - Epoch 8, Batch 0/1696, Loss: 4.0434
2025-05-21 20:44:02,149 - transvg_dino_vit_20250521_151301 - INFO - Train metrics: l1_loss: 0.4266 | giou_loss: 0.9552 | total_loss: 4.0434
2025-05-21 20:45:12,347 - transvg_dino_vit_20250521_151301 - INFO - Epoch 8, Batch 50/1696, Loss: 4.7116
2025-05-21 20:45:12,347 - transvg_dino_vit_20250521_151301 - INFO - Train metrics: l1_loss: 0.5274 | giou_loss: 1.0372 | total_loss: 4.7116
2025-05-21 20:46:22,379 - transvg_dino_vit_20250521_151301 - INFO - Epoch 8, Batch 100/1696, Loss: 3.4284
2025-05-21 20:46:22,379 - transvg_dino_vit_20250521_151301 - INFO - Train metrics: l1_loss: 0.3708 | giou_loss: 0.7873 | total_loss: 3.4284
2025-05-21 20:47:32,307 - transvg_dino_vit_20250521_151301 - INFO - Epoch 8, Batch 150/1696, Loss: 4.1340
2025-05-21 20:47:32,308 - transvg_dino_vit_20250521_151301 - INFO - Train metrics: l1_loss: 0.4448 | giou_loss: 0.9550 | total_loss: 4.1340
2025-05-21 20:48:41,897 - transvg_dino_vit_20250521_151301 - INFO - Epoch 8, Batch 200/1696, Loss: 3.5420
2025-05-21 20:48:41,898 - transvg_dino_vit_20250521_151301 - INFO - Train metrics: l1_loss: 0.3772 | giou_loss: 0.8281 | total_loss: 3.5420
2025-05-21 20:49:51,103 - transvg_dino_vit_20250521_151301 - INFO - Epoch 8, Batch 250/1696, Loss: 4.1334
2025-05-21 20:49:51,103 - transvg_dino_vit_20250521_151301 - INFO - Train metrics: l1_loss: 0.4692 | giou_loss: 0.8938 | total_loss: 4.1334
2025-05-21 20:51:00,758 - transvg_dino_vit_20250521_151301 - INFO - Epoch 8, Batch 300/1696, Loss: 4.5073
2025-05-21 20:51:00,759 - transvg_dino_vit_20250521_151301 - INFO - Train metrics: l1_loss: 0.5156 | giou_loss: 0.9646 | total_loss: 4.5073
2025-05-21 20:52:09,966 - transvg_dino_vit_20250521_151301 - INFO - Epoch 8, Batch 350/1696, Loss: 3.6567
2025-05-21 20:52:09,966 - transvg_dino_vit_20250521_151301 - INFO - Train metrics: l1_loss: 0.3912 | giou_loss: 0.8503 | total_loss: 3.6567
2025-05-21 20:53:18,995 - transvg_dino_vit_20250521_151301 - INFO - Epoch 8, Batch 400/1696, Loss: 3.9367
2025-05-21 20:53:18,996 - transvg_dino_vit_20250521_151301 - INFO - Train metrics: l1_loss: 0.3997 | giou_loss: 0.9690 | total_loss: 3.9367
2025-05-21 20:54:27,788 - transvg_dino_vit_20250521_151301 - INFO - Epoch 8, Batch 450/1696, Loss: 3.7637
2025-05-21 20:54:27,788 - transvg_dino_vit_20250521_151301 - INFO - Train metrics: l1_loss: 0.3893 | giou_loss: 0.9086 | total_loss: 3.7637
2025-05-21 20:55:36,410 - transvg_dino_vit_20250521_151301 - INFO - Epoch 8, Batch 500/1696, Loss: 5.4120
2025-05-21 20:55:36,410 - transvg_dino_vit_20250521_151301 - INFO - Train metrics: l1_loss: 0.6022 | giou_loss: 1.2004 | total_loss: 5.4120
2025-05-21 20:56:44,612 - transvg_dino_vit_20250521_151301 - INFO - Epoch 8, Batch 550/1696, Loss: 3.9403
2025-05-21 20:56:44,613 - transvg_dino_vit_20250521_151301 - INFO - Train metrics: l1_loss: 0.4252 | giou_loss: 0.9072 | total_loss: 3.9403
2025-05-21 20:57:53,779 - transvg_dino_vit_20250521_151301 - INFO - Epoch 8, Batch 600/1696, Loss: 4.4696
2025-05-21 20:57:53,779 - transvg_dino_vit_20250521_151301 - INFO - Train metrics: l1_loss: 0.4661 | giou_loss: 1.0696 | total_loss: 4.4696
2025-05-21 20:59:02,812 - transvg_dino_vit_20250521_151301 - INFO - Epoch 8, Batch 650/1696, Loss: 4.2662
2025-05-21 20:59:02,813 - transvg_dino_vit_20250521_151301 - INFO - Train metrics: l1_loss: 0.4503 | giou_loss: 1.0073 | total_loss: 4.2662
2025-05-21 21:00:11,486 - transvg_dino_vit_20250521_151301 - INFO - Epoch 8, Batch 700/1696, Loss: 3.3222
2025-05-21 21:00:11,486 - transvg_dino_vit_20250521_151301 - INFO - Train metrics: l1_loss: 0.3367 | giou_loss: 0.8194 | total_loss: 3.3222
2025-05-21 21:01:20,829 - transvg_dino_vit_20250521_151301 - INFO - Epoch 8, Batch 750/1696, Loss: 3.7975
2025-05-21 21:01:20,830 - transvg_dino_vit_20250521_151301 - INFO - Train metrics: l1_loss: 0.4043 | giou_loss: 0.8879 | total_loss: 3.7975
2025-05-21 21:02:29,617 - transvg_dino_vit_20250521_151301 - INFO - Epoch 8, Batch 800/1696, Loss: 4.2453
2025-05-21 21:02:29,618 - transvg_dino_vit_20250521_151301 - INFO - Train metrics: l1_loss: 0.4691 | giou_loss: 0.9500 | total_loss: 4.2453
2025-05-21 21:03:39,312 - transvg_dino_vit_20250521_151301 - INFO - Epoch 8, Batch 850/1696, Loss: 4.1064
2025-05-21 21:03:39,313 - transvg_dino_vit_20250521_151301 - INFO - Train metrics: l1_loss: 0.4482 | giou_loss: 0.9326 | total_loss: 4.1064
2025-05-21 21:04:47,904 - transvg_dino_vit_20250521_151301 - INFO - Epoch 8, Batch 900/1696, Loss: 4.4546
2025-05-21 21:04:47,904 - transvg_dino_vit_20250521_151301 - INFO - Train metrics: l1_loss: 0.5144 | giou_loss: 0.9414 | total_loss: 4.4546
2025-05-21 21:05:57,366 - transvg_dino_vit_20250521_151301 - INFO - Epoch 8, Batch 950/1696, Loss: 4.1028
2025-05-21 21:05:57,366 - transvg_dino_vit_20250521_151301 - INFO - Train metrics: l1_loss: 0.4364 | giou_loss: 0.9604 | total_loss: 4.1028
2025-05-21 21:07:05,536 - transvg_dino_vit_20250521_151301 - INFO - Epoch 8, Batch 1000/1696, Loss: 3.8727
2025-05-21 21:07:05,537 - transvg_dino_vit_20250521_151301 - INFO - Train metrics: l1_loss: 0.4288 | giou_loss: 0.8643 | total_loss: 3.8727
2025-05-21 21:08:14,163 - transvg_dino_vit_20250521_151301 - INFO - Epoch 8, Batch 1050/1696, Loss: 4.0968
2025-05-21 21:08:14,164 - transvg_dino_vit_20250521_151301 - INFO - Train metrics: l1_loss: 0.4344 | giou_loss: 0.9623 | total_loss: 4.0968
2025-05-21 21:09:22,770 - transvg_dino_vit_20250521_151301 - INFO - Epoch 8, Batch 1100/1696, Loss: 4.3403
2025-05-21 21:09:22,770 - transvg_dino_vit_20250521_151301 - INFO - Train metrics: l1_loss: 0.4661 | giou_loss: 1.0050 | total_loss: 4.3403
2025-05-21 21:10:31,269 - transvg_dino_vit_20250521_151301 - INFO - Epoch 8, Batch 1150/1696, Loss: 5.3626
2025-05-21 21:10:31,269 - transvg_dino_vit_20250521_151301 - INFO - Train metrics: l1_loss: 0.6397 | giou_loss: 1.0819 | total_loss: 5.3626
2025-05-21 21:11:40,049 - transvg_dino_vit_20250521_151301 - INFO - Epoch 8, Batch 1200/1696, Loss: 3.6754
2025-05-21 21:11:40,050 - transvg_dino_vit_20250521_151301 - INFO - Train metrics: l1_loss: 0.3839 | giou_loss: 0.8781 | total_loss: 3.6754
2025-05-21 21:12:48,937 - transvg_dino_vit_20250521_151301 - INFO - Epoch 8, Batch 1250/1696, Loss: 4.9182
2025-05-21 21:12:48,937 - transvg_dino_vit_20250521_151301 - INFO - Train metrics: l1_loss: 0.5684 | giou_loss: 1.0380 | total_loss: 4.9182
2025-05-21 21:13:56,884 - transvg_dino_vit_20250521_151301 - INFO - Epoch 8, Batch 1300/1696, Loss: 4.9732
2025-05-21 21:13:56,884 - transvg_dino_vit_20250521_151301 - INFO - Train metrics: l1_loss: 0.5411 | giou_loss: 1.1339 | total_loss: 4.9732
2025-05-21 21:15:05,709 - transvg_dino_vit_20250521_151301 - INFO - Epoch 8, Batch 1350/1696, Loss: 4.0990
2025-05-21 21:15:05,709 - transvg_dino_vit_20250521_151301 - INFO - Train metrics: l1_loss: 0.4569 | giou_loss: 0.9073 | total_loss: 4.0990
2025-05-21 21:16:13,806 - transvg_dino_vit_20250521_151301 - INFO - Epoch 8, Batch 1400/1696, Loss: 4.7283
2025-05-21 21:16:13,806 - transvg_dino_vit_20250521_151301 - INFO - Train metrics: l1_loss: 0.5693 | giou_loss: 0.9410 | total_loss: 4.7283
2025-05-21 21:17:22,501 - transvg_dino_vit_20250521_151301 - INFO - Epoch 8, Batch 1450/1696, Loss: 3.7204
2025-05-21 21:17:22,501 - transvg_dino_vit_20250521_151301 - INFO - Train metrics: l1_loss: 0.3893 | giou_loss: 0.8870 | total_loss: 3.7204
2025-05-21 21:18:30,426 - transvg_dino_vit_20250521_151301 - INFO - Epoch 8, Batch 1500/1696, Loss: 3.5073
2025-05-21 21:18:30,426 - transvg_dino_vit_20250521_151301 - INFO - Train metrics: l1_loss: 0.3690 | giou_loss: 0.8312 | total_loss: 3.5073
2025-05-21 21:19:39,013 - transvg_dino_vit_20250521_151301 - INFO - Epoch 8, Batch 1550/1696, Loss: 3.9328
2025-05-21 21:19:39,013 - transvg_dino_vit_20250521_151301 - INFO - Train metrics: l1_loss: 0.4039 | giou_loss: 0.9566 | total_loss: 3.9328
2025-05-21 21:20:47,180 - transvg_dino_vit_20250521_151301 - INFO - Epoch 8, Batch 1600/1696, Loss: 3.9788
2025-05-21 21:20:47,180 - transvg_dino_vit_20250521_151301 - INFO - Train metrics: l1_loss: 0.4056 | giou_loss: 0.9755 | total_loss: 3.9788
2025-05-21 21:21:55,904 - transvg_dino_vit_20250521_151301 - INFO - Epoch 8, Batch 1650/1696, Loss: 4.1680
2025-05-21 21:21:55,904 - transvg_dino_vit_20250521_151301 - INFO - Train metrics: l1_loss: 0.4320 | giou_loss: 1.0039 | total_loss: 4.1680
2025-05-21 21:22:57,407 - transvg_dino_vit_20250521_151301 - INFO - Train Epoch 8, Loss: 4.3182
2025-05-21 21:24:52,498 - transvg_dino_vit_20250521_151301 - INFO - Pred box sample: [81.72298431396484, 73.99889373779297, 239.7141876220703, 234.01095581054688]
2025-05-21 21:24:52,498 - transvg_dino_vit_20250521_151301 - INFO - Target box sample: [207.0, 198.0, 287.0, 283.0]
2025-05-21 21:24:52,570 - transvg_dino_vit_20250521_151301 - INFO - Validation Epoch 8, Loss: 4.4133
2025-05-21 21:24:52,570 - transvg_dino_vit_20250521_151301 - INFO - Val metrics: Acc@0.25: 0.3264 | Acc@0.5: 0.1206 | Acc@0.75: 0.0151 | mIoU: 0.1881 | medianIoU: 0.0932 | mae_x1: 98.9968 | mae_y1: 95.7249 | mae_x2: 100.9921 | mae_y2: 95.6334 | center_x_error: 84.5270 | center_y_error: 79.3328 | width_error: 2.6023 | height_error: 2.4596 | loss: 4.4133
2025-05-21 21:24:53,402 - transvg_dino_vit_20250521_151301 - INFO - Saved model checkpoint to /home/pokle/Trans-VG/visual_grounding/checkpoints/transvg_dino_vit_20250521_151301_epoch8.pth
2025-05-21 21:24:53,403 - transvg_dino_vit_20250521_151301 - INFO - Epoch 9/200
2025-05-21 21:24:55,233 - transvg_dino_vit_20250521_151301 - INFO - Epoch 9, Batch 0/1696, Loss: 3.4141
2025-05-21 21:24:55,233 - transvg_dino_vit_20250521_151301 - INFO - Train metrics: l1_loss: 0.3495 | giou_loss: 0.8332 | total_loss: 3.4141
2025-05-21 21:26:03,484 - transvg_dino_vit_20250521_151301 - INFO - Epoch 9, Batch 50/1696, Loss: 4.2389
2025-05-21 21:26:03,484 - transvg_dino_vit_20250521_151301 - INFO - Train metrics: l1_loss: 0.4535 | giou_loss: 0.9856 | total_loss: 4.2389
2025-05-21 21:27:11,782 - transvg_dino_vit_20250521_151301 - INFO - Epoch 9, Batch 100/1696, Loss: 3.6870
2025-05-21 21:27:11,782 - transvg_dino_vit_20250521_151301 - INFO - Train metrics: l1_loss: 0.3795 | giou_loss: 0.8947 | total_loss: 3.6870
2025-05-21 21:28:20,034 - transvg_dino_vit_20250521_151301 - INFO - Epoch 9, Batch 150/1696, Loss: 4.2587
2025-05-21 21:28:20,034 - transvg_dino_vit_20250521_151301 - INFO - Train metrics: l1_loss: 0.4307 | giou_loss: 1.0527 | total_loss: 4.2587
2025-05-21 21:29:28,471 - transvg_dino_vit_20250521_151301 - INFO - Epoch 9, Batch 200/1696, Loss: 3.9378
2025-05-21 21:29:28,471 - transvg_dino_vit_20250521_151301 - INFO - Train metrics: l1_loss: 0.4608 | giou_loss: 0.8169 | total_loss: 3.9378
2025-05-21 21:30:37,747 - transvg_dino_vit_20250521_151301 - INFO - Epoch 9, Batch 250/1696, Loss: 3.1458
2025-05-21 21:30:37,747 - transvg_dino_vit_20250521_151301 - INFO - Train metrics: l1_loss: 0.3338 | giou_loss: 0.7385 | total_loss: 3.1458
2025-05-21 21:31:47,002 - transvg_dino_vit_20250521_151301 - INFO - Epoch 9, Batch 300/1696, Loss: 4.0366
2025-05-21 21:31:47,002 - transvg_dino_vit_20250521_151301 - INFO - Train metrics: l1_loss: 0.4339 | giou_loss: 0.9336 | total_loss: 4.0366
2025-05-21 21:32:56,328 - transvg_dino_vit_20250521_151301 - INFO - Epoch 9, Batch 350/1696, Loss: 4.0142
2025-05-21 21:32:56,329 - transvg_dino_vit_20250521_151301 - INFO - Train metrics: l1_loss: 0.4727 | giou_loss: 0.8253 | total_loss: 4.0142
2025-05-21 21:34:05,132 - transvg_dino_vit_20250521_151301 - INFO - Epoch 9, Batch 400/1696, Loss: 4.2946
2025-05-21 21:34:05,132 - transvg_dino_vit_20250521_151301 - INFO - Train metrics: l1_loss: 0.5036 | giou_loss: 0.8882 | total_loss: 4.2946
2025-05-21 21:35:13,554 - transvg_dino_vit_20250521_151301 - INFO - Epoch 9, Batch 450/1696, Loss: 4.3726
2025-05-21 21:35:13,554 - transvg_dino_vit_20250521_151301 - INFO - Train metrics: l1_loss: 0.4736 | giou_loss: 1.0022 | total_loss: 4.3726
2025-05-21 21:36:22,121 - transvg_dino_vit_20250521_151301 - INFO - Epoch 9, Batch 500/1696, Loss: 4.7945
2025-05-21 21:36:22,121 - transvg_dino_vit_20250521_151301 - INFO - Train metrics: l1_loss: 0.5522 | giou_loss: 1.0168 | total_loss: 4.7945
2025-05-21 21:37:30,258 - transvg_dino_vit_20250521_151301 - INFO - Epoch 9, Batch 550/1696, Loss: 4.7898
2025-05-21 21:37:30,258 - transvg_dino_vit_20250521_151301 - INFO - Train metrics: l1_loss: 0.5482 | giou_loss: 1.0244 | total_loss: 4.7898
2025-05-21 21:38:38,913 - transvg_dino_vit_20250521_151301 - INFO - Epoch 9, Batch 600/1696, Loss: 4.1709
2025-05-21 21:38:38,913 - transvg_dino_vit_20250521_151301 - INFO - Train metrics: l1_loss: 0.4318 | giou_loss: 1.0058 | total_loss: 4.1709
2025-05-21 21:39:47,694 - transvg_dino_vit_20250521_151301 - INFO - Epoch 9, Batch 650/1696, Loss: 3.6256
2025-05-21 21:39:47,695 - transvg_dino_vit_20250521_151301 - INFO - Train metrics: l1_loss: 0.3474 | giou_loss: 0.9443 | total_loss: 3.6256
2025-05-21 21:40:56,265 - transvg_dino_vit_20250521_151301 - INFO - Epoch 9, Batch 700/1696, Loss: 4.4795
2025-05-21 21:40:56,265 - transvg_dino_vit_20250521_151301 - INFO - Train metrics: l1_loss: 0.4989 | giou_loss: 0.9926 | total_loss: 4.4795
2025-05-21 21:42:04,540 - transvg_dino_vit_20250521_151301 - INFO - Epoch 9, Batch 750/1696, Loss: 3.9105
2025-05-21 21:42:04,540 - transvg_dino_vit_20250521_151301 - INFO - Train metrics: l1_loss: 0.4255 | giou_loss: 0.8915 | total_loss: 3.9105
2025-05-21 21:43:12,885 - transvg_dino_vit_20250521_151301 - INFO - Epoch 9, Batch 800/1696, Loss: 4.9338
2025-05-21 21:43:12,886 - transvg_dino_vit_20250521_151301 - INFO - Train metrics: l1_loss: 0.5678 | giou_loss: 1.0473 | total_loss: 4.9338
2025-05-21 21:44:21,904 - transvg_dino_vit_20250521_151301 - INFO - Epoch 9, Batch 850/1696, Loss: 4.0894
2025-05-21 21:44:21,904 - transvg_dino_vit_20250521_151301 - INFO - Train metrics: l1_loss: 0.4431 | giou_loss: 0.9370 | total_loss: 4.0894
2025-05-21 21:45:30,698 - transvg_dino_vit_20250521_151301 - INFO - Epoch 9, Batch 900/1696, Loss: 3.5223
2025-05-21 21:45:30,698 - transvg_dino_vit_20250521_151301 - INFO - Train metrics: l1_loss: 0.3699 | giou_loss: 0.8365 | total_loss: 3.5223
2025-05-21 21:46:39,604 - transvg_dino_vit_20250521_151301 - INFO - Epoch 9, Batch 950/1696, Loss: 4.2275
2025-05-21 21:46:39,605 - transvg_dino_vit_20250521_151301 - INFO - Train metrics: l1_loss: 0.4565 | giou_loss: 0.9724 | total_loss: 4.2275
2025-05-21 21:47:48,327 - transvg_dino_vit_20250521_151301 - INFO - Epoch 9, Batch 1000/1696, Loss: 4.2135
2025-05-21 21:47:48,327 - transvg_dino_vit_20250521_151301 - INFO - Train metrics: l1_loss: 0.4406 | giou_loss: 1.0053 | total_loss: 4.2135
2025-05-21 21:48:57,850 - transvg_dino_vit_20250521_151301 - INFO - Epoch 9, Batch 1050/1696, Loss: 3.3993
2025-05-21 21:48:57,850 - transvg_dino_vit_20250521_151301 - INFO - Train metrics: l1_loss: 0.3387 | giou_loss: 0.8530 | total_loss: 3.3993
2025-05-21 21:50:07,065 - transvg_dino_vit_20250521_151301 - INFO - Epoch 9, Batch 1100/1696, Loss: 3.9067
2025-05-21 21:50:07,065 - transvg_dino_vit_20250521_151301 - INFO - Train metrics: l1_loss: 0.4206 | giou_loss: 0.9019 | total_loss: 3.9067
2025-05-21 21:51:15,754 - transvg_dino_vit_20250521_151301 - INFO - Epoch 9, Batch 1150/1696, Loss: 4.7029
2025-05-21 21:51:15,754 - transvg_dino_vit_20250521_151301 - INFO - Train metrics: l1_loss: 0.5284 | giou_loss: 1.0305 | total_loss: 4.7029
2025-05-21 21:52:24,597 - transvg_dino_vit_20250521_151301 - INFO - Epoch 9, Batch 1200/1696, Loss: 3.1967
2025-05-21 21:52:24,597 - transvg_dino_vit_20250521_151301 - INFO - Train metrics: l1_loss: 0.3095 | giou_loss: 0.8246 | total_loss: 3.1967
2025-05-21 21:53:34,181 - transvg_dino_vit_20250521_151301 - INFO - Epoch 9, Batch 1250/1696, Loss: 4.9026
2025-05-21 21:53:34,181 - transvg_dino_vit_20250521_151301 - INFO - Train metrics: l1_loss: 0.5161 | giou_loss: 1.1611 | total_loss: 4.9026
2025-05-21 21:54:43,717 - transvg_dino_vit_20250521_151301 - INFO - Epoch 9, Batch 1300/1696, Loss: 4.0834
2025-05-21 21:54:43,717 - transvg_dino_vit_20250521_151301 - INFO - Train metrics: l1_loss: 0.4394 | giou_loss: 0.9431 | total_loss: 4.0834
2025-05-21 21:55:52,826 - transvg_dino_vit_20250521_151301 - INFO - Epoch 9, Batch 1350/1696, Loss: 4.3599
2025-05-21 21:55:52,826 - transvg_dino_vit_20250521_151301 - INFO - Train metrics: l1_loss: 0.4544 | giou_loss: 1.0439 | total_loss: 4.3599
2025-05-21 21:57:02,054 - transvg_dino_vit_20250521_151301 - INFO - Epoch 9, Batch 1400/1696, Loss: 4.1434
2025-05-21 21:57:02,055 - transvg_dino_vit_20250521_151301 - INFO - Train metrics: l1_loss: 0.4575 | giou_loss: 0.9280 | total_loss: 4.1434
2025-05-21 21:58:11,655 - transvg_dino_vit_20250521_151301 - INFO - Epoch 9, Batch 1450/1696, Loss: 4.9612
2025-05-21 21:58:11,655 - transvg_dino_vit_20250521_151301 - INFO - Train metrics: l1_loss: 0.5601 | giou_loss: 1.0804 | total_loss: 4.9612
2025-05-21 21:59:21,672 - transvg_dino_vit_20250521_151301 - INFO - Epoch 9, Batch 1500/1696, Loss: 4.4502
2025-05-21 21:59:21,672 - transvg_dino_vit_20250521_151301 - INFO - Train metrics: l1_loss: 0.4835 | giou_loss: 1.0163 | total_loss: 4.4502
2025-05-21 22:00:31,462 - transvg_dino_vit_20250521_151301 - INFO - Epoch 9, Batch 1550/1696, Loss: 4.0042
2025-05-21 22:00:31,462 - transvg_dino_vit_20250521_151301 - INFO - Train metrics: l1_loss: 0.4183 | giou_loss: 0.9563 | total_loss: 4.0042
2025-05-21 22:01:41,168 - transvg_dino_vit_20250521_151301 - INFO - Epoch 9, Batch 1600/1696, Loss: 4.6087
2025-05-21 22:01:41,168 - transvg_dino_vit_20250521_151301 - INFO - Train metrics: l1_loss: 0.5115 | giou_loss: 1.0257 | total_loss: 4.6087
2025-05-21 22:02:50,950 - transvg_dino_vit_20250521_151301 - INFO - Epoch 9, Batch 1650/1696, Loss: 4.6286
2025-05-21 22:02:50,950 - transvg_dino_vit_20250521_151301 - INFO - Train metrics: l1_loss: 0.5142 | giou_loss: 1.0288 | total_loss: 4.6286
2025-05-21 22:03:53,337 - transvg_dino_vit_20250521_151301 - INFO - Train Epoch 9, Loss: 4.2892
2025-05-21 22:05:49,256 - transvg_dino_vit_20250521_151301 - INFO - Pred box sample: [75.92861938476562, 76.35993194580078, 241.3377685546875, 241.2639923095703]
2025-05-21 22:05:49,257 - transvg_dino_vit_20250521_151301 - INFO - Target box sample: [207.0, 198.0, 287.0, 283.0]
2025-05-21 22:05:49,333 - transvg_dino_vit_20250521_151301 - INFO - Validation Epoch 9, Loss: 4.4199
2025-05-21 22:05:49,333 - transvg_dino_vit_20250521_151301 - INFO - Val metrics: Acc@0.25: 0.3333 | Acc@0.5: 0.1193 | Acc@0.75: 0.0154 | mIoU: 0.1875 | medianIoU: 0.0934 | mae_x1: 99.0023 | mae_y1: 97.6527 | mae_x2: 100.8492 | mae_y2: 93.1828 | center_x_error: 84.5136 | center_y_error: 80.1218 | width_error: 2.5811 | height_error: 2.4133 | loss: 4.4199
2025-05-21 22:05:50,168 - transvg_dino_vit_20250521_151301 - INFO - Saved model checkpoint to /home/pokle/Trans-VG/visual_grounding/checkpoints/transvg_dino_vit_20250521_151301_epoch9.pth
2025-05-21 22:05:50,169 - transvg_dino_vit_20250521_151301 - INFO - Epoch 10/200
2025-05-21 22:05:51,988 - transvg_dino_vit_20250521_151301 - INFO - Epoch 10, Batch 0/1696, Loss: 4.2273
2025-05-21 22:05:51,989 - transvg_dino_vit_20250521_151301 - INFO - Train metrics: l1_loss: 0.4780 | giou_loss: 0.9187 | total_loss: 4.2273
2025-05-21 22:07:00,684 - transvg_dino_vit_20250521_151301 - INFO - Epoch 10, Batch 50/1696, Loss: 4.5099
2025-05-21 22:07:00,684 - transvg_dino_vit_20250521_151301 - INFO - Train metrics: l1_loss: 0.5084 | giou_loss: 0.9839 | total_loss: 4.5099
2025-05-21 22:08:09,198 - transvg_dino_vit_20250521_151301 - INFO - Epoch 10, Batch 100/1696, Loss: 3.6880
2025-05-21 22:08:09,199 - transvg_dino_vit_20250521_151301 - INFO - Train metrics: l1_loss: 0.3866 | giou_loss: 0.8776 | total_loss: 3.6880
2025-05-21 22:09:17,590 - transvg_dino_vit_20250521_151301 - INFO - Epoch 10, Batch 150/1696, Loss: 4.6025
2025-05-21 22:09:17,591 - transvg_dino_vit_20250521_151301 - INFO - Train metrics: l1_loss: 0.4643 | giou_loss: 1.1405 | total_loss: 4.6025
2025-05-21 22:10:26,717 - transvg_dino_vit_20250521_151301 - INFO - Epoch 10, Batch 200/1696, Loss: 3.9903
2025-05-21 22:10:26,717 - transvg_dino_vit_20250521_151301 - INFO - Train metrics: l1_loss: 0.4368 | giou_loss: 0.9032 | total_loss: 3.9903
2025-05-21 22:11:35,784 - transvg_dino_vit_20250521_151301 - INFO - Epoch 10, Batch 250/1696, Loss: 3.9135
2025-05-21 22:11:35,784 - transvg_dino_vit_20250521_151301 - INFO - Train metrics: l1_loss: 0.4015 | giou_loss: 0.9531 | total_loss: 3.9135
2025-05-21 22:12:45,466 - transvg_dino_vit_20250521_151301 - INFO - Epoch 10, Batch 300/1696, Loss: 4.7922
2025-05-21 22:12:45,466 - transvg_dino_vit_20250521_151301 - INFO - Train metrics: l1_loss: 0.5319 | giou_loss: 1.0663 | total_loss: 4.7922
2025-05-21 22:13:54,871 - transvg_dino_vit_20250521_151301 - INFO - Epoch 10, Batch 350/1696, Loss: 5.6039
2025-05-21 22:13:54,871 - transvg_dino_vit_20250521_151301 - INFO - Train metrics: l1_loss: 0.6486 | giou_loss: 1.1805 | total_loss: 5.6039
2025-05-21 22:15:04,384 - transvg_dino_vit_20250521_151301 - INFO - Epoch 10, Batch 400/1696, Loss: 3.9835
2025-05-21 22:15:04,384 - transvg_dino_vit_20250521_151301 - INFO - Train metrics: l1_loss: 0.4206 | giou_loss: 0.9403 | total_loss: 3.9835
2025-05-21 22:16:13,701 - transvg_dino_vit_20250521_151301 - INFO - Epoch 10, Batch 450/1696, Loss: 4.4350
2025-05-21 22:16:13,701 - transvg_dino_vit_20250521_151301 - INFO - Train metrics: l1_loss: 0.4810 | giou_loss: 1.0151 | total_loss: 4.4350
2025-05-21 22:17:22,410 - transvg_dino_vit_20250521_151301 - INFO - Epoch 10, Batch 500/1696, Loss: 5.2332
2025-05-21 22:17:22,410 - transvg_dino_vit_20250521_151301 - INFO - Train metrics: l1_loss: 0.6173 | giou_loss: 1.0734 | total_loss: 5.2332
2025-05-21 22:18:31,295 - transvg_dino_vit_20250521_151301 - INFO - Epoch 10, Batch 550/1696, Loss: 4.1286
2025-05-21 22:18:31,295 - transvg_dino_vit_20250521_151301 - INFO - Train metrics: l1_loss: 0.4487 | giou_loss: 0.9427 | total_loss: 4.1286
2025-05-21 22:19:40,601 - transvg_dino_vit_20250521_151301 - INFO - Epoch 10, Batch 600/1696, Loss: 3.6819
2025-05-21 22:19:40,602 - transvg_dino_vit_20250521_151301 - INFO - Train metrics: l1_loss: 0.4171 | giou_loss: 0.7981 | total_loss: 3.6819
2025-05-21 22:20:49,497 - transvg_dino_vit_20250521_151301 - INFO - Epoch 10, Batch 650/1696, Loss: 3.6488
2025-05-21 22:20:49,497 - transvg_dino_vit_20250521_151301 - INFO - Train metrics: l1_loss: 0.3875 | giou_loss: 0.8556 | total_loss: 3.6488
2025-05-21 22:21:57,731 - transvg_dino_vit_20250521_151301 - INFO - Epoch 10, Batch 700/1696, Loss: 4.2957
2025-05-21 22:21:57,732 - transvg_dino_vit_20250521_151301 - INFO - Train metrics: l1_loss: 0.5038 | giou_loss: 0.8882 | total_loss: 4.2957
2025-05-21 22:23:06,323 - transvg_dino_vit_20250521_151301 - INFO - Epoch 10, Batch 750/1696, Loss: 4.9359
2025-05-21 22:23:06,324 - transvg_dino_vit_20250521_151301 - INFO - Train metrics: l1_loss: 0.5414 | giou_loss: 1.1143 | total_loss: 4.9359
2025-05-21 22:24:14,429 - transvg_dino_vit_20250521_151301 - INFO - Epoch 10, Batch 800/1696, Loss: 4.0638
2025-05-21 22:24:14,430 - transvg_dino_vit_20250521_151301 - INFO - Train metrics: l1_loss: 0.4527 | giou_loss: 0.9001 | total_loss: 4.0638
2025-05-21 22:25:22,798 - transvg_dino_vit_20250521_151301 - INFO - Epoch 10, Batch 850/1696, Loss: 3.1441
2025-05-21 22:25:22,799 - transvg_dino_vit_20250521_151301 - INFO - Train metrics: l1_loss: 0.3244 | giou_loss: 0.7609 | total_loss: 3.1441
2025-05-21 22:26:31,314 - transvg_dino_vit_20250521_151301 - INFO - Epoch 10, Batch 900/1696, Loss: 3.7978
2025-05-21 22:26:31,314 - transvg_dino_vit_20250521_151301 - INFO - Train metrics: l1_loss: 0.4154 | giou_loss: 0.8603 | total_loss: 3.7978
2025-05-21 22:27:40,313 - transvg_dino_vit_20250521_151301 - INFO - Epoch 10, Batch 950/1696, Loss: 3.5984
2025-05-21 22:27:40,313 - transvg_dino_vit_20250521_151301 - INFO - Train metrics: l1_loss: 0.3902 | giou_loss: 0.8236 | total_loss: 3.5984
2025-05-21 22:28:48,681 - transvg_dino_vit_20250521_151301 - INFO - Epoch 10, Batch 1000/1696, Loss: 5.2729
2025-05-21 22:28:48,681 - transvg_dino_vit_20250521_151301 - INFO - Train metrics: l1_loss: 0.6244 | giou_loss: 1.0755 | total_loss: 5.2729
2025-05-21 22:29:56,828 - transvg_dino_vit_20250521_151301 - INFO - Epoch 10, Batch 1050/1696, Loss: 4.3281
2025-05-21 22:29:56,828 - transvg_dino_vit_20250521_151301 - INFO - Train metrics: l1_loss: 0.4736 | giou_loss: 0.9799 | total_loss: 4.3281
2025-05-21 22:31:05,008 - transvg_dino_vit_20250521_151301 - INFO - Epoch 10, Batch 1100/1696, Loss: 3.4359
2025-05-21 22:31:05,009 - transvg_dino_vit_20250521_151301 - INFO - Train metrics: l1_loss: 0.3446 | giou_loss: 0.8566 | total_loss: 3.4359
2025-05-21 22:32:13,523 - transvg_dino_vit_20250521_151301 - INFO - Epoch 10, Batch 1150/1696, Loss: 3.9282
2025-05-21 22:32:13,523 - transvg_dino_vit_20250521_151301 - INFO - Train metrics: l1_loss: 0.4124 | giou_loss: 0.9331 | total_loss: 3.9282
2025-05-21 22:33:21,945 - transvg_dino_vit_20250521_151301 - INFO - Epoch 10, Batch 1200/1696, Loss: 3.7089
2025-05-21 22:33:21,946 - transvg_dino_vit_20250521_151301 - INFO - Train metrics: l1_loss: 0.4035 | giou_loss: 0.8456 | total_loss: 3.7089
2025-05-21 22:34:30,729 - transvg_dino_vit_20250521_151301 - INFO - Epoch 10, Batch 1250/1696, Loss: 4.1151
2025-05-21 22:34:30,729 - transvg_dino_vit_20250521_151301 - INFO - Train metrics: l1_loss: 0.4557 | giou_loss: 0.9183 | total_loss: 4.1151
2025-05-21 22:35:39,346 - transvg_dino_vit_20250521_151301 - INFO - Epoch 10, Batch 1300/1696, Loss: 4.3451
2025-05-21 22:35:39,346 - transvg_dino_vit_20250521_151301 - INFO - Train metrics: l1_loss: 0.4758 | giou_loss: 0.9832 | total_loss: 4.3451
2025-05-21 22:36:48,466 - transvg_dino_vit_20250521_151301 - INFO - Epoch 10, Batch 1350/1696, Loss: 3.8909
2025-05-21 22:36:48,466 - transvg_dino_vit_20250521_151301 - INFO - Train metrics: l1_loss: 0.3717 | giou_loss: 1.0161 | total_loss: 3.8909
2025-05-21 22:37:57,843 - transvg_dino_vit_20250521_151301 - INFO - Epoch 10, Batch 1400/1696, Loss: 4.0971
2025-05-21 22:37:57,843 - transvg_dino_vit_20250521_151301 - INFO - Train metrics: l1_loss: 0.4380 | giou_loss: 0.9536 | total_loss: 4.0971
2025-05-21 22:39:07,882 - transvg_dino_vit_20250521_151301 - INFO - Epoch 10, Batch 1450/1696, Loss: 4.3146
2025-05-21 22:39:07,882 - transvg_dino_vit_20250521_151301 - INFO - Train metrics: l1_loss: 0.4990 | giou_loss: 0.9098 | total_loss: 4.3146
2025-05-21 22:40:17,151 - transvg_dino_vit_20250521_151301 - INFO - Epoch 10, Batch 1500/1696, Loss: 3.7279
2025-05-21 22:40:17,151 - transvg_dino_vit_20250521_151301 - INFO - Train metrics: l1_loss: 0.4071 | giou_loss: 0.8463 | total_loss: 3.7279
2025-05-21 22:41:25,677 - transvg_dino_vit_20250521_151301 - INFO - Epoch 10, Batch 1550/1696, Loss: 4.3594
2025-05-21 22:41:25,677 - transvg_dino_vit_20250521_151301 - INFO - Train metrics: l1_loss: 0.5006 | giou_loss: 0.9282 | total_loss: 4.3594
2025-05-21 22:42:34,113 - transvg_dino_vit_20250521_151301 - INFO - Epoch 10, Batch 1600/1696, Loss: 3.9446
2025-05-21 22:42:34,113 - transvg_dino_vit_20250521_151301 - INFO - Train metrics: l1_loss: 0.4146 | giou_loss: 0.9357 | total_loss: 3.9446
2025-05-21 22:43:43,183 - transvg_dino_vit_20250521_151301 - INFO - Epoch 10, Batch 1650/1696, Loss: 5.0493
2025-05-21 22:43:43,183 - transvg_dino_vit_20250521_151301 - INFO - Train metrics: l1_loss: 0.5548 | giou_loss: 1.1376 | total_loss: 5.0493
2025-05-21 22:44:44,723 - transvg_dino_vit_20250521_151301 - INFO - Train Epoch 10, Loss: 4.2669
2025-05-21 22:46:41,270 - transvg_dino_vit_20250521_151301 - INFO - Pred box sample: [77.85670471191406, 71.3768539428711, 234.33203125, 222.83091735839844]
2025-05-21 22:46:41,271 - transvg_dino_vit_20250521_151301 - INFO - Target box sample: [207.0, 198.0, 287.0, 283.0]
2025-05-21 22:46:41,354 - transvg_dino_vit_20250521_151301 - INFO - Validation Epoch 10, Loss: 4.4313
2025-05-21 22:46:41,354 - transvg_dino_vit_20250521_151301 - INFO - Val metrics: Acc@0.25: 0.3232 | Acc@0.5: 0.1240 | Acc@0.75: 0.0175 | mIoU: 0.1876 | medianIoU: 0.0865 | mae_x1: 99.7336 | mae_y1: 98.4027 | mae_x2: 100.8906 | mae_y2: 94.0302 | center_x_error: 85.0491 | center_y_error: 80.1106 | width_error: 2.5891 | height_error: 2.4530 | loss: 4.4313
2025-05-21 22:46:42,200 - transvg_dino_vit_20250521_151301 - INFO - Saved model checkpoint to /home/pokle/Trans-VG/visual_grounding/checkpoints/transvg_dino_vit_20250521_151301_epoch10.pth
2025-05-21 22:46:42,200 - transvg_dino_vit_20250521_151301 - INFO - New best model! Acc@0.5: 0.1240
2025-05-21 22:46:42,201 - transvg_dino_vit_20250521_151301 - INFO - Epoch 11/200
2025-05-21 22:46:44,087 - transvg_dino_vit_20250521_151301 - INFO - Epoch 11, Batch 0/1696, Loss: 3.8537
2025-05-21 22:46:44,087 - transvg_dino_vit_20250521_151301 - INFO - Train metrics: l1_loss: 0.4076 | giou_loss: 0.9077 | total_loss: 3.8537
2025-05-21 22:47:53,250 - transvg_dino_vit_20250521_151301 - INFO - Epoch 11, Batch 50/1696, Loss: 4.3298
2025-05-21 22:47:53,250 - transvg_dino_vit_20250521_151301 - INFO - Train metrics: l1_loss: 0.4666 | giou_loss: 0.9984 | total_loss: 4.3298
2025-05-21 22:49:03,089 - transvg_dino_vit_20250521_151301 - INFO - Epoch 11, Batch 100/1696, Loss: 3.6936
2025-05-21 22:49:03,089 - transvg_dino_vit_20250521_151301 - INFO - Train metrics: l1_loss: 0.3901 | giou_loss: 0.8716 | total_loss: 3.6936
2025-05-21 22:50:12,496 - transvg_dino_vit_20250521_151301 - INFO - Epoch 11, Batch 150/1696, Loss: 5.4235
2025-05-21 22:50:12,497 - transvg_dino_vit_20250521_151301 - INFO - Train metrics: l1_loss: 0.6185 | giou_loss: 1.1655 | total_loss: 5.4235
2025-05-21 22:51:21,332 - transvg_dino_vit_20250521_151301 - INFO - Epoch 11, Batch 200/1696, Loss: 4.6065
2025-05-21 22:51:21,332 - transvg_dino_vit_20250521_151301 - INFO - Train metrics: l1_loss: 0.5060 | giou_loss: 1.0382 | total_loss: 4.6065
2025-05-21 22:52:30,113 - transvg_dino_vit_20250521_151301 - INFO - Epoch 11, Batch 250/1696, Loss: 3.6344
2025-05-21 22:52:30,113 - transvg_dino_vit_20250521_151301 - INFO - Train metrics: l1_loss: 0.3796 | giou_loss: 0.8682 | total_loss: 3.6344
2025-05-21 22:53:38,694 - transvg_dino_vit_20250521_151301 - INFO - Epoch 11, Batch 300/1696, Loss: 4.3152
2025-05-21 22:53:38,694 - transvg_dino_vit_20250521_151301 - INFO - Train metrics: l1_loss: 0.4844 | giou_loss: 0.9467 | total_loss: 4.3152
2025-05-21 22:54:47,490 - transvg_dino_vit_20250521_151301 - INFO - Epoch 11, Batch 350/1696, Loss: 4.4428
2025-05-21 22:54:47,490 - transvg_dino_vit_20250521_151301 - INFO - Train metrics: l1_loss: 0.4573 | giou_loss: 1.0780 | total_loss: 4.4428
2025-05-21 22:55:57,001 - transvg_dino_vit_20250521_151301 - INFO - Epoch 11, Batch 400/1696, Loss: 3.3113
2025-05-21 22:55:57,001 - transvg_dino_vit_20250521_151301 - INFO - Train metrics: l1_loss: 0.3386 | giou_loss: 0.8092 | total_loss: 3.3113
2025-05-21 22:57:06,387 - transvg_dino_vit_20250521_151301 - INFO - Epoch 11, Batch 450/1696, Loss: 4.2857
2025-05-21 22:57:06,387 - transvg_dino_vit_20250521_151301 - INFO - Train metrics: l1_loss: 0.4546 | giou_loss: 1.0064 | total_loss: 4.2857
2025-05-21 22:58:15,621 - transvg_dino_vit_20250521_151301 - INFO - Epoch 11, Batch 500/1696, Loss: 4.0211
2025-05-21 22:58:15,621 - transvg_dino_vit_20250521_151301 - INFO - Train metrics: l1_loss: 0.4582 | giou_loss: 0.8652 | total_loss: 4.0211
2025-05-21 22:59:25,466 - transvg_dino_vit_20250521_151301 - INFO - Epoch 11, Batch 550/1696, Loss: 4.5763
2025-05-21 22:59:25,466 - transvg_dino_vit_20250521_151301 - INFO - Train metrics: l1_loss: 0.5059 | giou_loss: 1.0234 | total_loss: 4.5763
2025-05-21 23:00:35,043 - transvg_dino_vit_20250521_151301 - INFO - Epoch 11, Batch 600/1696, Loss: 3.6678
2025-05-21 23:00:35,043 - transvg_dino_vit_20250521_151301 - INFO - Train metrics: l1_loss: 0.3963 | giou_loss: 0.8432 | total_loss: 3.6678
2025-05-21 23:01:44,332 - transvg_dino_vit_20250521_151301 - INFO - Epoch 11, Batch 650/1696, Loss: 4.2906
2025-05-21 23:01:44,332 - transvg_dino_vit_20250521_151301 - INFO - Train metrics: l1_loss: 0.4827 | giou_loss: 0.9386 | total_loss: 4.2906
2025-05-21 23:02:53,750 - transvg_dino_vit_20250521_151301 - INFO - Epoch 11, Batch 700/1696, Loss: 4.1298
2025-05-21 23:02:53,750 - transvg_dino_vit_20250521_151301 - INFO - Train metrics: l1_loss: 0.4535 | giou_loss: 0.9312 | total_loss: 4.1298
2025-05-21 23:04:02,356 - transvg_dino_vit_20250521_151301 - INFO - Epoch 11, Batch 750/1696, Loss: 3.9260
2025-05-21 23:04:02,356 - transvg_dino_vit_20250521_151301 - INFO - Train metrics: l1_loss: 0.4448 | giou_loss: 0.8511 | total_loss: 3.9260
2025-05-21 23:05:10,701 - transvg_dino_vit_20250521_151301 - INFO - Epoch 11, Batch 800/1696, Loss: 5.0770
2025-05-21 23:05:10,701 - transvg_dino_vit_20250521_151301 - INFO - Train metrics: l1_loss: 0.5897 | giou_loss: 1.0644 | total_loss: 5.0770
2025-05-21 23:06:19,522 - transvg_dino_vit_20250521_151301 - INFO - Epoch 11, Batch 850/1696, Loss: 4.3778
2025-05-21 23:06:19,522 - transvg_dino_vit_20250521_151301 - INFO - Train metrics: l1_loss: 0.4956 | giou_loss: 0.9499 | total_loss: 4.3778
2025-05-21 23:07:27,875 - transvg_dino_vit_20250521_151301 - INFO - Epoch 11, Batch 900/1696, Loss: 3.0460
2025-05-21 23:07:27,875 - transvg_dino_vit_20250521_151301 - INFO - Train metrics: l1_loss: 0.3166 | giou_loss: 0.7314 | total_loss: 3.0460
2025-05-21 23:08:35,851 - transvg_dino_vit_20250521_151301 - INFO - Epoch 11, Batch 950/1696, Loss: 4.2587
2025-05-21 23:08:35,852 - transvg_dino_vit_20250521_151301 - INFO - Train metrics: l1_loss: 0.4261 | giou_loss: 1.0642 | total_loss: 4.2587
2025-05-21 23:09:44,154 - transvg_dino_vit_20250521_151301 - INFO - Epoch 11, Batch 1000/1696, Loss: 4.5765
2025-05-21 23:09:44,154 - transvg_dino_vit_20250521_151301 - INFO - Train metrics: l1_loss: 0.5163 | giou_loss: 0.9974 | total_loss: 4.5765
2025-05-21 23:10:52,661 - transvg_dino_vit_20250521_151301 - INFO - Epoch 11, Batch 1050/1696, Loss: 4.3096
2025-05-21 23:10:52,661 - transvg_dino_vit_20250521_151301 - INFO - Train metrics: l1_loss: 0.4833 | giou_loss: 0.9466 | total_loss: 4.3096
2025-05-21 23:12:01,895 - transvg_dino_vit_20250521_151301 - INFO - Epoch 11, Batch 1100/1696, Loss: 4.5479
2025-05-21 23:12:01,895 - transvg_dino_vit_20250521_151301 - INFO - Train metrics: l1_loss: 0.5087 | giou_loss: 1.0022 | total_loss: 4.5479
2025-05-21 23:13:10,911 - transvg_dino_vit_20250521_151301 - INFO - Epoch 11, Batch 1150/1696, Loss: 4.6932
2025-05-21 23:13:10,911 - transvg_dino_vit_20250521_151301 - INFO - Train metrics: l1_loss: 0.5167 | giou_loss: 1.0547 | total_loss: 4.6932
2025-05-21 23:14:20,590 - transvg_dino_vit_20250521_151301 - INFO - Epoch 11, Batch 1200/1696, Loss: 4.6755
2025-05-21 23:14:20,590 - transvg_dino_vit_20250521_151301 - INFO - Train metrics: l1_loss: 0.5220 | giou_loss: 1.0329 | total_loss: 4.6755
2025-05-21 23:15:30,055 - transvg_dino_vit_20250521_151301 - INFO - Epoch 11, Batch 1250/1696, Loss: 3.9262
2025-05-21 23:15:30,055 - transvg_dino_vit_20250521_151301 - INFO - Train metrics: l1_loss: 0.4050 | giou_loss: 0.9506 | total_loss: 3.9262
2025-05-21 23:16:39,452 - transvg_dino_vit_20250521_151301 - INFO - Epoch 11, Batch 1300/1696, Loss: 3.7801
2025-05-21 23:16:39,453 - transvg_dino_vit_20250521_151301 - INFO - Train metrics: l1_loss: 0.4026 | giou_loss: 0.8836 | total_loss: 3.7801
2025-05-21 23:17:48,786 - transvg_dino_vit_20250521_151301 - INFO - Epoch 11, Batch 1350/1696, Loss: 4.6684
2025-05-21 23:17:48,787 - transvg_dino_vit_20250521_151301 - INFO - Train metrics: l1_loss: 0.5341 | giou_loss: 0.9989 | total_loss: 4.6684
2025-05-21 23:18:58,407 - transvg_dino_vit_20250521_151301 - INFO - Epoch 11, Batch 1400/1696, Loss: 3.9018
2025-05-21 23:18:58,407 - transvg_dino_vit_20250521_151301 - INFO - Train metrics: l1_loss: 0.4033 | giou_loss: 0.9427 | total_loss: 3.9018
2025-05-21 23:20:07,764 - transvg_dino_vit_20250521_151301 - INFO - Epoch 11, Batch 1450/1696, Loss: 3.9989
2025-05-21 23:20:07,764 - transvg_dino_vit_20250521_151301 - INFO - Train metrics: l1_loss: 0.3873 | giou_loss: 1.0312 | total_loss: 3.9989
2025-05-21 23:21:17,215 - transvg_dino_vit_20250521_151301 - INFO - Epoch 11, Batch 1500/1696, Loss: 4.6146
2025-05-21 23:21:17,215 - transvg_dino_vit_20250521_151301 - INFO - Train metrics: l1_loss: 0.4997 | giou_loss: 1.0580 | total_loss: 4.6146
2025-05-21 23:22:26,432 - transvg_dino_vit_20250521_151301 - INFO - Epoch 11, Batch 1550/1696, Loss: 3.8512
2025-05-21 23:22:26,432 - transvg_dino_vit_20250521_151301 - INFO - Train metrics: l1_loss: 0.4031 | giou_loss: 0.9178 | total_loss: 3.8512
2025-05-21 23:23:36,170 - transvg_dino_vit_20250521_151301 - INFO - Epoch 11, Batch 1600/1696, Loss: 4.8989
2025-05-21 23:23:36,170 - transvg_dino_vit_20250521_151301 - INFO - Train metrics: l1_loss: 0.5497 | giou_loss: 1.0752 | total_loss: 4.8989
2025-05-21 23:24:45,758 - transvg_dino_vit_20250521_151301 - INFO - Epoch 11, Batch 1650/1696, Loss: 4.3389
2025-05-21 23:24:45,758 - transvg_dino_vit_20250521_151301 - INFO - Train metrics: l1_loss: 0.4986 | giou_loss: 0.9229 | total_loss: 4.3389
2025-05-21 23:25:48,058 - transvg_dino_vit_20250521_151301 - INFO - Train Epoch 11, Loss: 4.2459
2025-05-21 23:27:46,090 - transvg_dino_vit_20250521_151301 - INFO - Pred box sample: [62.534427642822266, 80.16924285888672, 219.510009765625, 245.71791076660156]
2025-05-21 23:27:46,090 - transvg_dino_vit_20250521_151301 - INFO - Target box sample: [207.0, 198.0, 287.0, 283.0]
2025-05-21 23:27:46,168 - transvg_dino_vit_20250521_151301 - INFO - Validation Epoch 11, Loss: 4.4522
2025-05-21 23:27:46,169 - transvg_dino_vit_20250521_151301 - INFO - Val metrics: Acc@0.25: 0.3166 | Acc@0.5: 0.1256 | Acc@0.75: 0.0165 | mIoU: 0.1851 | medianIoU: 0.0846 | mae_x1: 101.5072 | mae_y1: 94.5734 | mae_x2: 99.0071 | mae_y2: 97.3364 | center_x_error: 85.8492 | center_y_error: 79.9975 | width_error: 2.4130 | height_error: 2.4206 | loss: 4.4522
2025-05-21 23:27:47,026 - transvg_dino_vit_20250521_151301 - INFO - Saved model checkpoint to /home/pokle/Trans-VG/visual_grounding/checkpoints/transvg_dino_vit_20250521_151301_epoch11.pth
2025-05-21 23:27:47,026 - transvg_dino_vit_20250521_151301 - INFO - New best model! Acc@0.5: 0.1256
2025-05-21 23:27:47,026 - transvg_dino_vit_20250521_151301 - INFO - Epoch 12/200
2025-05-21 23:27:48,884 - transvg_dino_vit_20250521_151301 - INFO - Epoch 12, Batch 0/1696, Loss: 4.0932
2025-05-21 23:27:48,884 - transvg_dino_vit_20250521_151301 - INFO - Train metrics: l1_loss: 0.4425 | giou_loss: 0.9403 | total_loss: 4.0932
2025-05-21 23:28:58,389 - transvg_dino_vit_20250521_151301 - INFO - Epoch 12, Batch 50/1696, Loss: 3.8583
2025-05-21 23:28:58,389 - transvg_dino_vit_20250521_151301 - INFO - Train metrics: l1_loss: 0.4096 | giou_loss: 0.9051 | total_loss: 3.8583
2025-05-21 23:30:07,210 - transvg_dino_vit_20250521_151301 - INFO - Epoch 12, Batch 100/1696, Loss: 4.1960
2025-05-21 23:30:07,211 - transvg_dino_vit_20250521_151301 - INFO - Train metrics: l1_loss: 0.4596 | giou_loss: 0.9490 | total_loss: 4.1960
2025-05-21 23:31:16,048 - transvg_dino_vit_20250521_151301 - INFO - Epoch 12, Batch 150/1696, Loss: 3.6321
2025-05-21 23:31:16,048 - transvg_dino_vit_20250521_151301 - INFO - Train metrics: l1_loss: 0.3691 | giou_loss: 0.8932 | total_loss: 3.6321
2025-05-21 23:32:24,910 - transvg_dino_vit_20250521_151301 - INFO - Epoch 12, Batch 200/1696, Loss: 3.0563
2025-05-21 23:32:24,910 - transvg_dino_vit_20250521_151301 - INFO - Train metrics: l1_loss: 0.3147 | giou_loss: 0.7413 | total_loss: 3.0563
2025-05-21 23:33:33,653 - transvg_dino_vit_20250521_151301 - INFO - Epoch 12, Batch 250/1696, Loss: 3.8666
2025-05-21 23:33:33,653 - transvg_dino_vit_20250521_151301 - INFO - Train metrics: l1_loss: 0.4126 | giou_loss: 0.9018 | total_loss: 3.8666
2025-05-21 23:34:42,129 - transvg_dino_vit_20250521_151301 - INFO - Epoch 12, Batch 300/1696, Loss: 4.5169
2025-05-21 23:34:42,129 - transvg_dino_vit_20250521_151301 - INFO - Train metrics: l1_loss: 0.4870 | giou_loss: 1.0410 | total_loss: 4.5169
2025-05-21 23:35:50,722 - transvg_dino_vit_20250521_151301 - INFO - Epoch 12, Batch 350/1696, Loss: 4.2422
2025-05-21 23:35:50,722 - transvg_dino_vit_20250521_151301 - INFO - Train metrics: l1_loss: 0.4524 | giou_loss: 0.9900 | total_loss: 4.2422
2025-05-21 23:36:59,732 - transvg_dino_vit_20250521_151301 - INFO - Epoch 12, Batch 400/1696, Loss: 3.9827
2025-05-21 23:36:59,732 - transvg_dino_vit_20250521_151301 - INFO - Train metrics: l1_loss: 0.4584 | giou_loss: 0.8454 | total_loss: 3.9827
2025-05-21 23:38:09,067 - transvg_dino_vit_20250521_151301 - INFO - Epoch 12, Batch 450/1696, Loss: 4.3845
2025-05-21 23:38:09,067 - transvg_dino_vit_20250521_151301 - INFO - Train metrics: l1_loss: 0.4710 | giou_loss: 1.0148 | total_loss: 4.3845
2025-05-21 23:39:18,646 - transvg_dino_vit_20250521_151301 - INFO - Epoch 12, Batch 500/1696, Loss: 4.2899
2025-05-21 23:39:18,646 - transvg_dino_vit_20250521_151301 - INFO - Train metrics: l1_loss: 0.4574 | giou_loss: 1.0015 | total_loss: 4.2899
2025-05-21 23:40:27,544 - transvg_dino_vit_20250521_151301 - INFO - Epoch 12, Batch 550/1696, Loss: 3.5217
2025-05-21 23:40:27,545 - transvg_dino_vit_20250521_151301 - INFO - Train metrics: l1_loss: 0.3441 | giou_loss: 0.9005 | total_loss: 3.5217
2025-05-21 23:41:37,097 - transvg_dino_vit_20250521_151301 - INFO - Epoch 12, Batch 600/1696, Loss: 4.0587
2025-05-21 23:41:37,098 - transvg_dino_vit_20250521_151301 - INFO - Train metrics: l1_loss: 0.4608 | giou_loss: 0.8773 | total_loss: 4.0587
2025-05-21 23:42:46,831 - transvg_dino_vit_20250521_151301 - INFO - Epoch 12, Batch 650/1696, Loss: 3.5676
2025-05-21 23:42:46,831 - transvg_dino_vit_20250521_151301 - INFO - Train metrics: l1_loss: 0.3537 | giou_loss: 0.8996 | total_loss: 3.5676
2025-05-21 23:43:56,431 - transvg_dino_vit_20250521_151301 - INFO - Epoch 12, Batch 700/1696, Loss: 4.4813
2025-05-21 23:43:56,431 - transvg_dino_vit_20250521_151301 - INFO - Train metrics: l1_loss: 0.4898 | giou_loss: 1.0161 | total_loss: 4.4813
2025-05-21 23:45:05,898 - transvg_dino_vit_20250521_151301 - INFO - Epoch 12, Batch 750/1696, Loss: 4.7600
2025-05-21 23:45:05,898 - transvg_dino_vit_20250521_151301 - INFO - Train metrics: l1_loss: 0.5337 | giou_loss: 1.0458 | total_loss: 4.7600
2025-05-21 23:46:15,248 - transvg_dino_vit_20250521_151301 - INFO - Epoch 12, Batch 800/1696, Loss: 3.9045
2025-05-21 23:46:15,248 - transvg_dino_vit_20250521_151301 - INFO - Train metrics: l1_loss: 0.4079 | giou_loss: 0.9326 | total_loss: 3.9045
2025-05-21 23:47:24,875 - transvg_dino_vit_20250521_151301 - INFO - Epoch 12, Batch 850/1696, Loss: 3.8127
2025-05-21 23:47:24,875 - transvg_dino_vit_20250521_151301 - INFO - Train metrics: l1_loss: 0.4096 | giou_loss: 0.8824 | total_loss: 3.8127
2025-05-21 23:48:34,375 - transvg_dino_vit_20250521_151301 - INFO - Epoch 12, Batch 900/1696, Loss: 3.9506
2025-05-21 23:48:34,375 - transvg_dino_vit_20250521_151301 - INFO - Train metrics: l1_loss: 0.4427 | giou_loss: 0.8685 | total_loss: 3.9506
2025-05-21 23:49:43,911 - transvg_dino_vit_20250521_151301 - INFO - Epoch 12, Batch 950/1696, Loss: 4.4442
2025-05-21 23:49:43,911 - transvg_dino_vit_20250521_151301 - INFO - Train metrics: l1_loss: 0.4922 | giou_loss: 0.9915 | total_loss: 4.4442
2025-05-21 23:50:53,208 - transvg_dino_vit_20250521_151301 - INFO - Epoch 12, Batch 1000/1696, Loss: 3.7804
2025-05-21 23:50:53,208 - transvg_dino_vit_20250521_151301 - INFO - Train metrics: l1_loss: 0.3854 | giou_loss: 0.9266 | total_loss: 3.7804
2025-05-21 23:52:02,414 - transvg_dino_vit_20250521_151301 - INFO - Epoch 12, Batch 1050/1696, Loss: 4.4241
2025-05-21 23:52:02,414 - transvg_dino_vit_20250521_151301 - INFO - Train metrics: l1_loss: 0.5080 | giou_loss: 0.9420 | total_loss: 4.4241
2025-05-21 23:53:11,605 - transvg_dino_vit_20250521_151301 - INFO - Epoch 12, Batch 1100/1696, Loss: 4.3098
2025-05-21 23:53:11,605 - transvg_dino_vit_20250521_151301 - INFO - Train metrics: l1_loss: 0.4363 | giou_loss: 1.0641 | total_loss: 4.3098
2025-05-21 23:54:21,271 - transvg_dino_vit_20250521_151301 - INFO - Epoch 12, Batch 1150/1696, Loss: 4.1295
2025-05-21 23:54:21,272 - transvg_dino_vit_20250521_151301 - INFO - Train metrics: l1_loss: 0.4368 | giou_loss: 0.9728 | total_loss: 4.1295
2025-05-21 23:55:30,633 - transvg_dino_vit_20250521_151301 - INFO - Epoch 12, Batch 1200/1696, Loss: 3.9264
2025-05-21 23:55:30,633 - transvg_dino_vit_20250521_151301 - INFO - Train metrics: l1_loss: 0.4091 | giou_loss: 0.9403 | total_loss: 3.9264
2025-05-21 23:56:40,023 - transvg_dino_vit_20250521_151301 - INFO - Epoch 12, Batch 1250/1696, Loss: 4.5648
2025-05-21 23:56:40,023 - transvg_dino_vit_20250521_151301 - INFO - Train metrics: l1_loss: 0.4995 | giou_loss: 1.0336 | total_loss: 4.5648
2025-05-21 23:57:49,668 - transvg_dino_vit_20250521_151301 - INFO - Epoch 12, Batch 1300/1696, Loss: 3.8816
2025-05-21 23:57:49,668 - transvg_dino_vit_20250521_151301 - INFO - Train metrics: l1_loss: 0.4383 | giou_loss: 0.8452 | total_loss: 3.8816
2025-05-21 23:58:59,354 - transvg_dino_vit_20250521_151301 - INFO - Epoch 12, Batch 1350/1696, Loss: 4.5130
2025-05-21 23:58:59,354 - transvg_dino_vit_20250521_151301 - INFO - Train metrics: l1_loss: 0.5090 | giou_loss: 0.9841 | total_loss: 4.5130
2025-05-22 00:00:09,027 - transvg_dino_vit_20250521_151301 - INFO - Epoch 12, Batch 1400/1696, Loss: 4.2577
2025-05-22 00:00:09,027 - transvg_dino_vit_20250521_151301 - INFO - Train metrics: l1_loss: 0.4897 | giou_loss: 0.9046 | total_loss: 4.2577
2025-05-22 00:01:18,535 - transvg_dino_vit_20250521_151301 - INFO - Epoch 12, Batch 1450/1696, Loss: 4.9765
2025-05-22 00:01:18,535 - transvg_dino_vit_20250521_151301 - INFO - Train metrics: l1_loss: 0.6106 | giou_loss: 0.9616 | total_loss: 4.9765
2025-05-22 00:02:27,871 - transvg_dino_vit_20250521_151301 - INFO - Epoch 12, Batch 1500/1696, Loss: 3.7467
2025-05-22 00:02:27,871 - transvg_dino_vit_20250521_151301 - INFO - Train metrics: l1_loss: 0.4035 | giou_loss: 0.8646 | total_loss: 3.7467
2025-05-22 00:03:37,713 - transvg_dino_vit_20250521_151301 - INFO - Epoch 12, Batch 1550/1696, Loss: 4.1530
2025-05-22 00:03:37,713 - transvg_dino_vit_20250521_151301 - INFO - Train metrics: l1_loss: 0.4683 | giou_loss: 0.9058 | total_loss: 4.1530
2025-05-22 00:04:47,207 - transvg_dino_vit_20250521_151301 - INFO - Epoch 12, Batch 1600/1696, Loss: 4.2329
2025-05-22 00:04:47,208 - transvg_dino_vit_20250521_151301 - INFO - Train metrics: l1_loss: 0.4476 | giou_loss: 0.9975 | total_loss: 4.2329
2025-05-22 00:05:56,460 - transvg_dino_vit_20250521_151301 - INFO - Epoch 12, Batch 1650/1696, Loss: 3.6453
2025-05-22 00:05:56,460 - transvg_dino_vit_20250521_151301 - INFO - Train metrics: l1_loss: 0.3709 | giou_loss: 0.8953 | total_loss: 3.6453
2025-05-22 00:06:58,609 - transvg_dino_vit_20250521_151301 - INFO - Train Epoch 12, Loss: 4.2221
2025-05-22 00:08:55,511 - transvg_dino_vit_20250521_151301 - INFO - Pred box sample: [94.26548767089844, 83.95111846923828, 280.3950500488281, 270.0601806640625]
2025-05-22 00:08:55,511 - transvg_dino_vit_20250521_151301 - INFO - Target box sample: [207.0, 198.0, 287.0, 283.0]
2025-05-22 00:08:55,590 - transvg_dino_vit_20250521_151301 - INFO - Validation Epoch 12, Loss: 4.4239
2025-05-22 00:08:55,590 - transvg_dino_vit_20250521_151301 - INFO - Val metrics: Acc@0.25: 0.3248 | Acc@0.5: 0.1219 | Acc@0.75: 0.0159 | mIoU: 0.1889 | medianIoU: 0.0933 | mae_x1: 98.7321 | mae_y1: 97.4477 | mae_x2: 101.6940 | mae_y2: 95.5940 | center_x_error: 84.8312 | center_y_error: 79.6797 | width_error: 2.5815 | height_error: 2.5166 | loss: 4.4239
2025-05-22 00:08:56,412 - transvg_dino_vit_20250521_151301 - INFO - Saved model checkpoint to /home/pokle/Trans-VG/visual_grounding/checkpoints/transvg_dino_vit_20250521_151301_epoch12.pth
2025-05-22 00:08:56,412 - transvg_dino_vit_20250521_151301 - INFO - Epoch 13/200
2025-05-22 00:08:58,225 - transvg_dino_vit_20250521_151301 - INFO - Epoch 13, Batch 0/1696, Loss: 4.4702
2025-05-22 00:08:58,226 - transvg_dino_vit_20250521_151301 - INFO - Train metrics: l1_loss: 0.4887 | giou_loss: 1.0133 | total_loss: 4.4702
2025-05-22 00:10:07,811 - transvg_dino_vit_20250521_151301 - INFO - Epoch 13, Batch 50/1696, Loss: 3.7010
2025-05-22 00:10:07,812 - transvg_dino_vit_20250521_151301 - INFO - Train metrics: l1_loss: 0.3998 | giou_loss: 0.8510 | total_loss: 3.7010
2025-05-22 00:11:17,079 - transvg_dino_vit_20250521_151301 - INFO - Epoch 13, Batch 100/1696, Loss: 3.5258
2025-05-22 00:11:17,079 - transvg_dino_vit_20250521_151301 - INFO - Train metrics: l1_loss: 0.3552 | giou_loss: 0.8749 | total_loss: 3.5258
2025-05-22 00:12:26,144 - transvg_dino_vit_20250521_151301 - INFO - Epoch 13, Batch 150/1696, Loss: 5.3025
2025-05-22 00:12:26,144 - transvg_dino_vit_20250521_151301 - INFO - Train metrics: l1_loss: 0.6000 | giou_loss: 1.1512 | total_loss: 5.3025
2025-05-22 00:13:35,682 - transvg_dino_vit_20250521_151301 - INFO - Epoch 13, Batch 200/1696, Loss: 5.1095
2025-05-22 00:13:35,682 - transvg_dino_vit_20250521_151301 - INFO - Train metrics: l1_loss: 0.5818 | giou_loss: 1.1001 | total_loss: 5.1095
2025-05-22 00:14:44,881 - transvg_dino_vit_20250521_151301 - INFO - Epoch 13, Batch 250/1696, Loss: 4.3427
2025-05-22 00:14:44,881 - transvg_dino_vit_20250521_151301 - INFO - Train metrics: l1_loss: 0.4401 | giou_loss: 1.0711 | total_loss: 4.3427
2025-05-22 00:15:54,191 - transvg_dino_vit_20250521_151301 - INFO - Epoch 13, Batch 300/1696, Loss: 3.7280
2025-05-22 00:15:54,192 - transvg_dino_vit_20250521_151301 - INFO - Train metrics: l1_loss: 0.4190 | giou_loss: 0.8165 | total_loss: 3.7280
2025-05-22 00:17:03,814 - transvg_dino_vit_20250521_151301 - INFO - Epoch 13, Batch 350/1696, Loss: 4.0779
2025-05-22 00:17:03,814 - transvg_dino_vit_20250521_151301 - INFO - Train metrics: l1_loss: 0.4598 | giou_loss: 0.8894 | total_loss: 4.0779
2025-05-22 00:18:13,284 - transvg_dino_vit_20250521_151301 - INFO - Epoch 13, Batch 400/1696, Loss: 4.1234
2025-05-22 00:18:13,284 - transvg_dino_vit_20250521_151301 - INFO - Train metrics: l1_loss: 0.4373 | giou_loss: 0.9684 | total_loss: 4.1234
2025-05-22 00:19:22,469 - transvg_dino_vit_20250521_151301 - INFO - Epoch 13, Batch 450/1696, Loss: 4.2816
2025-05-22 00:19:22,470 - transvg_dino_vit_20250521_151301 - INFO - Train metrics: l1_loss: 0.4650 | giou_loss: 0.9784 | total_loss: 4.2816
2025-05-22 00:20:31,972 - transvg_dino_vit_20250521_151301 - INFO - Epoch 13, Batch 500/1696, Loss: 4.4303
2025-05-22 00:20:31,973 - transvg_dino_vit_20250521_151301 - INFO - Train metrics: l1_loss: 0.4731 | giou_loss: 1.0324 | total_loss: 4.4303
2025-05-22 00:21:40,914 - transvg_dino_vit_20250521_151301 - INFO - Epoch 13, Batch 550/1696, Loss: 4.7369
2025-05-22 00:21:40,914 - transvg_dino_vit_20250521_151301 - INFO - Train metrics: l1_loss: 0.5322 | giou_loss: 1.0380 | total_loss: 4.7369
2025-05-22 00:22:50,123 - transvg_dino_vit_20250521_151301 - INFO - Epoch 13, Batch 600/1696, Loss: 4.3479
2025-05-22 00:22:50,123 - transvg_dino_vit_20250521_151301 - INFO - Train metrics: l1_loss: 0.4700 | giou_loss: 0.9989 | total_loss: 4.3479
2025-05-22 00:23:59,345 - transvg_dino_vit_20250521_151301 - INFO - Epoch 13, Batch 650/1696, Loss: 5.2598
2025-05-22 00:23:59,345 - transvg_dino_vit_20250521_151301 - INFO - Train metrics: l1_loss: 0.6174 | giou_loss: 1.0864 | total_loss: 5.2598
2025-05-22 00:25:07,938 - transvg_dino_vit_20250521_151301 - INFO - Epoch 13, Batch 700/1696, Loss: 4.3847
2025-05-22 00:25:07,938 - transvg_dino_vit_20250521_151301 - INFO - Train metrics: l1_loss: 0.4900 | giou_loss: 0.9673 | total_loss: 4.3847
2025-05-22 00:26:16,681 - transvg_dino_vit_20250521_151301 - INFO - Epoch 13, Batch 750/1696, Loss: 4.6581
2025-05-22 00:26:16,681 - transvg_dino_vit_20250521_151301 - INFO - Train metrics: l1_loss: 0.5158 | giou_loss: 1.0395 | total_loss: 4.6581
2025-05-22 00:27:25,386 - transvg_dino_vit_20250521_151301 - INFO - Epoch 13, Batch 800/1696, Loss: 3.9787
2025-05-22 00:27:25,387 - transvg_dino_vit_20250521_151301 - INFO - Train metrics: l1_loss: 0.4549 | giou_loss: 0.8520 | total_loss: 3.9787
2025-05-22 00:28:33,376 - transvg_dino_vit_20250521_151301 - INFO - Epoch 13, Batch 850/1696, Loss: 4.8860
2025-05-22 00:28:33,376 - transvg_dino_vit_20250521_151301 - INFO - Train metrics: l1_loss: 0.5557 | giou_loss: 1.0538 | total_loss: 4.8860
2025-05-22 00:29:41,369 - transvg_dino_vit_20250521_151301 - INFO - Epoch 13, Batch 900/1696, Loss: 4.5899
2025-05-22 00:29:41,369 - transvg_dino_vit_20250521_151301 - INFO - Train metrics: l1_loss: 0.5007 | giou_loss: 1.0432 | total_loss: 4.5899
2025-05-22 00:30:49,241 - transvg_dino_vit_20250521_151301 - INFO - Epoch 13, Batch 950/1696, Loss: 3.8413
2025-05-22 00:30:49,241 - transvg_dino_vit_20250521_151301 - INFO - Train metrics: l1_loss: 0.4135 | giou_loss: 0.8869 | total_loss: 3.8413
2025-05-22 00:31:57,662 - transvg_dino_vit_20250521_151301 - INFO - Epoch 13, Batch 1000/1696, Loss: 3.9805
2025-05-22 00:31:57,662 - transvg_dino_vit_20250521_151301 - INFO - Train metrics: l1_loss: 0.4213 | giou_loss: 0.9370 | total_loss: 3.9805
2025-05-22 00:33:05,943 - transvg_dino_vit_20250521_151301 - INFO - Epoch 13, Batch 1050/1696, Loss: 5.1951
2025-05-22 00:33:05,943 - transvg_dino_vit_20250521_151301 - INFO - Train metrics: l1_loss: 0.6219 | giou_loss: 1.0427 | total_loss: 5.1951
2025-05-22 00:34:14,131 - transvg_dino_vit_20250521_151301 - INFO - Epoch 13, Batch 1100/1696, Loss: 4.3364
2025-05-22 00:34:14,131 - transvg_dino_vit_20250521_151301 - INFO - Train metrics: l1_loss: 0.5001 | giou_loss: 0.9180 | total_loss: 4.3364
2025-05-22 00:35:22,126 - transvg_dino_vit_20250521_151301 - INFO - Epoch 13, Batch 1150/1696, Loss: 4.7502
2025-05-22 00:35:22,126 - transvg_dino_vit_20250521_151301 - INFO - Train metrics: l1_loss: 0.5350 | giou_loss: 1.0375 | total_loss: 4.7502
2025-05-22 00:36:30,117 - transvg_dino_vit_20250521_151301 - INFO - Epoch 13, Batch 1200/1696, Loss: 3.6160
2025-05-22 00:36:30,118 - transvg_dino_vit_20250521_151301 - INFO - Train metrics: l1_loss: 0.3808 | giou_loss: 0.8559 | total_loss: 3.6160
2025-05-22 00:37:38,441 - transvg_dino_vit_20250521_151301 - INFO - Epoch 13, Batch 1250/1696, Loss: 4.1774
2025-05-22 00:37:38,441 - transvg_dino_vit_20250521_151301 - INFO - Train metrics: l1_loss: 0.4545 | giou_loss: 0.9525 | total_loss: 4.1774
2025-05-22 00:38:46,711 - transvg_dino_vit_20250521_151301 - INFO - Epoch 13, Batch 1300/1696, Loss: 3.7459
2025-05-22 00:38:46,711 - transvg_dino_vit_20250521_151301 - INFO - Train metrics: l1_loss: 0.4210 | giou_loss: 0.8205 | total_loss: 3.7459
2025-05-22 00:39:55,415 - transvg_dino_vit_20250521_151301 - INFO - Epoch 13, Batch 1350/1696, Loss: 4.1773
2025-05-22 00:39:55,415 - transvg_dino_vit_20250521_151301 - INFO - Train metrics: l1_loss: 0.4420 | giou_loss: 0.9837 | total_loss: 4.1773
2025-05-22 00:41:04,150 - transvg_dino_vit_20250521_151301 - INFO - Epoch 13, Batch 1400/1696, Loss: 4.1057
2025-05-22 00:41:04,151 - transvg_dino_vit_20250521_151301 - INFO - Train metrics: l1_loss: 0.4309 | giou_loss: 0.9756 | total_loss: 4.1057
2025-05-22 00:42:12,964 - transvg_dino_vit_20250521_151301 - INFO - Epoch 13, Batch 1450/1696, Loss: 4.7961
2025-05-22 00:42:12,964 - transvg_dino_vit_20250521_151301 - INFO - Train metrics: l1_loss: 0.5284 | giou_loss: 1.0771 | total_loss: 4.7961
2025-05-22 00:43:22,323 - transvg_dino_vit_20250521_151301 - INFO - Epoch 13, Batch 1500/1696, Loss: 4.2107
2025-05-22 00:43:22,324 - transvg_dino_vit_20250521_151301 - INFO - Train metrics: l1_loss: 0.4422 | giou_loss: 0.9999 | total_loss: 4.2107
2025-05-22 00:44:31,382 - transvg_dino_vit_20250521_151301 - INFO - Epoch 13, Batch 1550/1696, Loss: 3.8747
2025-05-22 00:44:31,382 - transvg_dino_vit_20250521_151301 - INFO - Train metrics: l1_loss: 0.4035 | giou_loss: 0.9286 | total_loss: 3.8747
2025-05-22 00:45:40,859 - transvg_dino_vit_20250521_151301 - INFO - Epoch 13, Batch 1600/1696, Loss: 4.1275
2025-05-22 00:45:40,859 - transvg_dino_vit_20250521_151301 - INFO - Train metrics: l1_loss: 0.4670 | giou_loss: 0.8963 | total_loss: 4.1275
2025-05-22 00:46:49,953 - transvg_dino_vit_20250521_151301 - INFO - Epoch 13, Batch 1650/1696, Loss: 3.6007
2025-05-22 00:46:49,953 - transvg_dino_vit_20250521_151301 - INFO - Train metrics: l1_loss: 0.3956 | giou_loss: 0.8113 | total_loss: 3.6007
2025-05-22 00:47:52,680 - transvg_dino_vit_20250521_151301 - INFO - Train Epoch 13, Loss: 4.1955
2025-05-22 00:49:50,165 - transvg_dino_vit_20250521_151301 - INFO - Pred box sample: [74.15729522705078, 80.39398193359375, 248.34030151367188, 233.62612915039062]
2025-05-22 00:49:50,165 - transvg_dino_vit_20250521_151301 - INFO - Target box sample: [207.0, 198.0, 287.0, 283.0]
2025-05-22 00:49:50,246 - transvg_dino_vit_20250521_151301 - INFO - Validation Epoch 13, Loss: 4.4756
2025-05-22 00:49:50,246 - transvg_dino_vit_20250521_151301 - INFO - Val metrics: Acc@0.25: 0.3240 | Acc@0.5: 0.1187 | Acc@0.75: 0.0159 | mIoU: 0.1871 | medianIoU: 0.0902 | mae_x1: 100.8029 | mae_y1: 96.3801 | mae_x2: 103.2313 | mae_y2: 97.4488 | center_x_error: 86.6245 | center_y_error: 81.1704 | width_error: 2.5195 | height_error: 2.3925 | loss: 4.4756
2025-05-22 00:49:51,102 - transvg_dino_vit_20250521_151301 - INFO - Saved model checkpoint to /home/pokle/Trans-VG/visual_grounding/checkpoints/transvg_dino_vit_20250521_151301_epoch13.pth
2025-05-22 00:49:51,103 - transvg_dino_vit_20250521_151301 - INFO - Epoch 14/200
2025-05-22 00:49:52,956 - transvg_dino_vit_20250521_151301 - INFO - Epoch 14, Batch 0/1696, Loss: 3.6949
2025-05-22 00:49:52,956 - transvg_dino_vit_20250521_151301 - INFO - Train metrics: l1_loss: 0.3795 | giou_loss: 0.8988 | total_loss: 3.6949
2025-05-22 00:51:02,155 - transvg_dino_vit_20250521_151301 - INFO - Epoch 14, Batch 50/1696, Loss: 4.2527
2025-05-22 00:51:02,155 - transvg_dino_vit_20250521_151301 - INFO - Train metrics: l1_loss: 0.4859 | giou_loss: 0.9116 | total_loss: 4.2527
2025-05-22 00:52:11,498 - transvg_dino_vit_20250521_151301 - INFO - Epoch 14, Batch 100/1696, Loss: 4.2569
2025-05-22 00:52:11,499 - transvg_dino_vit_20250521_151301 - INFO - Train metrics: l1_loss: 0.4753 | giou_loss: 0.9402 | total_loss: 4.2569
2025-05-22 00:53:20,512 - transvg_dino_vit_20250521_151301 - INFO - Epoch 14, Batch 150/1696, Loss: 4.8572
2025-05-22 00:53:20,512 - transvg_dino_vit_20250521_151301 - INFO - Train metrics: l1_loss: 0.5562 | giou_loss: 1.0380 | total_loss: 4.8572
2025-05-22 00:54:29,779 - transvg_dino_vit_20250521_151301 - INFO - Epoch 14, Batch 200/1696, Loss: 4.4545
2025-05-22 00:54:29,779 - transvg_dino_vit_20250521_151301 - INFO - Train metrics: l1_loss: 0.5223 | giou_loss: 0.9215 | total_loss: 4.4545
2025-05-22 00:55:39,410 - transvg_dino_vit_20250521_151301 - INFO - Epoch 14, Batch 250/1696, Loss: 3.6409
2025-05-22 00:55:39,411 - transvg_dino_vit_20250521_151301 - INFO - Train metrics: l1_loss: 0.3720 | giou_loss: 0.8903 | total_loss: 3.6409
2025-05-22 00:56:48,578 - transvg_dino_vit_20250521_151301 - INFO - Epoch 14, Batch 300/1696, Loss: 4.3449
2025-05-22 00:56:48,578 - transvg_dino_vit_20250521_151301 - INFO - Train metrics: l1_loss: 0.4979 | giou_loss: 0.9276 | total_loss: 4.3449
2025-05-22 00:57:57,602 - transvg_dino_vit_20250521_151301 - INFO - Epoch 14, Batch 350/1696, Loss: 3.7655
2025-05-22 00:57:57,602 - transvg_dino_vit_20250521_151301 - INFO - Train metrics: l1_loss: 0.3998 | giou_loss: 0.8833 | total_loss: 3.7655
2025-05-22 00:59:06,469 - transvg_dino_vit_20250521_151301 - INFO - Epoch 14, Batch 400/1696, Loss: 4.7052
2025-05-22 00:59:06,469 - transvg_dino_vit_20250521_151301 - INFO - Train metrics: l1_loss: 0.5380 | giou_loss: 1.0076 | total_loss: 4.7052
2025-05-22 01:00:15,012 - transvg_dino_vit_20250521_151301 - INFO - Epoch 14, Batch 450/1696, Loss: 4.3144
2025-05-22 01:00:15,012 - transvg_dino_vit_20250521_151301 - INFO - Train metrics: l1_loss: 0.4935 | giou_loss: 0.9234 | total_loss: 4.3144
2025-05-22 01:01:23,712 - transvg_dino_vit_20250521_151301 - INFO - Epoch 14, Batch 500/1696, Loss: 4.2978
2025-05-22 01:01:23,713 - transvg_dino_vit_20250521_151301 - INFO - Train metrics: l1_loss: 0.4755 | giou_loss: 0.9600 | total_loss: 4.2978
2025-05-22 01:02:32,549 - transvg_dino_vit_20250521_151301 - INFO - Epoch 14, Batch 550/1696, Loss: 4.0689
2025-05-22 01:02:32,549 - transvg_dino_vit_20250521_151301 - INFO - Train metrics: l1_loss: 0.4396 | giou_loss: 0.9354 | total_loss: 4.0689
2025-05-22 01:03:41,555 - transvg_dino_vit_20250521_151301 - INFO - Epoch 14, Batch 600/1696, Loss: 3.8609
2025-05-22 01:03:41,555 - transvg_dino_vit_20250521_151301 - INFO - Train metrics: l1_loss: 0.4094 | giou_loss: 0.9069 | total_loss: 3.8609
2025-05-22 01:04:50,465 - transvg_dino_vit_20250521_151301 - INFO - Epoch 14, Batch 650/1696, Loss: 3.9691
2025-05-22 01:04:50,465 - transvg_dino_vit_20250521_151301 - INFO - Train metrics: l1_loss: 0.4240 | giou_loss: 0.9246 | total_loss: 3.9691
2025-05-22 01:05:59,524 - transvg_dino_vit_20250521_151301 - INFO - Epoch 14, Batch 700/1696, Loss: 3.9460
2025-05-22 01:05:59,524 - transvg_dino_vit_20250521_151301 - INFO - Train metrics: l1_loss: 0.4111 | giou_loss: 0.9452 | total_loss: 3.9460
2025-05-22 01:07:08,705 - transvg_dino_vit_20250521_151301 - INFO - Epoch 14, Batch 750/1696, Loss: 3.3441
2025-05-22 01:07:08,705 - transvg_dino_vit_20250521_151301 - INFO - Train metrics: l1_loss: 0.3442 | giou_loss: 0.8115 | total_loss: 3.3441
2025-05-22 01:08:16,852 - transvg_dino_vit_20250521_151301 - INFO - Epoch 14, Batch 800/1696, Loss: 4.8960
2025-05-22 01:08:16,853 - transvg_dino_vit_20250521_151301 - INFO - Train metrics: l1_loss: 0.5480 | giou_loss: 1.0780 | total_loss: 4.8960
2025-05-22 01:09:24,888 - transvg_dino_vit_20250521_151301 - INFO - Epoch 14, Batch 850/1696, Loss: 4.8217
2025-05-22 01:09:24,888 - transvg_dino_vit_20250521_151301 - INFO - Train metrics: l1_loss: 0.5434 | giou_loss: 1.0523 | total_loss: 4.8217
2025-05-22 01:10:32,542 - transvg_dino_vit_20250521_151301 - INFO - Epoch 14, Batch 900/1696, Loss: 3.9799
2025-05-22 01:10:32,543 - transvg_dino_vit_20250521_151301 - INFO - Train metrics: l1_loss: 0.4380 | giou_loss: 0.8949 | total_loss: 3.9799
2025-05-22 01:11:40,885 - transvg_dino_vit_20250521_151301 - INFO - Epoch 14, Batch 950/1696, Loss: 3.9446
2025-05-22 01:11:40,885 - transvg_dino_vit_20250521_151301 - INFO - Train metrics: l1_loss: 0.4331 | giou_loss: 0.8894 | total_loss: 3.9446
2025-05-22 01:12:49,171 - transvg_dino_vit_20250521_151301 - INFO - Epoch 14, Batch 1000/1696, Loss: 4.5136
2025-05-22 01:12:49,171 - transvg_dino_vit_20250521_151301 - INFO - Train metrics: l1_loss: 0.4841 | giou_loss: 1.0465 | total_loss: 4.5136
2025-05-22 01:13:58,429 - transvg_dino_vit_20250521_151301 - INFO - Epoch 14, Batch 1050/1696, Loss: 4.0597
2025-05-22 01:13:58,429 - transvg_dino_vit_20250521_151301 - INFO - Train metrics: l1_loss: 0.4563 | giou_loss: 0.8892 | total_loss: 4.0597
2025-05-22 01:15:07,244 - transvg_dino_vit_20250521_151301 - INFO - Epoch 14, Batch 1100/1696, Loss: 3.2520
2025-05-22 01:15:07,244 - transvg_dino_vit_20250521_151301 - INFO - Train metrics: l1_loss: 0.3222 | giou_loss: 0.8205 | total_loss: 3.2520
2025-05-22 01:16:16,647 - transvg_dino_vit_20250521_151301 - INFO - Epoch 14, Batch 1150/1696, Loss: 3.8160
2025-05-22 01:16:16,647 - transvg_dino_vit_20250521_151301 - INFO - Train metrics: l1_loss: 0.4354 | giou_loss: 0.8195 | total_loss: 3.8160
2025-05-22 01:17:26,100 - transvg_dino_vit_20250521_151301 - INFO - Epoch 14, Batch 1200/1696, Loss: 4.1568
2025-05-22 01:17:26,101 - transvg_dino_vit_20250521_151301 - INFO - Train metrics: l1_loss: 0.4464 | giou_loss: 0.9625 | total_loss: 4.1568
2025-05-22 01:18:34,701 - transvg_dino_vit_20250521_151301 - INFO - Epoch 14, Batch 1250/1696, Loss: 4.8524
2025-05-22 01:18:34,701 - transvg_dino_vit_20250521_151301 - INFO - Train metrics: l1_loss: 0.5948 | giou_loss: 0.9391 | total_loss: 4.8524
2025-05-22 01:19:42,881 - transvg_dino_vit_20250521_151301 - INFO - Epoch 14, Batch 1300/1696, Loss: 4.3254
2025-05-22 01:19:42,881 - transvg_dino_vit_20250521_151301 - INFO - Train metrics: l1_loss: 0.5147 | giou_loss: 0.8761 | total_loss: 4.3254
2025-05-22 01:20:50,852 - transvg_dino_vit_20250521_151301 - INFO - Epoch 14, Batch 1350/1696, Loss: 4.1977
2025-05-22 01:20:50,852 - transvg_dino_vit_20250521_151301 - INFO - Train metrics: l1_loss: 0.4683 | giou_loss: 0.9281 | total_loss: 4.1977
2025-05-22 01:21:58,760 - transvg_dino_vit_20250521_151301 - INFO - Epoch 14, Batch 1400/1696, Loss: 4.3649
2025-05-22 01:21:58,761 - transvg_dino_vit_20250521_151301 - INFO - Train metrics: l1_loss: 0.4848 | giou_loss: 0.9704 | total_loss: 4.3649
2025-05-22 01:23:06,959 - transvg_dino_vit_20250521_151301 - INFO - Epoch 14, Batch 1450/1696, Loss: 3.5304
2025-05-22 01:23:06,960 - transvg_dino_vit_20250521_151301 - INFO - Train metrics: l1_loss: 0.3737 | giou_loss: 0.8310 | total_loss: 3.5304
2025-05-22 01:24:15,274 - transvg_dino_vit_20250521_151301 - INFO - Epoch 14, Batch 1500/1696, Loss: 4.3568
2025-05-22 01:24:15,274 - transvg_dino_vit_20250521_151301 - INFO - Train metrics: l1_loss: 0.4929 | giou_loss: 0.9460 | total_loss: 4.3568
2025-05-22 01:25:22,855 - transvg_dino_vit_20250521_151301 - INFO - Epoch 14, Batch 1550/1696, Loss: 4.6642
2025-05-22 01:25:22,855 - transvg_dino_vit_20250521_151301 - INFO - Train metrics: l1_loss: 0.5519 | giou_loss: 0.9524 | total_loss: 4.6642
2025-05-22 01:26:31,641 - transvg_dino_vit_20250521_151301 - INFO - Epoch 14, Batch 1600/1696, Loss: 4.1158
2025-05-22 01:26:31,641 - transvg_dino_vit_20250521_151301 - INFO - Train metrics: l1_loss: 0.4401 | giou_loss: 0.9576 | total_loss: 4.1158
2025-05-22 01:27:40,202 - transvg_dino_vit_20250521_151301 - INFO - Epoch 14, Batch 1650/1696, Loss: 3.8090
2025-05-22 01:27:40,202 - transvg_dino_vit_20250521_151301 - INFO - Train metrics: l1_loss: 0.4035 | giou_loss: 0.8958 | total_loss: 3.8090
2025-05-22 01:28:42,274 - transvg_dino_vit_20250521_151301 - INFO - Train Epoch 14, Loss: 4.1735
2025-05-22 01:30:37,658 - transvg_dino_vit_20250521_151301 - INFO - Pred box sample: [66.85508728027344, 79.61487579345703, 232.72799682617188, 243.79348754882812]
2025-05-22 01:30:37,659 - transvg_dino_vit_20250521_151301 - INFO - Target box sample: [207.0, 198.0, 287.0, 283.0]
2025-05-22 01:30:37,729 - transvg_dino_vit_20250521_151301 - INFO - Validation Epoch 14, Loss: 4.4503
2025-05-22 01:30:37,730 - transvg_dino_vit_20250521_151301 - INFO - Val metrics: Acc@0.25: 0.3272 | Acc@0.5: 0.1166 | Acc@0.75: 0.0173 | mIoU: 0.1874 | medianIoU: 0.0898 | mae_x1: 100.3829 | mae_y1: 97.4141 | mae_x2: 100.1988 | mae_y2: 98.3164 | center_x_error: 84.7617 | center_y_error: 80.9975 | width_error: 2.5550 | height_error: 2.4686 | loss: 4.4503
2025-05-22 01:30:38,570 - transvg_dino_vit_20250521_151301 - INFO - Saved model checkpoint to /home/pokle/Trans-VG/visual_grounding/checkpoints/transvg_dino_vit_20250521_151301_epoch14.pth
2025-05-22 01:30:38,570 - transvg_dino_vit_20250521_151301 - INFO - Epoch 15/200
2025-05-22 01:30:40,453 - transvg_dino_vit_20250521_151301 - INFO - Epoch 15, Batch 0/1696, Loss: 4.0913
2025-05-22 01:30:40,454 - transvg_dino_vit_20250521_151301 - INFO - Train metrics: l1_loss: 0.4455 | giou_loss: 0.9319 | total_loss: 4.0913
2025-05-22 01:31:48,253 - transvg_dino_vit_20250521_151301 - INFO - Epoch 15, Batch 50/1696, Loss: 4.1165
2025-05-22 01:31:48,253 - transvg_dino_vit_20250521_151301 - INFO - Train metrics: l1_loss: 0.4267 | giou_loss: 0.9916 | total_loss: 4.1165
2025-05-22 01:32:56,653 - transvg_dino_vit_20250521_151301 - INFO - Epoch 15, Batch 100/1696, Loss: 3.5929
2025-05-22 01:32:56,653 - transvg_dino_vit_20250521_151301 - INFO - Train metrics: l1_loss: 0.3657 | giou_loss: 0.8821 | total_loss: 3.5929
2025-05-22 01:34:04,704 - transvg_dino_vit_20250521_151301 - INFO - Epoch 15, Batch 150/1696, Loss: 4.2230
2025-05-22 01:34:04,704 - transvg_dino_vit_20250521_151301 - INFO - Train metrics: l1_loss: 0.4656 | giou_loss: 0.9475 | total_loss: 4.2230
2025-05-22 01:35:13,300 - transvg_dino_vit_20250521_151301 - INFO - Epoch 15, Batch 200/1696, Loss: 4.5445
2025-05-22 01:35:13,300 - transvg_dino_vit_20250521_151301 - INFO - Train metrics: l1_loss: 0.4977 | giou_loss: 1.0279 | total_loss: 4.5445
2025-05-22 01:36:21,371 - transvg_dino_vit_20250521_151301 - INFO - Epoch 15, Batch 250/1696, Loss: 3.8027
2025-05-22 01:36:21,372 - transvg_dino_vit_20250521_151301 - INFO - Train metrics: l1_loss: 0.4083 | giou_loss: 0.8807 | total_loss: 3.8027
2025-05-22 01:37:29,533 - transvg_dino_vit_20250521_151301 - INFO - Epoch 15, Batch 300/1696, Loss: 3.7355
2025-05-22 01:37:29,533 - transvg_dino_vit_20250521_151301 - INFO - Train metrics: l1_loss: 0.4017 | giou_loss: 0.8634 | total_loss: 3.7355
2025-05-22 01:38:38,404 - transvg_dino_vit_20250521_151301 - INFO - Epoch 15, Batch 350/1696, Loss: 2.9679
2025-05-22 01:38:38,404 - transvg_dino_vit_20250521_151301 - INFO - Train metrics: l1_loss: 0.3129 | giou_loss: 0.7016 | total_loss: 2.9679
2025-05-22 01:39:46,571 - transvg_dino_vit_20250521_151301 - INFO - Epoch 15, Batch 400/1696, Loss: 3.6753
2025-05-22 01:39:46,572 - transvg_dino_vit_20250521_151301 - INFO - Train metrics: l1_loss: 0.3845 | giou_loss: 0.8764 | total_loss: 3.6753
2025-05-22 01:40:54,590 - transvg_dino_vit_20250521_151301 - INFO - Epoch 15, Batch 450/1696, Loss: 4.1669
2025-05-22 01:40:54,590 - transvg_dino_vit_20250521_151301 - INFO - Train metrics: l1_loss: 0.4236 | giou_loss: 1.0243 | total_loss: 4.1669
2025-05-22 01:42:02,891 - transvg_dino_vit_20250521_151301 - INFO - Epoch 15, Batch 500/1696, Loss: 4.5151
2025-05-22 01:42:02,891 - transvg_dino_vit_20250521_151301 - INFO - Train metrics: l1_loss: 0.4883 | giou_loss: 1.0368 | total_loss: 4.5151
2025-05-22 01:43:11,765 - transvg_dino_vit_20250521_151301 - INFO - Epoch 15, Batch 550/1696, Loss: 3.6281
2025-05-22 01:43:11,765 - transvg_dino_vit_20250521_151301 - INFO - Train metrics: l1_loss: 0.3890 | giou_loss: 0.8416 | total_loss: 3.6281
2025-05-22 01:44:20,012 - transvg_dino_vit_20250521_151301 - INFO - Epoch 15, Batch 600/1696, Loss: 3.5543
2025-05-22 01:44:20,013 - transvg_dino_vit_20250521_151301 - INFO - Train metrics: l1_loss: 0.3715 | giou_loss: 0.8484 | total_loss: 3.5543
2025-05-22 01:45:29,047 - transvg_dino_vit_20250521_151301 - INFO - Epoch 15, Batch 650/1696, Loss: 3.5300
2025-05-22 01:45:29,048 - transvg_dino_vit_20250521_151301 - INFO - Train metrics: l1_loss: 0.3612 | giou_loss: 0.8620 | total_loss: 3.5300
2025-05-22 01:46:38,347 - transvg_dino_vit_20250521_151301 - INFO - Epoch 15, Batch 700/1696, Loss: 4.0819
2025-05-22 01:46:38,348 - transvg_dino_vit_20250521_151301 - INFO - Train metrics: l1_loss: 0.4461 | giou_loss: 0.9256 | total_loss: 4.0819
2025-05-22 01:47:47,569 - transvg_dino_vit_20250521_151301 - INFO - Epoch 15, Batch 750/1696, Loss: 4.4992
2025-05-22 01:47:47,569 - transvg_dino_vit_20250521_151301 - INFO - Train metrics: l1_loss: 0.4631 | giou_loss: 1.0917 | total_loss: 4.4992
2025-05-22 01:48:56,475 - transvg_dino_vit_20250521_151301 - INFO - Epoch 15, Batch 800/1696, Loss: 3.7739
2025-05-22 01:48:56,475 - transvg_dino_vit_20250521_151301 - INFO - Train metrics: l1_loss: 0.4142 | giou_loss: 0.8515 | total_loss: 3.7739
2025-05-22 01:50:04,067 - transvg_dino_vit_20250521_151301 - INFO - Epoch 15, Batch 850/1696, Loss: 4.7077
2025-05-22 01:50:04,068 - transvg_dino_vit_20250521_151301 - INFO - Train metrics: l1_loss: 0.5105 | giou_loss: 1.0775 | total_loss: 4.7077
2025-05-22 01:51:12,544 - transvg_dino_vit_20250521_151301 - INFO - Epoch 15, Batch 900/1696, Loss: 3.3791
2025-05-22 01:51:12,545 - transvg_dino_vit_20250521_151301 - INFO - Train metrics: l1_loss: 0.3604 | giou_loss: 0.7886 | total_loss: 3.3791
2025-05-22 01:52:20,968 - transvg_dino_vit_20250521_151301 - INFO - Epoch 15, Batch 950/1696, Loss: 4.2468
2025-05-22 01:52:20,968 - transvg_dino_vit_20250521_151301 - INFO - Train metrics: l1_loss: 0.4804 | giou_loss: 0.9224 | total_loss: 4.2468
2025-05-22 01:53:29,372 - transvg_dino_vit_20250521_151301 - INFO - Epoch 15, Batch 1000/1696, Loss: 4.2192
2025-05-22 01:53:29,373 - transvg_dino_vit_20250521_151301 - INFO - Train metrics: l1_loss: 0.4244 | giou_loss: 1.0486 | total_loss: 4.2192
2025-05-22 01:54:37,776 - transvg_dino_vit_20250521_151301 - INFO - Epoch 15, Batch 1050/1696, Loss: 4.2557
2025-05-22 01:54:37,777 - transvg_dino_vit_20250521_151301 - INFO - Train metrics: l1_loss: 0.4780 | giou_loss: 0.9329 | total_loss: 4.2557
2025-05-22 01:55:46,381 - transvg_dino_vit_20250521_151301 - INFO - Epoch 15, Batch 1100/1696, Loss: 3.8453
2025-05-22 01:55:46,382 - transvg_dino_vit_20250521_151301 - INFO - Train metrics: l1_loss: 0.4049 | giou_loss: 0.9105 | total_loss: 3.8453
2025-05-22 01:56:54,372 - transvg_dino_vit_20250521_151301 - INFO - Epoch 15, Batch 1150/1696, Loss: 4.4540
2025-05-22 01:56:54,373 - transvg_dino_vit_20250521_151301 - INFO - Train metrics: l1_loss: 0.4666 | giou_loss: 1.0605 | total_loss: 4.4540
2025-05-22 01:58:03,352 - transvg_dino_vit_20250521_151301 - INFO - Epoch 15, Batch 1200/1696, Loss: 4.7999
2025-05-22 01:58:03,353 - transvg_dino_vit_20250521_151301 - INFO - Train metrics: l1_loss: 0.5521 | giou_loss: 1.0197 | total_loss: 4.7999
2025-05-22 01:59:12,466 - transvg_dino_vit_20250521_151301 - INFO - Epoch 15, Batch 1250/1696, Loss: 3.9381
2025-05-22 01:59:12,466 - transvg_dino_vit_20250521_151301 - INFO - Train metrics: l1_loss: 0.4145 | giou_loss: 0.9329 | total_loss: 3.9381
2025-05-22 02:00:21,067 - transvg_dino_vit_20250521_151301 - INFO - Epoch 15, Batch 1300/1696, Loss: 3.1786
2025-05-22 02:00:21,067 - transvg_dino_vit_20250521_151301 - INFO - Train metrics: l1_loss: 0.3541 | giou_loss: 0.7041 | total_loss: 3.1786
2025-05-22 02:01:29,869 - transvg_dino_vit_20250521_151301 - INFO - Epoch 15, Batch 1350/1696, Loss: 4.3474
2025-05-22 02:01:29,869 - transvg_dino_vit_20250521_151301 - INFO - Train metrics: l1_loss: 0.4609 | giou_loss: 1.0214 | total_loss: 4.3474
2025-05-22 02:02:38,549 - transvg_dino_vit_20250521_151301 - INFO - Epoch 15, Batch 1400/1696, Loss: 4.9144
2025-05-22 02:02:38,550 - transvg_dino_vit_20250521_151301 - INFO - Train metrics: l1_loss: 0.5799 | giou_loss: 1.0074 | total_loss: 4.9144
2025-05-22 02:03:47,908 - transvg_dino_vit_20250521_151301 - INFO - Epoch 15, Batch 1450/1696, Loss: 4.0251
2025-05-22 02:03:47,908 - transvg_dino_vit_20250521_151301 - INFO - Train metrics: l1_loss: 0.4230 | giou_loss: 0.9550 | total_loss: 4.0251
2025-05-22 02:04:57,021 - transvg_dino_vit_20250521_151301 - INFO - Epoch 15, Batch 1500/1696, Loss: 4.2264
2025-05-22 02:04:57,021 - transvg_dino_vit_20250521_151301 - INFO - Train metrics: l1_loss: 0.4329 | giou_loss: 1.0309 | total_loss: 4.2264
2025-05-22 02:06:06,088 - transvg_dino_vit_20250521_151301 - INFO - Epoch 15, Batch 1550/1696, Loss: 4.2814
2025-05-22 02:06:06,088 - transvg_dino_vit_20250521_151301 - INFO - Train metrics: l1_loss: 0.4466 | giou_loss: 1.0241 | total_loss: 4.2814
2025-05-22 02:07:15,500 - transvg_dino_vit_20250521_151301 - INFO - Epoch 15, Batch 1600/1696, Loss: 3.3606
2025-05-22 02:07:15,500 - transvg_dino_vit_20250521_151301 - INFO - Train metrics: l1_loss: 0.4037 | giou_loss: 0.6711 | total_loss: 3.3606
2025-05-22 02:08:23,823 - transvg_dino_vit_20250521_151301 - INFO - Epoch 15, Batch 1650/1696, Loss: 4.5804
2025-05-22 02:08:23,823 - transvg_dino_vit_20250521_151301 - INFO - Train metrics: l1_loss: 0.4982 | giou_loss: 1.0446 | total_loss: 4.5804
2025-05-22 02:09:25,020 - transvg_dino_vit_20250521_151301 - INFO - Train Epoch 15, Loss: 4.1484
2025-05-22 02:11:19,788 - transvg_dino_vit_20250521_151301 - INFO - Pred box sample: [82.55127716064453, 83.12593841552734, 250.64312744140625, 244.57034301757812]
2025-05-22 02:11:19,788 - transvg_dino_vit_20250521_151301 - INFO - Target box sample: [207.0, 198.0, 287.0, 283.0]
2025-05-22 02:11:19,867 - transvg_dino_vit_20250521_151301 - INFO - Validation Epoch 15, Loss: 4.4862
2025-05-22 02:11:19,867 - transvg_dino_vit_20250521_151301 - INFO - Val metrics: Acc@0.25: 0.3182 | Acc@0.5: 0.1163 | Acc@0.75: 0.0181 | mIoU: 0.1842 | medianIoU: 0.0876 | mae_x1: 101.3154 | mae_y1: 98.7353 | mae_x2: 98.3320 | mae_y2: 97.4982 | center_x_error: 85.2675 | center_y_error: 82.4454 | width_error: 2.3914 | height_error: 2.3286 | loss: 4.4862
2025-05-22 02:11:20,776 - transvg_dino_vit_20250521_151301 - INFO - Saved model checkpoint to /home/pokle/Trans-VG/visual_grounding/checkpoints/transvg_dino_vit_20250521_151301_epoch15.pth
2025-05-22 02:11:20,777 - transvg_dino_vit_20250521_151301 - INFO - Epoch 16/200
2025-05-22 02:11:22,671 - transvg_dino_vit_20250521_151301 - INFO - Epoch 16, Batch 0/1696, Loss: 3.9438
2025-05-22 02:11:22,671 - transvg_dino_vit_20250521_151301 - INFO - Train metrics: l1_loss: 0.4203 | giou_loss: 0.9212 | total_loss: 3.9438
2025-05-22 02:12:30,801 - transvg_dino_vit_20250521_151301 - INFO - Epoch 16, Batch 50/1696, Loss: 3.8358
2025-05-22 02:12:30,801 - transvg_dino_vit_20250521_151301 - INFO - Train metrics: l1_loss: 0.4092 | giou_loss: 0.8949 | total_loss: 3.8358
2025-05-22 02:13:39,822 - transvg_dino_vit_20250521_151301 - INFO - Epoch 16, Batch 100/1696, Loss: 3.8658
2025-05-22 02:13:39,823 - transvg_dino_vit_20250521_151301 - INFO - Train metrics: l1_loss: 0.4170 | giou_loss: 0.8904 | total_loss: 3.8658
2025-05-22 02:14:47,757 - transvg_dino_vit_20250521_151301 - INFO - Epoch 16, Batch 150/1696, Loss: 3.7762
2025-05-22 02:14:47,757 - transvg_dino_vit_20250521_151301 - INFO - Train metrics: l1_loss: 0.3862 | giou_loss: 0.9226 | total_loss: 3.7762
2025-05-22 02:15:55,903 - transvg_dino_vit_20250521_151301 - INFO - Epoch 16, Batch 200/1696, Loss: 3.9127
2025-05-22 02:15:55,904 - transvg_dino_vit_20250521_151301 - INFO - Train metrics: l1_loss: 0.4095 | giou_loss: 0.9326 | total_loss: 3.9127
2025-05-22 02:17:04,425 - transvg_dino_vit_20250521_151301 - INFO - Epoch 16, Batch 250/1696, Loss: 3.6248
2025-05-22 02:17:04,425 - transvg_dino_vit_20250521_151301 - INFO - Train metrics: l1_loss: 0.3766 | giou_loss: 0.8710 | total_loss: 3.6248
2025-05-22 02:18:14,140 - transvg_dino_vit_20250521_151301 - INFO - Epoch 16, Batch 300/1696, Loss: 4.2322
2025-05-22 02:18:14,140 - transvg_dino_vit_20250521_151301 - INFO - Train metrics: l1_loss: 0.4682 | giou_loss: 0.9455 | total_loss: 4.2322
2025-05-22 02:19:22,874 - transvg_dino_vit_20250521_151301 - INFO - Epoch 16, Batch 350/1696, Loss: 4.2985
2025-05-22 02:19:22,874 - transvg_dino_vit_20250521_151301 - INFO - Train metrics: l1_loss: 0.4345 | giou_loss: 1.0631 | total_loss: 4.2985
2025-05-22 02:20:31,669 - transvg_dino_vit_20250521_151301 - INFO - Epoch 16, Batch 400/1696, Loss: 4.0549
2025-05-22 02:20:31,669 - transvg_dino_vit_20250521_151301 - INFO - Train metrics: l1_loss: 0.4459 | giou_loss: 0.9127 | total_loss: 4.0549
2025-05-22 02:21:40,699 - transvg_dino_vit_20250521_151301 - INFO - Epoch 16, Batch 450/1696, Loss: 3.2342
2025-05-22 02:21:40,699 - transvg_dino_vit_20250521_151301 - INFO - Train metrics: l1_loss: 0.3207 | giou_loss: 0.8153 | total_loss: 3.2342
2025-05-22 02:22:49,385 - transvg_dino_vit_20250521_151301 - INFO - Epoch 16, Batch 500/1696, Loss: 4.6845
2025-05-22 02:22:49,386 - transvg_dino_vit_20250521_151301 - INFO - Train metrics: l1_loss: 0.5425 | giou_loss: 0.9860 | total_loss: 4.6845
2025-05-22 02:23:57,824 - transvg_dino_vit_20250521_151301 - INFO - Epoch 16, Batch 550/1696, Loss: 4.3593
2025-05-22 02:23:57,825 - transvg_dino_vit_20250521_151301 - INFO - Train metrics: l1_loss: 0.4769 | giou_loss: 0.9875 | total_loss: 4.3593
2025-05-22 02:25:06,765 - transvg_dino_vit_20250521_151301 - INFO - Epoch 16, Batch 600/1696, Loss: 4.1240
2025-05-22 02:25:06,766 - transvg_dino_vit_20250521_151301 - INFO - Train metrics: l1_loss: 0.4784 | giou_loss: 0.8660 | total_loss: 4.1240
2025-05-22 02:26:15,639 - transvg_dino_vit_20250521_151301 - INFO - Epoch 16, Batch 650/1696, Loss: 4.8326
2025-05-22 02:26:15,640 - transvg_dino_vit_20250521_151301 - INFO - Train metrics: l1_loss: 0.5226 | giou_loss: 1.1097 | total_loss: 4.8326
2025-05-22 02:27:25,162 - transvg_dino_vit_20250521_151301 - INFO - Epoch 16, Batch 700/1696, Loss: 4.2217
2025-05-22 02:27:25,163 - transvg_dino_vit_20250521_151301 - INFO - Train metrics: l1_loss: 0.4338 | giou_loss: 1.0263 | total_loss: 4.2217
2025-05-22 02:28:34,490 - transvg_dino_vit_20250521_151301 - INFO - Epoch 16, Batch 750/1696, Loss: 3.8978
2025-05-22 02:28:34,490 - transvg_dino_vit_20250521_151301 - INFO - Train metrics: l1_loss: 0.3976 | giou_loss: 0.9548 | total_loss: 3.8978
2025-05-22 02:29:43,710 - transvg_dino_vit_20250521_151301 - INFO - Epoch 16, Batch 800/1696, Loss: 4.2366
2025-05-22 02:29:43,711 - transvg_dino_vit_20250521_151301 - INFO - Train metrics: l1_loss: 0.4276 | giou_loss: 1.0494 | total_loss: 4.2366
2025-05-22 02:30:52,952 - transvg_dino_vit_20250521_151301 - INFO - Epoch 16, Batch 850/1696, Loss: 5.0535
2025-05-22 02:30:52,953 - transvg_dino_vit_20250521_151301 - INFO - Train metrics: l1_loss: 0.5819 | giou_loss: 1.0721 | total_loss: 5.0535
2025-05-22 02:32:02,282 - transvg_dino_vit_20250521_151301 - INFO - Epoch 16, Batch 900/1696, Loss: 5.0900
2025-05-22 02:32:02,282 - transvg_dino_vit_20250521_151301 - INFO - Train metrics: l1_loss: 0.5778 | giou_loss: 1.1006 | total_loss: 5.0900
2025-05-22 02:33:12,017 - transvg_dino_vit_20250521_151301 - INFO - Epoch 16, Batch 950/1696, Loss: 3.5303
2025-05-22 02:33:12,017 - transvg_dino_vit_20250521_151301 - INFO - Train metrics: l1_loss: 0.3571 | giou_loss: 0.8723 | total_loss: 3.5303
2025-05-22 02:34:21,407 - transvg_dino_vit_20250521_151301 - INFO - Epoch 16, Batch 1000/1696, Loss: 4.3681
2025-05-22 02:34:21,407 - transvg_dino_vit_20250521_151301 - INFO - Train metrics: l1_loss: 0.4788 | giou_loss: 0.9869 | total_loss: 4.3681
2025-05-22 02:35:30,974 - transvg_dino_vit_20250521_151301 - INFO - Epoch 16, Batch 1050/1696, Loss: 3.9650
2025-05-22 02:35:30,974 - transvg_dino_vit_20250521_151301 - INFO - Train metrics: l1_loss: 0.4195 | giou_loss: 0.9337 | total_loss: 3.9650
2025-05-22 02:36:40,577 - transvg_dino_vit_20250521_151301 - INFO - Epoch 16, Batch 1100/1696, Loss: 5.1086
2025-05-22 02:36:40,578 - transvg_dino_vit_20250521_151301 - INFO - Train metrics: l1_loss: 0.5585 | giou_loss: 1.1581 | total_loss: 5.1086
2025-05-22 02:37:49,996 - transvg_dino_vit_20250521_151301 - INFO - Epoch 16, Batch 1150/1696, Loss: 3.4977
2025-05-22 02:37:49,997 - transvg_dino_vit_20250521_151301 - INFO - Train metrics: l1_loss: 0.3804 | giou_loss: 0.7978 | total_loss: 3.4977
2025-05-22 02:38:59,491 - transvg_dino_vit_20250521_151301 - INFO - Epoch 16, Batch 1200/1696, Loss: 3.8178
2025-05-22 02:38:59,491 - transvg_dino_vit_20250521_151301 - INFO - Train metrics: l1_loss: 0.3831 | giou_loss: 0.9511 | total_loss: 3.8178
2025-05-22 02:40:09,281 - transvg_dino_vit_20250521_151301 - INFO - Epoch 16, Batch 1250/1696, Loss: 4.1022
2025-05-22 02:40:09,282 - transvg_dino_vit_20250521_151301 - INFO - Train metrics: l1_loss: 0.4723 | giou_loss: 0.8704 | total_loss: 4.1022
2025-05-22 02:41:19,235 - transvg_dino_vit_20250521_151301 - INFO - Epoch 16, Batch 1300/1696, Loss: 3.9002
2025-05-22 02:41:19,235 - transvg_dino_vit_20250521_151301 - INFO - Train metrics: l1_loss: 0.4176 | giou_loss: 0.9062 | total_loss: 3.9002
2025-05-22 02:42:28,857 - transvg_dino_vit_20250521_151301 - INFO - Epoch 16, Batch 1350/1696, Loss: 3.7676
2025-05-22 02:42:28,858 - transvg_dino_vit_20250521_151301 - INFO - Train metrics: l1_loss: 0.3935 | giou_loss: 0.9000 | total_loss: 3.7676
2025-05-22 02:43:38,195 - transvg_dino_vit_20250521_151301 - INFO - Epoch 16, Batch 1400/1696, Loss: 3.6573
2025-05-22 02:43:38,195 - transvg_dino_vit_20250521_151301 - INFO - Train metrics: l1_loss: 0.3870 | giou_loss: 0.8611 | total_loss: 3.6573
2025-05-22 02:44:46,889 - transvg_dino_vit_20250521_151301 - INFO - Epoch 16, Batch 1450/1696, Loss: 4.9126
2025-05-22 02:44:46,890 - transvg_dino_vit_20250521_151301 - INFO - Train metrics: l1_loss: 0.5364 | giou_loss: 1.1153 | total_loss: 4.9126
2025-05-22 02:45:56,052 - transvg_dino_vit_20250521_151301 - INFO - Epoch 16, Batch 1500/1696, Loss: 3.3112
2025-05-22 02:45:56,052 - transvg_dino_vit_20250521_151301 - INFO - Train metrics: l1_loss: 0.3259 | giou_loss: 0.8409 | total_loss: 3.3112
2025-05-22 02:47:05,433 - transvg_dino_vit_20250521_151301 - INFO - Epoch 16, Batch 1550/1696, Loss: 4.1970
2025-05-22 02:47:05,433 - transvg_dino_vit_20250521_151301 - INFO - Train metrics: l1_loss: 0.4591 | giou_loss: 0.9507 | total_loss: 4.1970
2025-05-22 02:48:14,600 - transvg_dino_vit_20250521_151301 - INFO - Epoch 16, Batch 1600/1696, Loss: 3.9840
2025-05-22 02:48:14,600 - transvg_dino_vit_20250521_151301 - INFO - Train metrics: l1_loss: 0.4416 | giou_loss: 0.8880 | total_loss: 3.9840
2025-05-22 02:49:24,087 - transvg_dino_vit_20250521_151301 - INFO - Epoch 16, Batch 1650/1696, Loss: 3.1930
2025-05-22 02:49:24,087 - transvg_dino_vit_20250521_151301 - INFO - Train metrics: l1_loss: 0.3088 | giou_loss: 0.8245 | total_loss: 3.1930
2025-05-22 02:50:26,783 - transvg_dino_vit_20250521_151301 - INFO - Train Epoch 16, Loss: 4.1200
2025-05-22 02:52:24,511 - transvg_dino_vit_20250521_151301 - INFO - Pred box sample: [79.39340209960938, 76.51638793945312, 246.36947631835938, 239.48974609375]
2025-05-22 02:52:24,512 - transvg_dino_vit_20250521_151301 - INFO - Target box sample: [207.0, 198.0, 287.0, 283.0]
2025-05-22 02:52:24,593 - transvg_dino_vit_20250521_151301 - INFO - Validation Epoch 16, Loss: 4.4714
2025-05-22 02:52:24,593 - transvg_dino_vit_20250521_151301 - INFO - Val metrics: Acc@0.25: 0.3235 | Acc@0.5: 0.1193 | Acc@0.75: 0.0165 | mIoU: 0.1865 | medianIoU: 0.0858 | mae_x1: 100.2874 | mae_y1: 98.2264 | mae_x2: 100.6766 | mae_y2: 95.9419 | center_x_error: 85.8774 | center_y_error: 81.1887 | width_error: 2.3791 | height_error: 2.3537 | loss: 4.4714
2025-05-22 02:52:25,646 - transvg_dino_vit_20250521_151301 - INFO - Saved model checkpoint to /home/pokle/Trans-VG/visual_grounding/checkpoints/transvg_dino_vit_20250521_151301_epoch16.pth
2025-05-22 02:52:25,647 - transvg_dino_vit_20250521_151301 - INFO - Epoch 17/200
2025-05-22 02:52:27,466 - transvg_dino_vit_20250521_151301 - INFO - Epoch 17, Batch 0/1696, Loss: 3.4783
2025-05-22 02:52:27,466 - transvg_dino_vit_20250521_151301 - INFO - Train metrics: l1_loss: 0.3563 | giou_loss: 0.8483 | total_loss: 3.4783
2025-05-22 02:53:37,460 - transvg_dino_vit_20250521_151301 - INFO - Epoch 17, Batch 50/1696, Loss: 3.8792
2025-05-22 02:53:37,461 - transvg_dino_vit_20250521_151301 - INFO - Train metrics: l1_loss: 0.4445 | giou_loss: 0.8283 | total_loss: 3.8792
2025-05-22 02:54:46,943 - transvg_dino_vit_20250521_151301 - INFO - Epoch 17, Batch 100/1696, Loss: 5.5739
2025-05-22 02:54:46,943 - transvg_dino_vit_20250521_151301 - INFO - Train metrics: l1_loss: 0.6252 | giou_loss: 1.2239 | total_loss: 5.5739
2025-05-22 02:55:55,992 - transvg_dino_vit_20250521_151301 - INFO - Epoch 17, Batch 150/1696, Loss: 4.5883
2025-05-22 02:55:55,993 - transvg_dino_vit_20250521_151301 - INFO - Train metrics: l1_loss: 0.5080 | giou_loss: 1.0242 | total_loss: 4.5883
2025-05-22 02:57:05,609 - transvg_dino_vit_20250521_151301 - INFO - Epoch 17, Batch 200/1696, Loss: 4.3357
2025-05-22 02:57:05,609 - transvg_dino_vit_20250521_151301 - INFO - Train metrics: l1_loss: 0.4680 | giou_loss: 0.9978 | total_loss: 4.3357
2025-05-22 02:58:14,417 - transvg_dino_vit_20250521_151301 - INFO - Epoch 17, Batch 250/1696, Loss: 4.2557
2025-05-22 02:58:14,417 - transvg_dino_vit_20250521_151301 - INFO - Train metrics: l1_loss: 0.4520 | giou_loss: 0.9979 | total_loss: 4.2557
2025-05-22 02:59:24,021 - transvg_dino_vit_20250521_151301 - INFO - Epoch 17, Batch 300/1696, Loss: 3.8470
2025-05-22 02:59:24,021 - transvg_dino_vit_20250521_151301 - INFO - Train metrics: l1_loss: 0.4214 | giou_loss: 0.8700 | total_loss: 3.8470
2025-05-22 03:00:33,654 - transvg_dino_vit_20250521_151301 - INFO - Epoch 17, Batch 350/1696, Loss: 4.2827
2025-05-22 03:00:33,654 - transvg_dino_vit_20250521_151301 - INFO - Train metrics: l1_loss: 0.4927 | giou_loss: 0.9095 | total_loss: 4.2827
2025-05-22 03:01:42,770 - transvg_dino_vit_20250521_151301 - INFO - Epoch 17, Batch 400/1696, Loss: 3.6551
2025-05-22 03:01:42,771 - transvg_dino_vit_20250521_151301 - INFO - Train metrics: l1_loss: 0.3643 | giou_loss: 0.9167 | total_loss: 3.6551
2025-05-22 03:02:51,920 - transvg_dino_vit_20250521_151301 - INFO - Epoch 17, Batch 450/1696, Loss: 3.7615
2025-05-22 03:02:51,921 - transvg_dino_vit_20250521_151301 - INFO - Train metrics: l1_loss: 0.3708 | giou_loss: 0.9537 | total_loss: 3.7615
2025-05-22 03:04:00,968 - transvg_dino_vit_20250521_151301 - INFO - Epoch 17, Batch 500/1696, Loss: 3.9885
2025-05-22 03:04:00,968 - transvg_dino_vit_20250521_151301 - INFO - Train metrics: l1_loss: 0.4072 | giou_loss: 0.9762 | total_loss: 3.9885
2025-05-22 03:05:10,319 - transvg_dino_vit_20250521_151301 - INFO - Epoch 17, Batch 550/1696, Loss: 3.8254
2025-05-22 03:05:10,319 - transvg_dino_vit_20250521_151301 - INFO - Train metrics: l1_loss: 0.4241 | giou_loss: 0.8525 | total_loss: 3.8254
2025-05-22 03:06:19,474 - transvg_dino_vit_20250521_151301 - INFO - Epoch 17, Batch 600/1696, Loss: 4.2615
2025-05-22 03:06:19,474 - transvg_dino_vit_20250521_151301 - INFO - Train metrics: l1_loss: 0.4531 | giou_loss: 0.9981 | total_loss: 4.2615
2025-05-22 03:07:29,318 - transvg_dino_vit_20250521_151301 - INFO - Epoch 17, Batch 650/1696, Loss: 3.4703
2025-05-22 03:07:29,318 - transvg_dino_vit_20250521_151301 - INFO - Train metrics: l1_loss: 0.3856 | giou_loss: 0.7710 | total_loss: 3.4703
2025-05-22 03:08:38,317 - transvg_dino_vit_20250521_151301 - INFO - Epoch 17, Batch 700/1696, Loss: 4.5105
2025-05-22 03:08:38,317 - transvg_dino_vit_20250521_151301 - INFO - Train metrics: l1_loss: 0.5068 | giou_loss: 0.9882 | total_loss: 4.5105
2025-05-22 03:09:47,320 - transvg_dino_vit_20250521_151301 - INFO - Epoch 17, Batch 750/1696, Loss: 3.5470
2025-05-22 03:09:47,320 - transvg_dino_vit_20250521_151301 - INFO - Train metrics: l1_loss: 0.3860 | giou_loss: 0.8086 | total_loss: 3.5470
2025-05-22 03:10:56,460 - transvg_dino_vit_20250521_151301 - INFO - Epoch 17, Batch 800/1696, Loss: 3.8725
2025-05-22 03:10:56,460 - transvg_dino_vit_20250521_151301 - INFO - Train metrics: l1_loss: 0.3838 | giou_loss: 0.9767 | total_loss: 3.8725
2025-05-22 03:12:05,960 - transvg_dino_vit_20250521_151301 - INFO - Epoch 17, Batch 850/1696, Loss: 3.1287
2025-05-22 03:12:05,960 - transvg_dino_vit_20250521_151301 - INFO - Train metrics: l1_loss: 0.3057 | giou_loss: 0.8002 | total_loss: 3.1287
2025-05-22 03:13:15,909 - transvg_dino_vit_20250521_151301 - INFO - Epoch 17, Batch 900/1696, Loss: 3.3583
2025-05-22 03:13:15,909 - transvg_dino_vit_20250521_151301 - INFO - Train metrics: l1_loss: 0.3441 | giou_loss: 0.8188 | total_loss: 3.3583
2025-05-22 03:14:24,930 - transvg_dino_vit_20250521_151301 - INFO - Epoch 17, Batch 950/1696, Loss: 5.3318
2025-05-22 03:14:24,930 - transvg_dino_vit_20250521_151301 - INFO - Train metrics: l1_loss: 0.6162 | giou_loss: 1.1253 | total_loss: 5.3318
2025-05-22 03:15:34,362 - transvg_dino_vit_20250521_151301 - INFO - Epoch 17, Batch 1000/1696, Loss: 4.2097
2025-05-22 03:15:34,362 - transvg_dino_vit_20250521_151301 - INFO - Train metrics: l1_loss: 0.4902 | giou_loss: 0.8792 | total_loss: 4.2097
2025-05-22 03:16:43,014 - transvg_dino_vit_20250521_151301 - INFO - Epoch 17, Batch 1050/1696, Loss: 3.9647
2025-05-22 03:16:43,014 - transvg_dino_vit_20250521_151301 - INFO - Train metrics: l1_loss: 0.4094 | giou_loss: 0.9589 | total_loss: 3.9647
2025-05-22 03:17:52,245 - transvg_dino_vit_20250521_151301 - INFO - Epoch 17, Batch 1100/1696, Loss: 3.9986
2025-05-22 03:17:52,245 - transvg_dino_vit_20250521_151301 - INFO - Train metrics: l1_loss: 0.4003 | giou_loss: 0.9986 | total_loss: 3.9986
2025-05-22 03:19:01,545 - transvg_dino_vit_20250521_151301 - INFO - Epoch 17, Batch 1150/1696, Loss: 4.2688
2025-05-22 03:19:01,546 - transvg_dino_vit_20250521_151301 - INFO - Train metrics: l1_loss: 0.4879 | giou_loss: 0.9145 | total_loss: 4.2688
2025-05-22 03:20:11,184 - transvg_dino_vit_20250521_151301 - INFO - Epoch 17, Batch 1200/1696, Loss: 3.8980
2025-05-22 03:20:11,185 - transvg_dino_vit_20250521_151301 - INFO - Train metrics: l1_loss: 0.4131 | giou_loss: 0.9163 | total_loss: 3.8980
2025-05-22 03:21:20,377 - transvg_dino_vit_20250521_151301 - INFO - Epoch 17, Batch 1250/1696, Loss: 3.7398
2025-05-22 03:21:20,377 - transvg_dino_vit_20250521_151301 - INFO - Train metrics: l1_loss: 0.3813 | giou_loss: 0.9166 | total_loss: 3.7398
2025-05-22 03:22:29,739 - transvg_dino_vit_20250521_151301 - INFO - Epoch 17, Batch 1300/1696, Loss: 3.1203
2025-05-22 03:22:29,739 - transvg_dino_vit_20250521_151301 - INFO - Train metrics: l1_loss: 0.3014 | giou_loss: 0.8066 | total_loss: 3.1203
2025-05-22 03:23:38,940 - transvg_dino_vit_20250521_151301 - INFO - Epoch 17, Batch 1350/1696, Loss: 4.5784
2025-05-22 03:23:38,940 - transvg_dino_vit_20250521_151301 - INFO - Train metrics: l1_loss: 0.5332 | giou_loss: 0.9563 | total_loss: 4.5784
2025-05-22 03:24:48,388 - transvg_dino_vit_20250521_151301 - INFO - Epoch 17, Batch 1400/1696, Loss: 4.0707
2025-05-22 03:24:48,389 - transvg_dino_vit_20250521_151301 - INFO - Train metrics: l1_loss: 0.4175 | giou_loss: 0.9915 | total_loss: 4.0707
2025-05-22 03:25:57,748 - transvg_dino_vit_20250521_151301 - INFO - Epoch 17, Batch 1450/1696, Loss: 4.2439
2025-05-22 03:25:57,748 - transvg_dino_vit_20250521_151301 - INFO - Train metrics: l1_loss: 0.4927 | giou_loss: 0.8902 | total_loss: 4.2439
2025-05-22 03:27:06,515 - transvg_dino_vit_20250521_151301 - INFO - Epoch 17, Batch 1500/1696, Loss: 3.9137
2025-05-22 03:27:06,515 - transvg_dino_vit_20250521_151301 - INFO - Train metrics: l1_loss: 0.3934 | giou_loss: 0.9733 | total_loss: 3.9137
2025-05-22 03:28:15,599 - transvg_dino_vit_20250521_151301 - INFO - Epoch 17, Batch 1550/1696, Loss: 4.9381
2025-05-22 03:28:15,599 - transvg_dino_vit_20250521_151301 - INFO - Train metrics: l1_loss: 0.5579 | giou_loss: 1.0742 | total_loss: 4.9381
2025-05-22 03:29:24,210 - transvg_dino_vit_20250521_151301 - INFO - Epoch 17, Batch 1600/1696, Loss: 3.0497
2025-05-22 03:29:24,210 - transvg_dino_vit_20250521_151301 - INFO - Train metrics: l1_loss: 0.2998 | giou_loss: 0.7753 | total_loss: 3.0497
2025-05-22 03:30:32,493 - transvg_dino_vit_20250521_151301 - INFO - Epoch 17, Batch 1650/1696, Loss: 3.7803
2025-05-22 03:30:32,493 - transvg_dino_vit_20250521_151301 - INFO - Train metrics: l1_loss: 0.4047 | giou_loss: 0.8784 | total_loss: 3.7803
2025-05-22 03:31:33,911 - transvg_dino_vit_20250521_151301 - INFO - Train Epoch 17, Loss: 4.0987
2025-05-22 03:33:29,494 - transvg_dino_vit_20250521_151301 - INFO - Pred box sample: [64.88774108886719, 75.29464721679688, 230.32948303222656, 231.45089721679688]
2025-05-22 03:33:29,495 - transvg_dino_vit_20250521_151301 - INFO - Target box sample: [207.0, 198.0, 287.0, 283.0]
2025-05-22 03:33:29,569 - transvg_dino_vit_20250521_151301 - INFO - Validation Epoch 17, Loss: 4.4918
2025-05-22 03:33:29,569 - transvg_dino_vit_20250521_151301 - INFO - Val metrics: Acc@0.25: 0.3299 | Acc@0.5: 0.1206 | Acc@0.75: 0.0212 | mIoU: 0.1885 | medianIoU: 0.0885 | mae_x1: 102.4891 | mae_y1: 100.0410 | mae_x2: 100.6855 | mae_y2: 96.9710 | center_x_error: 86.2070 | center_y_error: 82.1869 | width_error: 2.5017 | height_error: 2.3929 | loss: 4.4918
2025-05-22 03:33:30,423 - transvg_dino_vit_20250521_151301 - INFO - Saved model checkpoint to /home/pokle/Trans-VG/visual_grounding/checkpoints/transvg_dino_vit_20250521_151301_epoch17.pth
2025-05-22 03:33:30,424 - transvg_dino_vit_20250521_151301 - INFO - Epoch 18/200
2025-05-22 03:33:32,256 - transvg_dino_vit_20250521_151301 - INFO - Epoch 18, Batch 0/1696, Loss: 4.3073
2025-05-22 03:33:32,256 - transvg_dino_vit_20250521_151301 - INFO - Train metrics: l1_loss: 0.4868 | giou_loss: 0.9366 | total_loss: 4.3073
2025-05-22 03:34:40,820 - transvg_dino_vit_20250521_151301 - INFO - Epoch 18, Batch 50/1696, Loss: 3.2918
2025-05-22 03:34:40,820 - transvg_dino_vit_20250521_151301 - INFO - Train metrics: l1_loss: 0.3325 | giou_loss: 0.8148 | total_loss: 3.2918
2025-05-22 03:35:49,534 - transvg_dino_vit_20250521_151301 - INFO - Epoch 18, Batch 100/1696, Loss: 4.0466
2025-05-22 03:35:49,534 - transvg_dino_vit_20250521_151301 - INFO - Train metrics: l1_loss: 0.4640 | giou_loss: 0.8632 | total_loss: 4.0466
2025-05-22 03:36:58,405 - transvg_dino_vit_20250521_151301 - INFO - Epoch 18, Batch 150/1696, Loss: 4.2379
2025-05-22 03:36:58,406 - transvg_dino_vit_20250521_151301 - INFO - Train metrics: l1_loss: 0.4747 | giou_loss: 0.9323 | total_loss: 4.2379
2025-05-22 03:38:07,042 - transvg_dino_vit_20250521_151301 - INFO - Epoch 18, Batch 200/1696, Loss: 3.8225
2025-05-22 03:38:07,043 - transvg_dino_vit_20250521_151301 - INFO - Train metrics: l1_loss: 0.4005 | giou_loss: 0.9101 | total_loss: 3.8225
2025-05-22 03:39:15,156 - transvg_dino_vit_20250521_151301 - INFO - Epoch 18, Batch 250/1696, Loss: 4.1867
2025-05-22 03:39:15,156 - transvg_dino_vit_20250521_151301 - INFO - Train metrics: l1_loss: 0.4454 | giou_loss: 0.9800 | total_loss: 4.1867
2025-05-22 03:40:23,672 - transvg_dino_vit_20250521_151301 - INFO - Epoch 18, Batch 300/1696, Loss: 4.7168
2025-05-22 03:40:23,672 - transvg_dino_vit_20250521_151301 - INFO - Train metrics: l1_loss: 0.5186 | giou_loss: 1.0620 | total_loss: 4.7168
2025-05-22 03:41:31,564 - transvg_dino_vit_20250521_151301 - INFO - Epoch 18, Batch 350/1696, Loss: 4.0337
2025-05-22 03:41:31,565 - transvg_dino_vit_20250521_151301 - INFO - Train metrics: l1_loss: 0.4179 | giou_loss: 0.9721 | total_loss: 4.0337
2025-05-22 03:42:39,736 - transvg_dino_vit_20250521_151301 - INFO - Epoch 18, Batch 400/1696, Loss: 3.2260
2025-05-22 03:42:39,736 - transvg_dino_vit_20250521_151301 - INFO - Train metrics: l1_loss: 0.3181 | giou_loss: 0.8178 | total_loss: 3.2260
2025-05-22 03:43:47,952 - transvg_dino_vit_20250521_151301 - INFO - Epoch 18, Batch 450/1696, Loss: 4.3724
2025-05-22 03:43:47,952 - transvg_dino_vit_20250521_151301 - INFO - Train metrics: l1_loss: 0.4761 | giou_loss: 0.9959 | total_loss: 4.3724
2025-05-22 03:44:56,369 - transvg_dino_vit_20250521_151301 - INFO - Epoch 18, Batch 500/1696, Loss: 4.0899
2025-05-22 03:44:56,369 - transvg_dino_vit_20250521_151301 - INFO - Train metrics: l1_loss: 0.4228 | giou_loss: 0.9879 | total_loss: 4.0899
2025-05-22 03:46:05,058 - transvg_dino_vit_20250521_151301 - INFO - Epoch 18, Batch 550/1696, Loss: 4.2317
2025-05-22 03:46:05,058 - transvg_dino_vit_20250521_151301 - INFO - Train metrics: l1_loss: 0.4711 | giou_loss: 0.9381 | total_loss: 4.2317
2025-05-22 03:47:12,988 - transvg_dino_vit_20250521_151301 - INFO - Epoch 18, Batch 600/1696, Loss: 3.2706
2025-05-22 03:47:12,988 - transvg_dino_vit_20250521_151301 - INFO - Train metrics: l1_loss: 0.3141 | giou_loss: 0.8502 | total_loss: 3.2706
2025-05-22 03:48:21,069 - transvg_dino_vit_20250521_151301 - INFO - Epoch 18, Batch 650/1696, Loss: 3.8961
2025-05-22 03:48:21,070 - transvg_dino_vit_20250521_151301 - INFO - Train metrics: l1_loss: 0.4067 | giou_loss: 0.9312 | total_loss: 3.8961
2025-05-22 03:49:29,445 - transvg_dino_vit_20250521_151301 - INFO - Epoch 18, Batch 700/1696, Loss: 4.1272
2025-05-22 03:49:29,445 - transvg_dino_vit_20250521_151301 - INFO - Train metrics: l1_loss: 0.4280 | giou_loss: 0.9936 | total_loss: 4.1272
2025-05-22 03:50:38,163 - transvg_dino_vit_20250521_151301 - INFO - Epoch 18, Batch 750/1696, Loss: 3.9466
2025-05-22 03:50:38,164 - transvg_dino_vit_20250521_151301 - INFO - Train metrics: l1_loss: 0.3755 | giou_loss: 1.0345 | total_loss: 3.9466
2025-05-22 03:51:46,886 - transvg_dino_vit_20250521_151301 - INFO - Epoch 18, Batch 800/1696, Loss: 4.0112
2025-05-22 03:51:46,886 - transvg_dino_vit_20250521_151301 - INFO - Train metrics: l1_loss: 0.4251 | giou_loss: 0.9428 | total_loss: 4.0112
2025-05-22 03:52:55,839 - transvg_dino_vit_20250521_151301 - INFO - Epoch 18, Batch 850/1696, Loss: 4.9055
2025-05-22 03:52:55,839 - transvg_dino_vit_20250521_151301 - INFO - Train metrics: l1_loss: 0.5605 | giou_loss: 1.0515 | total_loss: 4.9055
2025-05-22 03:54:05,009 - transvg_dino_vit_20250521_151301 - INFO - Epoch 18, Batch 900/1696, Loss: 3.7357
2025-05-22 03:54:05,009 - transvg_dino_vit_20250521_151301 - INFO - Train metrics: l1_loss: 0.3897 | giou_loss: 0.8935 | total_loss: 3.7357
2025-05-22 03:55:14,135 - transvg_dino_vit_20250521_151301 - INFO - Epoch 18, Batch 950/1696, Loss: 5.0432
2025-05-22 03:55:14,136 - transvg_dino_vit_20250521_151301 - INFO - Train metrics: l1_loss: 0.5909 | giou_loss: 1.0443 | total_loss: 5.0432
2025-05-22 03:56:23,124 - transvg_dino_vit_20250521_151301 - INFO - Epoch 18, Batch 1000/1696, Loss: 4.8353
2025-05-22 03:56:23,124 - transvg_dino_vit_20250521_151301 - INFO - Train metrics: l1_loss: 0.5582 | giou_loss: 1.0221 | total_loss: 4.8353
2025-05-22 03:57:30,907 - transvg_dino_vit_20250521_151301 - INFO - Epoch 18, Batch 1050/1696, Loss: 4.6311
2025-05-22 03:57:30,907 - transvg_dino_vit_20250521_151301 - INFO - Train metrics: l1_loss: 0.5167 | giou_loss: 1.0237 | total_loss: 4.6311
2025-05-22 03:58:39,422 - transvg_dino_vit_20250521_151301 - INFO - Epoch 18, Batch 1100/1696, Loss: 3.9904
2025-05-22 03:58:39,423 - transvg_dino_vit_20250521_151301 - INFO - Train metrics: l1_loss: 0.4053 | giou_loss: 0.9820 | total_loss: 3.9904
2025-05-22 03:59:47,567 - transvg_dino_vit_20250521_151301 - INFO - Epoch 18, Batch 1150/1696, Loss: 3.9599
2025-05-22 03:59:47,568 - transvg_dino_vit_20250521_151301 - INFO - Train metrics: l1_loss: 0.4097 | giou_loss: 0.9556 | total_loss: 3.9599
2025-05-22 04:00:56,176 - transvg_dino_vit_20250521_151301 - INFO - Epoch 18, Batch 1200/1696, Loss: 4.1248
2025-05-22 04:00:56,176 - transvg_dino_vit_20250521_151301 - INFO - Train metrics: l1_loss: 0.4633 | giou_loss: 0.9041 | total_loss: 4.1248
2025-05-22 04:02:04,224 - transvg_dino_vit_20250521_151301 - INFO - Epoch 18, Batch 1250/1696, Loss: 3.9260
2025-05-22 04:02:04,224 - transvg_dino_vit_20250521_151301 - INFO - Train metrics: l1_loss: 0.3814 | giou_loss: 1.0096 | total_loss: 3.9260
2025-05-22 04:03:12,568 - transvg_dino_vit_20250521_151301 - INFO - Epoch 18, Batch 1300/1696, Loss: 3.8909
2025-05-22 04:03:12,568 - transvg_dino_vit_20250521_151301 - INFO - Train metrics: l1_loss: 0.4403 | giou_loss: 0.8448 | total_loss: 3.8909
2025-05-22 04:04:21,906 - transvg_dino_vit_20250521_151301 - INFO - Epoch 18, Batch 1350/1696, Loss: 4.3694
2025-05-22 04:04:21,906 - transvg_dino_vit_20250521_151301 - INFO - Train metrics: l1_loss: 0.4637 | giou_loss: 1.0255 | total_loss: 4.3694
2025-05-22 04:05:31,013 - transvg_dino_vit_20250521_151301 - INFO - Epoch 18, Batch 1400/1696, Loss: 4.4337
2025-05-22 04:05:31,013 - transvg_dino_vit_20250521_151301 - INFO - Train metrics: l1_loss: 0.4863 | giou_loss: 1.0011 | total_loss: 4.4337
2025-05-22 04:06:40,703 - transvg_dino_vit_20250521_151301 - INFO - Epoch 18, Batch 1450/1696, Loss: 4.2055
2025-05-22 04:06:40,703 - transvg_dino_vit_20250521_151301 - INFO - Train metrics: l1_loss: 0.4396 | giou_loss: 1.0037 | total_loss: 4.2055
2025-05-22 04:07:50,389 - transvg_dino_vit_20250521_151301 - INFO - Epoch 18, Batch 1500/1696, Loss: 3.9559
2025-05-22 04:07:50,389 - transvg_dino_vit_20250521_151301 - INFO - Train metrics: l1_loss: 0.4560 | giou_loss: 0.8379 | total_loss: 3.9559
2025-05-22 04:08:59,850 - transvg_dino_vit_20250521_151301 - INFO - Epoch 18, Batch 1550/1696, Loss: 3.9941
2025-05-22 04:08:59,850 - transvg_dino_vit_20250521_151301 - INFO - Train metrics: l1_loss: 0.4514 | giou_loss: 0.8685 | total_loss: 3.9941
2025-05-22 04:10:08,853 - transvg_dino_vit_20250521_151301 - INFO - Epoch 18, Batch 1600/1696, Loss: 4.4656
2025-05-22 04:10:08,853 - transvg_dino_vit_20250521_151301 - INFO - Train metrics: l1_loss: 0.4955 | giou_loss: 0.9941 | total_loss: 4.4656
2025-05-22 04:11:18,209 - transvg_dino_vit_20250521_151301 - INFO - Epoch 18, Batch 1650/1696, Loss: 4.6827
2025-05-22 04:11:18,209 - transvg_dino_vit_20250521_151301 - INFO - Train metrics: l1_loss: 0.5200 | giou_loss: 1.0415 | total_loss: 4.6827
2025-05-22 04:12:20,336 - transvg_dino_vit_20250521_151301 - INFO - Train Epoch 18, Loss: 4.0796
2025-05-22 04:14:16,932 - transvg_dino_vit_20250521_151301 - INFO - Pred box sample: [87.52706909179688, 105.21168518066406, 261.9107360839844, 267.46832275390625]
2025-05-22 04:14:16,932 - transvg_dino_vit_20250521_151301 - INFO - Target box sample: [207.0, 198.0, 287.0, 283.0]
2025-05-22 04:14:17,014 - transvg_dino_vit_20250521_151301 - INFO - Validation Epoch 18, Loss: 4.5036
2025-05-22 04:14:17,014 - transvg_dino_vit_20250521_151301 - INFO - Val metrics: Acc@0.25: 0.3232 | Acc@0.5: 0.1163 | Acc@0.75: 0.0141 | mIoU: 0.1841 | medianIoU: 0.0822 | mae_x1: 101.1614 | mae_y1: 97.3335 | mae_x2: 100.8620 | mae_y2: 96.9051 | center_x_error: 87.1197 | center_y_error: 82.2392 | width_error: 2.3304 | height_error: 2.2124 | loss: 4.5036
2025-05-22 04:14:17,877 - transvg_dino_vit_20250521_151301 - INFO - Saved model checkpoint to /home/pokle/Trans-VG/visual_grounding/checkpoints/transvg_dino_vit_20250521_151301_epoch18.pth
2025-05-22 04:14:17,878 - transvg_dino_vit_20250521_151301 - INFO - Epoch 19/200
2025-05-22 04:14:19,704 - transvg_dino_vit_20250521_151301 - INFO - Epoch 19, Batch 0/1696, Loss: 3.6802
2025-05-22 04:14:19,704 - transvg_dino_vit_20250521_151301 - INFO - Train metrics: l1_loss: 0.4043 | giou_loss: 0.8295 | total_loss: 3.6802
2025-05-22 04:15:29,184 - transvg_dino_vit_20250521_151301 - INFO - Epoch 19, Batch 50/1696, Loss: 3.9129
2025-05-22 04:15:29,184 - transvg_dino_vit_20250521_151301 - INFO - Train metrics: l1_loss: 0.4028 | giou_loss: 0.9494 | total_loss: 3.9129
2025-05-22 04:16:38,401 - transvg_dino_vit_20250521_151301 - INFO - Epoch 19, Batch 100/1696, Loss: 4.6035
2025-05-22 04:16:38,401 - transvg_dino_vit_20250521_151301 - INFO - Train metrics: l1_loss: 0.5114 | giou_loss: 1.0231 | total_loss: 4.6035
2025-05-22 04:17:47,949 - transvg_dino_vit_20250521_151301 - INFO - Epoch 19, Batch 150/1696, Loss: 4.2943
2025-05-22 04:17:47,949 - transvg_dino_vit_20250521_151301 - INFO - Train metrics: l1_loss: 0.4455 | giou_loss: 1.0333 | total_loss: 4.2943
2025-05-22 04:18:57,258 - transvg_dino_vit_20250521_151301 - INFO - Epoch 19, Batch 200/1696, Loss: 4.1258
2025-05-22 04:18:57,258 - transvg_dino_vit_20250521_151301 - INFO - Train metrics: l1_loss: 0.4599 | giou_loss: 0.9132 | total_loss: 4.1258
2025-05-22 04:20:06,580 - transvg_dino_vit_20250521_151301 - INFO - Epoch 19, Batch 250/1696, Loss: 4.0792
2025-05-22 04:20:06,580 - transvg_dino_vit_20250521_151301 - INFO - Train metrics: l1_loss: 0.4572 | giou_loss: 0.8966 | total_loss: 4.0792
2025-05-22 04:21:15,479 - transvg_dino_vit_20250521_151301 - INFO - Epoch 19, Batch 300/1696, Loss: 4.7164
2025-05-22 04:21:15,479 - transvg_dino_vit_20250521_151301 - INFO - Train metrics: l1_loss: 0.5103 | giou_loss: 1.0826 | total_loss: 4.7164
2025-05-22 04:22:23,691 - transvg_dino_vit_20250521_151301 - INFO - Epoch 19, Batch 350/1696, Loss: 4.3573
2025-05-22 04:22:23,692 - transvg_dino_vit_20250521_151301 - INFO - Train metrics: l1_loss: 0.4676 | giou_loss: 1.0096 | total_loss: 4.3573
2025-05-22 04:23:32,277 - transvg_dino_vit_20250521_151301 - INFO - Epoch 19, Batch 400/1696, Loss: 3.7829
2025-05-22 04:23:32,277 - transvg_dino_vit_20250521_151301 - INFO - Train metrics: l1_loss: 0.3732 | giou_loss: 0.9585 | total_loss: 3.7829
2025-05-22 04:24:40,812 - transvg_dino_vit_20250521_151301 - INFO - Epoch 19, Batch 450/1696, Loss: 4.2760
2025-05-22 04:24:40,812 - transvg_dino_vit_20250521_151301 - INFO - Train metrics: l1_loss: 0.4893 | giou_loss: 0.9147 | total_loss: 4.2760
2025-05-22 04:25:49,231 - transvg_dino_vit_20250521_151301 - INFO - Epoch 19, Batch 500/1696, Loss: 3.4214
2025-05-22 04:25:49,231 - transvg_dino_vit_20250521_151301 - INFO - Train metrics: l1_loss: 0.3556 | giou_loss: 0.8216 | total_loss: 3.4214
2025-05-22 04:26:57,203 - transvg_dino_vit_20250521_151301 - INFO - Epoch 19, Batch 550/1696, Loss: 3.9724
2025-05-22 04:26:57,204 - transvg_dino_vit_20250521_151301 - INFO - Train metrics: l1_loss: 0.4346 | giou_loss: 0.8996 | total_loss: 3.9724
2025-05-22 04:28:05,630 - transvg_dino_vit_20250521_151301 - INFO - Epoch 19, Batch 600/1696, Loss: 3.6008
2025-05-22 04:28:05,630 - transvg_dino_vit_20250521_151301 - INFO - Train metrics: l1_loss: 0.3967 | giou_loss: 0.8086 | total_loss: 3.6008
2025-05-22 04:29:13,883 - transvg_dino_vit_20250521_151301 - INFO - Epoch 19, Batch 650/1696, Loss: 3.7240
2025-05-22 04:29:13,883 - transvg_dino_vit_20250521_151301 - INFO - Train metrics: l1_loss: 0.3766 | giou_loss: 0.9204 | total_loss: 3.7240
2025-05-22 04:30:22,225 - transvg_dino_vit_20250521_151301 - INFO - Epoch 19, Batch 700/1696, Loss: 4.4959
2025-05-22 04:30:22,225 - transvg_dino_vit_20250521_151301 - INFO - Train metrics: l1_loss: 0.5068 | giou_loss: 0.9809 | total_loss: 4.4959
2025-05-22 04:31:31,108 - transvg_dino_vit_20250521_151301 - INFO - Epoch 19, Batch 750/1696, Loss: 3.4645
2025-05-22 04:31:31,109 - transvg_dino_vit_20250521_151301 - INFO - Train metrics: l1_loss: 0.3896 | giou_loss: 0.7583 | total_loss: 3.4645
2025-05-22 04:32:38,715 - transvg_dino_vit_20250521_151301 - INFO - Epoch 19, Batch 800/1696, Loss: 4.7299
2025-05-22 04:32:38,715 - transvg_dino_vit_20250521_151301 - INFO - Train metrics: l1_loss: 0.5018 | giou_loss: 1.1104 | total_loss: 4.7299
2025-05-22 04:33:47,502 - transvg_dino_vit_20250521_151301 - INFO - Epoch 19, Batch 850/1696, Loss: 4.7754
2025-05-22 04:33:47,502 - transvg_dino_vit_20250521_151301 - INFO - Train metrics: l1_loss: 0.5349 | giou_loss: 1.0504 | total_loss: 4.7754
2025-05-22 04:34:55,910 - transvg_dino_vit_20250521_151301 - INFO - Epoch 19, Batch 900/1696, Loss: 3.9187
2025-05-22 04:34:55,911 - transvg_dino_vit_20250521_151301 - INFO - Train metrics: l1_loss: 0.4025 | giou_loss: 0.9532 | total_loss: 3.9187
2025-05-22 04:36:04,624 - transvg_dino_vit_20250521_151301 - INFO - Epoch 19, Batch 950/1696, Loss: 3.5352
2025-05-22 04:36:04,624 - transvg_dino_vit_20250521_151301 - INFO - Train metrics: l1_loss: 0.3647 | giou_loss: 0.8560 | total_loss: 3.5352
2025-05-22 04:37:12,621 - transvg_dino_vit_20250521_151301 - INFO - Epoch 19, Batch 1000/1696, Loss: 3.8947
2025-05-22 04:37:12,621 - transvg_dino_vit_20250521_151301 - INFO - Train metrics: l1_loss: 0.4102 | giou_loss: 0.9218 | total_loss: 3.8947
2025-05-22 04:38:20,710 - transvg_dino_vit_20250521_151301 - INFO - Epoch 19, Batch 1050/1696, Loss: 3.7474
2025-05-22 04:38:20,710 - transvg_dino_vit_20250521_151301 - INFO - Train metrics: l1_loss: 0.3836 | giou_loss: 0.9147 | total_loss: 3.7474
2025-05-22 04:39:29,473 - transvg_dino_vit_20250521_151301 - INFO - Epoch 19, Batch 1100/1696, Loss: 3.7432
2025-05-22 04:39:29,474 - transvg_dino_vit_20250521_151301 - INFO - Train metrics: l1_loss: 0.4138 | giou_loss: 0.8371 | total_loss: 3.7432
2025-05-22 04:40:37,923 - transvg_dino_vit_20250521_151301 - INFO - Epoch 19, Batch 1150/1696, Loss: 3.7504
2025-05-22 04:40:37,923 - transvg_dino_vit_20250521_151301 - INFO - Train metrics: l1_loss: 0.3615 | giou_loss: 0.9716 | total_loss: 3.7504
2025-05-22 04:41:46,962 - transvg_dino_vit_20250521_151301 - INFO - Epoch 19, Batch 1200/1696, Loss: 3.7012
2025-05-22 04:41:46,962 - transvg_dino_vit_20250521_151301 - INFO - Train metrics: l1_loss: 0.3809 | giou_loss: 0.8984 | total_loss: 3.7012
2025-05-22 04:42:55,978 - transvg_dino_vit_20250521_151301 - INFO - Epoch 19, Batch 1250/1696, Loss: 3.4252
2025-05-22 04:42:55,979 - transvg_dino_vit_20250521_151301 - INFO - Train metrics: l1_loss: 0.3477 | giou_loss: 0.8434 | total_loss: 3.4252
2025-05-22 04:44:04,797 - transvg_dino_vit_20250521_151301 - INFO - Epoch 19, Batch 1300/1696, Loss: 3.9259
2025-05-22 04:44:04,797 - transvg_dino_vit_20250521_151301 - INFO - Train metrics: l1_loss: 0.4026 | giou_loss: 0.9565 | total_loss: 3.9259
2025-05-22 04:45:12,664 - transvg_dino_vit_20250521_151301 - INFO - Epoch 19, Batch 1350/1696, Loss: 3.0988
2025-05-22 04:45:12,664 - transvg_dino_vit_20250521_151301 - INFO - Train metrics: l1_loss: 0.3031 | giou_loss: 0.7916 | total_loss: 3.0988
2025-05-22 04:46:21,072 - transvg_dino_vit_20250521_151301 - INFO - Epoch 19, Batch 1400/1696, Loss: 4.4107
2025-05-22 04:46:21,072 - transvg_dino_vit_20250521_151301 - INFO - Train metrics: l1_loss: 0.4647 | giou_loss: 1.0436 | total_loss: 4.4107
2025-05-22 04:47:29,117 - transvg_dino_vit_20250521_151301 - INFO - Epoch 19, Batch 1450/1696, Loss: 3.6886
2025-05-22 04:47:29,118 - transvg_dino_vit_20250521_151301 - INFO - Train metrics: l1_loss: 0.4048 | giou_loss: 0.8324 | total_loss: 3.6886
2025-05-22 04:48:37,054 - transvg_dino_vit_20250521_151301 - INFO - Epoch 19, Batch 1500/1696, Loss: 3.6851
2025-05-22 04:48:37,054 - transvg_dino_vit_20250521_151301 - INFO - Train metrics: l1_loss: 0.3791 | giou_loss: 0.8949 | total_loss: 3.6851
2025-05-22 04:49:44,938 - transvg_dino_vit_20250521_151301 - INFO - Epoch 19, Batch 1550/1696, Loss: 4.4444
2025-05-22 04:49:44,938 - transvg_dino_vit_20250521_151301 - INFO - Train metrics: l1_loss: 0.4902 | giou_loss: 0.9968 | total_loss: 4.4444
2025-05-22 04:50:52,756 - transvg_dino_vit_20250521_151301 - INFO - Epoch 19, Batch 1600/1696, Loss: 3.7028
2025-05-22 04:50:52,756 - transvg_dino_vit_20250521_151301 - INFO - Train metrics: l1_loss: 0.3541 | giou_loss: 0.9660 | total_loss: 3.7028
2025-05-22 04:52:01,235 - transvg_dino_vit_20250521_151301 - INFO - Epoch 19, Batch 1650/1696, Loss: 3.7341
2025-05-22 04:52:01,235 - transvg_dino_vit_20250521_151301 - INFO - Train metrics: l1_loss: 0.4050 | giou_loss: 0.8546 | total_loss: 3.7341
2025-05-22 04:53:01,910 - transvg_dino_vit_20250521_151301 - INFO - Train Epoch 19, Loss: 4.0505
2025-05-22 04:54:57,216 - transvg_dino_vit_20250521_151301 - INFO - Pred box sample: [74.2168197631836, 77.05424499511719, 229.59805297851562, 234.0077362060547]
2025-05-22 04:54:57,216 - transvg_dino_vit_20250521_151301 - INFO - Target box sample: [207.0, 198.0, 287.0, 283.0]
2025-05-22 04:54:57,290 - transvg_dino_vit_20250521_151301 - INFO - Validation Epoch 19, Loss: 4.5001
2025-05-22 04:54:57,290 - transvg_dino_vit_20250521_151301 - INFO - Val metrics: Acc@0.25: 0.3203 | Acc@0.5: 0.1179 | Acc@0.75: 0.0189 | mIoU: 0.1861 | medianIoU: 0.0882 | mae_x1: 101.5994 | mae_y1: 99.5939 | mae_x2: 100.4139 | mae_y2: 95.9384 | center_x_error: 86.2920 | center_y_error: 82.5130 | width_error: 2.3779 | height_error: 2.2416 | loss: 4.5001
2025-05-22 04:54:58,350 - transvg_dino_vit_20250521_151301 - INFO - Saved model checkpoint to /home/pokle/Trans-VG/visual_grounding/checkpoints/transvg_dino_vit_20250521_151301_epoch19.pth
2025-05-22 04:54:58,350 - transvg_dino_vit_20250521_151301 - INFO - Epoch 20/200
2025-05-22 04:55:00,298 - transvg_dino_vit_20250521_151301 - INFO - Epoch 20, Batch 0/1696, Loss: 3.3753
2025-05-22 04:55:00,299 - transvg_dino_vit_20250521_151301 - INFO - Train metrics: l1_loss: 0.3509 | giou_loss: 0.8103 | total_loss: 3.3753
2025-05-22 04:56:09,288 - transvg_dino_vit_20250521_151301 - INFO - Epoch 20, Batch 50/1696, Loss: 3.3330
2025-05-22 04:56:09,288 - transvg_dino_vit_20250521_151301 - INFO - Train metrics: l1_loss: 0.3502 | giou_loss: 0.7910 | total_loss: 3.3330
2025-05-22 04:57:17,701 - transvg_dino_vit_20250521_151301 - INFO - Epoch 20, Batch 100/1696, Loss: 3.2840
2025-05-22 04:57:17,702 - transvg_dino_vit_20250521_151301 - INFO - Train metrics: l1_loss: 0.3027 | giou_loss: 0.8854 | total_loss: 3.2840
2025-05-22 04:58:26,680 - transvg_dino_vit_20250521_151301 - INFO - Epoch 20, Batch 150/1696, Loss: 3.1836
2025-05-22 04:58:26,681 - transvg_dino_vit_20250521_151301 - INFO - Train metrics: l1_loss: 0.3106 | giou_loss: 0.8154 | total_loss: 3.1836
2025-05-22 04:59:35,342 - transvg_dino_vit_20250521_151301 - INFO - Epoch 20, Batch 200/1696, Loss: 3.7600
2025-05-22 04:59:35,342 - transvg_dino_vit_20250521_151301 - INFO - Train metrics: l1_loss: 0.3926 | giou_loss: 0.8984 | total_loss: 3.7600
2025-05-22 05:00:44,468 - transvg_dino_vit_20250521_151301 - INFO - Epoch 20, Batch 250/1696, Loss: 4.4189
2025-05-22 05:00:44,468 - transvg_dino_vit_20250521_151301 - INFO - Train metrics: l1_loss: 0.4840 | giou_loss: 0.9995 | total_loss: 4.4189
2025-05-22 05:01:53,379 - transvg_dino_vit_20250521_151301 - INFO - Epoch 20, Batch 300/1696, Loss: 2.5951
2025-05-22 05:01:53,379 - transvg_dino_vit_20250521_151301 - INFO - Train metrics: l1_loss: 0.2687 | giou_loss: 0.6257 | total_loss: 2.5951
2025-05-22 05:03:02,544 - transvg_dino_vit_20250521_151301 - INFO - Epoch 20, Batch 350/1696, Loss: 3.2232
2025-05-22 05:03:02,544 - transvg_dino_vit_20250521_151301 - INFO - Train metrics: l1_loss: 0.3360 | giou_loss: 0.7716 | total_loss: 3.2232
2025-05-22 05:04:11,935 - transvg_dino_vit_20250521_151301 - INFO - Epoch 20, Batch 400/1696, Loss: 4.5199
2025-05-22 05:04:11,935 - transvg_dino_vit_20250521_151301 - INFO - Train metrics: l1_loss: 0.4885 | giou_loss: 1.0388 | total_loss: 4.5199
2025-05-22 05:05:20,793 - transvg_dino_vit_20250521_151301 - INFO - Epoch 20, Batch 450/1696, Loss: 5.0780
2025-05-22 05:05:20,794 - transvg_dino_vit_20250521_151301 - INFO - Train metrics: l1_loss: 0.5686 | giou_loss: 1.1175 | total_loss: 5.0780
2025-05-22 05:06:30,113 - transvg_dino_vit_20250521_151301 - INFO - Epoch 20, Batch 500/1696, Loss: 3.2821
2025-05-22 05:06:30,113 - transvg_dino_vit_20250521_151301 - INFO - Train metrics: l1_loss: 0.3515 | giou_loss: 0.7622 | total_loss: 3.2821
2025-05-22 05:07:38,829 - transvg_dino_vit_20250521_151301 - INFO - Epoch 20, Batch 550/1696, Loss: 3.2541
2025-05-22 05:07:38,829 - transvg_dino_vit_20250521_151301 - INFO - Train metrics: l1_loss: 0.3148 | giou_loss: 0.8400 | total_loss: 3.2541
2025-05-22 05:08:47,750 - transvg_dino_vit_20250521_151301 - INFO - Epoch 20, Batch 600/1696, Loss: 4.3693
2025-05-22 05:08:47,751 - transvg_dino_vit_20250521_151301 - INFO - Train metrics: l1_loss: 0.4955 | giou_loss: 0.9459 | total_loss: 4.3693
2025-05-22 05:09:56,898 - transvg_dino_vit_20250521_151301 - INFO - Epoch 20, Batch 650/1696, Loss: 3.9159
2025-05-22 05:09:56,899 - transvg_dino_vit_20250521_151301 - INFO - Train metrics: l1_loss: 0.4059 | giou_loss: 0.9432 | total_loss: 3.9159
2025-05-22 05:11:06,386 - transvg_dino_vit_20250521_151301 - INFO - Epoch 20, Batch 700/1696, Loss: 4.0447
2025-05-22 05:11:06,387 - transvg_dino_vit_20250521_151301 - INFO - Train metrics: l1_loss: 0.4512 | giou_loss: 0.8944 | total_loss: 4.0447
2025-05-22 05:12:15,741 - transvg_dino_vit_20250521_151301 - INFO - Epoch 20, Batch 750/1696, Loss: 5.2234
2025-05-22 05:12:15,741 - transvg_dino_vit_20250521_151301 - INFO - Train metrics: l1_loss: 0.6030 | giou_loss: 1.1043 | total_loss: 5.2234
2025-05-22 05:13:25,038 - transvg_dino_vit_20250521_151301 - INFO - Epoch 20, Batch 800/1696, Loss: 3.7628
2025-05-22 05:13:25,038 - transvg_dino_vit_20250521_151301 - INFO - Train metrics: l1_loss: 0.3590 | giou_loss: 0.9838 | total_loss: 3.7628
2025-05-22 05:14:33,724 - transvg_dino_vit_20250521_151301 - INFO - Epoch 20, Batch 850/1696, Loss: 4.5727
2025-05-22 05:14:33,725 - transvg_dino_vit_20250521_151301 - INFO - Train metrics: l1_loss: 0.4904 | giou_loss: 1.0604 | total_loss: 4.5727
2025-05-22 05:15:42,440 - transvg_dino_vit_20250521_151301 - INFO - Epoch 20, Batch 900/1696, Loss: 3.7798
2025-05-22 05:15:42,441 - transvg_dino_vit_20250521_151301 - INFO - Train metrics: l1_loss: 0.3969 | giou_loss: 0.8977 | total_loss: 3.7798
2025-05-22 05:16:51,437 - transvg_dino_vit_20250521_151301 - INFO - Epoch 20, Batch 950/1696, Loss: 4.4783
2025-05-22 05:16:51,437 - transvg_dino_vit_20250521_151301 - INFO - Train metrics: l1_loss: 0.4934 | giou_loss: 1.0057 | total_loss: 4.4783
2025-05-22 05:18:00,166 - transvg_dino_vit_20250521_151301 - INFO - Epoch 20, Batch 1000/1696, Loss: 4.0513
2025-05-22 05:18:00,167 - transvg_dino_vit_20250521_151301 - INFO - Train metrics: l1_loss: 0.4781 | giou_loss: 0.8304 | total_loss: 4.0513
2025-05-22 05:19:08,059 - transvg_dino_vit_20250521_151301 - INFO - Epoch 20, Batch 1050/1696, Loss: 3.7742
2025-05-22 05:19:08,060 - transvg_dino_vit_20250521_151301 - INFO - Train metrics: l1_loss: 0.3822 | giou_loss: 0.9315 | total_loss: 3.7742
2025-05-22 05:20:16,213 - transvg_dino_vit_20250521_151301 - INFO - Epoch 20, Batch 1100/1696, Loss: 3.4690
2025-05-22 05:20:16,213 - transvg_dino_vit_20250521_151301 - INFO - Train metrics: l1_loss: 0.3445 | giou_loss: 0.8732 | total_loss: 3.4690
2025-05-22 05:21:24,650 - transvg_dino_vit_20250521_151301 - INFO - Epoch 20, Batch 1150/1696, Loss: 3.9327
2025-05-22 05:21:24,650 - transvg_dino_vit_20250521_151301 - INFO - Train metrics: l1_loss: 0.4369 | giou_loss: 0.8741 | total_loss: 3.9327
2025-05-22 05:22:32,760 - transvg_dino_vit_20250521_151301 - INFO - Epoch 20, Batch 1200/1696, Loss: 3.8442
2025-05-22 05:22:32,761 - transvg_dino_vit_20250521_151301 - INFO - Train metrics: l1_loss: 0.3966 | giou_loss: 0.9306 | total_loss: 3.8442
2025-05-22 05:23:41,588 - transvg_dino_vit_20250521_151301 - INFO - Epoch 20, Batch 1250/1696, Loss: 4.7082
2025-05-22 05:23:41,588 - transvg_dino_vit_20250521_151301 - INFO - Train metrics: l1_loss: 0.5369 | giou_loss: 1.0118 | total_loss: 4.7082
2025-05-22 05:24:50,251 - transvg_dino_vit_20250521_151301 - INFO - Epoch 20, Batch 1300/1696, Loss: 4.7445
2025-05-22 05:24:50,251 - transvg_dino_vit_20250521_151301 - INFO - Train metrics: l1_loss: 0.5300 | giou_loss: 1.0471 | total_loss: 4.7445
2025-05-22 05:25:59,540 - transvg_dino_vit_20250521_151301 - INFO - Epoch 20, Batch 1350/1696, Loss: 3.5445
2025-05-22 05:25:59,540 - transvg_dino_vit_20250521_151301 - INFO - Train metrics: l1_loss: 0.4010 | giou_loss: 0.7698 | total_loss: 3.5445
2025-05-22 05:27:07,916 - transvg_dino_vit_20250521_151301 - INFO - Epoch 20, Batch 1400/1696, Loss: 3.8869
2025-05-22 05:27:07,916 - transvg_dino_vit_20250521_151301 - INFO - Train metrics: l1_loss: 0.4023 | giou_loss: 0.9378 | total_loss: 3.8869
2025-05-22 05:28:17,069 - transvg_dino_vit_20250521_151301 - INFO - Epoch 20, Batch 1450/1696, Loss: 4.4818
2025-05-22 05:28:17,069 - transvg_dino_vit_20250521_151301 - INFO - Train metrics: l1_loss: 0.5077 | giou_loss: 0.9717 | total_loss: 4.4818
2025-05-22 05:29:26,542 - transvg_dino_vit_20250521_151301 - INFO - Epoch 20, Batch 1500/1696, Loss: 3.6707
2025-05-22 05:29:26,542 - transvg_dino_vit_20250521_151301 - INFO - Train metrics: l1_loss: 0.3928 | giou_loss: 0.8534 | total_loss: 3.6707
2025-05-22 05:30:35,461 - transvg_dino_vit_20250521_151301 - INFO - Epoch 20, Batch 1550/1696, Loss: 3.5215
2025-05-22 05:30:35,461 - transvg_dino_vit_20250521_151301 - INFO - Train metrics: l1_loss: 0.3551 | giou_loss: 0.8730 | total_loss: 3.5215
2025-05-22 05:31:44,367 - transvg_dino_vit_20250521_151301 - INFO - Epoch 20, Batch 1600/1696, Loss: 3.9893
2025-05-22 05:31:44,367 - transvg_dino_vit_20250521_151301 - INFO - Train metrics: l1_loss: 0.4302 | giou_loss: 0.9191 | total_loss: 3.9893
2025-05-22 05:32:53,401 - transvg_dino_vit_20250521_151301 - INFO - Epoch 20, Batch 1650/1696, Loss: 3.8584
2025-05-22 05:32:53,402 - transvg_dino_vit_20250521_151301 - INFO - Train metrics: l1_loss: 0.4171 | giou_loss: 0.8865 | total_loss: 3.8584
2025-05-22 05:33:55,004 - transvg_dino_vit_20250521_151301 - INFO - Train Epoch 20, Loss: 4.0291
2025-05-22 05:35:49,110 - transvg_dino_vit_20250521_151301 - INFO - Pred box sample: [88.77564239501953, 90.66825866699219, 255.2432098388672, 255.408935546875]
2025-05-22 05:35:49,110 - transvg_dino_vit_20250521_151301 - INFO - Target box sample: [207.0, 198.0, 287.0, 283.0]
2025-05-22 05:35:49,180 - transvg_dino_vit_20250521_151301 - INFO - Validation Epoch 20, Loss: 4.5044
2025-05-22 05:35:49,180 - transvg_dino_vit_20250521_151301 - INFO - Val metrics: Acc@0.25: 0.3240 | Acc@0.5: 0.1177 | Acc@0.75: 0.0154 | mIoU: 0.1859 | medianIoU: 0.0837 | mae_x1: 101.0577 | mae_y1: 98.8260 | mae_x2: 102.9506 | mae_y2: 96.6678 | center_x_error: 87.4212 | center_y_error: 82.2739 | width_error: 2.4245 | height_error: 2.3263 | loss: 4.5044
2025-05-22 05:35:50,091 - transvg_dino_vit_20250521_151301 - INFO - Saved model checkpoint to /home/pokle/Trans-VG/visual_grounding/checkpoints/transvg_dino_vit_20250521_151301_epoch20.pth
2025-05-22 05:35:50,092 - transvg_dino_vit_20250521_151301 - INFO - Epoch 21/200
2025-05-22 05:35:51,980 - transvg_dino_vit_20250521_151301 - INFO - Epoch 21, Batch 0/1696, Loss: 3.9674
2025-05-22 05:35:51,980 - transvg_dino_vit_20250521_151301 - INFO - Train metrics: l1_loss: 0.4382 | giou_loss: 0.8883 | total_loss: 3.9674
2025-05-22 05:37:00,712 - transvg_dino_vit_20250521_151301 - INFO - Epoch 21, Batch 50/1696, Loss: 4.7833
2025-05-22 05:37:00,712 - transvg_dino_vit_20250521_151301 - INFO - Train metrics: l1_loss: 0.5343 | giou_loss: 1.0560 | total_loss: 4.7833
2025-05-22 05:38:08,884 - transvg_dino_vit_20250521_151301 - INFO - Epoch 21, Batch 100/1696, Loss: 3.4836
2025-05-22 05:38:08,884 - transvg_dino_vit_20250521_151301 - INFO - Train metrics: l1_loss: 0.3473 | giou_loss: 0.8736 | total_loss: 3.4836
2025-05-22 05:39:17,495 - transvg_dino_vit_20250521_151301 - INFO - Epoch 21, Batch 150/1696, Loss: 3.5628
2025-05-22 05:39:17,496 - transvg_dino_vit_20250521_151301 - INFO - Train metrics: l1_loss: 0.3676 | giou_loss: 0.8623 | total_loss: 3.5628
2025-05-22 05:40:25,351 - transvg_dino_vit_20250521_151301 - INFO - Epoch 21, Batch 200/1696, Loss: 3.8911
2025-05-22 05:40:25,351 - transvg_dino_vit_20250521_151301 - INFO - Train metrics: l1_loss: 0.4312 | giou_loss: 0.8674 | total_loss: 3.8911
2025-05-22 05:41:33,825 - transvg_dino_vit_20250521_151301 - INFO - Epoch 21, Batch 250/1696, Loss: 3.4270
2025-05-22 05:41:33,826 - transvg_dino_vit_20250521_151301 - INFO - Train metrics: l1_loss: 0.3443 | giou_loss: 0.8528 | total_loss: 3.4270
2025-05-22 05:42:42,180 - transvg_dino_vit_20250521_151301 - INFO - Epoch 21, Batch 300/1696, Loss: 4.3456
2025-05-22 05:42:42,181 - transvg_dino_vit_20250521_151301 - INFO - Train metrics: l1_loss: 0.4642 | giou_loss: 1.0122 | total_loss: 4.3456
2025-05-22 05:43:50,715 - transvg_dino_vit_20250521_151301 - INFO - Epoch 21, Batch 350/1696, Loss: 3.4863
2025-05-22 05:43:50,715 - transvg_dino_vit_20250521_151301 - INFO - Train metrics: l1_loss: 0.3608 | giou_loss: 0.8412 | total_loss: 3.4863
2025-05-22 05:44:59,411 - transvg_dino_vit_20250521_151301 - INFO - Epoch 21, Batch 400/1696, Loss: 3.8254
2025-05-22 05:44:59,411 - transvg_dino_vit_20250521_151301 - INFO - Train metrics: l1_loss: 0.4078 | giou_loss: 0.8932 | total_loss: 3.8254
2025-05-22 05:46:08,035 - transvg_dino_vit_20250521_151301 - INFO - Epoch 21, Batch 450/1696, Loss: 3.7563
2025-05-22 05:46:08,035 - transvg_dino_vit_20250521_151301 - INFO - Train metrics: l1_loss: 0.3587 | giou_loss: 0.9814 | total_loss: 3.7563
2025-05-22 05:47:17,334 - transvg_dino_vit_20250521_151301 - INFO - Epoch 21, Batch 500/1696, Loss: 4.3194
2025-05-22 05:47:17,334 - transvg_dino_vit_20250521_151301 - INFO - Train metrics: l1_loss: 0.4619 | giou_loss: 1.0051 | total_loss: 4.3194
2025-05-22 05:48:26,034 - transvg_dino_vit_20250521_151301 - INFO - Epoch 21, Batch 550/1696, Loss: 4.5122
2025-05-22 05:48:26,035 - transvg_dino_vit_20250521_151301 - INFO - Train metrics: l1_loss: 0.4927 | giou_loss: 1.0245 | total_loss: 4.5122
2025-05-22 05:49:34,659 - transvg_dino_vit_20250521_151301 - INFO - Epoch 21, Batch 600/1696, Loss: 3.9090
2025-05-22 05:49:34,660 - transvg_dino_vit_20250521_151301 - INFO - Train metrics: l1_loss: 0.4246 | giou_loss: 0.8931 | total_loss: 3.9090
2025-05-22 05:50:43,397 - transvg_dino_vit_20250521_151301 - INFO - Epoch 21, Batch 650/1696, Loss: 3.8262
2025-05-22 05:50:43,398 - transvg_dino_vit_20250521_151301 - INFO - Train metrics: l1_loss: 0.3887 | giou_loss: 0.9414 | total_loss: 3.8262
2025-05-22 05:51:52,581 - transvg_dino_vit_20250521_151301 - INFO - Epoch 21, Batch 700/1696, Loss: 3.4420
2025-05-22 05:51:52,582 - transvg_dino_vit_20250521_151301 - INFO - Train metrics: l1_loss: 0.3425 | giou_loss: 0.8648 | total_loss: 3.4420
2025-05-22 05:53:00,910 - transvg_dino_vit_20250521_151301 - INFO - Epoch 21, Batch 750/1696, Loss: 3.9898
2025-05-22 05:53:00,910 - transvg_dino_vit_20250521_151301 - INFO - Train metrics: l1_loss: 0.4170 | giou_loss: 0.9524 | total_loss: 3.9898
2025-05-22 05:54:09,389 - transvg_dino_vit_20250521_151301 - INFO - Epoch 21, Batch 800/1696, Loss: 4.4663
2025-05-22 05:54:09,389 - transvg_dino_vit_20250521_151301 - INFO - Train metrics: l1_loss: 0.5172 | giou_loss: 0.9401 | total_loss: 4.4663
2025-05-22 05:55:18,409 - transvg_dino_vit_20250521_151301 - INFO - Epoch 21, Batch 850/1696, Loss: 3.7858
2025-05-22 05:55:18,409 - transvg_dino_vit_20250521_151301 - INFO - Train metrics: l1_loss: 0.3845 | giou_loss: 0.9317 | total_loss: 3.7858
2025-05-22 05:56:26,922 - transvg_dino_vit_20250521_151301 - INFO - Epoch 21, Batch 900/1696, Loss: 4.6316
2025-05-22 05:56:26,923 - transvg_dino_vit_20250521_151301 - INFO - Train metrics: l1_loss: 0.5027 | giou_loss: 1.0591 | total_loss: 4.6316
2025-05-22 05:57:35,477 - transvg_dino_vit_20250521_151301 - INFO - Epoch 21, Batch 950/1696, Loss: 4.7456
2025-05-22 05:57:35,477 - transvg_dino_vit_20250521_151301 - INFO - Train metrics: l1_loss: 0.5270 | giou_loss: 1.0554 | total_loss: 4.7456
2025-05-22 05:58:44,339 - transvg_dino_vit_20250521_151301 - INFO - Epoch 21, Batch 1000/1696, Loss: 4.1811
2025-05-22 05:58:44,339 - transvg_dino_vit_20250521_151301 - INFO - Train metrics: l1_loss: 0.4509 | giou_loss: 0.9632 | total_loss: 4.1811
2025-05-22 05:59:53,610 - transvg_dino_vit_20250521_151301 - INFO - Epoch 21, Batch 1050/1696, Loss: 3.5368
2025-05-22 05:59:53,610 - transvg_dino_vit_20250521_151301 - INFO - Train metrics: l1_loss: 0.3701 | giou_loss: 0.8431 | total_loss: 3.5368
2025-05-22 06:01:02,560 - transvg_dino_vit_20250521_151301 - INFO - Epoch 21, Batch 1100/1696, Loss: 3.4834
2025-05-22 06:01:02,560 - transvg_dino_vit_20250521_151301 - INFO - Train metrics: l1_loss: 0.3248 | giou_loss: 0.9296 | total_loss: 3.4834
2025-05-22 06:02:11,124 - transvg_dino_vit_20250521_151301 - INFO - Epoch 21, Batch 1150/1696, Loss: 4.5270
2025-05-22 06:02:11,124 - transvg_dino_vit_20250521_151301 - INFO - Train metrics: l1_loss: 0.4943 | giou_loss: 1.0277 | total_loss: 4.5270
2025-05-22 06:03:20,140 - transvg_dino_vit_20250521_151301 - INFO - Epoch 21, Batch 1200/1696, Loss: 3.8014
2025-05-22 06:03:20,140 - transvg_dino_vit_20250521_151301 - INFO - Train metrics: l1_loss: 0.3835 | giou_loss: 0.9419 | total_loss: 3.8014
2025-05-22 06:04:28,617 - transvg_dino_vit_20250521_151301 - INFO - Epoch 21, Batch 1250/1696, Loss: 4.3154
2025-05-22 06:04:28,618 - transvg_dino_vit_20250521_151301 - INFO - Train metrics: l1_loss: 0.4536 | giou_loss: 1.0236 | total_loss: 4.3154
2025-05-22 06:05:37,673 - transvg_dino_vit_20250521_151301 - INFO - Epoch 21, Batch 1300/1696, Loss: 3.5469
2025-05-22 06:05:37,673 - transvg_dino_vit_20250521_151301 - INFO - Train metrics: l1_loss: 0.3561 | giou_loss: 0.8832 | total_loss: 3.5469
2025-05-22 06:06:46,372 - transvg_dino_vit_20250521_151301 - INFO - Epoch 21, Batch 1350/1696, Loss: 5.3808
2025-05-22 06:06:46,372 - transvg_dino_vit_20250521_151301 - INFO - Train metrics: l1_loss: 0.6383 | giou_loss: 1.0946 | total_loss: 5.3808
2025-05-22 06:07:55,267 - transvg_dino_vit_20250521_151301 - INFO - Epoch 21, Batch 1400/1696, Loss: 4.0275
2025-05-22 06:07:55,268 - transvg_dino_vit_20250521_151301 - INFO - Train metrics: l1_loss: 0.4371 | giou_loss: 0.9210 | total_loss: 4.0275
2025-05-22 06:09:04,362 - transvg_dino_vit_20250521_151301 - INFO - Epoch 21, Batch 1450/1696, Loss: 3.9867
2025-05-22 06:09:04,363 - transvg_dino_vit_20250521_151301 - INFO - Train metrics: l1_loss: 0.4213 | giou_loss: 0.9401 | total_loss: 3.9867
2025-05-22 06:10:13,377 - transvg_dino_vit_20250521_151301 - INFO - Epoch 21, Batch 1500/1696, Loss: 3.6382
2025-05-22 06:10:13,377 - transvg_dino_vit_20250521_151301 - INFO - Train metrics: l1_loss: 0.3666 | giou_loss: 0.9026 | total_loss: 3.6382
2025-05-22 06:11:22,389 - transvg_dino_vit_20250521_151301 - INFO - Epoch 21, Batch 1550/1696, Loss: 4.5721
2025-05-22 06:11:22,390 - transvg_dino_vit_20250521_151301 - INFO - Train metrics: l1_loss: 0.5147 | giou_loss: 0.9994 | total_loss: 4.5721
2025-05-22 06:12:31,713 - transvg_dino_vit_20250521_151301 - INFO - Epoch 21, Batch 1600/1696, Loss: 4.3465
2025-05-22 06:12:31,713 - transvg_dino_vit_20250521_151301 - INFO - Train metrics: l1_loss: 0.4734 | giou_loss: 0.9898 | total_loss: 4.3465
2025-05-22 06:13:39,907 - transvg_dino_vit_20250521_151301 - INFO - Epoch 21, Batch 1650/1696, Loss: 4.1963
2025-05-22 06:13:39,907 - transvg_dino_vit_20250521_151301 - INFO - Train metrics: l1_loss: 0.4503 | giou_loss: 0.9723 | total_loss: 4.1963
2025-05-22 06:14:41,154 - transvg_dino_vit_20250521_151301 - INFO - Train Epoch 21, Loss: 4.0020
2025-05-22 06:16:37,374 - transvg_dino_vit_20250521_151301 - INFO - Pred box sample: [71.49578857421875, 75.65170288085938, 238.06011962890625, 247.9633331298828]
2025-05-22 06:16:37,374 - transvg_dino_vit_20250521_151301 - INFO - Target box sample: [207.0, 198.0, 287.0, 283.0]
2025-05-22 06:16:37,461 - transvg_dino_vit_20250521_151301 - INFO - Validation Epoch 21, Loss: 4.5482
2025-05-22 06:16:37,461 - transvg_dino_vit_20250521_151301 - INFO - Val metrics: Acc@0.25: 0.3246 | Acc@0.5: 0.1171 | Acc@0.75: 0.0157 | mIoU: 0.1850 | medianIoU: 0.0857 | mae_x1: 102.2115 | mae_y1: 100.9302 | mae_x2: 103.5056 | mae_y2: 98.9153 | center_x_error: 87.8426 | center_y_error: 83.4906 | width_error: 2.4222 | height_error: 2.3407 | loss: 4.5482
2025-05-22 06:16:38,305 - transvg_dino_vit_20250521_151301 - INFO - Saved model checkpoint to /home/pokle/Trans-VG/visual_grounding/checkpoints/transvg_dino_vit_20250521_151301_epoch21.pth
2025-05-22 06:16:38,305 - transvg_dino_vit_20250521_151301 - INFO - Epoch 22/200
2025-05-22 06:16:40,276 - transvg_dino_vit_20250521_151301 - INFO - Epoch 22, Batch 0/1696, Loss: 3.8929
2025-05-22 06:16:40,276 - transvg_dino_vit_20250521_151301 - INFO - Train metrics: l1_loss: 0.4239 | giou_loss: 0.8866 | total_loss: 3.8929
2025-05-22 06:17:49,092 - transvg_dino_vit_20250521_151301 - INFO - Epoch 22, Batch 50/1696, Loss: 3.5309
2025-05-22 06:17:49,093 - transvg_dino_vit_20250521_151301 - INFO - Train metrics: l1_loss: 0.3528 | giou_loss: 0.8833 | total_loss: 3.5309
2025-05-22 06:18:57,994 - transvg_dino_vit_20250521_151301 - INFO - Epoch 22, Batch 100/1696, Loss: 3.8770
2025-05-22 06:18:57,994 - transvg_dino_vit_20250521_151301 - INFO - Train metrics: l1_loss: 0.3919 | giou_loss: 0.9587 | total_loss: 3.8770
2025-05-22 06:20:06,894 - transvg_dino_vit_20250521_151301 - INFO - Epoch 22, Batch 150/1696, Loss: 5.2069
2025-05-22 06:20:06,894 - transvg_dino_vit_20250521_151301 - INFO - Train metrics: l1_loss: 0.6051 | giou_loss: 1.0908 | total_loss: 5.2069
2025-05-22 06:21:15,824 - transvg_dino_vit_20250521_151301 - INFO - Epoch 22, Batch 200/1696, Loss: 2.8911
2025-05-22 06:21:15,824 - transvg_dino_vit_20250521_151301 - INFO - Train metrics: l1_loss: 0.2853 | giou_loss: 0.7322 | total_loss: 2.8911
2025-05-22 06:22:24,187 - transvg_dino_vit_20250521_151301 - INFO - Epoch 22, Batch 250/1696, Loss: 3.3704
2025-05-22 06:22:24,187 - transvg_dino_vit_20250521_151301 - INFO - Train metrics: l1_loss: 0.3625 | giou_loss: 0.7789 | total_loss: 3.3704
2025-05-22 06:23:32,992 - transvg_dino_vit_20250521_151301 - INFO - Epoch 22, Batch 300/1696, Loss: 3.9242
2025-05-22 06:23:32,992 - transvg_dino_vit_20250521_151301 - INFO - Train metrics: l1_loss: 0.4348 | giou_loss: 0.8752 | total_loss: 3.9242
2025-05-22 06:24:41,633 - transvg_dino_vit_20250521_151301 - INFO - Epoch 22, Batch 350/1696, Loss: 3.2133
2025-05-22 06:24:41,633 - transvg_dino_vit_20250521_151301 - INFO - Train metrics: l1_loss: 0.3213 | giou_loss: 0.8034 | total_loss: 3.2133
2025-05-22 06:25:50,612 - transvg_dino_vit_20250521_151301 - INFO - Epoch 22, Batch 400/1696, Loss: 4.1230
2025-05-22 06:25:50,613 - transvg_dino_vit_20250521_151301 - INFO - Train metrics: l1_loss: 0.4402 | giou_loss: 0.9611 | total_loss: 4.1230
2025-05-22 06:26:59,221 - transvg_dino_vit_20250521_151301 - INFO - Epoch 22, Batch 450/1696, Loss: 4.5410
2025-05-22 06:26:59,221 - transvg_dino_vit_20250521_151301 - INFO - Train metrics: l1_loss: 0.5010 | giou_loss: 1.0181 | total_loss: 4.5410
2025-05-22 06:28:08,256 - transvg_dino_vit_20250521_151301 - INFO - Epoch 22, Batch 500/1696, Loss: 4.1381
2025-05-22 06:28:08,256 - transvg_dino_vit_20250521_151301 - INFO - Train metrics: l1_loss: 0.4697 | giou_loss: 0.8948 | total_loss: 4.1381
2025-05-22 06:29:17,076 - transvg_dino_vit_20250521_151301 - INFO - Epoch 22, Batch 550/1696, Loss: 3.7566
2025-05-22 06:29:17,077 - transvg_dino_vit_20250521_151301 - INFO - Train metrics: l1_loss: 0.3770 | giou_loss: 0.9359 | total_loss: 3.7566
2025-05-22 06:30:25,965 - transvg_dino_vit_20250521_151301 - INFO - Epoch 22, Batch 600/1696, Loss: 4.6147
2025-05-22 06:30:25,965 - transvg_dino_vit_20250521_151301 - INFO - Train metrics: l1_loss: 0.5356 | giou_loss: 0.9684 | total_loss: 4.6147
2025-05-22 06:31:34,919 - transvg_dino_vit_20250521_151301 - INFO - Epoch 22, Batch 650/1696, Loss: 3.6973
2025-05-22 06:31:34,919 - transvg_dino_vit_20250521_151301 - INFO - Train metrics: l1_loss: 0.3753 | giou_loss: 0.9103 | total_loss: 3.6973
2025-05-22 06:32:43,726 - transvg_dino_vit_20250521_151301 - INFO - Epoch 22, Batch 700/1696, Loss: 4.1670
2025-05-22 06:32:43,727 - transvg_dino_vit_20250521_151301 - INFO - Train metrics: l1_loss: 0.4359 | giou_loss: 0.9938 | total_loss: 4.1670
2025-05-22 06:33:52,760 - transvg_dino_vit_20250521_151301 - INFO - Epoch 22, Batch 750/1696, Loss: 4.0708
2025-05-22 06:33:52,761 - transvg_dino_vit_20250521_151301 - INFO - Train metrics: l1_loss: 0.4443 | giou_loss: 0.9246 | total_loss: 4.0708
2025-05-22 06:35:01,857 - transvg_dino_vit_20250521_151301 - INFO - Epoch 22, Batch 800/1696, Loss: 5.0642
2025-05-22 06:35:01,857 - transvg_dino_vit_20250521_151301 - INFO - Train metrics: l1_loss: 0.5288 | giou_loss: 1.2102 | total_loss: 5.0642
2025-05-22 06:36:10,804 - transvg_dino_vit_20250521_151301 - INFO - Epoch 22, Batch 850/1696, Loss: 3.8708
2025-05-22 06:36:10,804 - transvg_dino_vit_20250521_151301 - INFO - Train metrics: l1_loss: 0.4085 | giou_loss: 0.9141 | total_loss: 3.8708
2025-05-22 06:37:19,696 - transvg_dino_vit_20250521_151301 - INFO - Epoch 22, Batch 900/1696, Loss: 4.0552
2025-05-22 06:37:19,696 - transvg_dino_vit_20250521_151301 - INFO - Train metrics: l1_loss: 0.4233 | giou_loss: 0.9694 | total_loss: 4.0552
2025-05-22 06:38:28,589 - transvg_dino_vit_20250521_151301 - INFO - Epoch 22, Batch 950/1696, Loss: 3.4513
2025-05-22 06:38:28,589 - transvg_dino_vit_20250521_151301 - INFO - Train metrics: l1_loss: 0.3485 | giou_loss: 0.8544 | total_loss: 3.4513
2025-05-22 06:39:37,217 - transvg_dino_vit_20250521_151301 - INFO - Epoch 22, Batch 1000/1696, Loss: 4.3232
2025-05-22 06:39:37,217 - transvg_dino_vit_20250521_151301 - INFO - Train metrics: l1_loss: 0.4965 | giou_loss: 0.9203 | total_loss: 4.3232
2025-05-22 06:40:46,004 - transvg_dino_vit_20250521_151301 - INFO - Epoch 22, Batch 1050/1696, Loss: 3.4635
2025-05-22 06:40:46,005 - transvg_dino_vit_20250521_151301 - INFO - Train metrics: l1_loss: 0.3729 | giou_loss: 0.7994 | total_loss: 3.4635
2025-05-22 06:41:54,565 - transvg_dino_vit_20250521_151301 - INFO - Epoch 22, Batch 1100/1696, Loss: 4.2252
2025-05-22 06:41:54,566 - transvg_dino_vit_20250521_151301 - INFO - Train metrics: l1_loss: 0.4617 | giou_loss: 0.9583 | total_loss: 4.2252
2025-05-22 06:43:03,431 - transvg_dino_vit_20250521_151301 - INFO - Epoch 22, Batch 1150/1696, Loss: 3.3451
2025-05-22 06:43:03,432 - transvg_dino_vit_20250521_151301 - INFO - Train metrics: l1_loss: 0.3609 | giou_loss: 0.7704 | total_loss: 3.3451
2025-05-22 06:44:12,255 - transvg_dino_vit_20250521_151301 - INFO - Epoch 22, Batch 1200/1696, Loss: 3.8367
2025-05-22 06:44:12,255 - transvg_dino_vit_20250521_151301 - INFO - Train metrics: l1_loss: 0.4150 | giou_loss: 0.8807 | total_loss: 3.8367
2025-05-22 06:45:21,185 - transvg_dino_vit_20250521_151301 - INFO - Epoch 22, Batch 1250/1696, Loss: 4.8743
2025-05-22 06:45:21,185 - transvg_dino_vit_20250521_151301 - INFO - Train metrics: l1_loss: 0.5696 | giou_loss: 1.0133 | total_loss: 4.8743
2025-05-22 06:46:30,184 - transvg_dino_vit_20250521_151301 - INFO - Epoch 22, Batch 1300/1696, Loss: 3.4833
2025-05-22 06:46:30,184 - transvg_dino_vit_20250521_151301 - INFO - Train metrics: l1_loss: 0.3762 | giou_loss: 0.8011 | total_loss: 3.4833
2025-05-22 06:47:38,694 - transvg_dino_vit_20250521_151301 - INFO - Epoch 22, Batch 1350/1696, Loss: 4.4786
2025-05-22 06:47:38,694 - transvg_dino_vit_20250521_151301 - INFO - Train metrics: l1_loss: 0.5229 | giou_loss: 0.9320 | total_loss: 4.4786
2025-05-22 06:48:47,380 - transvg_dino_vit_20250521_151301 - INFO - Epoch 22, Batch 1400/1696, Loss: 4.3335
2025-05-22 06:48:47,380 - transvg_dino_vit_20250521_151301 - INFO - Train metrics: l1_loss: 0.4518 | giou_loss: 1.0373 | total_loss: 4.3335
2025-05-22 06:49:57,141 - transvg_dino_vit_20250521_151301 - INFO - Epoch 22, Batch 1450/1696, Loss: 3.3685
2025-05-22 06:49:57,141 - transvg_dino_vit_20250521_151301 - INFO - Train metrics: l1_loss: 0.3138 | giou_loss: 0.8998 | total_loss: 3.3685
2025-05-22 06:51:05,130 - transvg_dino_vit_20250521_151301 - INFO - Epoch 22, Batch 1500/1696, Loss: 3.7200
2025-05-22 06:51:05,130 - transvg_dino_vit_20250521_151301 - INFO - Train metrics: l1_loss: 0.3744 | giou_loss: 0.9241 | total_loss: 3.7200
2025-05-22 06:52:13,346 - transvg_dino_vit_20250521_151301 - INFO - Epoch 22, Batch 1550/1696, Loss: 3.9191
2025-05-22 06:52:13,346 - transvg_dino_vit_20250521_151301 - INFO - Train metrics: l1_loss: 0.4360 | giou_loss: 0.8695 | total_loss: 3.9191
2025-05-22 06:53:21,534 - transvg_dino_vit_20250521_151301 - INFO - Epoch 22, Batch 1600/1696, Loss: 4.5040
2025-05-22 06:53:21,534 - transvg_dino_vit_20250521_151301 - INFO - Train metrics: l1_loss: 0.4782 | giou_loss: 1.0566 | total_loss: 4.5040
2025-05-22 06:54:30,027 - transvg_dino_vit_20250521_151301 - INFO - Epoch 22, Batch 1650/1696, Loss: 3.8060
2025-05-22 06:54:30,028 - transvg_dino_vit_20250521_151301 - INFO - Train metrics: l1_loss: 0.3989 | giou_loss: 0.9057 | total_loss: 3.8060
2025-05-22 06:55:31,565 - transvg_dino_vit_20250521_151301 - INFO - Train Epoch 22, Loss: 3.9886
2025-05-22 06:57:27,788 - transvg_dino_vit_20250521_151301 - INFO - Pred box sample: [86.69171905517578, 86.29850006103516, 274.8905029296875, 250.5707550048828]
2025-05-22 06:57:27,788 - transvg_dino_vit_20250521_151301 - INFO - Target box sample: [207.0, 198.0, 287.0, 283.0]
2025-05-22 06:57:27,880 - transvg_dino_vit_20250521_151301 - INFO - Validation Epoch 22, Loss: 4.5036
2025-05-22 06:57:27,881 - transvg_dino_vit_20250521_151301 - INFO - Val metrics: Acc@0.25: 0.3291 | Acc@0.5: 0.1211 | Acc@0.75: 0.0189 | mIoU: 0.1879 | medianIoU: 0.0876 | mae_x1: 98.9606 | mae_y1: 98.5288 | mae_x2: 103.6161 | mae_y2: 98.6010 | center_x_error: 86.3079 | center_y_error: 82.9742 | width_error: 2.4196 | height_error: 2.2721 | loss: 4.5036
2025-05-22 06:57:28,745 - transvg_dino_vit_20250521_151301 - INFO - Saved model checkpoint to /home/pokle/Trans-VG/visual_grounding/checkpoints/transvg_dino_vit_20250521_151301_epoch22.pth
2025-05-22 06:57:28,745 - transvg_dino_vit_20250521_151301 - INFO - Epoch 23/200
2025-05-22 06:57:30,567 - transvg_dino_vit_20250521_151301 - INFO - Epoch 23, Batch 0/1696, Loss: 3.8770
2025-05-22 06:57:30,567 - transvg_dino_vit_20250521_151301 - INFO - Train metrics: l1_loss: 0.4245 | giou_loss: 0.8773 | total_loss: 3.8770
2025-05-22 06:58:38,985 - transvg_dino_vit_20250521_151301 - INFO - Epoch 23, Batch 50/1696, Loss: 3.4602
2025-05-22 06:58:38,986 - transvg_dino_vit_20250521_151301 - INFO - Train metrics: l1_loss: 0.3448 | giou_loss: 0.8681 | total_loss: 3.4602
2025-05-22 06:59:47,712 - transvg_dino_vit_20250521_151301 - INFO - Epoch 23, Batch 100/1696, Loss: 5.0089
2025-05-22 06:59:47,713 - transvg_dino_vit_20250521_151301 - INFO - Train metrics: l1_loss: 0.5605 | giou_loss: 1.1031 | total_loss: 5.0089
2025-05-22 07:00:55,711 - transvg_dino_vit_20250521_151301 - INFO - Epoch 23, Batch 150/1696, Loss: 4.5126
2025-05-22 07:00:55,711 - transvg_dino_vit_20250521_151301 - INFO - Train metrics: l1_loss: 0.4794 | giou_loss: 1.0578 | total_loss: 4.5126
2025-05-22 07:02:04,363 - transvg_dino_vit_20250521_151301 - INFO - Epoch 23, Batch 200/1696, Loss: 2.7460
2025-05-22 07:02:04,363 - transvg_dino_vit_20250521_151301 - INFO - Train metrics: l1_loss: 0.2552 | giou_loss: 0.7351 | total_loss: 2.7460
2025-05-22 07:03:12,857 - transvg_dino_vit_20250521_151301 - INFO - Epoch 23, Batch 250/1696, Loss: 3.1753
2025-05-22 07:03:12,857 - transvg_dino_vit_20250521_151301 - INFO - Train metrics: l1_loss: 0.3137 | giou_loss: 0.8035 | total_loss: 3.1753
2025-05-22 07:04:21,913 - transvg_dino_vit_20250521_151301 - INFO - Epoch 23, Batch 300/1696, Loss: 4.7516
2025-05-22 07:04:21,913 - transvg_dino_vit_20250521_151301 - INFO - Train metrics: l1_loss: 0.4988 | giou_loss: 1.1288 | total_loss: 4.7516
2025-05-22 07:05:30,610 - transvg_dino_vit_20250521_151301 - INFO - Epoch 23, Batch 350/1696, Loss: 3.8454
2025-05-22 07:05:30,610 - transvg_dino_vit_20250521_151301 - INFO - Train metrics: l1_loss: 0.3844 | giou_loss: 0.9617 | total_loss: 3.8454
2025-05-22 07:06:39,861 - transvg_dino_vit_20250521_151301 - INFO - Epoch 23, Batch 400/1696, Loss: 4.0898
2025-05-22 07:06:39,862 - transvg_dino_vit_20250521_151301 - INFO - Train metrics: l1_loss: 0.4513 | giou_loss: 0.9165 | total_loss: 4.0898
2025-05-22 07:07:48,488 - transvg_dino_vit_20250521_151301 - INFO - Epoch 23, Batch 450/1696, Loss: 3.4163
2025-05-22 07:07:48,489 - transvg_dino_vit_20250521_151301 - INFO - Train metrics: l1_loss: 0.3475 | giou_loss: 0.8393 | total_loss: 3.4163
2025-05-22 07:08:57,592 - transvg_dino_vit_20250521_151301 - INFO - Epoch 23, Batch 500/1696, Loss: 3.2974
2025-05-22 07:08:57,592 - transvg_dino_vit_20250521_151301 - INFO - Train metrics: l1_loss: 0.3332 | giou_loss: 0.8157 | total_loss: 3.2974
2025-05-22 07:10:05,845 - transvg_dino_vit_20250521_151301 - INFO - Epoch 23, Batch 550/1696, Loss: 4.1767
2025-05-22 07:10:05,845 - transvg_dino_vit_20250521_151301 - INFO - Train metrics: l1_loss: 0.4502 | giou_loss: 0.9628 | total_loss: 4.1767
2025-05-22 07:11:14,662 - transvg_dino_vit_20250521_151301 - INFO - Epoch 23, Batch 600/1696, Loss: 4.0776
2025-05-22 07:11:14,662 - transvg_dino_vit_20250521_151301 - INFO - Train metrics: l1_loss: 0.4188 | giou_loss: 0.9918 | total_loss: 4.0776
2025-05-22 07:12:23,173 - transvg_dino_vit_20250521_151301 - INFO - Epoch 23, Batch 650/1696, Loss: 3.9992
2025-05-22 07:12:23,173 - transvg_dino_vit_20250521_151301 - INFO - Train metrics: l1_loss: 0.4256 | giou_loss: 0.9356 | total_loss: 3.9992
2025-05-22 07:13:31,690 - transvg_dino_vit_20250521_151301 - INFO - Epoch 23, Batch 700/1696, Loss: 4.1760
2025-05-22 07:13:31,691 - transvg_dino_vit_20250521_151301 - INFO - Train metrics: l1_loss: 0.4596 | giou_loss: 0.9390 | total_loss: 4.1760
2025-05-22 07:14:40,080 - transvg_dino_vit_20250521_151301 - INFO - Epoch 23, Batch 750/1696, Loss: 4.2556
2025-05-22 07:14:40,081 - transvg_dino_vit_20250521_151301 - INFO - Train metrics: l1_loss: 0.4594 | giou_loss: 0.9794 | total_loss: 4.2556
2025-05-22 07:15:48,784 - transvg_dino_vit_20250521_151301 - INFO - Epoch 23, Batch 800/1696, Loss: 4.8790
2025-05-22 07:15:48,784 - transvg_dino_vit_20250521_151301 - INFO - Train metrics: l1_loss: 0.5470 | giou_loss: 1.0720 | total_loss: 4.8790
2025-05-22 07:16:56,686 - transvg_dino_vit_20250521_151301 - INFO - Epoch 23, Batch 850/1696, Loss: 3.3955
2025-05-22 07:16:56,687 - transvg_dino_vit_20250521_151301 - INFO - Train metrics: l1_loss: 0.3497 | giou_loss: 0.8235 | total_loss: 3.3955
2025-05-22 07:18:05,504 - transvg_dino_vit_20250521_151301 - INFO - Epoch 23, Batch 900/1696, Loss: 3.4534
2025-05-22 07:18:05,505 - transvg_dino_vit_20250521_151301 - INFO - Train metrics: l1_loss: 0.3347 | giou_loss: 0.8900 | total_loss: 3.4534
2025-05-22 07:19:14,246 - transvg_dino_vit_20250521_151301 - INFO - Epoch 23, Batch 950/1696, Loss: 4.1006
2025-05-22 07:19:14,246 - transvg_dino_vit_20250521_151301 - INFO - Train metrics: l1_loss: 0.4606 | giou_loss: 0.8988 | total_loss: 4.1006
2025-05-22 07:20:22,919 - transvg_dino_vit_20250521_151301 - INFO - Epoch 23, Batch 1000/1696, Loss: 3.9057
2025-05-22 07:20:22,919 - transvg_dino_vit_20250521_151301 - INFO - Train metrics: l1_loss: 0.3937 | giou_loss: 0.9687 | total_loss: 3.9057
2025-05-22 07:21:31,429 - transvg_dino_vit_20250521_151301 - INFO - Epoch 23, Batch 1050/1696, Loss: 4.2949
2025-05-22 07:21:31,429 - transvg_dino_vit_20250521_151301 - INFO - Train metrics: l1_loss: 0.4713 | giou_loss: 0.9693 | total_loss: 4.2949
2025-05-22 07:22:39,900 - transvg_dino_vit_20250521_151301 - INFO - Epoch 23, Batch 1100/1696, Loss: 4.7159
2025-05-22 07:22:39,901 - transvg_dino_vit_20250521_151301 - INFO - Train metrics: l1_loss: 0.5688 | giou_loss: 0.9359 | total_loss: 4.7159
2025-05-22 07:23:48,754 - transvg_dino_vit_20250521_151301 - INFO - Epoch 23, Batch 1150/1696, Loss: 4.4063
2025-05-22 07:23:48,755 - transvg_dino_vit_20250521_151301 - INFO - Train metrics: l1_loss: 0.4791 | giou_loss: 1.0054 | total_loss: 4.4063
2025-05-22 07:24:57,270 - transvg_dino_vit_20250521_151301 - INFO - Epoch 23, Batch 1200/1696, Loss: 3.9390
2025-05-22 07:24:57,271 - transvg_dino_vit_20250521_151301 - INFO - Train metrics: l1_loss: 0.3984 | giou_loss: 0.9736 | total_loss: 3.9390
2025-05-22 07:26:06,155 - transvg_dino_vit_20250521_151301 - INFO - Epoch 23, Batch 1250/1696, Loss: 3.2868
2025-05-22 07:26:06,156 - transvg_dino_vit_20250521_151301 - INFO - Train metrics: l1_loss: 0.3202 | giou_loss: 0.8430 | total_loss: 3.2868
2025-05-22 07:27:15,182 - transvg_dino_vit_20250521_151301 - INFO - Epoch 23, Batch 1300/1696, Loss: 3.7686
2025-05-22 07:27:15,182 - transvg_dino_vit_20250521_151301 - INFO - Train metrics: l1_loss: 0.3851 | giou_loss: 0.9216 | total_loss: 3.7686
2025-05-22 07:28:24,275 - transvg_dino_vit_20250521_151301 - INFO - Epoch 23, Batch 1350/1696, Loss: 4.2665
2025-05-22 07:28:24,275 - transvg_dino_vit_20250521_151301 - INFO - Train metrics: l1_loss: 0.4535 | giou_loss: 0.9996 | total_loss: 4.2665
2025-05-22 07:29:32,697 - transvg_dino_vit_20250521_151301 - INFO - Epoch 23, Batch 1400/1696, Loss: 3.8941
2025-05-22 07:29:32,697 - transvg_dino_vit_20250521_151301 - INFO - Train metrics: l1_loss: 0.4398 | giou_loss: 0.8475 | total_loss: 3.8941
2025-05-22 07:30:41,076 - transvg_dino_vit_20250521_151301 - INFO - Epoch 23, Batch 1450/1696, Loss: 3.3122
2025-05-22 07:30:41,076 - transvg_dino_vit_20250521_151301 - INFO - Train metrics: l1_loss: 0.3090 | giou_loss: 0.8836 | total_loss: 3.3122
2025-05-22 07:31:49,599 - transvg_dino_vit_20250521_151301 - INFO - Epoch 23, Batch 1500/1696, Loss: 4.5917
2025-05-22 07:31:49,600 - transvg_dino_vit_20250521_151301 - INFO - Train metrics: l1_loss: 0.4686 | giou_loss: 1.1243 | total_loss: 4.5917
2025-05-22 07:32:58,603 - transvg_dino_vit_20250521_151301 - INFO - Epoch 23, Batch 1550/1696, Loss: 4.1987
2025-05-22 07:32:58,604 - transvg_dino_vit_20250521_151301 - INFO - Train metrics: l1_loss: 0.4715 | giou_loss: 0.9205 | total_loss: 4.1987
2025-05-22 07:34:07,834 - transvg_dino_vit_20250521_151301 - INFO - Epoch 23, Batch 1600/1696, Loss: 4.1523
2025-05-22 07:34:07,834 - transvg_dino_vit_20250521_151301 - INFO - Train metrics: l1_loss: 0.4478 | giou_loss: 0.9567 | total_loss: 4.1523
2025-05-22 07:35:16,237 - transvg_dino_vit_20250521_151301 - INFO - Epoch 23, Batch 1650/1696, Loss: 3.6817
2025-05-22 07:35:16,238 - transvg_dino_vit_20250521_151301 - INFO - Train metrics: l1_loss: 0.4069 | giou_loss: 0.8235 | total_loss: 3.6817
2025-05-22 07:36:17,697 - transvg_dino_vit_20250521_151301 - INFO - Train Epoch 23, Loss: 3.9676
2025-05-22 07:38:13,433 - transvg_dino_vit_20250521_151301 - INFO - Pred box sample: [70.37973022460938, 77.5635986328125, 250.35028076171875, 238.01345825195312]
2025-05-22 07:38:13,434 - transvg_dino_vit_20250521_151301 - INFO - Target box sample: [207.0, 198.0, 287.0, 283.0]
2025-05-22 07:38:13,510 - transvg_dino_vit_20250521_151301 - INFO - Validation Epoch 23, Loss: 4.5884
2025-05-22 07:38:13,510 - transvg_dino_vit_20250521_151301 - INFO - Val metrics: Acc@0.25: 0.3124 | Acc@0.5: 0.1169 | Acc@0.75: 0.0157 | mIoU: 0.1821 | medianIoU: 0.0845 | mae_x1: 106.2475 | mae_y1: 99.0828 | mae_x2: 102.6730 | mae_y2: 100.5335 | center_x_error: 89.3095 | center_y_error: 84.9786 | width_error: 2.4645 | height_error: 2.2100 | loss: 4.5884
2025-05-22 07:38:14,340 - transvg_dino_vit_20250521_151301 - INFO - Saved model checkpoint to /home/pokle/Trans-VG/visual_grounding/checkpoints/transvg_dino_vit_20250521_151301_epoch23.pth
2025-05-22 07:38:14,341 - transvg_dino_vit_20250521_151301 - INFO - Epoch 24/200
2025-05-22 07:38:16,371 - transvg_dino_vit_20250521_151301 - INFO - Epoch 24, Batch 0/1696, Loss: 4.3473
2025-05-22 07:38:16,371 - transvg_dino_vit_20250521_151301 - INFO - Train metrics: l1_loss: 0.5041 | giou_loss: 0.9135 | total_loss: 4.3473
2025-05-22 07:39:24,764 - transvg_dino_vit_20250521_151301 - INFO - Epoch 24, Batch 50/1696, Loss: 4.0747
2025-05-22 07:39:24,765 - transvg_dino_vit_20250521_151301 - INFO - Train metrics: l1_loss: 0.4297 | giou_loss: 0.9630 | total_loss: 4.0747
2025-05-22 07:40:33,878 - transvg_dino_vit_20250521_151301 - INFO - Epoch 24, Batch 100/1696, Loss: 3.4781
2025-05-22 07:40:33,878 - transvg_dino_vit_20250521_151301 - INFO - Train metrics: l1_loss: 0.3476 | giou_loss: 0.8699 | total_loss: 3.4781
2025-05-22 07:41:42,718 - transvg_dino_vit_20250521_151301 - INFO - Epoch 24, Batch 150/1696, Loss: 3.6585
2025-05-22 07:41:42,718 - transvg_dino_vit_20250521_151301 - INFO - Train metrics: l1_loss: 0.4150 | giou_loss: 0.7918 | total_loss: 3.6585
2025-05-22 07:42:51,419 - transvg_dino_vit_20250521_151301 - INFO - Epoch 24, Batch 200/1696, Loss: 3.6635
2025-05-22 07:42:51,419 - transvg_dino_vit_20250521_151301 - INFO - Train metrics: l1_loss: 0.3572 | giou_loss: 0.9388 | total_loss: 3.6635
2025-05-22 07:43:59,894 - transvg_dino_vit_20250521_151301 - INFO - Epoch 24, Batch 250/1696, Loss: 3.3952
2025-05-22 07:43:59,894 - transvg_dino_vit_20250521_151301 - INFO - Train metrics: l1_loss: 0.3411 | giou_loss: 0.8449 | total_loss: 3.3952
2025-05-22 07:45:08,212 - transvg_dino_vit_20250521_151301 - INFO - Epoch 24, Batch 300/1696, Loss: 3.8708
2025-05-22 07:45:08,213 - transvg_dino_vit_20250521_151301 - INFO - Train metrics: l1_loss: 0.4017 | giou_loss: 0.9312 | total_loss: 3.8708
2025-05-22 07:46:16,922 - transvg_dino_vit_20250521_151301 - INFO - Epoch 24, Batch 350/1696, Loss: 4.0598
2025-05-22 07:46:16,922 - transvg_dino_vit_20250521_151301 - INFO - Train metrics: l1_loss: 0.4498 | giou_loss: 0.9053 | total_loss: 4.0598
2025-05-22 07:47:25,145 - transvg_dino_vit_20250521_151301 - INFO - Epoch 24, Batch 400/1696, Loss: 4.2033
2025-05-22 07:47:25,145 - transvg_dino_vit_20250521_151301 - INFO - Train metrics: l1_loss: 0.4266 | giou_loss: 1.0352 | total_loss: 4.2033
2025-05-22 07:48:33,323 - transvg_dino_vit_20250521_151301 - INFO - Epoch 24, Batch 450/1696, Loss: 3.8972
2025-05-22 07:48:33,324 - transvg_dino_vit_20250521_151301 - INFO - Train metrics: l1_loss: 0.4165 | giou_loss: 0.9074 | total_loss: 3.8972
2025-05-22 07:49:41,803 - transvg_dino_vit_20250521_151301 - INFO - Epoch 24, Batch 500/1696, Loss: 4.4500
2025-05-22 07:49:41,803 - transvg_dino_vit_20250521_151301 - INFO - Train metrics: l1_loss: 0.4778 | giou_loss: 1.0305 | total_loss: 4.4500
2025-05-22 07:50:50,834 - transvg_dino_vit_20250521_151301 - INFO - Epoch 24, Batch 550/1696, Loss: 3.7268
2025-05-22 07:50:50,834 - transvg_dino_vit_20250521_151301 - INFO - Train metrics: l1_loss: 0.3757 | giou_loss: 0.9242 | total_loss: 3.7268
2025-05-22 07:51:59,160 - transvg_dino_vit_20250521_151301 - INFO - Epoch 24, Batch 600/1696, Loss: 3.5914
2025-05-22 07:51:59,160 - transvg_dino_vit_20250521_151301 - INFO - Train metrics: l1_loss: 0.3671 | giou_loss: 0.8780 | total_loss: 3.5914
2025-05-22 07:53:07,749 - transvg_dino_vit_20250521_151301 - INFO - Epoch 24, Batch 650/1696, Loss: 3.0628
2025-05-22 07:53:07,749 - transvg_dino_vit_20250521_151301 - INFO - Train metrics: l1_loss: 0.3066 | giou_loss: 0.7650 | total_loss: 3.0628
2025-05-22 07:54:15,955 - transvg_dino_vit_20250521_151301 - INFO - Epoch 24, Batch 700/1696, Loss: 3.8914
2025-05-22 07:54:15,955 - transvg_dino_vit_20250521_151301 - INFO - Train metrics: l1_loss: 0.3882 | giou_loss: 0.9753 | total_loss: 3.8914
2025-05-22 07:55:24,381 - transvg_dino_vit_20250521_151301 - INFO - Epoch 24, Batch 750/1696, Loss: 4.2277
2025-05-22 07:55:24,381 - transvg_dino_vit_20250521_151301 - INFO - Train metrics: l1_loss: 0.4386 | giou_loss: 1.0174 | total_loss: 4.2277
2025-05-22 07:56:33,161 - transvg_dino_vit_20250521_151301 - INFO - Epoch 24, Batch 800/1696, Loss: 3.1712
2025-05-22 07:56:33,161 - transvg_dino_vit_20250521_151301 - INFO - Train metrics: l1_loss: 0.3082 | giou_loss: 0.8150 | total_loss: 3.1712
2025-05-22 07:57:42,186 - transvg_dino_vit_20250521_151301 - INFO - Epoch 24, Batch 850/1696, Loss: 5.1515
2025-05-22 07:57:42,186 - transvg_dino_vit_20250521_151301 - INFO - Train metrics: l1_loss: 0.5831 | giou_loss: 1.1181 | total_loss: 5.1515
2025-05-22 07:58:51,205 - transvg_dino_vit_20250521_151301 - INFO - Epoch 24, Batch 900/1696, Loss: 3.5335
2025-05-22 07:58:51,205 - transvg_dino_vit_20250521_151301 - INFO - Train metrics: l1_loss: 0.3451 | giou_loss: 0.9039 | total_loss: 3.5335
2025-05-22 07:59:59,693 - transvg_dino_vit_20250521_151301 - INFO - Epoch 24, Batch 950/1696, Loss: 3.6726
2025-05-22 07:59:59,693 - transvg_dino_vit_20250521_151301 - INFO - Train metrics: l1_loss: 0.3604 | giou_loss: 0.9353 | total_loss: 3.6726
2025-05-22 08:01:08,290 - transvg_dino_vit_20250521_151301 - INFO - Epoch 24, Batch 1000/1696, Loss: 4.0149
2025-05-22 08:01:08,290 - transvg_dino_vit_20250521_151301 - INFO - Train metrics: l1_loss: 0.4334 | giou_loss: 0.9239 | total_loss: 4.0149
2025-05-22 08:02:17,224 - transvg_dino_vit_20250521_151301 - INFO - Epoch 24, Batch 1050/1696, Loss: 3.8035
2025-05-22 08:02:17,224 - transvg_dino_vit_20250521_151301 - INFO - Train metrics: l1_loss: 0.4145 | giou_loss: 0.8654 | total_loss: 3.8035
2025-05-22 08:03:25,325 - transvg_dino_vit_20250521_151301 - INFO - Epoch 24, Batch 1100/1696, Loss: 3.2100
2025-05-22 08:03:25,325 - transvg_dino_vit_20250521_151301 - INFO - Train metrics: l1_loss: 0.3482 | giou_loss: 0.7344 | total_loss: 3.2100
2025-05-22 08:04:33,863 - transvg_dino_vit_20250521_151301 - INFO - Epoch 24, Batch 1150/1696, Loss: 4.4882
2025-05-22 08:04:33,863 - transvg_dino_vit_20250521_151301 - INFO - Train metrics: l1_loss: 0.4828 | giou_loss: 1.0371 | total_loss: 4.4882
2025-05-22 08:05:42,021 - transvg_dino_vit_20250521_151301 - INFO - Epoch 24, Batch 1200/1696, Loss: 3.6719
2025-05-22 08:05:42,021 - transvg_dino_vit_20250521_151301 - INFO - Train metrics: l1_loss: 0.3627 | giou_loss: 0.9292 | total_loss: 3.6719
2025-05-22 08:06:50,439 - transvg_dino_vit_20250521_151301 - INFO - Epoch 24, Batch 1250/1696, Loss: 3.7463
2025-05-22 08:06:50,440 - transvg_dino_vit_20250521_151301 - INFO - Train metrics: l1_loss: 0.3966 | giou_loss: 0.8817 | total_loss: 3.7463
2025-05-22 08:07:59,030 - transvg_dino_vit_20250521_151301 - INFO - Epoch 24, Batch 1300/1696, Loss: 4.5078
2025-05-22 08:07:59,030 - transvg_dino_vit_20250521_151301 - INFO - Train metrics: l1_loss: 0.5226 | giou_loss: 0.9473 | total_loss: 4.5078
2025-05-22 08:09:07,747 - transvg_dino_vit_20250521_151301 - INFO - Epoch 24, Batch 1350/1696, Loss: 3.6135
2025-05-22 08:09:07,747 - transvg_dino_vit_20250521_151301 - INFO - Train metrics: l1_loss: 0.3850 | giou_loss: 0.8442 | total_loss: 3.6135
2025-05-22 08:10:16,624 - transvg_dino_vit_20250521_151301 - INFO - Epoch 24, Batch 1400/1696, Loss: 3.7433
2025-05-22 08:10:16,624 - transvg_dino_vit_20250521_151301 - INFO - Train metrics: l1_loss: 0.4049 | giou_loss: 0.8593 | total_loss: 3.7433
2025-05-22 08:11:24,811 - transvg_dino_vit_20250521_151301 - INFO - Epoch 24, Batch 1450/1696, Loss: 3.0614
2025-05-22 08:11:24,811 - transvg_dino_vit_20250521_151301 - INFO - Train metrics: l1_loss: 0.3322 | giou_loss: 0.7002 | total_loss: 3.0614
2025-05-22 08:12:33,656 - transvg_dino_vit_20250521_151301 - INFO - Epoch 24, Batch 1500/1696, Loss: 4.1506
2025-05-22 08:12:33,656 - transvg_dino_vit_20250521_151301 - INFO - Train metrics: l1_loss: 0.4677 | giou_loss: 0.9060 | total_loss: 4.1506
2025-05-22 08:13:41,640 - transvg_dino_vit_20250521_151301 - INFO - Epoch 24, Batch 1550/1696, Loss: 3.8477
2025-05-22 08:13:41,640 - transvg_dino_vit_20250521_151301 - INFO - Train metrics: l1_loss: 0.3714 | giou_loss: 0.9954 | total_loss: 3.8477
2025-05-22 08:14:50,068 - transvg_dino_vit_20250521_151301 - INFO - Epoch 24, Batch 1600/1696, Loss: 3.8933
2025-05-22 08:14:50,068 - transvg_dino_vit_20250521_151301 - INFO - Train metrics: l1_loss: 0.4122 | giou_loss: 0.9163 | total_loss: 3.8933
2025-05-22 08:15:58,970 - transvg_dino_vit_20250521_151301 - INFO - Epoch 24, Batch 1650/1696, Loss: 3.8784
2025-05-22 08:15:58,970 - transvg_dino_vit_20250521_151301 - INFO - Train metrics: l1_loss: 0.3961 | giou_loss: 0.9490 | total_loss: 3.8784
2025-05-22 08:17:00,253 - transvg_dino_vit_20250521_151301 - INFO - Train Epoch 24, Loss: 3.9477
2025-05-22 08:18:55,751 - transvg_dino_vit_20250521_151301 - INFO - Pred box sample: [74.30261993408203, 85.063720703125, 235.67483520507812, 227.51995849609375]
2025-05-22 08:18:55,751 - transvg_dino_vit_20250521_151301 - INFO - Target box sample: [207.0, 198.0, 287.0, 283.0]
2025-05-22 08:18:55,827 - transvg_dino_vit_20250521_151301 - INFO - Validation Epoch 24, Loss: 4.5628
2025-05-22 08:18:55,827 - transvg_dino_vit_20250521_151301 - INFO - Val metrics: Acc@0.25: 0.3201 | Acc@0.5: 0.1142 | Acc@0.75: 0.0181 | mIoU: 0.1819 | medianIoU: 0.0798 | mae_x1: 103.5954 | mae_y1: 98.2331 | mae_x2: 102.2719 | mae_y2: 97.7762 | center_x_error: 88.9416 | center_y_error: 83.5193 | width_error: 2.2838 | height_error: 2.1208 | loss: 4.5628
2025-05-22 08:18:56,688 - transvg_dino_vit_20250521_151301 - INFO - Saved model checkpoint to /home/pokle/Trans-VG/visual_grounding/checkpoints/transvg_dino_vit_20250521_151301_epoch24.pth
2025-05-22 08:18:56,688 - transvg_dino_vit_20250521_151301 - INFO - Epoch 25/200
2025-05-22 08:18:58,595 - transvg_dino_vit_20250521_151301 - INFO - Epoch 25, Batch 0/1696, Loss: 4.5686
2025-05-22 08:18:58,595 - transvg_dino_vit_20250521_151301 - INFO - Train metrics: l1_loss: 0.5028 | giou_loss: 1.0272 | total_loss: 4.5686
2025-05-22 08:20:07,088 - transvg_dino_vit_20250521_151301 - INFO - Epoch 25, Batch 50/1696, Loss: 3.9027
2025-05-22 08:20:07,088 - transvg_dino_vit_20250521_151301 - INFO - Train metrics: l1_loss: 0.4050 | giou_loss: 0.9389 | total_loss: 3.9027
2025-05-22 08:21:15,463 - transvg_dino_vit_20250521_151301 - INFO - Epoch 25, Batch 100/1696, Loss: 4.4120
2025-05-22 08:21:15,463 - transvg_dino_vit_20250521_151301 - INFO - Train metrics: l1_loss: 0.4965 | giou_loss: 0.9649 | total_loss: 4.4120
2025-05-22 08:22:24,442 - transvg_dino_vit_20250521_151301 - INFO - Epoch 25, Batch 150/1696, Loss: 4.5118
2025-05-22 08:22:24,442 - transvg_dino_vit_20250521_151301 - INFO - Train metrics: l1_loss: 0.4931 | giou_loss: 1.0232 | total_loss: 4.5118
2025-05-22 08:23:33,232 - transvg_dino_vit_20250521_151301 - INFO - Epoch 25, Batch 200/1696, Loss: 4.1888
2025-05-22 08:23:33,232 - transvg_dino_vit_20250521_151301 - INFO - Train metrics: l1_loss: 0.4306 | giou_loss: 1.0179 | total_loss: 4.1888
2025-05-22 08:24:42,459 - transvg_dino_vit_20250521_151301 - INFO - Epoch 25, Batch 250/1696, Loss: 3.8022
2025-05-22 08:24:42,459 - transvg_dino_vit_20250521_151301 - INFO - Train metrics: l1_loss: 0.4077 | giou_loss: 0.8819 | total_loss: 3.8022
2025-05-22 08:25:51,272 - transvg_dino_vit_20250521_151301 - INFO - Epoch 25, Batch 300/1696, Loss: 3.8386
2025-05-22 08:25:51,272 - transvg_dino_vit_20250521_151301 - INFO - Train metrics: l1_loss: 0.3770 | giou_loss: 0.9767 | total_loss: 3.8386
2025-05-22 08:27:00,391 - transvg_dino_vit_20250521_151301 - INFO - Epoch 25, Batch 350/1696, Loss: 3.7061
2025-05-22 08:27:00,391 - transvg_dino_vit_20250521_151301 - INFO - Train metrics: l1_loss: 0.3825 | giou_loss: 0.8968 | total_loss: 3.7061
2025-05-22 08:28:09,323 - transvg_dino_vit_20250521_151301 - INFO - Epoch 25, Batch 400/1696, Loss: 3.6349
2025-05-22 08:28:09,323 - transvg_dino_vit_20250521_151301 - INFO - Train metrics: l1_loss: 0.3667 | giou_loss: 0.9007 | total_loss: 3.6349
2025-05-22 08:29:18,412 - transvg_dino_vit_20250521_151301 - INFO - Epoch 25, Batch 450/1696, Loss: 3.5900
2025-05-22 08:29:18,413 - transvg_dino_vit_20250521_151301 - INFO - Train metrics: l1_loss: 0.3605 | giou_loss: 0.8937 | total_loss: 3.5900
2025-05-22 08:30:27,305 - transvg_dino_vit_20250521_151301 - INFO - Epoch 25, Batch 500/1696, Loss: 3.7412
2025-05-22 08:30:27,306 - transvg_dino_vit_20250521_151301 - INFO - Train metrics: l1_loss: 0.3779 | giou_loss: 0.9259 | total_loss: 3.7412
2025-05-22 08:31:35,895 - transvg_dino_vit_20250521_151301 - INFO - Epoch 25, Batch 550/1696, Loss: 3.6769
2025-05-22 08:31:35,895 - transvg_dino_vit_20250521_151301 - INFO - Train metrics: l1_loss: 0.3682 | giou_loss: 0.9181 | total_loss: 3.6769
2025-05-22 08:32:44,152 - transvg_dino_vit_20250521_151301 - INFO - Epoch 25, Batch 600/1696, Loss: 3.6428
2025-05-22 08:32:44,153 - transvg_dino_vit_20250521_151301 - INFO - Train metrics: l1_loss: 0.3767 | giou_loss: 0.8796 | total_loss: 3.6428
2025-05-22 08:33:52,731 - transvg_dino_vit_20250521_151301 - INFO - Epoch 25, Batch 650/1696, Loss: 3.2527
2025-05-22 08:33:52,732 - transvg_dino_vit_20250521_151301 - INFO - Train metrics: l1_loss: 0.3050 | giou_loss: 0.8639 | total_loss: 3.2527
2025-05-22 08:35:00,600 - transvg_dino_vit_20250521_151301 - INFO - Epoch 25, Batch 700/1696, Loss: 3.9365
2025-05-22 08:35:00,600 - transvg_dino_vit_20250521_151301 - INFO - Train metrics: l1_loss: 0.4066 | giou_loss: 0.9518 | total_loss: 3.9365
2025-05-22 08:36:09,456 - transvg_dino_vit_20250521_151301 - INFO - Epoch 25, Batch 750/1696, Loss: 3.7635
2025-05-22 08:36:09,456 - transvg_dino_vit_20250521_151301 - INFO - Train metrics: l1_loss: 0.3887 | giou_loss: 0.9099 | total_loss: 3.7635
2025-05-22 08:37:17,644 - transvg_dino_vit_20250521_151301 - INFO - Epoch 25, Batch 800/1696, Loss: 4.5470
2025-05-22 08:37:17,644 - transvg_dino_vit_20250521_151301 - INFO - Train metrics: l1_loss: 0.5228 | giou_loss: 0.9665 | total_loss: 4.5470
2025-05-22 08:38:26,467 - transvg_dino_vit_20250521_151301 - INFO - Epoch 25, Batch 850/1696, Loss: 3.9557
2025-05-22 08:38:26,467 - transvg_dino_vit_20250521_151301 - INFO - Train metrics: l1_loss: 0.4218 | giou_loss: 0.9234 | total_loss: 3.9557
2025-05-22 08:39:35,247 - transvg_dino_vit_20250521_151301 - INFO - Epoch 25, Batch 900/1696, Loss: 4.4637
2025-05-22 08:39:35,247 - transvg_dino_vit_20250521_151301 - INFO - Train metrics: l1_loss: 0.4678 | giou_loss: 1.0624 | total_loss: 4.4637
2025-05-22 08:40:43,241 - transvg_dino_vit_20250521_151301 - INFO - Epoch 25, Batch 950/1696, Loss: 3.7894
2025-05-22 08:40:43,242 - transvg_dino_vit_20250521_151301 - INFO - Train metrics: l1_loss: 0.3981 | giou_loss: 0.8994 | total_loss: 3.7894
2025-05-22 08:41:51,879 - transvg_dino_vit_20250521_151301 - INFO - Epoch 25, Batch 1000/1696, Loss: 3.8043
2025-05-22 08:41:51,880 - transvg_dino_vit_20250521_151301 - INFO - Train metrics: l1_loss: 0.4055 | giou_loss: 0.8883 | total_loss: 3.8043
2025-05-22 08:43:00,293 - transvg_dino_vit_20250521_151301 - INFO - Epoch 25, Batch 1050/1696, Loss: 5.4284
2025-05-22 08:43:00,294 - transvg_dino_vit_20250521_151301 - INFO - Train metrics: l1_loss: 0.6556 | giou_loss: 1.0751 | total_loss: 5.4284
2025-05-22 08:44:09,095 - transvg_dino_vit_20250521_151301 - INFO - Epoch 25, Batch 1100/1696, Loss: 3.5997
2025-05-22 08:44:09,096 - transvg_dino_vit_20250521_151301 - INFO - Train metrics: l1_loss: 0.3498 | giou_loss: 0.9254 | total_loss: 3.5997
2025-05-22 08:45:17,844 - transvg_dino_vit_20250521_151301 - INFO - Epoch 25, Batch 1150/1696, Loss: 3.3990
2025-05-22 08:45:17,844 - transvg_dino_vit_20250521_151301 - INFO - Train metrics: l1_loss: 0.3265 | giou_loss: 0.8832 | total_loss: 3.3990
2025-05-22 08:46:26,914 - transvg_dino_vit_20250521_151301 - INFO - Epoch 25, Batch 1200/1696, Loss: 3.9729
2025-05-22 08:46:26,914 - transvg_dino_vit_20250521_151301 - INFO - Train metrics: l1_loss: 0.4365 | giou_loss: 0.8953 | total_loss: 3.9729
2025-05-22 08:47:35,205 - transvg_dino_vit_20250521_151301 - INFO - Epoch 25, Batch 1250/1696, Loss: 3.6884
2025-05-22 08:47:35,205 - transvg_dino_vit_20250521_151301 - INFO - Train metrics: l1_loss: 0.3754 | giou_loss: 0.9057 | total_loss: 3.6884
2025-05-22 08:48:43,696 - transvg_dino_vit_20250521_151301 - INFO - Epoch 25, Batch 1300/1696, Loss: 3.2761
2025-05-22 08:48:43,696 - transvg_dino_vit_20250521_151301 - INFO - Train metrics: l1_loss: 0.3530 | giou_loss: 0.7555 | total_loss: 3.2761
2025-05-22 08:49:52,713 - transvg_dino_vit_20250521_151301 - INFO - Epoch 25, Batch 1350/1696, Loss: 3.7211
2025-05-22 08:49:52,714 - transvg_dino_vit_20250521_151301 - INFO - Train metrics: l1_loss: 0.4078 | giou_loss: 0.8409 | total_loss: 3.7211
2025-05-22 08:51:00,919 - transvg_dino_vit_20250521_151301 - INFO - Epoch 25, Batch 1400/1696, Loss: 3.9567
2025-05-22 08:51:00,919 - transvg_dino_vit_20250521_151301 - INFO - Train metrics: l1_loss: 0.4385 | giou_loss: 0.8821 | total_loss: 3.9567
2025-05-22 08:52:09,062 - transvg_dino_vit_20250521_151301 - INFO - Epoch 25, Batch 1450/1696, Loss: 3.4514
2025-05-22 08:52:09,063 - transvg_dino_vit_20250521_151301 - INFO - Train metrics: l1_loss: 0.3532 | giou_loss: 0.8426 | total_loss: 3.4514
2025-05-22 08:53:17,105 - transvg_dino_vit_20250521_151301 - INFO - Epoch 25, Batch 1500/1696, Loss: 3.7525
2025-05-22 08:53:17,106 - transvg_dino_vit_20250521_151301 - INFO - Train metrics: l1_loss: 0.4037 | giou_loss: 0.8671 | total_loss: 3.7525
2025-05-22 08:54:25,524 - transvg_dino_vit_20250521_151301 - INFO - Epoch 25, Batch 1550/1696, Loss: 4.2022
2025-05-22 08:54:25,525 - transvg_dino_vit_20250521_151301 - INFO - Train metrics: l1_loss: 0.4413 | giou_loss: 0.9980 | total_loss: 4.2022
2025-05-22 08:55:34,078 - transvg_dino_vit_20250521_151301 - INFO - Epoch 25, Batch 1600/1696, Loss: 4.0041
2025-05-22 08:55:34,078 - transvg_dino_vit_20250521_151301 - INFO - Train metrics: l1_loss: 0.4461 | giou_loss: 0.8868 | total_loss: 4.0041
2025-05-22 08:56:42,128 - transvg_dino_vit_20250521_151301 - INFO - Epoch 25, Batch 1650/1696, Loss: 3.8838
2025-05-22 08:56:42,129 - transvg_dino_vit_20250521_151301 - INFO - Train metrics: l1_loss: 0.4190 | giou_loss: 0.8945 | total_loss: 3.8838
2025-05-22 08:57:44,123 - transvg_dino_vit_20250521_151301 - INFO - Train Epoch 25, Loss: 3.9324
2025-05-22 08:59:39,093 - transvg_dino_vit_20250521_151301 - INFO - Pred box sample: [84.72042083740234, 83.00617218017578, 249.4098358154297, 242.1260528564453]
2025-05-22 08:59:39,093 - transvg_dino_vit_20250521_151301 - INFO - Target box sample: [207.0, 198.0, 287.0, 283.0]
2025-05-22 08:59:39,168 - transvg_dino_vit_20250521_151301 - INFO - Validation Epoch 25, Loss: 4.5583
2025-05-22 08:59:39,168 - transvg_dino_vit_20250521_151301 - INFO - Val metrics: Acc@0.25: 0.3251 | Acc@0.5: 0.1227 | Acc@0.75: 0.0189 | mIoU: 0.1866 | medianIoU: 0.0860 | mae_x1: 102.2490 | mae_y1: 101.8286 | mae_x2: 103.4589 | mae_y2: 99.7331 | center_x_error: 87.5793 | center_y_error: 85.0030 | width_error: 2.4495 | height_error: 2.2922 | loss: 4.5583
2025-05-22 08:59:40,010 - transvg_dino_vit_20250521_151301 - INFO - Saved model checkpoint to /home/pokle/Trans-VG/visual_grounding/checkpoints/transvg_dino_vit_20250521_151301_epoch25.pth
2025-05-22 08:59:40,011 - transvg_dino_vit_20250521_151301 - INFO - Epoch 26/200
2025-05-22 08:59:41,838 - transvg_dino_vit_20250521_151301 - INFO - Epoch 26, Batch 0/1696, Loss: 4.3312
2025-05-22 08:59:41,838 - transvg_dino_vit_20250521_151301 - INFO - Train metrics: l1_loss: 0.4690 | giou_loss: 0.9931 | total_loss: 4.3312
2025-05-22 09:00:50,701 - transvg_dino_vit_20250521_151301 - INFO - Epoch 26, Batch 50/1696, Loss: 4.0213
2025-05-22 09:00:50,701 - transvg_dino_vit_20250521_151301 - INFO - Train metrics: l1_loss: 0.3979 | giou_loss: 1.0159 | total_loss: 4.0213
2025-05-22 09:01:58,803 - transvg_dino_vit_20250521_151301 - INFO - Epoch 26, Batch 100/1696, Loss: 3.7983
2025-05-22 09:01:58,803 - transvg_dino_vit_20250521_151301 - INFO - Train metrics: l1_loss: 0.3940 | giou_loss: 0.9141 | total_loss: 3.7983
2025-05-22 09:03:07,024 - transvg_dino_vit_20250521_151301 - INFO - Epoch 26, Batch 150/1696, Loss: 4.0982
2025-05-22 09:03:07,024 - transvg_dino_vit_20250521_151301 - INFO - Train metrics: l1_loss: 0.4058 | giou_loss: 1.0347 | total_loss: 4.0982
2025-05-22 09:04:14,926 - transvg_dino_vit_20250521_151301 - INFO - Epoch 26, Batch 200/1696, Loss: 4.0197
2025-05-22 09:04:14,927 - transvg_dino_vit_20250521_151301 - INFO - Train metrics: l1_loss: 0.4197 | giou_loss: 0.9606 | total_loss: 4.0197
2025-05-22 09:05:22,923 - transvg_dino_vit_20250521_151301 - INFO - Epoch 26, Batch 250/1696, Loss: 4.4723
2025-05-22 09:05:22,923 - transvg_dino_vit_20250521_151301 - INFO - Train metrics: l1_loss: 0.4764 | giou_loss: 1.0452 | total_loss: 4.4723
2025-05-22 09:06:30,737 - transvg_dino_vit_20250521_151301 - INFO - Epoch 26, Batch 300/1696, Loss: 4.2643
2025-05-22 09:06:30,737 - transvg_dino_vit_20250521_151301 - INFO - Train metrics: l1_loss: 0.4717 | giou_loss: 0.9528 | total_loss: 4.2643
2025-05-22 09:07:39,005 - transvg_dino_vit_20250521_151301 - INFO - Epoch 26, Batch 350/1696, Loss: 3.8819
2025-05-22 09:07:39,006 - transvg_dino_vit_20250521_151301 - INFO - Train metrics: l1_loss: 0.3989 | giou_loss: 0.9437 | total_loss: 3.8819
2025-05-22 09:08:47,092 - transvg_dino_vit_20250521_151301 - INFO - Epoch 26, Batch 400/1696, Loss: 3.5920
2025-05-22 09:08:47,093 - transvg_dino_vit_20250521_151301 - INFO - Train metrics: l1_loss: 0.3653 | giou_loss: 0.8826 | total_loss: 3.5920
2025-05-22 09:09:55,813 - transvg_dino_vit_20250521_151301 - INFO - Epoch 26, Batch 450/1696, Loss: 2.9536
2025-05-22 09:09:55,813 - transvg_dino_vit_20250521_151301 - INFO - Train metrics: l1_loss: 0.2911 | giou_loss: 0.7490 | total_loss: 2.9536
2025-05-22 09:11:03,708 - transvg_dino_vit_20250521_151301 - INFO - Epoch 26, Batch 500/1696, Loss: 4.2352
2025-05-22 09:11:03,708 - transvg_dino_vit_20250521_151301 - INFO - Train metrics: l1_loss: 0.4465 | giou_loss: 1.0013 | total_loss: 4.2352
2025-05-22 09:12:11,680 - transvg_dino_vit_20250521_151301 - INFO - Epoch 26, Batch 550/1696, Loss: 4.1031
2025-05-22 09:12:11,680 - transvg_dino_vit_20250521_151301 - INFO - Train metrics: l1_loss: 0.4326 | giou_loss: 0.9700 | total_loss: 4.1031
2025-05-22 09:13:19,996 - transvg_dino_vit_20250521_151301 - INFO - Epoch 26, Batch 600/1696, Loss: 3.6449
2025-05-22 09:13:19,996 - transvg_dino_vit_20250521_151301 - INFO - Train metrics: l1_loss: 0.3620 | giou_loss: 0.9175 | total_loss: 3.6449
2025-05-22 09:14:28,832 - transvg_dino_vit_20250521_151301 - INFO - Epoch 26, Batch 650/1696, Loss: 3.7568
2025-05-22 09:14:28,832 - transvg_dino_vit_20250521_151301 - INFO - Train metrics: l1_loss: 0.3739 | giou_loss: 0.9436 | total_loss: 3.7568
2025-05-22 09:15:37,145 - transvg_dino_vit_20250521_151301 - INFO - Epoch 26, Batch 700/1696, Loss: 3.5808
2025-05-22 09:15:37,145 - transvg_dino_vit_20250521_151301 - INFO - Train metrics: l1_loss: 0.3759 | giou_loss: 0.8506 | total_loss: 3.5808
2025-05-22 09:16:45,423 - transvg_dino_vit_20250521_151301 - INFO - Epoch 26, Batch 750/1696, Loss: 3.8588
2025-05-22 09:16:45,423 - transvg_dino_vit_20250521_151301 - INFO - Train metrics: l1_loss: 0.3956 | giou_loss: 0.9403 | total_loss: 3.8588
2025-05-22 09:17:54,012 - transvg_dino_vit_20250521_151301 - INFO - Epoch 26, Batch 800/1696, Loss: 4.4882
2025-05-22 09:17:54,012 - transvg_dino_vit_20250521_151301 - INFO - Train metrics: l1_loss: 0.5103 | giou_loss: 0.9683 | total_loss: 4.4882
2025-05-22 09:19:02,125 - transvg_dino_vit_20250521_151301 - INFO - Epoch 26, Batch 850/1696, Loss: 3.9252
2025-05-22 09:19:02,125 - transvg_dino_vit_20250521_151301 - INFO - Train metrics: l1_loss: 0.4125 | giou_loss: 0.9313 | total_loss: 3.9252
2025-05-22 09:20:10,016 - transvg_dino_vit_20250521_151301 - INFO - Epoch 26, Batch 900/1696, Loss: 4.1484
2025-05-22 09:20:10,016 - transvg_dino_vit_20250521_151301 - INFO - Train metrics: l1_loss: 0.4492 | giou_loss: 0.9511 | total_loss: 4.1484
2025-05-22 09:21:18,820 - transvg_dino_vit_20250521_151301 - INFO - Epoch 26, Batch 950/1696, Loss: 4.0077
2025-05-22 09:21:18,820 - transvg_dino_vit_20250521_151301 - INFO - Train metrics: l1_loss: 0.4113 | giou_loss: 0.9757 | total_loss: 4.0077
2025-05-22 09:22:27,128 - transvg_dino_vit_20250521_151301 - INFO - Epoch 26, Batch 1000/1696, Loss: 3.6161
2025-05-22 09:22:27,129 - transvg_dino_vit_20250521_151301 - INFO - Train metrics: l1_loss: 0.3708 | giou_loss: 0.8811 | total_loss: 3.6161
2025-05-22 09:23:35,820 - transvg_dino_vit_20250521_151301 - INFO - Epoch 26, Batch 1050/1696, Loss: 4.7987
2025-05-22 09:23:35,821 - transvg_dino_vit_20250521_151301 - INFO - Train metrics: l1_loss: 0.5178 | giou_loss: 1.1049 | total_loss: 4.7987
2025-05-22 09:24:43,528 - transvg_dino_vit_20250521_151301 - INFO - Epoch 26, Batch 1100/1696, Loss: 3.7025
2025-05-22 09:24:43,529 - transvg_dino_vit_20250521_151301 - INFO - Train metrics: l1_loss: 0.3825 | giou_loss: 0.8950 | total_loss: 3.7025
2025-05-22 09:25:52,334 - transvg_dino_vit_20250521_151301 - INFO - Epoch 26, Batch 1150/1696, Loss: 3.8554
2025-05-22 09:25:52,335 - transvg_dino_vit_20250521_151301 - INFO - Train metrics: l1_loss: 0.3778 | giou_loss: 0.9833 | total_loss: 3.8554
2025-05-22 09:27:00,826 - transvg_dino_vit_20250521_151301 - INFO - Epoch 26, Batch 1200/1696, Loss: 3.6868
2025-05-22 09:27:00,826 - transvg_dino_vit_20250521_151301 - INFO - Train metrics: l1_loss: 0.3904 | giou_loss: 0.8674 | total_loss: 3.6868
2025-05-22 09:28:08,837 - transvg_dino_vit_20250521_151301 - INFO - Epoch 26, Batch 1250/1696, Loss: 4.0342
2025-05-22 09:28:08,837 - transvg_dino_vit_20250521_151301 - INFO - Train metrics: l1_loss: 0.4245 | giou_loss: 0.9558 | total_loss: 4.0342
2025-05-22 09:29:17,340 - transvg_dino_vit_20250521_151301 - INFO - Epoch 26, Batch 1300/1696, Loss: 4.4095
2025-05-22 09:29:17,341 - transvg_dino_vit_20250521_151301 - INFO - Train metrics: l1_loss: 0.4730 | giou_loss: 1.0221 | total_loss: 4.4095
2025-05-22 09:30:25,830 - transvg_dino_vit_20250521_151301 - INFO - Epoch 26, Batch 1350/1696, Loss: 3.5115
2025-05-22 09:30:25,830 - transvg_dino_vit_20250521_151301 - INFO - Train metrics: l1_loss: 0.3527 | giou_loss: 0.8741 | total_loss: 3.5115
2025-05-22 09:31:33,914 - transvg_dino_vit_20250521_151301 - INFO - Epoch 26, Batch 1400/1696, Loss: 4.1972
2025-05-22 09:31:33,914 - transvg_dino_vit_20250521_151301 - INFO - Train metrics: l1_loss: 0.4764 | giou_loss: 0.9077 | total_loss: 4.1972
2025-05-22 09:32:41,826 - transvg_dino_vit_20250521_151301 - INFO - Epoch 26, Batch 1450/1696, Loss: 3.3936
2025-05-22 09:32:41,826 - transvg_dino_vit_20250521_151301 - INFO - Train metrics: l1_loss: 0.3535 | giou_loss: 0.8130 | total_loss: 3.3936
2025-05-22 09:33:49,892 - transvg_dino_vit_20250521_151301 - INFO - Epoch 26, Batch 1500/1696, Loss: 3.6059
2025-05-22 09:33:49,893 - transvg_dino_vit_20250521_151301 - INFO - Train metrics: l1_loss: 0.3741 | giou_loss: 0.8676 | total_loss: 3.6059
2025-05-22 09:34:58,915 - transvg_dino_vit_20250521_151301 - INFO - Epoch 26, Batch 1550/1696, Loss: 3.7495
2025-05-22 09:34:58,915 - transvg_dino_vit_20250521_151301 - INFO - Train metrics: l1_loss: 0.3798 | giou_loss: 0.9252 | total_loss: 3.7495
2025-05-22 09:36:08,085 - transvg_dino_vit_20250521_151301 - INFO - Epoch 26, Batch 1600/1696, Loss: 3.4214
2025-05-22 09:36:08,085 - transvg_dino_vit_20250521_151301 - INFO - Train metrics: l1_loss: 0.3466 | giou_loss: 0.8443 | total_loss: 3.4214
2025-05-22 09:37:16,526 - transvg_dino_vit_20250521_151301 - INFO - Epoch 26, Batch 1650/1696, Loss: 5.0775
2025-05-22 09:37:16,526 - transvg_dino_vit_20250521_151301 - INFO - Train metrics: l1_loss: 0.5799 | giou_loss: 1.0891 | total_loss: 5.0775
2025-05-22 09:38:17,749 - transvg_dino_vit_20250521_151301 - INFO - Train Epoch 26, Loss: 3.9080
2025-05-22 09:40:13,125 - transvg_dino_vit_20250521_151301 - INFO - Pred box sample: [92.06925201416016, 86.70304107666016, 274.9035949707031, 249.572509765625]
2025-05-22 09:40:13,125 - transvg_dino_vit_20250521_151301 - INFO - Target box sample: [207.0, 198.0, 287.0, 283.0]
2025-05-22 09:40:13,196 - transvg_dino_vit_20250521_151301 - INFO - Validation Epoch 26, Loss: 4.5905
2025-05-22 09:40:13,196 - transvg_dino_vit_20250521_151301 - INFO - Val metrics: Acc@0.25: 0.3190 | Acc@0.5: 0.1208 | Acc@0.75: 0.0197 | mIoU: 0.1832 | medianIoU: 0.0786 | mae_x1: 102.8002 | mae_y1: 101.6173 | mae_x2: 102.4679 | mae_y2: 100.4473 | center_x_error: 88.2189 | center_y_error: 85.7972 | width_error: 2.2976 | height_error: 2.2065 | loss: 4.5905
2025-05-22 09:40:14,049 - transvg_dino_vit_20250521_151301 - INFO - Saved model checkpoint to /home/pokle/Trans-VG/visual_grounding/checkpoints/transvg_dino_vit_20250521_151301_epoch26.pth
2025-05-22 09:40:14,050 - transvg_dino_vit_20250521_151301 - INFO - Epoch 27/200
2025-05-22 09:40:15,898 - transvg_dino_vit_20250521_151301 - INFO - Epoch 27, Batch 0/1696, Loss: 3.5810
2025-05-22 09:40:15,899 - transvg_dino_vit_20250521_151301 - INFO - Train metrics: l1_loss: 0.3857 | giou_loss: 0.8261 | total_loss: 3.5810
2025-05-22 09:41:24,968 - transvg_dino_vit_20250521_151301 - INFO - Epoch 27, Batch 50/1696, Loss: 3.0546
2025-05-22 09:41:24,968 - transvg_dino_vit_20250521_151301 - INFO - Train metrics: l1_loss: 0.2973 | giou_loss: 0.7840 | total_loss: 3.0546
2025-05-22 09:42:33,731 - transvg_dino_vit_20250521_151301 - INFO - Epoch 27, Batch 100/1696, Loss: 3.7403
2025-05-22 09:42:33,732 - transvg_dino_vit_20250521_151301 - INFO - Train metrics: l1_loss: 0.3867 | giou_loss: 0.9033 | total_loss: 3.7403
2025-05-22 09:43:42,388 - transvg_dino_vit_20250521_151301 - INFO - Epoch 27, Batch 150/1696, Loss: 3.0665
2025-05-22 09:43:42,388 - transvg_dino_vit_20250521_151301 - INFO - Train metrics: l1_loss: 0.2995 | giou_loss: 0.7845 | total_loss: 3.0665
2025-05-22 09:44:51,516 - transvg_dino_vit_20250521_151301 - INFO - Epoch 27, Batch 200/1696, Loss: 3.7304
2025-05-22 09:44:51,516 - transvg_dino_vit_20250521_151301 - INFO - Train metrics: l1_loss: 0.3808 | giou_loss: 0.9132 | total_loss: 3.7304
2025-05-22 09:46:00,034 - transvg_dino_vit_20250521_151301 - INFO - Epoch 27, Batch 250/1696, Loss: 3.2985
2025-05-22 09:46:00,034 - transvg_dino_vit_20250521_151301 - INFO - Train metrics: l1_loss: 0.3364 | giou_loss: 0.8082 | total_loss: 3.2985
2025-05-22 09:47:08,819 - transvg_dino_vit_20250521_151301 - INFO - Epoch 27, Batch 300/1696, Loss: 3.3408
2025-05-22 09:47:08,819 - transvg_dino_vit_20250521_151301 - INFO - Train metrics: l1_loss: 0.3194 | giou_loss: 0.8718 | total_loss: 3.3408
2025-05-22 09:48:17,330 - transvg_dino_vit_20250521_151301 - INFO - Epoch 27, Batch 350/1696, Loss: 4.6929
2025-05-22 09:48:17,330 - transvg_dino_vit_20250521_151301 - INFO - Train metrics: l1_loss: 0.4956 | giou_loss: 1.1074 | total_loss: 4.6929
2025-05-22 09:49:25,547 - transvg_dino_vit_20250521_151301 - INFO - Epoch 27, Batch 400/1696, Loss: 3.3738
2025-05-22 09:49:25,548 - transvg_dino_vit_20250521_151301 - INFO - Train metrics: l1_loss: 0.3534 | giou_loss: 0.8034 | total_loss: 3.3738
2025-05-22 09:50:34,699 - transvg_dino_vit_20250521_151301 - INFO - Epoch 27, Batch 450/1696, Loss: 4.2449
2025-05-22 09:50:34,699 - transvg_dino_vit_20250521_151301 - INFO - Train metrics: l1_loss: 0.4591 | giou_loss: 0.9747 | total_loss: 4.2449
2025-05-22 09:51:42,842 - transvg_dino_vit_20250521_151301 - INFO - Epoch 27, Batch 500/1696, Loss: 4.4466
2025-05-22 09:51:42,842 - transvg_dino_vit_20250521_151301 - INFO - Train metrics: l1_loss: 0.4738 | giou_loss: 1.0387 | total_loss: 4.4466
2025-05-22 09:52:51,465 - transvg_dino_vit_20250521_151301 - INFO - Epoch 27, Batch 550/1696, Loss: 4.2796
2025-05-22 09:52:51,465 - transvg_dino_vit_20250521_151301 - INFO - Train metrics: l1_loss: 0.4441 | giou_loss: 1.0295 | total_loss: 4.2796
2025-05-22 09:54:00,499 - transvg_dino_vit_20250521_151301 - INFO - Epoch 27, Batch 600/1696, Loss: 4.4911
2025-05-22 09:54:00,500 - transvg_dino_vit_20250521_151301 - INFO - Train metrics: l1_loss: 0.4834 | giou_loss: 1.0370 | total_loss: 4.4911
2025-05-22 09:55:09,093 - transvg_dino_vit_20250521_151301 - INFO - Epoch 27, Batch 650/1696, Loss: 2.9687
2025-05-22 09:55:09,094 - transvg_dino_vit_20250521_151301 - INFO - Train metrics: l1_loss: 0.3211 | giou_loss: 0.6817 | total_loss: 2.9687
2025-05-22 09:56:17,799 - transvg_dino_vit_20250521_151301 - INFO - Epoch 27, Batch 700/1696, Loss: 3.3439
2025-05-22 09:56:17,799 - transvg_dino_vit_20250521_151301 - INFO - Train metrics: l1_loss: 0.3287 | giou_loss: 0.8502 | total_loss: 3.3439
2025-05-22 09:57:26,440 - transvg_dino_vit_20250521_151301 - INFO - Epoch 27, Batch 750/1696, Loss: 3.8799
2025-05-22 09:57:26,440 - transvg_dino_vit_20250521_151301 - INFO - Train metrics: l1_loss: 0.4053 | giou_loss: 0.9267 | total_loss: 3.8799
2025-05-22 09:58:35,008 - transvg_dino_vit_20250521_151301 - INFO - Epoch 27, Batch 800/1696, Loss: 3.7406
2025-05-22 09:58:35,009 - transvg_dino_vit_20250521_151301 - INFO - Train metrics: l1_loss: 0.4112 | giou_loss: 0.8423 | total_loss: 3.7406
2025-05-22 09:59:43,830 - transvg_dino_vit_20250521_151301 - INFO - Epoch 27, Batch 850/1696, Loss: 3.8940
2025-05-22 09:59:43,830 - transvg_dino_vit_20250521_151301 - INFO - Train metrics: l1_loss: 0.3818 | giou_loss: 0.9926 | total_loss: 3.8940
2025-05-22 10:00:52,721 - transvg_dino_vit_20250521_151301 - INFO - Epoch 27, Batch 900/1696, Loss: 5.0325
2025-05-22 10:00:52,722 - transvg_dino_vit_20250521_151301 - INFO - Train metrics: l1_loss: 0.5805 | giou_loss: 1.0651 | total_loss: 5.0325
2025-05-22 10:02:00,925 - transvg_dino_vit_20250521_151301 - INFO - Epoch 27, Batch 950/1696, Loss: 3.9384
2025-05-22 10:02:00,925 - transvg_dino_vit_20250521_151301 - INFO - Train metrics: l1_loss: 0.3922 | giou_loss: 0.9887 | total_loss: 3.9384
2025-05-22 10:03:09,223 - transvg_dino_vit_20250521_151301 - INFO - Epoch 27, Batch 1000/1696, Loss: 5.0259
2025-05-22 10:03:09,223 - transvg_dino_vit_20250521_151301 - INFO - Train metrics: l1_loss: 0.5589 | giou_loss: 1.1156 | total_loss: 5.0259
2025-05-22 10:04:17,758 - transvg_dino_vit_20250521_151301 - INFO - Epoch 27, Batch 1050/1696, Loss: 4.7137
2025-05-22 10:04:17,759 - transvg_dino_vit_20250521_151301 - INFO - Train metrics: l1_loss: 0.5216 | giou_loss: 1.0529 | total_loss: 4.7137
2025-05-22 10:05:25,850 - transvg_dino_vit_20250521_151301 - INFO - Epoch 27, Batch 1100/1696, Loss: 3.2709
2025-05-22 10:05:25,850 - transvg_dino_vit_20250521_151301 - INFO - Train metrics: l1_loss: 0.3392 | giou_loss: 0.7876 | total_loss: 3.2709
2025-05-22 10:06:34,110 - transvg_dino_vit_20250521_151301 - INFO - Epoch 27, Batch 1150/1696, Loss: 4.3839
2025-05-22 10:06:34,111 - transvg_dino_vit_20250521_151301 - INFO - Train metrics: l1_loss: 0.5094 | giou_loss: 0.9184 | total_loss: 4.3839
2025-05-22 10:07:42,843 - transvg_dino_vit_20250521_151301 - INFO - Epoch 27, Batch 1200/1696, Loss: 4.2012
2025-05-22 10:07:42,843 - transvg_dino_vit_20250521_151301 - INFO - Train metrics: l1_loss: 0.4766 | giou_loss: 0.9092 | total_loss: 4.2012
2025-05-22 10:08:51,036 - transvg_dino_vit_20250521_151301 - INFO - Epoch 27, Batch 1250/1696, Loss: 3.2827
2025-05-22 10:08:51,036 - transvg_dino_vit_20250521_151301 - INFO - Train metrics: l1_loss: 0.3121 | giou_loss: 0.8611 | total_loss: 3.2827
2025-05-22 10:09:59,759 - transvg_dino_vit_20250521_151301 - INFO - Epoch 27, Batch 1300/1696, Loss: 3.7143
2025-05-22 10:09:59,760 - transvg_dino_vit_20250521_151301 - INFO - Train metrics: l1_loss: 0.3856 | giou_loss: 0.8933 | total_loss: 3.7143
2025-05-22 10:11:08,381 - transvg_dino_vit_20250521_151301 - INFO - Epoch 27, Batch 1350/1696, Loss: 4.3861
2025-05-22 10:11:08,381 - transvg_dino_vit_20250521_151301 - INFO - Train metrics: l1_loss: 0.4755 | giou_loss: 1.0044 | total_loss: 4.3861
2025-05-22 10:12:17,022 - transvg_dino_vit_20250521_151301 - INFO - Epoch 27, Batch 1400/1696, Loss: 4.0962
2025-05-22 10:12:17,022 - transvg_dino_vit_20250521_151301 - INFO - Train metrics: l1_loss: 0.4220 | giou_loss: 0.9931 | total_loss: 4.0962
2025-05-22 10:13:25,771 - transvg_dino_vit_20250521_151301 - INFO - Epoch 27, Batch 1450/1696, Loss: 3.8702
2025-05-22 10:13:25,771 - transvg_dino_vit_20250521_151301 - INFO - Train metrics: l1_loss: 0.3866 | giou_loss: 0.9686 | total_loss: 3.8702
2025-05-22 10:14:35,171 - transvg_dino_vit_20250521_151301 - INFO - Epoch 27, Batch 1500/1696, Loss: 3.6910
2025-05-22 10:14:35,171 - transvg_dino_vit_20250521_151301 - INFO - Train metrics: l1_loss: 0.3875 | giou_loss: 0.8767 | total_loss: 3.6910
2025-05-22 10:15:44,448 - transvg_dino_vit_20250521_151301 - INFO - Epoch 27, Batch 1550/1696, Loss: 3.9729
2025-05-22 10:15:44,448 - transvg_dino_vit_20250521_151301 - INFO - Train metrics: l1_loss: 0.4185 | giou_loss: 0.9402 | total_loss: 3.9729
2025-05-22 10:16:53,223 - transvg_dino_vit_20250521_151301 - INFO - Epoch 27, Batch 1600/1696, Loss: 4.6094
2025-05-22 10:16:53,223 - transvg_dino_vit_20250521_151301 - INFO - Train metrics: l1_loss: 0.5059 | giou_loss: 1.0400 | total_loss: 4.6094
2025-05-22 10:18:02,768 - transvg_dino_vit_20250521_151301 - INFO - Epoch 27, Batch 1650/1696, Loss: 4.0436
2025-05-22 10:18:02,769 - transvg_dino_vit_20250521_151301 - INFO - Train metrics: l1_loss: 0.4371 | giou_loss: 0.9291 | total_loss: 4.0436
2025-05-22 10:19:04,672 - transvg_dino_vit_20250521_151301 - INFO - Train Epoch 27, Loss: 3.8934
2025-05-22 10:21:01,944 - transvg_dino_vit_20250521_151301 - INFO - Pred box sample: [78.19034576416016, 77.1241683959961, 248.02487182617188, 237.69798278808594]
2025-05-22 10:21:01,944 - transvg_dino_vit_20250521_151301 - INFO - Target box sample: [207.0, 198.0, 287.0, 283.0]
2025-05-22 10:21:02,031 - transvg_dino_vit_20250521_151301 - INFO - Validation Epoch 27, Loss: 4.5657
2025-05-22 10:21:02,031 - transvg_dino_vit_20250521_151301 - INFO - Val metrics: Acc@0.25: 0.3222 | Acc@0.5: 0.1179 | Acc@0.75: 0.0199 | mIoU: 0.1840 | medianIoU: 0.0803 | mae_x1: 102.7955 | mae_y1: 101.3356 | mae_x2: 103.3692 | mae_y2: 97.9407 | center_x_error: 88.4167 | center_y_error: 84.1984 | width_error: 2.3449 | height_error: 2.2681 | loss: 4.5657
2025-05-22 10:21:02,891 - transvg_dino_vit_20250521_151301 - INFO - Saved model checkpoint to /home/pokle/Trans-VG/visual_grounding/checkpoints/transvg_dino_vit_20250521_151301_epoch27.pth
2025-05-22 10:21:02,892 - transvg_dino_vit_20250521_151301 - INFO - Epoch 28/200
2025-05-22 10:21:04,730 - transvg_dino_vit_20250521_151301 - INFO - Epoch 28, Batch 0/1696, Loss: 5.3055
2025-05-22 10:21:04,730 - transvg_dino_vit_20250521_151301 - INFO - Train metrics: l1_loss: 0.6230 | giou_loss: 1.0952 | total_loss: 5.3055
2025-05-22 10:22:13,780 - transvg_dino_vit_20250521_151301 - INFO - Epoch 28, Batch 50/1696, Loss: 3.9762
2025-05-22 10:22:13,780 - transvg_dino_vit_20250521_151301 - INFO - Train metrics: l1_loss: 0.4432 | giou_loss: 0.8800 | total_loss: 3.9762
2025-05-22 10:23:22,853 - transvg_dino_vit_20250521_151301 - INFO - Epoch 28, Batch 100/1696, Loss: 4.7745
2025-05-22 10:23:22,854 - transvg_dino_vit_20250521_151301 - INFO - Train metrics: l1_loss: 0.5452 | giou_loss: 1.0243 | total_loss: 4.7745
2025-05-22 10:24:31,605 - transvg_dino_vit_20250521_151301 - INFO - Epoch 28, Batch 150/1696, Loss: 3.4876
2025-05-22 10:24:31,605 - transvg_dino_vit_20250521_151301 - INFO - Train metrics: l1_loss: 0.3375 | giou_loss: 0.9000 | total_loss: 3.4876
2025-05-22 10:25:40,343 - transvg_dino_vit_20250521_151301 - INFO - Epoch 28, Batch 200/1696, Loss: 4.2540
2025-05-22 10:25:40,343 - transvg_dino_vit_20250521_151301 - INFO - Train metrics: l1_loss: 0.4564 | giou_loss: 0.9860 | total_loss: 4.2540
2025-05-22 10:26:48,991 - transvg_dino_vit_20250521_151301 - INFO - Epoch 28, Batch 250/1696, Loss: 4.5805
2025-05-22 10:26:48,992 - transvg_dino_vit_20250521_151301 - INFO - Train metrics: l1_loss: 0.4920 | giou_loss: 1.0601 | total_loss: 4.5805
2025-05-22 10:27:57,672 - transvg_dino_vit_20250521_151301 - INFO - Epoch 28, Batch 300/1696, Loss: 3.7889
2025-05-22 10:27:57,672 - transvg_dino_vit_20250521_151301 - INFO - Train metrics: l1_loss: 0.3930 | giou_loss: 0.9119 | total_loss: 3.7889
2025-05-22 10:29:06,419 - transvg_dino_vit_20250521_151301 - INFO - Epoch 28, Batch 350/1696, Loss: 3.2378
2025-05-22 10:29:06,419 - transvg_dino_vit_20250521_151301 - INFO - Train metrics: l1_loss: 0.3077 | giou_loss: 0.8496 | total_loss: 3.2378
2025-05-22 10:30:15,648 - transvg_dino_vit_20250521_151301 - INFO - Epoch 28, Batch 400/1696, Loss: 3.1726
2025-05-22 10:30:15,648 - transvg_dino_vit_20250521_151301 - INFO - Train metrics: l1_loss: 0.2989 | giou_loss: 0.8391 | total_loss: 3.1726
2025-05-22 10:31:24,564 - transvg_dino_vit_20250521_151301 - INFO - Epoch 28, Batch 450/1696, Loss: 4.4908
2025-05-22 10:31:24,564 - transvg_dino_vit_20250521_151301 - INFO - Train metrics: l1_loss: 0.4424 | giou_loss: 1.1394 | total_loss: 4.4908
2025-05-22 10:32:33,685 - transvg_dino_vit_20250521_151301 - INFO - Epoch 28, Batch 500/1696, Loss: 3.8939
2025-05-22 10:32:33,685 - transvg_dino_vit_20250521_151301 - INFO - Train metrics: l1_loss: 0.3930 | giou_loss: 0.9646 | total_loss: 3.8939
2025-05-22 10:33:42,782 - transvg_dino_vit_20250521_151301 - INFO - Epoch 28, Batch 550/1696, Loss: 3.5827
2025-05-22 10:33:42,783 - transvg_dino_vit_20250521_151301 - INFO - Train metrics: l1_loss: 0.4032 | giou_loss: 0.7834 | total_loss: 3.5827
2025-05-22 10:34:51,509 - transvg_dino_vit_20250521_151301 - INFO - Epoch 28, Batch 600/1696, Loss: 3.8307
2025-05-22 10:34:51,509 - transvg_dino_vit_20250521_151301 - INFO - Train metrics: l1_loss: 0.4101 | giou_loss: 0.8901 | total_loss: 3.8307
2025-05-22 10:36:00,828 - transvg_dino_vit_20250521_151301 - INFO - Epoch 28, Batch 650/1696, Loss: 3.4955
2025-05-22 10:36:00,828 - transvg_dino_vit_20250521_151301 - INFO - Train metrics: l1_loss: 0.3649 | giou_loss: 0.8356 | total_loss: 3.4955
2025-05-22 10:37:10,141 - transvg_dino_vit_20250521_151301 - INFO - Epoch 28, Batch 700/1696, Loss: 4.7742
2025-05-22 10:37:10,141 - transvg_dino_vit_20250521_151301 - INFO - Train metrics: l1_loss: 0.5168 | giou_loss: 1.0952 | total_loss: 4.7742
2025-05-22 10:38:18,935 - transvg_dino_vit_20250521_151301 - INFO - Epoch 28, Batch 750/1696, Loss: 3.3549
2025-05-22 10:38:18,935 - transvg_dino_vit_20250521_151301 - INFO - Train metrics: l1_loss: 0.3223 | giou_loss: 0.8716 | total_loss: 3.3549
2025-05-22 10:39:27,578 - transvg_dino_vit_20250521_151301 - INFO - Epoch 28, Batch 800/1696, Loss: 3.9386
2025-05-22 10:39:27,579 - transvg_dino_vit_20250521_151301 - INFO - Train metrics: l1_loss: 0.3994 | giou_loss: 0.9707 | total_loss: 3.9386
2025-05-22 10:40:36,483 - transvg_dino_vit_20250521_151301 - INFO - Epoch 28, Batch 850/1696, Loss: 3.9383
2025-05-22 10:40:36,484 - transvg_dino_vit_20250521_151301 - INFO - Train metrics: l1_loss: 0.4288 | giou_loss: 0.8973 | total_loss: 3.9383
2025-05-22 10:41:45,292 - transvg_dino_vit_20250521_151301 - INFO - Epoch 28, Batch 900/1696, Loss: 3.5622
2025-05-22 10:41:45,293 - transvg_dino_vit_20250521_151301 - INFO - Train metrics: l1_loss: 0.4041 | giou_loss: 0.7710 | total_loss: 3.5622
2025-05-22 10:42:54,529 - transvg_dino_vit_20250521_151301 - INFO - Epoch 28, Batch 950/1696, Loss: 3.7976
2025-05-22 10:42:54,529 - transvg_dino_vit_20250521_151301 - INFO - Train metrics: l1_loss: 0.3699 | giou_loss: 0.9742 | total_loss: 3.7976
2025-05-22 10:44:03,830 - transvg_dino_vit_20250521_151301 - INFO - Epoch 28, Batch 1000/1696, Loss: 3.9619
2025-05-22 10:44:03,830 - transvg_dino_vit_20250521_151301 - INFO - Train metrics: l1_loss: 0.4430 | giou_loss: 0.8734 | total_loss: 3.9619
2025-05-22 10:45:12,859 - transvg_dino_vit_20250521_151301 - INFO - Epoch 28, Batch 1050/1696, Loss: 4.1293
2025-05-22 10:45:12,859 - transvg_dino_vit_20250521_151301 - INFO - Train metrics: l1_loss: 0.5027 | giou_loss: 0.8079 | total_loss: 4.1293
2025-05-22 10:46:21,635 - transvg_dino_vit_20250521_151301 - INFO - Epoch 28, Batch 1100/1696, Loss: 4.0736
2025-05-22 10:46:21,635 - transvg_dino_vit_20250521_151301 - INFO - Train metrics: l1_loss: 0.4382 | giou_loss: 0.9413 | total_loss: 4.0736
2025-05-22 10:47:31,198 - transvg_dino_vit_20250521_151301 - INFO - Epoch 28, Batch 1150/1696, Loss: 3.8519
2025-05-22 10:47:31,198 - transvg_dino_vit_20250521_151301 - INFO - Train metrics: l1_loss: 0.3899 | giou_loss: 0.9512 | total_loss: 3.8519
2025-05-22 10:48:40,269 - transvg_dino_vit_20250521_151301 - INFO - Epoch 28, Batch 1200/1696, Loss: 3.9780
2025-05-22 10:48:40,269 - transvg_dino_vit_20250521_151301 - INFO - Train metrics: l1_loss: 0.4241 | giou_loss: 0.9287 | total_loss: 3.9780
2025-05-22 10:49:49,253 - transvg_dino_vit_20250521_151301 - INFO - Epoch 28, Batch 1250/1696, Loss: 4.7223
2025-05-22 10:49:49,254 - transvg_dino_vit_20250521_151301 - INFO - Train metrics: l1_loss: 0.5105 | giou_loss: 1.0848 | total_loss: 4.7223
2025-05-22 10:50:58,050 - transvg_dino_vit_20250521_151301 - INFO - Epoch 28, Batch 1300/1696, Loss: 3.5773
2025-05-22 10:50:58,050 - transvg_dino_vit_20250521_151301 - INFO - Train metrics: l1_loss: 0.3652 | giou_loss: 0.8756 | total_loss: 3.5773
2025-05-22 10:52:06,659 - transvg_dino_vit_20250521_151301 - INFO - Epoch 28, Batch 1350/1696, Loss: 3.9754
2025-05-22 10:52:06,659 - transvg_dino_vit_20250521_151301 - INFO - Train metrics: l1_loss: 0.4453 | giou_loss: 0.8745 | total_loss: 3.9754
2025-05-22 10:53:15,593 - transvg_dino_vit_20250521_151301 - INFO - Epoch 28, Batch 1400/1696, Loss: 4.0693
2025-05-22 10:53:15,594 - transvg_dino_vit_20250521_151301 - INFO - Train metrics: l1_loss: 0.4363 | giou_loss: 0.9440 | total_loss: 4.0693
2025-05-22 10:54:25,159 - transvg_dino_vit_20250521_151301 - INFO - Epoch 28, Batch 1450/1696, Loss: 3.6606
2025-05-22 10:54:25,159 - transvg_dino_vit_20250521_151301 - INFO - Train metrics: l1_loss: 0.3538 | giou_loss: 0.9458 | total_loss: 3.6606
2025-05-22 10:55:34,095 - transvg_dino_vit_20250521_151301 - INFO - Epoch 28, Batch 1500/1696, Loss: 3.9957
2025-05-22 10:55:34,095 - transvg_dino_vit_20250521_151301 - INFO - Train metrics: l1_loss: 0.4384 | giou_loss: 0.9019 | total_loss: 3.9957
2025-05-22 10:56:43,353 - transvg_dino_vit_20250521_151301 - INFO - Epoch 28, Batch 1550/1696, Loss: 4.0309
2025-05-22 10:56:43,353 - transvg_dino_vit_20250521_151301 - INFO - Train metrics: l1_loss: 0.4195 | giou_loss: 0.9666 | total_loss: 4.0309
2025-05-22 10:57:52,562 - transvg_dino_vit_20250521_151301 - INFO - Epoch 28, Batch 1600/1696, Loss: 4.1319
2025-05-22 10:57:52,562 - transvg_dino_vit_20250521_151301 - INFO - Train metrics: l1_loss: 0.4345 | giou_loss: 0.9798 | total_loss: 4.1319
2025-05-22 10:59:02,076 - transvg_dino_vit_20250521_151301 - INFO - Epoch 28, Batch 1650/1696, Loss: 3.8148
2025-05-22 10:59:02,076 - transvg_dino_vit_20250521_151301 - INFO - Train metrics: l1_loss: 0.3679 | giou_loss: 0.9876 | total_loss: 3.8148
2025-05-22 11:00:03,813 - transvg_dino_vit_20250521_151301 - INFO - Train Epoch 28, Loss: 3.8825
2025-05-22 11:02:00,944 - transvg_dino_vit_20250521_151301 - INFO - Pred box sample: [82.8045425415039, 95.66666412353516, 231.30023193359375, 257.9870910644531]
2025-05-22 11:02:00,944 - transvg_dino_vit_20250521_151301 - INFO - Target box sample: [207.0, 198.0, 287.0, 283.0]
2025-05-22 11:02:01,033 - transvg_dino_vit_20250521_151301 - INFO - Validation Epoch 28, Loss: 4.6229
2025-05-22 11:02:01,033 - transvg_dino_vit_20250521_151301 - INFO - Val metrics: Acc@0.25: 0.3147 | Acc@0.5: 0.1092 | Acc@0.75: 0.0165 | mIoU: 0.1801 | medianIoU: 0.0777 | mae_x1: 103.3123 | mae_y1: 101.3031 | mae_x2: 103.7647 | mae_y2: 99.0223 | center_x_error: 90.0946 | center_y_error: 85.5363 | width_error: 2.1506 | height_error: 2.1061 | loss: 4.6229
2025-05-22 11:02:02,072 - transvg_dino_vit_20250521_151301 - INFO - Saved model checkpoint to /home/pokle/Trans-VG/visual_grounding/checkpoints/transvg_dino_vit_20250521_151301_epoch28.pth
2025-05-22 11:02:02,073 - transvg_dino_vit_20250521_151301 - INFO - Epoch 29/200
2025-05-22 11:02:03,961 - transvg_dino_vit_20250521_151301 - INFO - Epoch 29, Batch 0/1696, Loss: 3.9007
2025-05-22 11:02:03,961 - transvg_dino_vit_20250521_151301 - INFO - Train metrics: l1_loss: 0.4160 | giou_loss: 0.9104 | total_loss: 3.9007
2025-05-22 11:03:13,888 - transvg_dino_vit_20250521_151301 - INFO - Epoch 29, Batch 50/1696, Loss: 3.9608
2025-05-22 11:03:13,889 - transvg_dino_vit_20250521_151301 - INFO - Train metrics: l1_loss: 0.4007 | giou_loss: 0.9787 | total_loss: 3.9608
2025-05-22 11:04:23,433 - transvg_dino_vit_20250521_151301 - INFO - Epoch 29, Batch 100/1696, Loss: 3.2234
2025-05-22 11:04:23,434 - transvg_dino_vit_20250521_151301 - INFO - Train metrics: l1_loss: 0.3125 | giou_loss: 0.8305 | total_loss: 3.2234
2025-05-22 11:05:32,436 - transvg_dino_vit_20250521_151301 - INFO - Epoch 29, Batch 150/1696, Loss: 3.4921
2025-05-22 11:05:32,436 - transvg_dino_vit_20250521_151301 - INFO - Train metrics: l1_loss: 0.3697 | giou_loss: 0.8219 | total_loss: 3.4921
2025-05-22 11:06:42,446 - transvg_dino_vit_20250521_151301 - INFO - Epoch 29, Batch 200/1696, Loss: 4.0135
2025-05-22 11:06:42,446 - transvg_dino_vit_20250521_151301 - INFO - Train metrics: l1_loss: 0.4112 | giou_loss: 0.9789 | total_loss: 4.0135
2025-05-22 11:07:51,298 - transvg_dino_vit_20250521_151301 - INFO - Epoch 29, Batch 250/1696, Loss: 3.9413
2025-05-22 11:07:51,298 - transvg_dino_vit_20250521_151301 - INFO - Train metrics: l1_loss: 0.4044 | giou_loss: 0.9595 | total_loss: 3.9413
2025-05-22 11:09:00,673 - transvg_dino_vit_20250521_151301 - INFO - Epoch 29, Batch 300/1696, Loss: 3.6661
2025-05-22 11:09:00,673 - transvg_dino_vit_20250521_151301 - INFO - Train metrics: l1_loss: 0.3701 | giou_loss: 0.9079 | total_loss: 3.6661
2025-05-22 11:10:09,841 - transvg_dino_vit_20250521_151301 - INFO - Epoch 29, Batch 350/1696, Loss: 3.3567
2025-05-22 11:10:09,841 - transvg_dino_vit_20250521_151301 - INFO - Train metrics: l1_loss: 0.3434 | giou_loss: 0.8198 | total_loss: 3.3567
2025-05-22 11:11:19,189 - transvg_dino_vit_20250521_151301 - INFO - Epoch 29, Batch 400/1696, Loss: 4.0067
2025-05-22 11:11:19,189 - transvg_dino_vit_20250521_151301 - INFO - Train metrics: l1_loss: 0.4087 | giou_loss: 0.9817 | total_loss: 4.0067
2025-05-22 11:12:28,582 - transvg_dino_vit_20250521_151301 - INFO - Epoch 29, Batch 450/1696, Loss: 4.7321
2025-05-22 11:12:28,583 - transvg_dino_vit_20250521_151301 - INFO - Train metrics: l1_loss: 0.5131 | giou_loss: 1.0833 | total_loss: 4.7321
2025-05-22 11:13:37,375 - transvg_dino_vit_20250521_151301 - INFO - Epoch 29, Batch 500/1696, Loss: 4.1302
2025-05-22 11:13:37,375 - transvg_dino_vit_20250521_151301 - INFO - Train metrics: l1_loss: 0.4491 | giou_loss: 0.9422 | total_loss: 4.1302
2025-05-22 11:14:46,349 - transvg_dino_vit_20250521_151301 - INFO - Epoch 29, Batch 550/1696, Loss: 4.0509
2025-05-22 11:14:46,350 - transvg_dino_vit_20250521_151301 - INFO - Train metrics: l1_loss: 0.4320 | giou_loss: 0.9454 | total_loss: 4.0509
2025-05-22 11:15:54,305 - transvg_dino_vit_20250521_151301 - INFO - Epoch 29, Batch 600/1696, Loss: 4.5393
2025-05-22 11:15:54,306 - transvg_dino_vit_20250521_151301 - INFO - Train metrics: l1_loss: 0.4976 | giou_loss: 1.0257 | total_loss: 4.5393
2025-05-22 11:17:02,898 - transvg_dino_vit_20250521_151301 - INFO - Epoch 29, Batch 650/1696, Loss: 3.6893
2025-05-22 11:17:02,898 - transvg_dino_vit_20250521_151301 - INFO - Train metrics: l1_loss: 0.3817 | giou_loss: 0.8904 | total_loss: 3.6893
2025-05-22 11:18:11,343 - transvg_dino_vit_20250521_151301 - INFO - Epoch 29, Batch 700/1696, Loss: 3.4815
2025-05-22 11:18:11,344 - transvg_dino_vit_20250521_151301 - INFO - Train metrics: l1_loss: 0.3695 | giou_loss: 0.8169 | total_loss: 3.4815
2025-05-22 11:19:20,449 - transvg_dino_vit_20250521_151301 - INFO - Epoch 29, Batch 750/1696, Loss: 4.2952
2025-05-22 11:19:20,450 - transvg_dino_vit_20250521_151301 - INFO - Train metrics: l1_loss: 0.4722 | giou_loss: 0.9671 | total_loss: 4.2952
2025-05-22 11:20:28,738 - transvg_dino_vit_20250521_151301 - INFO - Epoch 29, Batch 800/1696, Loss: 3.4720
2025-05-22 11:20:28,739 - transvg_dino_vit_20250521_151301 - INFO - Train metrics: l1_loss: 0.3239 | giou_loss: 0.9262 | total_loss: 3.4720
2025-05-22 11:21:37,556 - transvg_dino_vit_20250521_151301 - INFO - Epoch 29, Batch 850/1696, Loss: 4.4913
2025-05-22 11:21:37,557 - transvg_dino_vit_20250521_151301 - INFO - Train metrics: l1_loss: 0.4920 | giou_loss: 1.0157 | total_loss: 4.4913
2025-05-22 11:22:46,872 - transvg_dino_vit_20250521_151301 - INFO - Epoch 29, Batch 900/1696, Loss: 4.2996
2025-05-22 11:22:46,873 - transvg_dino_vit_20250521_151301 - INFO - Train metrics: l1_loss: 0.4845 | giou_loss: 0.9385 | total_loss: 4.2996
2025-05-22 11:23:55,466 - transvg_dino_vit_20250521_151301 - INFO - Epoch 29, Batch 950/1696, Loss: 3.6959
2025-05-22 11:23:55,467 - transvg_dino_vit_20250521_151301 - INFO - Train metrics: l1_loss: 0.3954 | giou_loss: 0.8594 | total_loss: 3.6959
2025-05-22 11:25:04,207 - transvg_dino_vit_20250521_151301 - INFO - Epoch 29, Batch 1000/1696, Loss: 3.4048
2025-05-22 11:25:04,208 - transvg_dino_vit_20250521_151301 - INFO - Train metrics: l1_loss: 0.3418 | giou_loss: 0.8480 | total_loss: 3.4048
2025-05-22 11:26:12,703 - transvg_dino_vit_20250521_151301 - INFO - Epoch 29, Batch 1050/1696, Loss: 3.7763
2025-05-22 11:26:12,704 - transvg_dino_vit_20250521_151301 - INFO - Train metrics: l1_loss: 0.3961 | giou_loss: 0.8979 | total_loss: 3.7763
2025-05-22 11:27:21,442 - transvg_dino_vit_20250521_151301 - INFO - Epoch 29, Batch 1100/1696, Loss: 4.4806
2025-05-22 11:27:21,442 - transvg_dino_vit_20250521_151301 - INFO - Train metrics: l1_loss: 0.4819 | giou_loss: 1.0355 | total_loss: 4.4806
2025-05-22 11:28:30,379 - transvg_dino_vit_20250521_151301 - INFO - Epoch 29, Batch 1150/1696, Loss: 4.0293
2025-05-22 11:28:30,380 - transvg_dino_vit_20250521_151301 - INFO - Train metrics: l1_loss: 0.4253 | giou_loss: 0.9514 | total_loss: 4.0293
2025-05-22 11:29:38,849 - transvg_dino_vit_20250521_151301 - INFO - Epoch 29, Batch 1200/1696, Loss: 4.5693
2025-05-22 11:29:38,850 - transvg_dino_vit_20250521_151301 - INFO - Train metrics: l1_loss: 0.4930 | giou_loss: 1.0521 | total_loss: 4.5693
2025-05-22 11:30:47,113 - transvg_dino_vit_20250521_151301 - INFO - Epoch 29, Batch 1250/1696, Loss: 3.3230
2025-05-22 11:30:47,114 - transvg_dino_vit_20250521_151301 - INFO - Train metrics: l1_loss: 0.3724 | giou_loss: 0.7306 | total_loss: 3.3230
2025-05-22 11:31:55,643 - transvg_dino_vit_20250521_151301 - INFO - Epoch 29, Batch 1300/1696, Loss: 3.7110
2025-05-22 11:31:55,644 - transvg_dino_vit_20250521_151301 - INFO - Train metrics: l1_loss: 0.4098 | giou_loss: 0.8311 | total_loss: 3.7110
2025-05-22 11:33:04,274 - transvg_dino_vit_20250521_151301 - INFO - Epoch 29, Batch 1350/1696, Loss: 3.5720
2025-05-22 11:33:04,275 - transvg_dino_vit_20250521_151301 - INFO - Train metrics: l1_loss: 0.4003 | giou_loss: 0.7852 | total_loss: 3.5720
2025-05-22 11:34:13,141 - transvg_dino_vit_20250521_151301 - INFO - Epoch 29, Batch 1400/1696, Loss: 3.4796
2025-05-22 11:34:13,142 - transvg_dino_vit_20250521_151301 - INFO - Train metrics: l1_loss: 0.3689 | giou_loss: 0.8176 | total_loss: 3.4796
2025-05-22 11:35:22,066 - transvg_dino_vit_20250521_151301 - INFO - Epoch 29, Batch 1450/1696, Loss: 4.5041
2025-05-22 11:35:22,067 - transvg_dino_vit_20250521_151301 - INFO - Train metrics: l1_loss: 0.4825 | giou_loss: 1.0457 | total_loss: 4.5041
2025-05-22 11:36:30,456 - transvg_dino_vit_20250521_151301 - INFO - Epoch 29, Batch 1500/1696, Loss: 4.3305
2025-05-22 11:36:30,457 - transvg_dino_vit_20250521_151301 - INFO - Train metrics: l1_loss: 0.4547 | giou_loss: 1.0286 | total_loss: 4.3305
2025-05-22 11:37:38,572 - transvg_dino_vit_20250521_151301 - INFO - Epoch 29, Batch 1550/1696, Loss: 3.7565
2025-05-22 11:37:38,572 - transvg_dino_vit_20250521_151301 - INFO - Train metrics: l1_loss: 0.4243 | giou_loss: 0.8175 | total_loss: 3.7565
2025-05-22 11:38:46,984 - transvg_dino_vit_20250521_151301 - INFO - Epoch 29, Batch 1600/1696, Loss: 3.2688
2025-05-22 11:38:46,985 - transvg_dino_vit_20250521_151301 - INFO - Train metrics: l1_loss: 0.3375 | giou_loss: 0.7905 | total_loss: 3.2688
2025-05-22 11:39:55,775 - transvg_dino_vit_20250521_151301 - INFO - Epoch 29, Batch 1650/1696, Loss: 3.7306
2025-05-22 11:39:55,776 - transvg_dino_vit_20250521_151301 - INFO - Train metrics: l1_loss: 0.4110 | giou_loss: 0.8379 | total_loss: 3.7306
2025-05-22 11:40:57,705 - transvg_dino_vit_20250521_151301 - INFO - Train Epoch 29, Loss: 3.8620
2025-05-22 11:42:53,342 - transvg_dino_vit_20250521_151301 - INFO - Pred box sample: [86.31434631347656, 84.45812225341797, 263.57513427734375, 254.60043334960938]
2025-05-22 11:42:53,343 - transvg_dino_vit_20250521_151301 - INFO - Target box sample: [207.0, 198.0, 287.0, 283.0]
2025-05-22 11:42:53,414 - transvg_dino_vit_20250521_151301 - INFO - Validation Epoch 29, Loss: 4.5669
2025-05-22 11:42:53,415 - transvg_dino_vit_20250521_151301 - INFO - Val metrics: Acc@0.25: 0.3195 | Acc@0.5: 0.1182 | Acc@0.75: 0.0194 | mIoU: 0.1843 | medianIoU: 0.0858 | mae_x1: 102.6291 | mae_y1: 101.3567 | mae_x2: 102.6197 | mae_y2: 98.6671 | center_x_error: 88.3962 | center_y_error: 84.4662 | width_error: 2.3211 | height_error: 2.2693 | loss: 4.5669
2025-05-22 11:42:54,260 - transvg_dino_vit_20250521_151301 - INFO - Saved model checkpoint to /home/pokle/Trans-VG/visual_grounding/checkpoints/transvg_dino_vit_20250521_151301_epoch29.pth
2025-05-22 11:42:54,260 - transvg_dino_vit_20250521_151301 - INFO - Epoch 30/200
2025-05-22 11:42:56,190 - transvg_dino_vit_20250521_151301 - INFO - Epoch 30, Batch 0/1696, Loss: 3.9098
2025-05-22 11:42:56,190 - transvg_dino_vit_20250521_151301 - INFO - Train metrics: l1_loss: 0.4156 | giou_loss: 0.9160 | total_loss: 3.9098
2025-05-22 11:44:04,513 - transvg_dino_vit_20250521_151301 - INFO - Epoch 30, Batch 50/1696, Loss: 3.8995
2025-05-22 11:44:04,514 - transvg_dino_vit_20250521_151301 - INFO - Train metrics: l1_loss: 0.4090 | giou_loss: 0.9273 | total_loss: 3.8995
2025-05-22 11:45:12,907 - transvg_dino_vit_20250521_151301 - INFO - Epoch 30, Batch 100/1696, Loss: 4.2228
2025-05-22 11:45:12,907 - transvg_dino_vit_20250521_151301 - INFO - Train metrics: l1_loss: 0.4597 | giou_loss: 0.9621 | total_loss: 4.2228
2025-05-22 11:46:20,931 - transvg_dino_vit_20250521_151301 - INFO - Epoch 30, Batch 150/1696, Loss: 4.6167
2025-05-22 11:46:20,932 - transvg_dino_vit_20250521_151301 - INFO - Train metrics: l1_loss: 0.4953 | giou_loss: 1.0701 | total_loss: 4.6167
2025-05-22 11:47:29,097 - transvg_dino_vit_20250521_151301 - INFO - Epoch 30, Batch 200/1696, Loss: 3.5913
2025-05-22 11:47:29,097 - transvg_dino_vit_20250521_151301 - INFO - Train metrics: l1_loss: 0.3832 | giou_loss: 0.8377 | total_loss: 3.5913
2025-05-22 11:48:36,763 - transvg_dino_vit_20250521_151301 - INFO - Epoch 30, Batch 250/1696, Loss: 2.8393
2025-05-22 11:48:36,763 - transvg_dino_vit_20250521_151301 - INFO - Train metrics: l1_loss: 0.2825 | giou_loss: 0.7135 | total_loss: 2.8393
2025-05-22 11:49:45,284 - transvg_dino_vit_20250521_151301 - INFO - Epoch 30, Batch 300/1696, Loss: 2.9316
2025-05-22 11:49:45,284 - transvg_dino_vit_20250521_151301 - INFO - Train metrics: l1_loss: 0.2734 | giou_loss: 0.7822 | total_loss: 2.9316
2025-05-22 11:50:53,077 - transvg_dino_vit_20250521_151301 - INFO - Epoch 30, Batch 350/1696, Loss: 4.0345
2025-05-22 11:50:53,077 - transvg_dino_vit_20250521_151301 - INFO - Train metrics: l1_loss: 0.4433 | giou_loss: 0.9089 | total_loss: 4.0345
2025-05-22 11:52:00,875 - transvg_dino_vit_20250521_151301 - INFO - Epoch 30, Batch 400/1696, Loss: 3.3722
2025-05-22 11:52:00,876 - transvg_dino_vit_20250521_151301 - INFO - Train metrics: l1_loss: 0.3364 | giou_loss: 0.8451 | total_loss: 3.3722
2025-05-22 11:53:08,768 - transvg_dino_vit_20250521_151301 - INFO - Epoch 30, Batch 450/1696, Loss: 3.6562
2025-05-22 11:53:08,768 - transvg_dino_vit_20250521_151301 - INFO - Train metrics: l1_loss: 0.3719 | giou_loss: 0.8984 | total_loss: 3.6562
2025-05-22 11:54:16,275 - transvg_dino_vit_20250521_151301 - INFO - Epoch 30, Batch 500/1696, Loss: 3.3899
2025-05-22 11:54:16,276 - transvg_dino_vit_20250521_151301 - INFO - Train metrics: l1_loss: 0.3374 | giou_loss: 0.8515 | total_loss: 3.3899
2025-05-22 11:55:24,478 - transvg_dino_vit_20250521_151301 - INFO - Epoch 30, Batch 550/1696, Loss: 4.2870
2025-05-22 11:55:24,478 - transvg_dino_vit_20250521_151301 - INFO - Train metrics: l1_loss: 0.4318 | giou_loss: 1.0639 | total_loss: 4.2870
2025-05-22 11:56:32,432 - transvg_dino_vit_20250521_151301 - INFO - Epoch 30, Batch 600/1696, Loss: 4.2968
2025-05-22 11:56:32,433 - transvg_dino_vit_20250521_151301 - INFO - Train metrics: l1_loss: 0.4636 | giou_loss: 0.9895 | total_loss: 4.2968
2025-05-22 11:57:40,506 - transvg_dino_vit_20250521_151301 - INFO - Epoch 30, Batch 650/1696, Loss: 4.2850
2025-05-22 11:57:40,506 - transvg_dino_vit_20250521_151301 - INFO - Train metrics: l1_loss: 0.4462 | giou_loss: 1.0271 | total_loss: 4.2850
2025-05-22 11:58:48,603 - transvg_dino_vit_20250521_151301 - INFO - Epoch 30, Batch 700/1696, Loss: 4.1605
2025-05-22 11:58:48,604 - transvg_dino_vit_20250521_151301 - INFO - Train metrics: l1_loss: 0.4508 | giou_loss: 0.9532 | total_loss: 4.1605
2025-05-22 11:59:56,945 - transvg_dino_vit_20250521_151301 - INFO - Epoch 30, Batch 750/1696, Loss: 3.8804
2025-05-22 11:59:56,945 - transvg_dino_vit_20250521_151301 - INFO - Train metrics: l1_loss: 0.3991 | giou_loss: 0.9426 | total_loss: 3.8804
2025-05-22 12:01:04,883 - transvg_dino_vit_20250521_151301 - INFO - Epoch 30, Batch 800/1696, Loss: 3.7927
2025-05-22 12:01:04,883 - transvg_dino_vit_20250521_151301 - INFO - Train metrics: l1_loss: 0.4118 | giou_loss: 0.8668 | total_loss: 3.7927
2025-05-22 12:02:13,116 - transvg_dino_vit_20250521_151301 - INFO - Epoch 30, Batch 850/1696, Loss: 3.7343
2025-05-22 12:02:13,117 - transvg_dino_vit_20250521_151301 - INFO - Train metrics: l1_loss: 0.3743 | giou_loss: 0.9313 | total_loss: 3.7343
2025-05-22 12:03:21,294 - transvg_dino_vit_20250521_151301 - INFO - Epoch 30, Batch 900/1696, Loss: 3.9204
2025-05-22 12:03:21,295 - transvg_dino_vit_20250521_151301 - INFO - Train metrics: l1_loss: 0.4297 | giou_loss: 0.8860 | total_loss: 3.9204
2025-05-22 12:04:29,405 - transvg_dino_vit_20250521_151301 - INFO - Epoch 30, Batch 950/1696, Loss: 4.0107
2025-05-22 12:04:29,405 - transvg_dino_vit_20250521_151301 - INFO - Train metrics: l1_loss: 0.4147 | giou_loss: 0.9686 | total_loss: 4.0107
2025-05-22 12:05:37,395 - transvg_dino_vit_20250521_151301 - INFO - Epoch 30, Batch 1000/1696, Loss: 3.1454
2025-05-22 12:05:37,395 - transvg_dino_vit_20250521_151301 - INFO - Train metrics: l1_loss: 0.3164 | giou_loss: 0.7817 | total_loss: 3.1454
2025-05-22 12:06:45,562 - transvg_dino_vit_20250521_151301 - INFO - Epoch 30, Batch 1050/1696, Loss: 3.4804
2025-05-22 12:06:45,562 - transvg_dino_vit_20250521_151301 - INFO - Train metrics: l1_loss: 0.3452 | giou_loss: 0.8772 | total_loss: 3.4804
2025-05-22 12:07:54,618 - transvg_dino_vit_20250521_151301 - INFO - Epoch 30, Batch 1100/1696, Loss: 3.8567
2025-05-22 12:07:54,618 - transvg_dino_vit_20250521_151301 - INFO - Train metrics: l1_loss: 0.4015 | giou_loss: 0.9245 | total_loss: 3.8567
2025-05-22 12:09:03,349 - transvg_dino_vit_20250521_151301 - INFO - Epoch 30, Batch 1150/1696, Loss: 3.3248
2025-05-22 12:09:03,349 - transvg_dino_vit_20250521_151301 - INFO - Train metrics: l1_loss: 0.3586 | giou_loss: 0.7660 | total_loss: 3.3248
2025-05-22 12:10:11,633 - transvg_dino_vit_20250521_151301 - INFO - Epoch 30, Batch 1200/1696, Loss: 3.4965
2025-05-22 12:10:11,634 - transvg_dino_vit_20250521_151301 - INFO - Train metrics: l1_loss: 0.3605 | giou_loss: 0.8469 | total_loss: 3.4965
2025-05-22 12:11:19,908 - transvg_dino_vit_20250521_151301 - INFO - Epoch 30, Batch 1250/1696, Loss: 4.0654
2025-05-22 12:11:19,908 - transvg_dino_vit_20250521_151301 - INFO - Train metrics: l1_loss: 0.4556 | giou_loss: 0.8937 | total_loss: 4.0654
2025-05-22 12:12:27,634 - transvg_dino_vit_20250521_151301 - INFO - Epoch 30, Batch 1300/1696, Loss: 4.5407
2025-05-22 12:12:27,635 - transvg_dino_vit_20250521_151301 - INFO - Train metrics: l1_loss: 0.4830 | giou_loss: 1.0629 | total_loss: 4.5407
2025-05-22 12:13:36,215 - transvg_dino_vit_20250521_151301 - INFO - Epoch 30, Batch 1350/1696, Loss: 4.5001
2025-05-22 12:13:36,216 - transvg_dino_vit_20250521_151301 - INFO - Train metrics: l1_loss: 0.4895 | giou_loss: 1.0264 | total_loss: 4.5001
2025-05-22 12:14:44,756 - transvg_dino_vit_20250521_151301 - INFO - Epoch 30, Batch 1400/1696, Loss: 3.8715
2025-05-22 12:14:44,757 - transvg_dino_vit_20250521_151301 - INFO - Train metrics: l1_loss: 0.4101 | giou_loss: 0.9104 | total_loss: 3.8715
2025-05-22 12:15:53,762 - transvg_dino_vit_20250521_151301 - INFO - Epoch 30, Batch 1450/1696, Loss: 4.3921
2025-05-22 12:15:53,762 - transvg_dino_vit_20250521_151301 - INFO - Train metrics: l1_loss: 0.4739 | giou_loss: 1.0114 | total_loss: 4.3921
2025-05-22 12:17:02,861 - transvg_dino_vit_20250521_151301 - INFO - Epoch 30, Batch 1500/1696, Loss: 3.3706
2025-05-22 12:17:02,862 - transvg_dino_vit_20250521_151301 - INFO - Train metrics: l1_loss: 0.3519 | giou_loss: 0.8055 | total_loss: 3.3706
2025-05-22 12:18:11,162 - transvg_dino_vit_20250521_151301 - INFO - Epoch 30, Batch 1550/1696, Loss: 4.2733
2025-05-22 12:18:11,162 - transvg_dino_vit_20250521_151301 - INFO - Train metrics: l1_loss: 0.4503 | giou_loss: 1.0108 | total_loss: 4.2733
2025-05-22 12:19:19,578 - transvg_dino_vit_20250521_151301 - INFO - Epoch 30, Batch 1600/1696, Loss: 4.6275
2025-05-22 12:19:19,579 - transvg_dino_vit_20250521_151301 - INFO - Train metrics: l1_loss: 0.5176 | giou_loss: 1.0198 | total_loss: 4.6275
2025-05-22 12:20:28,083 - transvg_dino_vit_20250521_151301 - INFO - Epoch 30, Batch 1650/1696, Loss: 3.8735
2025-05-22 12:20:28,084 - transvg_dino_vit_20250521_151301 - INFO - Train metrics: l1_loss: 0.4108 | giou_loss: 0.9098 | total_loss: 3.8735
2025-05-22 12:21:29,365 - transvg_dino_vit_20250521_151301 - INFO - Train Epoch 30, Loss: 3.8517
2025-05-22 12:23:24,604 - transvg_dino_vit_20250521_151301 - INFO - Pred box sample: [72.28204345703125, 74.82957458496094, 238.23501586914062, 231.84671020507812]
2025-05-22 12:23:24,604 - transvg_dino_vit_20250521_151301 - INFO - Target box sample: [207.0, 198.0, 287.0, 283.0]
2025-05-22 12:23:24,677 - transvg_dino_vit_20250521_151301 - INFO - Validation Epoch 30, Loss: 4.5682
2025-05-22 12:23:24,677 - transvg_dino_vit_20250521_151301 - INFO - Val metrics: Acc@0.25: 0.3198 | Acc@0.5: 0.1182 | Acc@0.75: 0.0191 | mIoU: 0.1843 | medianIoU: 0.0862 | mae_x1: 101.5087 | mae_y1: 100.3462 | mae_x2: 103.4714 | mae_y2: 99.2670 | center_x_error: 88.3843 | center_y_error: 84.4782 | width_error: 2.2736 | height_error: 2.2274 | loss: 4.5682
2025-05-22 12:23:25,532 - transvg_dino_vit_20250521_151301 - INFO - Saved model checkpoint to /home/pokle/Trans-VG/visual_grounding/checkpoints/transvg_dino_vit_20250521_151301_epoch30.pth
2025-05-22 12:23:25,533 - transvg_dino_vit_20250521_151301 - INFO - Epoch 31/200
2025-05-22 12:23:27,385 - transvg_dino_vit_20250521_151301 - INFO - Epoch 31, Batch 0/1696, Loss: 3.4028
2025-05-22 12:23:27,385 - transvg_dino_vit_20250521_151301 - INFO - Train metrics: l1_loss: 0.3595 | giou_loss: 0.8028 | total_loss: 3.4028
2025-05-22 12:24:35,961 - transvg_dino_vit_20250521_151301 - INFO - Epoch 31, Batch 50/1696, Loss: 3.6185
2025-05-22 12:24:35,962 - transvg_dino_vit_20250521_151301 - INFO - Train metrics: l1_loss: 0.3557 | giou_loss: 0.9200 | total_loss: 3.6185
2025-05-22 12:25:44,071 - transvg_dino_vit_20250521_151301 - INFO - Epoch 31, Batch 100/1696, Loss: 2.9099
2025-05-22 12:25:44,072 - transvg_dino_vit_20250521_151301 - INFO - Train metrics: l1_loss: 0.2753 | giou_loss: 0.7666 | total_loss: 2.9099
2025-05-22 12:26:52,403 - transvg_dino_vit_20250521_151301 - INFO - Epoch 31, Batch 150/1696, Loss: 3.1253
2025-05-22 12:26:52,403 - transvg_dino_vit_20250521_151301 - INFO - Train metrics: l1_loss: 0.3359 | giou_loss: 0.7228 | total_loss: 3.1253
2025-05-22 12:28:01,189 - transvg_dino_vit_20250521_151301 - INFO - Epoch 31, Batch 200/1696, Loss: 3.7525
2025-05-22 12:28:01,189 - transvg_dino_vit_20250521_151301 - INFO - Train metrics: l1_loss: 0.4096 | giou_loss: 0.8523 | total_loss: 3.7525
2025-05-22 12:29:09,803 - transvg_dino_vit_20250521_151301 - INFO - Epoch 31, Batch 250/1696, Loss: 2.9761
2025-05-22 12:29:09,803 - transvg_dino_vit_20250521_151301 - INFO - Train metrics: l1_loss: 0.2997 | giou_loss: 0.7389 | total_loss: 2.9761
2025-05-22 12:30:18,320 - transvg_dino_vit_20250521_151301 - INFO - Epoch 31, Batch 300/1696, Loss: 3.7624
2025-05-22 12:30:18,320 - transvg_dino_vit_20250521_151301 - INFO - Train metrics: l1_loss: 0.3619 | giou_loss: 0.9766 | total_loss: 3.7624
2025-05-22 12:31:26,709 - transvg_dino_vit_20250521_151301 - INFO - Epoch 31, Batch 350/1696, Loss: 3.0474
2025-05-22 12:31:26,710 - transvg_dino_vit_20250521_151301 - INFO - Train metrics: l1_loss: 0.2879 | giou_loss: 0.8040 | total_loss: 3.0474
2025-05-22 12:32:34,754 - transvg_dino_vit_20250521_151301 - INFO - Epoch 31, Batch 400/1696, Loss: 3.1515
2025-05-22 12:32:34,755 - transvg_dino_vit_20250521_151301 - INFO - Train metrics: l1_loss: 0.3106 | giou_loss: 0.7992 | total_loss: 3.1515
2025-05-22 12:33:43,094 - transvg_dino_vit_20250521_151301 - INFO - Epoch 31, Batch 450/1696, Loss: 3.9613
2025-05-22 12:33:43,095 - transvg_dino_vit_20250521_151301 - INFO - Train metrics: l1_loss: 0.4387 | giou_loss: 0.8839 | total_loss: 3.9613
2025-05-22 12:34:51,106 - transvg_dino_vit_20250521_151301 - INFO - Epoch 31, Batch 500/1696, Loss: 4.4286
2025-05-22 12:34:51,106 - transvg_dino_vit_20250521_151301 - INFO - Train metrics: l1_loss: 0.4603 | giou_loss: 1.0636 | total_loss: 4.4286
2025-05-22 12:36:00,105 - transvg_dino_vit_20250521_151301 - INFO - Epoch 31, Batch 550/1696, Loss: 3.2939
2025-05-22 12:36:00,106 - transvg_dino_vit_20250521_151301 - INFO - Train metrics: l1_loss: 0.3434 | giou_loss: 0.7885 | total_loss: 3.2939
2025-05-22 12:37:08,017 - transvg_dino_vit_20250521_151301 - INFO - Epoch 31, Batch 600/1696, Loss: 3.3347
2025-05-22 12:37:08,017 - transvg_dino_vit_20250521_151301 - INFO - Train metrics: l1_loss: 0.3340 | giou_loss: 0.8323 | total_loss: 3.3347
2025-05-22 12:38:16,708 - transvg_dino_vit_20250521_151301 - INFO - Epoch 31, Batch 650/1696, Loss: 3.3190
2025-05-22 12:38:16,708 - transvg_dino_vit_20250521_151301 - INFO - Train metrics: l1_loss: 0.3400 | giou_loss: 0.8094 | total_loss: 3.3190
2025-05-22 12:39:25,011 - transvg_dino_vit_20250521_151301 - INFO - Epoch 31, Batch 700/1696, Loss: 3.4546
2025-05-22 12:39:25,011 - transvg_dino_vit_20250521_151301 - INFO - Train metrics: l1_loss: 0.3271 | giou_loss: 0.9096 | total_loss: 3.4546
2025-05-22 12:40:33,726 - transvg_dino_vit_20250521_151301 - INFO - Epoch 31, Batch 750/1696, Loss: 4.4790
2025-05-22 12:40:33,727 - transvg_dino_vit_20250521_151301 - INFO - Train metrics: l1_loss: 0.4665 | giou_loss: 1.0732 | total_loss: 4.4790
2025-05-22 12:41:42,247 - transvg_dino_vit_20250521_151301 - INFO - Epoch 31, Batch 800/1696, Loss: 4.8076
2025-05-22 12:41:42,247 - transvg_dino_vit_20250521_151301 - INFO - Train metrics: l1_loss: 0.5060 | giou_loss: 1.1388 | total_loss: 4.8076
2025-05-22 12:42:50,897 - transvg_dino_vit_20250521_151301 - INFO - Epoch 31, Batch 850/1696, Loss: 4.0728
2025-05-22 12:42:50,897 - transvg_dino_vit_20250521_151301 - INFO - Train metrics: l1_loss: 0.4017 | giou_loss: 1.0323 | total_loss: 4.0728
2025-05-22 12:43:59,347 - transvg_dino_vit_20250521_151301 - INFO - Epoch 31, Batch 900/1696, Loss: 4.3128
2025-05-22 12:43:59,347 - transvg_dino_vit_20250521_151301 - INFO - Train metrics: l1_loss: 0.4984 | giou_loss: 0.9105 | total_loss: 4.3128
2025-05-22 12:45:07,642 - transvg_dino_vit_20250521_151301 - INFO - Epoch 31, Batch 950/1696, Loss: 4.1448
2025-05-22 12:45:07,642 - transvg_dino_vit_20250521_151301 - INFO - Train metrics: l1_loss: 0.4080 | giou_loss: 1.0525 | total_loss: 4.1448
2025-05-22 12:46:16,676 - transvg_dino_vit_20250521_151301 - INFO - Epoch 31, Batch 1000/1696, Loss: 3.5632
2025-05-22 12:46:16,676 - transvg_dino_vit_20250521_151301 - INFO - Train metrics: l1_loss: 0.3592 | giou_loss: 0.8835 | total_loss: 3.5632
2025-05-22 12:47:25,192 - transvg_dino_vit_20250521_151301 - INFO - Epoch 31, Batch 1050/1696, Loss: 3.6416
2025-05-22 12:47:25,193 - transvg_dino_vit_20250521_151301 - INFO - Train metrics: l1_loss: 0.3726 | giou_loss: 0.8893 | total_loss: 3.6416
2025-05-22 12:48:33,672 - transvg_dino_vit_20250521_151301 - INFO - Epoch 31, Batch 1100/1696, Loss: 3.6594
2025-05-22 12:48:33,672 - transvg_dino_vit_20250521_151301 - INFO - Train metrics: l1_loss: 0.3647 | giou_loss: 0.9180 | total_loss: 3.6594
2025-05-22 12:49:42,320 - transvg_dino_vit_20250521_151301 - INFO - Epoch 31, Batch 1150/1696, Loss: 3.4247
2025-05-22 12:49:42,320 - transvg_dino_vit_20250521_151301 - INFO - Train metrics: l1_loss: 0.3400 | giou_loss: 0.8624 | total_loss: 3.4247
2025-05-22 12:50:50,115 - transvg_dino_vit_20250521_151301 - INFO - Epoch 31, Batch 1200/1696, Loss: 4.9326
2025-05-22 12:50:50,115 - transvg_dino_vit_20250521_151301 - INFO - Train metrics: l1_loss: 0.5347 | giou_loss: 1.1295 | total_loss: 4.9326
2025-05-22 12:51:58,673 - transvg_dino_vit_20250521_151301 - INFO - Epoch 31, Batch 1250/1696, Loss: 3.2667
2025-05-22 12:51:58,673 - transvg_dino_vit_20250521_151301 - INFO - Train metrics: l1_loss: 0.3199 | giou_loss: 0.8337 | total_loss: 3.2667
2025-05-22 12:53:07,704 - transvg_dino_vit_20250521_151301 - INFO - Epoch 31, Batch 1300/1696, Loss: 3.8914
2025-05-22 12:53:07,704 - transvg_dino_vit_20250521_151301 - INFO - Train metrics: l1_loss: 0.4258 | giou_loss: 0.8813 | total_loss: 3.8914
2025-05-22 12:54:16,317 - transvg_dino_vit_20250521_151301 - INFO - Epoch 31, Batch 1350/1696, Loss: 4.5084
2025-05-22 12:54:16,317 - transvg_dino_vit_20250521_151301 - INFO - Train metrics: l1_loss: 0.4644 | giou_loss: 1.0933 | total_loss: 4.5084
2025-05-22 12:55:24,949 - transvg_dino_vit_20250521_151301 - INFO - Epoch 31, Batch 1400/1696, Loss: 3.5642
2025-05-22 12:55:24,949 - transvg_dino_vit_20250521_151301 - INFO - Train metrics: l1_loss: 0.3549 | giou_loss: 0.8947 | total_loss: 3.5642
2025-05-22 12:56:32,717 - transvg_dino_vit_20250521_151301 - INFO - Epoch 31, Batch 1450/1696, Loss: 3.5093
2025-05-22 12:56:32,717 - transvg_dino_vit_20250521_151301 - INFO - Train metrics: l1_loss: 0.3733 | giou_loss: 0.8214 | total_loss: 3.5093
2025-05-22 12:57:41,292 - transvg_dino_vit_20250521_151301 - INFO - Epoch 31, Batch 1500/1696, Loss: 4.2560
2025-05-22 12:57:41,292 - transvg_dino_vit_20250521_151301 - INFO - Train metrics: l1_loss: 0.4842 | giou_loss: 0.9175 | total_loss: 4.2560
2025-05-22 12:58:49,509 - transvg_dino_vit_20250521_151301 - INFO - Epoch 31, Batch 1550/1696, Loss: 3.2601
2025-05-22 12:58:49,509 - transvg_dino_vit_20250521_151301 - INFO - Train metrics: l1_loss: 0.3470 | giou_loss: 0.7625 | total_loss: 3.2601
2025-05-22 12:59:57,973 - transvg_dino_vit_20250521_151301 - INFO - Epoch 31, Batch 1600/1696, Loss: 4.3099
2025-05-22 12:59:57,973 - transvg_dino_vit_20250521_151301 - INFO - Train metrics: l1_loss: 0.4480 | giou_loss: 1.0348 | total_loss: 4.3099
2025-05-22 13:01:06,804 - transvg_dino_vit_20250521_151301 - INFO - Epoch 31, Batch 1650/1696, Loss: 4.6793
2025-05-22 13:01:06,804 - transvg_dino_vit_20250521_151301 - INFO - Train metrics: l1_loss: 0.5270 | giou_loss: 1.0222 | total_loss: 4.6793
2025-05-22 13:02:07,744 - transvg_dino_vit_20250521_151301 - INFO - Train Epoch 31, Loss: 3.8389
2025-05-22 13:04:02,710 - transvg_dino_vit_20250521_151301 - INFO - Pred box sample: [79.47066497802734, 81.99518585205078, 250.17340087890625, 246.22964477539062]
2025-05-22 13:04:02,710 - transvg_dino_vit_20250521_151301 - INFO - Target box sample: [207.0, 198.0, 287.0, 283.0]
2025-05-22 13:04:02,783 - transvg_dino_vit_20250521_151301 - INFO - Validation Epoch 31, Loss: 4.5764
2025-05-22 13:04:02,783 - transvg_dino_vit_20250521_151301 - INFO - Val metrics: Acc@0.25: 0.3201 | Acc@0.5: 0.1190 | Acc@0.75: 0.0170 | mIoU: 0.1843 | medianIoU: 0.0825 | mae_x1: 103.0961 | mae_y1: 99.4924 | mae_x2: 103.7230 | mae_y2: 99.6350 | center_x_error: 88.9524 | center_y_error: 84.1567 | width_error: 2.3481 | height_error: 2.2164 | loss: 4.5764
2025-05-22 13:04:03,643 - transvg_dino_vit_20250521_151301 - INFO - Saved model checkpoint to /home/pokle/Trans-VG/visual_grounding/checkpoints/transvg_dino_vit_20250521_151301_epoch31.pth
2025-05-22 13:04:03,644 - transvg_dino_vit_20250521_151301 - INFO - Epoch 32/200
2025-05-22 13:04:05,509 - transvg_dino_vit_20250521_151301 - INFO - Epoch 32, Batch 0/1696, Loss: 3.4627
2025-05-22 13:04:05,510 - transvg_dino_vit_20250521_151301 - INFO - Train metrics: l1_loss: 0.3705 | giou_loss: 0.8050 | total_loss: 3.4627
2025-05-22 13:05:14,078 - transvg_dino_vit_20250521_151301 - INFO - Epoch 32, Batch 50/1696, Loss: 4.2073
2025-05-22 13:05:14,078 - transvg_dino_vit_20250521_151301 - INFO - Train metrics: l1_loss: 0.4640 | giou_loss: 0.9436 | total_loss: 4.2073
2025-05-22 13:06:22,685 - transvg_dino_vit_20250521_151301 - INFO - Epoch 32, Batch 100/1696, Loss: 4.6559
2025-05-22 13:06:22,685 - transvg_dino_vit_20250521_151301 - INFO - Train metrics: l1_loss: 0.4861 | giou_loss: 1.1127 | total_loss: 4.6559
2025-05-22 13:07:30,938 - transvg_dino_vit_20250521_151301 - INFO - Epoch 32, Batch 150/1696, Loss: 3.6696
2025-05-22 13:07:30,938 - transvg_dino_vit_20250521_151301 - INFO - Train metrics: l1_loss: 0.3568 | giou_loss: 0.9429 | total_loss: 3.6696
2025-05-22 13:08:39,419 - transvg_dino_vit_20250521_151301 - INFO - Epoch 32, Batch 200/1696, Loss: 3.9577
2025-05-22 13:08:39,419 - transvg_dino_vit_20250521_151301 - INFO - Train metrics: l1_loss: 0.4608 | giou_loss: 0.8269 | total_loss: 3.9577
2025-05-22 13:09:47,723 - transvg_dino_vit_20250521_151301 - INFO - Epoch 32, Batch 250/1696, Loss: 3.3717
2025-05-22 13:09:47,723 - transvg_dino_vit_20250521_151301 - INFO - Train metrics: l1_loss: 0.3107 | giou_loss: 0.9091 | total_loss: 3.3717
2025-05-22 13:10:56,092 - transvg_dino_vit_20250521_151301 - INFO - Epoch 32, Batch 300/1696, Loss: 3.9477
2025-05-22 13:10:56,092 - transvg_dino_vit_20250521_151301 - INFO - Train metrics: l1_loss: 0.4047 | giou_loss: 0.9621 | total_loss: 3.9477
2025-05-22 13:12:05,073 - transvg_dino_vit_20250521_151301 - INFO - Epoch 32, Batch 350/1696, Loss: 3.9838
2025-05-22 13:12:05,073 - transvg_dino_vit_20250521_151301 - INFO - Train metrics: l1_loss: 0.3841 | giou_loss: 1.0316 | total_loss: 3.9838
2025-05-22 13:13:13,257 - transvg_dino_vit_20250521_151301 - INFO - Epoch 32, Batch 400/1696, Loss: 3.6681
2025-05-22 13:13:13,257 - transvg_dino_vit_20250521_151301 - INFO - Train metrics: l1_loss: 0.3707 | giou_loss: 0.9074 | total_loss: 3.6681
2025-05-22 13:14:22,241 - transvg_dino_vit_20250521_151301 - INFO - Epoch 32, Batch 450/1696, Loss: 3.8244
2025-05-22 13:14:22,241 - transvg_dino_vit_20250521_151301 - INFO - Train metrics: l1_loss: 0.3792 | giou_loss: 0.9641 | total_loss: 3.8244
2025-05-22 13:15:31,365 - transvg_dino_vit_20250521_151301 - INFO - Epoch 32, Batch 500/1696, Loss: 3.3995
2025-05-22 13:15:31,365 - transvg_dino_vit_20250521_151301 - INFO - Train metrics: l1_loss: 0.3123 | giou_loss: 0.9189 | total_loss: 3.3995
2025-05-22 13:16:40,945 - transvg_dino_vit_20250521_151301 - INFO - Epoch 32, Batch 550/1696, Loss: 3.0093
2025-05-22 13:16:40,946 - transvg_dino_vit_20250521_151301 - INFO - Train metrics: l1_loss: 0.3096 | giou_loss: 0.7307 | total_loss: 3.0093
2025-05-22 13:17:50,029 - transvg_dino_vit_20250521_151301 - INFO - Epoch 32, Batch 600/1696, Loss: 4.1680
2025-05-22 13:17:50,029 - transvg_dino_vit_20250521_151301 - INFO - Train metrics: l1_loss: 0.4357 | giou_loss: 0.9948 | total_loss: 4.1680
2025-05-22 13:18:59,141 - transvg_dino_vit_20250521_151301 - INFO - Epoch 32, Batch 650/1696, Loss: 3.6384
2025-05-22 13:18:59,142 - transvg_dino_vit_20250521_151301 - INFO - Train metrics: l1_loss: 0.3637 | giou_loss: 0.9099 | total_loss: 3.6384
2025-05-22 13:20:08,478 - transvg_dino_vit_20250521_151301 - INFO - Epoch 32, Batch 700/1696, Loss: 3.8853
2025-05-22 13:20:08,478 - transvg_dino_vit_20250521_151301 - INFO - Train metrics: l1_loss: 0.4189 | giou_loss: 0.8953 | total_loss: 3.8853
2025-05-22 13:21:17,263 - transvg_dino_vit_20250521_151301 - INFO - Epoch 32, Batch 750/1696, Loss: 3.7939
2025-05-22 13:21:17,263 - transvg_dino_vit_20250521_151301 - INFO - Train metrics: l1_loss: 0.3979 | giou_loss: 0.9021 | total_loss: 3.7939
2025-05-22 13:22:25,690 - transvg_dino_vit_20250521_151301 - INFO - Epoch 32, Batch 800/1696, Loss: 4.6276
2025-05-22 13:22:25,690 - transvg_dino_vit_20250521_151301 - INFO - Train metrics: l1_loss: 0.5243 | giou_loss: 1.0030 | total_loss: 4.6276
2025-05-22 13:23:34,589 - transvg_dino_vit_20250521_151301 - INFO - Epoch 32, Batch 850/1696, Loss: 3.2408
2025-05-22 13:23:34,590 - transvg_dino_vit_20250521_151301 - INFO - Train metrics: l1_loss: 0.3104 | giou_loss: 0.8443 | total_loss: 3.2408
2025-05-22 13:24:43,318 - transvg_dino_vit_20250521_151301 - INFO - Epoch 32, Batch 900/1696, Loss: 3.3494
2025-05-22 13:24:43,319 - transvg_dino_vit_20250521_151301 - INFO - Train metrics: l1_loss: 0.3499 | giou_loss: 0.7998 | total_loss: 3.3494
2025-05-22 13:25:52,141 - transvg_dino_vit_20250521_151301 - INFO - Epoch 32, Batch 950/1696, Loss: 4.0249
2025-05-22 13:25:52,142 - transvg_dino_vit_20250521_151301 - INFO - Train metrics: l1_loss: 0.4417 | giou_loss: 0.9083 | total_loss: 4.0249
2025-05-22 13:27:01,331 - transvg_dino_vit_20250521_151301 - INFO - Epoch 32, Batch 1000/1696, Loss: 4.6633
2025-05-22 13:27:01,331 - transvg_dino_vit_20250521_151301 - INFO - Train metrics: l1_loss: 0.4910 | giou_loss: 1.1042 | total_loss: 4.6633
2025-05-22 13:28:09,748 - transvg_dino_vit_20250521_151301 - INFO - Epoch 32, Batch 1050/1696, Loss: 3.4546
2025-05-22 13:28:09,748 - transvg_dino_vit_20250521_151301 - INFO - Train metrics: l1_loss: 0.3797 | giou_loss: 0.7781 | total_loss: 3.4546
2025-05-22 13:29:18,765 - transvg_dino_vit_20250521_151301 - INFO - Epoch 32, Batch 1100/1696, Loss: 3.4528
2025-05-22 13:29:18,765 - transvg_dino_vit_20250521_151301 - INFO - Train metrics: l1_loss: 0.3511 | giou_loss: 0.8488 | total_loss: 3.4528
2025-05-22 13:30:26,664 - transvg_dino_vit_20250521_151301 - INFO - Epoch 32, Batch 1150/1696, Loss: 4.1744
2025-05-22 13:30:26,664 - transvg_dino_vit_20250521_151301 - INFO - Train metrics: l1_loss: 0.4566 | giou_loss: 0.9458 | total_loss: 4.1744
2025-05-22 13:31:35,143 - transvg_dino_vit_20250521_151301 - INFO - Epoch 32, Batch 1200/1696, Loss: 3.5713
2025-05-22 13:31:35,144 - transvg_dino_vit_20250521_151301 - INFO - Train metrics: l1_loss: 0.3670 | giou_loss: 0.8681 | total_loss: 3.5713
2025-05-22 13:32:43,908 - transvg_dino_vit_20250521_151301 - INFO - Epoch 32, Batch 1250/1696, Loss: 3.9550
2025-05-22 13:32:43,909 - transvg_dino_vit_20250521_151301 - INFO - Train metrics: l1_loss: 0.4063 | giou_loss: 0.9616 | total_loss: 3.9550
2025-05-22 13:33:51,558 - transvg_dino_vit_20250521_151301 - INFO - Epoch 32, Batch 1300/1696, Loss: 3.5978
2025-05-22 13:33:51,558 - transvg_dino_vit_20250521_151301 - INFO - Train metrics: l1_loss: 0.3367 | giou_loss: 0.9571 | total_loss: 3.5978
2025-05-22 13:34:59,856 - transvg_dino_vit_20250521_151301 - INFO - Epoch 32, Batch 1350/1696, Loss: 4.4956
2025-05-22 13:34:59,856 - transvg_dino_vit_20250521_151301 - INFO - Train metrics: l1_loss: 0.4758 | giou_loss: 1.0583 | total_loss: 4.4956
2025-05-22 13:36:08,146 - transvg_dino_vit_20250521_151301 - INFO - Epoch 32, Batch 1400/1696, Loss: 3.7466
2025-05-22 13:36:08,146 - transvg_dino_vit_20250521_151301 - INFO - Train metrics: l1_loss: 0.3551 | giou_loss: 0.9857 | total_loss: 3.7466
2025-05-22 13:37:16,749 - transvg_dino_vit_20250521_151301 - INFO - Epoch 32, Batch 1450/1696, Loss: 3.4682
2025-05-22 13:37:16,749 - transvg_dino_vit_20250521_151301 - INFO - Train metrics: l1_loss: 0.3609 | giou_loss: 0.8318 | total_loss: 3.4682
2025-05-22 13:38:24,963 - transvg_dino_vit_20250521_151301 - INFO - Epoch 32, Batch 1500/1696, Loss: 4.0795
2025-05-22 13:38:24,964 - transvg_dino_vit_20250521_151301 - INFO - Train metrics: l1_loss: 0.4298 | giou_loss: 0.9652 | total_loss: 4.0795
2025-05-22 13:39:33,585 - transvg_dino_vit_20250521_151301 - INFO - Epoch 32, Batch 1550/1696, Loss: 3.6251
2025-05-22 13:39:33,585 - transvg_dino_vit_20250521_151301 - INFO - Train metrics: l1_loss: 0.3829 | giou_loss: 0.8553 | total_loss: 3.6251
2025-05-22 13:40:41,983 - transvg_dino_vit_20250521_151301 - INFO - Epoch 32, Batch 1600/1696, Loss: 3.6387
2025-05-22 13:40:41,984 - transvg_dino_vit_20250521_151301 - INFO - Train metrics: l1_loss: 0.3764 | giou_loss: 0.8784 | total_loss: 3.6387
2025-05-22 13:41:50,028 - transvg_dino_vit_20250521_151301 - INFO - Epoch 32, Batch 1650/1696, Loss: 4.0056
2025-05-22 13:41:50,028 - transvg_dino_vit_20250521_151301 - INFO - Train metrics: l1_loss: 0.4178 | giou_loss: 0.9582 | total_loss: 4.0056
2025-05-22 13:42:51,462 - transvg_dino_vit_20250521_151301 - INFO - Train Epoch 32, Loss: 3.8181
2025-05-22 13:44:46,589 - transvg_dino_vit_20250521_151301 - INFO - Pred box sample: [77.18583679199219, 91.7732162475586, 262.07489013671875, 269.2883605957031]
2025-05-22 13:44:46,589 - transvg_dino_vit_20250521_151301 - INFO - Target box sample: [207.0, 198.0, 287.0, 283.0]
2025-05-22 13:44:46,673 - transvg_dino_vit_20250521_151301 - INFO - Validation Epoch 32, Loss: 4.6187
2025-05-22 13:44:46,673 - transvg_dino_vit_20250521_151301 - INFO - Val metrics: Acc@0.25: 0.3121 | Acc@0.5: 0.1161 | Acc@0.75: 0.0162 | mIoU: 0.1814 | medianIoU: 0.0759 | mae_x1: 103.1310 | mae_y1: 100.7100 | mae_x2: 105.0649 | mae_y2: 99.6346 | center_x_error: 90.2756 | center_y_error: 85.2764 | width_error: 2.2269 | height_error: 2.1194 | loss: 4.6187
2025-05-22 13:44:47,507 - transvg_dino_vit_20250521_151301 - INFO - Saved model checkpoint to /home/pokle/Trans-VG/visual_grounding/checkpoints/transvg_dino_vit_20250521_151301_epoch32.pth
2025-05-22 13:44:47,507 - transvg_dino_vit_20250521_151301 - INFO - Epoch 33/200
2025-05-22 13:44:49,380 - transvg_dino_vit_20250521_151301 - INFO - Epoch 33, Batch 0/1696, Loss: 3.6669
2025-05-22 13:44:49,380 - transvg_dino_vit_20250521_151301 - INFO - Train metrics: l1_loss: 0.3642 | giou_loss: 0.9229 | total_loss: 3.6669
2025-05-22 13:45:58,171 - transvg_dino_vit_20250521_151301 - INFO - Epoch 33, Batch 50/1696, Loss: 4.2357
2025-05-22 13:45:58,171 - transvg_dino_vit_20250521_151301 - INFO - Train metrics: l1_loss: 0.4552 | giou_loss: 0.9799 | total_loss: 4.2357
2025-05-22 13:47:06,679 - transvg_dino_vit_20250521_151301 - INFO - Epoch 33, Batch 100/1696, Loss: 3.7944
2025-05-22 13:47:06,680 - transvg_dino_vit_20250521_151301 - INFO - Train metrics: l1_loss: 0.3816 | giou_loss: 0.9432 | total_loss: 3.7944
2025-05-22 13:48:15,276 - transvg_dino_vit_20250521_151301 - INFO - Epoch 33, Batch 150/1696, Loss: 3.6426
2025-05-22 13:48:15,277 - transvg_dino_vit_20250521_151301 - INFO - Train metrics: l1_loss: 0.3694 | giou_loss: 0.8977 | total_loss: 3.6426
2025-05-22 13:49:23,479 - transvg_dino_vit_20250521_151301 - INFO - Epoch 33, Batch 200/1696, Loss: 3.6695
2025-05-22 13:49:23,479 - transvg_dino_vit_20250521_151301 - INFO - Train metrics: l1_loss: 0.3560 | giou_loss: 0.9449 | total_loss: 3.6695
2025-05-22 13:50:31,619 - transvg_dino_vit_20250521_151301 - INFO - Epoch 33, Batch 250/1696, Loss: 3.5791
2025-05-22 13:50:31,619 - transvg_dino_vit_20250521_151301 - INFO - Train metrics: l1_loss: 0.3505 | giou_loss: 0.9132 | total_loss: 3.5791
2025-05-22 13:51:40,593 - transvg_dino_vit_20250521_151301 - INFO - Epoch 33, Batch 300/1696, Loss: 3.0024
2025-05-22 13:51:40,593 - transvg_dino_vit_20250521_151301 - INFO - Train metrics: l1_loss: 0.2911 | giou_loss: 0.7734 | total_loss: 3.0024
2025-05-22 13:52:49,210 - transvg_dino_vit_20250521_151301 - INFO - Epoch 33, Batch 350/1696, Loss: 3.6289
2025-05-22 13:52:49,211 - transvg_dino_vit_20250521_151301 - INFO - Train metrics: l1_loss: 0.3688 | giou_loss: 0.8925 | total_loss: 3.6289
2025-05-22 13:53:58,013 - transvg_dino_vit_20250521_151301 - INFO - Epoch 33, Batch 400/1696, Loss: 3.9243
2025-05-22 13:53:58,013 - transvg_dino_vit_20250521_151301 - INFO - Train metrics: l1_loss: 0.3952 | giou_loss: 0.9741 | total_loss: 3.9243
2025-05-22 13:55:06,810 - transvg_dino_vit_20250521_151301 - INFO - Epoch 33, Batch 450/1696, Loss: 3.5472
2025-05-22 13:55:06,810 - transvg_dino_vit_20250521_151301 - INFO - Train metrics: l1_loss: 0.3335 | giou_loss: 0.9399 | total_loss: 3.5472
2025-05-22 13:56:14,731 - transvg_dino_vit_20250521_151301 - INFO - Epoch 33, Batch 500/1696, Loss: 3.6597
2025-05-22 13:56:14,731 - transvg_dino_vit_20250521_151301 - INFO - Train metrics: l1_loss: 0.3590 | giou_loss: 0.9323 | total_loss: 3.6597
2025-05-22 13:57:22,921 - transvg_dino_vit_20250521_151301 - INFO - Epoch 33, Batch 550/1696, Loss: 3.6433
2025-05-22 13:57:22,921 - transvg_dino_vit_20250521_151301 - INFO - Train metrics: l1_loss: 0.3847 | giou_loss: 0.8599 | total_loss: 3.6433
2025-05-22 13:58:31,315 - transvg_dino_vit_20250521_151301 - INFO - Epoch 33, Batch 600/1696, Loss: 4.0881
2025-05-22 13:58:31,315 - transvg_dino_vit_20250521_151301 - INFO - Train metrics: l1_loss: 0.4158 | giou_loss: 1.0046 | total_loss: 4.0881
2025-05-22 13:59:39,707 - transvg_dino_vit_20250521_151301 - INFO - Epoch 33, Batch 650/1696, Loss: 3.2994
2025-05-22 13:59:39,707 - transvg_dino_vit_20250521_151301 - INFO - Train metrics: l1_loss: 0.3253 | giou_loss: 0.8366 | total_loss: 3.2994
2025-05-22 14:00:48,758 - transvg_dino_vit_20250521_151301 - INFO - Epoch 33, Batch 700/1696, Loss: 4.1398
2025-05-22 14:00:48,759 - transvg_dino_vit_20250521_151301 - INFO - Train metrics: l1_loss: 0.3908 | giou_loss: 1.0928 | total_loss: 4.1398
2025-05-22 14:01:57,745 - transvg_dino_vit_20250521_151301 - INFO - Epoch 33, Batch 750/1696, Loss: 3.5079
2025-05-22 14:01:57,746 - transvg_dino_vit_20250521_151301 - INFO - Train metrics: l1_loss: 0.3515 | giou_loss: 0.8752 | total_loss: 3.5079
2025-05-22 14:03:07,434 - transvg_dino_vit_20250521_151301 - INFO - Epoch 33, Batch 800/1696, Loss: 4.3853
2025-05-22 14:03:07,434 - transvg_dino_vit_20250521_151301 - INFO - Train metrics: l1_loss: 0.4889 | giou_loss: 0.9705 | total_loss: 4.3853
2025-05-22 14:04:16,601 - transvg_dino_vit_20250521_151301 - INFO - Epoch 33, Batch 850/1696, Loss: 4.1155
2025-05-22 14:04:16,601 - transvg_dino_vit_20250521_151301 - INFO - Train metrics: l1_loss: 0.4230 | giou_loss: 1.0002 | total_loss: 4.1155
2025-05-22 14:05:25,888 - transvg_dino_vit_20250521_151301 - INFO - Epoch 33, Batch 900/1696, Loss: 3.7802
2025-05-22 14:05:25,888 - transvg_dino_vit_20250521_151301 - INFO - Train metrics: l1_loss: 0.3689 | giou_loss: 0.9679 | total_loss: 3.7802
2025-05-22 14:06:34,974 - transvg_dino_vit_20250521_151301 - INFO - Epoch 33, Batch 950/1696, Loss: 3.8099
2025-05-22 14:06:34,974 - transvg_dino_vit_20250521_151301 - INFO - Train metrics: l1_loss: 0.3962 | giou_loss: 0.9145 | total_loss: 3.8099
2025-05-22 14:07:44,813 - transvg_dino_vit_20250521_151301 - INFO - Epoch 33, Batch 1000/1696, Loss: 4.0194
2025-05-22 14:07:44,813 - transvg_dino_vit_20250521_151301 - INFO - Train metrics: l1_loss: 0.4255 | giou_loss: 0.9459 | total_loss: 4.0194
2025-05-22 14:08:54,484 - transvg_dino_vit_20250521_151301 - INFO - Epoch 33, Batch 1050/1696, Loss: 4.1769
2025-05-22 14:08:54,485 - transvg_dino_vit_20250521_151301 - INFO - Train metrics: l1_loss: 0.4521 | giou_loss: 0.9581 | total_loss: 4.1769
2025-05-22 14:10:04,496 - transvg_dino_vit_20250521_151301 - INFO - Epoch 33, Batch 1100/1696, Loss: 3.7696
2025-05-22 14:10:04,497 - transvg_dino_vit_20250521_151301 - INFO - Train metrics: l1_loss: 0.3753 | giou_loss: 0.9465 | total_loss: 3.7696
2025-05-22 14:11:13,865 - transvg_dino_vit_20250521_151301 - INFO - Epoch 33, Batch 1150/1696, Loss: 3.4399
2025-05-22 14:11:13,865 - transvg_dino_vit_20250521_151301 - INFO - Train metrics: l1_loss: 0.3106 | giou_loss: 0.9434 | total_loss: 3.4399
2025-05-22 14:12:23,314 - transvg_dino_vit_20250521_151301 - INFO - Epoch 33, Batch 1200/1696, Loss: 3.3099
2025-05-22 14:12:23,314 - transvg_dino_vit_20250521_151301 - INFO - Train metrics: l1_loss: 0.3342 | giou_loss: 0.8195 | total_loss: 3.3099
2025-05-22 14:13:33,032 - transvg_dino_vit_20250521_151301 - INFO - Epoch 33, Batch 1250/1696, Loss: 3.1571
2025-05-22 14:13:33,032 - transvg_dino_vit_20250521_151301 - INFO - Train metrics: l1_loss: 0.3121 | giou_loss: 0.7984 | total_loss: 3.1571
2025-05-22 14:14:42,775 - transvg_dino_vit_20250521_151301 - INFO - Epoch 33, Batch 1300/1696, Loss: 3.5109
2025-05-22 14:14:42,776 - transvg_dino_vit_20250521_151301 - INFO - Train metrics: l1_loss: 0.3638 | giou_loss: 0.8460 | total_loss: 3.5109
2025-05-22 14:15:52,243 - transvg_dino_vit_20250521_151301 - INFO - Epoch 33, Batch 1350/1696, Loss: 4.1561
2025-05-22 14:15:52,243 - transvg_dino_vit_20250521_151301 - INFO - Train metrics: l1_loss: 0.4099 | giou_loss: 1.0532 | total_loss: 4.1561
2025-05-22 14:17:01,432 - transvg_dino_vit_20250521_151301 - INFO - Epoch 33, Batch 1400/1696, Loss: 4.0313
2025-05-22 14:17:01,432 - transvg_dino_vit_20250521_151301 - INFO - Train metrics: l1_loss: 0.4507 | giou_loss: 0.8888 | total_loss: 4.0313
2025-05-22 14:18:11,044 - transvg_dino_vit_20250521_151301 - INFO - Epoch 33, Batch 1450/1696, Loss: 3.5594
2025-05-22 14:18:11,044 - transvg_dino_vit_20250521_151301 - INFO - Train metrics: l1_loss: 0.3717 | giou_loss: 0.8506 | total_loss: 3.5594
2025-05-22 14:19:21,201 - transvg_dino_vit_20250521_151301 - INFO - Epoch 33, Batch 1500/1696, Loss: 3.5901
2025-05-22 14:19:21,202 - transvg_dino_vit_20250521_151301 - INFO - Train metrics: l1_loss: 0.3799 | giou_loss: 0.8454 | total_loss: 3.5901
2025-05-22 14:20:30,787 - transvg_dino_vit_20250521_151301 - INFO - Epoch 33, Batch 1550/1696, Loss: 2.9274
2025-05-22 14:20:30,787 - transvg_dino_vit_20250521_151301 - INFO - Train metrics: l1_loss: 0.2927 | giou_loss: 0.7319 | total_loss: 2.9274
2025-05-22 14:21:40,156 - transvg_dino_vit_20250521_151301 - INFO - Epoch 33, Batch 1600/1696, Loss: 3.6317
2025-05-22 14:21:40,156 - transvg_dino_vit_20250521_151301 - INFO - Train metrics: l1_loss: 0.4033 | giou_loss: 0.8076 | total_loss: 3.6317
2025-05-22 14:22:49,743 - transvg_dino_vit_20250521_151301 - INFO - Epoch 33, Batch 1650/1696, Loss: 3.1831
2025-05-22 14:22:49,743 - transvg_dino_vit_20250521_151301 - INFO - Train metrics: l1_loss: 0.2851 | giou_loss: 0.8788 | total_loss: 3.1831
2025-05-22 14:23:52,211 - transvg_dino_vit_20250521_151301 - INFO - Train Epoch 33, Loss: 3.8079
2025-05-22 14:25:50,363 - transvg_dino_vit_20250521_151301 - INFO - Pred box sample: [77.05828094482422, 88.53157043457031, 249.87249755859375, 253.38339233398438]
2025-05-22 14:25:50,363 - transvg_dino_vit_20250521_151301 - INFO - Target box sample: [207.0, 198.0, 287.0, 283.0]
2025-05-22 14:25:50,442 - transvg_dino_vit_20250521_151301 - INFO - Validation Epoch 33, Loss: 4.6263
2025-05-22 14:25:50,442 - transvg_dino_vit_20250521_151301 - INFO - Val metrics: Acc@0.25: 0.3110 | Acc@0.5: 0.1195 | Acc@0.75: 0.0178 | mIoU: 0.1819 | medianIoU: 0.0787 | mae_x1: 104.5561 | mae_y1: 102.7354 | mae_x2: 103.5117 | mae_y2: 99.9622 | center_x_error: 89.9730 | center_y_error: 85.9154 | width_error: 2.2330 | height_error: 2.1941 | loss: 4.6263
2025-05-22 14:25:51,328 - transvg_dino_vit_20250521_151301 - INFO - Saved model checkpoint to /home/pokle/Trans-VG/visual_grounding/checkpoints/transvg_dino_vit_20250521_151301_epoch33.pth
2025-05-22 14:25:51,328 - transvg_dino_vit_20250521_151301 - INFO - Epoch 34/200
2025-05-22 14:25:53,204 - transvg_dino_vit_20250521_151301 - INFO - Epoch 34, Batch 0/1696, Loss: 3.5466
2025-05-22 14:25:53,205 - transvg_dino_vit_20250521_151301 - INFO - Train metrics: l1_loss: 0.3523 | giou_loss: 0.8926 | total_loss: 3.5466
2025-05-22 14:27:03,141 - transvg_dino_vit_20250521_151301 - INFO - Epoch 34, Batch 50/1696, Loss: 4.2935
2025-05-22 14:27:03,141 - transvg_dino_vit_20250521_151301 - INFO - Train metrics: l1_loss: 0.4556 | giou_loss: 1.0078 | total_loss: 4.2935
2025-05-22 14:28:13,274 - transvg_dino_vit_20250521_151301 - INFO - Epoch 34, Batch 100/1696, Loss: 4.2989
2025-05-22 14:28:13,274 - transvg_dino_vit_20250521_151301 - INFO - Train metrics: l1_loss: 0.5021 | giou_loss: 0.8942 | total_loss: 4.2989
2025-05-22 14:29:23,259 - transvg_dino_vit_20250521_151301 - INFO - Epoch 34, Batch 150/1696, Loss: 4.2732
2025-05-22 14:29:23,259 - transvg_dino_vit_20250521_151301 - INFO - Train metrics: l1_loss: 0.4679 | giou_loss: 0.9668 | total_loss: 4.2732
2025-05-22 14:30:32,954 - transvg_dino_vit_20250521_151301 - INFO - Epoch 34, Batch 200/1696, Loss: 3.9788
2025-05-22 14:30:32,955 - transvg_dino_vit_20250521_151301 - INFO - Train metrics: l1_loss: 0.4248 | giou_loss: 0.9275 | total_loss: 3.9788
2025-05-22 14:31:42,695 - transvg_dino_vit_20250521_151301 - INFO - Epoch 34, Batch 250/1696, Loss: 3.1747
2025-05-22 14:31:42,695 - transvg_dino_vit_20250521_151301 - INFO - Train metrics: l1_loss: 0.3129 | giou_loss: 0.8052 | total_loss: 3.1747
2025-05-22 14:32:52,573 - transvg_dino_vit_20250521_151301 - INFO - Epoch 34, Batch 300/1696, Loss: 3.8436
2025-05-22 14:32:52,573 - transvg_dino_vit_20250521_151301 - INFO - Train metrics: l1_loss: 0.3972 | giou_loss: 0.9289 | total_loss: 3.8436
2025-05-22 14:34:02,758 - transvg_dino_vit_20250521_151301 - INFO - Epoch 34, Batch 350/1696, Loss: 3.4576
2025-05-22 14:34:02,758 - transvg_dino_vit_20250521_151301 - INFO - Train metrics: l1_loss: 0.3481 | giou_loss: 0.8585 | total_loss: 3.4576
2025-05-22 14:35:12,466 - transvg_dino_vit_20250521_151301 - INFO - Epoch 34, Batch 400/1696, Loss: 4.3745
2025-05-22 14:35:12,467 - transvg_dino_vit_20250521_151301 - INFO - Train metrics: l1_loss: 0.4399 | giou_loss: 1.0874 | total_loss: 4.3745
2025-05-22 14:36:22,538 - transvg_dino_vit_20250521_151301 - INFO - Epoch 34, Batch 450/1696, Loss: 3.5903
2025-05-22 14:36:22,538 - transvg_dino_vit_20250521_151301 - INFO - Train metrics: l1_loss: 0.3621 | giou_loss: 0.8898 | total_loss: 3.5903
2025-05-22 14:37:31,033 - transvg_dino_vit_20250521_151301 - INFO - Epoch 34, Batch 500/1696, Loss: 3.0806
2025-05-22 14:37:31,033 - transvg_dino_vit_20250521_151301 - INFO - Train metrics: l1_loss: 0.3116 | giou_loss: 0.7612 | total_loss: 3.0806
2025-05-22 14:38:38,918 - transvg_dino_vit_20250521_151301 - INFO - Epoch 34, Batch 550/1696, Loss: 3.8289
2025-05-22 14:38:38,918 - transvg_dino_vit_20250521_151301 - INFO - Train metrics: l1_loss: 0.3867 | giou_loss: 0.9477 | total_loss: 3.8289
2025-05-22 14:39:45,541 - transvg_dino_vit_20250521_151301 - INFO - Epoch 34, Batch 600/1696, Loss: 3.5355
2025-05-22 14:39:45,541 - transvg_dino_vit_20250521_151301 - INFO - Train metrics: l1_loss: 0.3354 | giou_loss: 0.9292 | total_loss: 3.5355
2025-05-22 14:40:50,657 - transvg_dino_vit_20250521_151301 - INFO - Epoch 34, Batch 650/1696, Loss: 4.2426
2025-05-22 14:40:50,657 - transvg_dino_vit_20250521_151301 - INFO - Train metrics: l1_loss: 0.4636 | giou_loss: 0.9623 | total_loss: 4.2426
2025-05-22 14:41:54,760 - transvg_dino_vit_20250521_151301 - INFO - Epoch 34, Batch 700/1696, Loss: 3.3133
2025-05-22 14:41:54,761 - transvg_dino_vit_20250521_151301 - INFO - Train metrics: l1_loss: 0.3158 | giou_loss: 0.8671 | total_loss: 3.3133
2025-05-22 14:42:57,653 - transvg_dino_vit_20250521_151301 - INFO - Epoch 34, Batch 750/1696, Loss: 3.8457
2025-05-22 14:42:57,653 - transvg_dino_vit_20250521_151301 - INFO - Train metrics: l1_loss: 0.3886 | giou_loss: 0.9514 | total_loss: 3.8457
2025-05-22 14:44:00,518 - transvg_dino_vit_20250521_151301 - INFO - Epoch 34, Batch 800/1696, Loss: 4.1379
2025-05-22 14:44:00,518 - transvg_dino_vit_20250521_151301 - INFO - Train metrics: l1_loss: 0.4768 | giou_loss: 0.8770 | total_loss: 4.1379
2025-05-22 14:45:03,480 - transvg_dino_vit_20250521_151301 - INFO - Epoch 34, Batch 850/1696, Loss: 4.0301
2025-05-22 14:45:03,480 - transvg_dino_vit_20250521_151301 - INFO - Train metrics: l1_loss: 0.4302 | giou_loss: 0.9395 | total_loss: 4.0301
2025-05-22 14:46:06,318 - transvg_dino_vit_20250521_151301 - INFO - Epoch 34, Batch 900/1696, Loss: 4.4833
2025-05-22 14:46:06,339 - transvg_dino_vit_20250521_151301 - INFO - Train metrics: l1_loss: 0.4606 | giou_loss: 1.0902 | total_loss: 4.4833
2025-05-22 14:47:09,146 - transvg_dino_vit_20250521_151301 - INFO - Epoch 34, Batch 950/1696, Loss: 3.7508
2025-05-22 14:47:09,146 - transvg_dino_vit_20250521_151301 - INFO - Train metrics: l1_loss: 0.3943 | giou_loss: 0.8897 | total_loss: 3.7508
2025-05-22 14:48:12,042 - transvg_dino_vit_20250521_151301 - INFO - Epoch 34, Batch 1000/1696, Loss: 3.9688
2025-05-22 14:48:12,043 - transvg_dino_vit_20250521_151301 - INFO - Train metrics: l1_loss: 0.4296 | giou_loss: 0.9103 | total_loss: 3.9688
2025-05-22 14:49:14,919 - transvg_dino_vit_20250521_151301 - INFO - Epoch 34, Batch 1050/1696, Loss: 4.2537
2025-05-22 14:49:14,984 - transvg_dino_vit_20250521_151301 - INFO - Train metrics: l1_loss: 0.4536 | giou_loss: 0.9929 | total_loss: 4.2537
2025-05-22 14:50:17,900 - transvg_dino_vit_20250521_151301 - INFO - Epoch 34, Batch 1100/1696, Loss: 3.5435
2025-05-22 14:50:17,901 - transvg_dino_vit_20250521_151301 - INFO - Train metrics: l1_loss: 0.3680 | giou_loss: 0.8517 | total_loss: 3.5435
2025-05-22 14:51:20,850 - transvg_dino_vit_20250521_151301 - INFO - Epoch 34, Batch 1150/1696, Loss: 3.6692
2025-05-22 14:51:20,901 - transvg_dino_vit_20250521_151301 - INFO - Train metrics: l1_loss: 0.4114 | giou_loss: 0.8061 | total_loss: 3.6692
2025-05-22 14:52:23,713 - transvg_dino_vit_20250521_151301 - INFO - Epoch 34, Batch 1200/1696, Loss: 3.6155
2025-05-22 14:52:23,713 - transvg_dino_vit_20250521_151301 - INFO - Train metrics: l1_loss: 0.3468 | giou_loss: 0.9406 | total_loss: 3.6155
2025-05-22 14:53:26,544 - transvg_dino_vit_20250521_151301 - INFO - Epoch 34, Batch 1250/1696, Loss: 3.7534
2025-05-22 14:53:26,545 - transvg_dino_vit_20250521_151301 - INFO - Train metrics: l1_loss: 0.3754 | giou_loss: 0.9382 | total_loss: 3.7534
2025-05-22 14:54:29,268 - transvg_dino_vit_20250521_151301 - INFO - Epoch 34, Batch 1300/1696, Loss: 3.4127
2025-05-22 14:54:29,268 - transvg_dino_vit_20250521_151301 - INFO - Train metrics: l1_loss: 0.3313 | giou_loss: 0.8780 | total_loss: 3.4127
2025-05-22 14:55:32,060 - transvg_dino_vit_20250521_151301 - INFO - Epoch 34, Batch 1350/1696, Loss: 3.6522
2025-05-22 14:55:32,061 - transvg_dino_vit_20250521_151301 - INFO - Train metrics: l1_loss: 0.3670 | giou_loss: 0.9087 | total_loss: 3.6522
2025-05-22 14:56:34,803 - transvg_dino_vit_20250521_151301 - INFO - Epoch 34, Batch 1400/1696, Loss: 3.4081
2025-05-22 14:56:34,804 - transvg_dino_vit_20250521_151301 - INFO - Train metrics: l1_loss: 0.3350 | giou_loss: 0.8666 | total_loss: 3.4081
2025-05-22 14:57:37,508 - transvg_dino_vit_20250521_151301 - INFO - Epoch 34, Batch 1450/1696, Loss: 3.7502
2025-05-22 14:57:37,509 - transvg_dino_vit_20250521_151301 - INFO - Train metrics: l1_loss: 0.3889 | giou_loss: 0.9028 | total_loss: 3.7502
2025-05-22 14:58:40,401 - transvg_dino_vit_20250521_151301 - INFO - Epoch 34, Batch 1500/1696, Loss: 3.0997
2025-05-22 14:58:40,402 - transvg_dino_vit_20250521_151301 - INFO - Train metrics: l1_loss: 0.2957 | giou_loss: 0.8107 | total_loss: 3.0997
2025-05-22 14:59:44,996 - transvg_dino_vit_20250521_151301 - INFO - Epoch 34, Batch 1550/1696, Loss: 3.6978
2025-05-22 14:59:44,997 - transvg_dino_vit_20250521_151301 - INFO - Train metrics: l1_loss: 0.3944 | giou_loss: 0.8629 | total_loss: 3.6978
2025-05-22 15:00:52,157 - transvg_dino_vit_20250521_151301 - INFO - Epoch 34, Batch 1600/1696, Loss: 4.2523
2025-05-22 15:00:52,157 - transvg_dino_vit_20250521_151301 - INFO - Train metrics: l1_loss: 0.4405 | giou_loss: 1.0249 | total_loss: 4.2523
2025-05-22 15:01:59,574 - transvg_dino_vit_20250521_151301 - INFO - Epoch 34, Batch 1650/1696, Loss: 3.0842
2025-05-22 15:01:59,575 - transvg_dino_vit_20250521_151301 - INFO - Train metrics: l1_loss: 0.3046 | giou_loss: 0.7807 | total_loss: 3.0842
2025-05-22 15:03:00,435 - transvg_dino_vit_20250521_151301 - INFO - Train Epoch 34, Loss: 3.7939
2025-05-22 15:04:54,714 - transvg_dino_vit_20250521_151301 - INFO - Pred box sample: [87.97227478027344, 77.57316589355469, 252.018310546875, 234.00848388671875]
2025-05-22 15:04:54,714 - transvg_dino_vit_20250521_151301 - INFO - Target box sample: [207.0, 198.0, 287.0, 283.0]
2025-05-22 15:04:54,816 - transvg_dino_vit_20250521_151301 - INFO - Validation Epoch 34, Loss: 4.6278
2025-05-22 15:04:54,816 - transvg_dino_vit_20250521_151301 - INFO - Val metrics: Acc@0.25: 0.3124 | Acc@0.5: 0.1190 | Acc@0.75: 0.0178 | mIoU: 0.1805 | medianIoU: 0.0766 | mae_x1: 104.4203 | mae_y1: 101.8663 | mae_x2: 103.6419 | mae_y2: 100.0276 | center_x_error: 89.3905 | center_y_error: 86.0008 | width_error: 2.3299 | height_error: 2.1134 | loss: 4.6278
2025-05-22 15:04:55,939 - transvg_dino_vit_20250521_151301 - INFO - Saved model checkpoint to /home/pokle/Trans-VG/visual_grounding/checkpoints/transvg_dino_vit_20250521_151301_epoch34.pth
2025-05-22 15:04:55,940 - transvg_dino_vit_20250521_151301 - INFO - Epoch 35/200
2025-05-22 15:04:58,184 - transvg_dino_vit_20250521_151301 - INFO - Epoch 35, Batch 0/1696, Loss: 4.1012
2025-05-22 15:04:58,184 - transvg_dino_vit_20250521_151301 - INFO - Train metrics: l1_loss: 0.4231 | giou_loss: 0.9929 | total_loss: 4.1012
2025-05-22 15:06:07,796 - transvg_dino_vit_20250521_151301 - INFO - Epoch 35, Batch 50/1696, Loss: 3.4716
2025-05-22 15:06:07,796 - transvg_dino_vit_20250521_151301 - INFO - Train metrics: l1_loss: 0.3253 | giou_loss: 0.9227 | total_loss: 3.4716
2025-05-22 15:07:17,104 - transvg_dino_vit_20250521_151301 - INFO - Epoch 35, Batch 100/1696, Loss: 4.9713
2025-05-22 15:07:17,105 - transvg_dino_vit_20250521_151301 - INFO - Train metrics: l1_loss: 0.5755 | giou_loss: 1.0468 | total_loss: 4.9713
2025-05-22 15:08:27,527 - transvg_dino_vit_20250521_151301 - INFO - Epoch 35, Batch 150/1696, Loss: 3.0895
2025-05-22 15:08:27,528 - transvg_dino_vit_20250521_151301 - INFO - Train metrics: l1_loss: 0.3126 | giou_loss: 0.7633 | total_loss: 3.0895
2025-05-22 15:09:36,972 - transvg_dino_vit_20250521_151301 - INFO - Epoch 35, Batch 200/1696, Loss: 4.2333
2025-05-22 15:09:36,972 - transvg_dino_vit_20250521_151301 - INFO - Train metrics: l1_loss: 0.4730 | giou_loss: 0.9343 | total_loss: 4.2333
2025-05-22 15:10:45,904 - transvg_dino_vit_20250521_151301 - INFO - Epoch 35, Batch 250/1696, Loss: 3.2458
2025-05-22 15:10:45,905 - transvg_dino_vit_20250521_151301 - INFO - Train metrics: l1_loss: 0.3192 | giou_loss: 0.8250 | total_loss: 3.2458
2025-05-22 15:11:54,994 - transvg_dino_vit_20250521_151301 - INFO - Epoch 35, Batch 300/1696, Loss: 4.1772
2025-05-22 15:11:54,995 - transvg_dino_vit_20250521_151301 - INFO - Train metrics: l1_loss: 0.4641 | giou_loss: 0.9284 | total_loss: 4.1772
2025-05-22 15:13:03,570 - transvg_dino_vit_20250521_151301 - INFO - Epoch 35, Batch 350/1696, Loss: 3.6132
2025-05-22 15:13:03,571 - transvg_dino_vit_20250521_151301 - INFO - Train metrics: l1_loss: 0.3252 | giou_loss: 0.9937 | total_loss: 3.6132
2025-05-22 15:14:11,708 - transvg_dino_vit_20250521_151301 - INFO - Epoch 35, Batch 400/1696, Loss: 3.6699
2025-05-22 15:14:11,709 - transvg_dino_vit_20250521_151301 - INFO - Train metrics: l1_loss: 0.3979 | giou_loss: 0.8403 | total_loss: 3.6699
2025-05-22 15:15:21,058 - transvg_dino_vit_20250521_151301 - INFO - Epoch 35, Batch 450/1696, Loss: 3.5657
2025-05-22 15:15:21,059 - transvg_dino_vit_20250521_151301 - INFO - Train metrics: l1_loss: 0.3539 | giou_loss: 0.8981 | total_loss: 3.5657
2025-05-22 15:16:30,186 - transvg_dino_vit_20250521_151301 - INFO - Epoch 35, Batch 500/1696, Loss: 4.3123
2025-05-22 15:16:30,187 - transvg_dino_vit_20250521_151301 - INFO - Train metrics: l1_loss: 0.4988 | giou_loss: 0.9091 | total_loss: 4.3123
2025-05-22 15:17:39,284 - transvg_dino_vit_20250521_151301 - INFO - Epoch 35, Batch 550/1696, Loss: 4.5496
2025-05-22 15:17:39,285 - transvg_dino_vit_20250521_151301 - INFO - Train metrics: l1_loss: 0.4730 | giou_loss: 1.0923 | total_loss: 4.5496
2025-05-22 15:18:48,104 - transvg_dino_vit_20250521_151301 - INFO - Epoch 35, Batch 600/1696, Loss: 4.3394
2025-05-22 15:18:48,104 - transvg_dino_vit_20250521_151301 - INFO - Train metrics: l1_loss: 0.4358 | giou_loss: 1.0801 | total_loss: 4.3394
2025-05-22 15:19:57,726 - transvg_dino_vit_20250521_151301 - INFO - Epoch 35, Batch 650/1696, Loss: 3.4495
2025-05-22 15:19:57,726 - transvg_dino_vit_20250521_151301 - INFO - Train metrics: l1_loss: 0.3742 | giou_loss: 0.7892 | total_loss: 3.4495
2025-05-22 15:21:06,873 - transvg_dino_vit_20250521_151301 - INFO - Epoch 35, Batch 700/1696, Loss: 3.0394
2025-05-22 15:21:06,873 - transvg_dino_vit_20250521_151301 - INFO - Train metrics: l1_loss: 0.2956 | giou_loss: 0.7808 | total_loss: 3.0394
2025-05-22 15:22:15,847 - transvg_dino_vit_20250521_151301 - INFO - Epoch 35, Batch 750/1696, Loss: 4.0098
2025-05-22 15:22:15,848 - transvg_dino_vit_20250521_151301 - INFO - Train metrics: l1_loss: 0.4273 | giou_loss: 0.9366 | total_loss: 4.0098
2025-05-22 15:23:25,741 - transvg_dino_vit_20250521_151301 - INFO - Epoch 35, Batch 800/1696, Loss: 3.7497
2025-05-22 15:23:25,742 - transvg_dino_vit_20250521_151301 - INFO - Train metrics: l1_loss: 0.3826 | giou_loss: 0.9183 | total_loss: 3.7497
2025-05-22 15:24:35,031 - transvg_dino_vit_20250521_151301 - INFO - Epoch 35, Batch 850/1696, Loss: 3.6872
2025-05-22 15:24:35,032 - transvg_dino_vit_20250521_151301 - INFO - Train metrics: l1_loss: 0.3908 | giou_loss: 0.8667 | total_loss: 3.6872
2025-05-22 15:25:44,249 - transvg_dino_vit_20250521_151301 - INFO - Epoch 35, Batch 900/1696, Loss: 3.6295
2025-05-22 15:25:44,249 - transvg_dino_vit_20250521_151301 - INFO - Train metrics: l1_loss: 0.3656 | giou_loss: 0.9008 | total_loss: 3.6295
2025-05-22 15:26:53,865 - transvg_dino_vit_20250521_151301 - INFO - Epoch 35, Batch 950/1696, Loss: 3.8729
2025-05-22 15:26:53,866 - transvg_dino_vit_20250521_151301 - INFO - Train metrics: l1_loss: 0.4121 | giou_loss: 0.9061 | total_loss: 3.8729
2025-05-22 15:28:03,902 - transvg_dino_vit_20250521_151301 - INFO - Epoch 35, Batch 1000/1696, Loss: 2.9759
2025-05-22 15:28:03,902 - transvg_dino_vit_20250521_151301 - INFO - Train metrics: l1_loss: 0.3132 | giou_loss: 0.7049 | total_loss: 2.9759
2025-05-22 15:29:13,757 - transvg_dino_vit_20250521_151301 - INFO - Epoch 35, Batch 1050/1696, Loss: 3.6644
2025-05-22 15:29:13,757 - transvg_dino_vit_20250521_151301 - INFO - Train metrics: l1_loss: 0.4307 | giou_loss: 0.7553 | total_loss: 3.6644
2025-05-22 15:30:23,396 - transvg_dino_vit_20250521_151301 - INFO - Epoch 35, Batch 1100/1696, Loss: 3.2156
2025-05-22 15:30:23,396 - transvg_dino_vit_20250521_151301 - INFO - Train metrics: l1_loss: 0.2957 | giou_loss: 0.8685 | total_loss: 3.2156
2025-05-22 15:31:33,043 - transvg_dino_vit_20250521_151301 - INFO - Epoch 35, Batch 1150/1696, Loss: 3.8893
2025-05-22 15:31:33,043 - transvg_dino_vit_20250521_151301 - INFO - Train metrics: l1_loss: 0.4269 | giou_loss: 0.8774 | total_loss: 3.8893
2025-05-22 15:32:42,998 - transvg_dino_vit_20250521_151301 - INFO - Epoch 35, Batch 1200/1696, Loss: 3.7861
2025-05-22 15:32:42,999 - transvg_dino_vit_20250521_151301 - INFO - Train metrics: l1_loss: 0.4003 | giou_loss: 0.8922 | total_loss: 3.7861
2025-05-22 15:33:52,972 - transvg_dino_vit_20250521_151301 - INFO - Epoch 35, Batch 1250/1696, Loss: 3.6071
2025-05-22 15:33:52,972 - transvg_dino_vit_20250521_151301 - INFO - Train metrics: l1_loss: 0.3742 | giou_loss: 0.8680 | total_loss: 3.6071
2025-05-22 15:35:02,737 - transvg_dino_vit_20250521_151301 - INFO - Epoch 35, Batch 1300/1696, Loss: 3.1225
2025-05-22 15:35:02,737 - transvg_dino_vit_20250521_151301 - INFO - Train metrics: l1_loss: 0.3220 | giou_loss: 0.7563 | total_loss: 3.1225
2025-05-22 15:36:12,511 - transvg_dino_vit_20250521_151301 - INFO - Epoch 35, Batch 1350/1696, Loss: 4.3573
2025-05-22 15:36:12,511 - transvg_dino_vit_20250521_151301 - INFO - Train metrics: l1_loss: 0.4636 | giou_loss: 1.0197 | total_loss: 4.3573
2025-05-22 15:37:22,741 - transvg_dino_vit_20250521_151301 - INFO - Epoch 35, Batch 1400/1696, Loss: 3.4400
2025-05-22 15:37:22,742 - transvg_dino_vit_20250521_151301 - INFO - Train metrics: l1_loss: 0.3230 | giou_loss: 0.9126 | total_loss: 3.4400
2025-05-22 15:38:33,031 - transvg_dino_vit_20250521_151301 - INFO - Epoch 35, Batch 1450/1696, Loss: 2.8381
2025-05-22 15:38:33,031 - transvg_dino_vit_20250521_151301 - INFO - Train metrics: l1_loss: 0.2614 | giou_loss: 0.7655 | total_loss: 2.8381
2025-05-22 15:39:42,810 - transvg_dino_vit_20250521_151301 - INFO - Epoch 35, Batch 1500/1696, Loss: 3.1365
2025-05-22 15:39:42,810 - transvg_dino_vit_20250521_151301 - INFO - Train metrics: l1_loss: 0.3093 | giou_loss: 0.7950 | total_loss: 3.1365
2025-05-22 15:40:52,945 - transvg_dino_vit_20250521_151301 - INFO - Epoch 35, Batch 1550/1696, Loss: 3.7415
2025-05-22 15:40:52,946 - transvg_dino_vit_20250521_151301 - INFO - Train metrics: l1_loss: 0.3894 | giou_loss: 0.8974 | total_loss: 3.7415
2025-05-22 15:42:02,882 - transvg_dino_vit_20250521_151301 - INFO - Epoch 35, Batch 1600/1696, Loss: 4.3194
2025-05-22 15:42:02,883 - transvg_dino_vit_20250521_151301 - INFO - Train metrics: l1_loss: 0.4768 | giou_loss: 0.9677 | total_loss: 4.3194
2025-05-22 15:43:12,349 - transvg_dino_vit_20250521_151301 - INFO - Epoch 35, Batch 1650/1696, Loss: 3.9404
2025-05-22 15:43:12,349 - transvg_dino_vit_20250521_151301 - INFO - Train metrics: l1_loss: 0.3751 | giou_loss: 1.0324 | total_loss: 3.9404
2025-05-22 15:44:15,382 - transvg_dino_vit_20250521_151301 - INFO - Train Epoch 35, Loss: 3.7797
2025-05-22 15:46:13,264 - transvg_dino_vit_20250521_151301 - INFO - Pred box sample: [90.77763366699219, 99.62674713134766, 278.0327453613281, 279.4429626464844]
2025-05-22 15:46:13,265 - transvg_dino_vit_20250521_151301 - INFO - Target box sample: [207.0, 198.0, 287.0, 283.0]
2025-05-22 15:46:13,350 - transvg_dino_vit_20250521_151301 - INFO - Validation Epoch 35, Loss: 4.5988
2025-05-22 15:46:13,350 - transvg_dino_vit_20250521_151301 - INFO - Val metrics: Acc@0.25: 0.3139 | Acc@0.5: 0.1179 | Acc@0.75: 0.0149 | mIoU: 0.1824 | medianIoU: 0.0825 | mae_x1: 103.4762 | mae_y1: 99.5440 | mae_x2: 103.8062 | mae_y2: 99.9964 | center_x_error: 89.6175 | center_y_error: 84.2804 | width_error: 2.2381 | height_error: 2.1492 | loss: 4.5988
2025-05-22 15:46:14,233 - transvg_dino_vit_20250521_151301 - INFO - Saved model checkpoint to /home/pokle/Trans-VG/visual_grounding/checkpoints/transvg_dino_vit_20250521_151301_epoch35.pth
2025-05-22 15:46:14,234 - transvg_dino_vit_20250521_151301 - INFO - Epoch 36/200
2025-05-22 15:46:16,102 - transvg_dino_vit_20250521_151301 - INFO - Epoch 36, Batch 0/1696, Loss: 3.1595
2025-05-22 15:46:16,103 - transvg_dino_vit_20250521_151301 - INFO - Train metrics: l1_loss: 0.2820 | giou_loss: 0.8748 | total_loss: 3.1595
2025-05-22 15:47:25,217 - transvg_dino_vit_20250521_151301 - INFO - Epoch 36, Batch 50/1696, Loss: 3.4725
2025-05-22 15:47:25,217 - transvg_dino_vit_20250521_151301 - INFO - Train metrics: l1_loss: 0.3334 | giou_loss: 0.9028 | total_loss: 3.4725
2025-05-22 15:48:34,851 - transvg_dino_vit_20250521_151301 - INFO - Epoch 36, Batch 100/1696, Loss: 3.4693
2025-05-22 15:48:34,851 - transvg_dino_vit_20250521_151301 - INFO - Train metrics: l1_loss: 0.3438 | giou_loss: 0.8751 | total_loss: 3.4693
2025-05-22 15:49:44,124 - transvg_dino_vit_20250521_151301 - INFO - Epoch 36, Batch 150/1696, Loss: 3.2012
2025-05-22 15:49:44,124 - transvg_dino_vit_20250521_151301 - INFO - Train metrics: l1_loss: 0.3207 | giou_loss: 0.7989 | total_loss: 3.2012
2025-05-22 15:50:53,581 - transvg_dino_vit_20250521_151301 - INFO - Epoch 36, Batch 200/1696, Loss: 3.5805
2025-05-22 15:50:53,582 - transvg_dino_vit_20250521_151301 - INFO - Train metrics: l1_loss: 0.3842 | giou_loss: 0.8298 | total_loss: 3.5805
2025-05-22 15:52:03,596 - transvg_dino_vit_20250521_151301 - INFO - Epoch 36, Batch 250/1696, Loss: 3.4838
2025-05-22 15:52:03,596 - transvg_dino_vit_20250521_151301 - INFO - Train metrics: l1_loss: 0.3516 | giou_loss: 0.8628 | total_loss: 3.4838
2025-05-22 15:53:13,697 - transvg_dino_vit_20250521_151301 - INFO - Epoch 36, Batch 300/1696, Loss: 3.6382
2025-05-22 15:53:13,697 - transvg_dino_vit_20250521_151301 - INFO - Train metrics: l1_loss: 0.3791 | giou_loss: 0.8714 | total_loss: 3.6382
2025-05-22 15:54:23,314 - transvg_dino_vit_20250521_151301 - INFO - Epoch 36, Batch 350/1696, Loss: 3.7454
2025-05-22 15:54:23,314 - transvg_dino_vit_20250521_151301 - INFO - Train metrics: l1_loss: 0.3768 | giou_loss: 0.9308 | total_loss: 3.7454
2025-05-22 15:55:32,634 - transvg_dino_vit_20250521_151301 - INFO - Epoch 36, Batch 400/1696, Loss: 3.5305
2025-05-22 15:55:32,634 - transvg_dino_vit_20250521_151301 - INFO - Train metrics: l1_loss: 0.3437 | giou_loss: 0.9060 | total_loss: 3.5305
2025-05-22 15:56:41,420 - transvg_dino_vit_20250521_151301 - INFO - Epoch 36, Batch 450/1696, Loss: 3.7708
2025-05-22 15:56:41,420 - transvg_dino_vit_20250521_151301 - INFO - Train metrics: l1_loss: 0.4343 | giou_loss: 0.7996 | total_loss: 3.7708
2025-05-22 15:57:50,776 - transvg_dino_vit_20250521_151301 - INFO - Epoch 36, Batch 500/1696, Loss: 3.3645
2025-05-22 15:57:50,776 - transvg_dino_vit_20250521_151301 - INFO - Train metrics: l1_loss: 0.3287 | giou_loss: 0.8605 | total_loss: 3.3645
2025-05-22 15:58:59,747 - transvg_dino_vit_20250521_151301 - INFO - Epoch 36, Batch 550/1696, Loss: 4.1894
2025-05-22 15:58:59,747 - transvg_dino_vit_20250521_151301 - INFO - Train metrics: l1_loss: 0.4106 | giou_loss: 1.0682 | total_loss: 4.1894
2025-05-22 16:00:08,944 - transvg_dino_vit_20250521_151301 - INFO - Epoch 36, Batch 600/1696, Loss: 3.7870
2025-05-22 16:00:08,944 - transvg_dino_vit_20250521_151301 - INFO - Train metrics: l1_loss: 0.4036 | giou_loss: 0.8845 | total_loss: 3.7870
2025-05-22 16:01:18,969 - transvg_dino_vit_20250521_151301 - INFO - Epoch 36, Batch 650/1696, Loss: 4.0168
2025-05-22 16:01:18,970 - transvg_dino_vit_20250521_151301 - INFO - Train metrics: l1_loss: 0.4258 | giou_loss: 0.9439 | total_loss: 4.0168
2025-05-22 16:02:28,291 - transvg_dino_vit_20250521_151301 - INFO - Epoch 36, Batch 700/1696, Loss: 4.2267
2025-05-22 16:02:28,291 - transvg_dino_vit_20250521_151301 - INFO - Train metrics: l1_loss: 0.4126 | giou_loss: 1.0820 | total_loss: 4.2267
2025-05-22 16:03:37,336 - transvg_dino_vit_20250521_151301 - INFO - Epoch 36, Batch 750/1696, Loss: 3.7416
2025-05-22 16:03:37,336 - transvg_dino_vit_20250521_151301 - INFO - Train metrics: l1_loss: 0.3612 | giou_loss: 0.9678 | total_loss: 3.7416
2025-05-22 16:04:45,894 - transvg_dino_vit_20250521_151301 - INFO - Epoch 36, Batch 800/1696, Loss: 3.8643
2025-05-22 16:04:45,894 - transvg_dino_vit_20250521_151301 - INFO - Train metrics: l1_loss: 0.4202 | giou_loss: 0.8818 | total_loss: 3.8643
2025-05-22 16:05:54,670 - transvg_dino_vit_20250521_151301 - INFO - Epoch 36, Batch 850/1696, Loss: 3.7765
2025-05-22 16:05:54,670 - transvg_dino_vit_20250521_151301 - INFO - Train metrics: l1_loss: 0.4075 | giou_loss: 0.8695 | total_loss: 3.7765
2025-05-22 16:07:03,900 - transvg_dino_vit_20250521_151301 - INFO - Epoch 36, Batch 900/1696, Loss: 3.6000
2025-05-22 16:07:03,900 - transvg_dino_vit_20250521_151301 - INFO - Train metrics: l1_loss: 0.3405 | giou_loss: 0.9486 | total_loss: 3.6000
2025-05-22 16:08:12,853 - transvg_dino_vit_20250521_151301 - INFO - Epoch 36, Batch 950/1696, Loss: 3.4107
2025-05-22 16:08:12,853 - transvg_dino_vit_20250521_151301 - INFO - Train metrics: l1_loss: 0.3113 | giou_loss: 0.9271 | total_loss: 3.4107
2025-05-22 16:09:22,772 - transvg_dino_vit_20250521_151301 - INFO - Epoch 36, Batch 1000/1696, Loss: 4.1086
2025-05-22 16:09:22,772 - transvg_dino_vit_20250521_151301 - INFO - Train metrics: l1_loss: 0.3951 | giou_loss: 1.0664 | total_loss: 4.1086
2025-05-22 16:10:32,569 - transvg_dino_vit_20250521_151301 - INFO - Epoch 36, Batch 1050/1696, Loss: 3.5139
2025-05-22 16:10:32,569 - transvg_dino_vit_20250521_151301 - INFO - Train metrics: l1_loss: 0.3503 | giou_loss: 0.8811 | total_loss: 3.5139
2025-05-22 16:11:42,055 - transvg_dino_vit_20250521_151301 - INFO - Epoch 36, Batch 1100/1696, Loss: 3.7337
2025-05-22 16:11:42,055 - transvg_dino_vit_20250521_151301 - INFO - Train metrics: l1_loss: 0.3808 | giou_loss: 0.9148 | total_loss: 3.7337
2025-05-22 16:12:51,570 - transvg_dino_vit_20250521_151301 - INFO - Epoch 36, Batch 1150/1696, Loss: 4.6114
2025-05-22 16:12:51,570 - transvg_dino_vit_20250521_151301 - INFO - Train metrics: l1_loss: 0.4857 | giou_loss: 1.0914 | total_loss: 4.6114
2025-05-22 16:14:00,984 - transvg_dino_vit_20250521_151301 - INFO - Epoch 36, Batch 1200/1696, Loss: 4.5813
2025-05-22 16:14:00,984 - transvg_dino_vit_20250521_151301 - INFO - Train metrics: l1_loss: 0.4629 | giou_loss: 1.1335 | total_loss: 4.5813
2025-05-22 16:15:10,543 - transvg_dino_vit_20250521_151301 - INFO - Epoch 36, Batch 1250/1696, Loss: 3.8322
2025-05-22 16:15:10,543 - transvg_dino_vit_20250521_151301 - INFO - Train metrics: l1_loss: 0.3755 | giou_loss: 0.9773 | total_loss: 3.8322
2025-05-22 16:16:19,337 - transvg_dino_vit_20250521_151301 - INFO - Epoch 36, Batch 1300/1696, Loss: 4.2377
2025-05-22 16:16:19,337 - transvg_dino_vit_20250521_151301 - INFO - Train metrics: l1_loss: 0.4659 | giou_loss: 0.9542 | total_loss: 4.2377
2025-05-22 16:17:28,487 - transvg_dino_vit_20250521_151301 - INFO - Epoch 36, Batch 1350/1696, Loss: 2.8424
2025-05-22 16:17:28,488 - transvg_dino_vit_20250521_151301 - INFO - Train metrics: l1_loss: 0.2857 | giou_loss: 0.7070 | total_loss: 2.8424
2025-05-22 16:18:37,450 - transvg_dino_vit_20250521_151301 - INFO - Epoch 36, Batch 1400/1696, Loss: 3.5097
2025-05-22 16:18:37,450 - transvg_dino_vit_20250521_151301 - INFO - Train metrics: l1_loss: 0.3443 | giou_loss: 0.8941 | total_loss: 3.5097
2025-05-22 16:19:47,070 - transvg_dino_vit_20250521_151301 - INFO - Epoch 36, Batch 1450/1696, Loss: 3.8699
2025-05-22 16:19:47,070 - transvg_dino_vit_20250521_151301 - INFO - Train metrics: l1_loss: 0.4183 | giou_loss: 0.8893 | total_loss: 3.8699
2025-05-22 16:20:56,437 - transvg_dino_vit_20250521_151301 - INFO - Epoch 36, Batch 1500/1696, Loss: 4.3543
2025-05-22 16:20:56,437 - transvg_dino_vit_20250521_151301 - INFO - Train metrics: l1_loss: 0.4662 | giou_loss: 1.0115 | total_loss: 4.3543
2025-05-22 16:22:06,227 - transvg_dino_vit_20250521_151301 - INFO - Epoch 36, Batch 1550/1696, Loss: 3.8335
2025-05-22 16:22:06,227 - transvg_dino_vit_20250521_151301 - INFO - Train metrics: l1_loss: 0.3808 | giou_loss: 0.9647 | total_loss: 3.8335
2025-05-22 16:23:15,855 - transvg_dino_vit_20250521_151301 - INFO - Epoch 36, Batch 1600/1696, Loss: 4.0920
2025-05-22 16:23:15,855 - transvg_dino_vit_20250521_151301 - INFO - Train metrics: l1_loss: 0.4409 | giou_loss: 0.9437 | total_loss: 4.0920
2025-05-22 16:24:25,671 - transvg_dino_vit_20250521_151301 - INFO - Epoch 36, Batch 1650/1696, Loss: 3.7574
2025-05-22 16:24:25,672 - transvg_dino_vit_20250521_151301 - INFO - Train metrics: l1_loss: 0.4072 | giou_loss: 0.8606 | total_loss: 3.7574
2025-05-22 16:25:28,412 - transvg_dino_vit_20250521_151301 - INFO - Train Epoch 36, Loss: 3.7719
2025-05-22 16:27:25,690 - transvg_dino_vit_20250521_151301 - INFO - Pred box sample: [80.01798248291016, 100.6048812866211, 251.4010009765625, 266.5209655761719]
2025-05-22 16:27:25,690 - transvg_dino_vit_20250521_151301 - INFO - Target box sample: [207.0, 198.0, 287.0, 283.0]
2025-05-22 16:27:25,767 - transvg_dino_vit_20250521_151301 - INFO - Validation Epoch 36, Loss: 4.6364
2025-05-22 16:27:25,767 - transvg_dino_vit_20250521_151301 - INFO - Val metrics: Acc@0.25: 0.3094 | Acc@0.5: 0.1158 | Acc@0.75: 0.0157 | mIoU: 0.1794 | medianIoU: 0.0808 | mae_x1: 103.2004 | mae_y1: 101.1240 | mae_x2: 104.0410 | mae_y2: 100.9644 | center_x_error: 89.3527 | center_y_error: 86.5845 | width_error: 2.2424 | height_error: 2.0433 | loss: 4.6364
2025-05-22 16:27:26,697 - transvg_dino_vit_20250521_151301 - INFO - Saved model checkpoint to /home/pokle/Trans-VG/visual_grounding/checkpoints/transvg_dino_vit_20250521_151301_epoch36.pth
2025-05-22 16:27:26,697 - transvg_dino_vit_20250521_151301 - INFO - Epoch 37/200
2025-05-22 16:27:28,586 - transvg_dino_vit_20250521_151301 - INFO - Epoch 37, Batch 0/1696, Loss: 3.4422
2025-05-22 16:27:28,586 - transvg_dino_vit_20250521_151301 - INFO - Train metrics: l1_loss: 0.3420 | giou_loss: 0.8661 | total_loss: 3.4422
2025-05-22 16:28:37,851 - transvg_dino_vit_20250521_151301 - INFO - Epoch 37, Batch 50/1696, Loss: 3.7968
2025-05-22 16:28:37,851 - transvg_dino_vit_20250521_151301 - INFO - Train metrics: l1_loss: 0.3774 | giou_loss: 0.9550 | total_loss: 3.7968
2025-05-22 16:29:47,157 - transvg_dino_vit_20250521_151301 - INFO - Epoch 37, Batch 100/1696, Loss: 3.7591
2025-05-22 16:29:47,157 - transvg_dino_vit_20250521_151301 - INFO - Train metrics: l1_loss: 0.3778 | giou_loss: 0.9351 | total_loss: 3.7591
2025-05-22 16:30:56,825 - transvg_dino_vit_20250521_151301 - INFO - Epoch 37, Batch 150/1696, Loss: 3.4512
2025-05-22 16:30:56,825 - transvg_dino_vit_20250521_151301 - INFO - Train metrics: l1_loss: 0.3215 | giou_loss: 0.9219 | total_loss: 3.4512
2025-05-22 16:32:05,929 - transvg_dino_vit_20250521_151301 - INFO - Epoch 37, Batch 200/1696, Loss: 4.0574
2025-05-22 16:32:05,929 - transvg_dino_vit_20250521_151301 - INFO - Train metrics: l1_loss: 0.4181 | giou_loss: 0.9836 | total_loss: 4.0574
2025-05-22 16:33:14,636 - transvg_dino_vit_20250521_151301 - INFO - Epoch 37, Batch 250/1696, Loss: 3.1393
2025-05-22 16:33:14,636 - transvg_dino_vit_20250521_151301 - INFO - Train metrics: l1_loss: 0.3398 | giou_loss: 0.7202 | total_loss: 3.1393
2025-05-22 16:34:23,305 - transvg_dino_vit_20250521_151301 - INFO - Epoch 37, Batch 300/1696, Loss: 3.9763
2025-05-22 16:34:23,305 - transvg_dino_vit_20250521_151301 - INFO - Train metrics: l1_loss: 0.4370 | giou_loss: 0.8956 | total_loss: 3.9763
2025-05-22 16:35:32,133 - transvg_dino_vit_20250521_151301 - INFO - Epoch 37, Batch 350/1696, Loss: 4.3425
2025-05-22 16:35:32,133 - transvg_dino_vit_20250521_151301 - INFO - Train metrics: l1_loss: 0.5014 | giou_loss: 0.9178 | total_loss: 4.3425
2025-05-22 16:36:41,438 - transvg_dino_vit_20250521_151301 - INFO - Epoch 37, Batch 400/1696, Loss: 3.2749
2025-05-22 16:36:41,438 - transvg_dino_vit_20250521_151301 - INFO - Train metrics: l1_loss: 0.3564 | giou_loss: 0.7464 | total_loss: 3.2749
2025-05-22 16:37:50,808 - transvg_dino_vit_20250521_151301 - INFO - Epoch 37, Batch 450/1696, Loss: 3.2191
2025-05-22 16:37:50,808 - transvg_dino_vit_20250521_151301 - INFO - Train metrics: l1_loss: 0.3406 | giou_loss: 0.7580 | total_loss: 3.2191
2025-05-22 16:38:59,185 - transvg_dino_vit_20250521_151301 - INFO - Epoch 37, Batch 500/1696, Loss: 4.0077
2025-05-22 16:38:59,185 - transvg_dino_vit_20250521_151301 - INFO - Train metrics: l1_loss: 0.4194 | giou_loss: 0.9553 | total_loss: 4.0077
2025-05-22 16:40:08,924 - transvg_dino_vit_20250521_151301 - INFO - Epoch 37, Batch 550/1696, Loss: 4.2727
2025-05-22 16:40:08,925 - transvg_dino_vit_20250521_151301 - INFO - Train metrics: l1_loss: 0.4397 | giou_loss: 1.0370 | total_loss: 4.2727
2025-05-22 16:41:18,247 - transvg_dino_vit_20250521_151301 - INFO - Epoch 37, Batch 600/1696, Loss: 3.4103
2025-05-22 16:41:18,247 - transvg_dino_vit_20250521_151301 - INFO - Train metrics: l1_loss: 0.3465 | giou_loss: 0.8388 | total_loss: 3.4103
2025-05-22 16:42:26,657 - transvg_dino_vit_20250521_151301 - INFO - Epoch 37, Batch 650/1696, Loss: 3.5029
2025-05-22 16:42:26,657 - transvg_dino_vit_20250521_151301 - INFO - Train metrics: l1_loss: 0.3674 | giou_loss: 0.8329 | total_loss: 3.5029
2025-05-22 16:43:35,616 - transvg_dino_vit_20250521_151301 - INFO - Epoch 37, Batch 700/1696, Loss: 4.5217
2025-05-22 16:43:35,616 - transvg_dino_vit_20250521_151301 - INFO - Train metrics: l1_loss: 0.5024 | giou_loss: 1.0048 | total_loss: 4.5217
2025-05-22 16:44:44,264 - transvg_dino_vit_20250521_151301 - INFO - Epoch 37, Batch 750/1696, Loss: 4.0383
2025-05-22 16:44:44,265 - transvg_dino_vit_20250521_151301 - INFO - Train metrics: l1_loss: 0.4443 | giou_loss: 0.9084 | total_loss: 4.0383
2025-05-22 16:45:52,475 - transvg_dino_vit_20250521_151301 - INFO - Epoch 37, Batch 800/1696, Loss: 3.6673
2025-05-22 16:45:52,475 - transvg_dino_vit_20250521_151301 - INFO - Train metrics: l1_loss: 0.3513 | giou_loss: 0.9553 | total_loss: 3.6673
2025-05-22 16:47:01,371 - transvg_dino_vit_20250521_151301 - INFO - Epoch 37, Batch 850/1696, Loss: 3.9971
2025-05-22 16:47:01,372 - transvg_dino_vit_20250521_151301 - INFO - Train metrics: l1_loss: 0.4111 | giou_loss: 0.9709 | total_loss: 3.9971
2025-05-22 16:48:10,914 - transvg_dino_vit_20250521_151301 - INFO - Epoch 37, Batch 900/1696, Loss: 3.7895
2025-05-22 16:48:10,914 - transvg_dino_vit_20250521_151301 - INFO - Train metrics: l1_loss: 0.4069 | giou_loss: 0.8774 | total_loss: 3.7895
2025-05-22 16:49:20,218 - transvg_dino_vit_20250521_151301 - INFO - Epoch 37, Batch 950/1696, Loss: 3.8205
2025-05-22 16:49:20,219 - transvg_dino_vit_20250521_151301 - INFO - Train metrics: l1_loss: 0.4103 | giou_loss: 0.8846 | total_loss: 3.8205
2025-05-22 16:50:29,357 - transvg_dino_vit_20250521_151301 - INFO - Epoch 37, Batch 1000/1696, Loss: 4.1292
2025-05-22 16:50:29,357 - transvg_dino_vit_20250521_151301 - INFO - Train metrics: l1_loss: 0.4410 | giou_loss: 0.9621 | total_loss: 4.1292
2025-05-22 16:51:37,464 - transvg_dino_vit_20250521_151301 - INFO - Epoch 37, Batch 1050/1696, Loss: 5.0817
2025-05-22 16:51:37,464 - transvg_dino_vit_20250521_151301 - INFO - Train metrics: l1_loss: 0.6144 | giou_loss: 1.0048 | total_loss: 5.0817
2025-05-22 16:52:45,974 - transvg_dino_vit_20250521_151301 - INFO - Epoch 37, Batch 1100/1696, Loss: 4.5307
2025-05-22 16:52:45,975 - transvg_dino_vit_20250521_151301 - INFO - Train metrics: l1_loss: 0.4891 | giou_loss: 1.0425 | total_loss: 4.5307
2025-05-22 16:53:53,867 - transvg_dino_vit_20250521_151301 - INFO - Epoch 37, Batch 1150/1696, Loss: 3.9910
2025-05-22 16:53:53,867 - transvg_dino_vit_20250521_151301 - INFO - Train metrics: l1_loss: 0.4282 | giou_loss: 0.9251 | total_loss: 3.9910
2025-05-22 16:55:02,293 - transvg_dino_vit_20250521_151301 - INFO - Epoch 37, Batch 1200/1696, Loss: 4.1044
2025-05-22 16:55:02,293 - transvg_dino_vit_20250521_151301 - INFO - Train metrics: l1_loss: 0.4067 | giou_loss: 1.0355 | total_loss: 4.1044
2025-05-22 16:56:11,102 - transvg_dino_vit_20250521_151301 - INFO - Epoch 37, Batch 1250/1696, Loss: 3.9457
2025-05-22 16:56:11,102 - transvg_dino_vit_20250521_151301 - INFO - Train metrics: l1_loss: 0.3898 | giou_loss: 0.9985 | total_loss: 3.9457
2025-05-22 16:57:20,379 - transvg_dino_vit_20250521_151301 - INFO - Epoch 37, Batch 1300/1696, Loss: 3.1615
2025-05-22 16:57:20,379 - transvg_dino_vit_20250521_151301 - INFO - Train metrics: l1_loss: 0.3122 | giou_loss: 0.8002 | total_loss: 3.1615
2025-05-22 16:58:29,548 - transvg_dino_vit_20250521_151301 - INFO - Epoch 37, Batch 1350/1696, Loss: 4.0622
2025-05-22 16:58:29,548 - transvg_dino_vit_20250521_151301 - INFO - Train metrics: l1_loss: 0.4311 | giou_loss: 0.9534 | total_loss: 4.0622
2025-05-22 16:59:39,420 - transvg_dino_vit_20250521_151301 - INFO - Epoch 37, Batch 1400/1696, Loss: 4.1815
2025-05-22 16:59:39,420 - transvg_dino_vit_20250521_151301 - INFO - Train metrics: l1_loss: 0.4620 | giou_loss: 0.9357 | total_loss: 4.1815
2025-05-22 17:00:48,889 - transvg_dino_vit_20250521_151301 - INFO - Epoch 37, Batch 1450/1696, Loss: 3.8405
2025-05-22 17:00:48,890 - transvg_dino_vit_20250521_151301 - INFO - Train metrics: l1_loss: 0.3972 | giou_loss: 0.9272 | total_loss: 3.8405
2025-05-22 17:01:58,515 - transvg_dino_vit_20250521_151301 - INFO - Epoch 37, Batch 1500/1696, Loss: 3.3386
2025-05-22 17:01:58,515 - transvg_dino_vit_20250521_151301 - INFO - Train metrics: l1_loss: 0.3359 | giou_loss: 0.8297 | total_loss: 3.3386
2025-05-22 17:03:08,528 - transvg_dino_vit_20250521_151301 - INFO - Epoch 37, Batch 1550/1696, Loss: 4.0168
2025-05-22 17:03:08,528 - transvg_dino_vit_20250521_151301 - INFO - Train metrics: l1_loss: 0.4114 | giou_loss: 0.9798 | total_loss: 4.0168
2025-05-22 17:04:17,996 - transvg_dino_vit_20250521_151301 - INFO - Epoch 37, Batch 1600/1696, Loss: 3.7358
2025-05-22 17:04:17,996 - transvg_dino_vit_20250521_151301 - INFO - Train metrics: l1_loss: 0.3862 | giou_loss: 0.9024 | total_loss: 3.7358
2025-05-22 17:05:27,008 - transvg_dino_vit_20250521_151301 - INFO - Epoch 37, Batch 1650/1696, Loss: 4.3509
2025-05-22 17:05:27,009 - transvg_dino_vit_20250521_151301 - INFO - Train metrics: l1_loss: 0.4710 | giou_loss: 0.9979 | total_loss: 4.3509
2025-05-22 17:06:28,811 - transvg_dino_vit_20250521_151301 - INFO - Train Epoch 37, Loss: 3.7536
2025-05-22 17:08:24,902 - transvg_dino_vit_20250521_151301 - INFO - Pred box sample: [98.8739242553711, 105.4854507446289, 272.36724853515625, 269.2879638671875]
2025-05-22 17:08:24,902 - transvg_dino_vit_20250521_151301 - INFO - Target box sample: [207.0, 198.0, 287.0, 283.0]
2025-05-22 17:08:24,984 - transvg_dino_vit_20250521_151301 - INFO - Validation Epoch 37, Loss: 4.6298
2025-05-22 17:08:24,984 - transvg_dino_vit_20250521_151301 - INFO - Val metrics: Acc@0.25: 0.3139 | Acc@0.5: 0.1147 | Acc@0.75: 0.0159 | mIoU: 0.1812 | medianIoU: 0.0812 | mae_x1: 103.6719 | mae_y1: 101.5492 | mae_x2: 104.3523 | mae_y2: 101.0993 | center_x_error: 89.7203 | center_y_error: 86.2966 | width_error: 2.2428 | height_error: 2.1465 | loss: 4.6298
2025-05-22 17:08:26,017 - transvg_dino_vit_20250521_151301 - INFO - Saved model checkpoint to /home/pokle/Trans-VG/visual_grounding/checkpoints/transvg_dino_vit_20250521_151301_epoch37.pth
2025-05-22 17:08:26,017 - transvg_dino_vit_20250521_151301 - INFO - Epoch 38/200
2025-05-22 17:08:27,952 - transvg_dino_vit_20250521_151301 - INFO - Epoch 38, Batch 0/1696, Loss: 4.7121
2025-05-22 17:08:27,953 - transvg_dino_vit_20250521_151301 - INFO - Train metrics: l1_loss: 0.5090 | giou_loss: 1.0836 | total_loss: 4.7121
2025-05-22 17:09:37,055 - transvg_dino_vit_20250521_151301 - INFO - Epoch 38, Batch 50/1696, Loss: 3.1068
2025-05-22 17:09:37,055 - transvg_dino_vit_20250521_151301 - INFO - Train metrics: l1_loss: 0.2869 | giou_loss: 0.8362 | total_loss: 3.1068
2025-05-22 17:10:46,054 - transvg_dino_vit_20250521_151301 - INFO - Epoch 38, Batch 100/1696, Loss: 4.1196
2025-05-22 17:10:46,055 - transvg_dino_vit_20250521_151301 - INFO - Train metrics: l1_loss: 0.4291 | giou_loss: 0.9871 | total_loss: 4.1196
2025-05-22 17:11:54,683 - transvg_dino_vit_20250521_151301 - INFO - Epoch 38, Batch 150/1696, Loss: 3.6983
2025-05-22 17:11:54,684 - transvg_dino_vit_20250521_151301 - INFO - Train metrics: l1_loss: 0.3497 | giou_loss: 0.9749 | total_loss: 3.6983
2025-05-22 17:13:03,114 - transvg_dino_vit_20250521_151301 - INFO - Epoch 38, Batch 200/1696, Loss: 3.5538
2025-05-22 17:13:03,114 - transvg_dino_vit_20250521_151301 - INFO - Train metrics: l1_loss: 0.3580 | giou_loss: 0.8820 | total_loss: 3.5538
2025-05-22 17:14:12,093 - transvg_dino_vit_20250521_151301 - INFO - Epoch 38, Batch 250/1696, Loss: 3.7137
2025-05-22 17:14:12,093 - transvg_dino_vit_20250521_151301 - INFO - Train metrics: l1_loss: 0.3867 | giou_loss: 0.8901 | total_loss: 3.7137
2025-05-22 17:15:21,424 - transvg_dino_vit_20250521_151301 - INFO - Epoch 38, Batch 300/1696, Loss: 3.4697
2025-05-22 17:15:21,424 - transvg_dino_vit_20250521_151301 - INFO - Train metrics: l1_loss: 0.3404 | giou_loss: 0.8838 | total_loss: 3.4697
2025-05-22 17:16:30,575 - transvg_dino_vit_20250521_151301 - INFO - Epoch 38, Batch 350/1696, Loss: 3.8817
2025-05-22 17:16:30,575 - transvg_dino_vit_20250521_151301 - INFO - Train metrics: l1_loss: 0.4393 | giou_loss: 0.8427 | total_loss: 3.8817
2025-05-22 17:17:39,885 - transvg_dino_vit_20250521_151301 - INFO - Epoch 38, Batch 400/1696, Loss: 3.1054
2025-05-22 17:17:39,885 - transvg_dino_vit_20250521_151301 - INFO - Train metrics: l1_loss: 0.2840 | giou_loss: 0.8427 | total_loss: 3.1054
2025-05-22 17:18:49,222 - transvg_dino_vit_20250521_151301 - INFO - Epoch 38, Batch 450/1696, Loss: 3.6859
2025-05-22 17:18:49,222 - transvg_dino_vit_20250521_151301 - INFO - Train metrics: l1_loss: 0.3984 | giou_loss: 0.8471 | total_loss: 3.6859
2025-05-22 17:19:58,725 - transvg_dino_vit_20250521_151301 - INFO - Epoch 38, Batch 500/1696, Loss: 2.9820
2025-05-22 17:19:58,725 - transvg_dino_vit_20250521_151301 - INFO - Train metrics: l1_loss: 0.2954 | giou_loss: 0.7524 | total_loss: 2.9820
2025-05-22 17:21:08,406 - transvg_dino_vit_20250521_151301 - INFO - Epoch 38, Batch 550/1696, Loss: 4.3749
2025-05-22 17:21:08,406 - transvg_dino_vit_20250521_151301 - INFO - Train metrics: l1_loss: 0.4696 | giou_loss: 1.0134 | total_loss: 4.3749
2025-05-22 17:22:18,346 - transvg_dino_vit_20250521_151301 - INFO - Epoch 38, Batch 600/1696, Loss: 3.6937
2025-05-22 17:22:18,347 - transvg_dino_vit_20250521_151301 - INFO - Train metrics: l1_loss: 0.3665 | giou_loss: 0.9306 | total_loss: 3.6937
2025-05-22 17:23:27,115 - transvg_dino_vit_20250521_151301 - INFO - Epoch 38, Batch 650/1696, Loss: 4.1325
2025-05-22 17:23:27,115 - transvg_dino_vit_20250521_151301 - INFO - Train metrics: l1_loss: 0.4353 | giou_loss: 0.9779 | total_loss: 4.1325
2025-05-22 17:24:35,526 - transvg_dino_vit_20250521_151301 - INFO - Epoch 38, Batch 700/1696, Loss: 3.6974
2025-05-22 17:24:35,526 - transvg_dino_vit_20250521_151301 - INFO - Train metrics: l1_loss: 0.3904 | giou_loss: 0.8727 | total_loss: 3.6974
2025-05-22 17:25:44,310 - transvg_dino_vit_20250521_151301 - INFO - Epoch 38, Batch 750/1696, Loss: 3.6379
2025-05-22 17:25:44,310 - transvg_dino_vit_20250521_151301 - INFO - Train metrics: l1_loss: 0.3617 | giou_loss: 0.9147 | total_loss: 3.6379
2025-05-22 17:26:52,617 - transvg_dino_vit_20250521_151301 - INFO - Epoch 38, Batch 800/1696, Loss: 3.6005
2025-05-22 17:26:52,617 - transvg_dino_vit_20250521_151301 - INFO - Train metrics: l1_loss: 0.3350 | giou_loss: 0.9627 | total_loss: 3.6005
2025-05-22 17:28:00,924 - transvg_dino_vit_20250521_151301 - INFO - Epoch 38, Batch 850/1696, Loss: 3.3817
2025-05-22 17:28:00,924 - transvg_dino_vit_20250521_151301 - INFO - Train metrics: l1_loss: 0.3677 | giou_loss: 0.7716 | total_loss: 3.3817
2025-05-22 17:29:09,148 - transvg_dino_vit_20250521_151301 - INFO - Epoch 38, Batch 900/1696, Loss: 4.0570
2025-05-22 17:29:09,148 - transvg_dino_vit_20250521_151301 - INFO - Train metrics: l1_loss: 0.4458 | giou_loss: 0.9139 | total_loss: 4.0570
2025-05-22 17:30:17,715 - transvg_dino_vit_20250521_151301 - INFO - Epoch 38, Batch 950/1696, Loss: 3.6298
2025-05-22 17:30:17,715 - transvg_dino_vit_20250521_151301 - INFO - Train metrics: l1_loss: 0.3830 | giou_loss: 0.8575 | total_loss: 3.6298
2025-05-22 17:31:25,954 - transvg_dino_vit_20250521_151301 - INFO - Epoch 38, Batch 1000/1696, Loss: 3.9442
2025-05-22 17:31:25,954 - transvg_dino_vit_20250521_151301 - INFO - Train metrics: l1_loss: 0.4290 | giou_loss: 0.8995 | total_loss: 3.9442
2025-05-22 17:32:34,972 - transvg_dino_vit_20250521_151301 - INFO - Epoch 38, Batch 1050/1696, Loss: 3.7447
2025-05-22 17:32:34,972 - transvg_dino_vit_20250521_151301 - INFO - Train metrics: l1_loss: 0.3942 | giou_loss: 0.8869 | total_loss: 3.7447
2025-05-22 17:33:43,793 - transvg_dino_vit_20250521_151301 - INFO - Epoch 38, Batch 1100/1696, Loss: 3.0373
2025-05-22 17:33:43,794 - transvg_dino_vit_20250521_151301 - INFO - Train metrics: l1_loss: 0.2867 | giou_loss: 0.8020 | total_loss: 3.0373
2025-05-22 17:34:51,955 - transvg_dino_vit_20250521_151301 - INFO - Epoch 38, Batch 1150/1696, Loss: 2.8134
2025-05-22 17:34:51,955 - transvg_dino_vit_20250521_151301 - INFO - Train metrics: l1_loss: 0.2632 | giou_loss: 0.7487 | total_loss: 2.8134
2025-05-22 17:36:00,493 - transvg_dino_vit_20250521_151301 - INFO - Epoch 38, Batch 1200/1696, Loss: 3.7548
2025-05-22 17:36:00,493 - transvg_dino_vit_20250521_151301 - INFO - Train metrics: l1_loss: 0.3702 | giou_loss: 0.9520 | total_loss: 3.7548
2025-05-22 17:37:09,529 - transvg_dino_vit_20250521_151301 - INFO - Epoch 38, Batch 1250/1696, Loss: 4.5125
2025-05-22 17:37:09,529 - transvg_dino_vit_20250521_151301 - INFO - Train metrics: l1_loss: 0.5118 | giou_loss: 0.9768 | total_loss: 4.5125
2025-05-22 17:38:19,091 - transvg_dino_vit_20250521_151301 - INFO - Epoch 38, Batch 1300/1696, Loss: 3.2058
2025-05-22 17:38:19,091 - transvg_dino_vit_20250521_151301 - INFO - Train metrics: l1_loss: 0.3434 | giou_loss: 0.7443 | total_loss: 3.2058
2025-05-22 17:39:28,447 - transvg_dino_vit_20250521_151301 - INFO - Epoch 38, Batch 1350/1696, Loss: 3.3630
2025-05-22 17:39:28,447 - transvg_dino_vit_20250521_151301 - INFO - Train metrics: l1_loss: 0.3386 | giou_loss: 0.8351 | total_loss: 3.3630
2025-05-22 17:40:37,605 - transvg_dino_vit_20250521_151301 - INFO - Epoch 38, Batch 1400/1696, Loss: 3.2380
2025-05-22 17:40:37,605 - transvg_dino_vit_20250521_151301 - INFO - Train metrics: l1_loss: 0.3334 | giou_loss: 0.7854 | total_loss: 3.2380
2025-05-22 17:41:45,969 - transvg_dino_vit_20250521_151301 - INFO - Epoch 38, Batch 1450/1696, Loss: 3.7692
2025-05-22 17:41:45,969 - transvg_dino_vit_20250521_151301 - INFO - Train metrics: l1_loss: 0.4245 | giou_loss: 0.8233 | total_loss: 3.7692
2025-05-22 17:42:54,057 - transvg_dino_vit_20250521_151301 - INFO - Epoch 38, Batch 1500/1696, Loss: 3.0079
2025-05-22 17:42:54,057 - transvg_dino_vit_20250521_151301 - INFO - Train metrics: l1_loss: 0.2858 | giou_loss: 0.7894 | total_loss: 3.0079
2025-05-22 17:44:02,564 - transvg_dino_vit_20250521_151301 - INFO - Epoch 38, Batch 1550/1696, Loss: 4.0098
2025-05-22 17:44:02,564 - transvg_dino_vit_20250521_151301 - INFO - Train metrics: l1_loss: 0.4481 | giou_loss: 0.8847 | total_loss: 4.0098
2025-05-22 17:45:10,704 - transvg_dino_vit_20250521_151301 - INFO - Epoch 38, Batch 1600/1696, Loss: 3.2914
2025-05-22 17:45:10,705 - transvg_dino_vit_20250521_151301 - INFO - Train metrics: l1_loss: 0.3310 | giou_loss: 0.8183 | total_loss: 3.2914
2025-05-22 17:46:19,409 - transvg_dino_vit_20250521_151301 - INFO - Epoch 38, Batch 1650/1696, Loss: 3.8101
2025-05-22 17:46:19,410 - transvg_dino_vit_20250521_151301 - INFO - Train metrics: l1_loss: 0.3953 | giou_loss: 0.9169 | total_loss: 3.8101
2025-05-22 17:47:20,800 - transvg_dino_vit_20250521_151301 - INFO - Train Epoch 38, Loss: 3.7414
2025-05-22 17:49:16,626 - transvg_dino_vit_20250521_151301 - INFO - Pred box sample: [76.30950927734375, 79.71287536621094, 238.9150848388672, 233.7796630859375]
2025-05-22 17:49:16,627 - transvg_dino_vit_20250521_151301 - INFO - Target box sample: [207.0, 198.0, 287.0, 283.0]
2025-05-22 17:49:16,710 - transvg_dino_vit_20250521_151301 - INFO - Validation Epoch 38, Loss: 4.6163
2025-05-22 17:49:16,710 - transvg_dino_vit_20250521_151301 - INFO - Val metrics: Acc@0.25: 0.3102 | Acc@0.5: 0.1182 | Acc@0.75: 0.0173 | mIoU: 0.1805 | medianIoU: 0.0771 | mae_x1: 103.0415 | mae_y1: 102.7749 | mae_x2: 103.2769 | mae_y2: 99.5205 | center_x_error: 89.1406 | center_y_error: 86.1641 | width_error: 2.2425 | height_error: 2.1629 | loss: 4.6163
2025-05-22 17:49:17,746 - transvg_dino_vit_20250521_151301 - INFO - Saved model checkpoint to /home/pokle/Trans-VG/visual_grounding/checkpoints/transvg_dino_vit_20250521_151301_epoch38.pth
2025-05-22 17:49:17,747 - transvg_dino_vit_20250521_151301 - INFO - Epoch 39/200
2025-05-22 17:49:19,627 - transvg_dino_vit_20250521_151301 - INFO - Epoch 39, Batch 0/1696, Loss: 3.3087
2025-05-22 17:49:19,627 - transvg_dino_vit_20250521_151301 - INFO - Train metrics: l1_loss: 0.2991 | giou_loss: 0.9067 | total_loss: 3.3087
2025-05-22 17:50:28,697 - transvg_dino_vit_20250521_151301 - INFO - Epoch 39, Batch 50/1696, Loss: 4.1100
2025-05-22 17:50:28,698 - transvg_dino_vit_20250521_151301 - INFO - Train metrics: l1_loss: 0.4330 | giou_loss: 0.9724 | total_loss: 4.1100
2025-05-22 17:51:37,945 - transvg_dino_vit_20250521_151301 - INFO - Epoch 39, Batch 100/1696, Loss: 3.3243
2025-05-22 17:51:37,945 - transvg_dino_vit_20250521_151301 - INFO - Train metrics: l1_loss: 0.3136 | giou_loss: 0.8782 | total_loss: 3.3243
2025-05-22 17:52:47,380 - transvg_dino_vit_20250521_151301 - INFO - Epoch 39, Batch 150/1696, Loss: 3.3481
2025-05-22 17:52:47,381 - transvg_dino_vit_20250521_151301 - INFO - Train metrics: l1_loss: 0.3034 | giou_loss: 0.9156 | total_loss: 3.3481
2025-05-22 17:53:56,884 - transvg_dino_vit_20250521_151301 - INFO - Epoch 39, Batch 200/1696, Loss: 3.5588
2025-05-22 17:53:56,884 - transvg_dino_vit_20250521_151301 - INFO - Train metrics: l1_loss: 0.3956 | giou_loss: 0.7903 | total_loss: 3.5588
2025-05-22 17:55:05,938 - transvg_dino_vit_20250521_151301 - INFO - Epoch 39, Batch 250/1696, Loss: 3.7680
2025-05-22 17:55:05,938 - transvg_dino_vit_20250521_151301 - INFO - Train metrics: l1_loss: 0.3918 | giou_loss: 0.9044 | total_loss: 3.7680
2025-05-22 17:56:15,693 - transvg_dino_vit_20250521_151301 - INFO - Epoch 39, Batch 300/1696, Loss: 3.3769
2025-05-22 17:56:15,693 - transvg_dino_vit_20250521_151301 - INFO - Train metrics: l1_loss: 0.3534 | giou_loss: 0.8049 | total_loss: 3.3769
2025-05-22 17:57:25,646 - transvg_dino_vit_20250521_151301 - INFO - Epoch 39, Batch 350/1696, Loss: 3.6550
2025-05-22 17:57:25,647 - transvg_dino_vit_20250521_151301 - INFO - Train metrics: l1_loss: 0.3601 | giou_loss: 0.9272 | total_loss: 3.6550
2025-05-22 17:58:34,879 - transvg_dino_vit_20250521_151301 - INFO - Epoch 39, Batch 400/1696, Loss: 4.0110
2025-05-22 17:58:34,879 - transvg_dino_vit_20250521_151301 - INFO - Train metrics: l1_loss: 0.4003 | giou_loss: 1.0047 | total_loss: 4.0110
2025-05-22 17:59:44,331 - transvg_dino_vit_20250521_151301 - INFO - Epoch 39, Batch 450/1696, Loss: 4.0509
2025-05-22 17:59:44,331 - transvg_dino_vit_20250521_151301 - INFO - Train metrics: l1_loss: 0.4522 | giou_loss: 0.8949 | total_loss: 4.0509
2025-05-22 18:00:53,766 - transvg_dino_vit_20250521_151301 - INFO - Epoch 39, Batch 500/1696, Loss: 4.2144
2025-05-22 18:00:53,766 - transvg_dino_vit_20250521_151301 - INFO - Train metrics: l1_loss: 0.4472 | giou_loss: 0.9893 | total_loss: 4.2144
2025-05-22 18:02:03,487 - transvg_dino_vit_20250521_151301 - INFO - Epoch 39, Batch 550/1696, Loss: 4.2634
2025-05-22 18:02:03,487 - transvg_dino_vit_20250521_151301 - INFO - Train metrics: l1_loss: 0.4686 | giou_loss: 0.9601 | total_loss: 4.2634
2025-05-22 18:03:12,996 - transvg_dino_vit_20250521_151301 - INFO - Epoch 39, Batch 600/1696, Loss: 3.7726
2025-05-22 18:03:12,996 - transvg_dino_vit_20250521_151301 - INFO - Train metrics: l1_loss: 0.4140 | giou_loss: 0.8512 | total_loss: 3.7726
2025-05-22 18:04:22,038 - transvg_dino_vit_20250521_151301 - INFO - Epoch 39, Batch 650/1696, Loss: 3.8018
2025-05-22 18:04:22,038 - transvg_dino_vit_20250521_151301 - INFO - Train metrics: l1_loss: 0.3717 | giou_loss: 0.9716 | total_loss: 3.8018
2025-05-22 18:05:31,101 - transvg_dino_vit_20250521_151301 - INFO - Epoch 39, Batch 700/1696, Loss: 3.7971
2025-05-22 18:05:31,101 - transvg_dino_vit_20250521_151301 - INFO - Train metrics: l1_loss: 0.3952 | giou_loss: 0.9105 | total_loss: 3.7971
2025-05-22 18:06:40,111 - transvg_dino_vit_20250521_151301 - INFO - Epoch 39, Batch 750/1696, Loss: 3.5811
2025-05-22 18:06:40,111 - transvg_dino_vit_20250521_151301 - INFO - Train metrics: l1_loss: 0.3723 | giou_loss: 0.8598 | total_loss: 3.5811
2025-05-22 18:07:49,904 - transvg_dino_vit_20250521_151301 - INFO - Epoch 39, Batch 800/1696, Loss: 4.5913
2025-05-22 18:07:49,904 - transvg_dino_vit_20250521_151301 - INFO - Train metrics: l1_loss: 0.5063 | giou_loss: 1.0298 | total_loss: 4.5913
2025-05-22 18:08:59,828 - transvg_dino_vit_20250521_151301 - INFO - Epoch 39, Batch 850/1696, Loss: 3.5105
2025-05-22 18:08:59,828 - transvg_dino_vit_20250521_151301 - INFO - Train metrics: l1_loss: 0.3400 | giou_loss: 0.9052 | total_loss: 3.5105
2025-05-22 18:10:08,150 - transvg_dino_vit_20250521_151301 - INFO - Epoch 39, Batch 900/1696, Loss: 4.0921
2025-05-22 18:10:08,150 - transvg_dino_vit_20250521_151301 - INFO - Train metrics: l1_loss: 0.4287 | giou_loss: 0.9744 | total_loss: 4.0921
2025-05-22 18:11:17,053 - transvg_dino_vit_20250521_151301 - INFO - Epoch 39, Batch 950/1696, Loss: 3.3378
2025-05-22 18:11:17,054 - transvg_dino_vit_20250521_151301 - INFO - Train metrics: l1_loss: 0.3345 | giou_loss: 0.8327 | total_loss: 3.3378
2025-05-22 18:12:26,167 - transvg_dino_vit_20250521_151301 - INFO - Epoch 39, Batch 1000/1696, Loss: 2.6512
2025-05-22 18:12:26,167 - transvg_dino_vit_20250521_151301 - INFO - Train metrics: l1_loss: 0.2384 | giou_loss: 0.7296 | total_loss: 2.6512
2025-05-22 18:13:35,827 - transvg_dino_vit_20250521_151301 - INFO - Epoch 39, Batch 1050/1696, Loss: 4.2217
2025-05-22 18:13:35,827 - transvg_dino_vit_20250521_151301 - INFO - Train metrics: l1_loss: 0.4294 | giou_loss: 1.0374 | total_loss: 4.2217
2025-05-22 18:14:44,761 - transvg_dino_vit_20250521_151301 - INFO - Epoch 39, Batch 1100/1696, Loss: 3.0193
2025-05-22 18:14:44,761 - transvg_dino_vit_20250521_151301 - INFO - Train metrics: l1_loss: 0.3094 | giou_loss: 0.7363 | total_loss: 3.0193
2025-05-22 18:15:53,982 - transvg_dino_vit_20250521_151301 - INFO - Epoch 39, Batch 1150/1696, Loss: 3.4811
2025-05-22 18:15:53,982 - transvg_dino_vit_20250521_151301 - INFO - Train metrics: l1_loss: 0.3614 | giou_loss: 0.8370 | total_loss: 3.4811
2025-05-22 18:17:03,902 - transvg_dino_vit_20250521_151301 - INFO - Epoch 39, Batch 1200/1696, Loss: 4.2270
2025-05-22 18:17:03,903 - transvg_dino_vit_20250521_151301 - INFO - Train metrics: l1_loss: 0.4235 | giou_loss: 1.0547 | total_loss: 4.2270
2025-05-22 18:18:13,336 - transvg_dino_vit_20250521_151301 - INFO - Epoch 39, Batch 1250/1696, Loss: 4.0623
2025-05-22 18:18:13,336 - transvg_dino_vit_20250521_151301 - INFO - Train metrics: l1_loss: 0.4260 | giou_loss: 0.9662 | total_loss: 4.0623
2025-05-22 18:19:22,828 - transvg_dino_vit_20250521_151301 - INFO - Epoch 39, Batch 1300/1696, Loss: 3.7994
2025-05-22 18:19:22,828 - transvg_dino_vit_20250521_151301 - INFO - Train metrics: l1_loss: 0.3789 | giou_loss: 0.9525 | total_loss: 3.7994
2025-05-22 18:20:32,367 - transvg_dino_vit_20250521_151301 - INFO - Epoch 39, Batch 1350/1696, Loss: 3.4822
2025-05-22 18:20:32,367 - transvg_dino_vit_20250521_151301 - INFO - Train metrics: l1_loss: 0.3384 | giou_loss: 0.8950 | total_loss: 3.4822
2025-05-22 18:21:41,153 - transvg_dino_vit_20250521_151301 - INFO - Epoch 39, Batch 1400/1696, Loss: 4.0576
2025-05-22 18:21:41,154 - transvg_dino_vit_20250521_151301 - INFO - Train metrics: l1_loss: 0.4256 | giou_loss: 0.9648 | total_loss: 4.0576
2025-05-22 18:22:50,618 - transvg_dino_vit_20250521_151301 - INFO - Epoch 39, Batch 1450/1696, Loss: 4.0384
2025-05-22 18:22:50,619 - transvg_dino_vit_20250521_151301 - INFO - Train metrics: l1_loss: 0.4079 | giou_loss: 0.9994 | total_loss: 4.0384
2025-05-22 18:23:59,647 - transvg_dino_vit_20250521_151301 - INFO - Epoch 39, Batch 1500/1696, Loss: 3.4651
2025-05-22 18:23:59,648 - transvg_dino_vit_20250521_151301 - INFO - Train metrics: l1_loss: 0.3437 | giou_loss: 0.8733 | total_loss: 3.4651
2025-05-22 18:25:09,449 - transvg_dino_vit_20250521_151301 - INFO - Epoch 39, Batch 1550/1696, Loss: 3.9092
2025-05-22 18:25:09,450 - transvg_dino_vit_20250521_151301 - INFO - Train metrics: l1_loss: 0.3874 | giou_loss: 0.9860 | total_loss: 3.9092
2025-05-22 18:26:18,665 - transvg_dino_vit_20250521_151301 - INFO - Epoch 39, Batch 1600/1696, Loss: 3.6287
2025-05-22 18:26:18,665 - transvg_dino_vit_20250521_151301 - INFO - Train metrics: l1_loss: 0.3596 | giou_loss: 0.9152 | total_loss: 3.6287
2025-05-22 18:27:28,238 - transvg_dino_vit_20250521_151301 - INFO - Epoch 39, Batch 1650/1696, Loss: 3.9738
2025-05-22 18:27:28,239 - transvg_dino_vit_20250521_151301 - INFO - Train metrics: l1_loss: 0.4099 | giou_loss: 0.9622 | total_loss: 3.9738
2025-05-22 18:28:30,729 - transvg_dino_vit_20250521_151301 - INFO - Train Epoch 39, Loss: 3.7305
2025-05-22 18:30:28,272 - transvg_dino_vit_20250521_151301 - INFO - Pred box sample: [74.82337951660156, 78.40512084960938, 256.81939697265625, 251.04835510253906]
2025-05-22 18:30:28,273 - transvg_dino_vit_20250521_151301 - INFO - Target box sample: [207.0, 198.0, 287.0, 283.0]
2025-05-22 18:30:28,345 - transvg_dino_vit_20250521_151301 - INFO - Validation Epoch 39, Loss: 4.6853
2025-05-22 18:30:28,345 - transvg_dino_vit_20250521_151301 - INFO - Val metrics: Acc@0.25: 0.3121 | Acc@0.5: 0.1163 | Acc@0.75: 0.0143 | mIoU: 0.1800 | medianIoU: 0.0795 | mae_x1: 105.7560 | mae_y1: 104.2321 | mae_x2: 106.7016 | mae_y2: 101.1830 | center_x_error: 91.5729 | center_y_error: 87.5306 | width_error: 2.2786 | height_error: 2.1195 | loss: 4.6853
