2025-05-20 17:27:22,596 - transvg_coordinates_fixed_20250520_172719 - INFO - Initialized logger: transvg_coordinates_fixed_20250520_172719
2025-05-20 17:27:22,596 - transvg_coordinates_fixed_20250520_172719 - INFO - Configuration: {
  "data_root": "/home/pokle/Trans-VG/visual_grounding/dior-rsvg",
  "image_size": 640,
  "max_text_len": 40,
  "hidden_dim": 256,
  "bert_model": "bert-base-uncased",
  "dropout": 0.1,
  "num_heads": 8,
  "num_encoder_layers": 6,
  "cross_layers": 6,
  "dim_feedforward": 2048,
  "mlp_hidden_dim": 256,
  "backbone": "resnet50",
  "pretrained": true,
  "freeze_backbone": false,
  "partial_freeze_vision": true,
  "freeze_linguistic": false,
  "partial_freeze_linguistic": true,
  "batch_size": 8,
  "num_workers": 4,
  "learning_rate": 0.0001,
  "weight_decay": 0.0001,
  "num_epochs": 100,
  "lr": 0.001,
  "lr_bert": 2e-05,
  "lr_drop": 70,
  "gradient_clip_val": 1.0,
  "output_dir": "output",
  "epochs": 200
}
2025-05-20 17:27:22,597 - transvg_coordinates_fixed_20250520_172719 - INFO - Using device: cuda:1
2025-05-20 17:27:22,597 - transvg_coordinates_fixed_20250520_172719 - INFO - Visual backbone freeze: False, Linguistic backbone freeze: False (vision: partially)
2025-05-20 17:27:22,597 - transvg_coordinates_fixed_20250520_172719 - INFO - Building data loaders...
2025-05-20 17:27:23,677 - transvg_coordinates_fixed_20250520_172719 - INFO - Train dataset size: 27133
2025-05-20 17:27:23,677 - transvg_coordinates_fixed_20250520_172719 - INFO - Val dataset size: 3765
2025-05-20 17:27:23,677 - transvg_coordinates_fixed_20250520_172719 - INFO - Test dataset size: 7422
2025-05-20 17:27:23,677 - transvg_coordinates_fixed_20250520_172719 - INFO - Building model...
2025-05-20 17:27:25,084 - transvg_coordinates_fixed_20250520_172719 - INFO - Starting training...
2025-05-20 17:27:25,084 - transvg_coordinates_fixed_20250520_172719 - INFO - Epoch 0/200
2025-05-20 17:27:27,134 - transvg_coordinates_fixed_20250520_172719 - INFO - Epoch 0, Batch 0/3392, Loss: 9.6609
2025-05-20 17:27:27,134 - transvg_coordinates_fixed_20250520_172719 - INFO - Train metrics: l1_loss: 1.2696 | giou_loss: 1.6565 | total_loss: 9.6609
2025-05-20 17:27:52,920 - transvg_coordinates_fixed_20250520_172719 - INFO - Epoch 0, Batch 50/3392, Loss: 7.7938
2025-05-20 17:27:52,921 - transvg_coordinates_fixed_20250520_172719 - INFO - Train metrics: l1_loss: 1.0356 | giou_loss: 1.3078 | total_loss: 7.7938
2025-05-20 17:28:18,901 - transvg_coordinates_fixed_20250520_172719 - INFO - Epoch 0, Batch 100/3392, Loss: 6.6120
2025-05-20 17:28:18,901 - transvg_coordinates_fixed_20250520_172719 - INFO - Train metrics: l1_loss: 0.8548 | giou_loss: 1.1690 | total_loss: 6.6120
2025-05-20 17:28:44,971 - transvg_coordinates_fixed_20250520_172719 - INFO - Epoch 0, Batch 150/3392, Loss: 5.4914
2025-05-20 17:28:44,972 - transvg_coordinates_fixed_20250520_172719 - INFO - Train metrics: l1_loss: 0.6599 | giou_loss: 1.0959 | total_loss: 5.4914
2025-05-20 17:29:11,189 - transvg_coordinates_fixed_20250520_172719 - INFO - Epoch 0, Batch 200/3392, Loss: 6.9447
2025-05-20 17:29:11,190 - transvg_coordinates_fixed_20250520_172719 - INFO - Train metrics: l1_loss: 0.8850 | giou_loss: 1.2597 | total_loss: 6.9447
2025-05-20 17:29:37,615 - transvg_coordinates_fixed_20250520_172719 - INFO - Epoch 0, Batch 250/3392, Loss: 5.5642
2025-05-20 17:29:37,616 - transvg_coordinates_fixed_20250520_172719 - INFO - Train metrics: l1_loss: 0.7004 | giou_loss: 1.0311 | total_loss: 5.5642
2025-05-20 17:30:04,102 - transvg_coordinates_fixed_20250520_172719 - INFO - Epoch 0, Batch 300/3392, Loss: 4.6734
2025-05-20 17:30:04,102 - transvg_coordinates_fixed_20250520_172719 - INFO - Train metrics: l1_loss: 0.5293 | giou_loss: 1.0135 | total_loss: 4.6734
2025-05-20 17:30:30,620 - transvg_coordinates_fixed_20250520_172719 - INFO - Epoch 0, Batch 350/3392, Loss: 5.7882
2025-05-20 17:30:30,621 - transvg_coordinates_fixed_20250520_172719 - INFO - Train metrics: l1_loss: 0.7514 | giou_loss: 1.0157 | total_loss: 5.7882
2025-05-20 17:30:57,244 - transvg_coordinates_fixed_20250520_172719 - INFO - Epoch 0, Batch 400/3392, Loss: 5.0562
2025-05-20 17:30:57,244 - transvg_coordinates_fixed_20250520_172719 - INFO - Train metrics: l1_loss: 0.6177 | giou_loss: 0.9839 | total_loss: 5.0562
2025-05-20 17:31:23,968 - transvg_coordinates_fixed_20250520_172719 - INFO - Epoch 0, Batch 450/3392, Loss: 5.3276
2025-05-20 17:31:23,968 - transvg_coordinates_fixed_20250520_172719 - INFO - Train metrics: l1_loss: 0.6408 | giou_loss: 1.0617 | total_loss: 5.3276
2025-05-20 17:31:50,923 - transvg_coordinates_fixed_20250520_172719 - INFO - Epoch 0, Batch 500/3392, Loss: 4.7449
2025-05-20 17:31:50,924 - transvg_coordinates_fixed_20250520_172719 - INFO - Train metrics: l1_loss: 0.5091 | giou_loss: 1.0998 | total_loss: 4.7449
2025-05-20 17:32:17,888 - transvg_coordinates_fixed_20250520_172719 - INFO - Epoch 0, Batch 550/3392, Loss: 5.6712
2025-05-20 17:32:17,889 - transvg_coordinates_fixed_20250520_172719 - INFO - Train metrics: l1_loss: 0.7022 | giou_loss: 1.0801 | total_loss: 5.6712
2025-05-20 17:32:44,872 - transvg_coordinates_fixed_20250520_172719 - INFO - Epoch 0, Batch 600/3392, Loss: 4.1630
2025-05-20 17:32:44,873 - transvg_coordinates_fixed_20250520_172719 - INFO - Train metrics: l1_loss: 0.4683 | giou_loss: 0.9109 | total_loss: 4.1630
2025-05-20 17:33:12,175 - transvg_coordinates_fixed_20250520_172719 - INFO - Epoch 0, Batch 650/3392, Loss: 5.0532
2025-05-20 17:33:12,175 - transvg_coordinates_fixed_20250520_172719 - INFO - Train metrics: l1_loss: 0.5734 | giou_loss: 1.0932 | total_loss: 5.0532
2025-05-20 17:33:39,486 - transvg_coordinates_fixed_20250520_172719 - INFO - Epoch 0, Batch 700/3392, Loss: 5.8225
2025-05-20 17:33:39,487 - transvg_coordinates_fixed_20250520_172719 - INFO - Train metrics: l1_loss: 0.7045 | giou_loss: 1.1501 | total_loss: 5.8225
2025-05-20 17:34:06,777 - transvg_coordinates_fixed_20250520_172719 - INFO - Epoch 0, Batch 750/3392, Loss: 4.4863
2025-05-20 17:34:06,778 - transvg_coordinates_fixed_20250520_172719 - INFO - Train metrics: l1_loss: 0.5392 | giou_loss: 0.8953 | total_loss: 4.4863
2025-05-20 17:34:34,019 - transvg_coordinates_fixed_20250520_172719 - INFO - Epoch 0, Batch 800/3392, Loss: 3.8956
2025-05-20 17:34:34,019 - transvg_coordinates_fixed_20250520_172719 - INFO - Train metrics: l1_loss: 0.4166 | giou_loss: 0.9063 | total_loss: 3.8956
2025-05-20 17:35:01,340 - transvg_coordinates_fixed_20250520_172719 - INFO - Epoch 0, Batch 850/3392, Loss: 4.2185
2025-05-20 17:35:01,340 - transvg_coordinates_fixed_20250520_172719 - INFO - Train metrics: l1_loss: 0.4747 | giou_loss: 0.9225 | total_loss: 4.2185
2025-05-20 17:35:28,634 - transvg_coordinates_fixed_20250520_172719 - INFO - Epoch 0, Batch 900/3392, Loss: 4.6695
2025-05-20 17:35:28,635 - transvg_coordinates_fixed_20250520_172719 - INFO - Train metrics: l1_loss: 0.5698 | giou_loss: 0.9102 | total_loss: 4.6695
2025-05-20 17:35:55,953 - transvg_coordinates_fixed_20250520_172719 - INFO - Epoch 0, Batch 950/3392, Loss: 4.4996
2025-05-20 17:35:55,953 - transvg_coordinates_fixed_20250520_172719 - INFO - Train metrics: l1_loss: 0.5199 | giou_loss: 0.9501 | total_loss: 4.4996
2025-05-20 17:36:23,253 - transvg_coordinates_fixed_20250520_172719 - INFO - Epoch 0, Batch 1000/3392, Loss: 4.3865
2025-05-20 17:36:23,253 - transvg_coordinates_fixed_20250520_172719 - INFO - Train metrics: l1_loss: 0.4537 | giou_loss: 1.0591 | total_loss: 4.3865
2025-05-20 17:36:50,553 - transvg_coordinates_fixed_20250520_172719 - INFO - Epoch 0, Batch 1050/3392, Loss: 5.2934
2025-05-20 17:36:50,554 - transvg_coordinates_fixed_20250520_172719 - INFO - Train metrics: l1_loss: 0.5953 | giou_loss: 1.1585 | total_loss: 5.2934
2025-05-20 17:37:17,865 - transvg_coordinates_fixed_20250520_172719 - INFO - Epoch 0, Batch 1100/3392, Loss: 5.0944
2025-05-20 17:37:17,866 - transvg_coordinates_fixed_20250520_172719 - INFO - Train metrics: l1_loss: 0.6245 | giou_loss: 0.9861 | total_loss: 5.0944
2025-05-20 17:37:45,169 - transvg_coordinates_fixed_20250520_172719 - INFO - Epoch 0, Batch 1150/3392, Loss: 3.6840
2025-05-20 17:37:45,170 - transvg_coordinates_fixed_20250520_172719 - INFO - Train metrics: l1_loss: 0.3889 | giou_loss: 0.8698 | total_loss: 3.6840
2025-05-20 17:38:12,463 - transvg_coordinates_fixed_20250520_172719 - INFO - Epoch 0, Batch 1200/3392, Loss: 4.8062
2025-05-20 17:38:12,464 - transvg_coordinates_fixed_20250520_172719 - INFO - Train metrics: l1_loss: 0.5183 | giou_loss: 1.1074 | total_loss: 4.8062
2025-05-20 17:38:39,774 - transvg_coordinates_fixed_20250520_172719 - INFO - Epoch 0, Batch 1250/3392, Loss: 4.0959
2025-05-20 17:38:39,774 - transvg_coordinates_fixed_20250520_172719 - INFO - Train metrics: l1_loss: 0.4330 | giou_loss: 0.9654 | total_loss: 4.0959
2025-05-20 17:39:07,097 - transvg_coordinates_fixed_20250520_172719 - INFO - Epoch 0, Batch 1300/3392, Loss: 4.0373
2025-05-20 17:39:07,097 - transvg_coordinates_fixed_20250520_172719 - INFO - Train metrics: l1_loss: 0.4224 | giou_loss: 0.9626 | total_loss: 4.0373
2025-05-20 17:39:34,395 - transvg_coordinates_fixed_20250520_172719 - INFO - Epoch 0, Batch 1350/3392, Loss: 3.7496
2025-05-20 17:39:34,396 - transvg_coordinates_fixed_20250520_172719 - INFO - Train metrics: l1_loss: 0.4447 | giou_loss: 0.7631 | total_loss: 3.7496
2025-05-20 17:40:01,714 - transvg_coordinates_fixed_20250520_172719 - INFO - Epoch 0, Batch 1400/3392, Loss: 5.2783
2025-05-20 17:40:01,714 - transvg_coordinates_fixed_20250520_172719 - INFO - Train metrics: l1_loss: 0.5965 | giou_loss: 1.1480 | total_loss: 5.2783
2025-05-20 17:40:29,014 - transvg_coordinates_fixed_20250520_172719 - INFO - Epoch 0, Batch 1450/3392, Loss: 4.1642
2025-05-20 17:40:29,014 - transvg_coordinates_fixed_20250520_172719 - INFO - Train metrics: l1_loss: 0.4265 | giou_loss: 1.0160 | total_loss: 4.1642
2025-05-20 17:40:56,313 - transvg_coordinates_fixed_20250520_172719 - INFO - Epoch 0, Batch 1500/3392, Loss: 6.2932
2025-05-20 17:40:56,313 - transvg_coordinates_fixed_20250520_172719 - INFO - Train metrics: l1_loss: 0.7576 | giou_loss: 1.2527 | total_loss: 6.2932
2025-05-20 17:41:23,630 - transvg_coordinates_fixed_20250520_172719 - INFO - Epoch 0, Batch 1550/3392, Loss: 3.8680
2025-05-20 17:41:23,631 - transvg_coordinates_fixed_20250520_172719 - INFO - Train metrics: l1_loss: 0.4249 | giou_loss: 0.8719 | total_loss: 3.8680
2025-05-20 17:41:50,929 - transvg_coordinates_fixed_20250520_172719 - INFO - Epoch 0, Batch 1600/3392, Loss: 4.6013
2025-05-20 17:41:50,930 - transvg_coordinates_fixed_20250520_172719 - INFO - Train metrics: l1_loss: 0.5263 | giou_loss: 0.9849 | total_loss: 4.6013
2025-05-20 17:42:18,230 - transvg_coordinates_fixed_20250520_172719 - INFO - Epoch 0, Batch 1650/3392, Loss: 4.6947
2025-05-20 17:42:18,231 - transvg_coordinates_fixed_20250520_172719 - INFO - Train metrics: l1_loss: 0.5071 | giou_loss: 1.0795 | total_loss: 4.6947
2025-05-20 17:42:45,532 - transvg_coordinates_fixed_20250520_172719 - INFO - Epoch 0, Batch 1700/3392, Loss: 4.5980
2025-05-20 17:42:45,532 - transvg_coordinates_fixed_20250520_172719 - INFO - Train metrics: l1_loss: 0.5121 | giou_loss: 1.0188 | total_loss: 4.5980
2025-05-20 17:43:12,842 - transvg_coordinates_fixed_20250520_172719 - INFO - Epoch 0, Batch 1750/3392, Loss: 4.2689
2025-05-20 17:43:12,843 - transvg_coordinates_fixed_20250520_172719 - INFO - Train metrics: l1_loss: 0.4699 | giou_loss: 0.9597 | total_loss: 4.2689
2025-05-20 17:43:40,149 - transvg_coordinates_fixed_20250520_172719 - INFO - Epoch 0, Batch 1800/3392, Loss: 4.3438
2025-05-20 17:43:40,149 - transvg_coordinates_fixed_20250520_172719 - INFO - Train metrics: l1_loss: 0.4709 | giou_loss: 0.9946 | total_loss: 4.3438
2025-05-20 17:44:07,456 - transvg_coordinates_fixed_20250520_172719 - INFO - Epoch 0, Batch 1850/3392, Loss: 5.4509
2025-05-20 17:44:07,456 - transvg_coordinates_fixed_20250520_172719 - INFO - Train metrics: l1_loss: 0.6427 | giou_loss: 1.1187 | total_loss: 5.4509
2025-05-20 17:44:34,780 - transvg_coordinates_fixed_20250520_172719 - INFO - Epoch 0, Batch 1900/3392, Loss: 4.6528
2025-05-20 17:44:34,781 - transvg_coordinates_fixed_20250520_172719 - INFO - Train metrics: l1_loss: 0.5292 | giou_loss: 1.0034 | total_loss: 4.6528
2025-05-20 17:45:02,100 - transvg_coordinates_fixed_20250520_172719 - INFO - Epoch 0, Batch 1950/3392, Loss: 4.7905
2025-05-20 17:45:02,100 - transvg_coordinates_fixed_20250520_172719 - INFO - Train metrics: l1_loss: 0.5884 | giou_loss: 0.9244 | total_loss: 4.7905
2025-05-20 17:45:29,390 - transvg_coordinates_fixed_20250520_172719 - INFO - Epoch 0, Batch 2000/3392, Loss: 5.3149
2025-05-20 17:45:29,390 - transvg_coordinates_fixed_20250520_172719 - INFO - Train metrics: l1_loss: 0.6238 | giou_loss: 1.0980 | total_loss: 5.3149
2025-05-20 17:45:56,693 - transvg_coordinates_fixed_20250520_172719 - INFO - Epoch 0, Batch 2050/3392, Loss: 4.9362
2025-05-20 17:45:56,694 - transvg_coordinates_fixed_20250520_172719 - INFO - Train metrics: l1_loss: 0.5476 | giou_loss: 1.0992 | total_loss: 4.9362
2025-05-20 17:46:24,000 - transvg_coordinates_fixed_20250520_172719 - INFO - Epoch 0, Batch 2100/3392, Loss: 6.5152
2025-05-20 17:46:24,000 - transvg_coordinates_fixed_20250520_172719 - INFO - Train metrics: l1_loss: 0.8058 | giou_loss: 1.2430 | total_loss: 6.5152
2025-05-20 17:46:51,301 - transvg_coordinates_fixed_20250520_172719 - INFO - Epoch 0, Batch 2150/3392, Loss: 4.4157
2025-05-20 17:46:51,301 - transvg_coordinates_fixed_20250520_172719 - INFO - Train metrics: l1_loss: 0.4564 | giou_loss: 1.0668 | total_loss: 4.4157
2025-05-20 17:47:18,605 - transvg_coordinates_fixed_20250520_172719 - INFO - Epoch 0, Batch 2200/3392, Loss: 5.0529
2025-05-20 17:47:18,605 - transvg_coordinates_fixed_20250520_172719 - INFO - Train metrics: l1_loss: 0.6022 | giou_loss: 1.0210 | total_loss: 5.0529
2025-05-20 17:47:45,917 - transvg_coordinates_fixed_20250520_172719 - INFO - Epoch 0, Batch 2250/3392, Loss: 3.8756
2025-05-20 17:47:45,917 - transvg_coordinates_fixed_20250520_172719 - INFO - Train metrics: l1_loss: 0.3979 | giou_loss: 0.9431 | total_loss: 3.8756
2025-05-20 17:48:13,218 - transvg_coordinates_fixed_20250520_172719 - INFO - Epoch 0, Batch 2300/3392, Loss: 5.2598
2025-05-20 17:48:13,218 - transvg_coordinates_fixed_20250520_172719 - INFO - Train metrics: l1_loss: 0.6596 | giou_loss: 0.9809 | total_loss: 5.2598
2025-05-20 17:48:40,537 - transvg_coordinates_fixed_20250520_172719 - INFO - Epoch 0, Batch 2350/3392, Loss: 4.1774
2025-05-20 17:48:40,538 - transvg_coordinates_fixed_20250520_172719 - INFO - Train metrics: l1_loss: 0.4664 | giou_loss: 0.9226 | total_loss: 4.1774
2025-05-20 17:49:07,845 - transvg_coordinates_fixed_20250520_172719 - INFO - Epoch 0, Batch 2400/3392, Loss: 6.0510
2025-05-20 17:49:07,846 - transvg_coordinates_fixed_20250520_172719 - INFO - Train metrics: l1_loss: 0.7483 | giou_loss: 1.1548 | total_loss: 6.0510
2025-05-20 17:49:35,007 - transvg_coordinates_fixed_20250520_172719 - INFO - Epoch 0, Batch 2450/3392, Loss: 4.7033
2025-05-20 17:49:35,008 - transvg_coordinates_fixed_20250520_172719 - INFO - Train metrics: l1_loss: 0.5347 | giou_loss: 1.0150 | total_loss: 4.7033
2025-05-20 17:50:02,063 - transvg_coordinates_fixed_20250520_172719 - INFO - Epoch 0, Batch 2500/3392, Loss: 4.4963
2025-05-20 17:50:02,063 - transvg_coordinates_fixed_20250520_172719 - INFO - Train metrics: l1_loss: 0.5103 | giou_loss: 0.9724 | total_loss: 4.4963
2025-05-20 17:50:29,105 - transvg_coordinates_fixed_20250520_172719 - INFO - Epoch 0, Batch 2550/3392, Loss: 4.2399
2025-05-20 17:50:29,105 - transvg_coordinates_fixed_20250520_172719 - INFO - Train metrics: l1_loss: 0.4300 | giou_loss: 1.0450 | total_loss: 4.2399
2025-05-20 17:50:56,114 - transvg_coordinates_fixed_20250520_172719 - INFO - Epoch 0, Batch 2600/3392, Loss: 4.6789
2025-05-20 17:50:56,115 - transvg_coordinates_fixed_20250520_172719 - INFO - Train metrics: l1_loss: 0.5185 | giou_loss: 1.0432 | total_loss: 4.6789
2025-05-20 17:51:23,245 - transvg_coordinates_fixed_20250520_172719 - INFO - Epoch 0, Batch 2650/3392, Loss: 4.1336
2025-05-20 17:51:23,245 - transvg_coordinates_fixed_20250520_172719 - INFO - Train metrics: l1_loss: 0.4441 | giou_loss: 0.9565 | total_loss: 4.1336
2025-05-20 17:51:50,508 - transvg_coordinates_fixed_20250520_172719 - INFO - Epoch 0, Batch 2700/3392, Loss: 4.1605
2025-05-20 17:51:50,509 - transvg_coordinates_fixed_20250520_172719 - INFO - Train metrics: l1_loss: 0.4612 | giou_loss: 0.9273 | total_loss: 4.1605
2025-05-20 17:52:17,830 - transvg_coordinates_fixed_20250520_172719 - INFO - Epoch 0, Batch 2750/3392, Loss: 4.9953
2025-05-20 17:52:17,830 - transvg_coordinates_fixed_20250520_172719 - INFO - Train metrics: l1_loss: 0.5974 | giou_loss: 1.0043 | total_loss: 4.9953
2025-05-20 17:52:45,127 - transvg_coordinates_fixed_20250520_172719 - INFO - Epoch 0, Batch 2800/3392, Loss: 4.9385
2025-05-20 17:52:45,127 - transvg_coordinates_fixed_20250520_172719 - INFO - Train metrics: l1_loss: 0.5774 | giou_loss: 1.0258 | total_loss: 4.9385
2025-05-20 17:53:12,304 - transvg_coordinates_fixed_20250520_172719 - INFO - Epoch 0, Batch 2850/3392, Loss: 4.6180
2025-05-20 17:53:12,305 - transvg_coordinates_fixed_20250520_172719 - INFO - Train metrics: l1_loss: 0.5385 | giou_loss: 0.9628 | total_loss: 4.6180
2025-05-20 17:53:39,533 - transvg_coordinates_fixed_20250520_172719 - INFO - Epoch 0, Batch 2900/3392, Loss: 4.5558
2025-05-20 17:53:39,533 - transvg_coordinates_fixed_20250520_172719 - INFO - Train metrics: l1_loss: 0.4987 | giou_loss: 1.0312 | total_loss: 4.5558
2025-05-20 17:54:06,701 - transvg_coordinates_fixed_20250520_172719 - INFO - Epoch 0, Batch 2950/3392, Loss: 4.6385
2025-05-20 17:54:06,701 - transvg_coordinates_fixed_20250520_172719 - INFO - Train metrics: l1_loss: 0.5309 | giou_loss: 0.9919 | total_loss: 4.6385
2025-05-20 17:54:34,016 - transvg_coordinates_fixed_20250520_172719 - INFO - Epoch 0, Batch 3000/3392, Loss: 5.6395
2025-05-20 17:54:34,016 - transvg_coordinates_fixed_20250520_172719 - INFO - Train metrics: l1_loss: 0.6877 | giou_loss: 1.1004 | total_loss: 5.6395
2025-05-20 17:55:01,312 - transvg_coordinates_fixed_20250520_172719 - INFO - Epoch 0, Batch 3050/3392, Loss: 4.5890
2025-05-20 17:55:01,312 - transvg_coordinates_fixed_20250520_172719 - INFO - Train metrics: l1_loss: 0.5516 | giou_loss: 0.9155 | total_loss: 4.5890
2025-05-20 17:55:28,483 - transvg_coordinates_fixed_20250520_172719 - INFO - Epoch 0, Batch 3100/3392, Loss: 4.0306
2025-05-20 17:55:28,484 - transvg_coordinates_fixed_20250520_172719 - INFO - Train metrics: l1_loss: 0.4295 | giou_loss: 0.9417 | total_loss: 4.0306
2025-05-20 17:55:55,783 - transvg_coordinates_fixed_20250520_172719 - INFO - Epoch 0, Batch 3150/3392, Loss: 4.4025
2025-05-20 17:55:55,783 - transvg_coordinates_fixed_20250520_172719 - INFO - Train metrics: l1_loss: 0.4934 | giou_loss: 0.9678 | total_loss: 4.4025
2025-05-20 17:56:23,105 - transvg_coordinates_fixed_20250520_172719 - INFO - Epoch 0, Batch 3200/3392, Loss: 5.9521
2025-05-20 17:56:23,106 - transvg_coordinates_fixed_20250520_172719 - INFO - Train metrics: l1_loss: 0.7106 | giou_loss: 1.1996 | total_loss: 5.9521
2025-05-20 17:56:50,413 - transvg_coordinates_fixed_20250520_172719 - INFO - Epoch 0, Batch 3250/3392, Loss: 5.8722
2025-05-20 17:56:50,414 - transvg_coordinates_fixed_20250520_172719 - INFO - Train metrics: l1_loss: 0.7013 | giou_loss: 1.1828 | total_loss: 5.8722
2025-05-20 17:57:17,716 - transvg_coordinates_fixed_20250520_172719 - INFO - Epoch 0, Batch 3300/3392, Loss: 3.9727
2025-05-20 17:57:17,717 - transvg_coordinates_fixed_20250520_172719 - INFO - Train metrics: l1_loss: 0.4040 | giou_loss: 0.9764 | total_loss: 3.9727
2025-05-20 17:57:45,021 - transvg_coordinates_fixed_20250520_172719 - INFO - Epoch 0, Batch 3350/3392, Loss: 4.5490
2025-05-20 17:57:45,022 - transvg_coordinates_fixed_20250520_172719 - INFO - Train metrics: l1_loss: 0.4881 | giou_loss: 1.0542 | total_loss: 4.5490
2025-05-20 17:58:07,652 - transvg_coordinates_fixed_20250520_172719 - INFO - Train Epoch 0, Loss: 4.7964
2025-05-20 17:59:27,549 - transvg_coordinates_fixed_20250520_172719 - INFO - Pred box sample: [51.9359245300293, 68.9499740600586, 238.0148468017578, 253.81427001953125]
2025-05-20 17:59:27,550 - transvg_coordinates_fixed_20250520_172719 - INFO - Target box sample: [207.0, 198.0, 287.0, 283.0]
2025-05-20 17:59:27,652 - transvg_coordinates_fixed_20250520_172719 - INFO - Validation Epoch 0, Loss: 4.5589
2025-05-20 17:59:27,652 - transvg_coordinates_fixed_20250520_172719 - INFO - Val metrics: Acc@0.25: 0.3028 | Acc@0.5: 0.1052 | Acc@0.75: 0.0114 | mIoU: 0.1771 | medianIoU: 0.0847 | mae_x1: 110.6576 | mae_y1: 105.0398 | mae_x2: 105.1072 | mae_y2: 98.9808 | center_x_error: 88.1808 | center_y_error: 81.4973 | width_error: 3.1406 | height_error: 3.0777 | loss: 4.5589
2025-05-20 17:59:28,428 - transvg_coordinates_fixed_20250520_172719 - INFO - Saved model checkpoint to /home/pokle/Trans-VG/visual_grounding/checkpoints/transvg_coordinates_fixed_20250520_172719_epoch0.pth
2025-05-20 17:59:28,429 - transvg_coordinates_fixed_20250520_172719 - INFO - New best model! Acc@0.5: 0.1052
2025-05-20 17:59:28,429 - transvg_coordinates_fixed_20250520_172719 - INFO - Epoch 1/200
2025-05-20 17:59:29,572 - transvg_coordinates_fixed_20250520_172719 - INFO - Epoch 1, Batch 0/3392, Loss: 4.9920
2025-05-20 17:59:29,572 - transvg_coordinates_fixed_20250520_172719 - INFO - Train metrics: l1_loss: 0.6178 | giou_loss: 0.9514 | total_loss: 4.9920
2025-05-20 17:59:59,729 - transvg_coordinates_fixed_20250520_172719 - INFO - Epoch 1, Batch 50/3392, Loss: 3.8239
2025-05-20 17:59:59,730 - transvg_coordinates_fixed_20250520_172719 - INFO - Train metrics: l1_loss: 0.4091 | giou_loss: 0.8891 | total_loss: 3.8239
2025-05-20 18:00:29,718 - transvg_coordinates_fixed_20250520_172719 - INFO - Epoch 1, Batch 100/3392, Loss: 4.6898
2025-05-20 18:00:29,719 - transvg_coordinates_fixed_20250520_172719 - INFO - Train metrics: l1_loss: 0.4988 | giou_loss: 1.0979 | total_loss: 4.6898
2025-05-20 18:00:59,628 - transvg_coordinates_fixed_20250520_172719 - INFO - Epoch 1, Batch 150/3392, Loss: 5.5276
2025-05-20 18:00:59,629 - transvg_coordinates_fixed_20250520_172719 - INFO - Train metrics: l1_loss: 0.6417 | giou_loss: 1.1596 | total_loss: 5.5276
2025-05-20 18:01:29,352 - transvg_coordinates_fixed_20250520_172719 - INFO - Epoch 1, Batch 200/3392, Loss: 4.4247
2025-05-20 18:01:29,353 - transvg_coordinates_fixed_20250520_172719 - INFO - Train metrics: l1_loss: 0.4826 | giou_loss: 1.0057 | total_loss: 4.4247
2025-05-20 18:01:59,018 - transvg_coordinates_fixed_20250520_172719 - INFO - Epoch 1, Batch 250/3392, Loss: 3.1616
2025-05-20 18:01:59,019 - transvg_coordinates_fixed_20250520_172719 - INFO - Train metrics: l1_loss: 0.3327 | giou_loss: 0.7490 | total_loss: 3.1616
2025-05-20 18:02:28,709 - transvg_coordinates_fixed_20250520_172719 - INFO - Epoch 1, Batch 300/3392, Loss: 4.1330
2025-05-20 18:02:28,710 - transvg_coordinates_fixed_20250520_172719 - INFO - Train metrics: l1_loss: 0.5043 | giou_loss: 0.8056 | total_loss: 4.1330
2025-05-20 18:02:58,437 - transvg_coordinates_fixed_20250520_172719 - INFO - Epoch 1, Batch 350/3392, Loss: 4.9130
2025-05-20 18:02:58,437 - transvg_coordinates_fixed_20250520_172719 - INFO - Train metrics: l1_loss: 0.5560 | giou_loss: 1.0666 | total_loss: 4.9130
2025-05-20 18:03:28,120 - transvg_coordinates_fixed_20250520_172719 - INFO - Epoch 1, Batch 400/3392, Loss: 4.0993
2025-05-20 18:03:28,120 - transvg_coordinates_fixed_20250520_172719 - INFO - Train metrics: l1_loss: 0.4726 | giou_loss: 0.8682 | total_loss: 4.0993
2025-05-20 18:03:57,742 - transvg_coordinates_fixed_20250520_172719 - INFO - Epoch 1, Batch 450/3392, Loss: 3.6405
2025-05-20 18:03:57,743 - transvg_coordinates_fixed_20250520_172719 - INFO - Train metrics: l1_loss: 0.3900 | giou_loss: 0.8453 | total_loss: 3.6405
2025-05-20 18:04:27,442 - transvg_coordinates_fixed_20250520_172719 - INFO - Epoch 1, Batch 500/3392, Loss: 3.8376
2025-05-20 18:04:27,442 - transvg_coordinates_fixed_20250520_172719 - INFO - Train metrics: l1_loss: 0.4039 | giou_loss: 0.9091 | total_loss: 3.8376
2025-05-20 18:04:57,108 - transvg_coordinates_fixed_20250520_172719 - INFO - Epoch 1, Batch 550/3392, Loss: 4.3654
2025-05-20 18:04:57,109 - transvg_coordinates_fixed_20250520_172719 - INFO - Train metrics: l1_loss: 0.5126 | giou_loss: 0.9011 | total_loss: 4.3654
2025-05-20 18:05:26,807 - transvg_coordinates_fixed_20250520_172719 - INFO - Epoch 1, Batch 600/3392, Loss: 4.4923
2025-05-20 18:05:26,808 - transvg_coordinates_fixed_20250520_172719 - INFO - Train metrics: l1_loss: 0.4746 | giou_loss: 1.0596 | total_loss: 4.4923
2025-05-20 18:05:56,363 - transvg_coordinates_fixed_20250520_172719 - INFO - Epoch 1, Batch 650/3392, Loss: 3.5820
2025-05-20 18:05:56,364 - transvg_coordinates_fixed_20250520_172719 - INFO - Train metrics: l1_loss: 0.4416 | giou_loss: 0.6871 | total_loss: 3.5820
2025-05-20 18:06:26,020 - transvg_coordinates_fixed_20250520_172719 - INFO - Epoch 1, Batch 700/3392, Loss: 5.3375
2025-05-20 18:06:26,020 - transvg_coordinates_fixed_20250520_172719 - INFO - Train metrics: l1_loss: 0.6148 | giou_loss: 1.1319 | total_loss: 5.3375
2025-05-20 18:06:55,700 - transvg_coordinates_fixed_20250520_172719 - INFO - Epoch 1, Batch 750/3392, Loss: 4.8030
2025-05-20 18:06:55,700 - transvg_coordinates_fixed_20250520_172719 - INFO - Train metrics: l1_loss: 0.5694 | giou_loss: 0.9779 | total_loss: 4.8030
2025-05-20 18:07:25,402 - transvg_coordinates_fixed_20250520_172719 - INFO - Epoch 1, Batch 800/3392, Loss: 5.1790
2025-05-20 18:07:25,403 - transvg_coordinates_fixed_20250520_172719 - INFO - Train metrics: l1_loss: 0.5954 | giou_loss: 1.1009 | total_loss: 5.1790
2025-05-20 18:07:55,038 - transvg_coordinates_fixed_20250520_172719 - INFO - Epoch 1, Batch 850/3392, Loss: 5.4302
2025-05-20 18:07:55,039 - transvg_coordinates_fixed_20250520_172719 - INFO - Train metrics: l1_loss: 0.6109 | giou_loss: 1.1877 | total_loss: 5.4302
2025-05-20 18:08:24,713 - transvg_coordinates_fixed_20250520_172719 - INFO - Epoch 1, Batch 900/3392, Loss: 5.1896
2025-05-20 18:08:24,714 - transvg_coordinates_fixed_20250520_172719 - INFO - Train metrics: l1_loss: 0.6007 | giou_loss: 1.0930 | total_loss: 5.1896
2025-05-20 18:08:54,416 - transvg_coordinates_fixed_20250520_172719 - INFO - Epoch 1, Batch 950/3392, Loss: 4.3097
2025-05-20 18:08:54,417 - transvg_coordinates_fixed_20250520_172719 - INFO - Train metrics: l1_loss: 0.5160 | giou_loss: 0.8648 | total_loss: 4.3097
2025-05-20 18:09:24,033 - transvg_coordinates_fixed_20250520_172719 - INFO - Epoch 1, Batch 1000/3392, Loss: 3.3373
2025-05-20 18:09:24,033 - transvg_coordinates_fixed_20250520_172719 - INFO - Train metrics: l1_loss: 0.3402 | giou_loss: 0.8182 | total_loss: 3.3373
2025-05-20 18:09:53,830 - transvg_coordinates_fixed_20250520_172719 - INFO - Epoch 1, Batch 1050/3392, Loss: 4.5887
2025-05-20 18:09:53,830 - transvg_coordinates_fixed_20250520_172719 - INFO - Train metrics: l1_loss: 0.4978 | giou_loss: 1.0500 | total_loss: 4.5887
2025-05-20 18:10:23,537 - transvg_coordinates_fixed_20250520_172719 - INFO - Epoch 1, Batch 1100/3392, Loss: 3.6550
2025-05-20 18:10:23,537 - transvg_coordinates_fixed_20250520_172719 - INFO - Train metrics: l1_loss: 0.3910 | giou_loss: 0.8499 | total_loss: 3.6550
2025-05-20 18:10:53,231 - transvg_coordinates_fixed_20250520_172719 - INFO - Epoch 1, Batch 1150/3392, Loss: 5.8013
2025-05-20 18:10:53,231 - transvg_coordinates_fixed_20250520_172719 - INFO - Train metrics: l1_loss: 0.7173 | giou_loss: 1.1074 | total_loss: 5.8013
2025-05-20 18:11:22,772 - transvg_coordinates_fixed_20250520_172719 - INFO - Epoch 1, Batch 1200/3392, Loss: 4.3222
2025-05-20 18:11:22,773 - transvg_coordinates_fixed_20250520_172719 - INFO - Train metrics: l1_loss: 0.5069 | giou_loss: 0.8940 | total_loss: 4.3222
2025-05-20 18:11:52,359 - transvg_coordinates_fixed_20250520_172719 - INFO - Epoch 1, Batch 1250/3392, Loss: 4.5686
2025-05-20 18:11:52,359 - transvg_coordinates_fixed_20250520_172719 - INFO - Train metrics: l1_loss: 0.4787 | giou_loss: 1.0876 | total_loss: 4.5686
2025-05-20 18:12:21,967 - transvg_coordinates_fixed_20250520_172719 - INFO - Epoch 1, Batch 1300/3392, Loss: 4.8274
2025-05-20 18:12:21,968 - transvg_coordinates_fixed_20250520_172719 - INFO - Train metrics: l1_loss: 0.5497 | giou_loss: 1.0395 | total_loss: 4.8274
2025-05-20 18:12:51,586 - transvg_coordinates_fixed_20250520_172719 - INFO - Epoch 1, Batch 1350/3392, Loss: 4.4725
2025-05-20 18:12:51,587 - transvg_coordinates_fixed_20250520_172719 - INFO - Train metrics: l1_loss: 0.5157 | giou_loss: 0.9470 | total_loss: 4.4725
2025-05-20 18:13:21,226 - transvg_coordinates_fixed_20250520_172719 - INFO - Epoch 1, Batch 1400/3392, Loss: 3.6856
2025-05-20 18:13:21,227 - transvg_coordinates_fixed_20250520_172719 - INFO - Train metrics: l1_loss: 0.3996 | giou_loss: 0.8439 | total_loss: 3.6856
2025-05-20 18:13:50,879 - transvg_coordinates_fixed_20250520_172719 - INFO - Epoch 1, Batch 1450/3392, Loss: 4.0624
2025-05-20 18:13:50,879 - transvg_coordinates_fixed_20250520_172719 - INFO - Train metrics: l1_loss: 0.4431 | giou_loss: 0.9235 | total_loss: 4.0624
2025-05-20 18:14:20,557 - transvg_coordinates_fixed_20250520_172719 - INFO - Epoch 1, Batch 1500/3392, Loss: 3.9800
2025-05-20 18:14:20,558 - transvg_coordinates_fixed_20250520_172719 - INFO - Train metrics: l1_loss: 0.3889 | giou_loss: 1.0178 | total_loss: 3.9800
2025-05-20 18:14:50,228 - transvg_coordinates_fixed_20250520_172719 - INFO - Epoch 1, Batch 1550/3392, Loss: 4.5984
2025-05-20 18:14:50,228 - transvg_coordinates_fixed_20250520_172719 - INFO - Train metrics: l1_loss: 0.4936 | giou_loss: 1.0651 | total_loss: 4.5984
2025-05-20 18:15:19,848 - transvg_coordinates_fixed_20250520_172719 - INFO - Epoch 1, Batch 1600/3392, Loss: 4.4752
2025-05-20 18:15:19,849 - transvg_coordinates_fixed_20250520_172719 - INFO - Train metrics: l1_loss: 0.4885 | giou_loss: 1.0163 | total_loss: 4.4752
2025-05-20 18:15:49,533 - transvg_coordinates_fixed_20250520_172719 - INFO - Epoch 1, Batch 1650/3392, Loss: 3.9896
2025-05-20 18:15:49,534 - transvg_coordinates_fixed_20250520_172719 - INFO - Train metrics: l1_loss: 0.4297 | giou_loss: 0.9206 | total_loss: 3.9896
2025-05-20 18:16:19,221 - transvg_coordinates_fixed_20250520_172719 - INFO - Epoch 1, Batch 1700/3392, Loss: 3.7746
2025-05-20 18:16:19,222 - transvg_coordinates_fixed_20250520_172719 - INFO - Train metrics: l1_loss: 0.4143 | giou_loss: 0.8516 | total_loss: 3.7746
2025-05-20 18:16:48,860 - transvg_coordinates_fixed_20250520_172719 - INFO - Epoch 1, Batch 1750/3392, Loss: 3.3846
2025-05-20 18:16:48,860 - transvg_coordinates_fixed_20250520_172719 - INFO - Train metrics: l1_loss: 0.3662 | giou_loss: 0.7768 | total_loss: 3.3846
2025-05-20 18:17:18,475 - transvg_coordinates_fixed_20250520_172719 - INFO - Epoch 1, Batch 1800/3392, Loss: 5.5970
2025-05-20 18:17:18,475 - transvg_coordinates_fixed_20250520_172719 - INFO - Train metrics: l1_loss: 0.6668 | giou_loss: 1.1315 | total_loss: 5.5970
2025-05-20 18:17:48,075 - transvg_coordinates_fixed_20250520_172719 - INFO - Epoch 1, Batch 1850/3392, Loss: 3.6494
2025-05-20 18:17:48,075 - transvg_coordinates_fixed_20250520_172719 - INFO - Train metrics: l1_loss: 0.3867 | giou_loss: 0.8579 | total_loss: 3.6494
2025-05-20 18:18:17,761 - transvg_coordinates_fixed_20250520_172719 - INFO - Epoch 1, Batch 1900/3392, Loss: 5.9050
2025-05-20 18:18:17,762 - transvg_coordinates_fixed_20250520_172719 - INFO - Train metrics: l1_loss: 0.7100 | giou_loss: 1.1774 | total_loss: 5.9050
2025-05-20 18:18:47,374 - transvg_coordinates_fixed_20250520_172719 - INFO - Epoch 1, Batch 1950/3392, Loss: 4.9042
2025-05-20 18:18:47,374 - transvg_coordinates_fixed_20250520_172719 - INFO - Train metrics: l1_loss: 0.5261 | giou_loss: 1.1370 | total_loss: 4.9042
2025-05-20 18:19:16,970 - transvg_coordinates_fixed_20250520_172719 - INFO - Epoch 1, Batch 2000/3392, Loss: 5.1032
2025-05-20 18:19:16,970 - transvg_coordinates_fixed_20250520_172719 - INFO - Train metrics: l1_loss: 0.6088 | giou_loss: 1.0297 | total_loss: 5.1032
2025-05-20 18:19:46,560 - transvg_coordinates_fixed_20250520_172719 - INFO - Epoch 1, Batch 2050/3392, Loss: 5.4655
2025-05-20 18:19:46,561 - transvg_coordinates_fixed_20250520_172719 - INFO - Train metrics: l1_loss: 0.6313 | giou_loss: 1.1545 | total_loss: 5.4655
2025-05-20 18:20:16,134 - transvg_coordinates_fixed_20250520_172719 - INFO - Epoch 1, Batch 2100/3392, Loss: 3.2564
2025-05-20 18:20:16,135 - transvg_coordinates_fixed_20250520_172719 - INFO - Train metrics: l1_loss: 0.3614 | giou_loss: 0.7247 | total_loss: 3.2564
2025-05-20 18:20:45,632 - transvg_coordinates_fixed_20250520_172719 - INFO - Epoch 1, Batch 2150/3392, Loss: 4.1724
2025-05-20 18:20:45,632 - transvg_coordinates_fixed_20250520_172719 - INFO - Train metrics: l1_loss: 0.4788 | giou_loss: 0.8892 | total_loss: 4.1724
2025-05-20 18:21:15,090 - transvg_coordinates_fixed_20250520_172719 - INFO - Epoch 1, Batch 2200/3392, Loss: 4.5698
2025-05-20 18:21:15,090 - transvg_coordinates_fixed_20250520_172719 - INFO - Train metrics: l1_loss: 0.5354 | giou_loss: 0.9465 | total_loss: 4.5698
2025-05-20 18:21:44,792 - transvg_coordinates_fixed_20250520_172719 - INFO - Epoch 1, Batch 2250/3392, Loss: 4.4364
2025-05-20 18:21:44,793 - transvg_coordinates_fixed_20250520_172719 - INFO - Train metrics: l1_loss: 0.4871 | giou_loss: 1.0004 | total_loss: 4.4364
2025-05-20 18:22:14,437 - transvg_coordinates_fixed_20250520_172719 - INFO - Epoch 1, Batch 2300/3392, Loss: 4.1768
2025-05-20 18:22:14,438 - transvg_coordinates_fixed_20250520_172719 - INFO - Train metrics: l1_loss: 0.4444 | giou_loss: 0.9774 | total_loss: 4.1768
2025-05-20 18:22:44,209 - transvg_coordinates_fixed_20250520_172719 - INFO - Epoch 1, Batch 2350/3392, Loss: 3.4926
2025-05-20 18:22:44,209 - transvg_coordinates_fixed_20250520_172719 - INFO - Train metrics: l1_loss: 0.3584 | giou_loss: 0.8503 | total_loss: 3.4926
2025-05-20 18:23:13,759 - transvg_coordinates_fixed_20250520_172719 - INFO - Epoch 1, Batch 2400/3392, Loss: 4.3650
2025-05-20 18:23:13,760 - transvg_coordinates_fixed_20250520_172719 - INFO - Train metrics: l1_loss: 0.5140 | giou_loss: 0.8975 | total_loss: 4.3650
2025-05-20 18:23:43,229 - transvg_coordinates_fixed_20250520_172719 - INFO - Epoch 1, Batch 2450/3392, Loss: 4.3597
2025-05-20 18:23:43,229 - transvg_coordinates_fixed_20250520_172719 - INFO - Train metrics: l1_loss: 0.4880 | giou_loss: 0.9599 | total_loss: 4.3597
2025-05-20 18:24:12,756 - transvg_coordinates_fixed_20250520_172719 - INFO - Epoch 1, Batch 2500/3392, Loss: 5.2879
2025-05-20 18:24:12,757 - transvg_coordinates_fixed_20250520_172719 - INFO - Train metrics: l1_loss: 0.6408 | giou_loss: 1.0420 | total_loss: 5.2879
2025-05-20 18:24:42,307 - transvg_coordinates_fixed_20250520_172719 - INFO - Epoch 1, Batch 2550/3392, Loss: 5.5734
2025-05-20 18:24:42,308 - transvg_coordinates_fixed_20250520_172719 - INFO - Train metrics: l1_loss: 0.6809 | giou_loss: 1.0844 | total_loss: 5.5734
2025-05-20 18:25:11,901 - transvg_coordinates_fixed_20250520_172719 - INFO - Epoch 1, Batch 2600/3392, Loss: 3.8900
2025-05-20 18:25:11,901 - transvg_coordinates_fixed_20250520_172719 - INFO - Train metrics: l1_loss: 0.4088 | giou_loss: 0.9230 | total_loss: 3.8900
2025-05-20 18:25:41,474 - transvg_coordinates_fixed_20250520_172719 - INFO - Epoch 1, Batch 2650/3392, Loss: 4.2164
2025-05-20 18:25:41,474 - transvg_coordinates_fixed_20250520_172719 - INFO - Train metrics: l1_loss: 0.4213 | giou_loss: 1.0551 | total_loss: 4.2164
2025-05-20 18:26:10,997 - transvg_coordinates_fixed_20250520_172719 - INFO - Epoch 1, Batch 2700/3392, Loss: 4.3360
2025-05-20 18:26:10,997 - transvg_coordinates_fixed_20250520_172719 - INFO - Train metrics: l1_loss: 0.4475 | giou_loss: 1.0491 | total_loss: 4.3360
2025-05-20 18:26:40,482 - transvg_coordinates_fixed_20250520_172719 - INFO - Epoch 1, Batch 2750/3392, Loss: 3.4742
2025-05-20 18:26:40,482 - transvg_coordinates_fixed_20250520_172719 - INFO - Train metrics: l1_loss: 0.3687 | giou_loss: 0.8153 | total_loss: 3.4742
2025-05-20 18:27:10,045 - transvg_coordinates_fixed_20250520_172719 - INFO - Epoch 1, Batch 2800/3392, Loss: 2.9888
2025-05-20 18:27:10,045 - transvg_coordinates_fixed_20250520_172719 - INFO - Train metrics: l1_loss: 0.3058 | giou_loss: 0.7298 | total_loss: 2.9888
2025-05-20 18:27:39,575 - transvg_coordinates_fixed_20250520_172719 - INFO - Epoch 1, Batch 2850/3392, Loss: 4.7795
2025-05-20 18:27:39,576 - transvg_coordinates_fixed_20250520_172719 - INFO - Train metrics: l1_loss: 0.5540 | giou_loss: 1.0048 | total_loss: 4.7795
2025-05-20 18:28:09,108 - transvg_coordinates_fixed_20250520_172719 - INFO - Epoch 1, Batch 2900/3392, Loss: 6.2936
2025-05-20 18:28:09,108 - transvg_coordinates_fixed_20250520_172719 - INFO - Train metrics: l1_loss: 0.7682 | giou_loss: 1.2262 | total_loss: 6.2936
2025-05-20 18:28:38,621 - transvg_coordinates_fixed_20250520_172719 - INFO - Epoch 1, Batch 2950/3392, Loss: 4.8121
2025-05-20 18:28:38,622 - transvg_coordinates_fixed_20250520_172719 - INFO - Train metrics: l1_loss: 0.5301 | giou_loss: 1.0808 | total_loss: 4.8121
2025-05-20 18:29:08,173 - transvg_coordinates_fixed_20250520_172719 - INFO - Epoch 1, Batch 3000/3392, Loss: 4.0041
2025-05-20 18:29:08,174 - transvg_coordinates_fixed_20250520_172719 - INFO - Train metrics: l1_loss: 0.4365 | giou_loss: 0.9107 | total_loss: 4.0041
2025-05-20 18:29:37,761 - transvg_coordinates_fixed_20250520_172719 - INFO - Epoch 1, Batch 3050/3392, Loss: 3.4249
2025-05-20 18:29:37,762 - transvg_coordinates_fixed_20250520_172719 - INFO - Train metrics: l1_loss: 0.3684 | giou_loss: 0.7914 | total_loss: 3.4249
2025-05-20 18:30:07,456 - transvg_coordinates_fixed_20250520_172719 - INFO - Epoch 1, Batch 3100/3392, Loss: 4.1186
2025-05-20 18:30:07,457 - transvg_coordinates_fixed_20250520_172719 - INFO - Train metrics: l1_loss: 0.4407 | giou_loss: 0.9575 | total_loss: 4.1186
2025-05-20 18:30:37,045 - transvg_coordinates_fixed_20250520_172719 - INFO - Epoch 1, Batch 3150/3392, Loss: 5.4443
2025-05-20 18:30:37,046 - transvg_coordinates_fixed_20250520_172719 - INFO - Train metrics: l1_loss: 0.6681 | giou_loss: 1.0520 | total_loss: 5.4443
2025-05-20 18:31:06,754 - transvg_coordinates_fixed_20250520_172719 - INFO - Epoch 1, Batch 3200/3392, Loss: 5.0099
2025-05-20 18:31:06,755 - transvg_coordinates_fixed_20250520_172719 - INFO - Train metrics: l1_loss: 0.5766 | giou_loss: 1.0635 | total_loss: 5.0099
2025-05-20 18:31:36,435 - transvg_coordinates_fixed_20250520_172719 - INFO - Epoch 1, Batch 3250/3392, Loss: 4.7179
2025-05-20 18:31:36,436 - transvg_coordinates_fixed_20250520_172719 - INFO - Train metrics: l1_loss: 0.5694 | giou_loss: 0.9356 | total_loss: 4.7179
2025-05-20 18:32:06,202 - transvg_coordinates_fixed_20250520_172719 - INFO - Epoch 1, Batch 3300/3392, Loss: 5.1208
2025-05-20 18:32:06,228 - transvg_coordinates_fixed_20250520_172719 - INFO - Train metrics: l1_loss: 0.5978 | giou_loss: 1.0658 | total_loss: 5.1208
2025-05-20 18:32:36,035 - transvg_coordinates_fixed_20250520_172719 - INFO - Epoch 1, Batch 3350/3392, Loss: 4.5482
2025-05-20 18:32:36,063 - transvg_coordinates_fixed_20250520_172719 - INFO - Train metrics: l1_loss: 0.4869 | giou_loss: 1.0568 | total_loss: 4.5482
2025-05-20 18:33:00,484 - transvg_coordinates_fixed_20250520_172719 - INFO - Train Epoch 1, Loss: 4.5403
2025-05-20 18:34:21,553 - transvg_coordinates_fixed_20250520_172719 - INFO - Pred box sample: [83.61030578613281, 32.189300537109375, 253.0234832763672, 141.88006591796875]
2025-05-20 18:34:21,553 - transvg_coordinates_fixed_20250520_172719 - INFO - Target box sample: [207.0, 198.0, 287.0, 283.0]
2025-05-20 18:34:21,649 - transvg_coordinates_fixed_20250520_172719 - INFO - Validation Epoch 1, Loss: 4.5573
2025-05-20 18:34:21,649 - transvg_coordinates_fixed_20250520_172719 - INFO - Val metrics: Acc@0.25: 0.3052 | Acc@0.5: 0.1086 | Acc@0.75: 0.0109 | mIoU: 0.1768 | medianIoU: 0.0831 | mae_x1: 104.7399 | mae_y1: 112.2064 | mae_x2: 104.3325 | mae_y2: 95.6423 | center_x_error: 84.4510 | center_y_error: 85.9554 | width_error: 3.1669 | height_error: 2.8404 | loss: 4.5573
2025-05-20 18:34:22,541 - transvg_coordinates_fixed_20250520_172719 - INFO - Saved model checkpoint to /home/pokle/Trans-VG/visual_grounding/checkpoints/transvg_coordinates_fixed_20250520_172719_epoch1.pth
2025-05-20 18:34:22,542 - transvg_coordinates_fixed_20250520_172719 - INFO - New best model! Acc@0.5: 0.1086
2025-05-20 18:34:22,542 - transvg_coordinates_fixed_20250520_172719 - INFO - Epoch 2/200
2025-05-20 18:34:24,438 - transvg_coordinates_fixed_20250520_172719 - INFO - Epoch 2, Batch 0/3392, Loss: 5.5532
2025-05-20 18:34:24,439 - transvg_coordinates_fixed_20250520_172719 - INFO - Train metrics: l1_loss: 0.6468 | giou_loss: 1.1597 | total_loss: 5.5532
2025-05-20 18:34:54,410 - transvg_coordinates_fixed_20250520_172719 - INFO - Epoch 2, Batch 50/3392, Loss: 4.2181
2025-05-20 18:34:54,411 - transvg_coordinates_fixed_20250520_172719 - INFO - Train metrics: l1_loss: 0.4594 | giou_loss: 0.9605 | total_loss: 4.2181
2025-05-20 18:35:24,252 - transvg_coordinates_fixed_20250520_172719 - INFO - Epoch 2, Batch 100/3392, Loss: 4.9794
2025-05-20 18:35:24,253 - transvg_coordinates_fixed_20250520_172719 - INFO - Train metrics: l1_loss: 0.5325 | giou_loss: 1.1584 | total_loss: 4.9794
2025-05-20 18:35:53,897 - transvg_coordinates_fixed_20250520_172719 - INFO - Epoch 2, Batch 150/3392, Loss: 4.6653
2025-05-20 18:35:53,898 - transvg_coordinates_fixed_20250520_172719 - INFO - Train metrics: l1_loss: 0.5132 | giou_loss: 1.0496 | total_loss: 4.6653
2025-05-20 18:36:23,710 - transvg_coordinates_fixed_20250520_172719 - INFO - Epoch 2, Batch 200/3392, Loss: 4.7696
2025-05-20 18:36:23,710 - transvg_coordinates_fixed_20250520_172719 - INFO - Train metrics: l1_loss: 0.5523 | giou_loss: 1.0041 | total_loss: 4.7696
2025-05-20 18:36:53,351 - transvg_coordinates_fixed_20250520_172719 - INFO - Epoch 2, Batch 250/3392, Loss: 5.9614
2025-05-20 18:36:53,352 - transvg_coordinates_fixed_20250520_172719 - INFO - Train metrics: l1_loss: 0.7071 | giou_loss: 1.2129 | total_loss: 5.9614
2025-05-20 18:37:22,987 - transvg_coordinates_fixed_20250520_172719 - INFO - Epoch 2, Batch 300/3392, Loss: 3.8246
2025-05-20 18:37:22,988 - transvg_coordinates_fixed_20250520_172719 - INFO - Train metrics: l1_loss: 0.4322 | giou_loss: 0.8319 | total_loss: 3.8246
2025-05-20 18:37:52,656 - transvg_coordinates_fixed_20250520_172719 - INFO - Epoch 2, Batch 350/3392, Loss: 3.4016
2025-05-20 18:37:52,688 - transvg_coordinates_fixed_20250520_172719 - INFO - Train metrics: l1_loss: 0.3584 | giou_loss: 0.8048 | total_loss: 3.4016
2025-05-20 18:38:22,343 - transvg_coordinates_fixed_20250520_172719 - INFO - Epoch 2, Batch 400/3392, Loss: 5.0376
2025-05-20 18:38:22,344 - transvg_coordinates_fixed_20250520_172719 - INFO - Train metrics: l1_loss: 0.5511 | giou_loss: 1.1410 | total_loss: 5.0376
2025-05-20 18:38:52,053 - transvg_coordinates_fixed_20250520_172719 - INFO - Epoch 2, Batch 450/3392, Loss: 3.9083
2025-05-20 18:38:52,054 - transvg_coordinates_fixed_20250520_172719 - INFO - Train metrics: l1_loss: 0.4253 | giou_loss: 0.8909 | total_loss: 3.9083
2025-05-20 18:39:21,749 - transvg_coordinates_fixed_20250520_172719 - INFO - Epoch 2, Batch 500/3392, Loss: 4.7623
2025-05-20 18:39:21,750 - transvg_coordinates_fixed_20250520_172719 - INFO - Train metrics: l1_loss: 0.5173 | giou_loss: 1.0879 | total_loss: 4.7623
2025-05-20 18:39:51,503 - transvg_coordinates_fixed_20250520_172719 - INFO - Epoch 2, Batch 550/3392, Loss: 3.8007
2025-05-20 18:39:51,503 - transvg_coordinates_fixed_20250520_172719 - INFO - Train metrics: l1_loss: 0.4281 | giou_loss: 0.8301 | total_loss: 3.8007
2025-05-20 18:40:21,266 - transvg_coordinates_fixed_20250520_172719 - INFO - Epoch 2, Batch 600/3392, Loss: 4.5124
2025-05-20 18:40:21,267 - transvg_coordinates_fixed_20250520_172719 - INFO - Train metrics: l1_loss: 0.4959 | giou_loss: 1.0165 | total_loss: 4.5124
2025-05-20 18:40:50,991 - transvg_coordinates_fixed_20250520_172719 - INFO - Epoch 2, Batch 650/3392, Loss: 5.7116
2025-05-20 18:40:50,991 - transvg_coordinates_fixed_20250520_172719 - INFO - Train metrics: l1_loss: 0.7045 | giou_loss: 1.0946 | total_loss: 5.7116
2025-05-20 18:41:20,513 - transvg_coordinates_fixed_20250520_172719 - INFO - Epoch 2, Batch 700/3392, Loss: 3.7140
2025-05-20 18:41:20,514 - transvg_coordinates_fixed_20250520_172719 - INFO - Train metrics: l1_loss: 0.4106 | giou_loss: 0.8304 | total_loss: 3.7140
2025-05-20 18:41:50,227 - transvg_coordinates_fixed_20250520_172719 - INFO - Epoch 2, Batch 750/3392, Loss: 5.0972
2025-05-20 18:41:50,228 - transvg_coordinates_fixed_20250520_172719 - INFO - Train metrics: l1_loss: 0.5658 | giou_loss: 1.1341 | total_loss: 5.0972
2025-05-20 18:42:19,844 - transvg_coordinates_fixed_20250520_172719 - INFO - Epoch 2, Batch 800/3392, Loss: 6.2981
2025-05-20 18:42:19,844 - transvg_coordinates_fixed_20250520_172719 - INFO - Train metrics: l1_loss: 0.7873 | giou_loss: 1.1808 | total_loss: 6.2981
2025-05-20 18:42:49,613 - transvg_coordinates_fixed_20250520_172719 - INFO - Epoch 2, Batch 850/3392, Loss: 3.8052
2025-05-20 18:42:49,614 - transvg_coordinates_fixed_20250520_172719 - INFO - Train metrics: l1_loss: 0.4094 | giou_loss: 0.8792 | total_loss: 3.8052
2025-05-20 18:43:19,289 - transvg_coordinates_fixed_20250520_172719 - INFO - Epoch 2, Batch 900/3392, Loss: 4.4780
2025-05-20 18:43:19,289 - transvg_coordinates_fixed_20250520_172719 - INFO - Train metrics: l1_loss: 0.5059 | giou_loss: 0.9742 | total_loss: 4.4780
2025-05-20 18:43:48,862 - transvg_coordinates_fixed_20250520_172719 - INFO - Epoch 2, Batch 950/3392, Loss: 5.0485
2025-05-20 18:43:48,863 - transvg_coordinates_fixed_20250520_172719 - INFO - Train metrics: l1_loss: 0.5756 | giou_loss: 1.0852 | total_loss: 5.0485
2025-05-20 18:44:18,468 - transvg_coordinates_fixed_20250520_172719 - INFO - Epoch 2, Batch 1000/3392, Loss: 5.5696
2025-05-20 18:44:18,469 - transvg_coordinates_fixed_20250520_172719 - INFO - Train metrics: l1_loss: 0.6024 | giou_loss: 1.2789 | total_loss: 5.5696
2025-05-20 18:44:48,097 - transvg_coordinates_fixed_20250520_172719 - INFO - Epoch 2, Batch 1050/3392, Loss: 3.9117
2025-05-20 18:44:48,098 - transvg_coordinates_fixed_20250520_172719 - INFO - Train metrics: l1_loss: 0.3943 | giou_loss: 0.9701 | total_loss: 3.9117
2025-05-20 18:45:17,741 - transvg_coordinates_fixed_20250520_172719 - INFO - Epoch 2, Batch 1100/3392, Loss: 4.5433
2025-05-20 18:45:17,742 - transvg_coordinates_fixed_20250520_172719 - INFO - Train metrics: l1_loss: 0.4746 | giou_loss: 1.0851 | total_loss: 4.5433
2025-05-20 18:45:47,368 - transvg_coordinates_fixed_20250520_172719 - INFO - Epoch 2, Batch 1150/3392, Loss: 4.1944
2025-05-20 18:45:47,369 - transvg_coordinates_fixed_20250520_172719 - INFO - Train metrics: l1_loss: 0.4425 | giou_loss: 0.9909 | total_loss: 4.1944
2025-05-20 18:46:16,990 - transvg_coordinates_fixed_20250520_172719 - INFO - Epoch 2, Batch 1200/3392, Loss: 4.6457
2025-05-20 18:46:16,991 - transvg_coordinates_fixed_20250520_172719 - INFO - Train metrics: l1_loss: 0.4936 | giou_loss: 1.0890 | total_loss: 4.6457
2025-05-20 18:46:46,820 - transvg_coordinates_fixed_20250520_172719 - INFO - Epoch 2, Batch 1250/3392, Loss: 4.4376
2025-05-20 18:46:46,820 - transvg_coordinates_fixed_20250520_172719 - INFO - Train metrics: l1_loss: 0.4879 | giou_loss: 0.9991 | total_loss: 4.4376
2025-05-20 18:47:16,599 - transvg_coordinates_fixed_20250520_172719 - INFO - Epoch 2, Batch 1300/3392, Loss: 4.7923
2025-05-20 18:47:16,600 - transvg_coordinates_fixed_20250520_172719 - INFO - Train metrics: l1_loss: 0.5259 | giou_loss: 1.0814 | total_loss: 4.7923
2025-05-20 18:47:46,424 - transvg_coordinates_fixed_20250520_172719 - INFO - Epoch 2, Batch 1350/3392, Loss: 6.2595
2025-05-20 18:47:46,425 - transvg_coordinates_fixed_20250520_172719 - INFO - Train metrics: l1_loss: 0.8118 | giou_loss: 1.1001 | total_loss: 6.2595
2025-05-20 18:48:16,292 - transvg_coordinates_fixed_20250520_172719 - INFO - Epoch 2, Batch 1400/3392, Loss: 4.8092
2025-05-20 18:48:16,292 - transvg_coordinates_fixed_20250520_172719 - INFO - Train metrics: l1_loss: 0.5118 | giou_loss: 1.1252 | total_loss: 4.8092
2025-05-20 18:48:46,324 - transvg_coordinates_fixed_20250520_172719 - INFO - Epoch 2, Batch 1450/3392, Loss: 3.4779
2025-05-20 18:48:46,325 - transvg_coordinates_fixed_20250520_172719 - INFO - Train metrics: l1_loss: 0.3428 | giou_loss: 0.8818 | total_loss: 3.4779
2025-05-20 18:49:16,125 - transvg_coordinates_fixed_20250520_172719 - INFO - Epoch 2, Batch 1500/3392, Loss: 3.8349
2025-05-20 18:49:16,126 - transvg_coordinates_fixed_20250520_172719 - INFO - Train metrics: l1_loss: 0.3809 | giou_loss: 0.9651 | total_loss: 3.8349
2025-05-20 18:49:45,978 - transvg_coordinates_fixed_20250520_172719 - INFO - Epoch 2, Batch 1550/3392, Loss: 3.3333
2025-05-20 18:49:45,979 - transvg_coordinates_fixed_20250520_172719 - INFO - Train metrics: l1_loss: 0.3790 | giou_loss: 0.7190 | total_loss: 3.3333
2025-05-20 18:50:15,822 - transvg_coordinates_fixed_20250520_172719 - INFO - Epoch 2, Batch 1600/3392, Loss: 3.7003
2025-05-20 18:50:15,822 - transvg_coordinates_fixed_20250520_172719 - INFO - Train metrics: l1_loss: 0.4220 | giou_loss: 0.7951 | total_loss: 3.7003
2025-05-20 18:50:45,593 - transvg_coordinates_fixed_20250520_172719 - INFO - Epoch 2, Batch 1650/3392, Loss: 4.7714
2025-05-20 18:50:45,594 - transvg_coordinates_fixed_20250520_172719 - INFO - Train metrics: l1_loss: 0.5885 | giou_loss: 0.9145 | total_loss: 4.7714
2025-05-20 18:51:15,400 - transvg_coordinates_fixed_20250520_172719 - INFO - Epoch 2, Batch 1700/3392, Loss: 4.2940
2025-05-20 18:51:15,400 - transvg_coordinates_fixed_20250520_172719 - INFO - Train metrics: l1_loss: 0.5007 | giou_loss: 0.8953 | total_loss: 4.2940
2025-05-20 18:51:45,245 - transvg_coordinates_fixed_20250520_172719 - INFO - Epoch 2, Batch 1750/3392, Loss: 4.8727
2025-05-20 18:51:45,245 - transvg_coordinates_fixed_20250520_172719 - INFO - Train metrics: l1_loss: 0.5777 | giou_loss: 0.9921 | total_loss: 4.8727
2025-05-20 18:52:15,044 - transvg_coordinates_fixed_20250520_172719 - INFO - Epoch 2, Batch 1800/3392, Loss: 4.3101
2025-05-20 18:52:15,045 - transvg_coordinates_fixed_20250520_172719 - INFO - Train metrics: l1_loss: 0.5055 | giou_loss: 0.8913 | total_loss: 4.3101
2025-05-20 18:52:44,824 - transvg_coordinates_fixed_20250520_172719 - INFO - Epoch 2, Batch 1850/3392, Loss: 4.0986
2025-05-20 18:52:44,825 - transvg_coordinates_fixed_20250520_172719 - INFO - Train metrics: l1_loss: 0.4541 | giou_loss: 0.9141 | total_loss: 4.0986
2025-05-20 18:53:14,669 - transvg_coordinates_fixed_20250520_172719 - INFO - Epoch 2, Batch 1900/3392, Loss: 4.4855
2025-05-20 18:53:14,670 - transvg_coordinates_fixed_20250520_172719 - INFO - Train metrics: l1_loss: 0.5306 | giou_loss: 0.9164 | total_loss: 4.4855
2025-05-20 18:53:44,546 - transvg_coordinates_fixed_20250520_172719 - INFO - Epoch 2, Batch 1950/3392, Loss: 3.5539
2025-05-20 18:53:44,547 - transvg_coordinates_fixed_20250520_172719 - INFO - Train metrics: l1_loss: 0.3736 | giou_loss: 0.8430 | total_loss: 3.5539
2025-05-20 18:54:14,371 - transvg_coordinates_fixed_20250520_172719 - INFO - Epoch 2, Batch 2000/3392, Loss: 6.2338
2025-05-20 18:54:14,372 - transvg_coordinates_fixed_20250520_172719 - INFO - Train metrics: l1_loss: 0.7845 | giou_loss: 1.1556 | total_loss: 6.2338
2025-05-20 18:54:44,182 - transvg_coordinates_fixed_20250520_172719 - INFO - Epoch 2, Batch 2050/3392, Loss: 4.2751
2025-05-20 18:54:44,182 - transvg_coordinates_fixed_20250520_172719 - INFO - Train metrics: l1_loss: 0.4464 | giou_loss: 1.0215 | total_loss: 4.2751
2025-05-20 18:55:13,916 - transvg_coordinates_fixed_20250520_172719 - INFO - Epoch 2, Batch 2100/3392, Loss: 3.9214
2025-05-20 18:55:13,917 - transvg_coordinates_fixed_20250520_172719 - INFO - Train metrics: l1_loss: 0.4067 | giou_loss: 0.9440 | total_loss: 3.9214
2025-05-20 18:55:43,685 - transvg_coordinates_fixed_20250520_172719 - INFO - Epoch 2, Batch 2150/3392, Loss: 3.7794
2025-05-20 18:55:43,686 - transvg_coordinates_fixed_20250520_172719 - INFO - Train metrics: l1_loss: 0.4424 | giou_loss: 0.7837 | total_loss: 3.7794
2025-05-20 18:56:13,402 - transvg_coordinates_fixed_20250520_172719 - INFO - Epoch 2, Batch 2200/3392, Loss: 3.7087
2025-05-20 18:56:13,402 - transvg_coordinates_fixed_20250520_172719 - INFO - Train metrics: l1_loss: 0.4058 | giou_loss: 0.8399 | total_loss: 3.7087
2025-05-20 18:56:43,100 - transvg_coordinates_fixed_20250520_172719 - INFO - Epoch 2, Batch 2250/3392, Loss: 3.7465
2025-05-20 18:56:43,101 - transvg_coordinates_fixed_20250520_172719 - INFO - Train metrics: l1_loss: 0.3995 | giou_loss: 0.8746 | total_loss: 3.7465
2025-05-20 18:57:12,797 - transvg_coordinates_fixed_20250520_172719 - INFO - Epoch 2, Batch 2300/3392, Loss: 3.2871
2025-05-20 18:57:12,798 - transvg_coordinates_fixed_20250520_172719 - INFO - Train metrics: l1_loss: 0.3388 | giou_loss: 0.7966 | total_loss: 3.2871
2025-05-20 18:57:42,520 - transvg_coordinates_fixed_20250520_172719 - INFO - Epoch 2, Batch 2350/3392, Loss: 3.6381
2025-05-20 18:57:42,520 - transvg_coordinates_fixed_20250520_172719 - INFO - Train metrics: l1_loss: 0.3924 | giou_loss: 0.8380 | total_loss: 3.6381
2025-05-20 18:58:12,267 - transvg_coordinates_fixed_20250520_172719 - INFO - Epoch 2, Batch 2400/3392, Loss: 4.8409
2025-05-20 18:58:12,268 - transvg_coordinates_fixed_20250520_172719 - INFO - Train metrics: l1_loss: 0.5767 | giou_loss: 0.9788 | total_loss: 4.8409
2025-05-20 18:58:42,089 - transvg_coordinates_fixed_20250520_172719 - INFO - Epoch 2, Batch 2450/3392, Loss: 4.8056
2025-05-20 18:58:42,089 - transvg_coordinates_fixed_20250520_172719 - INFO - Train metrics: l1_loss: 0.5620 | giou_loss: 0.9977 | total_loss: 4.8056
2025-05-20 18:59:11,883 - transvg_coordinates_fixed_20250520_172719 - INFO - Epoch 2, Batch 2500/3392, Loss: 3.9281
2025-05-20 18:59:11,884 - transvg_coordinates_fixed_20250520_172719 - INFO - Train metrics: l1_loss: 0.4311 | giou_loss: 0.8863 | total_loss: 3.9281
2025-05-20 18:59:41,676 - transvg_coordinates_fixed_20250520_172719 - INFO - Epoch 2, Batch 2550/3392, Loss: 4.1525
2025-05-20 18:59:41,677 - transvg_coordinates_fixed_20250520_172719 - INFO - Train metrics: l1_loss: 0.4638 | giou_loss: 0.9169 | total_loss: 4.1525
2025-05-20 19:00:11,401 - transvg_coordinates_fixed_20250520_172719 - INFO - Epoch 2, Batch 2600/3392, Loss: 3.8882
2025-05-20 19:00:11,402 - transvg_coordinates_fixed_20250520_172719 - INFO - Train metrics: l1_loss: 0.3884 | giou_loss: 0.9731 | total_loss: 3.8882
2025-05-20 19:00:41,100 - transvg_coordinates_fixed_20250520_172719 - INFO - Epoch 2, Batch 2650/3392, Loss: 4.7303
2025-05-20 19:00:41,101 - transvg_coordinates_fixed_20250520_172719 - INFO - Train metrics: l1_loss: 0.5579 | giou_loss: 0.9705 | total_loss: 4.7303
2025-05-20 19:01:10,963 - transvg_coordinates_fixed_20250520_172719 - INFO - Epoch 2, Batch 2700/3392, Loss: 4.6348
2025-05-20 19:01:10,963 - transvg_coordinates_fixed_20250520_172719 - INFO - Train metrics: l1_loss: 0.5132 | giou_loss: 1.0343 | total_loss: 4.6348
2025-05-20 19:01:40,703 - transvg_coordinates_fixed_20250520_172719 - INFO - Epoch 2, Batch 2750/3392, Loss: 5.4314
2025-05-20 19:01:40,704 - transvg_coordinates_fixed_20250520_172719 - INFO - Train metrics: l1_loss: 0.6205 | giou_loss: 1.1644 | total_loss: 5.4314
2025-05-20 19:02:10,400 - transvg_coordinates_fixed_20250520_172719 - INFO - Epoch 2, Batch 2800/3392, Loss: 4.3300
2025-05-20 19:02:10,400 - transvg_coordinates_fixed_20250520_172719 - INFO - Train metrics: l1_loss: 0.5014 | giou_loss: 0.9115 | total_loss: 4.3300
2025-05-20 19:02:40,152 - transvg_coordinates_fixed_20250520_172719 - INFO - Epoch 2, Batch 2850/3392, Loss: 4.6855
2025-05-20 19:02:40,153 - transvg_coordinates_fixed_20250520_172719 - INFO - Train metrics: l1_loss: 0.5437 | giou_loss: 0.9834 | total_loss: 4.6855
2025-05-20 19:03:09,922 - transvg_coordinates_fixed_20250520_172719 - INFO - Epoch 2, Batch 2900/3392, Loss: 4.1581
2025-05-20 19:03:09,923 - transvg_coordinates_fixed_20250520_172719 - INFO - Train metrics: l1_loss: 0.4416 | giou_loss: 0.9751 | total_loss: 4.1581
2025-05-20 19:03:39,735 - transvg_coordinates_fixed_20250520_172719 - INFO - Epoch 2, Batch 2950/3392, Loss: 4.6269
2025-05-20 19:03:39,735 - transvg_coordinates_fixed_20250520_172719 - INFO - Train metrics: l1_loss: 0.5065 | giou_loss: 1.0472 | total_loss: 4.6269
2025-05-20 19:04:09,591 - transvg_coordinates_fixed_20250520_172719 - INFO - Epoch 2, Batch 3000/3392, Loss: 5.3623
2025-05-20 19:04:09,591 - transvg_coordinates_fixed_20250520_172719 - INFO - Train metrics: l1_loss: 0.6195 | giou_loss: 1.1324 | total_loss: 5.3623
2025-05-20 19:04:39,361 - transvg_coordinates_fixed_20250520_172719 - INFO - Epoch 2, Batch 3050/3392, Loss: 5.1032
2025-05-20 19:04:39,361 - transvg_coordinates_fixed_20250520_172719 - INFO - Train metrics: l1_loss: 0.5993 | giou_loss: 1.0533 | total_loss: 5.1032
2025-05-20 19:05:09,144 - transvg_coordinates_fixed_20250520_172719 - INFO - Epoch 2, Batch 3100/3392, Loss: 4.4176
2025-05-20 19:05:09,145 - transvg_coordinates_fixed_20250520_172719 - INFO - Train metrics: l1_loss: 0.4788 | giou_loss: 1.0118 | total_loss: 4.4176
2025-05-20 19:05:38,920 - transvg_coordinates_fixed_20250520_172719 - INFO - Epoch 2, Batch 3150/3392, Loss: 4.7564
2025-05-20 19:05:38,920 - transvg_coordinates_fixed_20250520_172719 - INFO - Train metrics: l1_loss: 0.5920 | giou_loss: 0.8983 | total_loss: 4.7564
2025-05-20 19:06:08,672 - transvg_coordinates_fixed_20250520_172719 - INFO - Epoch 2, Batch 3200/3392, Loss: 4.3482
2025-05-20 19:06:08,672 - transvg_coordinates_fixed_20250520_172719 - INFO - Train metrics: l1_loss: 0.4792 | giou_loss: 0.9762 | total_loss: 4.3482
2025-05-20 19:06:38,288 - transvg_coordinates_fixed_20250520_172719 - INFO - Epoch 2, Batch 3250/3392, Loss: 6.6542
2025-05-20 19:06:38,289 - transvg_coordinates_fixed_20250520_172719 - INFO - Train metrics: l1_loss: 0.8577 | giou_loss: 1.1830 | total_loss: 6.6542
2025-05-20 19:07:08,039 - transvg_coordinates_fixed_20250520_172719 - INFO - Epoch 2, Batch 3300/3392, Loss: 4.1395
2025-05-20 19:07:08,040 - transvg_coordinates_fixed_20250520_172719 - INFO - Train metrics: l1_loss: 0.4601 | giou_loss: 0.9195 | total_loss: 4.1395
2025-05-20 19:07:37,769 - transvg_coordinates_fixed_20250520_172719 - INFO - Epoch 2, Batch 3350/3392, Loss: 5.4780
2025-05-20 19:07:37,770 - transvg_coordinates_fixed_20250520_172719 - INFO - Train metrics: l1_loss: 0.6322 | giou_loss: 1.1585 | total_loss: 5.4780
2025-05-20 19:08:02,223 - transvg_coordinates_fixed_20250520_172719 - INFO - Train Epoch 2, Loss: 4.5048
2025-05-20 19:09:22,880 - transvg_coordinates_fixed_20250520_172719 - INFO - Pred box sample: [69.72807312011719, 98.64569091796875, 236.50607299804688, 260.2754211425781]
2025-05-20 19:09:22,880 - transvg_coordinates_fixed_20250520_172719 - INFO - Target box sample: [207.0, 198.0, 287.0, 283.0]
2025-05-20 19:09:22,962 - transvg_coordinates_fixed_20250520_172719 - INFO - Validation Epoch 2, Loss: 4.4591
2025-05-20 19:09:22,963 - transvg_coordinates_fixed_20250520_172719 - INFO - Val metrics: Acc@0.25: 0.3211 | Acc@0.5: 0.1145 | Acc@0.75: 0.0133 | mIoU: 0.1824 | medianIoU: 0.0854 | mae_x1: 104.0936 | mae_y1: 93.3243 | mae_x2: 99.1639 | mae_y2: 97.8664 | center_x_error: 86.8032 | center_y_error: 78.9174 | width_error: 2.5176 | height_error: 2.4768 | loss: 4.4591
2025-05-20 19:09:23,711 - transvg_coordinates_fixed_20250520_172719 - INFO - Saved model checkpoint to /home/pokle/Trans-VG/visual_grounding/checkpoints/transvg_coordinates_fixed_20250520_172719_epoch2.pth
2025-05-20 19:09:23,711 - transvg_coordinates_fixed_20250520_172719 - INFO - New best model! Acc@0.5: 0.1145
2025-05-20 19:09:23,711 - transvg_coordinates_fixed_20250520_172719 - INFO - Epoch 3/200
2025-05-20 19:09:24,885 - transvg_coordinates_fixed_20250520_172719 - INFO - Epoch 3, Batch 0/3392, Loss: 4.5334
2025-05-20 19:09:24,886 - transvg_coordinates_fixed_20250520_172719 - INFO - Train metrics: l1_loss: 0.4774 | giou_loss: 1.0732 | total_loss: 4.5334
2025-05-20 19:09:54,899 - transvg_coordinates_fixed_20250520_172719 - INFO - Epoch 3, Batch 50/3392, Loss: 5.3118
2025-05-20 19:09:54,900 - transvg_coordinates_fixed_20250520_172719 - INFO - Train metrics: l1_loss: 0.6118 | giou_loss: 1.1265 | total_loss: 5.3118
2025-05-20 19:10:24,716 - transvg_coordinates_fixed_20250520_172719 - INFO - Epoch 3, Batch 100/3392, Loss: 4.4724
2025-05-20 19:10:24,717 - transvg_coordinates_fixed_20250520_172719 - INFO - Train metrics: l1_loss: 0.4530 | giou_loss: 1.1037 | total_loss: 4.4724
2025-05-20 19:10:54,413 - transvg_coordinates_fixed_20250520_172719 - INFO - Epoch 3, Batch 150/3392, Loss: 4.8722
2025-05-20 19:10:54,414 - transvg_coordinates_fixed_20250520_172719 - INFO - Train metrics: l1_loss: 0.5334 | giou_loss: 1.1026 | total_loss: 4.8722
2025-05-20 19:11:24,032 - transvg_coordinates_fixed_20250520_172719 - INFO - Epoch 3, Batch 200/3392, Loss: 4.3467
2025-05-20 19:11:24,033 - transvg_coordinates_fixed_20250520_172719 - INFO - Train metrics: l1_loss: 0.4632 | giou_loss: 1.0154 | total_loss: 4.3467
2025-05-20 19:11:53,646 - transvg_coordinates_fixed_20250520_172719 - INFO - Epoch 3, Batch 250/3392, Loss: 4.1055
2025-05-20 19:11:53,647 - transvg_coordinates_fixed_20250520_172719 - INFO - Train metrics: l1_loss: 0.4647 | giou_loss: 0.8909 | total_loss: 4.1055
2025-05-20 19:12:23,237 - transvg_coordinates_fixed_20250520_172719 - INFO - Epoch 3, Batch 300/3392, Loss: 3.8274
2025-05-20 19:12:23,237 - transvg_coordinates_fixed_20250520_172719 - INFO - Train metrics: l1_loss: 0.4326 | giou_loss: 0.8323 | total_loss: 3.8274
2025-05-20 19:12:52,880 - transvg_coordinates_fixed_20250520_172719 - INFO - Epoch 3, Batch 350/3392, Loss: 3.6464
2025-05-20 19:12:52,881 - transvg_coordinates_fixed_20250520_172719 - INFO - Train metrics: l1_loss: 0.3653 | giou_loss: 0.9099 | total_loss: 3.6464
2025-05-20 19:13:22,487 - transvg_coordinates_fixed_20250520_172719 - INFO - Epoch 3, Batch 400/3392, Loss: 4.6317
2025-05-20 19:13:22,488 - transvg_coordinates_fixed_20250520_172719 - INFO - Train metrics: l1_loss: 0.5132 | giou_loss: 1.0329 | total_loss: 4.6317
2025-05-20 19:13:52,082 - transvg_coordinates_fixed_20250520_172719 - INFO - Epoch 3, Batch 450/3392, Loss: 4.4988
2025-05-20 19:13:52,083 - transvg_coordinates_fixed_20250520_172719 - INFO - Train metrics: l1_loss: 0.4800 | giou_loss: 1.0494 | total_loss: 4.4988
2025-05-20 19:14:21,772 - transvg_coordinates_fixed_20250520_172719 - INFO - Epoch 3, Batch 500/3392, Loss: 3.2411
2025-05-20 19:14:21,772 - transvg_coordinates_fixed_20250520_172719 - INFO - Train metrics: l1_loss: 0.3339 | giou_loss: 0.7859 | total_loss: 3.2411
2025-05-20 19:14:51,731 - transvg_coordinates_fixed_20250520_172719 - INFO - Epoch 3, Batch 550/3392, Loss: 4.1341
2025-05-20 19:14:51,731 - transvg_coordinates_fixed_20250520_172719 - INFO - Train metrics: l1_loss: 0.4667 | giou_loss: 0.9003 | total_loss: 4.1341
2025-05-20 19:15:21,405 - transvg_coordinates_fixed_20250520_172719 - INFO - Epoch 3, Batch 600/3392, Loss: 4.2591
2025-05-20 19:15:21,406 - transvg_coordinates_fixed_20250520_172719 - INFO - Train metrics: l1_loss: 0.4831 | giou_loss: 0.9218 | total_loss: 4.2591
2025-05-20 19:15:51,023 - transvg_coordinates_fixed_20250520_172719 - INFO - Epoch 3, Batch 650/3392, Loss: 5.7251
2025-05-20 19:15:51,023 - transvg_coordinates_fixed_20250520_172719 - INFO - Train metrics: l1_loss: 0.6616 | giou_loss: 1.2086 | total_loss: 5.7251
2025-05-20 19:16:20,639 - transvg_coordinates_fixed_20250520_172719 - INFO - Epoch 3, Batch 700/3392, Loss: 4.5924
2025-05-20 19:16:20,640 - transvg_coordinates_fixed_20250520_172719 - INFO - Train metrics: l1_loss: 0.5288 | giou_loss: 0.9742 | total_loss: 4.5924
2025-05-20 19:16:50,238 - transvg_coordinates_fixed_20250520_172719 - INFO - Epoch 3, Batch 750/3392, Loss: 5.2855
2025-05-20 19:16:50,238 - transvg_coordinates_fixed_20250520_172719 - INFO - Train metrics: l1_loss: 0.6184 | giou_loss: 1.0968 | total_loss: 5.2855
2025-05-20 19:17:19,927 - transvg_coordinates_fixed_20250520_172719 - INFO - Epoch 3, Batch 800/3392, Loss: 4.4725
2025-05-20 19:17:19,927 - transvg_coordinates_fixed_20250520_172719 - INFO - Train metrics: l1_loss: 0.5275 | giou_loss: 0.9174 | total_loss: 4.4725
2025-05-20 19:17:49,547 - transvg_coordinates_fixed_20250520_172719 - INFO - Epoch 3, Batch 850/3392, Loss: 3.7016
2025-05-20 19:17:49,548 - transvg_coordinates_fixed_20250520_172719 - INFO - Train metrics: l1_loss: 0.3485 | giou_loss: 0.9795 | total_loss: 3.7016
2025-05-20 19:18:19,134 - transvg_coordinates_fixed_20250520_172719 - INFO - Epoch 3, Batch 900/3392, Loss: 5.7297
2025-05-20 19:18:19,134 - transvg_coordinates_fixed_20250520_172719 - INFO - Train metrics: l1_loss: 0.6689 | giou_loss: 1.1927 | total_loss: 5.7297
2025-05-20 19:18:48,717 - transvg_coordinates_fixed_20250520_172719 - INFO - Epoch 3, Batch 950/3392, Loss: 4.2546
2025-05-20 19:18:48,718 - transvg_coordinates_fixed_20250520_172719 - INFO - Train metrics: l1_loss: 0.4677 | giou_loss: 0.9580 | total_loss: 4.2546
2025-05-20 19:19:18,322 - transvg_coordinates_fixed_20250520_172719 - INFO - Epoch 3, Batch 1000/3392, Loss: 3.9982
2025-05-20 19:19:18,323 - transvg_coordinates_fixed_20250520_172719 - INFO - Train metrics: l1_loss: 0.4494 | giou_loss: 0.8756 | total_loss: 3.9982
2025-05-20 19:19:47,981 - transvg_coordinates_fixed_20250520_172719 - INFO - Epoch 3, Batch 1050/3392, Loss: 4.0091
2025-05-20 19:19:47,982 - transvg_coordinates_fixed_20250520_172719 - INFO - Train metrics: l1_loss: 0.4779 | giou_loss: 0.8097 | total_loss: 4.0091
2025-05-20 19:20:17,661 - transvg_coordinates_fixed_20250520_172719 - INFO - Epoch 3, Batch 1100/3392, Loss: 6.5405
2025-05-20 19:20:17,662 - transvg_coordinates_fixed_20250520_172719 - INFO - Train metrics: l1_loss: 0.7971 | giou_loss: 1.2776 | total_loss: 6.5405
2025-05-20 19:20:47,288 - transvg_coordinates_fixed_20250520_172719 - INFO - Epoch 3, Batch 1150/3392, Loss: 6.1107
2025-05-20 19:20:47,289 - transvg_coordinates_fixed_20250520_172719 - INFO - Train metrics: l1_loss: 0.7368 | giou_loss: 1.2134 | total_loss: 6.1107
2025-05-20 19:21:16,850 - transvg_coordinates_fixed_20250520_172719 - INFO - Epoch 3, Batch 1200/3392, Loss: 4.1024
2025-05-20 19:21:16,851 - transvg_coordinates_fixed_20250520_172719 - INFO - Train metrics: l1_loss: 0.4510 | giou_loss: 0.9236 | total_loss: 4.1024
2025-05-20 19:21:46,392 - transvg_coordinates_fixed_20250520_172719 - INFO - Epoch 3, Batch 1250/3392, Loss: 3.4091
2025-05-20 19:21:46,392 - transvg_coordinates_fixed_20250520_172719 - INFO - Train metrics: l1_loss: 0.3871 | giou_loss: 0.7368 | total_loss: 3.4091
2025-05-20 19:22:15,958 - transvg_coordinates_fixed_20250520_172719 - INFO - Epoch 3, Batch 1300/3392, Loss: 4.8089
2025-05-20 19:22:15,959 - transvg_coordinates_fixed_20250520_172719 - INFO - Train metrics: l1_loss: 0.5391 | giou_loss: 1.0567 | total_loss: 4.8089
2025-05-20 19:22:45,528 - transvg_coordinates_fixed_20250520_172719 - INFO - Epoch 3, Batch 1350/3392, Loss: 3.3516
2025-05-20 19:22:45,529 - transvg_coordinates_fixed_20250520_172719 - INFO - Train metrics: l1_loss: 0.3444 | giou_loss: 0.8147 | total_loss: 3.3516
2025-05-20 19:23:15,172 - transvg_coordinates_fixed_20250520_172719 - INFO - Epoch 3, Batch 1400/3392, Loss: 5.2024
2025-05-20 19:23:15,172 - transvg_coordinates_fixed_20250520_172719 - INFO - Train metrics: l1_loss: 0.6012 | giou_loss: 1.0982 | total_loss: 5.2024
2025-05-20 19:23:44,772 - transvg_coordinates_fixed_20250520_172719 - INFO - Epoch 3, Batch 1450/3392, Loss: 4.8590
2025-05-20 19:23:44,773 - transvg_coordinates_fixed_20250520_172719 - INFO - Train metrics: l1_loss: 0.5362 | giou_loss: 1.0889 | total_loss: 4.8590
2025-05-20 19:24:14,312 - transvg_coordinates_fixed_20250520_172719 - INFO - Epoch 3, Batch 1500/3392, Loss: 4.7805
2025-05-20 19:24:14,312 - transvg_coordinates_fixed_20250520_172719 - INFO - Train metrics: l1_loss: 0.4998 | giou_loss: 1.1407 | total_loss: 4.7805
2025-05-20 19:24:43,870 - transvg_coordinates_fixed_20250520_172719 - INFO - Epoch 3, Batch 1550/3392, Loss: 4.2655
2025-05-20 19:24:43,870 - transvg_coordinates_fixed_20250520_172719 - INFO - Train metrics: l1_loss: 0.4616 | giou_loss: 0.9787 | total_loss: 4.2655
2025-05-20 19:25:13,448 - transvg_coordinates_fixed_20250520_172719 - INFO - Epoch 3, Batch 1600/3392, Loss: 4.2230
2025-05-20 19:25:13,449 - transvg_coordinates_fixed_20250520_172719 - INFO - Train metrics: l1_loss: 0.4580 | giou_loss: 0.9665 | total_loss: 4.2230
2025-05-20 19:25:42,996 - transvg_coordinates_fixed_20250520_172719 - INFO - Epoch 3, Batch 1650/3392, Loss: 4.4143
2025-05-20 19:25:42,996 - transvg_coordinates_fixed_20250520_172719 - INFO - Train metrics: l1_loss: 0.4672 | giou_loss: 1.0390 | total_loss: 4.4143
2025-05-20 19:26:12,598 - transvg_coordinates_fixed_20250520_172719 - INFO - Epoch 3, Batch 1700/3392, Loss: 3.7812
2025-05-20 19:26:12,599 - transvg_coordinates_fixed_20250520_172719 - INFO - Train metrics: l1_loss: 0.3937 | giou_loss: 0.9062 | total_loss: 3.7812
2025-05-20 19:26:42,170 - transvg_coordinates_fixed_20250520_172719 - INFO - Epoch 3, Batch 1750/3392, Loss: 3.6895
2025-05-20 19:26:42,170 - transvg_coordinates_fixed_20250520_172719 - INFO - Train metrics: l1_loss: 0.3857 | giou_loss: 0.8804 | total_loss: 3.6895
2025-05-20 19:27:11,723 - transvg_coordinates_fixed_20250520_172719 - INFO - Epoch 3, Batch 1800/3392, Loss: 4.5214
2025-05-20 19:27:11,723 - transvg_coordinates_fixed_20250520_172719 - INFO - Train metrics: l1_loss: 0.4858 | giou_loss: 1.0462 | total_loss: 4.5214
2025-05-20 19:27:41,470 - transvg_coordinates_fixed_20250520_172719 - INFO - Epoch 3, Batch 1850/3392, Loss: 4.0826
2025-05-20 19:27:41,471 - transvg_coordinates_fixed_20250520_172719 - INFO - Train metrics: l1_loss: 0.4395 | giou_loss: 0.9424 | total_loss: 4.0826
2025-05-20 19:28:11,157 - transvg_coordinates_fixed_20250520_172719 - INFO - Epoch 3, Batch 1900/3392, Loss: 3.9325
2025-05-20 19:28:11,158 - transvg_coordinates_fixed_20250520_172719 - INFO - Train metrics: l1_loss: 0.4326 | giou_loss: 0.8848 | total_loss: 3.9325
2025-05-20 19:28:40,788 - transvg_coordinates_fixed_20250520_172719 - INFO - Epoch 3, Batch 1950/3392, Loss: 4.9369
2025-05-20 19:28:40,789 - transvg_coordinates_fixed_20250520_172719 - INFO - Train metrics: l1_loss: 0.5609 | giou_loss: 1.0662 | total_loss: 4.9369
2025-05-20 19:29:10,301 - transvg_coordinates_fixed_20250520_172719 - INFO - Epoch 3, Batch 2000/3392, Loss: 3.8668
2025-05-20 19:29:10,302 - transvg_coordinates_fixed_20250520_172719 - INFO - Train metrics: l1_loss: 0.4423 | giou_loss: 0.8278 | total_loss: 3.8668
2025-05-20 19:29:39,913 - transvg_coordinates_fixed_20250520_172719 - INFO - Epoch 3, Batch 2050/3392, Loss: 3.8276
2025-05-20 19:29:39,914 - transvg_coordinates_fixed_20250520_172719 - INFO - Train metrics: l1_loss: 0.4015 | giou_loss: 0.9101 | total_loss: 3.8276
2025-05-20 19:30:09,574 - transvg_coordinates_fixed_20250520_172719 - INFO - Epoch 3, Batch 2100/3392, Loss: 4.7094
2025-05-20 19:30:09,575 - transvg_coordinates_fixed_20250520_172719 - INFO - Train metrics: l1_loss: 0.5430 | giou_loss: 0.9972 | total_loss: 4.7094
2025-05-20 19:30:39,209 - transvg_coordinates_fixed_20250520_172719 - INFO - Epoch 3, Batch 2150/3392, Loss: 4.6732
2025-05-20 19:30:39,210 - transvg_coordinates_fixed_20250520_172719 - INFO - Train metrics: l1_loss: 0.5333 | giou_loss: 1.0033 | total_loss: 4.6732
2025-05-20 19:31:08,913 - transvg_coordinates_fixed_20250520_172719 - INFO - Epoch 3, Batch 2200/3392, Loss: 5.0817
2025-05-20 19:31:08,914 - transvg_coordinates_fixed_20250520_172719 - INFO - Train metrics: l1_loss: 0.5975 | giou_loss: 1.0470 | total_loss: 5.0817
2025-05-20 19:31:38,617 - transvg_coordinates_fixed_20250520_172719 - INFO - Epoch 3, Batch 2250/3392, Loss: 4.0062
2025-05-20 19:31:38,618 - transvg_coordinates_fixed_20250520_172719 - INFO - Train metrics: l1_loss: 0.4376 | giou_loss: 0.9091 | total_loss: 4.0062
2025-05-20 19:32:08,232 - transvg_coordinates_fixed_20250520_172719 - INFO - Epoch 3, Batch 2300/3392, Loss: 4.8301
2025-05-20 19:32:08,232 - transvg_coordinates_fixed_20250520_172719 - INFO - Train metrics: l1_loss: 0.5096 | giou_loss: 1.1409 | total_loss: 4.8301
2025-05-20 19:32:37,829 - transvg_coordinates_fixed_20250520_172719 - INFO - Epoch 3, Batch 2350/3392, Loss: 3.9193
2025-05-20 19:32:37,829 - transvg_coordinates_fixed_20250520_172719 - INFO - Train metrics: l1_loss: 0.4365 | giou_loss: 0.8684 | total_loss: 3.9193
2025-05-20 19:33:07,436 - transvg_coordinates_fixed_20250520_172719 - INFO - Epoch 3, Batch 2400/3392, Loss: 4.9432
2025-05-20 19:33:07,437 - transvg_coordinates_fixed_20250520_172719 - INFO - Train metrics: l1_loss: 0.5588 | giou_loss: 1.0745 | total_loss: 4.9432
2025-05-20 19:33:37,037 - transvg_coordinates_fixed_20250520_172719 - INFO - Epoch 3, Batch 2450/3392, Loss: 3.4486
2025-05-20 19:33:37,038 - transvg_coordinates_fixed_20250520_172719 - INFO - Train metrics: l1_loss: 0.3529 | giou_loss: 0.8421 | total_loss: 3.4486
2025-05-20 19:34:06,649 - transvg_coordinates_fixed_20250520_172719 - INFO - Epoch 3, Batch 2500/3392, Loss: 3.9061
2025-05-20 19:34:06,649 - transvg_coordinates_fixed_20250520_172719 - INFO - Train metrics: l1_loss: 0.4215 | giou_loss: 0.8994 | total_loss: 3.9061
2025-05-20 19:34:36,267 - transvg_coordinates_fixed_20250520_172719 - INFO - Epoch 3, Batch 2550/3392, Loss: 4.0312
2025-05-20 19:34:36,268 - transvg_coordinates_fixed_20250520_172719 - INFO - Train metrics: l1_loss: 0.4544 | giou_loss: 0.8797 | total_loss: 4.0312
2025-05-20 19:35:05,932 - transvg_coordinates_fixed_20250520_172719 - INFO - Epoch 3, Batch 2600/3392, Loss: 4.1372
2025-05-20 19:35:05,933 - transvg_coordinates_fixed_20250520_172719 - INFO - Train metrics: l1_loss: 0.4008 | giou_loss: 1.0666 | total_loss: 4.1372
2025-05-20 19:35:35,536 - transvg_coordinates_fixed_20250520_172719 - INFO - Epoch 3, Batch 2650/3392, Loss: 4.1246
2025-05-20 19:35:35,537 - transvg_coordinates_fixed_20250520_172719 - INFO - Train metrics: l1_loss: 0.4339 | giou_loss: 0.9775 | total_loss: 4.1246
2025-05-20 19:36:05,059 - transvg_coordinates_fixed_20250520_172719 - INFO - Epoch 3, Batch 2700/3392, Loss: 4.9971
2025-05-20 19:36:05,059 - transvg_coordinates_fixed_20250520_172719 - INFO - Train metrics: l1_loss: 0.5390 | giou_loss: 1.1511 | total_loss: 4.9971
2025-05-20 19:36:34,679 - transvg_coordinates_fixed_20250520_172719 - INFO - Epoch 3, Batch 2750/3392, Loss: 5.2907
2025-05-20 19:36:34,680 - transvg_coordinates_fixed_20250520_172719 - INFO - Train metrics: l1_loss: 0.6027 | giou_loss: 1.1387 | total_loss: 5.2907
2025-05-20 19:37:04,297 - transvg_coordinates_fixed_20250520_172719 - INFO - Epoch 3, Batch 2800/3392, Loss: 2.8854
2025-05-20 19:37:04,297 - transvg_coordinates_fixed_20250520_172719 - INFO - Train metrics: l1_loss: 0.3189 | giou_loss: 0.6455 | total_loss: 2.8854
2025-05-20 19:37:33,930 - transvg_coordinates_fixed_20250520_172719 - INFO - Epoch 3, Batch 2850/3392, Loss: 4.7089
2025-05-20 19:37:33,930 - transvg_coordinates_fixed_20250520_172719 - INFO - Train metrics: l1_loss: 0.5574 | giou_loss: 0.9610 | total_loss: 4.7089
2025-05-20 19:38:03,547 - transvg_coordinates_fixed_20250520_172719 - INFO - Epoch 3, Batch 2900/3392, Loss: 2.6789
2025-05-20 19:38:03,547 - transvg_coordinates_fixed_20250520_172719 - INFO - Train metrics: l1_loss: 0.2753 | giou_loss: 0.6512 | total_loss: 2.6789
2025-05-20 19:38:33,146 - transvg_coordinates_fixed_20250520_172719 - INFO - Epoch 3, Batch 2950/3392, Loss: 4.0530
2025-05-20 19:38:33,146 - transvg_coordinates_fixed_20250520_172719 - INFO - Train metrics: l1_loss: 0.4138 | giou_loss: 0.9920 | total_loss: 4.0530
2025-05-20 19:39:02,814 - transvg_coordinates_fixed_20250520_172719 - INFO - Epoch 3, Batch 3000/3392, Loss: 4.3468
2025-05-20 19:39:02,815 - transvg_coordinates_fixed_20250520_172719 - INFO - Train metrics: l1_loss: 0.4734 | giou_loss: 0.9898 | total_loss: 4.3468
2025-05-20 19:39:32,581 - transvg_coordinates_fixed_20250520_172719 - INFO - Epoch 3, Batch 3050/3392, Loss: 5.8516
2025-05-20 19:39:32,582 - transvg_coordinates_fixed_20250520_172719 - INFO - Train metrics: l1_loss: 0.6723 | giou_loss: 1.2452 | total_loss: 5.8516
2025-05-20 19:40:02,293 - transvg_coordinates_fixed_20250520_172719 - INFO - Epoch 3, Batch 3100/3392, Loss: 4.9462
2025-05-20 19:40:02,293 - transvg_coordinates_fixed_20250520_172719 - INFO - Train metrics: l1_loss: 0.5351 | giou_loss: 1.1353 | total_loss: 4.9462
2025-05-20 19:40:31,798 - transvg_coordinates_fixed_20250520_172719 - INFO - Epoch 3, Batch 3150/3392, Loss: 3.2737
2025-05-20 19:40:31,798 - transvg_coordinates_fixed_20250520_172719 - INFO - Train metrics: l1_loss: 0.3643 | giou_loss: 0.7262 | total_loss: 3.2737
2025-05-20 19:41:01,251 - transvg_coordinates_fixed_20250520_172719 - INFO - Epoch 3, Batch 3200/3392, Loss: 4.0552
2025-05-20 19:41:01,252 - transvg_coordinates_fixed_20250520_172719 - INFO - Train metrics: l1_loss: 0.4540 | giou_loss: 0.8926 | total_loss: 4.0552
2025-05-20 19:41:30,692 - transvg_coordinates_fixed_20250520_172719 - INFO - Epoch 3, Batch 3250/3392, Loss: 3.1727
2025-05-20 19:41:30,693 - transvg_coordinates_fixed_20250520_172719 - INFO - Train metrics: l1_loss: 0.3288 | giou_loss: 0.7643 | total_loss: 3.1727
2025-05-20 19:42:00,153 - transvg_coordinates_fixed_20250520_172719 - INFO - Epoch 3, Batch 3300/3392, Loss: 4.7645
2025-05-20 19:42:00,154 - transvg_coordinates_fixed_20250520_172719 - INFO - Train metrics: l1_loss: 0.4921 | giou_loss: 1.1520 | total_loss: 4.7645
2025-05-20 19:42:29,661 - transvg_coordinates_fixed_20250520_172719 - INFO - Epoch 3, Batch 3350/3392, Loss: 5.5948
2025-05-20 19:42:29,662 - transvg_coordinates_fixed_20250520_172719 - INFO - Train metrics: l1_loss: 0.6557 | giou_loss: 1.1581 | total_loss: 5.5948
2025-05-20 19:42:53,816 - transvg_coordinates_fixed_20250520_172719 - INFO - Train Epoch 3, Loss: 4.4728
2025-05-20 19:44:13,967 - transvg_coordinates_fixed_20250520_172719 - INFO - Pred box sample: [69.21236419677734, 45.25849533081055, 227.70350646972656, 153.22817993164062]
2025-05-20 19:44:13,968 - transvg_coordinates_fixed_20250520_172719 - INFO - Target box sample: [207.0, 198.0, 287.0, 283.0]
2025-05-20 19:44:14,040 - transvg_coordinates_fixed_20250520_172719 - INFO - Validation Epoch 3, Loss: 4.5769
2025-05-20 19:44:14,040 - transvg_coordinates_fixed_20250520_172719 - INFO - Val metrics: Acc@0.25: 0.2956 | Acc@0.5: 0.1036 | Acc@0.75: 0.0120 | mIoU: 0.1703 | medianIoU: 0.0675 | mae_x1: 103.7752 | mae_y1: 101.6755 | mae_x2: 101.8879 | mae_y2: 95.3982 | center_x_error: 87.9003 | center_y_error: 82.8407 | width_error: 2.4620 | height_error: 2.3872 | loss: 4.5769
2025-05-20 19:44:14,777 - transvg_coordinates_fixed_20250520_172719 - INFO - Saved model checkpoint to /home/pokle/Trans-VG/visual_grounding/checkpoints/transvg_coordinates_fixed_20250520_172719_epoch3.pth
2025-05-20 19:44:14,778 - transvg_coordinates_fixed_20250520_172719 - INFO - Epoch 4/200
2025-05-20 19:44:15,929 - transvg_coordinates_fixed_20250520_172719 - INFO - Epoch 4, Batch 0/3392, Loss: 6.1647
2025-05-20 19:44:15,929 - transvg_coordinates_fixed_20250520_172719 - INFO - Train metrics: l1_loss: 0.6874 | giou_loss: 1.3639 | total_loss: 6.1647
2025-05-20 19:44:45,668 - transvg_coordinates_fixed_20250520_172719 - INFO - Epoch 4, Batch 50/3392, Loss: 5.5069
2025-05-20 19:44:45,669 - transvg_coordinates_fixed_20250520_172719 - INFO - Train metrics: l1_loss: 0.6459 | giou_loss: 1.1387 | total_loss: 5.5069
2025-05-20 19:45:15,225 - transvg_coordinates_fixed_20250520_172719 - INFO - Epoch 4, Batch 100/3392, Loss: 5.0622
2025-05-20 19:45:15,226 - transvg_coordinates_fixed_20250520_172719 - INFO - Train metrics: l1_loss: 0.6081 | giou_loss: 1.0107 | total_loss: 5.0622
2025-05-20 19:45:44,628 - transvg_coordinates_fixed_20250520_172719 - INFO - Epoch 4, Batch 150/3392, Loss: 3.2327
2025-05-20 19:45:44,628 - transvg_coordinates_fixed_20250520_172719 - INFO - Train metrics: l1_loss: 0.3525 | giou_loss: 0.7352 | total_loss: 3.2327
2025-05-20 19:46:14,139 - transvg_coordinates_fixed_20250520_172719 - INFO - Epoch 4, Batch 200/3392, Loss: 3.2076
2025-05-20 19:46:14,140 - transvg_coordinates_fixed_20250520_172719 - INFO - Train metrics: l1_loss: 0.3596 | giou_loss: 0.7049 | total_loss: 3.2076
2025-05-20 19:46:43,656 - transvg_coordinates_fixed_20250520_172719 - INFO - Epoch 4, Batch 250/3392, Loss: 3.6160
2025-05-20 19:46:43,657 - transvg_coordinates_fixed_20250520_172719 - INFO - Train metrics: l1_loss: 0.3795 | giou_loss: 0.8592 | total_loss: 3.6160
2025-05-20 19:47:13,192 - transvg_coordinates_fixed_20250520_172719 - INFO - Epoch 4, Batch 300/3392, Loss: 4.3470
2025-05-20 19:47:13,193 - transvg_coordinates_fixed_20250520_172719 - INFO - Train metrics: l1_loss: 0.4863 | giou_loss: 0.9577 | total_loss: 4.3470
2025-05-20 19:47:42,763 - transvg_coordinates_fixed_20250520_172719 - INFO - Epoch 4, Batch 350/3392, Loss: 5.1767
2025-05-20 19:47:42,763 - transvg_coordinates_fixed_20250520_172719 - INFO - Train metrics: l1_loss: 0.6160 | giou_loss: 1.0484 | total_loss: 5.1767
2025-05-20 19:48:12,379 - transvg_coordinates_fixed_20250520_172719 - INFO - Epoch 4, Batch 400/3392, Loss: 5.0265
2025-05-20 19:48:12,380 - transvg_coordinates_fixed_20250520_172719 - INFO - Train metrics: l1_loss: 0.5349 | giou_loss: 1.1760 | total_loss: 5.0265
2025-05-20 19:48:41,951 - transvg_coordinates_fixed_20250520_172719 - INFO - Epoch 4, Batch 450/3392, Loss: 4.8501
2025-05-20 19:48:41,952 - transvg_coordinates_fixed_20250520_172719 - INFO - Train metrics: l1_loss: 0.5597 | giou_loss: 1.0259 | total_loss: 4.8501
2025-05-20 19:49:11,544 - transvg_coordinates_fixed_20250520_172719 - INFO - Epoch 4, Batch 500/3392, Loss: 5.6555
2025-05-20 19:49:11,545 - transvg_coordinates_fixed_20250520_172719 - INFO - Train metrics: l1_loss: 0.6949 | giou_loss: 1.0904 | total_loss: 5.6555
2025-05-20 19:49:41,096 - transvg_coordinates_fixed_20250520_172719 - INFO - Epoch 4, Batch 550/3392, Loss: 5.0111
2025-05-20 19:49:41,097 - transvg_coordinates_fixed_20250520_172719 - INFO - Train metrics: l1_loss: 0.5528 | giou_loss: 1.1235 | total_loss: 5.0111
2025-05-20 19:50:10,592 - transvg_coordinates_fixed_20250520_172719 - INFO - Epoch 4, Batch 600/3392, Loss: 3.7219
2025-05-20 19:50:10,592 - transvg_coordinates_fixed_20250520_172719 - INFO - Train metrics: l1_loss: 0.4093 | giou_loss: 0.8378 | total_loss: 3.7219
2025-05-20 19:50:40,121 - transvg_coordinates_fixed_20250520_172719 - INFO - Epoch 4, Batch 650/3392, Loss: 2.8234
2025-05-20 19:50:40,121 - transvg_coordinates_fixed_20250520_172719 - INFO - Train metrics: l1_loss: 0.2740 | giou_loss: 0.7267 | total_loss: 2.8234
2025-05-20 19:51:09,638 - transvg_coordinates_fixed_20250520_172719 - INFO - Epoch 4, Batch 700/3392, Loss: 4.7830
2025-05-20 19:51:09,639 - transvg_coordinates_fixed_20250520_172719 - INFO - Train metrics: l1_loss: 0.5342 | giou_loss: 1.0560 | total_loss: 4.7830
2025-05-20 19:51:39,130 - transvg_coordinates_fixed_20250520_172719 - INFO - Epoch 4, Batch 750/3392, Loss: 5.5303
2025-05-20 19:51:39,131 - transvg_coordinates_fixed_20250520_172719 - INFO - Train metrics: l1_loss: 0.6618 | giou_loss: 1.1105 | total_loss: 5.5303
2025-05-20 19:52:08,691 - transvg_coordinates_fixed_20250520_172719 - INFO - Epoch 4, Batch 800/3392, Loss: 4.4538
2025-05-20 19:52:08,692 - transvg_coordinates_fixed_20250520_172719 - INFO - Train metrics: l1_loss: 0.5050 | giou_loss: 0.9644 | total_loss: 4.4538
2025-05-20 19:52:38,215 - transvg_coordinates_fixed_20250520_172719 - INFO - Epoch 4, Batch 850/3392, Loss: 3.1350
2025-05-20 19:52:38,215 - transvg_coordinates_fixed_20250520_172719 - INFO - Train metrics: l1_loss: 0.3193 | giou_loss: 0.7691 | total_loss: 3.1350
2025-05-20 19:53:07,724 - transvg_coordinates_fixed_20250520_172719 - INFO - Epoch 4, Batch 900/3392, Loss: 4.8101
2025-05-20 19:53:07,724 - transvg_coordinates_fixed_20250520_172719 - INFO - Train metrics: l1_loss: 0.5435 | giou_loss: 1.0462 | total_loss: 4.8101
2025-05-20 19:53:37,361 - transvg_coordinates_fixed_20250520_172719 - INFO - Epoch 4, Batch 950/3392, Loss: 4.1258
2025-05-20 19:53:37,362 - transvg_coordinates_fixed_20250520_172719 - INFO - Train metrics: l1_loss: 0.4287 | giou_loss: 0.9912 | total_loss: 4.1258
2025-05-20 19:54:06,843 - transvg_coordinates_fixed_20250520_172719 - INFO - Epoch 4, Batch 1000/3392, Loss: 4.4517
2025-05-20 19:54:06,844 - transvg_coordinates_fixed_20250520_172719 - INFO - Train metrics: l1_loss: 0.4425 | giou_loss: 1.1197 | total_loss: 4.4517
2025-05-20 19:54:36,329 - transvg_coordinates_fixed_20250520_172719 - INFO - Epoch 4, Batch 1050/3392, Loss: 3.6338
2025-05-20 19:54:36,330 - transvg_coordinates_fixed_20250520_172719 - INFO - Train metrics: l1_loss: 0.3852 | giou_loss: 0.8540 | total_loss: 3.6338
2025-05-20 19:55:05,823 - transvg_coordinates_fixed_20250520_172719 - INFO - Epoch 4, Batch 1100/3392, Loss: 3.7883
2025-05-20 19:55:05,824 - transvg_coordinates_fixed_20250520_172719 - INFO - Train metrics: l1_loss: 0.4556 | giou_loss: 0.7553 | total_loss: 3.7883
2025-05-20 19:55:35,261 - transvg_coordinates_fixed_20250520_172719 - INFO - Epoch 4, Batch 1150/3392, Loss: 4.2402
2025-05-20 19:55:35,262 - transvg_coordinates_fixed_20250520_172719 - INFO - Train metrics: l1_loss: 0.4241 | giou_loss: 1.0598 | total_loss: 4.2402
2025-05-20 19:56:04,734 - transvg_coordinates_fixed_20250520_172719 - INFO - Epoch 4, Batch 1200/3392, Loss: 3.9235
2025-05-20 19:56:04,735 - transvg_coordinates_fixed_20250520_172719 - INFO - Train metrics: l1_loss: 0.4383 | giou_loss: 0.8659 | total_loss: 3.9235
2025-05-20 19:56:34,227 - transvg_coordinates_fixed_20250520_172719 - INFO - Epoch 4, Batch 1250/3392, Loss: 2.8254
2025-05-20 19:56:34,228 - transvg_coordinates_fixed_20250520_172719 - INFO - Train metrics: l1_loss: 0.2885 | giou_loss: 0.6914 | total_loss: 2.8254
2025-05-20 19:57:03,741 - transvg_coordinates_fixed_20250520_172719 - INFO - Epoch 4, Batch 1300/3392, Loss: 3.9973
2025-05-20 19:57:03,742 - transvg_coordinates_fixed_20250520_172719 - INFO - Train metrics: l1_loss: 0.4304 | giou_loss: 0.9226 | total_loss: 3.9973
2025-05-20 19:57:33,284 - transvg_coordinates_fixed_20250520_172719 - INFO - Epoch 4, Batch 1350/3392, Loss: 4.2035
2025-05-20 19:57:33,285 - transvg_coordinates_fixed_20250520_172719 - INFO - Train metrics: l1_loss: 0.4541 | giou_loss: 0.9666 | total_loss: 4.2035
2025-05-20 19:58:02,860 - transvg_coordinates_fixed_20250520_172719 - INFO - Epoch 4, Batch 1400/3392, Loss: 4.3639
2025-05-20 19:58:02,860 - transvg_coordinates_fixed_20250520_172719 - INFO - Train metrics: l1_loss: 0.4635 | giou_loss: 1.0231 | total_loss: 4.3639
2025-05-20 19:58:32,417 - transvg_coordinates_fixed_20250520_172719 - INFO - Epoch 4, Batch 1450/3392, Loss: 4.2970
2025-05-20 19:58:32,417 - transvg_coordinates_fixed_20250520_172719 - INFO - Train metrics: l1_loss: 0.5016 | giou_loss: 0.8946 | total_loss: 4.2970
2025-05-20 19:59:01,913 - transvg_coordinates_fixed_20250520_172719 - INFO - Epoch 4, Batch 1500/3392, Loss: 3.9471
2025-05-20 19:59:01,913 - transvg_coordinates_fixed_20250520_172719 - INFO - Train metrics: l1_loss: 0.4169 | giou_loss: 0.9312 | total_loss: 3.9471
2025-05-20 19:59:31,458 - transvg_coordinates_fixed_20250520_172719 - INFO - Epoch 4, Batch 1550/3392, Loss: 4.9314
2025-05-20 19:59:31,459 - transvg_coordinates_fixed_20250520_172719 - INFO - Train metrics: l1_loss: 0.5124 | giou_loss: 1.1846 | total_loss: 4.9314
2025-05-20 20:00:01,037 - transvg_coordinates_fixed_20250520_172719 - INFO - Epoch 4, Batch 1600/3392, Loss: 4.2076
2025-05-20 20:00:01,038 - transvg_coordinates_fixed_20250520_172719 - INFO - Train metrics: l1_loss: 0.4601 | giou_loss: 0.9534 | total_loss: 4.2076
2025-05-20 20:00:30,538 - transvg_coordinates_fixed_20250520_172719 - INFO - Epoch 4, Batch 1650/3392, Loss: 3.9849
2025-05-20 20:00:30,539 - transvg_coordinates_fixed_20250520_172719 - INFO - Train metrics: l1_loss: 0.4215 | giou_loss: 0.9386 | total_loss: 3.9849
2025-05-20 20:01:00,088 - transvg_coordinates_fixed_20250520_172719 - INFO - Epoch 4, Batch 1700/3392, Loss: 4.8193
2025-05-20 20:01:00,089 - transvg_coordinates_fixed_20250520_172719 - INFO - Train metrics: l1_loss: 0.5609 | giou_loss: 1.0073 | total_loss: 4.8193
2025-05-20 20:01:29,573 - transvg_coordinates_fixed_20250520_172719 - INFO - Epoch 4, Batch 1750/3392, Loss: 4.5250
2025-05-20 20:01:29,574 - transvg_coordinates_fixed_20250520_172719 - INFO - Train metrics: l1_loss: 0.5278 | giou_loss: 0.9430 | total_loss: 4.5250
2025-05-20 20:01:59,049 - transvg_coordinates_fixed_20250520_172719 - INFO - Epoch 4, Batch 1800/3392, Loss: 4.7688
2025-05-20 20:01:59,049 - transvg_coordinates_fixed_20250520_172719 - INFO - Train metrics: l1_loss: 0.5146 | giou_loss: 1.0979 | total_loss: 4.7688
2025-05-20 20:02:28,494 - transvg_coordinates_fixed_20250520_172719 - INFO - Epoch 4, Batch 1850/3392, Loss: 4.2612
2025-05-20 20:02:28,495 - transvg_coordinates_fixed_20250520_172719 - INFO - Train metrics: l1_loss: 0.4705 | giou_loss: 0.9544 | total_loss: 4.2612
2025-05-20 20:02:57,956 - transvg_coordinates_fixed_20250520_172719 - INFO - Epoch 4, Batch 1900/3392, Loss: 3.8693
2025-05-20 20:02:57,956 - transvg_coordinates_fixed_20250520_172719 - INFO - Train metrics: l1_loss: 0.4440 | giou_loss: 0.8246 | total_loss: 3.8693
2025-05-20 20:03:27,454 - transvg_coordinates_fixed_20250520_172719 - INFO - Epoch 4, Batch 1950/3392, Loss: 3.4829
2025-05-20 20:03:27,454 - transvg_coordinates_fixed_20250520_172719 - INFO - Train metrics: l1_loss: 0.3496 | giou_loss: 0.8674 | total_loss: 3.4829
2025-05-20 20:03:56,950 - transvg_coordinates_fixed_20250520_172719 - INFO - Epoch 4, Batch 2000/3392, Loss: 3.6721
2025-05-20 20:03:56,951 - transvg_coordinates_fixed_20250520_172719 - INFO - Train metrics: l1_loss: 0.4226 | giou_loss: 0.7795 | total_loss: 3.6721
2025-05-20 20:04:26,425 - transvg_coordinates_fixed_20250520_172719 - INFO - Epoch 4, Batch 2050/3392, Loss: 4.6669
2025-05-20 20:04:26,425 - transvg_coordinates_fixed_20250520_172719 - INFO - Train metrics: l1_loss: 0.5508 | giou_loss: 0.9564 | total_loss: 4.6669
2025-05-20 20:04:55,932 - transvg_coordinates_fixed_20250520_172719 - INFO - Epoch 4, Batch 2100/3392, Loss: 4.7506
2025-05-20 20:04:55,933 - transvg_coordinates_fixed_20250520_172719 - INFO - Train metrics: l1_loss: 0.5247 | giou_loss: 1.0635 | total_loss: 4.7506
2025-05-20 20:05:25,404 - transvg_coordinates_fixed_20250520_172719 - INFO - Epoch 4, Batch 2150/3392, Loss: 4.9988
2025-05-20 20:05:25,404 - transvg_coordinates_fixed_20250520_172719 - INFO - Train metrics: l1_loss: 0.5724 | giou_loss: 1.0685 | total_loss: 4.9988
2025-05-20 20:05:54,874 - transvg_coordinates_fixed_20250520_172719 - INFO - Epoch 4, Batch 2200/3392, Loss: 3.4182
2025-05-20 20:05:54,874 - transvg_coordinates_fixed_20250520_172719 - INFO - Train metrics: l1_loss: 0.3797 | giou_loss: 0.7597 | total_loss: 3.4182
2025-05-20 20:06:24,422 - transvg_coordinates_fixed_20250520_172719 - INFO - Epoch 4, Batch 2250/3392, Loss: 3.6314
2025-05-20 20:06:24,423 - transvg_coordinates_fixed_20250520_172719 - INFO - Train metrics: l1_loss: 0.4016 | giou_loss: 0.8117 | total_loss: 3.6314
2025-05-20 20:06:53,888 - transvg_coordinates_fixed_20250520_172719 - INFO - Epoch 4, Batch 2300/3392, Loss: 4.3968
2025-05-20 20:06:53,889 - transvg_coordinates_fixed_20250520_172719 - INFO - Train metrics: l1_loss: 0.5138 | giou_loss: 0.9139 | total_loss: 4.3968
2025-05-20 20:07:23,324 - transvg_coordinates_fixed_20250520_172719 - INFO - Epoch 4, Batch 2350/3392, Loss: 5.3891
2025-05-20 20:07:23,324 - transvg_coordinates_fixed_20250520_172719 - INFO - Train metrics: l1_loss: 0.6500 | giou_loss: 1.0695 | total_loss: 5.3891
2025-05-20 20:07:52,809 - transvg_coordinates_fixed_20250520_172719 - INFO - Epoch 4, Batch 2400/3392, Loss: 4.5545
2025-05-20 20:07:52,809 - transvg_coordinates_fixed_20250520_172719 - INFO - Train metrics: l1_loss: 0.4812 | giou_loss: 1.0742 | total_loss: 4.5545
2025-05-20 20:08:22,269 - transvg_coordinates_fixed_20250520_172719 - INFO - Epoch 4, Batch 2450/3392, Loss: 4.0978
2025-05-20 20:08:22,270 - transvg_coordinates_fixed_20250520_172719 - INFO - Train metrics: l1_loss: 0.4299 | giou_loss: 0.9741 | total_loss: 4.0978
2025-05-20 20:08:51,780 - transvg_coordinates_fixed_20250520_172719 - INFO - Epoch 4, Batch 2500/3392, Loss: 6.2449
2025-05-20 20:08:51,780 - transvg_coordinates_fixed_20250520_172719 - INFO - Train metrics: l1_loss: 0.7370 | giou_loss: 1.2799 | total_loss: 6.2449
2025-05-20 20:09:21,289 - transvg_coordinates_fixed_20250520_172719 - INFO - Epoch 4, Batch 2550/3392, Loss: 4.0178
2025-05-20 20:09:21,289 - transvg_coordinates_fixed_20250520_172719 - INFO - Train metrics: l1_loss: 0.4533 | giou_loss: 0.8757 | total_loss: 4.0178
2025-05-20 20:09:50,772 - transvg_coordinates_fixed_20250520_172719 - INFO - Epoch 4, Batch 2600/3392, Loss: 3.6439
2025-05-20 20:09:50,772 - transvg_coordinates_fixed_20250520_172719 - INFO - Train metrics: l1_loss: 0.3686 | giou_loss: 0.9005 | total_loss: 3.6439
2025-05-20 20:10:20,299 - transvg_coordinates_fixed_20250520_172719 - INFO - Epoch 4, Batch 2650/3392, Loss: 4.9863
2025-05-20 20:10:20,300 - transvg_coordinates_fixed_20250520_172719 - INFO - Train metrics: l1_loss: 0.5739 | giou_loss: 1.0584 | total_loss: 4.9863
2025-05-20 20:10:49,849 - transvg_coordinates_fixed_20250520_172719 - INFO - Epoch 4, Batch 2700/3392, Loss: 5.0223
2025-05-20 20:10:49,850 - transvg_coordinates_fixed_20250520_172719 - INFO - Train metrics: l1_loss: 0.5822 | giou_loss: 1.0557 | total_loss: 5.0223
2025-05-20 20:11:19,314 - transvg_coordinates_fixed_20250520_172719 - INFO - Epoch 4, Batch 2750/3392, Loss: 5.1521
2025-05-20 20:11:19,314 - transvg_coordinates_fixed_20250520_172719 - INFO - Train metrics: l1_loss: 0.5698 | giou_loss: 1.1516 | total_loss: 5.1521
2025-05-20 20:11:48,813 - transvg_coordinates_fixed_20250520_172719 - INFO - Epoch 4, Batch 2800/3392, Loss: 5.1929
2025-05-20 20:11:48,813 - transvg_coordinates_fixed_20250520_172719 - INFO - Train metrics: l1_loss: 0.6044 | giou_loss: 1.0855 | total_loss: 5.1929
2025-05-20 20:12:18,317 - transvg_coordinates_fixed_20250520_172719 - INFO - Epoch 4, Batch 2850/3392, Loss: 4.4998
2025-05-20 20:12:18,318 - transvg_coordinates_fixed_20250520_172719 - INFO - Train metrics: l1_loss: 0.4805 | giou_loss: 1.0487 | total_loss: 4.4998
2025-05-20 20:12:47,910 - transvg_coordinates_fixed_20250520_172719 - INFO - Epoch 4, Batch 2900/3392, Loss: 4.2623
2025-05-20 20:12:47,910 - transvg_coordinates_fixed_20250520_172719 - INFO - Train metrics: l1_loss: 0.5060 | giou_loss: 0.8663 | total_loss: 4.2623
2025-05-20 20:13:17,447 - transvg_coordinates_fixed_20250520_172719 - INFO - Epoch 4, Batch 2950/3392, Loss: 5.1382
2025-05-20 20:13:17,447 - transvg_coordinates_fixed_20250520_172719 - INFO - Train metrics: l1_loss: 0.5597 | giou_loss: 1.1698 | total_loss: 5.1382
2025-05-20 20:13:47,008 - transvg_coordinates_fixed_20250520_172719 - INFO - Epoch 4, Batch 3000/3392, Loss: 3.8671
2025-05-20 20:13:47,008 - transvg_coordinates_fixed_20250520_172719 - INFO - Train metrics: l1_loss: 0.4179 | giou_loss: 0.8889 | total_loss: 3.8671
2025-05-20 20:14:16,617 - transvg_coordinates_fixed_20250520_172719 - INFO - Epoch 4, Batch 3050/3392, Loss: 4.4400
2025-05-20 20:14:16,618 - transvg_coordinates_fixed_20250520_172719 - INFO - Train metrics: l1_loss: 0.4821 | giou_loss: 1.0148 | total_loss: 4.4400
2025-05-20 20:14:46,250 - transvg_coordinates_fixed_20250520_172719 - INFO - Epoch 4, Batch 3100/3392, Loss: 4.2740
2025-05-20 20:14:46,251 - transvg_coordinates_fixed_20250520_172719 - INFO - Train metrics: l1_loss: 0.5046 | giou_loss: 0.8756 | total_loss: 4.2740
2025-05-20 20:15:15,857 - transvg_coordinates_fixed_20250520_172719 - INFO - Epoch 4, Batch 3150/3392, Loss: 3.8740
2025-05-20 20:15:15,857 - transvg_coordinates_fixed_20250520_172719 - INFO - Train metrics: l1_loss: 0.4360 | giou_loss: 0.8471 | total_loss: 3.8740
2025-05-20 20:15:45,421 - transvg_coordinates_fixed_20250520_172719 - INFO - Epoch 4, Batch 3200/3392, Loss: 5.5150
2025-05-20 20:15:45,421 - transvg_coordinates_fixed_20250520_172719 - INFO - Train metrics: l1_loss: 0.6731 | giou_loss: 1.0748 | total_loss: 5.5150
2025-05-20 20:16:15,024 - transvg_coordinates_fixed_20250520_172719 - INFO - Epoch 4, Batch 3250/3392, Loss: 3.3710
2025-05-20 20:16:15,025 - transvg_coordinates_fixed_20250520_172719 - INFO - Train metrics: l1_loss: 0.3445 | giou_loss: 0.8244 | total_loss: 3.3710
2025-05-20 20:16:44,585 - transvg_coordinates_fixed_20250520_172719 - INFO - Epoch 4, Batch 3300/3392, Loss: 5.2972
2025-05-20 20:16:44,586 - transvg_coordinates_fixed_20250520_172719 - INFO - Train metrics: l1_loss: 0.6095 | giou_loss: 1.1249 | total_loss: 5.2972
2025-05-20 20:17:14,135 - transvg_coordinates_fixed_20250520_172719 - INFO - Epoch 4, Batch 3350/3392, Loss: 3.8643
2025-05-20 20:17:14,136 - transvg_coordinates_fixed_20250520_172719 - INFO - Train metrics: l1_loss: 0.4341 | giou_loss: 0.8468 | total_loss: 3.8643
2025-05-20 20:17:38,456 - transvg_coordinates_fixed_20250520_172719 - INFO - Train Epoch 4, Loss: 4.4577
2025-05-20 20:18:57,685 - transvg_coordinates_fixed_20250520_172719 - INFO - Pred box sample: [83.46684265136719, 59.48456573486328, 221.73626708984375, 201.78268432617188]
2025-05-20 20:18:57,685 - transvg_coordinates_fixed_20250520_172719 - INFO - Target box sample: [207.0, 198.0, 287.0, 283.0]
2025-05-20 20:18:57,761 - transvg_coordinates_fixed_20250520_172719 - INFO - Validation Epoch 4, Loss: 4.4620
2025-05-20 20:18:57,762 - transvg_coordinates_fixed_20250520_172719 - INFO - Val metrics: Acc@0.25: 0.3134 | Acc@0.5: 0.1086 | Acc@0.75: 0.0125 | mIoU: 0.1807 | medianIoU: 0.0869 | mae_x1: 99.4267 | mae_y1: 99.6465 | mae_x2: 99.6469 | mae_y2: 95.6543 | center_x_error: 85.4511 | center_y_error: 80.7436 | width_error: 2.3811 | height_error: 2.5791 | loss: 4.4620
2025-05-20 20:18:58,493 - transvg_coordinates_fixed_20250520_172719 - INFO - Saved model checkpoint to /home/pokle/Trans-VG/visual_grounding/checkpoints/transvg_coordinates_fixed_20250520_172719_epoch4.pth
2025-05-20 20:18:58,493 - transvg_coordinates_fixed_20250520_172719 - INFO - Epoch 5/200
2025-05-20 20:18:59,648 - transvg_coordinates_fixed_20250520_172719 - INFO - Epoch 5, Batch 0/3392, Loss: 5.0491
2025-05-20 20:18:59,649 - transvg_coordinates_fixed_20250520_172719 - INFO - Train metrics: l1_loss: 0.5938 | giou_loss: 1.0400 | total_loss: 5.0491
2025-05-20 20:19:29,428 - transvg_coordinates_fixed_20250520_172719 - INFO - Epoch 5, Batch 50/3392, Loss: 4.0339
2025-05-20 20:19:29,428 - transvg_coordinates_fixed_20250520_172719 - INFO - Train metrics: l1_loss: 0.4156 | giou_loss: 0.9780 | total_loss: 4.0339
2025-05-20 20:19:59,128 - transvg_coordinates_fixed_20250520_172719 - INFO - Epoch 5, Batch 100/3392, Loss: 4.1621
2025-05-20 20:19:59,128 - transvg_coordinates_fixed_20250520_172719 - INFO - Train metrics: l1_loss: 0.4539 | giou_loss: 0.9464 | total_loss: 4.1621
2025-05-20 20:20:28,573 - transvg_coordinates_fixed_20250520_172719 - INFO - Epoch 5, Batch 150/3392, Loss: 4.7966
2025-05-20 20:20:28,574 - transvg_coordinates_fixed_20250520_172719 - INFO - Train metrics: l1_loss: 0.5158 | giou_loss: 1.1087 | total_loss: 4.7966
2025-05-20 20:20:58,015 - transvg_coordinates_fixed_20250520_172719 - INFO - Epoch 5, Batch 200/3392, Loss: 5.2425
2025-05-20 20:20:58,015 - transvg_coordinates_fixed_20250520_172719 - INFO - Train metrics: l1_loss: 0.5963 | giou_loss: 1.1305 | total_loss: 5.2425
2025-05-20 20:21:27,375 - transvg_coordinates_fixed_20250520_172719 - INFO - Epoch 5, Batch 250/3392, Loss: 5.2674
2025-05-20 20:21:27,376 - transvg_coordinates_fixed_20250520_172719 - INFO - Train metrics: l1_loss: 0.5865 | giou_loss: 1.1676 | total_loss: 5.2674
2025-05-20 20:21:56,696 - transvg_coordinates_fixed_20250520_172719 - INFO - Epoch 5, Batch 300/3392, Loss: 3.4296
2025-05-20 20:21:56,696 - transvg_coordinates_fixed_20250520_172719 - INFO - Train metrics: l1_loss: 0.3495 | giou_loss: 0.8411 | total_loss: 3.4296
2025-05-20 20:22:26,081 - transvg_coordinates_fixed_20250520_172719 - INFO - Epoch 5, Batch 350/3392, Loss: 4.9986
2025-05-20 20:22:26,082 - transvg_coordinates_fixed_20250520_172719 - INFO - Train metrics: l1_loss: 0.5669 | giou_loss: 1.0820 | total_loss: 4.9986
2025-05-20 20:22:55,426 - transvg_coordinates_fixed_20250520_172719 - INFO - Epoch 5, Batch 400/3392, Loss: 4.6857
2025-05-20 20:22:55,426 - transvg_coordinates_fixed_20250520_172719 - INFO - Train metrics: l1_loss: 0.5110 | giou_loss: 1.0652 | total_loss: 4.6857
2025-05-20 20:23:24,716 - transvg_coordinates_fixed_20250520_172719 - INFO - Epoch 5, Batch 450/3392, Loss: 5.3257
2025-05-20 20:23:24,717 - transvg_coordinates_fixed_20250520_172719 - INFO - Train metrics: l1_loss: 0.6097 | giou_loss: 1.1387 | total_loss: 5.3257
2025-05-20 20:23:54,045 - transvg_coordinates_fixed_20250520_172719 - INFO - Epoch 5, Batch 500/3392, Loss: 3.7857
2025-05-20 20:23:54,045 - transvg_coordinates_fixed_20250520_172719 - INFO - Train metrics: l1_loss: 0.4037 | giou_loss: 0.8835 | total_loss: 3.7857
2025-05-20 20:24:23,387 - transvg_coordinates_fixed_20250520_172719 - INFO - Epoch 5, Batch 550/3392, Loss: 6.1224
2025-05-20 20:24:23,387 - transvg_coordinates_fixed_20250520_172719 - INFO - Train metrics: l1_loss: 0.7277 | giou_loss: 1.2419 | total_loss: 6.1224
2025-05-20 20:24:52,707 - transvg_coordinates_fixed_20250520_172719 - INFO - Epoch 5, Batch 600/3392, Loss: 3.7468
2025-05-20 20:24:52,707 - transvg_coordinates_fixed_20250520_172719 - INFO - Train metrics: l1_loss: 0.3616 | giou_loss: 0.9693 | total_loss: 3.7468
2025-05-20 20:25:22,013 - transvg_coordinates_fixed_20250520_172719 - INFO - Epoch 5, Batch 650/3392, Loss: 3.5139
2025-05-20 20:25:22,014 - transvg_coordinates_fixed_20250520_172719 - INFO - Train metrics: l1_loss: 0.3812 | giou_loss: 0.8039 | total_loss: 3.5139
2025-05-20 20:25:51,364 - transvg_coordinates_fixed_20250520_172719 - INFO - Epoch 5, Batch 700/3392, Loss: 4.2981
2025-05-20 20:25:51,365 - transvg_coordinates_fixed_20250520_172719 - INFO - Train metrics: l1_loss: 0.5289 | giou_loss: 0.8269 | total_loss: 4.2981
2025-05-20 20:26:20,735 - transvg_coordinates_fixed_20250520_172719 - INFO - Epoch 5, Batch 750/3392, Loss: 4.0173
2025-05-20 20:26:20,735 - transvg_coordinates_fixed_20250520_172719 - INFO - Train metrics: l1_loss: 0.4058 | giou_loss: 0.9941 | total_loss: 4.0173
2025-05-20 20:26:50,105 - transvg_coordinates_fixed_20250520_172719 - INFO - Epoch 5, Batch 800/3392, Loss: 4.9448
2025-05-20 20:26:50,106 - transvg_coordinates_fixed_20250520_172719 - INFO - Train metrics: l1_loss: 0.5399 | giou_loss: 1.1227 | total_loss: 4.9448
2025-05-20 20:27:19,468 - transvg_coordinates_fixed_20250520_172719 - INFO - Epoch 5, Batch 850/3392, Loss: 5.1359
2025-05-20 20:27:19,468 - transvg_coordinates_fixed_20250520_172719 - INFO - Train metrics: l1_loss: 0.5876 | giou_loss: 1.0990 | total_loss: 5.1359
2025-05-20 20:27:48,851 - transvg_coordinates_fixed_20250520_172719 - INFO - Epoch 5, Batch 900/3392, Loss: 3.9915
2025-05-20 20:27:48,852 - transvg_coordinates_fixed_20250520_172719 - INFO - Train metrics: l1_loss: 0.4612 | giou_loss: 0.8428 | total_loss: 3.9915
2025-05-20 20:28:18,163 - transvg_coordinates_fixed_20250520_172719 - INFO - Epoch 5, Batch 950/3392, Loss: 3.8407
2025-05-20 20:28:18,163 - transvg_coordinates_fixed_20250520_172719 - INFO - Train metrics: l1_loss: 0.4079 | giou_loss: 0.9006 | total_loss: 3.8407
2025-05-20 20:28:47,450 - transvg_coordinates_fixed_20250520_172719 - INFO - Epoch 5, Batch 1000/3392, Loss: 4.3293
2025-05-20 20:28:47,450 - transvg_coordinates_fixed_20250520_172719 - INFO - Train metrics: l1_loss: 0.4863 | giou_loss: 0.9488 | total_loss: 4.3293
2025-05-20 20:29:16,726 - transvg_coordinates_fixed_20250520_172719 - INFO - Epoch 5, Batch 1050/3392, Loss: 4.8327
2025-05-20 20:29:16,727 - transvg_coordinates_fixed_20250520_172719 - INFO - Train metrics: l1_loss: 0.5717 | giou_loss: 0.9870 | total_loss: 4.8327
2025-05-20 20:29:45,999 - transvg_coordinates_fixed_20250520_172719 - INFO - Epoch 5, Batch 1100/3392, Loss: 4.4883
2025-05-20 20:29:45,999 - transvg_coordinates_fixed_20250520_172719 - INFO - Train metrics: l1_loss: 0.4935 | giou_loss: 1.0105 | total_loss: 4.4883
2025-05-20 20:30:15,265 - transvg_coordinates_fixed_20250520_172719 - INFO - Epoch 5, Batch 1150/3392, Loss: 5.1317
2025-05-20 20:30:15,266 - transvg_coordinates_fixed_20250520_172719 - INFO - Train metrics: l1_loss: 0.5928 | giou_loss: 1.0839 | total_loss: 5.1317
2025-05-20 20:30:44,547 - transvg_coordinates_fixed_20250520_172719 - INFO - Epoch 5, Batch 1200/3392, Loss: 3.0751
2025-05-20 20:30:44,547 - transvg_coordinates_fixed_20250520_172719 - INFO - Train metrics: l1_loss: 0.3275 | giou_loss: 0.7187 | total_loss: 3.0751
2025-05-20 20:31:13,850 - transvg_coordinates_fixed_20250520_172719 - INFO - Epoch 5, Batch 1250/3392, Loss: 4.3433
2025-05-20 20:31:13,851 - transvg_coordinates_fixed_20250520_172719 - INFO - Train metrics: l1_loss: 0.5101 | giou_loss: 0.8964 | total_loss: 4.3433
2025-05-20 20:31:43,178 - transvg_coordinates_fixed_20250520_172719 - INFO - Epoch 5, Batch 1300/3392, Loss: 5.5000
2025-05-20 20:31:43,178 - transvg_coordinates_fixed_20250520_172719 - INFO - Train metrics: l1_loss: 0.6373 | giou_loss: 1.1568 | total_loss: 5.5000
2025-05-20 20:32:12,625 - transvg_coordinates_fixed_20250520_172719 - INFO - Epoch 5, Batch 1350/3392, Loss: 4.8626
2025-05-20 20:32:12,626 - transvg_coordinates_fixed_20250520_172719 - INFO - Train metrics: l1_loss: 0.5459 | giou_loss: 1.0665 | total_loss: 4.8626
2025-05-20 20:32:41,961 - transvg_coordinates_fixed_20250520_172719 - INFO - Epoch 5, Batch 1400/3392, Loss: 4.2455
2025-05-20 20:32:41,962 - transvg_coordinates_fixed_20250520_172719 - INFO - Train metrics: l1_loss: 0.4676 | giou_loss: 0.9536 | total_loss: 4.2455
2025-05-20 20:33:11,314 - transvg_coordinates_fixed_20250520_172719 - INFO - Epoch 5, Batch 1450/3392, Loss: 2.9712
2025-05-20 20:33:11,314 - transvg_coordinates_fixed_20250520_172719 - INFO - Train metrics: l1_loss: 0.3051 | giou_loss: 0.7228 | total_loss: 2.9712
2025-05-20 20:33:40,634 - transvg_coordinates_fixed_20250520_172719 - INFO - Epoch 5, Batch 1500/3392, Loss: 4.6445
2025-05-20 20:33:40,634 - transvg_coordinates_fixed_20250520_172719 - INFO - Train metrics: l1_loss: 0.5347 | giou_loss: 0.9856 | total_loss: 4.6445
2025-05-20 20:34:09,889 - transvg_coordinates_fixed_20250520_172719 - INFO - Epoch 5, Batch 1550/3392, Loss: 4.3844
2025-05-20 20:34:09,889 - transvg_coordinates_fixed_20250520_172719 - INFO - Train metrics: l1_loss: 0.4999 | giou_loss: 0.9423 | total_loss: 4.3844
2025-05-20 20:34:39,149 - transvg_coordinates_fixed_20250520_172719 - INFO - Epoch 5, Batch 1600/3392, Loss: 4.4917
2025-05-20 20:34:39,150 - transvg_coordinates_fixed_20250520_172719 - INFO - Train metrics: l1_loss: 0.5261 | giou_loss: 0.9306 | total_loss: 4.4917
2025-05-20 20:35:08,470 - transvg_coordinates_fixed_20250520_172719 - INFO - Epoch 5, Batch 1650/3392, Loss: 3.5287
2025-05-20 20:35:08,471 - transvg_coordinates_fixed_20250520_172719 - INFO - Train metrics: l1_loss: 0.4046 | giou_loss: 0.7529 | total_loss: 3.5287
2025-05-20 20:35:37,776 - transvg_coordinates_fixed_20250520_172719 - INFO - Epoch 5, Batch 1700/3392, Loss: 3.7068
2025-05-20 20:35:37,777 - transvg_coordinates_fixed_20250520_172719 - INFO - Train metrics: l1_loss: 0.4300 | giou_loss: 0.7783 | total_loss: 3.7068
2025-05-20 20:36:07,141 - transvg_coordinates_fixed_20250520_172719 - INFO - Epoch 5, Batch 1750/3392, Loss: 4.5159
2025-05-20 20:36:07,141 - transvg_coordinates_fixed_20250520_172719 - INFO - Train metrics: l1_loss: 0.5040 | giou_loss: 0.9980 | total_loss: 4.5159
2025-05-20 20:36:36,508 - transvg_coordinates_fixed_20250520_172719 - INFO - Epoch 5, Batch 1800/3392, Loss: 3.9426
2025-05-20 20:36:36,508 - transvg_coordinates_fixed_20250520_172719 - INFO - Train metrics: l1_loss: 0.4161 | giou_loss: 0.9309 | total_loss: 3.9426
2025-05-20 20:37:05,909 - transvg_coordinates_fixed_20250520_172719 - INFO - Epoch 5, Batch 1850/3392, Loss: 3.8311
2025-05-20 20:37:05,909 - transvg_coordinates_fixed_20250520_172719 - INFO - Train metrics: l1_loss: 0.4035 | giou_loss: 0.9067 | total_loss: 3.8311
2025-05-20 20:37:35,250 - transvg_coordinates_fixed_20250520_172719 - INFO - Epoch 5, Batch 1900/3392, Loss: 3.2115
2025-05-20 20:37:35,251 - transvg_coordinates_fixed_20250520_172719 - INFO - Train metrics: l1_loss: 0.3021 | giou_loss: 0.8504 | total_loss: 3.2115
2025-05-20 20:38:04,625 - transvg_coordinates_fixed_20250520_172719 - INFO - Epoch 5, Batch 1950/3392, Loss: 4.3503
2025-05-20 20:38:04,626 - transvg_coordinates_fixed_20250520_172719 - INFO - Train metrics: l1_loss: 0.4482 | giou_loss: 1.0545 | total_loss: 4.3503
2025-05-20 20:38:33,967 - transvg_coordinates_fixed_20250520_172719 - INFO - Epoch 5, Batch 2000/3392, Loss: 4.9383
2025-05-20 20:38:33,968 - transvg_coordinates_fixed_20250520_172719 - INFO - Train metrics: l1_loss: 0.5645 | giou_loss: 1.0579 | total_loss: 4.9383
2025-05-20 20:39:03,291 - transvg_coordinates_fixed_20250520_172719 - INFO - Epoch 5, Batch 2050/3392, Loss: 3.7666
2025-05-20 20:39:03,291 - transvg_coordinates_fixed_20250520_172719 - INFO - Train metrics: l1_loss: 0.3936 | giou_loss: 0.8992 | total_loss: 3.7666
2025-05-20 20:39:32,660 - transvg_coordinates_fixed_20250520_172719 - INFO - Epoch 5, Batch 2100/3392, Loss: 4.5474
2025-05-20 20:39:32,660 - transvg_coordinates_fixed_20250520_172719 - INFO - Train metrics: l1_loss: 0.4998 | giou_loss: 1.0241 | total_loss: 4.5474
2025-05-20 20:40:02,114 - transvg_coordinates_fixed_20250520_172719 - INFO - Epoch 5, Batch 2150/3392, Loss: 4.2279
2025-05-20 20:40:02,114 - transvg_coordinates_fixed_20250520_172719 - INFO - Train metrics: l1_loss: 0.4740 | giou_loss: 0.9288 | total_loss: 4.2279
2025-05-20 20:40:31,495 - transvg_coordinates_fixed_20250520_172719 - INFO - Epoch 5, Batch 2200/3392, Loss: 3.7443
2025-05-20 20:40:31,495 - transvg_coordinates_fixed_20250520_172719 - INFO - Train metrics: l1_loss: 0.3465 | giou_loss: 1.0060 | total_loss: 3.7443
2025-05-20 20:41:00,907 - transvg_coordinates_fixed_20250520_172719 - INFO - Epoch 5, Batch 2250/3392, Loss: 5.0482
2025-05-20 20:41:00,907 - transvg_coordinates_fixed_20250520_172719 - INFO - Train metrics: l1_loss: 0.5664 | giou_loss: 1.1082 | total_loss: 5.0482
2025-05-20 20:41:30,286 - transvg_coordinates_fixed_20250520_172719 - INFO - Epoch 5, Batch 2300/3392, Loss: 3.9934
2025-05-20 20:41:30,286 - transvg_coordinates_fixed_20250520_172719 - INFO - Train metrics: l1_loss: 0.4526 | giou_loss: 0.8653 | total_loss: 3.9934
2025-05-20 20:41:59,684 - transvg_coordinates_fixed_20250520_172719 - INFO - Epoch 5, Batch 2350/3392, Loss: 4.4011
2025-05-20 20:41:59,684 - transvg_coordinates_fixed_20250520_172719 - INFO - Train metrics: l1_loss: 0.4578 | giou_loss: 1.0560 | total_loss: 4.4011
2025-05-20 20:42:29,069 - transvg_coordinates_fixed_20250520_172719 - INFO - Epoch 5, Batch 2400/3392, Loss: 4.9601
2025-05-20 20:42:29,070 - transvg_coordinates_fixed_20250520_172719 - INFO - Train metrics: l1_loss: 0.5623 | giou_loss: 1.0744 | total_loss: 4.9601
2025-05-20 20:42:58,490 - transvg_coordinates_fixed_20250520_172719 - INFO - Epoch 5, Batch 2450/3392, Loss: 4.1350
2025-05-20 20:42:58,491 - transvg_coordinates_fixed_20250520_172719 - INFO - Train metrics: l1_loss: 0.4583 | giou_loss: 0.9219 | total_loss: 4.1350
2025-05-20 20:43:27,846 - transvg_coordinates_fixed_20250520_172719 - INFO - Epoch 5, Batch 2500/3392, Loss: 4.9396
2025-05-20 20:43:27,846 - transvg_coordinates_fixed_20250520_172719 - INFO - Train metrics: l1_loss: 0.5344 | giou_loss: 1.1339 | total_loss: 4.9396
2025-05-20 20:43:57,178 - transvg_coordinates_fixed_20250520_172719 - INFO - Epoch 5, Batch 2550/3392, Loss: 5.2460
2025-05-20 20:43:57,178 - transvg_coordinates_fixed_20250520_172719 - INFO - Train metrics: l1_loss: 0.6231 | giou_loss: 1.0651 | total_loss: 5.2460
2025-05-20 20:44:26,557 - transvg_coordinates_fixed_20250520_172719 - INFO - Epoch 5, Batch 2600/3392, Loss: 4.0758
2025-05-20 20:44:26,558 - transvg_coordinates_fixed_20250520_172719 - INFO - Train metrics: l1_loss: 0.4352 | giou_loss: 0.9499 | total_loss: 4.0758
2025-05-20 20:44:55,994 - transvg_coordinates_fixed_20250520_172719 - INFO - Epoch 5, Batch 2650/3392, Loss: 4.1211
2025-05-20 20:44:55,994 - transvg_coordinates_fixed_20250520_172719 - INFO - Train metrics: l1_loss: 0.4542 | giou_loss: 0.9252 | total_loss: 4.1211
2025-05-20 20:45:25,314 - transvg_coordinates_fixed_20250520_172719 - INFO - Epoch 5, Batch 2700/3392, Loss: 3.5604
2025-05-20 20:45:25,314 - transvg_coordinates_fixed_20250520_172719 - INFO - Train metrics: l1_loss: 0.3688 | giou_loss: 0.8582 | total_loss: 3.5604
2025-05-20 20:45:54,645 - transvg_coordinates_fixed_20250520_172719 - INFO - Epoch 5, Batch 2750/3392, Loss: 4.7971
2025-05-20 20:45:54,645 - transvg_coordinates_fixed_20250520_172719 - INFO - Train metrics: l1_loss: 0.5389 | giou_loss: 1.0513 | total_loss: 4.7971
2025-05-20 20:46:23,992 - transvg_coordinates_fixed_20250520_172719 - INFO - Epoch 5, Batch 2800/3392, Loss: 3.7357
2025-05-20 20:46:23,992 - transvg_coordinates_fixed_20250520_172719 - INFO - Train metrics: l1_loss: 0.3623 | giou_loss: 0.9620 | total_loss: 3.7357
2025-05-20 20:46:53,318 - transvg_coordinates_fixed_20250520_172719 - INFO - Epoch 5, Batch 2850/3392, Loss: 3.8929
2025-05-20 20:46:53,318 - transvg_coordinates_fixed_20250520_172719 - INFO - Train metrics: l1_loss: 0.4186 | giou_loss: 0.9000 | total_loss: 3.8929
2025-05-20 20:47:22,695 - transvg_coordinates_fixed_20250520_172719 - INFO - Epoch 5, Batch 2900/3392, Loss: 4.3700
2025-05-20 20:47:22,696 - transvg_coordinates_fixed_20250520_172719 - INFO - Train metrics: l1_loss: 0.4657 | giou_loss: 1.0207 | total_loss: 4.3700
2025-05-20 20:47:52,033 - transvg_coordinates_fixed_20250520_172719 - INFO - Epoch 5, Batch 2950/3392, Loss: 3.7780
2025-05-20 20:47:52,034 - transvg_coordinates_fixed_20250520_172719 - INFO - Train metrics: l1_loss: 0.4278 | giou_loss: 0.8196 | total_loss: 3.7780
2025-05-20 20:48:21,373 - transvg_coordinates_fixed_20250520_172719 - INFO - Epoch 5, Batch 3000/3392, Loss: 3.7045
2025-05-20 20:48:21,374 - transvg_coordinates_fixed_20250520_172719 - INFO - Train metrics: l1_loss: 0.3750 | giou_loss: 0.9147 | total_loss: 3.7045
2025-05-20 20:48:50,727 - transvg_coordinates_fixed_20250520_172719 - INFO - Epoch 5, Batch 3050/3392, Loss: 3.6706
2025-05-20 20:48:50,727 - transvg_coordinates_fixed_20250520_172719 - INFO - Train metrics: l1_loss: 0.3574 | giou_loss: 0.9418 | total_loss: 3.6706
2025-05-20 20:49:20,092 - transvg_coordinates_fixed_20250520_172719 - INFO - Epoch 5, Batch 3100/3392, Loss: 3.4539
2025-05-20 20:49:20,092 - transvg_coordinates_fixed_20250520_172719 - INFO - Train metrics: l1_loss: 0.3460 | giou_loss: 0.8619 | total_loss: 3.4539
2025-05-20 20:49:49,424 - transvg_coordinates_fixed_20250520_172719 - INFO - Epoch 5, Batch 3150/3392, Loss: 3.9873
2025-05-20 20:49:49,424 - transvg_coordinates_fixed_20250520_172719 - INFO - Train metrics: l1_loss: 0.4420 | giou_loss: 0.8886 | total_loss: 3.9873
2025-05-20 20:50:18,853 - transvg_coordinates_fixed_20250520_172719 - INFO - Epoch 5, Batch 3200/3392, Loss: 3.9461
2025-05-20 20:50:18,853 - transvg_coordinates_fixed_20250520_172719 - INFO - Train metrics: l1_loss: 0.4326 | giou_loss: 0.8916 | total_loss: 3.9461
2025-05-20 20:50:48,229 - transvg_coordinates_fixed_20250520_172719 - INFO - Epoch 5, Batch 3250/3392, Loss: 5.4301
2025-05-20 20:50:48,230 - transvg_coordinates_fixed_20250520_172719 - INFO - Train metrics: l1_loss: 0.6512 | giou_loss: 1.0871 | total_loss: 5.4301
2025-05-20 20:51:17,557 - transvg_coordinates_fixed_20250520_172719 - INFO - Epoch 5, Batch 3300/3392, Loss: 3.8819
2025-05-20 20:51:17,557 - transvg_coordinates_fixed_20250520_172719 - INFO - Train metrics: l1_loss: 0.4382 | giou_loss: 0.8454 | total_loss: 3.8819
2025-05-20 20:51:46,939 - transvg_coordinates_fixed_20250520_172719 - INFO - Epoch 5, Batch 3350/3392, Loss: 3.8807
2025-05-20 20:51:46,940 - transvg_coordinates_fixed_20250520_172719 - INFO - Train metrics: l1_loss: 0.3902 | giou_loss: 0.9650 | total_loss: 3.8807
2025-05-20 20:52:11,120 - transvg_coordinates_fixed_20250520_172719 - INFO - Train Epoch 5, Loss: 4.4393
2025-05-20 20:53:30,655 - transvg_coordinates_fixed_20250520_172719 - INFO - Pred box sample: [69.646484375, 62.39717102050781, 279.2309875488281, 224.92117309570312]
2025-05-20 20:53:30,656 - transvg_coordinates_fixed_20250520_172719 - INFO - Target box sample: [207.0, 198.0, 287.0, 283.0]
2025-05-20 20:53:30,748 - transvg_coordinates_fixed_20250520_172719 - INFO - Validation Epoch 5, Loss: 4.4449
2025-05-20 20:53:30,748 - transvg_coordinates_fixed_20250520_172719 - INFO - Val metrics: Acc@0.25: 0.3251 | Acc@0.5: 0.1166 | Acc@0.75: 0.0170 | mIoU: 0.1867 | medianIoU: 0.0928 | mae_x1: 102.8209 | mae_y1: 101.0381 | mae_x2: 101.6562 | mae_y2: 96.2935 | center_x_error: 84.4482 | center_y_error: 79.6165 | width_error: 2.8810 | height_error: 2.6955 | loss: 4.4449
2025-05-20 20:53:31,494 - transvg_coordinates_fixed_20250520_172719 - INFO - Saved model checkpoint to /home/pokle/Trans-VG/visual_grounding/checkpoints/transvg_coordinates_fixed_20250520_172719_epoch5.pth
2025-05-20 20:53:31,495 - transvg_coordinates_fixed_20250520_172719 - INFO - New best model! Acc@0.5: 0.1166
2025-05-20 20:53:31,495 - transvg_coordinates_fixed_20250520_172719 - INFO - Epoch 6/200
2025-05-20 20:53:32,639 - transvg_coordinates_fixed_20250520_172719 - INFO - Epoch 6, Batch 0/3392, Loss: 3.7008
2025-05-20 20:53:32,640 - transvg_coordinates_fixed_20250520_172719 - INFO - Train metrics: l1_loss: 0.4214 | giou_loss: 0.7969 | total_loss: 3.7008
2025-05-20 20:54:02,523 - transvg_coordinates_fixed_20250520_172719 - INFO - Epoch 6, Batch 50/3392, Loss: 3.8576
2025-05-20 20:54:02,524 - transvg_coordinates_fixed_20250520_172719 - INFO - Train metrics: l1_loss: 0.4199 | giou_loss: 0.8791 | total_loss: 3.8576
2025-05-20 20:54:32,147 - transvg_coordinates_fixed_20250520_172719 - INFO - Epoch 6, Batch 100/3392, Loss: 4.7873
2025-05-20 20:54:32,148 - transvg_coordinates_fixed_20250520_172719 - INFO - Train metrics: l1_loss: 0.5235 | giou_loss: 1.0850 | total_loss: 4.7873
2025-05-20 20:55:01,703 - transvg_coordinates_fixed_20250520_172719 - INFO - Epoch 6, Batch 150/3392, Loss: 4.9629
2025-05-20 20:55:01,703 - transvg_coordinates_fixed_20250520_172719 - INFO - Train metrics: l1_loss: 0.5740 | giou_loss: 1.0465 | total_loss: 4.9629
2025-05-20 20:55:31,274 - transvg_coordinates_fixed_20250520_172719 - INFO - Epoch 6, Batch 200/3392, Loss: 4.6688
2025-05-20 20:55:31,275 - transvg_coordinates_fixed_20250520_172719 - INFO - Train metrics: l1_loss: 0.4832 | giou_loss: 1.1264 | total_loss: 4.6688
2025-05-20 20:56:00,823 - transvg_coordinates_fixed_20250520_172719 - INFO - Epoch 6, Batch 250/3392, Loss: 4.4754
2025-05-20 20:56:00,824 - transvg_coordinates_fixed_20250520_172719 - INFO - Train metrics: l1_loss: 0.5371 | giou_loss: 0.8950 | total_loss: 4.4754
2025-05-20 20:56:30,333 - transvg_coordinates_fixed_20250520_172719 - INFO - Epoch 6, Batch 300/3392, Loss: 4.5882
2025-05-20 20:56:30,334 - transvg_coordinates_fixed_20250520_172719 - INFO - Train metrics: l1_loss: 0.5364 | giou_loss: 0.9532 | total_loss: 4.5882
2025-05-20 20:56:59,799 - transvg_coordinates_fixed_20250520_172719 - INFO - Epoch 6, Batch 350/3392, Loss: 3.5668
2025-05-20 20:56:59,799 - transvg_coordinates_fixed_20250520_172719 - INFO - Train metrics: l1_loss: 0.3934 | giou_loss: 0.8000 | total_loss: 3.5668
2025-05-20 20:57:29,346 - transvg_coordinates_fixed_20250520_172719 - INFO - Epoch 6, Batch 400/3392, Loss: 4.2419
2025-05-20 20:57:29,347 - transvg_coordinates_fixed_20250520_172719 - INFO - Train metrics: l1_loss: 0.4552 | giou_loss: 0.9829 | total_loss: 4.2419
2025-05-20 20:57:58,848 - transvg_coordinates_fixed_20250520_172719 - INFO - Epoch 6, Batch 450/3392, Loss: 5.7730
2025-05-20 20:57:58,849 - transvg_coordinates_fixed_20250520_172719 - INFO - Train metrics: l1_loss: 0.6642 | giou_loss: 1.2261 | total_loss: 5.7730
2025-05-20 20:58:28,547 - transvg_coordinates_fixed_20250520_172719 - INFO - Epoch 6, Batch 500/3392, Loss: 4.2801
2025-05-20 20:58:28,547 - transvg_coordinates_fixed_20250520_172719 - INFO - Train metrics: l1_loss: 0.4559 | giou_loss: 1.0002 | total_loss: 4.2801
2025-05-20 20:58:58,102 - transvg_coordinates_fixed_20250520_172719 - INFO - Epoch 6, Batch 550/3392, Loss: 3.7743
2025-05-20 20:58:58,103 - transvg_coordinates_fixed_20250520_172719 - INFO - Train metrics: l1_loss: 0.4225 | giou_loss: 0.8309 | total_loss: 3.7743
2025-05-20 20:59:27,630 - transvg_coordinates_fixed_20250520_172719 - INFO - Epoch 6, Batch 600/3392, Loss: 5.4046
2025-05-20 20:59:27,630 - transvg_coordinates_fixed_20250520_172719 - INFO - Train metrics: l1_loss: 0.6407 | giou_loss: 1.1006 | total_loss: 5.4046
2025-05-20 20:59:57,187 - transvg_coordinates_fixed_20250520_172719 - INFO - Epoch 6, Batch 650/3392, Loss: 3.9050
2025-05-20 20:59:57,188 - transvg_coordinates_fixed_20250520_172719 - INFO - Train metrics: l1_loss: 0.4080 | giou_loss: 0.9326 | total_loss: 3.9050
2025-05-20 21:00:26,733 - transvg_coordinates_fixed_20250520_172719 - INFO - Epoch 6, Batch 700/3392, Loss: 4.5314
2025-05-20 21:00:26,734 - transvg_coordinates_fixed_20250520_172719 - INFO - Train metrics: l1_loss: 0.5124 | giou_loss: 0.9847 | total_loss: 4.5314
2025-05-20 21:00:56,286 - transvg_coordinates_fixed_20250520_172719 - INFO - Epoch 6, Batch 750/3392, Loss: 5.3856
2025-05-20 21:00:56,287 - transvg_coordinates_fixed_20250520_172719 - INFO - Train metrics: l1_loss: 0.6046 | giou_loss: 1.1813 | total_loss: 5.3856
2025-05-20 21:01:25,808 - transvg_coordinates_fixed_20250520_172719 - INFO - Epoch 6, Batch 800/3392, Loss: 3.7935
2025-05-20 21:01:25,809 - transvg_coordinates_fixed_20250520_172719 - INFO - Train metrics: l1_loss: 0.4024 | giou_loss: 0.8907 | total_loss: 3.7935
2025-05-20 21:01:55,339 - transvg_coordinates_fixed_20250520_172719 - INFO - Epoch 6, Batch 850/3392, Loss: 4.3628
2025-05-20 21:01:55,340 - transvg_coordinates_fixed_20250520_172719 - INFO - Train metrics: l1_loss: 0.4284 | giou_loss: 1.1103 | total_loss: 4.3628
2025-05-20 21:02:24,876 - transvg_coordinates_fixed_20250520_172719 - INFO - Epoch 6, Batch 900/3392, Loss: 4.1717
2025-05-20 21:02:24,877 - transvg_coordinates_fixed_20250520_172719 - INFO - Train metrics: l1_loss: 0.4413 | giou_loss: 0.9826 | total_loss: 4.1717
2025-05-20 21:02:54,429 - transvg_coordinates_fixed_20250520_172719 - INFO - Epoch 6, Batch 950/3392, Loss: 4.1696
2025-05-20 21:02:54,429 - transvg_coordinates_fixed_20250520_172719 - INFO - Train metrics: l1_loss: 0.4222 | giou_loss: 1.0293 | total_loss: 4.1696
2025-05-20 21:03:24,034 - transvg_coordinates_fixed_20250520_172719 - INFO - Epoch 6, Batch 1000/3392, Loss: 5.2819
2025-05-20 21:03:24,035 - transvg_coordinates_fixed_20250520_172719 - INFO - Train metrics: l1_loss: 0.6098 | giou_loss: 1.1164 | total_loss: 5.2819
2025-05-20 21:03:53,583 - transvg_coordinates_fixed_20250520_172719 - INFO - Epoch 6, Batch 1050/3392, Loss: 4.2943
2025-05-20 21:03:53,584 - transvg_coordinates_fixed_20250520_172719 - INFO - Train metrics: l1_loss: 0.4339 | giou_loss: 1.0623 | total_loss: 4.2943
2025-05-20 21:04:23,130 - transvg_coordinates_fixed_20250520_172719 - INFO - Epoch 6, Batch 1100/3392, Loss: 4.1225
2025-05-20 21:04:23,130 - transvg_coordinates_fixed_20250520_172719 - INFO - Train metrics: l1_loss: 0.4335 | giou_loss: 0.9775 | total_loss: 4.1225
2025-05-20 21:04:52,660 - transvg_coordinates_fixed_20250520_172719 - INFO - Epoch 6, Batch 1150/3392, Loss: 3.4834
2025-05-20 21:04:52,660 - transvg_coordinates_fixed_20250520_172719 - INFO - Train metrics: l1_loss: 0.3577 | giou_loss: 0.8475 | total_loss: 3.4834
2025-05-20 21:05:22,199 - transvg_coordinates_fixed_20250520_172719 - INFO - Epoch 6, Batch 1200/3392, Loss: 4.2561
2025-05-20 21:05:22,200 - transvg_coordinates_fixed_20250520_172719 - INFO - Train metrics: l1_loss: 0.4428 | giou_loss: 1.0212 | total_loss: 4.2561
2025-05-20 21:05:51,711 - transvg_coordinates_fixed_20250520_172719 - INFO - Epoch 6, Batch 1250/3392, Loss: 4.1087
2025-05-20 21:05:51,712 - transvg_coordinates_fixed_20250520_172719 - INFO - Train metrics: l1_loss: 0.4459 | giou_loss: 0.9395 | total_loss: 4.1087
2025-05-20 21:06:21,260 - transvg_coordinates_fixed_20250520_172719 - INFO - Epoch 6, Batch 1300/3392, Loss: 4.6314
2025-05-20 21:06:21,261 - transvg_coordinates_fixed_20250520_172719 - INFO - Train metrics: l1_loss: 0.5380 | giou_loss: 0.9707 | total_loss: 4.6314
2025-05-20 21:06:50,772 - transvg_coordinates_fixed_20250520_172719 - INFO - Epoch 6, Batch 1350/3392, Loss: 6.0720
2025-05-20 21:06:50,773 - transvg_coordinates_fixed_20250520_172719 - INFO - Train metrics: l1_loss: 0.7299 | giou_loss: 1.2113 | total_loss: 6.0720
2025-05-20 21:07:20,331 - transvg_coordinates_fixed_20250520_172719 - INFO - Epoch 6, Batch 1400/3392, Loss: 4.4245
2025-05-20 21:07:20,332 - transvg_coordinates_fixed_20250520_172719 - INFO - Train metrics: l1_loss: 0.4944 | giou_loss: 0.9763 | total_loss: 4.4245
2025-05-20 21:07:49,898 - transvg_coordinates_fixed_20250520_172719 - INFO - Epoch 6, Batch 1450/3392, Loss: 3.9225
2025-05-20 21:07:49,898 - transvg_coordinates_fixed_20250520_172719 - INFO - Train metrics: l1_loss: 0.4025 | giou_loss: 0.9550 | total_loss: 3.9225
2025-05-20 21:08:19,417 - transvg_coordinates_fixed_20250520_172719 - INFO - Epoch 6, Batch 1500/3392, Loss: 3.7854
2025-05-20 21:08:19,418 - transvg_coordinates_fixed_20250520_172719 - INFO - Train metrics: l1_loss: 0.4138 | giou_loss: 0.8583 | total_loss: 3.7854
2025-05-20 21:08:48,968 - transvg_coordinates_fixed_20250520_172719 - INFO - Epoch 6, Batch 1550/3392, Loss: 3.1753
2025-05-20 21:08:48,969 - transvg_coordinates_fixed_20250520_172719 - INFO - Train metrics: l1_loss: 0.3248 | giou_loss: 0.7757 | total_loss: 3.1753
2025-05-20 21:09:18,484 - transvg_coordinates_fixed_20250520_172719 - INFO - Epoch 6, Batch 1600/3392, Loss: 4.2704
2025-05-20 21:09:18,485 - transvg_coordinates_fixed_20250520_172719 - INFO - Train metrics: l1_loss: 0.4639 | giou_loss: 0.9754 | total_loss: 4.2704
2025-05-20 21:09:48,021 - transvg_coordinates_fixed_20250520_172719 - INFO - Epoch 6, Batch 1650/3392, Loss: 3.9866
2025-05-20 21:09:48,022 - transvg_coordinates_fixed_20250520_172719 - INFO - Train metrics: l1_loss: 0.4344 | giou_loss: 0.9072 | total_loss: 3.9866
2025-05-20 21:10:17,544 - transvg_coordinates_fixed_20250520_172719 - INFO - Epoch 6, Batch 1700/3392, Loss: 5.2459
2025-05-20 21:10:17,545 - transvg_coordinates_fixed_20250520_172719 - INFO - Train metrics: l1_loss: 0.6025 | giou_loss: 1.1167 | total_loss: 5.2459
2025-05-20 21:10:47,046 - transvg_coordinates_fixed_20250520_172719 - INFO - Epoch 6, Batch 1750/3392, Loss: 4.9755
2025-05-20 21:10:47,047 - transvg_coordinates_fixed_20250520_172719 - INFO - Train metrics: l1_loss: 0.5454 | giou_loss: 1.1243 | total_loss: 4.9755
2025-05-20 21:11:16,679 - transvg_coordinates_fixed_20250520_172719 - INFO - Epoch 6, Batch 1800/3392, Loss: 5.4246
2025-05-20 21:11:16,680 - transvg_coordinates_fixed_20250520_172719 - INFO - Train metrics: l1_loss: 0.6344 | giou_loss: 1.1263 | total_loss: 5.4246
2025-05-20 21:11:46,220 - transvg_coordinates_fixed_20250520_172719 - INFO - Epoch 6, Batch 1850/3392, Loss: 5.7473
2025-05-20 21:11:46,221 - transvg_coordinates_fixed_20250520_172719 - INFO - Train metrics: l1_loss: 0.6916 | giou_loss: 1.1446 | total_loss: 5.7473
2025-05-20 21:12:15,748 - transvg_coordinates_fixed_20250520_172719 - INFO - Epoch 6, Batch 1900/3392, Loss: 3.1525
2025-05-20 21:12:15,749 - transvg_coordinates_fixed_20250520_172719 - INFO - Train metrics: l1_loss: 0.3062 | giou_loss: 0.8107 | total_loss: 3.1525
2025-05-20 21:12:45,282 - transvg_coordinates_fixed_20250520_172719 - INFO - Epoch 6, Batch 1950/3392, Loss: 3.5798
2025-05-20 21:12:45,282 - transvg_coordinates_fixed_20250520_172719 - INFO - Train metrics: l1_loss: 0.3917 | giou_loss: 0.8106 | total_loss: 3.5798
2025-05-20 21:13:14,877 - transvg_coordinates_fixed_20250520_172719 - INFO - Epoch 6, Batch 2000/3392, Loss: 3.8118
2025-05-20 21:13:14,877 - transvg_coordinates_fixed_20250520_172719 - INFO - Train metrics: l1_loss: 0.3763 | giou_loss: 0.9653 | total_loss: 3.8118
2025-05-20 21:13:44,489 - transvg_coordinates_fixed_20250520_172719 - INFO - Epoch 6, Batch 2050/3392, Loss: 4.1595
2025-05-20 21:13:44,489 - transvg_coordinates_fixed_20250520_172719 - INFO - Train metrics: l1_loss: 0.4605 | giou_loss: 0.9286 | total_loss: 4.1595
2025-05-20 21:14:14,077 - transvg_coordinates_fixed_20250520_172719 - INFO - Epoch 6, Batch 2100/3392, Loss: 4.7996
2025-05-20 21:14:14,078 - transvg_coordinates_fixed_20250520_172719 - INFO - Train metrics: l1_loss: 0.5355 | giou_loss: 1.0610 | total_loss: 4.7996
2025-05-20 21:14:43,647 - transvg_coordinates_fixed_20250520_172719 - INFO - Epoch 6, Batch 2150/3392, Loss: 3.9017
2025-05-20 21:14:43,648 - transvg_coordinates_fixed_20250520_172719 - INFO - Train metrics: l1_loss: 0.3926 | giou_loss: 0.9694 | total_loss: 3.9017
2025-05-20 21:15:13,223 - transvg_coordinates_fixed_20250520_172719 - INFO - Epoch 6, Batch 2200/3392, Loss: 6.0383
2025-05-20 21:15:13,223 - transvg_coordinates_fixed_20250520_172719 - INFO - Train metrics: l1_loss: 0.7249 | giou_loss: 1.2068 | total_loss: 6.0383
2025-05-20 21:15:42,733 - transvg_coordinates_fixed_20250520_172719 - INFO - Epoch 6, Batch 2250/3392, Loss: 5.5406
2025-05-20 21:15:42,733 - transvg_coordinates_fixed_20250520_172719 - INFO - Train metrics: l1_loss: 0.6663 | giou_loss: 1.1046 | total_loss: 5.5406
2025-05-20 21:16:12,266 - transvg_coordinates_fixed_20250520_172719 - INFO - Epoch 6, Batch 2300/3392, Loss: 3.4286
2025-05-20 21:16:12,266 - transvg_coordinates_fixed_20250520_172719 - INFO - Train metrics: l1_loss: 0.3805 | giou_loss: 0.7629 | total_loss: 3.4286
2025-05-20 21:16:41,781 - transvg_coordinates_fixed_20250520_172719 - INFO - Epoch 6, Batch 2350/3392, Loss: 4.8339
2025-05-20 21:16:41,782 - transvg_coordinates_fixed_20250520_172719 - INFO - Train metrics: l1_loss: 0.6248 | giou_loss: 0.8549 | total_loss: 4.8339
2025-05-20 21:17:11,342 - transvg_coordinates_fixed_20250520_172719 - INFO - Epoch 6, Batch 2400/3392, Loss: 5.0665
2025-05-20 21:17:11,342 - transvg_coordinates_fixed_20250520_172719 - INFO - Train metrics: l1_loss: 0.6298 | giou_loss: 0.9588 | total_loss: 5.0665
2025-05-20 21:17:40,924 - transvg_coordinates_fixed_20250520_172719 - INFO - Epoch 6, Batch 2450/3392, Loss: 3.8851
2025-05-20 21:17:40,924 - transvg_coordinates_fixed_20250520_172719 - INFO - Train metrics: l1_loss: 0.4009 | giou_loss: 0.9403 | total_loss: 3.8851
2025-05-20 21:18:10,509 - transvg_coordinates_fixed_20250520_172719 - INFO - Epoch 6, Batch 2500/3392, Loss: 3.6063
2025-05-20 21:18:10,509 - transvg_coordinates_fixed_20250520_172719 - INFO - Train metrics: l1_loss: 0.4001 | giou_loss: 0.8030 | total_loss: 3.6063
2025-05-20 21:18:40,041 - transvg_coordinates_fixed_20250520_172719 - INFO - Epoch 6, Batch 2550/3392, Loss: 4.1301
2025-05-20 21:18:40,042 - transvg_coordinates_fixed_20250520_172719 - INFO - Train metrics: l1_loss: 0.4141 | giou_loss: 1.0299 | total_loss: 4.1301
2025-05-20 21:19:09,575 - transvg_coordinates_fixed_20250520_172719 - INFO - Epoch 6, Batch 2600/3392, Loss: 4.6648
2025-05-20 21:19:09,576 - transvg_coordinates_fixed_20250520_172719 - INFO - Train metrics: l1_loss: 0.4892 | giou_loss: 1.1095 | total_loss: 4.6648
2025-05-20 21:19:39,123 - transvg_coordinates_fixed_20250520_172719 - INFO - Epoch 6, Batch 2650/3392, Loss: 6.2788
2025-05-20 21:19:39,124 - transvg_coordinates_fixed_20250520_172719 - INFO - Train metrics: l1_loss: 0.7410 | giou_loss: 1.2870 | total_loss: 6.2788
2025-05-20 21:20:08,672 - transvg_coordinates_fixed_20250520_172719 - INFO - Epoch 6, Batch 2700/3392, Loss: 4.0207
2025-05-20 21:20:08,672 - transvg_coordinates_fixed_20250520_172719 - INFO - Train metrics: l1_loss: 0.4599 | giou_loss: 0.8607 | total_loss: 4.0207
2025-05-20 21:20:38,239 - transvg_coordinates_fixed_20250520_172719 - INFO - Epoch 6, Batch 2750/3392, Loss: 3.7618
2025-05-20 21:20:38,239 - transvg_coordinates_fixed_20250520_172719 - INFO - Train metrics: l1_loss: 0.3746 | giou_loss: 0.9445 | total_loss: 3.7618
2025-05-20 21:21:07,798 - transvg_coordinates_fixed_20250520_172719 - INFO - Epoch 6, Batch 2800/3392, Loss: 4.3009
2025-05-20 21:21:07,798 - transvg_coordinates_fixed_20250520_172719 - INFO - Train metrics: l1_loss: 0.4818 | giou_loss: 0.9459 | total_loss: 4.3009
2025-05-20 21:21:37,350 - transvg_coordinates_fixed_20250520_172719 - INFO - Epoch 6, Batch 2850/3392, Loss: 5.2449
2025-05-20 21:21:37,350 - transvg_coordinates_fixed_20250520_172719 - INFO - Train metrics: l1_loss: 0.6429 | giou_loss: 1.0151 | total_loss: 5.2449
2025-05-20 21:22:06,855 - transvg_coordinates_fixed_20250520_172719 - INFO - Epoch 6, Batch 2900/3392, Loss: 2.8293
2025-05-20 21:22:06,856 - transvg_coordinates_fixed_20250520_172719 - INFO - Train metrics: l1_loss: 0.2670 | giou_loss: 0.7471 | total_loss: 2.8293
2025-05-20 21:22:36,346 - transvg_coordinates_fixed_20250520_172719 - INFO - Epoch 6, Batch 2950/3392, Loss: 4.6675
2025-05-20 21:22:36,347 - transvg_coordinates_fixed_20250520_172719 - INFO - Train metrics: l1_loss: 0.5252 | giou_loss: 1.0209 | total_loss: 4.6675
2025-05-20 21:23:05,838 - transvg_coordinates_fixed_20250520_172719 - INFO - Epoch 6, Batch 3000/3392, Loss: 4.9900
2025-05-20 21:23:05,838 - transvg_coordinates_fixed_20250520_172719 - INFO - Train metrics: l1_loss: 0.5715 | giou_loss: 1.0663 | total_loss: 4.9900
2025-05-20 21:23:35,430 - transvg_coordinates_fixed_20250520_172719 - INFO - Epoch 6, Batch 3050/3392, Loss: 4.6004
2025-05-20 21:23:35,431 - transvg_coordinates_fixed_20250520_172719 - INFO - Train metrics: l1_loss: 0.5316 | giou_loss: 0.9712 | total_loss: 4.6004
2025-05-20 21:24:04,992 - transvg_coordinates_fixed_20250520_172719 - INFO - Epoch 6, Batch 3100/3392, Loss: 5.2062
2025-05-20 21:24:04,993 - transvg_coordinates_fixed_20250520_172719 - INFO - Train metrics: l1_loss: 0.6068 | giou_loss: 1.0861 | total_loss: 5.2062
2025-05-20 21:24:34,559 - transvg_coordinates_fixed_20250520_172719 - INFO - Epoch 6, Batch 3150/3392, Loss: 3.1231
2025-05-20 21:24:34,559 - transvg_coordinates_fixed_20250520_172719 - INFO - Train metrics: l1_loss: 0.3118 | giou_loss: 0.7821 | total_loss: 3.1231
2025-05-20 21:25:04,106 - transvg_coordinates_fixed_20250520_172719 - INFO - Epoch 6, Batch 3200/3392, Loss: 4.4752
2025-05-20 21:25:04,107 - transvg_coordinates_fixed_20250520_172719 - INFO - Train metrics: l1_loss: 0.4902 | giou_loss: 1.0120 | total_loss: 4.4752
2025-05-20 21:25:33,667 - transvg_coordinates_fixed_20250520_172719 - INFO - Epoch 6, Batch 3250/3392, Loss: 4.4639
2025-05-20 21:25:33,668 - transvg_coordinates_fixed_20250520_172719 - INFO - Train metrics: l1_loss: 0.4833 | giou_loss: 1.0238 | total_loss: 4.4639
2025-05-20 21:26:03,272 - transvg_coordinates_fixed_20250520_172719 - INFO - Epoch 6, Batch 3300/3392, Loss: 3.5382
2025-05-20 21:26:03,273 - transvg_coordinates_fixed_20250520_172719 - INFO - Train metrics: l1_loss: 0.3634 | giou_loss: 0.8606 | total_loss: 3.5382
2025-05-20 21:26:32,845 - transvg_coordinates_fixed_20250520_172719 - INFO - Epoch 6, Batch 3350/3392, Loss: 5.7409
2025-05-20 21:26:32,845 - transvg_coordinates_fixed_20250520_172719 - INFO - Train metrics: l1_loss: 0.6855 | giou_loss: 1.1566 | total_loss: 5.7409
2025-05-20 21:26:57,153 - transvg_coordinates_fixed_20250520_172719 - INFO - Train Epoch 6, Loss: 4.4223
2025-05-20 21:28:17,672 - transvg_coordinates_fixed_20250520_172719 - INFO - Pred box sample: [63.391876220703125, 66.51107025146484, 260.5123596191406, 193.09552001953125]
2025-05-20 21:28:17,673 - transvg_coordinates_fixed_20250520_172719 - INFO - Target box sample: [207.0, 198.0, 287.0, 283.0]
2025-05-20 21:28:17,746 - transvg_coordinates_fixed_20250520_172719 - INFO - Validation Epoch 6, Loss: 4.4362
2025-05-20 21:28:17,747 - transvg_coordinates_fixed_20250520_172719 - INFO - Val metrics: Acc@0.25: 0.3275 | Acc@0.5: 0.1145 | Acc@0.75: 0.0157 | mIoU: 0.1849 | medianIoU: 0.0894 | mae_x1: 100.3425 | mae_y1: 94.8373 | mae_x2: 101.2486 | mae_y2: 95.9304 | center_x_error: 85.1225 | center_y_error: 78.9297 | width_error: 2.5768 | height_error: 2.4541 | loss: 4.4362
2025-05-20 21:28:18,491 - transvg_coordinates_fixed_20250520_172719 - INFO - Saved model checkpoint to /home/pokle/Trans-VG/visual_grounding/checkpoints/transvg_coordinates_fixed_20250520_172719_epoch6.pth
2025-05-20 21:28:18,492 - transvg_coordinates_fixed_20250520_172719 - INFO - Epoch 7/200
2025-05-20 21:28:19,624 - transvg_coordinates_fixed_20250520_172719 - INFO - Epoch 7, Batch 0/3392, Loss: 3.2316
2025-05-20 21:28:19,624 - transvg_coordinates_fixed_20250520_172719 - INFO - Train metrics: l1_loss: 0.3131 | giou_loss: 0.8330 | total_loss: 3.2316
2025-05-20 21:28:49,441 - transvg_coordinates_fixed_20250520_172719 - INFO - Epoch 7, Batch 50/3392, Loss: 4.8249
2025-05-20 21:28:49,441 - transvg_coordinates_fixed_20250520_172719 - INFO - Train metrics: l1_loss: 0.5631 | giou_loss: 1.0046 | total_loss: 4.8249
2025-05-20 21:29:19,006 - transvg_coordinates_fixed_20250520_172719 - INFO - Epoch 7, Batch 100/3392, Loss: 2.6373
2025-05-20 21:29:19,007 - transvg_coordinates_fixed_20250520_172719 - INFO - Train metrics: l1_loss: 0.2674 | giou_loss: 0.6502 | total_loss: 2.6373
2025-05-20 21:29:48,553 - transvg_coordinates_fixed_20250520_172719 - INFO - Epoch 7, Batch 150/3392, Loss: 3.1398
2025-05-20 21:29:48,553 - transvg_coordinates_fixed_20250520_172719 - INFO - Train metrics: l1_loss: 0.3358 | giou_loss: 0.7305 | total_loss: 3.1398
2025-05-20 21:30:18,135 - transvg_coordinates_fixed_20250520_172719 - INFO - Epoch 7, Batch 200/3392, Loss: 4.5051
2025-05-20 21:30:18,136 - transvg_coordinates_fixed_20250520_172719 - INFO - Train metrics: l1_loss: 0.4782 | giou_loss: 1.0571 | total_loss: 4.5051
2025-05-20 21:30:47,663 - transvg_coordinates_fixed_20250520_172719 - INFO - Epoch 7, Batch 250/3392, Loss: 4.0702
2025-05-20 21:30:47,663 - transvg_coordinates_fixed_20250520_172719 - INFO - Train metrics: l1_loss: 0.4548 | giou_loss: 0.8981 | total_loss: 4.0702
2025-05-20 21:31:17,180 - transvg_coordinates_fixed_20250520_172719 - INFO - Epoch 7, Batch 300/3392, Loss: 4.0065
2025-05-20 21:31:17,180 - transvg_coordinates_fixed_20250520_172719 - INFO - Train metrics: l1_loss: 0.4480 | giou_loss: 0.8833 | total_loss: 4.0065
2025-05-20 21:31:46,680 - transvg_coordinates_fixed_20250520_172719 - INFO - Epoch 7, Batch 350/3392, Loss: 3.3849
2025-05-20 21:31:46,680 - transvg_coordinates_fixed_20250520_172719 - INFO - Train metrics: l1_loss: 0.3569 | giou_loss: 0.8003 | total_loss: 3.3849
2025-05-20 21:32:16,058 - transvg_coordinates_fixed_20250520_172719 - INFO - Epoch 7, Batch 400/3392, Loss: 4.0755
2025-05-20 21:32:16,058 - transvg_coordinates_fixed_20250520_172719 - INFO - Train metrics: l1_loss: 0.4384 | giou_loss: 0.9416 | total_loss: 4.0755
2025-05-20 21:32:45,450 - transvg_coordinates_fixed_20250520_172719 - INFO - Epoch 7, Batch 450/3392, Loss: 4.8077
2025-05-20 21:32:45,450 - transvg_coordinates_fixed_20250520_172719 - INFO - Train metrics: l1_loss: 0.5339 | giou_loss: 1.0692 | total_loss: 4.8077
2025-05-20 21:33:14,856 - transvg_coordinates_fixed_20250520_172719 - INFO - Epoch 7, Batch 500/3392, Loss: 4.2588
2025-05-20 21:33:14,856 - transvg_coordinates_fixed_20250520_172719 - INFO - Train metrics: l1_loss: 0.4432 | giou_loss: 1.0213 | total_loss: 4.2588
2025-05-20 21:33:44,262 - transvg_coordinates_fixed_20250520_172719 - INFO - Epoch 7, Batch 550/3392, Loss: 4.1389
2025-05-20 21:33:44,263 - transvg_coordinates_fixed_20250520_172719 - INFO - Train metrics: l1_loss: 0.4366 | giou_loss: 0.9781 | total_loss: 4.1389
2025-05-20 21:34:13,729 - transvg_coordinates_fixed_20250520_172719 - INFO - Epoch 7, Batch 600/3392, Loss: 3.5056
2025-05-20 21:34:13,729 - transvg_coordinates_fixed_20250520_172719 - INFO - Train metrics: l1_loss: 0.3676 | giou_loss: 0.8339 | total_loss: 3.5056
2025-05-20 21:34:43,171 - transvg_coordinates_fixed_20250520_172719 - INFO - Epoch 7, Batch 650/3392, Loss: 4.7211
2025-05-20 21:34:43,171 - transvg_coordinates_fixed_20250520_172719 - INFO - Train metrics: l1_loss: 0.5412 | giou_loss: 1.0075 | total_loss: 4.7211
2025-05-20 21:35:12,660 - transvg_coordinates_fixed_20250520_172719 - INFO - Epoch 7, Batch 700/3392, Loss: 3.7375
2025-05-20 21:35:12,660 - transvg_coordinates_fixed_20250520_172719 - INFO - Train metrics: l1_loss: 0.3930 | giou_loss: 0.8862 | total_loss: 3.7375
2025-05-20 21:35:42,078 - transvg_coordinates_fixed_20250520_172719 - INFO - Epoch 7, Batch 750/3392, Loss: 3.8773
2025-05-20 21:35:42,078 - transvg_coordinates_fixed_20250520_172719 - INFO - Train metrics: l1_loss: 0.4173 | giou_loss: 0.8953 | total_loss: 3.8773
2025-05-20 21:36:11,466 - transvg_coordinates_fixed_20250520_172719 - INFO - Epoch 7, Batch 800/3392, Loss: 5.5697
2025-05-20 21:36:11,467 - transvg_coordinates_fixed_20250520_172719 - INFO - Train metrics: l1_loss: 0.6529 | giou_loss: 1.1527 | total_loss: 5.5697
2025-05-20 21:36:40,907 - transvg_coordinates_fixed_20250520_172719 - INFO - Epoch 7, Batch 850/3392, Loss: 3.8325
2025-05-20 21:36:40,907 - transvg_coordinates_fixed_20250520_172719 - INFO - Train metrics: l1_loss: 0.4288 | giou_loss: 0.8442 | total_loss: 3.8325
2025-05-20 21:37:10,510 - transvg_coordinates_fixed_20250520_172719 - INFO - Epoch 7, Batch 900/3392, Loss: 4.3012
2025-05-20 21:37:10,511 - transvg_coordinates_fixed_20250520_172719 - INFO - Train metrics: l1_loss: 0.4862 | giou_loss: 0.9350 | total_loss: 4.3012
2025-05-20 21:37:39,994 - transvg_coordinates_fixed_20250520_172719 - INFO - Epoch 7, Batch 950/3392, Loss: 3.2240
2025-05-20 21:37:39,995 - transvg_coordinates_fixed_20250520_172719 - INFO - Train metrics: l1_loss: 0.3294 | giou_loss: 0.7885 | total_loss: 3.2240
2025-05-20 21:38:09,407 - transvg_coordinates_fixed_20250520_172719 - INFO - Epoch 7, Batch 1000/3392, Loss: 4.5053
2025-05-20 21:38:09,407 - transvg_coordinates_fixed_20250520_172719 - INFO - Train metrics: l1_loss: 0.5418 | giou_loss: 0.8980 | total_loss: 4.5053
2025-05-20 21:38:38,819 - transvg_coordinates_fixed_20250520_172719 - INFO - Epoch 7, Batch 1050/3392, Loss: 4.6148
2025-05-20 21:38:38,819 - transvg_coordinates_fixed_20250520_172719 - INFO - Train metrics: l1_loss: 0.5140 | giou_loss: 1.0224 | total_loss: 4.6148
2025-05-20 21:39:08,221 - transvg_coordinates_fixed_20250520_172719 - INFO - Epoch 7, Batch 1100/3392, Loss: 3.8154
2025-05-20 21:39:08,221 - transvg_coordinates_fixed_20250520_172719 - INFO - Train metrics: l1_loss: 0.3907 | giou_loss: 0.9308 | total_loss: 3.8154
2025-05-20 21:39:37,629 - transvg_coordinates_fixed_20250520_172719 - INFO - Epoch 7, Batch 1150/3392, Loss: 4.2371
2025-05-20 21:39:37,630 - transvg_coordinates_fixed_20250520_172719 - INFO - Train metrics: l1_loss: 0.4791 | giou_loss: 0.9207 | total_loss: 4.2371
2025-05-20 21:40:07,069 - transvg_coordinates_fixed_20250520_172719 - INFO - Epoch 7, Batch 1200/3392, Loss: 4.4258
2025-05-20 21:40:07,069 - transvg_coordinates_fixed_20250520_172719 - INFO - Train metrics: l1_loss: 0.4685 | giou_loss: 1.0417 | total_loss: 4.4258
2025-05-20 21:40:36,512 - transvg_coordinates_fixed_20250520_172719 - INFO - Epoch 7, Batch 1250/3392, Loss: 4.7940
2025-05-20 21:40:36,512 - transvg_coordinates_fixed_20250520_172719 - INFO - Train metrics: l1_loss: 0.5467 | giou_loss: 1.0303 | total_loss: 4.7940
2025-05-20 21:41:05,923 - transvg_coordinates_fixed_20250520_172719 - INFO - Epoch 7, Batch 1300/3392, Loss: 4.3487
2025-05-20 21:41:05,923 - transvg_coordinates_fixed_20250520_172719 - INFO - Train metrics: l1_loss: 0.4643 | giou_loss: 1.0136 | total_loss: 4.3487
2025-05-20 21:41:35,369 - transvg_coordinates_fixed_20250520_172719 - INFO - Epoch 7, Batch 1350/3392, Loss: 3.5330
2025-05-20 21:41:35,370 - transvg_coordinates_fixed_20250520_172719 - INFO - Train metrics: l1_loss: 0.3473 | giou_loss: 0.8982 | total_loss: 3.5330
2025-05-20 21:42:04,711 - transvg_coordinates_fixed_20250520_172719 - INFO - Epoch 7, Batch 1400/3392, Loss: 5.7164
2025-05-20 21:42:04,711 - transvg_coordinates_fixed_20250520_172719 - INFO - Train metrics: l1_loss: 0.6905 | giou_loss: 1.1320 | total_loss: 5.7164
2025-05-20 21:42:34,163 - transvg_coordinates_fixed_20250520_172719 - INFO - Epoch 7, Batch 1450/3392, Loss: 4.7956
2025-05-20 21:42:34,163 - transvg_coordinates_fixed_20250520_172719 - INFO - Train metrics: l1_loss: 0.5829 | giou_loss: 0.9405 | total_loss: 4.7956
2025-05-20 21:43:03,679 - transvg_coordinates_fixed_20250520_172719 - INFO - Epoch 7, Batch 1500/3392, Loss: 4.3082
2025-05-20 21:43:03,679 - transvg_coordinates_fixed_20250520_172719 - INFO - Train metrics: l1_loss: 0.4675 | giou_loss: 0.9855 | total_loss: 4.3082
2025-05-20 21:43:33,073 - transvg_coordinates_fixed_20250520_172719 - INFO - Epoch 7, Batch 1550/3392, Loss: 4.5157
2025-05-20 21:43:33,073 - transvg_coordinates_fixed_20250520_172719 - INFO - Train metrics: l1_loss: 0.5077 | giou_loss: 0.9887 | total_loss: 4.5157
2025-05-20 21:44:02,486 - transvg_coordinates_fixed_20250520_172719 - INFO - Epoch 7, Batch 1600/3392, Loss: 4.4110
2025-05-20 21:44:02,486 - transvg_coordinates_fixed_20250520_172719 - INFO - Train metrics: l1_loss: 0.4819 | giou_loss: 1.0008 | total_loss: 4.4110
2025-05-20 21:44:31,922 - transvg_coordinates_fixed_20250520_172719 - INFO - Epoch 7, Batch 1650/3392, Loss: 3.4578
2025-05-20 21:44:31,922 - transvg_coordinates_fixed_20250520_172719 - INFO - Train metrics: l1_loss: 0.3688 | giou_loss: 0.8070 | total_loss: 3.4578
2025-05-20 21:45:01,315 - transvg_coordinates_fixed_20250520_172719 - INFO - Epoch 7, Batch 1700/3392, Loss: 4.1890
2025-05-20 21:45:01,315 - transvg_coordinates_fixed_20250520_172719 - INFO - Train metrics: l1_loss: 0.4876 | giou_loss: 0.8755 | total_loss: 4.1890
2025-05-20 21:45:30,788 - transvg_coordinates_fixed_20250520_172719 - INFO - Epoch 7, Batch 1750/3392, Loss: 3.6608
2025-05-20 21:45:30,788 - transvg_coordinates_fixed_20250520_172719 - INFO - Train metrics: l1_loss: 0.3883 | giou_loss: 0.8596 | total_loss: 3.6608
2025-05-20 21:46:00,175 - transvg_coordinates_fixed_20250520_172719 - INFO - Epoch 7, Batch 1800/3392, Loss: 5.0990
2025-05-20 21:46:00,175 - transvg_coordinates_fixed_20250520_172719 - INFO - Train metrics: l1_loss: 0.5862 | giou_loss: 1.0840 | total_loss: 5.0990
2025-05-20 21:46:29,548 - transvg_coordinates_fixed_20250520_172719 - INFO - Epoch 7, Batch 1850/3392, Loss: 2.8903
2025-05-20 21:46:29,548 - transvg_coordinates_fixed_20250520_172719 - INFO - Train metrics: l1_loss: 0.2985 | giou_loss: 0.6988 | total_loss: 2.8903
2025-05-20 21:46:58,960 - transvg_coordinates_fixed_20250520_172719 - INFO - Epoch 7, Batch 1900/3392, Loss: 4.4443
2025-05-20 21:46:58,960 - transvg_coordinates_fixed_20250520_172719 - INFO - Train metrics: l1_loss: 0.5076 | giou_loss: 0.9532 | total_loss: 4.4443
2025-05-20 21:47:28,383 - transvg_coordinates_fixed_20250520_172719 - INFO - Epoch 7, Batch 1950/3392, Loss: 5.2151
2025-05-20 21:47:28,383 - transvg_coordinates_fixed_20250520_172719 - INFO - Train metrics: l1_loss: 0.5833 | giou_loss: 1.1492 | total_loss: 5.2151
2025-05-20 21:47:57,826 - transvg_coordinates_fixed_20250520_172719 - INFO - Epoch 7, Batch 2000/3392, Loss: 6.5700
2025-05-20 21:47:57,826 - transvg_coordinates_fixed_20250520_172719 - INFO - Train metrics: l1_loss: 0.7938 | giou_loss: 1.3005 | total_loss: 6.5700
2025-05-20 21:48:27,261 - transvg_coordinates_fixed_20250520_172719 - INFO - Epoch 7, Batch 2050/3392, Loss: 4.7107
2025-05-20 21:48:27,262 - transvg_coordinates_fixed_20250520_172719 - INFO - Train metrics: l1_loss: 0.4889 | giou_loss: 1.1332 | total_loss: 4.7107
2025-05-20 21:48:56,680 - transvg_coordinates_fixed_20250520_172719 - INFO - Epoch 7, Batch 2100/3392, Loss: 3.9036
2025-05-20 21:48:56,680 - transvg_coordinates_fixed_20250520_172719 - INFO - Train metrics: l1_loss: 0.4118 | giou_loss: 0.9222 | total_loss: 3.9036
2025-05-20 21:49:26,211 - transvg_coordinates_fixed_20250520_172719 - INFO - Epoch 7, Batch 2150/3392, Loss: 5.9586
2025-05-20 21:49:26,211 - transvg_coordinates_fixed_20250520_172719 - INFO - Train metrics: l1_loss: 0.7537 | giou_loss: 1.0949 | total_loss: 5.9586
2025-05-20 21:49:55,623 - transvg_coordinates_fixed_20250520_172719 - INFO - Epoch 7, Batch 2200/3392, Loss: 2.9854
2025-05-20 21:49:55,624 - transvg_coordinates_fixed_20250520_172719 - INFO - Train metrics: l1_loss: 0.3222 | giou_loss: 0.6871 | total_loss: 2.9854
2025-05-20 21:50:25,026 - transvg_coordinates_fixed_20250520_172719 - INFO - Epoch 7, Batch 2250/3392, Loss: 3.9477
2025-05-20 21:50:25,026 - transvg_coordinates_fixed_20250520_172719 - INFO - Train metrics: l1_loss: 0.4616 | giou_loss: 0.8198 | total_loss: 3.9477
2025-05-20 21:50:54,390 - transvg_coordinates_fixed_20250520_172719 - INFO - Epoch 7, Batch 2300/3392, Loss: 4.3115
2025-05-20 21:50:54,390 - transvg_coordinates_fixed_20250520_172719 - INFO - Train metrics: l1_loss: 0.4984 | giou_loss: 0.9098 | total_loss: 4.3115
2025-05-20 21:51:23,828 - transvg_coordinates_fixed_20250520_172719 - INFO - Epoch 7, Batch 2350/3392, Loss: 4.4335
2025-05-20 21:51:23,828 - transvg_coordinates_fixed_20250520_172719 - INFO - Train metrics: l1_loss: 0.4679 | giou_loss: 1.0470 | total_loss: 4.4335
2025-05-20 21:51:53,262 - transvg_coordinates_fixed_20250520_172719 - INFO - Epoch 7, Batch 2400/3392, Loss: 4.7182
2025-05-20 21:51:53,263 - transvg_coordinates_fixed_20250520_172719 - INFO - Train metrics: l1_loss: 0.5242 | giou_loss: 1.0486 | total_loss: 4.7182
2025-05-20 21:52:22,685 - transvg_coordinates_fixed_20250520_172719 - INFO - Epoch 7, Batch 2450/3392, Loss: 3.2769
2025-05-20 21:52:22,686 - transvg_coordinates_fixed_20250520_172719 - INFO - Train metrics: l1_loss: 0.3569 | giou_loss: 0.7463 | total_loss: 3.2769
2025-05-20 21:52:52,042 - transvg_coordinates_fixed_20250520_172719 - INFO - Epoch 7, Batch 2500/3392, Loss: 4.4894
2025-05-20 21:52:52,043 - transvg_coordinates_fixed_20250520_172719 - INFO - Train metrics: l1_loss: 0.4931 | giou_loss: 1.0119 | total_loss: 4.4894
2025-05-20 21:53:21,461 - transvg_coordinates_fixed_20250520_172719 - INFO - Epoch 7, Batch 2550/3392, Loss: 3.6753
2025-05-20 21:53:21,462 - transvg_coordinates_fixed_20250520_172719 - INFO - Train metrics: l1_loss: 0.3631 | giou_loss: 0.9298 | total_loss: 3.6753
2025-05-20 21:53:50,892 - transvg_coordinates_fixed_20250520_172719 - INFO - Epoch 7, Batch 2600/3392, Loss: 4.1491
2025-05-20 21:53:50,893 - transvg_coordinates_fixed_20250520_172719 - INFO - Train metrics: l1_loss: 0.4533 | giou_loss: 0.9413 | total_loss: 4.1491
2025-05-20 21:54:20,333 - transvg_coordinates_fixed_20250520_172719 - INFO - Epoch 7, Batch 2650/3392, Loss: 4.8588
2025-05-20 21:54:20,333 - transvg_coordinates_fixed_20250520_172719 - INFO - Train metrics: l1_loss: 0.5627 | giou_loss: 1.0227 | total_loss: 4.8588
2025-05-20 21:54:49,700 - transvg_coordinates_fixed_20250520_172719 - INFO - Epoch 7, Batch 2700/3392, Loss: 4.2284
2025-05-20 21:54:49,700 - transvg_coordinates_fixed_20250520_172719 - INFO - Train metrics: l1_loss: 0.4920 | giou_loss: 0.8841 | total_loss: 4.2284
2025-05-20 21:55:19,069 - transvg_coordinates_fixed_20250520_172719 - INFO - Epoch 7, Batch 2750/3392, Loss: 5.4257
2025-05-20 21:55:19,069 - transvg_coordinates_fixed_20250520_172719 - INFO - Train metrics: l1_loss: 0.6161 | giou_loss: 1.1727 | total_loss: 5.4257
2025-05-20 21:55:48,485 - transvg_coordinates_fixed_20250520_172719 - INFO - Epoch 7, Batch 2800/3392, Loss: 4.8850
2025-05-20 21:55:48,485 - transvg_coordinates_fixed_20250520_172719 - INFO - Train metrics: l1_loss: 0.6108 | giou_loss: 0.9156 | total_loss: 4.8850
2025-05-20 21:56:17,862 - transvg_coordinates_fixed_20250520_172719 - INFO - Epoch 7, Batch 2850/3392, Loss: 5.1931
2025-05-20 21:56:17,863 - transvg_coordinates_fixed_20250520_172719 - INFO - Train metrics: l1_loss: 0.6086 | giou_loss: 1.0751 | total_loss: 5.1931
2025-05-20 21:56:47,286 - transvg_coordinates_fixed_20250520_172719 - INFO - Epoch 7, Batch 2900/3392, Loss: 3.5083
2025-05-20 21:56:47,287 - transvg_coordinates_fixed_20250520_172719 - INFO - Train metrics: l1_loss: 0.3428 | giou_loss: 0.8971 | total_loss: 3.5083
2025-05-20 21:57:16,761 - transvg_coordinates_fixed_20250520_172719 - INFO - Epoch 7, Batch 2950/3392, Loss: 3.9199
2025-05-20 21:57:16,761 - transvg_coordinates_fixed_20250520_172719 - INFO - Train metrics: l1_loss: 0.4006 | giou_loss: 0.9585 | total_loss: 3.9199
2025-05-20 21:57:46,159 - transvg_coordinates_fixed_20250520_172719 - INFO - Epoch 7, Batch 3000/3392, Loss: 3.8819
2025-05-20 21:57:46,159 - transvg_coordinates_fixed_20250520_172719 - INFO - Train metrics: l1_loss: 0.4205 | giou_loss: 0.8896 | total_loss: 3.8819
2025-05-20 21:58:15,591 - transvg_coordinates_fixed_20250520_172719 - INFO - Epoch 7, Batch 3050/3392, Loss: 3.7412
2025-05-20 21:58:15,591 - transvg_coordinates_fixed_20250520_172719 - INFO - Train metrics: l1_loss: 0.3851 | giou_loss: 0.9078 | total_loss: 3.7412
2025-05-20 21:58:44,997 - transvg_coordinates_fixed_20250520_172719 - INFO - Epoch 7, Batch 3100/3392, Loss: 4.3070
2025-05-20 21:58:44,997 - transvg_coordinates_fixed_20250520_172719 - INFO - Train metrics: l1_loss: 0.4554 | giou_loss: 1.0150 | total_loss: 4.3070
2025-05-20 21:59:14,438 - transvg_coordinates_fixed_20250520_172719 - INFO - Epoch 7, Batch 3150/3392, Loss: 5.0645
2025-05-20 21:59:14,438 - transvg_coordinates_fixed_20250520_172719 - INFO - Train metrics: l1_loss: 0.5896 | giou_loss: 1.0584 | total_loss: 5.0645
2025-05-20 21:59:43,901 - transvg_coordinates_fixed_20250520_172719 - INFO - Epoch 7, Batch 3200/3392, Loss: 4.2433
2025-05-20 21:59:43,902 - transvg_coordinates_fixed_20250520_172719 - INFO - Train metrics: l1_loss: 0.4665 | giou_loss: 0.9554 | total_loss: 4.2433
2025-05-20 22:00:13,360 - transvg_coordinates_fixed_20250520_172719 - INFO - Epoch 7, Batch 3250/3392, Loss: 3.9165
2025-05-20 22:00:13,360 - transvg_coordinates_fixed_20250520_172719 - INFO - Train metrics: l1_loss: 0.4280 | giou_loss: 0.8882 | total_loss: 3.9165
2025-05-20 22:00:42,719 - transvg_coordinates_fixed_20250520_172719 - INFO - Epoch 7, Batch 3300/3392, Loss: 4.2876
2025-05-20 22:00:42,720 - transvg_coordinates_fixed_20250520_172719 - INFO - Train metrics: l1_loss: 0.4624 | giou_loss: 0.9878 | total_loss: 4.2876
2025-05-20 22:01:12,127 - transvg_coordinates_fixed_20250520_172719 - INFO - Epoch 7, Batch 3350/3392, Loss: 4.5019
2025-05-20 22:01:12,127 - transvg_coordinates_fixed_20250520_172719 - INFO - Train metrics: l1_loss: 0.5009 | giou_loss: 0.9986 | total_loss: 4.5019
2025-05-20 22:01:36,235 - transvg_coordinates_fixed_20250520_172719 - INFO - Train Epoch 7, Loss: 4.4113
2025-05-20 22:02:56,181 - transvg_coordinates_fixed_20250520_172719 - INFO - Pred box sample: [73.39541625976562, 89.9802474975586, 252.2795867919922, 235.37001037597656]
2025-05-20 22:02:56,182 - transvg_coordinates_fixed_20250520_172719 - INFO - Target box sample: [207.0, 198.0, 287.0, 283.0]
2025-05-20 22:02:56,256 - transvg_coordinates_fixed_20250520_172719 - INFO - Validation Epoch 7, Loss: 4.4733
2025-05-20 22:02:56,256 - transvg_coordinates_fixed_20250520_172719 - INFO - Val metrics: Acc@0.25: 0.3179 | Acc@0.5: 0.1208 | Acc@0.75: 0.0133 | mIoU: 0.1836 | medianIoU: 0.0862 | mae_x1: 99.9290 | mae_y1: 97.9071 | mae_x2: 104.0327 | mae_y2: 96.0865 | center_x_error: 86.4442 | center_y_error: 80.2505 | width_error: 2.5193 | height_error: 2.5473 | loss: 4.4733
2025-05-20 22:02:56,984 - transvg_coordinates_fixed_20250520_172719 - INFO - Saved model checkpoint to /home/pokle/Trans-VG/visual_grounding/checkpoints/transvg_coordinates_fixed_20250520_172719_epoch7.pth
2025-05-20 22:02:56,985 - transvg_coordinates_fixed_20250520_172719 - INFO - New best model! Acc@0.5: 0.1208
2025-05-20 22:02:56,985 - transvg_coordinates_fixed_20250520_172719 - INFO - Epoch 8/200
2025-05-20 22:02:58,473 - transvg_coordinates_fixed_20250520_172719 - INFO - Epoch 8, Batch 0/3392, Loss: 4.8125
2025-05-20 22:02:58,473 - transvg_coordinates_fixed_20250520_172719 - INFO - Train metrics: l1_loss: 0.5416 | giou_loss: 1.0522 | total_loss: 4.8125
2025-05-20 22:03:28,138 - transvg_coordinates_fixed_20250520_172719 - INFO - Epoch 8, Batch 50/3392, Loss: 4.5502
2025-05-20 22:03:28,138 - transvg_coordinates_fixed_20250520_172719 - INFO - Train metrics: l1_loss: 0.4953 | giou_loss: 1.0368 | total_loss: 4.5502
2025-05-20 22:03:57,609 - transvg_coordinates_fixed_20250520_172719 - INFO - Epoch 8, Batch 100/3392, Loss: 6.9515
2025-05-20 22:03:57,610 - transvg_coordinates_fixed_20250520_172719 - INFO - Train metrics: l1_loss: 0.8656 | giou_loss: 1.3119 | total_loss: 6.9515
2025-05-20 22:04:27,033 - transvg_coordinates_fixed_20250520_172719 - INFO - Epoch 8, Batch 150/3392, Loss: 3.9203
2025-05-20 22:04:27,033 - transvg_coordinates_fixed_20250520_172719 - INFO - Train metrics: l1_loss: 0.4231 | giou_loss: 0.9023 | total_loss: 3.9203
2025-05-20 22:04:56,434 - transvg_coordinates_fixed_20250520_172719 - INFO - Epoch 8, Batch 200/3392, Loss: 5.3745
2025-05-20 22:04:56,435 - transvg_coordinates_fixed_20250520_172719 - INFO - Train metrics: l1_loss: 0.6258 | giou_loss: 1.1227 | total_loss: 5.3745
2025-05-20 22:05:25,857 - transvg_coordinates_fixed_20250520_172719 - INFO - Epoch 8, Batch 250/3392, Loss: 4.5111
2025-05-20 22:05:25,858 - transvg_coordinates_fixed_20250520_172719 - INFO - Train metrics: l1_loss: 0.5170 | giou_loss: 0.9632 | total_loss: 4.5111
2025-05-20 22:05:55,263 - transvg_coordinates_fixed_20250520_172719 - INFO - Epoch 8, Batch 300/3392, Loss: 5.0191
2025-05-20 22:05:55,263 - transvg_coordinates_fixed_20250520_172719 - INFO - Train metrics: l1_loss: 0.5321 | giou_loss: 1.1794 | total_loss: 5.0191
2025-05-20 22:06:24,698 - transvg_coordinates_fixed_20250520_172719 - INFO - Epoch 8, Batch 350/3392, Loss: 4.0152
2025-05-20 22:06:24,699 - transvg_coordinates_fixed_20250520_172719 - INFO - Train metrics: l1_loss: 0.4122 | giou_loss: 0.9770 | total_loss: 4.0152
2025-05-20 22:06:54,127 - transvg_coordinates_fixed_20250520_172719 - INFO - Epoch 8, Batch 400/3392, Loss: 4.1277
2025-05-20 22:06:54,127 - transvg_coordinates_fixed_20250520_172719 - INFO - Train metrics: l1_loss: 0.4455 | giou_loss: 0.9500 | total_loss: 4.1277
2025-05-20 22:07:23,561 - transvg_coordinates_fixed_20250520_172719 - INFO - Epoch 8, Batch 450/3392, Loss: 5.1787
2025-05-20 22:07:23,561 - transvg_coordinates_fixed_20250520_172719 - INFO - Train metrics: l1_loss: 0.5769 | giou_loss: 1.1470 | total_loss: 5.1787
2025-05-20 22:07:52,946 - transvg_coordinates_fixed_20250520_172719 - INFO - Epoch 8, Batch 500/3392, Loss: 4.4936
2025-05-20 22:07:52,947 - transvg_coordinates_fixed_20250520_172719 - INFO - Train metrics: l1_loss: 0.4867 | giou_loss: 1.0301 | total_loss: 4.4936
2025-05-20 22:08:22,314 - transvg_coordinates_fixed_20250520_172719 - INFO - Epoch 8, Batch 550/3392, Loss: 4.7922
2025-05-20 22:08:22,314 - transvg_coordinates_fixed_20250520_172719 - INFO - Train metrics: l1_loss: 0.5289 | giou_loss: 1.0739 | total_loss: 4.7922
2025-05-20 22:08:51,734 - transvg_coordinates_fixed_20250520_172719 - INFO - Epoch 8, Batch 600/3392, Loss: 4.7853
2025-05-20 22:08:51,735 - transvg_coordinates_fixed_20250520_172719 - INFO - Train metrics: l1_loss: 0.5289 | giou_loss: 1.0703 | total_loss: 4.7853
2025-05-20 22:09:21,165 - transvg_coordinates_fixed_20250520_172719 - INFO - Epoch 8, Batch 650/3392, Loss: 4.2132
2025-05-20 22:09:21,166 - transvg_coordinates_fixed_20250520_172719 - INFO - Train metrics: l1_loss: 0.4611 | giou_loss: 0.9538 | total_loss: 4.2132
2025-05-20 22:09:50,533 - transvg_coordinates_fixed_20250520_172719 - INFO - Epoch 8, Batch 700/3392, Loss: 3.8971
2025-05-20 22:09:50,533 - transvg_coordinates_fixed_20250520_172719 - INFO - Train metrics: l1_loss: 0.3826 | giou_loss: 0.9921 | total_loss: 3.8971
2025-05-20 22:10:19,924 - transvg_coordinates_fixed_20250520_172719 - INFO - Epoch 8, Batch 750/3392, Loss: 5.3965
2025-05-20 22:10:19,924 - transvg_coordinates_fixed_20250520_172719 - INFO - Train metrics: l1_loss: 0.6469 | giou_loss: 1.0810 | total_loss: 5.3965
2025-05-20 22:10:49,287 - transvg_coordinates_fixed_20250520_172719 - INFO - Epoch 8, Batch 800/3392, Loss: 3.3183
2025-05-20 22:10:49,287 - transvg_coordinates_fixed_20250520_172719 - INFO - Train metrics: l1_loss: 0.3520 | giou_loss: 0.7792 | total_loss: 3.3183
2025-05-20 22:11:18,635 - transvg_coordinates_fixed_20250520_172719 - INFO - Epoch 8, Batch 850/3392, Loss: 4.3360
2025-05-20 22:11:18,635 - transvg_coordinates_fixed_20250520_172719 - INFO - Train metrics: l1_loss: 0.4583 | giou_loss: 1.0224 | total_loss: 4.3360
2025-05-20 22:11:48,038 - transvg_coordinates_fixed_20250520_172719 - INFO - Epoch 8, Batch 900/3392, Loss: 3.8650
2025-05-20 22:11:48,038 - transvg_coordinates_fixed_20250520_172719 - INFO - Train metrics: l1_loss: 0.3836 | giou_loss: 0.9735 | total_loss: 3.8650
2025-05-20 22:12:17,424 - transvg_coordinates_fixed_20250520_172719 - INFO - Epoch 8, Batch 950/3392, Loss: 4.9473
2025-05-20 22:12:17,425 - transvg_coordinates_fixed_20250520_172719 - INFO - Train metrics: l1_loss: 0.5619 | giou_loss: 1.0688 | total_loss: 4.9473
2025-05-20 22:12:46,808 - transvg_coordinates_fixed_20250520_172719 - INFO - Epoch 8, Batch 1000/3392, Loss: 4.6953
2025-05-20 22:12:46,808 - transvg_coordinates_fixed_20250520_172719 - INFO - Train metrics: l1_loss: 0.5368 | giou_loss: 1.0057 | total_loss: 4.6953
2025-05-20 22:13:16,167 - transvg_coordinates_fixed_20250520_172719 - INFO - Epoch 8, Batch 1050/3392, Loss: 3.7418
2025-05-20 22:13:16,168 - transvg_coordinates_fixed_20250520_172719 - INFO - Train metrics: l1_loss: 0.4200 | giou_loss: 0.8209 | total_loss: 3.7418
2025-05-20 22:13:45,544 - transvg_coordinates_fixed_20250520_172719 - INFO - Epoch 8, Batch 1100/3392, Loss: 5.1635
2025-05-20 22:13:45,545 - transvg_coordinates_fixed_20250520_172719 - INFO - Train metrics: l1_loss: 0.5752 | giou_loss: 1.1437 | total_loss: 5.1635
2025-05-20 22:14:14,900 - transvg_coordinates_fixed_20250520_172719 - INFO - Epoch 8, Batch 1150/3392, Loss: 6.2153
2025-05-20 22:14:14,901 - transvg_coordinates_fixed_20250520_172719 - INFO - Train metrics: l1_loss: 0.7427 | giou_loss: 1.2510 | total_loss: 6.2153
2025-05-20 22:14:44,279 - transvg_coordinates_fixed_20250520_172719 - INFO - Epoch 8, Batch 1200/3392, Loss: 4.4497
2025-05-20 22:14:44,279 - transvg_coordinates_fixed_20250520_172719 - INFO - Train metrics: l1_loss: 0.5188 | giou_loss: 0.9279 | total_loss: 4.4497
2025-05-20 22:15:13,695 - transvg_coordinates_fixed_20250520_172719 - INFO - Epoch 8, Batch 1250/3392, Loss: 3.5526
2025-05-20 22:15:13,696 - transvg_coordinates_fixed_20250520_172719 - INFO - Train metrics: l1_loss: 0.4170 | giou_loss: 0.7339 | total_loss: 3.5526
2025-05-20 22:15:43,194 - transvg_coordinates_fixed_20250520_172719 - INFO - Epoch 8, Batch 1300/3392, Loss: 3.8075
2025-05-20 22:15:43,194 - transvg_coordinates_fixed_20250520_172719 - INFO - Train metrics: l1_loss: 0.4301 | giou_loss: 0.8285 | total_loss: 3.8075
2025-05-20 22:16:12,577 - transvg_coordinates_fixed_20250520_172719 - INFO - Epoch 8, Batch 1350/3392, Loss: 4.9756
2025-05-20 22:16:12,578 - transvg_coordinates_fixed_20250520_172719 - INFO - Train metrics: l1_loss: 0.5675 | giou_loss: 1.0692 | total_loss: 4.9756
2025-05-20 22:16:41,996 - transvg_coordinates_fixed_20250520_172719 - INFO - Epoch 8, Batch 1400/3392, Loss: 4.8670
2025-05-20 22:16:41,997 - transvg_coordinates_fixed_20250520_172719 - INFO - Train metrics: l1_loss: 0.5638 | giou_loss: 1.0241 | total_loss: 4.8670
2025-05-20 22:17:11,353 - transvg_coordinates_fixed_20250520_172719 - INFO - Epoch 8, Batch 1450/3392, Loss: 5.6758
2025-05-20 22:17:11,353 - transvg_coordinates_fixed_20250520_172719 - INFO - Train metrics: l1_loss: 0.7144 | giou_loss: 1.0518 | total_loss: 5.6758
2025-05-20 22:17:40,710 - transvg_coordinates_fixed_20250520_172719 - INFO - Epoch 8, Batch 1500/3392, Loss: 5.1543
2025-05-20 22:17:40,710 - transvg_coordinates_fixed_20250520_172719 - INFO - Train metrics: l1_loss: 0.6082 | giou_loss: 1.0568 | total_loss: 5.1543
2025-05-20 22:18:10,104 - transvg_coordinates_fixed_20250520_172719 - INFO - Epoch 8, Batch 1550/3392, Loss: 4.1033
2025-05-20 22:18:10,105 - transvg_coordinates_fixed_20250520_172719 - INFO - Train metrics: l1_loss: 0.4538 | giou_loss: 0.9172 | total_loss: 4.1033
2025-05-20 22:18:39,484 - transvg_coordinates_fixed_20250520_172719 - INFO - Epoch 8, Batch 1600/3392, Loss: 3.8084
2025-05-20 22:18:39,485 - transvg_coordinates_fixed_20250520_172719 - INFO - Train metrics: l1_loss: 0.4038 | giou_loss: 0.8948 | total_loss: 3.8084
2025-05-20 22:19:08,863 - transvg_coordinates_fixed_20250520_172719 - INFO - Epoch 8, Batch 1650/3392, Loss: 4.0169
2025-05-20 22:19:08,864 - transvg_coordinates_fixed_20250520_172719 - INFO - Train metrics: l1_loss: 0.4450 | giou_loss: 0.8959 | total_loss: 4.0169
2025-05-20 22:19:38,248 - transvg_coordinates_fixed_20250520_172719 - INFO - Epoch 8, Batch 1700/3392, Loss: 4.1338
2025-05-20 22:19:38,248 - transvg_coordinates_fixed_20250520_172719 - INFO - Train metrics: l1_loss: 0.4700 | giou_loss: 0.8920 | total_loss: 4.1338
2025-05-20 22:20:07,580 - transvg_coordinates_fixed_20250520_172719 - INFO - Epoch 8, Batch 1750/3392, Loss: 3.1220
2025-05-20 22:20:07,581 - transvg_coordinates_fixed_20250520_172719 - INFO - Train metrics: l1_loss: 0.3234 | giou_loss: 0.7525 | total_loss: 3.1220
2025-05-20 22:20:36,973 - transvg_coordinates_fixed_20250520_172719 - INFO - Epoch 8, Batch 1800/3392, Loss: 5.2790
2025-05-20 22:20:36,973 - transvg_coordinates_fixed_20250520_172719 - INFO - Train metrics: l1_loss: 0.5600 | giou_loss: 1.2395 | total_loss: 5.2790
2025-05-20 22:21:06,402 - transvg_coordinates_fixed_20250520_172719 - INFO - Epoch 8, Batch 1850/3392, Loss: 4.3562
2025-05-20 22:21:06,403 - transvg_coordinates_fixed_20250520_172719 - INFO - Train metrics: l1_loss: 0.4845 | giou_loss: 0.9668 | total_loss: 4.3562
2025-05-20 22:21:35,833 - transvg_coordinates_fixed_20250520_172719 - INFO - Epoch 8, Batch 1900/3392, Loss: 4.7839
2025-05-20 22:21:35,833 - transvg_coordinates_fixed_20250520_172719 - INFO - Train metrics: l1_loss: 0.5337 | giou_loss: 1.0577 | total_loss: 4.7839
2025-05-20 22:22:05,288 - transvg_coordinates_fixed_20250520_172719 - INFO - Epoch 8, Batch 1950/3392, Loss: 4.7991
2025-05-20 22:22:05,288 - transvg_coordinates_fixed_20250520_172719 - INFO - Train metrics: l1_loss: 0.5069 | giou_loss: 1.1322 | total_loss: 4.7991
2025-05-20 22:22:34,707 - transvg_coordinates_fixed_20250520_172719 - INFO - Epoch 8, Batch 2000/3392, Loss: 3.9601
2025-05-20 22:22:34,708 - transvg_coordinates_fixed_20250520_172719 - INFO - Train metrics: l1_loss: 0.4568 | giou_loss: 0.8380 | total_loss: 3.9601
2025-05-20 22:23:04,160 - transvg_coordinates_fixed_20250520_172719 - INFO - Epoch 8, Batch 2050/3392, Loss: 3.6506
2025-05-20 22:23:04,160 - transvg_coordinates_fixed_20250520_172719 - INFO - Train metrics: l1_loss: 0.3693 | giou_loss: 0.9020 | total_loss: 3.6506
2025-05-20 22:23:33,542 - transvg_coordinates_fixed_20250520_172719 - INFO - Epoch 8, Batch 2100/3392, Loss: 5.0136
2025-05-20 22:23:33,543 - transvg_coordinates_fixed_20250520_172719 - INFO - Train metrics: l1_loss: 0.5966 | giou_loss: 1.0154 | total_loss: 5.0136
2025-05-20 22:24:02,873 - transvg_coordinates_fixed_20250520_172719 - INFO - Epoch 8, Batch 2150/3392, Loss: 3.7493
2025-05-20 22:24:02,873 - transvg_coordinates_fixed_20250520_172719 - INFO - Train metrics: l1_loss: 0.3800 | giou_loss: 0.9246 | total_loss: 3.7493
2025-05-20 22:24:32,251 - transvg_coordinates_fixed_20250520_172719 - INFO - Epoch 8, Batch 2200/3392, Loss: 4.5087
2025-05-20 22:24:32,251 - transvg_coordinates_fixed_20250520_172719 - INFO - Train metrics: l1_loss: 0.5260 | giou_loss: 0.9394 | total_loss: 4.5087
2025-05-20 22:25:01,626 - transvg_coordinates_fixed_20250520_172719 - INFO - Epoch 8, Batch 2250/3392, Loss: 4.1507
2025-05-20 22:25:01,626 - transvg_coordinates_fixed_20250520_172719 - INFO - Train metrics: l1_loss: 0.4738 | giou_loss: 0.8908 | total_loss: 4.1507
2025-05-20 22:25:31,023 - transvg_coordinates_fixed_20250520_172719 - INFO - Epoch 8, Batch 2300/3392, Loss: 3.6754
2025-05-20 22:25:31,023 - transvg_coordinates_fixed_20250520_172719 - INFO - Train metrics: l1_loss: 0.4151 | giou_loss: 0.8000 | total_loss: 3.6754
2025-05-20 22:26:00,445 - transvg_coordinates_fixed_20250520_172719 - INFO - Epoch 8, Batch 2350/3392, Loss: 5.7749
2025-05-20 22:26:00,446 - transvg_coordinates_fixed_20250520_172719 - INFO - Train metrics: l1_loss: 0.6958 | giou_loss: 1.1479 | total_loss: 5.7749
2025-05-20 22:26:29,866 - transvg_coordinates_fixed_20250520_172719 - INFO - Epoch 8, Batch 2400/3392, Loss: 4.2508
2025-05-20 22:26:29,867 - transvg_coordinates_fixed_20250520_172719 - INFO - Train metrics: l1_loss: 0.4583 | giou_loss: 0.9797 | total_loss: 4.2508
2025-05-20 22:26:59,228 - transvg_coordinates_fixed_20250520_172719 - INFO - Epoch 8, Batch 2450/3392, Loss: 4.7466
2025-05-20 22:26:59,228 - transvg_coordinates_fixed_20250520_172719 - INFO - Train metrics: l1_loss: 0.5372 | giou_loss: 1.0302 | total_loss: 4.7466
2025-05-20 22:27:28,671 - transvg_coordinates_fixed_20250520_172719 - INFO - Epoch 8, Batch 2500/3392, Loss: 5.9464
2025-05-20 22:27:28,672 - transvg_coordinates_fixed_20250520_172719 - INFO - Train metrics: l1_loss: 0.7361 | giou_loss: 1.1329 | total_loss: 5.9464
2025-05-20 22:27:58,211 - transvg_coordinates_fixed_20250520_172719 - INFO - Epoch 8, Batch 2550/3392, Loss: 4.4540
2025-05-20 22:27:58,212 - transvg_coordinates_fixed_20250520_172719 - INFO - Train metrics: l1_loss: 0.5102 | giou_loss: 0.9515 | total_loss: 4.4540
2025-05-20 22:28:27,671 - transvg_coordinates_fixed_20250520_172719 - INFO - Epoch 8, Batch 2600/3392, Loss: 3.6068
2025-05-20 22:28:27,672 - transvg_coordinates_fixed_20250520_172719 - INFO - Train metrics: l1_loss: 0.3645 | giou_loss: 0.8921 | total_loss: 3.6068
2025-05-20 22:28:57,069 - transvg_coordinates_fixed_20250520_172719 - INFO - Epoch 8, Batch 2650/3392, Loss: 2.9919
2025-05-20 22:28:57,069 - transvg_coordinates_fixed_20250520_172719 - INFO - Train metrics: l1_loss: 0.3138 | giou_loss: 0.7113 | total_loss: 2.9919
2025-05-20 22:29:26,465 - transvg_coordinates_fixed_20250520_172719 - INFO - Epoch 8, Batch 2700/3392, Loss: 4.6692
2025-05-20 22:29:26,466 - transvg_coordinates_fixed_20250520_172719 - INFO - Train metrics: l1_loss: 0.5083 | giou_loss: 1.0639 | total_loss: 4.6692
2025-05-20 22:29:55,873 - transvg_coordinates_fixed_20250520_172719 - INFO - Epoch 8, Batch 2750/3392, Loss: 3.3479
2025-05-20 22:29:55,874 - transvg_coordinates_fixed_20250520_172719 - INFO - Train metrics: l1_loss: 0.3268 | giou_loss: 0.8570 | total_loss: 3.3479
2025-05-20 22:30:25,263 - transvg_coordinates_fixed_20250520_172719 - INFO - Epoch 8, Batch 2800/3392, Loss: 4.0701
2025-05-20 22:30:25,264 - transvg_coordinates_fixed_20250520_172719 - INFO - Train metrics: l1_loss: 0.4797 | giou_loss: 0.8359 | total_loss: 4.0701
2025-05-20 22:30:54,686 - transvg_coordinates_fixed_20250520_172719 - INFO - Epoch 8, Batch 2850/3392, Loss: 6.3324
2025-05-20 22:30:54,687 - transvg_coordinates_fixed_20250520_172719 - INFO - Train metrics: l1_loss: 0.7652 | giou_loss: 1.2533 | total_loss: 6.3324
2025-05-20 22:31:24,101 - transvg_coordinates_fixed_20250520_172719 - INFO - Epoch 8, Batch 2900/3392, Loss: 4.9911
2025-05-20 22:31:24,102 - transvg_coordinates_fixed_20250520_172719 - INFO - Train metrics: l1_loss: 0.5764 | giou_loss: 1.0545 | total_loss: 4.9911
2025-05-20 22:31:53,497 - transvg_coordinates_fixed_20250520_172719 - INFO - Epoch 8, Batch 2950/3392, Loss: 4.6558
2025-05-20 22:31:53,498 - transvg_coordinates_fixed_20250520_172719 - INFO - Train metrics: l1_loss: 0.4836 | giou_loss: 1.1190 | total_loss: 4.6558
2025-05-20 22:32:22,898 - transvg_coordinates_fixed_20250520_172719 - INFO - Epoch 8, Batch 3000/3392, Loss: 3.5343
2025-05-20 22:32:22,898 - transvg_coordinates_fixed_20250520_172719 - INFO - Train metrics: l1_loss: 0.3408 | giou_loss: 0.9151 | total_loss: 3.5343
2025-05-20 22:32:52,287 - transvg_coordinates_fixed_20250520_172719 - INFO - Epoch 8, Batch 3050/3392, Loss: 4.7419
2025-05-20 22:32:52,287 - transvg_coordinates_fixed_20250520_172719 - INFO - Train metrics: l1_loss: 0.5528 | giou_loss: 0.9889 | total_loss: 4.7419
2025-05-20 22:33:21,718 - transvg_coordinates_fixed_20250520_172719 - INFO - Epoch 8, Batch 3100/3392, Loss: 4.1200
2025-05-20 22:33:21,719 - transvg_coordinates_fixed_20250520_172719 - INFO - Train metrics: l1_loss: 0.4422 | giou_loss: 0.9546 | total_loss: 4.1200
2025-05-20 22:33:51,161 - transvg_coordinates_fixed_20250520_172719 - INFO - Epoch 8, Batch 3150/3392, Loss: 5.0593
2025-05-20 22:33:51,161 - transvg_coordinates_fixed_20250520_172719 - INFO - Train metrics: l1_loss: 0.6105 | giou_loss: 1.0034 | total_loss: 5.0593
2025-05-20 22:34:20,553 - transvg_coordinates_fixed_20250520_172719 - INFO - Epoch 8, Batch 3200/3392, Loss: 3.7539
2025-05-20 22:34:20,554 - transvg_coordinates_fixed_20250520_172719 - INFO - Train metrics: l1_loss: 0.4088 | giou_loss: 0.8550 | total_loss: 3.7539
2025-05-20 22:34:49,921 - transvg_coordinates_fixed_20250520_172719 - INFO - Epoch 8, Batch 3250/3392, Loss: 4.4142
2025-05-20 22:34:49,921 - transvg_coordinates_fixed_20250520_172719 - INFO - Train metrics: l1_loss: 0.5252 | giou_loss: 0.8941 | total_loss: 4.4142
2025-05-20 22:35:19,303 - transvg_coordinates_fixed_20250520_172719 - INFO - Epoch 8, Batch 3300/3392, Loss: 4.7003
2025-05-20 22:35:19,304 - transvg_coordinates_fixed_20250520_172719 - INFO - Train metrics: l1_loss: 0.5407 | giou_loss: 0.9985 | total_loss: 4.7003
2025-05-20 22:35:48,691 - transvg_coordinates_fixed_20250520_172719 - INFO - Epoch 8, Batch 3350/3392, Loss: 4.3689
2025-05-20 22:35:48,692 - transvg_coordinates_fixed_20250520_172719 - INFO - Train metrics: l1_loss: 0.5013 | giou_loss: 0.9312 | total_loss: 4.3689
2025-05-20 22:36:12,930 - transvg_coordinates_fixed_20250520_172719 - INFO - Train Epoch 8, Loss: 4.4004
2025-05-20 22:37:32,348 - transvg_coordinates_fixed_20250520_172719 - INFO - Pred box sample: [65.09058380126953, 93.33894348144531, 259.807861328125, 278.0697937011719]
2025-05-20 22:37:32,349 - transvg_coordinates_fixed_20250520_172719 - INFO - Target box sample: [207.0, 198.0, 287.0, 283.0]
2025-05-20 22:37:32,424 - transvg_coordinates_fixed_20250520_172719 - INFO - Validation Epoch 8, Loss: 4.4260
2025-05-20 22:37:32,424 - transvg_coordinates_fixed_20250520_172719 - INFO - Val metrics: Acc@0.25: 0.3206 | Acc@0.5: 0.1177 | Acc@0.75: 0.0122 | mIoU: 0.1866 | medianIoU: 0.0919 | mae_x1: 99.1803 | mae_y1: 92.9377 | mae_x2: 100.4735 | mae_y2: 99.8991 | center_x_error: 84.4048 | center_y_error: 79.8759 | width_error: 2.5670 | height_error: 2.5089 | loss: 4.4260
2025-05-20 22:37:33,167 - transvg_coordinates_fixed_20250520_172719 - INFO - Saved model checkpoint to /home/pokle/Trans-VG/visual_grounding/checkpoints/transvg_coordinates_fixed_20250520_172719_epoch8.pth
2025-05-20 22:37:33,168 - transvg_coordinates_fixed_20250520_172719 - INFO - Epoch 9/200
2025-05-20 22:37:34,308 - transvg_coordinates_fixed_20250520_172719 - INFO - Epoch 9, Batch 0/3392, Loss: 5.0170
2025-05-20 22:37:34,309 - transvg_coordinates_fixed_20250520_172719 - INFO - Train metrics: l1_loss: 0.5532 | giou_loss: 1.1256 | total_loss: 5.0170
2025-05-20 22:38:03,854 - transvg_coordinates_fixed_20250520_172719 - INFO - Epoch 9, Batch 50/3392, Loss: 4.2404
2025-05-20 22:38:03,854 - transvg_coordinates_fixed_20250520_172719 - INFO - Train metrics: l1_loss: 0.5080 | giou_loss: 0.8502 | total_loss: 4.2404
2025-05-20 22:38:33,263 - transvg_coordinates_fixed_20250520_172719 - INFO - Epoch 9, Batch 100/3392, Loss: 3.2602
2025-05-20 22:38:33,263 - transvg_coordinates_fixed_20250520_172719 - INFO - Train metrics: l1_loss: 0.3433 | giou_loss: 0.7720 | total_loss: 3.2602
2025-05-20 22:39:02,616 - transvg_coordinates_fixed_20250520_172719 - INFO - Epoch 9, Batch 150/3392, Loss: 4.0685
2025-05-20 22:39:02,617 - transvg_coordinates_fixed_20250520_172719 - INFO - Train metrics: l1_loss: 0.4082 | giou_loss: 1.0136 | total_loss: 4.0685
2025-05-20 22:39:31,969 - transvg_coordinates_fixed_20250520_172719 - INFO - Epoch 9, Batch 200/3392, Loss: 5.3183
2025-05-20 22:39:31,969 - transvg_coordinates_fixed_20250520_172719 - INFO - Train metrics: l1_loss: 0.6246 | giou_loss: 1.0976 | total_loss: 5.3183
2025-05-20 22:40:01,359 - transvg_coordinates_fixed_20250520_172719 - INFO - Epoch 9, Batch 250/3392, Loss: 4.6376
2025-05-20 22:40:01,359 - transvg_coordinates_fixed_20250520_172719 - INFO - Train metrics: l1_loss: 0.5406 | giou_loss: 0.9672 | total_loss: 4.6376
2025-05-20 22:40:30,724 - transvg_coordinates_fixed_20250520_172719 - INFO - Epoch 9, Batch 300/3392, Loss: 5.4793
2025-05-20 22:40:30,724 - transvg_coordinates_fixed_20250520_172719 - INFO - Train metrics: l1_loss: 0.6569 | giou_loss: 1.0974 | total_loss: 5.4793
2025-05-20 22:41:00,087 - transvg_coordinates_fixed_20250520_172719 - INFO - Epoch 9, Batch 350/3392, Loss: 4.6358
2025-05-20 22:41:00,087 - transvg_coordinates_fixed_20250520_172719 - INFO - Train metrics: l1_loss: 0.4945 | giou_loss: 1.0817 | total_loss: 4.6358
2025-05-20 22:41:29,601 - transvg_coordinates_fixed_20250520_172719 - INFO - Epoch 9, Batch 400/3392, Loss: 3.5663
2025-05-20 22:41:29,601 - transvg_coordinates_fixed_20250520_172719 - INFO - Train metrics: l1_loss: 0.3627 | giou_loss: 0.8764 | total_loss: 3.5663
2025-05-20 22:41:58,962 - transvg_coordinates_fixed_20250520_172719 - INFO - Epoch 9, Batch 450/3392, Loss: 4.7364
2025-05-20 22:41:58,963 - transvg_coordinates_fixed_20250520_172719 - INFO - Train metrics: l1_loss: 0.5420 | giou_loss: 1.0131 | total_loss: 4.7364
2025-05-20 22:42:28,314 - transvg_coordinates_fixed_20250520_172719 - INFO - Epoch 9, Batch 500/3392, Loss: 4.2732
2025-05-20 22:42:28,314 - transvg_coordinates_fixed_20250520_172719 - INFO - Train metrics: l1_loss: 0.4740 | giou_loss: 0.9516 | total_loss: 4.2732
2025-05-20 22:42:57,685 - transvg_coordinates_fixed_20250520_172719 - INFO - Epoch 9, Batch 550/3392, Loss: 6.4840
2025-05-20 22:42:57,686 - transvg_coordinates_fixed_20250520_172719 - INFO - Train metrics: l1_loss: 0.8124 | giou_loss: 1.2111 | total_loss: 6.4840
2025-05-20 22:43:27,082 - transvg_coordinates_fixed_20250520_172719 - INFO - Epoch 9, Batch 600/3392, Loss: 4.0766
2025-05-20 22:43:27,083 - transvg_coordinates_fixed_20250520_172719 - INFO - Train metrics: l1_loss: 0.3921 | giou_loss: 1.0581 | total_loss: 4.0766
2025-05-20 22:43:56,440 - transvg_coordinates_fixed_20250520_172719 - INFO - Epoch 9, Batch 650/3392, Loss: 5.8437
2025-05-20 22:43:56,441 - transvg_coordinates_fixed_20250520_172719 - INFO - Train metrics: l1_loss: 0.6987 | giou_loss: 1.1751 | total_loss: 5.8437
2025-05-20 22:44:25,835 - transvg_coordinates_fixed_20250520_172719 - INFO - Epoch 9, Batch 700/3392, Loss: 4.1256
2025-05-20 22:44:25,835 - transvg_coordinates_fixed_20250520_172719 - INFO - Train metrics: l1_loss: 0.4510 | giou_loss: 0.9353 | total_loss: 4.1256
2025-05-20 22:44:55,214 - transvg_coordinates_fixed_20250520_172719 - INFO - Epoch 9, Batch 750/3392, Loss: 4.5849
2025-05-20 22:44:55,214 - transvg_coordinates_fixed_20250520_172719 - INFO - Train metrics: l1_loss: 0.5399 | giou_loss: 0.9427 | total_loss: 4.5849
2025-05-20 22:45:24,612 - transvg_coordinates_fixed_20250520_172719 - INFO - Epoch 9, Batch 800/3392, Loss: 3.6042
2025-05-20 22:45:24,612 - transvg_coordinates_fixed_20250520_172719 - INFO - Train metrics: l1_loss: 0.3788 | giou_loss: 0.8550 | total_loss: 3.6042
2025-05-20 22:45:54,004 - transvg_coordinates_fixed_20250520_172719 - INFO - Epoch 9, Batch 850/3392, Loss: 3.2947
2025-05-20 22:45:54,005 - transvg_coordinates_fixed_20250520_172719 - INFO - Train metrics: l1_loss: 0.3199 | giou_loss: 0.8476 | total_loss: 3.2947
2025-05-20 22:46:23,441 - transvg_coordinates_fixed_20250520_172719 - INFO - Epoch 9, Batch 900/3392, Loss: 4.5289
2025-05-20 22:46:23,442 - transvg_coordinates_fixed_20250520_172719 - INFO - Train metrics: l1_loss: 0.5372 | giou_loss: 0.9215 | total_loss: 4.5289
2025-05-20 22:46:52,823 - transvg_coordinates_fixed_20250520_172719 - INFO - Epoch 9, Batch 950/3392, Loss: 3.8585
2025-05-20 22:46:52,823 - transvg_coordinates_fixed_20250520_172719 - INFO - Train metrics: l1_loss: 0.4193 | giou_loss: 0.8810 | total_loss: 3.8585
2025-05-20 22:47:22,187 - transvg_coordinates_fixed_20250520_172719 - INFO - Epoch 9, Batch 1000/3392, Loss: 5.4045
2025-05-20 22:47:22,187 - transvg_coordinates_fixed_20250520_172719 - INFO - Train metrics: l1_loss: 0.6088 | giou_loss: 1.1802 | total_loss: 5.4045
2025-05-20 22:47:51,572 - transvg_coordinates_fixed_20250520_172719 - INFO - Epoch 9, Batch 1050/3392, Loss: 4.7001
2025-05-20 22:47:51,572 - transvg_coordinates_fixed_20250520_172719 - INFO - Train metrics: l1_loss: 0.5106 | giou_loss: 1.0735 | total_loss: 4.7001
2025-05-20 22:48:20,934 - transvg_coordinates_fixed_20250520_172719 - INFO - Epoch 9, Batch 1100/3392, Loss: 4.7900
2025-05-20 22:48:20,935 - transvg_coordinates_fixed_20250520_172719 - INFO - Train metrics: l1_loss: 0.5542 | giou_loss: 1.0096 | total_loss: 4.7900
2025-05-20 22:48:50,325 - transvg_coordinates_fixed_20250520_172719 - INFO - Epoch 9, Batch 1150/3392, Loss: 4.1937
2025-05-20 22:48:50,325 - transvg_coordinates_fixed_20250520_172719 - INFO - Train metrics: l1_loss: 0.4838 | giou_loss: 0.8873 | total_loss: 4.1937
2025-05-20 22:49:19,698 - transvg_coordinates_fixed_20250520_172719 - INFO - Epoch 9, Batch 1200/3392, Loss: 5.1503
2025-05-20 22:49:19,699 - transvg_coordinates_fixed_20250520_172719 - INFO - Train metrics: l1_loss: 0.5935 | giou_loss: 1.0915 | total_loss: 5.1503
2025-05-20 22:49:49,003 - transvg_coordinates_fixed_20250520_172719 - INFO - Epoch 9, Batch 1250/3392, Loss: 3.9365
2025-05-20 22:49:49,003 - transvg_coordinates_fixed_20250520_172719 - INFO - Train metrics: l1_loss: 0.4028 | giou_loss: 0.9612 | total_loss: 3.9365
2025-05-20 22:50:18,354 - transvg_coordinates_fixed_20250520_172719 - INFO - Epoch 9, Batch 1300/3392, Loss: 2.8867
2025-05-20 22:50:18,354 - transvg_coordinates_fixed_20250520_172719 - INFO - Train metrics: l1_loss: 0.3053 | giou_loss: 0.6802 | total_loss: 2.8867
2025-05-20 22:50:47,740 - transvg_coordinates_fixed_20250520_172719 - INFO - Epoch 9, Batch 1350/3392, Loss: 4.2750
2025-05-20 22:50:47,740 - transvg_coordinates_fixed_20250520_172719 - INFO - Train metrics: l1_loss: 0.4595 | giou_loss: 0.9888 | total_loss: 4.2750
2025-05-20 22:51:17,140 - transvg_coordinates_fixed_20250520_172719 - INFO - Epoch 9, Batch 1400/3392, Loss: 4.2265
2025-05-20 22:51:17,140 - transvg_coordinates_fixed_20250520_172719 - INFO - Train metrics: l1_loss: 0.4375 | giou_loss: 1.0195 | total_loss: 4.2265
2025-05-20 22:51:46,542 - transvg_coordinates_fixed_20250520_172719 - INFO - Epoch 9, Batch 1450/3392, Loss: 5.0471
2025-05-20 22:51:46,543 - transvg_coordinates_fixed_20250520_172719 - INFO - Train metrics: l1_loss: 0.5778 | giou_loss: 1.0791 | total_loss: 5.0471
2025-05-20 22:52:15,975 - transvg_coordinates_fixed_20250520_172719 - INFO - Epoch 9, Batch 1500/3392, Loss: 4.1185
2025-05-20 22:52:15,975 - transvg_coordinates_fixed_20250520_172719 - INFO - Train metrics: l1_loss: 0.4076 | giou_loss: 1.0402 | total_loss: 4.1185
2025-05-20 22:52:45,357 - transvg_coordinates_fixed_20250520_172719 - INFO - Epoch 9, Batch 1550/3392, Loss: 4.3023
2025-05-20 22:52:45,357 - transvg_coordinates_fixed_20250520_172719 - INFO - Train metrics: l1_loss: 0.4336 | giou_loss: 1.0672 | total_loss: 4.3023
2025-05-20 22:53:14,746 - transvg_coordinates_fixed_20250520_172719 - INFO - Epoch 9, Batch 1600/3392, Loss: 4.0684
2025-05-20 22:53:14,746 - transvg_coordinates_fixed_20250520_172719 - INFO - Train metrics: l1_loss: 0.4557 | giou_loss: 0.8950 | total_loss: 4.0684
2025-05-20 22:53:44,125 - transvg_coordinates_fixed_20250520_172719 - INFO - Epoch 9, Batch 1650/3392, Loss: 4.6636
2025-05-20 22:53:44,125 - transvg_coordinates_fixed_20250520_172719 - INFO - Train metrics: l1_loss: 0.4973 | giou_loss: 1.0886 | total_loss: 4.6636
2025-05-20 22:54:13,649 - transvg_coordinates_fixed_20250520_172719 - INFO - Epoch 9, Batch 1700/3392, Loss: 4.0163
2025-05-20 22:54:13,650 - transvg_coordinates_fixed_20250520_172719 - INFO - Train metrics: l1_loss: 0.4005 | giou_loss: 1.0068 | total_loss: 4.0163
2025-05-20 22:54:43,011 - transvg_coordinates_fixed_20250520_172719 - INFO - Epoch 9, Batch 1750/3392, Loss: 3.9872
2025-05-20 22:54:43,012 - transvg_coordinates_fixed_20250520_172719 - INFO - Train metrics: l1_loss: 0.4130 | giou_loss: 0.9611 | total_loss: 3.9872
2025-05-20 22:55:12,406 - transvg_coordinates_fixed_20250520_172719 - INFO - Epoch 9, Batch 1800/3392, Loss: 4.0093
2025-05-20 22:55:12,406 - transvg_coordinates_fixed_20250520_172719 - INFO - Train metrics: l1_loss: 0.4119 | giou_loss: 0.9748 | total_loss: 4.0093
2025-05-20 22:55:41,798 - transvg_coordinates_fixed_20250520_172719 - INFO - Epoch 9, Batch 1850/3392, Loss: 4.3761
2025-05-20 22:55:41,798 - transvg_coordinates_fixed_20250520_172719 - INFO - Train metrics: l1_loss: 0.4892 | giou_loss: 0.9651 | total_loss: 4.3761
2025-05-20 22:56:11,235 - transvg_coordinates_fixed_20250520_172719 - INFO - Epoch 9, Batch 1900/3392, Loss: 3.8994
2025-05-20 22:56:11,235 - transvg_coordinates_fixed_20250520_172719 - INFO - Train metrics: l1_loss: 0.4164 | giou_loss: 0.9087 | total_loss: 3.8994
2025-05-20 22:56:40,652 - transvg_coordinates_fixed_20250520_172719 - INFO - Epoch 9, Batch 1950/3392, Loss: 3.7022
2025-05-20 22:56:40,652 - transvg_coordinates_fixed_20250520_172719 - INFO - Train metrics: l1_loss: 0.3650 | giou_loss: 0.9386 | total_loss: 3.7022
2025-05-20 22:57:10,018 - transvg_coordinates_fixed_20250520_172719 - INFO - Epoch 9, Batch 2000/3392, Loss: 4.1414
2025-05-20 22:57:10,018 - transvg_coordinates_fixed_20250520_172719 - INFO - Train metrics: l1_loss: 0.4236 | giou_loss: 1.0117 | total_loss: 4.1414
2025-05-20 22:57:39,367 - transvg_coordinates_fixed_20250520_172719 - INFO - Epoch 9, Batch 2050/3392, Loss: 3.5431
2025-05-20 22:57:39,367 - transvg_coordinates_fixed_20250520_172719 - INFO - Train metrics: l1_loss: 0.3564 | giou_loss: 0.8805 | total_loss: 3.5431
2025-05-20 22:58:08,829 - transvg_coordinates_fixed_20250520_172719 - INFO - Epoch 9, Batch 2100/3392, Loss: 4.8439
2025-05-20 22:58:08,829 - transvg_coordinates_fixed_20250520_172719 - INFO - Train metrics: l1_loss: 0.5497 | giou_loss: 1.0476 | total_loss: 4.8439
2025-05-20 22:58:38,347 - transvg_coordinates_fixed_20250520_172719 - INFO - Epoch 9, Batch 2150/3392, Loss: 6.1525
2025-05-20 22:58:38,347 - transvg_coordinates_fixed_20250520_172719 - INFO - Train metrics: l1_loss: 0.7930 | giou_loss: 1.0936 | total_loss: 6.1525
2025-05-20 22:59:07,827 - transvg_coordinates_fixed_20250520_172719 - INFO - Epoch 9, Batch 2200/3392, Loss: 5.3034
2025-05-20 22:59:07,827 - transvg_coordinates_fixed_20250520_172719 - INFO - Train metrics: l1_loss: 0.6067 | giou_loss: 1.1349 | total_loss: 5.3034
2025-05-20 22:59:37,340 - transvg_coordinates_fixed_20250520_172719 - INFO - Epoch 9, Batch 2250/3392, Loss: 4.0420
2025-05-20 22:59:37,340 - transvg_coordinates_fixed_20250520_172719 - INFO - Train metrics: l1_loss: 0.4368 | giou_loss: 0.9291 | total_loss: 4.0420
2025-05-20 23:00:06,896 - transvg_coordinates_fixed_20250520_172719 - INFO - Epoch 9, Batch 2300/3392, Loss: 2.9876
2025-05-20 23:00:06,896 - transvg_coordinates_fixed_20250520_172719 - INFO - Train metrics: l1_loss: 0.2923 | giou_loss: 0.7630 | total_loss: 2.9876
2025-05-20 23:00:36,420 - transvg_coordinates_fixed_20250520_172719 - INFO - Epoch 9, Batch 2350/3392, Loss: 4.1792
2025-05-20 23:00:36,421 - transvg_coordinates_fixed_20250520_172719 - INFO - Train metrics: l1_loss: 0.4553 | giou_loss: 0.9514 | total_loss: 4.1792
2025-05-20 23:01:05,925 - transvg_coordinates_fixed_20250520_172719 - INFO - Epoch 9, Batch 2400/3392, Loss: 3.5124
2025-05-20 23:01:05,926 - transvg_coordinates_fixed_20250520_172719 - INFO - Train metrics: l1_loss: 0.4044 | giou_loss: 0.7451 | total_loss: 3.5124
2025-05-20 23:01:35,456 - transvg_coordinates_fixed_20250520_172719 - INFO - Epoch 9, Batch 2450/3392, Loss: 5.5937
2025-05-20 23:01:35,456 - transvg_coordinates_fixed_20250520_172719 - INFO - Train metrics: l1_loss: 0.6189 | giou_loss: 1.2497 | total_loss: 5.5937
2025-05-20 23:02:04,944 - transvg_coordinates_fixed_20250520_172719 - INFO - Epoch 9, Batch 2500/3392, Loss: 4.9430
2025-05-20 23:02:04,944 - transvg_coordinates_fixed_20250520_172719 - INFO - Train metrics: l1_loss: 0.5429 | giou_loss: 1.1142 | total_loss: 4.9430
2025-05-20 23:02:34,365 - transvg_coordinates_fixed_20250520_172719 - INFO - Epoch 9, Batch 2550/3392, Loss: 3.9708
2025-05-20 23:02:34,365 - transvg_coordinates_fixed_20250520_172719 - INFO - Train metrics: l1_loss: 0.4264 | giou_loss: 0.9195 | total_loss: 3.9708
2025-05-20 23:03:03,801 - transvg_coordinates_fixed_20250520_172719 - INFO - Epoch 9, Batch 2600/3392, Loss: 4.0731
2025-05-20 23:03:03,801 - transvg_coordinates_fixed_20250520_172719 - INFO - Train metrics: l1_loss: 0.4455 | giou_loss: 0.9228 | total_loss: 4.0731
2025-05-20 23:03:33,218 - transvg_coordinates_fixed_20250520_172719 - INFO - Epoch 9, Batch 2650/3392, Loss: 4.1342
2025-05-20 23:03:33,218 - transvg_coordinates_fixed_20250520_172719 - INFO - Train metrics: l1_loss: 0.4585 | giou_loss: 0.9210 | total_loss: 4.1342
2025-05-20 23:04:02,549 - transvg_coordinates_fixed_20250520_172719 - INFO - Epoch 9, Batch 2700/3392, Loss: 3.2190
2025-05-20 23:04:02,549 - transvg_coordinates_fixed_20250520_172719 - INFO - Train metrics: l1_loss: 0.3557 | giou_loss: 0.7202 | total_loss: 3.2190
2025-05-20 23:04:31,874 - transvg_coordinates_fixed_20250520_172719 - INFO - Epoch 9, Batch 2750/3392, Loss: 4.9653
2025-05-20 23:04:31,875 - transvg_coordinates_fixed_20250520_172719 - INFO - Train metrics: l1_loss: 0.5378 | giou_loss: 1.1380 | total_loss: 4.9653
2025-05-20 23:05:01,266 - transvg_coordinates_fixed_20250520_172719 - INFO - Epoch 9, Batch 2800/3392, Loss: 3.2108
2025-05-20 23:05:01,266 - transvg_coordinates_fixed_20250520_172719 - INFO - Train metrics: l1_loss: 0.3375 | giou_loss: 0.7617 | total_loss: 3.2108
2025-05-20 23:05:30,710 - transvg_coordinates_fixed_20250520_172719 - INFO - Epoch 9, Batch 2850/3392, Loss: 4.5222
2025-05-20 23:05:30,710 - transvg_coordinates_fixed_20250520_172719 - INFO - Train metrics: l1_loss: 0.5346 | giou_loss: 0.9246 | total_loss: 4.5222
2025-05-20 23:06:00,076 - transvg_coordinates_fixed_20250520_172719 - INFO - Epoch 9, Batch 2900/3392, Loss: 3.6609
2025-05-20 23:06:00,077 - transvg_coordinates_fixed_20250520_172719 - INFO - Train metrics: l1_loss: 0.4007 | giou_loss: 0.8286 | total_loss: 3.6609
2025-05-20 23:06:29,518 - transvg_coordinates_fixed_20250520_172719 - INFO - Epoch 9, Batch 2950/3392, Loss: 4.8354
2025-05-20 23:06:29,519 - transvg_coordinates_fixed_20250520_172719 - INFO - Train metrics: l1_loss: 0.5758 | giou_loss: 0.9781 | total_loss: 4.8354
2025-05-20 23:06:58,908 - transvg_coordinates_fixed_20250520_172719 - INFO - Epoch 9, Batch 3000/3392, Loss: 5.2006
2025-05-20 23:06:58,909 - transvg_coordinates_fixed_20250520_172719 - INFO - Train metrics: l1_loss: 0.5729 | giou_loss: 1.1680 | total_loss: 5.2006
2025-05-20 23:07:28,331 - transvg_coordinates_fixed_20250520_172719 - INFO - Epoch 9, Batch 3050/3392, Loss: 5.3287
2025-05-20 23:07:28,332 - transvg_coordinates_fixed_20250520_172719 - INFO - Train metrics: l1_loss: 0.6221 | giou_loss: 1.1091 | total_loss: 5.3287
2025-05-20 23:07:57,731 - transvg_coordinates_fixed_20250520_172719 - INFO - Epoch 9, Batch 3100/3392, Loss: 4.4119
2025-05-20 23:07:57,731 - transvg_coordinates_fixed_20250520_172719 - INFO - Train metrics: l1_loss: 0.4580 | giou_loss: 1.0609 | total_loss: 4.4119
2025-05-20 23:08:27,142 - transvg_coordinates_fixed_20250520_172719 - INFO - Epoch 9, Batch 3150/3392, Loss: 4.2415
2025-05-20 23:08:27,143 - transvg_coordinates_fixed_20250520_172719 - INFO - Train metrics: l1_loss: 0.4214 | giou_loss: 1.0671 | total_loss: 4.2415
2025-05-20 23:08:56,546 - transvg_coordinates_fixed_20250520_172719 - INFO - Epoch 9, Batch 3200/3392, Loss: 3.4347
2025-05-20 23:08:56,547 - transvg_coordinates_fixed_20250520_172719 - INFO - Train metrics: l1_loss: 0.3755 | giou_loss: 0.7786 | total_loss: 3.4347
2025-05-20 23:09:25,957 - transvg_coordinates_fixed_20250520_172719 - INFO - Epoch 9, Batch 3250/3392, Loss: 3.7093
2025-05-20 23:09:25,958 - transvg_coordinates_fixed_20250520_172719 - INFO - Train metrics: l1_loss: 0.4348 | giou_loss: 0.7677 | total_loss: 3.7093
2025-05-20 23:09:55,369 - transvg_coordinates_fixed_20250520_172719 - INFO - Epoch 9, Batch 3300/3392, Loss: 4.9845
2025-05-20 23:09:55,369 - transvg_coordinates_fixed_20250520_172719 - INFO - Train metrics: l1_loss: 0.5958 | giou_loss: 1.0027 | total_loss: 4.9845
2025-05-20 23:10:24,772 - transvg_coordinates_fixed_20250520_172719 - INFO - Epoch 9, Batch 3350/3392, Loss: 4.0860
2025-05-20 23:10:24,772 - transvg_coordinates_fixed_20250520_172719 - INFO - Train metrics: l1_loss: 0.4332 | giou_loss: 0.9601 | total_loss: 4.0860
2025-05-20 23:10:48,839 - transvg_coordinates_fixed_20250520_172719 - INFO - Train Epoch 9, Loss: 4.3826
2025-05-20 23:12:08,922 - transvg_coordinates_fixed_20250520_172719 - INFO - Pred box sample: [84.62179565429688, 67.28380584716797, 305.2763977050781, 206.1903533935547]
2025-05-20 23:12:08,922 - transvg_coordinates_fixed_20250520_172719 - INFO - Target box sample: [207.0, 198.0, 287.0, 283.0]
2025-05-20 23:12:09,005 - transvg_coordinates_fixed_20250520_172719 - INFO - Validation Epoch 9, Loss: 4.4831
2025-05-20 23:12:09,005 - transvg_coordinates_fixed_20250520_172719 - INFO - Val metrics: Acc@0.25: 0.3227 | Acc@0.5: 0.1147 | Acc@0.75: 0.0159 | mIoU: 0.1858 | medianIoU: 0.0882 | mae_x1: 99.3148 | mae_y1: 101.6957 | mae_x2: 104.9315 | mae_y2: 96.1246 | center_x_error: 84.5460 | center_y_error: 80.4449 | width_error: 2.7665 | height_error: 2.5655 | loss: 4.4831
2025-05-20 23:12:09,723 - transvg_coordinates_fixed_20250520_172719 - INFO - Saved model checkpoint to /home/pokle/Trans-VG/visual_grounding/checkpoints/transvg_coordinates_fixed_20250520_172719_epoch9.pth
2025-05-20 23:12:09,723 - transvg_coordinates_fixed_20250520_172719 - INFO - Epoch 10/200
2025-05-20 23:12:10,843 - transvg_coordinates_fixed_20250520_172719 - INFO - Epoch 10, Batch 0/3392, Loss: 4.0479
2025-05-20 23:12:10,843 - transvg_coordinates_fixed_20250520_172719 - INFO - Train metrics: l1_loss: 0.4572 | giou_loss: 0.8809 | total_loss: 4.0479
2025-05-20 23:12:40,568 - transvg_coordinates_fixed_20250520_172719 - INFO - Epoch 10, Batch 50/3392, Loss: 5.9800
2025-05-20 23:12:40,569 - transvg_coordinates_fixed_20250520_172719 - INFO - Train metrics: l1_loss: 0.7135 | giou_loss: 1.2062 | total_loss: 5.9800
2025-05-20 23:13:10,234 - transvg_coordinates_fixed_20250520_172719 - INFO - Epoch 10, Batch 100/3392, Loss: 3.6382
2025-05-20 23:13:10,235 - transvg_coordinates_fixed_20250520_172719 - INFO - Train metrics: l1_loss: 0.4056 | giou_loss: 0.8050 | total_loss: 3.6382
2025-05-20 23:13:39,772 - transvg_coordinates_fixed_20250520_172719 - INFO - Epoch 10, Batch 150/3392, Loss: 4.3250
2025-05-20 23:13:39,773 - transvg_coordinates_fixed_20250520_172719 - INFO - Train metrics: l1_loss: 0.4788 | giou_loss: 0.9655 | total_loss: 4.3250
2025-05-20 23:14:09,250 - transvg_coordinates_fixed_20250520_172719 - INFO - Epoch 10, Batch 200/3392, Loss: 4.0280
2025-05-20 23:14:09,251 - transvg_coordinates_fixed_20250520_172719 - INFO - Train metrics: l1_loss: 0.4571 | giou_loss: 0.8713 | total_loss: 4.0280
2025-05-20 23:14:38,698 - transvg_coordinates_fixed_20250520_172719 - INFO - Epoch 10, Batch 250/3392, Loss: 4.1050
2025-05-20 23:14:38,698 - transvg_coordinates_fixed_20250520_172719 - INFO - Train metrics: l1_loss: 0.4514 | giou_loss: 0.9239 | total_loss: 4.1050
2025-05-20 23:15:08,171 - transvg_coordinates_fixed_20250520_172719 - INFO - Epoch 10, Batch 300/3392, Loss: 5.1626
2025-05-20 23:15:08,172 - transvg_coordinates_fixed_20250520_172719 - INFO - Train metrics: l1_loss: 0.5870 | giou_loss: 1.1139 | total_loss: 5.1626
2025-05-20 23:15:37,627 - transvg_coordinates_fixed_20250520_172719 - INFO - Epoch 10, Batch 350/3392, Loss: 5.8896
2025-05-20 23:15:37,627 - transvg_coordinates_fixed_20250520_172719 - INFO - Train metrics: l1_loss: 0.7023 | giou_loss: 1.1890 | total_loss: 5.8896
2025-05-20 23:16:07,079 - transvg_coordinates_fixed_20250520_172719 - INFO - Epoch 10, Batch 400/3392, Loss: 4.0321
2025-05-20 23:16:07,080 - transvg_coordinates_fixed_20250520_172719 - INFO - Train metrics: l1_loss: 0.4518 | giou_loss: 0.8865 | total_loss: 4.0321
2025-05-20 23:16:36,541 - transvg_coordinates_fixed_20250520_172719 - INFO - Epoch 10, Batch 450/3392, Loss: 4.2099
2025-05-20 23:16:36,541 - transvg_coordinates_fixed_20250520_172719 - INFO - Train metrics: l1_loss: 0.4609 | giou_loss: 0.9526 | total_loss: 4.2099
2025-05-20 23:17:06,048 - transvg_coordinates_fixed_20250520_172719 - INFO - Epoch 10, Batch 500/3392, Loss: 2.8536
2025-05-20 23:17:06,049 - transvg_coordinates_fixed_20250520_172719 - INFO - Train metrics: l1_loss: 0.2731 | giou_loss: 0.7439 | total_loss: 2.8536
2025-05-20 23:17:35,578 - transvg_coordinates_fixed_20250520_172719 - INFO - Epoch 10, Batch 550/3392, Loss: 3.7686
2025-05-20 23:17:35,579 - transvg_coordinates_fixed_20250520_172719 - INFO - Train metrics: l1_loss: 0.3931 | giou_loss: 0.9016 | total_loss: 3.7686
2025-05-20 23:18:05,118 - transvg_coordinates_fixed_20250520_172719 - INFO - Epoch 10, Batch 600/3392, Loss: 4.6877
2025-05-20 23:18:05,119 - transvg_coordinates_fixed_20250520_172719 - INFO - Train metrics: l1_loss: 0.5349 | giou_loss: 1.0067 | total_loss: 4.6877
2025-05-20 23:18:34,667 - transvg_coordinates_fixed_20250520_172719 - INFO - Epoch 10, Batch 650/3392, Loss: 4.2368
2025-05-20 23:18:34,668 - transvg_coordinates_fixed_20250520_172719 - INFO - Train metrics: l1_loss: 0.4246 | giou_loss: 1.0568 | total_loss: 4.2368
2025-05-20 23:19:04,209 - transvg_coordinates_fixed_20250520_172719 - INFO - Epoch 10, Batch 700/3392, Loss: 3.6517
2025-05-20 23:19:04,210 - transvg_coordinates_fixed_20250520_172719 - INFO - Train metrics: l1_loss: 0.4251 | giou_loss: 0.7630 | total_loss: 3.6517
2025-05-20 23:19:33,660 - transvg_coordinates_fixed_20250520_172719 - INFO - Epoch 10, Batch 750/3392, Loss: 4.9191
2025-05-20 23:19:33,661 - transvg_coordinates_fixed_20250520_172719 - INFO - Train metrics: l1_loss: 0.5694 | giou_loss: 1.0360 | total_loss: 4.9191
2025-05-20 23:20:03,278 - transvg_coordinates_fixed_20250520_172719 - INFO - Epoch 10, Batch 800/3392, Loss: 4.8207
2025-05-20 23:20:03,278 - transvg_coordinates_fixed_20250520_172719 - INFO - Train metrics: l1_loss: 0.5353 | giou_loss: 1.0720 | total_loss: 4.8207
2025-05-20 23:20:32,748 - transvg_coordinates_fixed_20250520_172719 - INFO - Epoch 10, Batch 850/3392, Loss: 4.5279
2025-05-20 23:20:32,749 - transvg_coordinates_fixed_20250520_172719 - INFO - Train metrics: l1_loss: 0.4974 | giou_loss: 1.0205 | total_loss: 4.5279
2025-05-20 23:21:02,262 - transvg_coordinates_fixed_20250520_172719 - INFO - Epoch 10, Batch 900/3392, Loss: 4.2435
2025-05-20 23:21:02,262 - transvg_coordinates_fixed_20250520_172719 - INFO - Train metrics: l1_loss: 0.5225 | giou_loss: 0.8155 | total_loss: 4.2435
2025-05-20 23:21:31,745 - transvg_coordinates_fixed_20250520_172719 - INFO - Epoch 10, Batch 950/3392, Loss: 5.7583
2025-05-20 23:21:31,746 - transvg_coordinates_fixed_20250520_172719 - INFO - Train metrics: l1_loss: 0.6679 | giou_loss: 1.2095 | total_loss: 5.7583
2025-05-20 23:22:01,206 - transvg_coordinates_fixed_20250520_172719 - INFO - Epoch 10, Batch 1000/3392, Loss: 5.0752
2025-05-20 23:22:01,207 - transvg_coordinates_fixed_20250520_172719 - INFO - Train metrics: l1_loss: 0.5396 | giou_loss: 1.1886 | total_loss: 5.0752
2025-05-20 23:22:30,709 - transvg_coordinates_fixed_20250520_172719 - INFO - Epoch 10, Batch 1050/3392, Loss: 3.4397
2025-05-20 23:22:30,709 - transvg_coordinates_fixed_20250520_172719 - INFO - Train metrics: l1_loss: 0.3879 | giou_loss: 0.7500 | total_loss: 3.4397
2025-05-20 23:23:00,226 - transvg_coordinates_fixed_20250520_172719 - INFO - Epoch 10, Batch 1100/3392, Loss: 4.6778
2025-05-20 23:23:00,226 - transvg_coordinates_fixed_20250520_172719 - INFO - Train metrics: l1_loss: 0.5084 | giou_loss: 1.0679 | total_loss: 4.6778
2025-05-20 23:23:29,741 - transvg_coordinates_fixed_20250520_172719 - INFO - Epoch 10, Batch 1150/3392, Loss: 4.8097
2025-05-20 23:23:29,741 - transvg_coordinates_fixed_20250520_172719 - INFO - Train metrics: l1_loss: 0.5094 | giou_loss: 1.1314 | total_loss: 4.8097
2025-05-20 23:23:59,224 - transvg_coordinates_fixed_20250520_172719 - INFO - Epoch 10, Batch 1200/3392, Loss: 4.7454
2025-05-20 23:23:59,225 - transvg_coordinates_fixed_20250520_172719 - INFO - Train metrics: l1_loss: 0.5451 | giou_loss: 1.0100 | total_loss: 4.7454
2025-05-20 23:24:28,690 - transvg_coordinates_fixed_20250520_172719 - INFO - Epoch 10, Batch 1250/3392, Loss: 4.1111
2025-05-20 23:24:28,691 - transvg_coordinates_fixed_20250520_172719 - INFO - Train metrics: l1_loss: 0.4123 | giou_loss: 1.0248 | total_loss: 4.1111
2025-05-20 23:24:58,195 - transvg_coordinates_fixed_20250520_172719 - INFO - Epoch 10, Batch 1300/3392, Loss: 4.1545
2025-05-20 23:24:58,196 - transvg_coordinates_fixed_20250520_172719 - INFO - Train metrics: l1_loss: 0.4302 | giou_loss: 1.0017 | total_loss: 4.1545
2025-05-20 23:25:27,653 - transvg_coordinates_fixed_20250520_172719 - INFO - Epoch 10, Batch 1350/3392, Loss: 4.6190
2025-05-20 23:25:27,653 - transvg_coordinates_fixed_20250520_172719 - INFO - Train metrics: l1_loss: 0.5220 | giou_loss: 1.0044 | total_loss: 4.6190
2025-05-20 23:25:57,106 - transvg_coordinates_fixed_20250520_172719 - INFO - Epoch 10, Batch 1400/3392, Loss: 3.4762
2025-05-20 23:25:57,107 - transvg_coordinates_fixed_20250520_172719 - INFO - Train metrics: l1_loss: 0.3656 | giou_loss: 0.8242 | total_loss: 3.4762
2025-05-20 23:26:26,541 - transvg_coordinates_fixed_20250520_172719 - INFO - Epoch 10, Batch 1450/3392, Loss: 6.5352
2025-05-20 23:26:26,542 - transvg_coordinates_fixed_20250520_172719 - INFO - Train metrics: l1_loss: 0.7870 | giou_loss: 1.3002 | total_loss: 6.5352
2025-05-20 23:26:56,036 - transvg_coordinates_fixed_20250520_172719 - INFO - Epoch 10, Batch 1500/3392, Loss: 4.6170
2025-05-20 23:26:56,036 - transvg_coordinates_fixed_20250520_172719 - INFO - Train metrics: l1_loss: 0.5170 | giou_loss: 1.0160 | total_loss: 4.6170
2025-05-20 23:27:25,422 - transvg_coordinates_fixed_20250520_172719 - INFO - Epoch 10, Batch 1550/3392, Loss: 4.3341
2025-05-20 23:27:25,422 - transvg_coordinates_fixed_20250520_172719 - INFO - Train metrics: l1_loss: 0.4609 | giou_loss: 1.0148 | total_loss: 4.3341
2025-05-20 23:27:54,791 - transvg_coordinates_fixed_20250520_172719 - INFO - Epoch 10, Batch 1600/3392, Loss: 5.9849
2025-05-20 23:27:54,792 - transvg_coordinates_fixed_20250520_172719 - INFO - Train metrics: l1_loss: 0.7380 | giou_loss: 1.1475 | total_loss: 5.9849
2025-05-20 23:28:24,159 - transvg_coordinates_fixed_20250520_172719 - INFO - Epoch 10, Batch 1650/3392, Loss: 5.1371
2025-05-20 23:28:24,160 - transvg_coordinates_fixed_20250520_172719 - INFO - Train metrics: l1_loss: 0.5713 | giou_loss: 1.1404 | total_loss: 5.1371
2025-05-20 23:28:53,546 - transvg_coordinates_fixed_20250520_172719 - INFO - Epoch 10, Batch 1700/3392, Loss: 5.0497
2025-05-20 23:28:53,547 - transvg_coordinates_fixed_20250520_172719 - INFO - Train metrics: l1_loss: 0.5555 | giou_loss: 1.1360 | total_loss: 5.0497
2025-05-20 23:29:22,989 - transvg_coordinates_fixed_20250520_172719 - INFO - Epoch 10, Batch 1750/3392, Loss: 3.8111
2025-05-20 23:29:22,990 - transvg_coordinates_fixed_20250520_172719 - INFO - Train metrics: l1_loss: 0.4061 | giou_loss: 0.8902 | total_loss: 3.8111
2025-05-20 23:29:52,376 - transvg_coordinates_fixed_20250520_172719 - INFO - Epoch 10, Batch 1800/3392, Loss: 3.7509
2025-05-20 23:29:52,376 - transvg_coordinates_fixed_20250520_172719 - INFO - Train metrics: l1_loss: 0.4006 | giou_loss: 0.8739 | total_loss: 3.7509
2025-05-20 23:30:21,823 - transvg_coordinates_fixed_20250520_172719 - INFO - Epoch 10, Batch 1850/3392, Loss: 4.1946
2025-05-20 23:30:21,824 - transvg_coordinates_fixed_20250520_172719 - INFO - Train metrics: l1_loss: 0.4865 | giou_loss: 0.8810 | total_loss: 4.1946
2025-05-20 23:30:51,250 - transvg_coordinates_fixed_20250520_172719 - INFO - Epoch 10, Batch 1900/3392, Loss: 5.4600
2025-05-20 23:30:51,250 - transvg_coordinates_fixed_20250520_172719 - INFO - Train metrics: l1_loss: 0.6628 | giou_loss: 1.0730 | total_loss: 5.4600
2025-05-20 23:31:20,733 - transvg_coordinates_fixed_20250520_172719 - INFO - Epoch 10, Batch 1950/3392, Loss: 3.8571
2025-05-20 23:31:20,733 - transvg_coordinates_fixed_20250520_172719 - INFO - Train metrics: l1_loss: 0.4025 | giou_loss: 0.9224 | total_loss: 3.8571
2025-05-20 23:31:50,284 - transvg_coordinates_fixed_20250520_172719 - INFO - Epoch 10, Batch 2000/3392, Loss: 4.3644
2025-05-20 23:31:50,285 - transvg_coordinates_fixed_20250520_172719 - INFO - Train metrics: l1_loss: 0.4337 | giou_loss: 1.0980 | total_loss: 4.3644
2025-05-20 23:32:19,662 - transvg_coordinates_fixed_20250520_172719 - INFO - Epoch 10, Batch 2050/3392, Loss: 3.8729
2025-05-20 23:32:19,663 - transvg_coordinates_fixed_20250520_172719 - INFO - Train metrics: l1_loss: 0.3976 | giou_loss: 0.9423 | total_loss: 3.8729
2025-05-20 23:32:49,131 - transvg_coordinates_fixed_20250520_172719 - INFO - Epoch 10, Batch 2100/3392, Loss: 5.1609
2025-05-20 23:32:49,131 - transvg_coordinates_fixed_20250520_172719 - INFO - Train metrics: l1_loss: 0.5683 | giou_loss: 1.1597 | total_loss: 5.1609
2025-05-20 23:33:18,573 - transvg_coordinates_fixed_20250520_172719 - INFO - Epoch 10, Batch 2150/3392, Loss: 4.1443
2025-05-20 23:33:18,574 - transvg_coordinates_fixed_20250520_172719 - INFO - Train metrics: l1_loss: 0.4601 | giou_loss: 0.9219 | total_loss: 4.1443
2025-05-20 23:33:47,995 - transvg_coordinates_fixed_20250520_172719 - INFO - Epoch 10, Batch 2200/3392, Loss: 4.0670
2025-05-20 23:33:47,995 - transvg_coordinates_fixed_20250520_172719 - INFO - Train metrics: l1_loss: 0.4371 | giou_loss: 0.9407 | total_loss: 4.0670
2025-05-20 23:34:17,461 - transvg_coordinates_fixed_20250520_172719 - INFO - Epoch 10, Batch 2250/3392, Loss: 3.7710
2025-05-20 23:34:17,461 - transvg_coordinates_fixed_20250520_172719 - INFO - Train metrics: l1_loss: 0.4031 | giou_loss: 0.8778 | total_loss: 3.7710
2025-05-20 23:34:46,882 - transvg_coordinates_fixed_20250520_172719 - INFO - Epoch 10, Batch 2300/3392, Loss: 3.6682
2025-05-20 23:34:46,883 - transvg_coordinates_fixed_20250520_172719 - INFO - Train metrics: l1_loss: 0.3904 | giou_loss: 0.8581 | total_loss: 3.6682
2025-05-20 23:35:16,360 - transvg_coordinates_fixed_20250520_172719 - INFO - Epoch 10, Batch 2350/3392, Loss: 4.0203
2025-05-20 23:35:16,360 - transvg_coordinates_fixed_20250520_172719 - INFO - Train metrics: l1_loss: 0.4136 | giou_loss: 0.9762 | total_loss: 4.0203
2025-05-20 23:35:45,869 - transvg_coordinates_fixed_20250520_172719 - INFO - Epoch 10, Batch 2400/3392, Loss: 3.6183
2025-05-20 23:35:45,870 - transvg_coordinates_fixed_20250520_172719 - INFO - Train metrics: l1_loss: 0.3840 | giou_loss: 0.8491 | total_loss: 3.6183
2025-05-20 23:36:15,325 - transvg_coordinates_fixed_20250520_172719 - INFO - Epoch 10, Batch 2450/3392, Loss: 5.0623
2025-05-20 23:36:15,374 - transvg_coordinates_fixed_20250520_172719 - INFO - Train metrics: l1_loss: 0.5409 | giou_loss: 1.1790 | total_loss: 5.0623
2025-05-20 23:36:44,876 - transvg_coordinates_fixed_20250520_172719 - INFO - Epoch 10, Batch 2500/3392, Loss: 4.2210
2025-05-20 23:36:44,877 - transvg_coordinates_fixed_20250520_172719 - INFO - Train metrics: l1_loss: 0.4633 | giou_loss: 0.9523 | total_loss: 4.2210
2025-05-20 23:37:14,373 - transvg_coordinates_fixed_20250520_172719 - INFO - Epoch 10, Batch 2550/3392, Loss: 4.0691
2025-05-20 23:37:14,374 - transvg_coordinates_fixed_20250520_172719 - INFO - Train metrics: l1_loss: 0.3864 | giou_loss: 1.0685 | total_loss: 4.0691
2025-05-20 23:37:43,835 - transvg_coordinates_fixed_20250520_172719 - INFO - Epoch 10, Batch 2600/3392, Loss: 3.3536
2025-05-20 23:37:43,835 - transvg_coordinates_fixed_20250520_172719 - INFO - Train metrics: l1_loss: 0.3501 | giou_loss: 0.8014 | total_loss: 3.3536
2025-05-20 23:38:13,296 - transvg_coordinates_fixed_20250520_172719 - INFO - Epoch 10, Batch 2650/3392, Loss: 4.4350
2025-05-20 23:38:13,297 - transvg_coordinates_fixed_20250520_172719 - INFO - Train metrics: l1_loss: 0.4360 | giou_loss: 1.1275 | total_loss: 4.4350
2025-05-20 23:38:42,779 - transvg_coordinates_fixed_20250520_172719 - INFO - Epoch 10, Batch 2700/3392, Loss: 4.5959
2025-05-20 23:38:42,780 - transvg_coordinates_fixed_20250520_172719 - INFO - Train metrics: l1_loss: 0.4846 | giou_loss: 1.0864 | total_loss: 4.5959
2025-05-20 23:39:12,264 - transvg_coordinates_fixed_20250520_172719 - INFO - Epoch 10, Batch 2750/3392, Loss: 4.7054
2025-05-20 23:39:12,265 - transvg_coordinates_fixed_20250520_172719 - INFO - Train metrics: l1_loss: 0.5142 | giou_loss: 1.0672 | total_loss: 4.7054
2025-05-20 23:39:41,742 - transvg_coordinates_fixed_20250520_172719 - INFO - Epoch 10, Batch 2800/3392, Loss: 3.5371
2025-05-20 23:39:41,743 - transvg_coordinates_fixed_20250520_172719 - INFO - Train metrics: l1_loss: 0.3589 | giou_loss: 0.8714 | total_loss: 3.5371
2025-05-20 23:40:11,213 - transvg_coordinates_fixed_20250520_172719 - INFO - Epoch 10, Batch 2850/3392, Loss: 4.6044
2025-05-20 23:40:11,214 - transvg_coordinates_fixed_20250520_172719 - INFO - Train metrics: l1_loss: 0.5305 | giou_loss: 0.9760 | total_loss: 4.6044
2025-05-20 23:40:40,702 - transvg_coordinates_fixed_20250520_172719 - INFO - Epoch 10, Batch 2900/3392, Loss: 4.0269
2025-05-20 23:40:40,703 - transvg_coordinates_fixed_20250520_172719 - INFO - Train metrics: l1_loss: 0.4166 | giou_loss: 0.9719 | total_loss: 4.0269
2025-05-20 23:41:10,218 - transvg_coordinates_fixed_20250520_172719 - INFO - Epoch 10, Batch 2950/3392, Loss: 4.0685
2025-05-20 23:41:10,219 - transvg_coordinates_fixed_20250520_172719 - INFO - Train metrics: l1_loss: 0.4654 | giou_loss: 0.8706 | total_loss: 4.0685
2025-05-20 23:41:39,695 - transvg_coordinates_fixed_20250520_172719 - INFO - Epoch 10, Batch 3000/3392, Loss: 5.7597
2025-05-20 23:41:39,696 - transvg_coordinates_fixed_20250520_172719 - INFO - Train metrics: l1_loss: 0.6664 | giou_loss: 1.2138 | total_loss: 5.7597
2025-05-20 23:42:09,229 - transvg_coordinates_fixed_20250520_172719 - INFO - Epoch 10, Batch 3050/3392, Loss: 5.3789
2025-05-20 23:42:09,229 - transvg_coordinates_fixed_20250520_172719 - INFO - Train metrics: l1_loss: 0.6210 | giou_loss: 1.1369 | total_loss: 5.3789
2025-05-20 23:42:38,708 - transvg_coordinates_fixed_20250520_172719 - INFO - Epoch 10, Batch 3100/3392, Loss: 3.7619
2025-05-20 23:42:38,708 - transvg_coordinates_fixed_20250520_172719 - INFO - Train metrics: l1_loss: 0.3624 | giou_loss: 0.9751 | total_loss: 3.7619
2025-05-20 23:43:08,169 - transvg_coordinates_fixed_20250520_172719 - INFO - Epoch 10, Batch 3150/3392, Loss: 3.9042
2025-05-20 23:43:08,170 - transvg_coordinates_fixed_20250520_172719 - INFO - Train metrics: l1_loss: 0.3897 | giou_loss: 0.9778 | total_loss: 3.9042
2025-05-20 23:43:37,634 - transvg_coordinates_fixed_20250520_172719 - INFO - Epoch 10, Batch 3200/3392, Loss: 5.2112
2025-05-20 23:43:37,634 - transvg_coordinates_fixed_20250520_172719 - INFO - Train metrics: l1_loss: 0.5426 | giou_loss: 1.2491 | total_loss: 5.2112
2025-05-20 23:44:07,082 - transvg_coordinates_fixed_20250520_172719 - INFO - Epoch 10, Batch 3250/3392, Loss: 4.3938
2025-05-20 23:44:07,082 - transvg_coordinates_fixed_20250520_172719 - INFO - Train metrics: l1_loss: 0.5164 | giou_loss: 0.9059 | total_loss: 4.3938
2025-05-20 23:44:36,791 - transvg_coordinates_fixed_20250520_172719 - INFO - Epoch 10, Batch 3300/3392, Loss: 4.5114
2025-05-20 23:44:36,791 - transvg_coordinates_fixed_20250520_172719 - INFO - Train metrics: l1_loss: 0.4887 | giou_loss: 1.0340 | total_loss: 4.5114
2025-05-20 23:45:07,219 - transvg_coordinates_fixed_20250520_172719 - INFO - Epoch 10, Batch 3350/3392, Loss: 4.4498
2025-05-20 23:45:07,219 - transvg_coordinates_fixed_20250520_172719 - INFO - Train metrics: l1_loss: 0.5122 | giou_loss: 0.9444 | total_loss: 4.4498
2025-05-20 23:45:31,665 - transvg_coordinates_fixed_20250520_172719 - INFO - Train Epoch 10, Loss: 4.3759
2025-05-20 23:46:51,740 - transvg_coordinates_fixed_20250520_172719 - INFO - Pred box sample: [68.80540466308594, 77.45283508300781, 208.89125061035156, 209.5354766845703]
2025-05-20 23:46:51,740 - transvg_coordinates_fixed_20250520_172719 - INFO - Target box sample: [207.0, 198.0, 287.0, 283.0]
2025-05-20 23:46:51,844 - transvg_coordinates_fixed_20250520_172719 - INFO - Validation Epoch 10, Loss: 4.5195
2025-05-20 23:46:51,845 - transvg_coordinates_fixed_20250520_172719 - INFO - Val metrics: Acc@0.25: 0.3086 | Acc@0.5: 0.1073 | Acc@0.75: 0.0127 | mIoU: 0.1765 | medianIoU: 0.0751 | mae_x1: 103.4580 | mae_y1: 96.4011 | mae_x2: 100.8304 | mae_y2: 98.2061 | center_x_error: 88.0032 | center_y_error: 80.6543 | width_error: 2.3638 | height_error: 2.4962 | loss: 4.5195
2025-05-20 23:46:52,615 - transvg_coordinates_fixed_20250520_172719 - INFO - Saved model checkpoint to /home/pokle/Trans-VG/visual_grounding/checkpoints/transvg_coordinates_fixed_20250520_172719_epoch10.pth
2025-05-20 23:46:52,616 - transvg_coordinates_fixed_20250520_172719 - INFO - Epoch 11/200
2025-05-20 23:46:53,801 - transvg_coordinates_fixed_20250520_172719 - INFO - Epoch 11, Batch 0/3392, Loss: 3.3920
2025-05-20 23:46:53,802 - transvg_coordinates_fixed_20250520_172719 - INFO - Train metrics: l1_loss: 0.3334 | giou_loss: 0.8625 | total_loss: 3.3920
2025-05-20 23:47:23,383 - transvg_coordinates_fixed_20250520_172719 - INFO - Epoch 11, Batch 50/3392, Loss: 4.5263
2025-05-20 23:47:23,383 - transvg_coordinates_fixed_20250520_172719 - INFO - Train metrics: l1_loss: 0.5014 | giou_loss: 1.0097 | total_loss: 4.5263
2025-05-20 23:47:52,783 - transvg_coordinates_fixed_20250520_172719 - INFO - Epoch 11, Batch 100/3392, Loss: 4.5286
2025-05-20 23:47:52,783 - transvg_coordinates_fixed_20250520_172719 - INFO - Train metrics: l1_loss: 0.5107 | giou_loss: 0.9877 | total_loss: 4.5286
2025-05-20 23:48:22,158 - transvg_coordinates_fixed_20250520_172719 - INFO - Epoch 11, Batch 150/3392, Loss: 4.5148
2025-05-20 23:48:22,158 - transvg_coordinates_fixed_20250520_172719 - INFO - Train metrics: l1_loss: 0.4837 | giou_loss: 1.0483 | total_loss: 4.5148
2025-05-20 23:48:51,533 - transvg_coordinates_fixed_20250520_172719 - INFO - Epoch 11, Batch 200/3392, Loss: 4.8122
2025-05-20 23:48:51,533 - transvg_coordinates_fixed_20250520_172719 - INFO - Train metrics: l1_loss: 0.5627 | giou_loss: 0.9993 | total_loss: 4.8122
2025-05-20 23:49:20,927 - transvg_coordinates_fixed_20250520_172719 - INFO - Epoch 11, Batch 250/3392, Loss: 4.2106
2025-05-20 23:49:20,927 - transvg_coordinates_fixed_20250520_172719 - INFO - Train metrics: l1_loss: 0.4855 | giou_loss: 0.8916 | total_loss: 4.2106
2025-05-20 23:49:50,292 - transvg_coordinates_fixed_20250520_172719 - INFO - Epoch 11, Batch 300/3392, Loss: 4.0487
2025-05-20 23:49:50,292 - transvg_coordinates_fixed_20250520_172719 - INFO - Train metrics: l1_loss: 0.4020 | giou_loss: 1.0193 | total_loss: 4.0487
2025-05-20 23:50:19,667 - transvg_coordinates_fixed_20250520_172719 - INFO - Epoch 11, Batch 350/3392, Loss: 5.2948
2025-05-20 23:50:19,668 - transvg_coordinates_fixed_20250520_172719 - INFO - Train metrics: l1_loss: 0.6298 | giou_loss: 1.0730 | total_loss: 5.2948
2025-05-20 23:50:49,014 - transvg_coordinates_fixed_20250520_172719 - INFO - Epoch 11, Batch 400/3392, Loss: 4.7069
2025-05-20 23:50:49,015 - transvg_coordinates_fixed_20250520_172719 - INFO - Train metrics: l1_loss: 0.5086 | giou_loss: 1.0821 | total_loss: 4.7069
2025-05-20 23:51:18,405 - transvg_coordinates_fixed_20250520_172719 - INFO - Epoch 11, Batch 450/3392, Loss: 3.6380
2025-05-20 23:51:18,405 - transvg_coordinates_fixed_20250520_172719 - INFO - Train metrics: l1_loss: 0.3669 | giou_loss: 0.9017 | total_loss: 3.6380
2025-05-20 23:51:47,846 - transvg_coordinates_fixed_20250520_172719 - INFO - Epoch 11, Batch 500/3392, Loss: 4.6383
2025-05-20 23:51:47,846 - transvg_coordinates_fixed_20250520_172719 - INFO - Train metrics: l1_loss: 0.4878 | giou_loss: 1.0996 | total_loss: 4.6383
2025-05-20 23:52:17,243 - transvg_coordinates_fixed_20250520_172719 - INFO - Epoch 11, Batch 550/3392, Loss: 4.4093
2025-05-20 23:52:17,244 - transvg_coordinates_fixed_20250520_172719 - INFO - Train metrics: l1_loss: 0.5104 | giou_loss: 0.9287 | total_loss: 4.4093
2025-05-20 23:52:46,622 - transvg_coordinates_fixed_20250520_172719 - INFO - Epoch 11, Batch 600/3392, Loss: 5.7506
2025-05-20 23:52:46,622 - transvg_coordinates_fixed_20250520_172719 - INFO - Train metrics: l1_loss: 0.6838 | giou_loss: 1.1659 | total_loss: 5.7506
2025-05-20 23:53:15,989 - transvg_coordinates_fixed_20250520_172719 - INFO - Epoch 11, Batch 650/3392, Loss: 4.1076
2025-05-20 23:53:15,989 - transvg_coordinates_fixed_20250520_172719 - INFO - Train metrics: l1_loss: 0.4933 | giou_loss: 0.8205 | total_loss: 4.1076
2025-05-20 23:53:45,311 - transvg_coordinates_fixed_20250520_172719 - INFO - Epoch 11, Batch 700/3392, Loss: 4.4190
2025-05-20 23:53:45,311 - transvg_coordinates_fixed_20250520_172719 - INFO - Train metrics: l1_loss: 0.4969 | giou_loss: 0.9673 | total_loss: 4.4190
2025-05-20 23:54:14,663 - transvg_coordinates_fixed_20250520_172719 - INFO - Epoch 11, Batch 750/3392, Loss: 6.0392
2025-05-20 23:54:14,663 - transvg_coordinates_fixed_20250520_172719 - INFO - Train metrics: l1_loss: 0.7308 | giou_loss: 1.1926 | total_loss: 6.0392
2025-05-20 23:54:44,029 - transvg_coordinates_fixed_20250520_172719 - INFO - Epoch 11, Batch 800/3392, Loss: 3.8389
2025-05-20 23:54:44,030 - transvg_coordinates_fixed_20250520_172719 - INFO - Train metrics: l1_loss: 0.4276 | giou_loss: 0.8505 | total_loss: 3.8389
2025-05-20 23:55:13,449 - transvg_coordinates_fixed_20250520_172719 - INFO - Epoch 11, Batch 850/3392, Loss: 5.2613
2025-05-20 23:55:13,449 - transvg_coordinates_fixed_20250520_172719 - INFO - Train metrics: l1_loss: 0.5878 | giou_loss: 1.1611 | total_loss: 5.2613
2025-05-20 23:55:42,856 - transvg_coordinates_fixed_20250520_172719 - INFO - Epoch 11, Batch 900/3392, Loss: 4.5452
2025-05-20 23:55:42,857 - transvg_coordinates_fixed_20250520_172719 - INFO - Train metrics: l1_loss: 0.4588 | giou_loss: 1.1257 | total_loss: 4.5452
2025-05-20 23:56:12,243 - transvg_coordinates_fixed_20250520_172719 - INFO - Epoch 11, Batch 950/3392, Loss: 5.3714
2025-05-20 23:56:12,243 - transvg_coordinates_fixed_20250520_172719 - INFO - Train metrics: l1_loss: 0.6523 | giou_loss: 1.0549 | total_loss: 5.3714
2025-05-20 23:56:41,609 - transvg_coordinates_fixed_20250520_172719 - INFO - Epoch 11, Batch 1000/3392, Loss: 3.2649
2025-05-20 23:56:41,609 - transvg_coordinates_fixed_20250520_172719 - INFO - Train metrics: l1_loss: 0.3528 | giou_loss: 0.7503 | total_loss: 3.2649
2025-05-20 23:57:10,996 - transvg_coordinates_fixed_20250520_172719 - INFO - Epoch 11, Batch 1050/3392, Loss: 4.6068
2025-05-20 23:57:10,997 - transvg_coordinates_fixed_20250520_172719 - INFO - Train metrics: l1_loss: 0.4922 | giou_loss: 1.0730 | total_loss: 4.6068
2025-05-20 23:57:40,364 - transvg_coordinates_fixed_20250520_172719 - INFO - Epoch 11, Batch 1100/3392, Loss: 3.4056
2025-05-20 23:57:40,364 - transvg_coordinates_fixed_20250520_172719 - INFO - Train metrics: l1_loss: 0.3638 | giou_loss: 0.7932 | total_loss: 3.4056
2025-05-20 23:58:09,728 - transvg_coordinates_fixed_20250520_172719 - INFO - Epoch 11, Batch 1150/3392, Loss: 4.5312
2025-05-20 23:58:09,728 - transvg_coordinates_fixed_20250520_172719 - INFO - Train metrics: l1_loss: 0.4792 | giou_loss: 1.0676 | total_loss: 4.5312
2025-05-20 23:58:39,199 - transvg_coordinates_fixed_20250520_172719 - INFO - Epoch 11, Batch 1200/3392, Loss: 4.6002
2025-05-20 23:58:39,199 - transvg_coordinates_fixed_20250520_172719 - INFO - Train metrics: l1_loss: 0.4838 | giou_loss: 1.0905 | total_loss: 4.6002
2025-05-20 23:59:08,511 - transvg_coordinates_fixed_20250520_172719 - INFO - Epoch 11, Batch 1250/3392, Loss: 4.4148
2025-05-20 23:59:08,511 - transvg_coordinates_fixed_20250520_172719 - INFO - Train metrics: l1_loss: 0.4893 | giou_loss: 0.9843 | total_loss: 4.4148
2025-05-20 23:59:37,813 - transvg_coordinates_fixed_20250520_172719 - INFO - Epoch 11, Batch 1300/3392, Loss: 4.7060
2025-05-20 23:59:37,814 - transvg_coordinates_fixed_20250520_172719 - INFO - Train metrics: l1_loss: 0.5185 | giou_loss: 1.0568 | total_loss: 4.7060
2025-05-21 00:00:07,114 - transvg_coordinates_fixed_20250520_172719 - INFO - Epoch 11, Batch 1350/3392, Loss: 3.9002
2025-05-21 00:00:07,115 - transvg_coordinates_fixed_20250520_172719 - INFO - Train metrics: l1_loss: 0.3778 | giou_loss: 1.0055 | total_loss: 3.9002
2025-05-21 00:00:36,466 - transvg_coordinates_fixed_20250520_172719 - INFO - Epoch 11, Batch 1400/3392, Loss: 3.8090
2025-05-21 00:00:36,467 - transvg_coordinates_fixed_20250520_172719 - INFO - Train metrics: l1_loss: 0.4050 | giou_loss: 0.8920 | total_loss: 3.8090
2025-05-21 00:01:05,773 - transvg_coordinates_fixed_20250520_172719 - INFO - Epoch 11, Batch 1450/3392, Loss: 6.8733
2025-05-21 00:01:05,773 - transvg_coordinates_fixed_20250520_172719 - INFO - Train metrics: l1_loss: 0.8621 | giou_loss: 1.2813 | total_loss: 6.8733
2025-05-21 00:01:35,073 - transvg_coordinates_fixed_20250520_172719 - INFO - Epoch 11, Batch 1500/3392, Loss: 3.9058
2025-05-21 00:01:35,074 - transvg_coordinates_fixed_20250520_172719 - INFO - Train metrics: l1_loss: 0.4130 | giou_loss: 0.9205 | total_loss: 3.9058
2025-05-21 00:02:04,390 - transvg_coordinates_fixed_20250520_172719 - INFO - Epoch 11, Batch 1550/3392, Loss: 5.6997
2025-05-21 00:02:04,391 - transvg_coordinates_fixed_20250520_172719 - INFO - Train metrics: l1_loss: 0.6969 | giou_loss: 1.1075 | total_loss: 5.6997
2025-05-21 00:02:33,710 - transvg_coordinates_fixed_20250520_172719 - INFO - Epoch 11, Batch 1600/3392, Loss: 4.3299
2025-05-21 00:02:33,710 - transvg_coordinates_fixed_20250520_172719 - INFO - Train metrics: l1_loss: 0.5148 | giou_loss: 0.8779 | total_loss: 4.3299
2025-05-21 00:03:03,062 - transvg_coordinates_fixed_20250520_172719 - INFO - Epoch 11, Batch 1650/3392, Loss: 5.8411
2025-05-21 00:03:03,062 - transvg_coordinates_fixed_20250520_172719 - INFO - Train metrics: l1_loss: 0.7131 | giou_loss: 1.1377 | total_loss: 5.8411
2025-05-21 00:03:32,371 - transvg_coordinates_fixed_20250520_172719 - INFO - Epoch 11, Batch 1700/3392, Loss: 3.9988
2025-05-21 00:03:32,371 - transvg_coordinates_fixed_20250520_172719 - INFO - Train metrics: l1_loss: 0.3837 | giou_loss: 1.0401 | total_loss: 3.9988
2025-05-21 00:04:01,664 - transvg_coordinates_fixed_20250520_172719 - INFO - Epoch 11, Batch 1750/3392, Loss: 4.2383
2025-05-21 00:04:01,665 - transvg_coordinates_fixed_20250520_172719 - INFO - Train metrics: l1_loss: 0.4386 | giou_loss: 1.0226 | total_loss: 4.2383
2025-05-21 00:04:30,970 - transvg_coordinates_fixed_20250520_172719 - INFO - Epoch 11, Batch 1800/3392, Loss: 4.4426
2025-05-21 00:04:30,971 - transvg_coordinates_fixed_20250520_172719 - INFO - Train metrics: l1_loss: 0.4678 | giou_loss: 1.0519 | total_loss: 4.4426
2025-05-21 00:05:00,242 - transvg_coordinates_fixed_20250520_172719 - INFO - Epoch 11, Batch 1850/3392, Loss: 4.4554
2025-05-21 00:05:00,243 - transvg_coordinates_fixed_20250520_172719 - INFO - Train metrics: l1_loss: 0.5391 | giou_loss: 0.8798 | total_loss: 4.4554
2025-05-21 00:05:29,497 - transvg_coordinates_fixed_20250520_172719 - INFO - Epoch 11, Batch 1900/3392, Loss: 3.8631
2025-05-21 00:05:29,497 - transvg_coordinates_fixed_20250520_172719 - INFO - Train metrics: l1_loss: 0.3955 | giou_loss: 0.9427 | total_loss: 3.8631
2025-05-21 00:05:58,781 - transvg_coordinates_fixed_20250520_172719 - INFO - Epoch 11, Batch 1950/3392, Loss: 3.3328
2025-05-21 00:05:58,781 - transvg_coordinates_fixed_20250520_172719 - INFO - Train metrics: l1_loss: 0.3587 | giou_loss: 0.7696 | total_loss: 3.3328
2025-05-21 00:06:28,092 - transvg_coordinates_fixed_20250520_172719 - INFO - Epoch 11, Batch 2000/3392, Loss: 5.3405
2025-05-21 00:06:28,093 - transvg_coordinates_fixed_20250520_172719 - INFO - Train metrics: l1_loss: 0.6052 | giou_loss: 1.1573 | total_loss: 5.3405
2025-05-21 00:06:57,415 - transvg_coordinates_fixed_20250520_172719 - INFO - Epoch 11, Batch 2050/3392, Loss: 3.9857
2025-05-21 00:06:57,415 - transvg_coordinates_fixed_20250520_172719 - INFO - Train metrics: l1_loss: 0.4330 | giou_loss: 0.9104 | total_loss: 3.9857
2025-05-21 00:07:26,765 - transvg_coordinates_fixed_20250520_172719 - INFO - Epoch 11, Batch 2100/3392, Loss: 5.3417
2025-05-21 00:07:26,765 - transvg_coordinates_fixed_20250520_172719 - INFO - Train metrics: l1_loss: 0.5949 | giou_loss: 1.1835 | total_loss: 5.3417
2025-05-21 00:07:56,098 - transvg_coordinates_fixed_20250520_172719 - INFO - Epoch 11, Batch 2150/3392, Loss: 4.5124
2025-05-21 00:07:56,099 - transvg_coordinates_fixed_20250520_172719 - INFO - Train metrics: l1_loss: 0.5121 | giou_loss: 0.9759 | total_loss: 4.5124
2025-05-21 00:08:25,419 - transvg_coordinates_fixed_20250520_172719 - INFO - Epoch 11, Batch 2200/3392, Loss: 6.0529
2025-05-21 00:08:25,419 - transvg_coordinates_fixed_20250520_172719 - INFO - Train metrics: l1_loss: 0.7136 | giou_loss: 1.2423 | total_loss: 6.0529
2025-05-21 00:08:54,690 - transvg_coordinates_fixed_20250520_172719 - INFO - Epoch 11, Batch 2250/3392, Loss: 4.1171
2025-05-21 00:08:54,690 - transvg_coordinates_fixed_20250520_172719 - INFO - Train metrics: l1_loss: 0.4407 | giou_loss: 0.9569 | total_loss: 4.1171
2025-05-21 00:09:23,982 - transvg_coordinates_fixed_20250520_172719 - INFO - Epoch 11, Batch 2300/3392, Loss: 4.2246
2025-05-21 00:09:23,982 - transvg_coordinates_fixed_20250520_172719 - INFO - Train metrics: l1_loss: 0.4571 | giou_loss: 0.9696 | total_loss: 4.2246
2025-05-21 00:09:53,226 - transvg_coordinates_fixed_20250520_172719 - INFO - Epoch 11, Batch 2350/3392, Loss: 4.1123
2025-05-21 00:09:53,226 - transvg_coordinates_fixed_20250520_172719 - INFO - Train metrics: l1_loss: 0.4580 | giou_loss: 0.9112 | total_loss: 4.1123
2025-05-21 00:10:22,461 - transvg_coordinates_fixed_20250520_172719 - INFO - Epoch 11, Batch 2400/3392, Loss: 4.2401
2025-05-21 00:10:22,461 - transvg_coordinates_fixed_20250520_172719 - INFO - Train metrics: l1_loss: 0.4844 | giou_loss: 0.9091 | total_loss: 4.2401
2025-05-21 00:10:51,718 - transvg_coordinates_fixed_20250520_172719 - INFO - Epoch 11, Batch 2450/3392, Loss: 2.9892
2025-05-21 00:10:51,718 - transvg_coordinates_fixed_20250520_172719 - INFO - Train metrics: l1_loss: 0.3139 | giou_loss: 0.7099 | total_loss: 2.9892
2025-05-21 00:11:21,094 - transvg_coordinates_fixed_20250520_172719 - INFO - Epoch 11, Batch 2500/3392, Loss: 4.8331
2025-05-21 00:11:21,094 - transvg_coordinates_fixed_20250520_172719 - INFO - Train metrics: l1_loss: 0.5299 | giou_loss: 1.0917 | total_loss: 4.8331
2025-05-21 00:11:50,402 - transvg_coordinates_fixed_20250520_172719 - INFO - Epoch 11, Batch 2550/3392, Loss: 4.8099
2025-05-21 00:11:50,403 - transvg_coordinates_fixed_20250520_172719 - INFO - Train metrics: l1_loss: 0.5389 | giou_loss: 1.0576 | total_loss: 4.8099
2025-05-21 00:12:19,739 - transvg_coordinates_fixed_20250520_172719 - INFO - Epoch 11, Batch 2600/3392, Loss: 3.6355
2025-05-21 00:12:19,739 - transvg_coordinates_fixed_20250520_172719 - INFO - Train metrics: l1_loss: 0.3492 | giou_loss: 0.9449 | total_loss: 3.6355
2025-05-21 00:12:49,107 - transvg_coordinates_fixed_20250520_172719 - INFO - Epoch 11, Batch 2650/3392, Loss: 4.1148
2025-05-21 00:12:49,108 - transvg_coordinates_fixed_20250520_172719 - INFO - Train metrics: l1_loss: 0.4227 | giou_loss: 1.0005 | total_loss: 4.1148
2025-05-21 00:13:18,396 - transvg_coordinates_fixed_20250520_172719 - INFO - Epoch 11, Batch 2700/3392, Loss: 4.1993
2025-05-21 00:13:18,397 - transvg_coordinates_fixed_20250520_172719 - INFO - Train metrics: l1_loss: 0.4616 | giou_loss: 0.9457 | total_loss: 4.1993
2025-05-21 00:13:47,680 - transvg_coordinates_fixed_20250520_172719 - INFO - Epoch 11, Batch 2750/3392, Loss: 4.6017
2025-05-21 00:13:47,681 - transvg_coordinates_fixed_20250520_172719 - INFO - Train metrics: l1_loss: 0.5319 | giou_loss: 0.9712 | total_loss: 4.6017
2025-05-21 00:14:16,961 - transvg_coordinates_fixed_20250520_172719 - INFO - Epoch 11, Batch 2800/3392, Loss: 4.5189
2025-05-21 00:14:16,961 - transvg_coordinates_fixed_20250520_172719 - INFO - Train metrics: l1_loss: 0.5070 | giou_loss: 0.9921 | total_loss: 4.5189
2025-05-21 00:14:46,256 - transvg_coordinates_fixed_20250520_172719 - INFO - Epoch 11, Batch 2850/3392, Loss: 4.6982
2025-05-21 00:14:46,257 - transvg_coordinates_fixed_20250520_172719 - INFO - Train metrics: l1_loss: 0.5698 | giou_loss: 0.9246 | total_loss: 4.6982
2025-05-21 00:15:15,557 - transvg_coordinates_fixed_20250520_172719 - INFO - Epoch 11, Batch 2900/3392, Loss: 4.4878
2025-05-21 00:15:15,558 - transvg_coordinates_fixed_20250520_172719 - INFO - Train metrics: l1_loss: 0.5060 | giou_loss: 0.9790 | total_loss: 4.4878
2025-05-21 00:15:44,828 - transvg_coordinates_fixed_20250520_172719 - INFO - Epoch 11, Batch 2950/3392, Loss: 4.0492
2025-05-21 00:15:44,829 - transvg_coordinates_fixed_20250520_172719 - INFO - Train metrics: l1_loss: 0.4062 | giou_loss: 1.0091 | total_loss: 4.0492
2025-05-21 00:16:14,129 - transvg_coordinates_fixed_20250520_172719 - INFO - Epoch 11, Batch 3000/3392, Loss: 4.4026
2025-05-21 00:16:14,129 - transvg_coordinates_fixed_20250520_172719 - INFO - Train metrics: l1_loss: 0.4947 | giou_loss: 0.9646 | total_loss: 4.4026
2025-05-21 00:16:43,436 - transvg_coordinates_fixed_20250520_172719 - INFO - Epoch 11, Batch 3050/3392, Loss: 4.6369
2025-05-21 00:16:43,436 - transvg_coordinates_fixed_20250520_172719 - INFO - Train metrics: l1_loss: 0.5119 | giou_loss: 1.0387 | total_loss: 4.6369
2025-05-21 00:17:12,725 - transvg_coordinates_fixed_20250520_172719 - INFO - Epoch 11, Batch 3100/3392, Loss: 4.0834
2025-05-21 00:17:12,725 - transvg_coordinates_fixed_20250520_172719 - INFO - Train metrics: l1_loss: 0.4210 | giou_loss: 0.9892 | total_loss: 4.0834
2025-05-21 00:17:42,026 - transvg_coordinates_fixed_20250520_172719 - INFO - Epoch 11, Batch 3150/3392, Loss: 3.6951
2025-05-21 00:17:42,027 - transvg_coordinates_fixed_20250520_172719 - INFO - Train metrics: l1_loss: 0.3900 | giou_loss: 0.8725 | total_loss: 3.6951
2025-05-21 00:18:11,341 - transvg_coordinates_fixed_20250520_172719 - INFO - Epoch 11, Batch 3200/3392, Loss: 4.6490
2025-05-21 00:18:11,342 - transvg_coordinates_fixed_20250520_172719 - INFO - Train metrics: l1_loss: 0.4894 | giou_loss: 1.1011 | total_loss: 4.6490
2025-05-21 00:18:40,624 - transvg_coordinates_fixed_20250520_172719 - INFO - Epoch 11, Batch 3250/3392, Loss: 3.9208
2025-05-21 00:18:40,624 - transvg_coordinates_fixed_20250520_172719 - INFO - Train metrics: l1_loss: 0.3986 | giou_loss: 0.9639 | total_loss: 3.9208
2025-05-21 00:19:09,952 - transvg_coordinates_fixed_20250520_172719 - INFO - Epoch 11, Batch 3300/3392, Loss: 4.5946
2025-05-21 00:19:09,953 - transvg_coordinates_fixed_20250520_172719 - INFO - Train metrics: l1_loss: 0.5110 | giou_loss: 1.0197 | total_loss: 4.5946
2025-05-21 00:19:39,243 - transvg_coordinates_fixed_20250520_172719 - INFO - Epoch 11, Batch 3350/3392, Loss: 4.6569
2025-05-21 00:19:39,244 - transvg_coordinates_fixed_20250520_172719 - INFO - Train metrics: l1_loss: 0.5344 | giou_loss: 0.9924 | total_loss: 4.6569
2025-05-21 00:20:03,329 - transvg_coordinates_fixed_20250520_172719 - INFO - Train Epoch 11, Loss: 4.3591
2025-05-21 00:21:23,310 - transvg_coordinates_fixed_20250520_172719 - INFO - Pred box sample: [43.41075897216797, 60.37163543701172, 260.41290283203125, 236.27027893066406]
2025-05-21 00:21:23,310 - transvg_coordinates_fixed_20250520_172719 - INFO - Target box sample: [207.0, 198.0, 287.0, 283.0]
2025-05-21 00:21:23,387 - transvg_coordinates_fixed_20250520_172719 - INFO - Validation Epoch 11, Loss: 4.4852
2025-05-21 00:21:23,388 - transvg_coordinates_fixed_20250520_172719 - INFO - Val metrics: Acc@0.25: 0.3145 | Acc@0.5: 0.1142 | Acc@0.75: 0.0114 | mIoU: 0.1834 | medianIoU: 0.0930 | mae_x1: 101.4832 | mae_y1: 97.9412 | mae_x2: 105.4834 | mae_y2: 97.0174 | center_x_error: 86.5939 | center_y_error: 81.0931 | width_error: 2.7820 | height_error: 2.4960 | loss: 4.4852
2025-05-21 00:21:24,120 - transvg_coordinates_fixed_20250520_172719 - INFO - Saved model checkpoint to /home/pokle/Trans-VG/visual_grounding/checkpoints/transvg_coordinates_fixed_20250520_172719_epoch11.pth
2025-05-21 00:21:24,121 - transvg_coordinates_fixed_20250520_172719 - INFO - Epoch 12/200
2025-05-21 00:21:25,240 - transvg_coordinates_fixed_20250520_172719 - INFO - Epoch 12, Batch 0/3392, Loss: 4.8819
2025-05-21 00:21:25,240 - transvg_coordinates_fixed_20250520_172719 - INFO - Train metrics: l1_loss: 0.6033 | giou_loss: 0.9327 | total_loss: 4.8819
2025-05-21 00:21:55,092 - transvg_coordinates_fixed_20250520_172719 - INFO - Epoch 12, Batch 50/3392, Loss: 5.1912
2025-05-21 00:21:55,092 - transvg_coordinates_fixed_20250520_172719 - INFO - Train metrics: l1_loss: 0.6380 | giou_loss: 1.0007 | total_loss: 5.1912
2025-05-21 00:22:24,870 - transvg_coordinates_fixed_20250520_172719 - INFO - Epoch 12, Batch 100/3392, Loss: 3.9624
2025-05-21 00:22:24,870 - transvg_coordinates_fixed_20250520_172719 - INFO - Train metrics: l1_loss: 0.4096 | giou_loss: 0.9572 | total_loss: 3.9624
2025-05-21 00:22:54,538 - transvg_coordinates_fixed_20250520_172719 - INFO - Epoch 12, Batch 150/3392, Loss: 4.9480
2025-05-21 00:22:54,539 - transvg_coordinates_fixed_20250520_172719 - INFO - Train metrics: l1_loss: 0.5409 | giou_loss: 1.1218 | total_loss: 4.9480
2025-05-21 00:23:24,187 - transvg_coordinates_fixed_20250520_172719 - INFO - Epoch 12, Batch 200/3392, Loss: 4.0490
2025-05-21 00:23:24,188 - transvg_coordinates_fixed_20250520_172719 - INFO - Train metrics: l1_loss: 0.4711 | giou_loss: 0.8468 | total_loss: 4.0490
2025-05-21 00:23:53,746 - transvg_coordinates_fixed_20250520_172719 - INFO - Epoch 12, Batch 250/3392, Loss: 4.6899
2025-05-21 00:23:53,746 - transvg_coordinates_fixed_20250520_172719 - INFO - Train metrics: l1_loss: 0.5854 | giou_loss: 0.8814 | total_loss: 4.6899
2025-05-21 00:24:23,442 - transvg_coordinates_fixed_20250520_172719 - INFO - Epoch 12, Batch 300/3392, Loss: 4.4816
2025-05-21 00:24:23,443 - transvg_coordinates_fixed_20250520_172719 - INFO - Train metrics: l1_loss: 0.5241 | giou_loss: 0.9306 | total_loss: 4.4816
2025-05-21 00:24:53,005 - transvg_coordinates_fixed_20250520_172719 - INFO - Epoch 12, Batch 350/3392, Loss: 4.6911
2025-05-21 00:24:53,006 - transvg_coordinates_fixed_20250520_172719 - INFO - Train metrics: l1_loss: 0.5069 | giou_loss: 1.0783 | total_loss: 4.6911
2025-05-21 00:25:22,510 - transvg_coordinates_fixed_20250520_172719 - INFO - Epoch 12, Batch 400/3392, Loss: 3.7435
2025-05-21 00:25:22,510 - transvg_coordinates_fixed_20250520_172719 - INFO - Train metrics: l1_loss: 0.4092 | giou_loss: 0.8488 | total_loss: 3.7435
2025-05-21 00:25:52,042 - transvg_coordinates_fixed_20250520_172719 - INFO - Epoch 12, Batch 450/3392, Loss: 5.3590
2025-05-21 00:25:52,042 - transvg_coordinates_fixed_20250520_172719 - INFO - Train metrics: l1_loss: 0.6360 | giou_loss: 1.0896 | total_loss: 5.3590
2025-05-21 00:26:21,641 - transvg_coordinates_fixed_20250520_172719 - INFO - Epoch 12, Batch 500/3392, Loss: 4.4470
2025-05-21 00:26:21,642 - transvg_coordinates_fixed_20250520_172719 - INFO - Train metrics: l1_loss: 0.4904 | giou_loss: 0.9976 | total_loss: 4.4470
2025-05-21 00:26:51,164 - transvg_coordinates_fixed_20250520_172719 - INFO - Epoch 12, Batch 550/3392, Loss: 3.5662
2025-05-21 00:26:51,164 - transvg_coordinates_fixed_20250520_172719 - INFO - Train metrics: l1_loss: 0.3702 | giou_loss: 0.8577 | total_loss: 3.5662
2025-05-21 00:27:20,719 - transvg_coordinates_fixed_20250520_172719 - INFO - Epoch 12, Batch 600/3392, Loss: 4.5349
2025-05-21 00:27:20,719 - transvg_coordinates_fixed_20250520_172719 - INFO - Train metrics: l1_loss: 0.5734 | giou_loss: 0.8339 | total_loss: 4.5349
2025-05-21 00:27:50,239 - transvg_coordinates_fixed_20250520_172719 - INFO - Epoch 12, Batch 650/3392, Loss: 3.1727
2025-05-21 00:27:50,239 - transvg_coordinates_fixed_20250520_172719 - INFO - Train metrics: l1_loss: 0.2994 | giou_loss: 0.8378 | total_loss: 3.1727
2025-05-21 00:28:19,776 - transvg_coordinates_fixed_20250520_172719 - INFO - Epoch 12, Batch 700/3392, Loss: 3.6535
2025-05-21 00:28:19,776 - transvg_coordinates_fixed_20250520_172719 - INFO - Train metrics: l1_loss: 0.4122 | giou_loss: 0.7961 | total_loss: 3.6535
2025-05-21 00:28:49,326 - transvg_coordinates_fixed_20250520_172719 - INFO - Epoch 12, Batch 750/3392, Loss: 3.4487
2025-05-21 00:28:49,326 - transvg_coordinates_fixed_20250520_172719 - INFO - Train metrics: l1_loss: 0.3577 | giou_loss: 0.8300 | total_loss: 3.4487
2025-05-21 00:29:18,846 - transvg_coordinates_fixed_20250520_172719 - INFO - Epoch 12, Batch 800/3392, Loss: 3.0696
2025-05-21 00:29:18,846 - transvg_coordinates_fixed_20250520_172719 - INFO - Train metrics: l1_loss: 0.3206 | giou_loss: 0.7333 | total_loss: 3.0696
2025-05-21 00:29:48,392 - transvg_coordinates_fixed_20250520_172719 - INFO - Epoch 12, Batch 850/3392, Loss: 4.3766
2025-05-21 00:29:48,392 - transvg_coordinates_fixed_20250520_172719 - INFO - Train metrics: l1_loss: 0.4759 | giou_loss: 0.9985 | total_loss: 4.3766
2025-05-21 00:30:17,944 - transvg_coordinates_fixed_20250520_172719 - INFO - Epoch 12, Batch 900/3392, Loss: 3.4421
2025-05-21 00:30:17,944 - transvg_coordinates_fixed_20250520_172719 - INFO - Train metrics: l1_loss: 0.3700 | giou_loss: 0.7960 | total_loss: 3.4421
2025-05-21 00:30:47,449 - transvg_coordinates_fixed_20250520_172719 - INFO - Epoch 12, Batch 950/3392, Loss: 3.8597
2025-05-21 00:30:47,450 - transvg_coordinates_fixed_20250520_172719 - INFO - Train metrics: l1_loss: 0.4252 | giou_loss: 0.8669 | total_loss: 3.8597
2025-05-21 00:31:16,920 - transvg_coordinates_fixed_20250520_172719 - INFO - Epoch 12, Batch 1000/3392, Loss: 4.3391
2025-05-21 00:31:16,920 - transvg_coordinates_fixed_20250520_172719 - INFO - Train metrics: l1_loss: 0.4968 | giou_loss: 0.9275 | total_loss: 4.3391
2025-05-21 00:31:46,404 - transvg_coordinates_fixed_20250520_172719 - INFO - Epoch 12, Batch 1050/3392, Loss: 4.0337
2025-05-21 00:31:46,405 - transvg_coordinates_fixed_20250520_172719 - INFO - Train metrics: l1_loss: 0.4451 | giou_loss: 0.9041 | total_loss: 4.0337
2025-05-21 00:32:15,849 - transvg_coordinates_fixed_20250520_172719 - INFO - Epoch 12, Batch 1100/3392, Loss: 3.8764
2025-05-21 00:32:15,849 - transvg_coordinates_fixed_20250520_172719 - INFO - Train metrics: l1_loss: 0.4362 | giou_loss: 0.8478 | total_loss: 3.8764
2025-05-21 00:32:45,367 - transvg_coordinates_fixed_20250520_172719 - INFO - Epoch 12, Batch 1150/3392, Loss: 4.8081
2025-05-21 00:32:45,368 - transvg_coordinates_fixed_20250520_172719 - INFO - Train metrics: l1_loss: 0.5483 | giou_loss: 1.0334 | total_loss: 4.8081
2025-05-21 00:33:14,837 - transvg_coordinates_fixed_20250520_172719 - INFO - Epoch 12, Batch 1200/3392, Loss: 3.8138
2025-05-21 00:33:14,838 - transvg_coordinates_fixed_20250520_172719 - INFO - Train metrics: l1_loss: 0.4353 | giou_loss: 0.8187 | total_loss: 3.8138
2025-05-21 00:33:44,349 - transvg_coordinates_fixed_20250520_172719 - INFO - Epoch 12, Batch 1250/3392, Loss: 4.2841
2025-05-21 00:33:44,350 - transvg_coordinates_fixed_20250520_172719 - INFO - Train metrics: l1_loss: 0.4606 | giou_loss: 0.9906 | total_loss: 4.2841
2025-05-21 00:34:13,887 - transvg_coordinates_fixed_20250520_172719 - INFO - Epoch 12, Batch 1300/3392, Loss: 4.8384
2025-05-21 00:34:13,888 - transvg_coordinates_fixed_20250520_172719 - INFO - Train metrics: l1_loss: 0.5794 | giou_loss: 0.9707 | total_loss: 4.8384
2025-05-21 00:34:43,388 - transvg_coordinates_fixed_20250520_172719 - INFO - Epoch 12, Batch 1350/3392, Loss: 5.9907
2025-05-21 00:34:43,389 - transvg_coordinates_fixed_20250520_172719 - INFO - Train metrics: l1_loss: 0.6991 | giou_loss: 1.2476 | total_loss: 5.9907
2025-05-21 00:35:12,941 - transvg_coordinates_fixed_20250520_172719 - INFO - Epoch 12, Batch 1400/3392, Loss: 4.2777
2025-05-21 00:35:12,941 - transvg_coordinates_fixed_20250520_172719 - INFO - Train metrics: l1_loss: 0.4790 | giou_loss: 0.9413 | total_loss: 4.2777
2025-05-21 00:35:42,444 - transvg_coordinates_fixed_20250520_172719 - INFO - Epoch 12, Batch 1450/3392, Loss: 4.0140
2025-05-21 00:35:42,444 - transvg_coordinates_fixed_20250520_172719 - INFO - Train metrics: l1_loss: 0.4187 | giou_loss: 0.9604 | total_loss: 4.0140
2025-05-21 00:36:11,927 - transvg_coordinates_fixed_20250520_172719 - INFO - Epoch 12, Batch 1500/3392, Loss: 5.0679
2025-05-21 00:36:11,928 - transvg_coordinates_fixed_20250520_172719 - INFO - Train metrics: l1_loss: 0.5962 | giou_loss: 1.0434 | total_loss: 5.0679
2025-05-21 00:36:41,474 - transvg_coordinates_fixed_20250520_172719 - INFO - Epoch 12, Batch 1550/3392, Loss: 4.2637
2025-05-21 00:36:41,475 - transvg_coordinates_fixed_20250520_172719 - INFO - Train metrics: l1_loss: 0.4552 | giou_loss: 0.9938 | total_loss: 4.2637
2025-05-21 00:37:11,065 - transvg_coordinates_fixed_20250520_172719 - INFO - Epoch 12, Batch 1600/3392, Loss: 2.9645
2025-05-21 00:37:11,065 - transvg_coordinates_fixed_20250520_172719 - INFO - Train metrics: l1_loss: 0.3084 | giou_loss: 0.7112 | total_loss: 2.9645
2025-05-21 00:37:40,579 - transvg_coordinates_fixed_20250520_172719 - INFO - Epoch 12, Batch 1650/3392, Loss: 3.1274
2025-05-21 00:37:40,580 - transvg_coordinates_fixed_20250520_172719 - INFO - Train metrics: l1_loss: 0.3089 | giou_loss: 0.7915 | total_loss: 3.1274
2025-05-21 00:38:10,145 - transvg_coordinates_fixed_20250520_172719 - INFO - Epoch 12, Batch 1700/3392, Loss: 4.1863
2025-05-21 00:38:10,145 - transvg_coordinates_fixed_20250520_172719 - INFO - Train metrics: l1_loss: 0.4577 | giou_loss: 0.9490 | total_loss: 4.1863
2025-05-21 00:38:39,703 - transvg_coordinates_fixed_20250520_172719 - INFO - Epoch 12, Batch 1750/3392, Loss: 3.6897
2025-05-21 00:38:39,703 - transvg_coordinates_fixed_20250520_172719 - INFO - Train metrics: l1_loss: 0.4110 | giou_loss: 0.8173 | total_loss: 3.6897
2025-05-21 00:39:09,245 - transvg_coordinates_fixed_20250520_172719 - INFO - Epoch 12, Batch 1800/3392, Loss: 4.1361
2025-05-21 00:39:09,246 - transvg_coordinates_fixed_20250520_172719 - INFO - Train metrics: l1_loss: 0.4627 | giou_loss: 0.9113 | total_loss: 4.1361
2025-05-21 00:39:38,783 - transvg_coordinates_fixed_20250520_172719 - INFO - Epoch 12, Batch 1850/3392, Loss: 3.2826
2025-05-21 00:39:38,784 - transvg_coordinates_fixed_20250520_172719 - INFO - Train metrics: l1_loss: 0.3229 | giou_loss: 0.8340 | total_loss: 3.2826
2025-05-21 00:40:08,337 - transvg_coordinates_fixed_20250520_172719 - INFO - Epoch 12, Batch 1900/3392, Loss: 5.9620
2025-05-21 00:40:08,338 - transvg_coordinates_fixed_20250520_172719 - INFO - Train metrics: l1_loss: 0.7127 | giou_loss: 1.1993 | total_loss: 5.9620
2025-05-21 00:40:37,878 - transvg_coordinates_fixed_20250520_172719 - INFO - Epoch 12, Batch 1950/3392, Loss: 4.2985
2025-05-21 00:40:37,879 - transvg_coordinates_fixed_20250520_172719 - INFO - Train metrics: l1_loss: 0.4789 | giou_loss: 0.9520 | total_loss: 4.2985
2025-05-21 00:41:07,410 - transvg_coordinates_fixed_20250520_172719 - INFO - Epoch 12, Batch 2000/3392, Loss: 4.9212
2025-05-21 00:41:07,411 - transvg_coordinates_fixed_20250520_172719 - INFO - Train metrics: l1_loss: 0.5535 | giou_loss: 1.0770 | total_loss: 4.9212
2025-05-21 00:41:36,899 - transvg_coordinates_fixed_20250520_172719 - INFO - Epoch 12, Batch 2050/3392, Loss: 4.5540
2025-05-21 00:41:36,900 - transvg_coordinates_fixed_20250520_172719 - INFO - Train metrics: l1_loss: 0.5220 | giou_loss: 0.9719 | total_loss: 4.5540
2025-05-21 00:42:06,420 - transvg_coordinates_fixed_20250520_172719 - INFO - Epoch 12, Batch 2100/3392, Loss: 3.9973
2025-05-21 00:42:06,420 - transvg_coordinates_fixed_20250520_172719 - INFO - Train metrics: l1_loss: 0.3832 | giou_loss: 1.0407 | total_loss: 3.9973
2025-05-21 00:42:35,956 - transvg_coordinates_fixed_20250520_172719 - INFO - Epoch 12, Batch 2150/3392, Loss: 5.4994
2025-05-21 00:42:35,957 - transvg_coordinates_fixed_20250520_172719 - INFO - Train metrics: l1_loss: 0.6046 | giou_loss: 1.2383 | total_loss: 5.4994
2025-05-21 00:43:05,455 - transvg_coordinates_fixed_20250520_172719 - INFO - Epoch 12, Batch 2200/3392, Loss: 4.1545
2025-05-21 00:43:05,456 - transvg_coordinates_fixed_20250520_172719 - INFO - Train metrics: l1_loss: 0.4541 | giou_loss: 0.9420 | total_loss: 4.1545
2025-05-21 00:43:34,929 - transvg_coordinates_fixed_20250520_172719 - INFO - Epoch 12, Batch 2250/3392, Loss: 4.2465
2025-05-21 00:43:34,930 - transvg_coordinates_fixed_20250520_172719 - INFO - Train metrics: l1_loss: 0.4476 | giou_loss: 1.0043 | total_loss: 4.2465
2025-05-21 00:44:04,445 - transvg_coordinates_fixed_20250520_172719 - INFO - Epoch 12, Batch 2300/3392, Loss: 3.8323
2025-05-21 00:44:04,446 - transvg_coordinates_fixed_20250520_172719 - INFO - Train metrics: l1_loss: 0.4378 | giou_loss: 0.8216 | total_loss: 3.8323
2025-05-21 00:44:33,989 - transvg_coordinates_fixed_20250520_172719 - INFO - Epoch 12, Batch 2350/3392, Loss: 2.9836
2025-05-21 00:44:33,990 - transvg_coordinates_fixed_20250520_172719 - INFO - Train metrics: l1_loss: 0.3060 | giou_loss: 0.7268 | total_loss: 2.9836
2025-05-21 00:45:03,548 - transvg_coordinates_fixed_20250520_172719 - INFO - Epoch 12, Batch 2400/3392, Loss: 4.2571
2025-05-21 00:45:03,549 - transvg_coordinates_fixed_20250520_172719 - INFO - Train metrics: l1_loss: 0.4587 | giou_loss: 0.9818 | total_loss: 4.2571
2025-05-21 00:45:33,120 - transvg_coordinates_fixed_20250520_172719 - INFO - Epoch 12, Batch 2450/3392, Loss: 3.5976
2025-05-21 00:45:33,120 - transvg_coordinates_fixed_20250520_172719 - INFO - Train metrics: l1_loss: 0.3535 | giou_loss: 0.9150 | total_loss: 3.5976
2025-05-21 00:46:02,755 - transvg_coordinates_fixed_20250520_172719 - INFO - Epoch 12, Batch 2500/3392, Loss: 4.0909
2025-05-21 00:46:02,756 - transvg_coordinates_fixed_20250520_172719 - INFO - Train metrics: l1_loss: 0.4470 | giou_loss: 0.9280 | total_loss: 4.0909
2025-05-21 00:46:32,331 - transvg_coordinates_fixed_20250520_172719 - INFO - Epoch 12, Batch 2550/3392, Loss: 4.8025
2025-05-21 00:46:32,332 - transvg_coordinates_fixed_20250520_172719 - INFO - Train metrics: l1_loss: 0.5460 | giou_loss: 1.0363 | total_loss: 4.8025
2025-05-21 00:47:01,877 - transvg_coordinates_fixed_20250520_172719 - INFO - Epoch 12, Batch 2600/3392, Loss: 3.5950
2025-05-21 00:47:01,877 - transvg_coordinates_fixed_20250520_172719 - INFO - Train metrics: l1_loss: 0.3854 | giou_loss: 0.8340 | total_loss: 3.5950
2025-05-21 00:47:31,442 - transvg_coordinates_fixed_20250520_172719 - INFO - Epoch 12, Batch 2650/3392, Loss: 4.0144
2025-05-21 00:47:31,442 - transvg_coordinates_fixed_20250520_172719 - INFO - Train metrics: l1_loss: 0.4375 | giou_loss: 0.9135 | total_loss: 4.0144
2025-05-21 00:48:00,990 - transvg_coordinates_fixed_20250520_172719 - INFO - Epoch 12, Batch 2700/3392, Loss: 3.5575
2025-05-21 00:48:00,991 - transvg_coordinates_fixed_20250520_172719 - INFO - Train metrics: l1_loss: 0.3621 | giou_loss: 0.8735 | total_loss: 3.5575
2025-05-21 00:48:30,518 - transvg_coordinates_fixed_20250520_172719 - INFO - Epoch 12, Batch 2750/3392, Loss: 5.0379
2025-05-21 00:48:30,519 - transvg_coordinates_fixed_20250520_172719 - INFO - Train metrics: l1_loss: 0.5395 | giou_loss: 1.1703 | total_loss: 5.0379
2025-05-21 00:49:00,039 - transvg_coordinates_fixed_20250520_172719 - INFO - Epoch 12, Batch 2800/3392, Loss: 3.8494
2025-05-21 00:49:00,040 - transvg_coordinates_fixed_20250520_172719 - INFO - Train metrics: l1_loss: 0.4233 | giou_loss: 0.8666 | total_loss: 3.8494
2025-05-21 00:49:29,552 - transvg_coordinates_fixed_20250520_172719 - INFO - Epoch 12, Batch 2850/3392, Loss: 6.4443
2025-05-21 00:49:29,552 - transvg_coordinates_fixed_20250520_172719 - INFO - Train metrics: l1_loss: 0.7849 | giou_loss: 1.2600 | total_loss: 6.4443
2025-05-21 00:49:59,160 - transvg_coordinates_fixed_20250520_172719 - INFO - Epoch 12, Batch 2900/3392, Loss: 3.7869
2025-05-21 00:49:59,160 - transvg_coordinates_fixed_20250520_172719 - INFO - Train metrics: l1_loss: 0.4401 | giou_loss: 0.7933 | total_loss: 3.7869
2025-05-21 00:50:28,629 - transvg_coordinates_fixed_20250520_172719 - INFO - Epoch 12, Batch 2950/3392, Loss: 4.2942
2025-05-21 00:50:28,630 - transvg_coordinates_fixed_20250520_172719 - INFO - Train metrics: l1_loss: 0.4288 | giou_loss: 1.0751 | total_loss: 4.2942
2025-05-21 00:50:58,134 - transvg_coordinates_fixed_20250520_172719 - INFO - Epoch 12, Batch 3000/3392, Loss: 4.2884
2025-05-21 00:50:58,135 - transvg_coordinates_fixed_20250520_172719 - INFO - Train metrics: l1_loss: 0.4352 | giou_loss: 1.0561 | total_loss: 4.2884
2025-05-21 00:51:27,669 - transvg_coordinates_fixed_20250520_172719 - INFO - Epoch 12, Batch 3050/3392, Loss: 3.7473
2025-05-21 00:51:27,670 - transvg_coordinates_fixed_20250520_172719 - INFO - Train metrics: l1_loss: 0.4185 | giou_loss: 0.8273 | total_loss: 3.7473
2025-05-21 00:51:57,182 - transvg_coordinates_fixed_20250520_172719 - INFO - Epoch 12, Batch 3100/3392, Loss: 6.5214
2025-05-21 00:51:57,183 - transvg_coordinates_fixed_20250520_172719 - INFO - Train metrics: l1_loss: 0.7920 | giou_loss: 1.2807 | total_loss: 6.5214
2025-05-21 00:52:26,699 - transvg_coordinates_fixed_20250520_172719 - INFO - Epoch 12, Batch 3150/3392, Loss: 4.4173
2025-05-21 00:52:26,700 - transvg_coordinates_fixed_20250520_172719 - INFO - Train metrics: l1_loss: 0.5122 | giou_loss: 0.9281 | total_loss: 4.4173
2025-05-21 00:52:56,161 - transvg_coordinates_fixed_20250520_172719 - INFO - Epoch 12, Batch 3200/3392, Loss: 3.8778
2025-05-21 00:52:56,161 - transvg_coordinates_fixed_20250520_172719 - INFO - Train metrics: l1_loss: 0.4121 | giou_loss: 0.9087 | total_loss: 3.8778
2025-05-21 00:53:25,619 - transvg_coordinates_fixed_20250520_172719 - INFO - Epoch 12, Batch 3250/3392, Loss: 4.5096
2025-05-21 00:53:25,620 - transvg_coordinates_fixed_20250520_172719 - INFO - Train metrics: l1_loss: 0.5189 | giou_loss: 0.9575 | total_loss: 4.5096
2025-05-21 00:53:55,083 - transvg_coordinates_fixed_20250520_172719 - INFO - Epoch 12, Batch 3300/3392, Loss: 3.3585
2025-05-21 00:53:55,083 - transvg_coordinates_fixed_20250520_172719 - INFO - Train metrics: l1_loss: 0.3197 | giou_loss: 0.8801 | total_loss: 3.3585
2025-05-21 00:54:24,602 - transvg_coordinates_fixed_20250520_172719 - INFO - Epoch 12, Batch 3350/3392, Loss: 4.2147
2025-05-21 00:54:24,603 - transvg_coordinates_fixed_20250520_172719 - INFO - Train metrics: l1_loss: 0.4205 | giou_loss: 1.0561 | total_loss: 4.2147
2025-05-21 00:54:48,850 - transvg_coordinates_fixed_20250520_172719 - INFO - Train Epoch 12, Loss: 4.3432
2025-05-21 00:56:08,491 - transvg_coordinates_fixed_20250520_172719 - INFO - Pred box sample: [47.45659637451172, 105.91722869873047, 195.3173828125, 281.57501220703125]
2025-05-21 00:56:08,492 - transvg_coordinates_fixed_20250520_172719 - INFO - Target box sample: [207.0, 198.0, 287.0, 283.0]
2025-05-21 00:56:08,572 - transvg_coordinates_fixed_20250520_172719 - INFO - Validation Epoch 12, Loss: 4.5283
2025-05-21 00:56:08,573 - transvg_coordinates_fixed_20250520_172719 - INFO - Val metrics: Acc@0.25: 0.3110 | Acc@0.5: 0.1124 | Acc@0.75: 0.0162 | mIoU: 0.1791 | medianIoU: 0.0770 | mae_x1: 100.3819 | mae_y1: 94.1062 | mae_x2: 103.2851 | mae_y2: 99.6200 | center_x_error: 87.8255 | center_y_error: 81.5426 | width_error: 2.3348 | height_error: 2.3244 | loss: 4.5283
2025-05-21 00:56:09,308 - transvg_coordinates_fixed_20250520_172719 - INFO - Saved model checkpoint to /home/pokle/Trans-VG/visual_grounding/checkpoints/transvg_coordinates_fixed_20250520_172719_epoch12.pth
2025-05-21 00:56:09,308 - transvg_coordinates_fixed_20250520_172719 - INFO - Epoch 13/200
2025-05-21 00:56:10,433 - transvg_coordinates_fixed_20250520_172719 - INFO - Epoch 13, Batch 0/3392, Loss: 4.1027
2025-05-21 00:56:10,434 - transvg_coordinates_fixed_20250520_172719 - INFO - Train metrics: l1_loss: 0.4004 | giou_loss: 1.0503 | total_loss: 4.1027
2025-05-21 00:56:40,076 - transvg_coordinates_fixed_20250520_172719 - INFO - Epoch 13, Batch 50/3392, Loss: 4.6105
2025-05-21 00:56:40,076 - transvg_coordinates_fixed_20250520_172719 - INFO - Train metrics: l1_loss: 0.5033 | giou_loss: 1.0469 | total_loss: 4.6105
2025-05-21 00:57:09,588 - transvg_coordinates_fixed_20250520_172719 - INFO - Epoch 13, Batch 100/3392, Loss: 5.2028
2025-05-21 00:57:09,588 - transvg_coordinates_fixed_20250520_172719 - INFO - Train metrics: l1_loss: 0.5713 | giou_loss: 1.1731 | total_loss: 5.2028
2025-05-21 00:57:39,000 - transvg_coordinates_fixed_20250520_172719 - INFO - Epoch 13, Batch 150/3392, Loss: 4.6393
2025-05-21 00:57:39,001 - transvg_coordinates_fixed_20250520_172719 - INFO - Train metrics: l1_loss: 0.5301 | giou_loss: 0.9945 | total_loss: 4.6393
2025-05-21 00:58:08,432 - transvg_coordinates_fixed_20250520_172719 - INFO - Epoch 13, Batch 200/3392, Loss: 4.9952
2025-05-21 00:58:08,433 - transvg_coordinates_fixed_20250520_172719 - INFO - Train metrics: l1_loss: 0.5604 | giou_loss: 1.0966 | total_loss: 4.9952
2025-05-21 00:58:37,834 - transvg_coordinates_fixed_20250520_172719 - INFO - Epoch 13, Batch 250/3392, Loss: 4.1142
2025-05-21 00:58:37,834 - transvg_coordinates_fixed_20250520_172719 - INFO - Train metrics: l1_loss: 0.4024 | giou_loss: 1.0512 | total_loss: 4.1142
2025-05-21 00:59:07,233 - transvg_coordinates_fixed_20250520_172719 - INFO - Epoch 13, Batch 300/3392, Loss: 3.3845
2025-05-21 00:59:07,233 - transvg_coordinates_fixed_20250520_172719 - INFO - Train metrics: l1_loss: 0.3572 | giou_loss: 0.7992 | total_loss: 3.3845
2025-05-21 00:59:36,616 - transvg_coordinates_fixed_20250520_172719 - INFO - Epoch 13, Batch 350/3392, Loss: 4.8714
2025-05-21 00:59:36,616 - transvg_coordinates_fixed_20250520_172719 - INFO - Train metrics: l1_loss: 0.5299 | giou_loss: 1.1109 | total_loss: 4.8714
2025-05-21 01:00:06,084 - transvg_coordinates_fixed_20250520_172719 - INFO - Epoch 13, Batch 400/3392, Loss: 3.7501
2025-05-21 01:00:06,084 - transvg_coordinates_fixed_20250520_172719 - INFO - Train metrics: l1_loss: 0.3976 | giou_loss: 0.8812 | total_loss: 3.7501
2025-05-21 01:00:35,535 - transvg_coordinates_fixed_20250520_172719 - INFO - Epoch 13, Batch 450/3392, Loss: 5.3849
2025-05-21 01:00:35,536 - transvg_coordinates_fixed_20250520_172719 - INFO - Train metrics: l1_loss: 0.6328 | giou_loss: 1.1105 | total_loss: 5.3849
2025-05-21 01:01:04,906 - transvg_coordinates_fixed_20250520_172719 - INFO - Epoch 13, Batch 500/3392, Loss: 4.9571
2025-05-21 01:01:04,906 - transvg_coordinates_fixed_20250520_172719 - INFO - Train metrics: l1_loss: 0.5727 | giou_loss: 1.0469 | total_loss: 4.9571
2025-05-21 01:01:34,335 - transvg_coordinates_fixed_20250520_172719 - INFO - Epoch 13, Batch 550/3392, Loss: 4.2490
2025-05-21 01:01:34,335 - transvg_coordinates_fixed_20250520_172719 - INFO - Train metrics: l1_loss: 0.4218 | giou_loss: 1.0700 | total_loss: 4.2490
2025-05-21 01:02:03,752 - transvg_coordinates_fixed_20250520_172719 - INFO - Epoch 13, Batch 600/3392, Loss: 3.3251
2025-05-21 01:02:03,753 - transvg_coordinates_fixed_20250520_172719 - INFO - Train metrics: l1_loss: 0.3293 | giou_loss: 0.8392 | total_loss: 3.3251
2025-05-21 01:02:33,161 - transvg_coordinates_fixed_20250520_172719 - INFO - Epoch 13, Batch 650/3392, Loss: 4.5162
2025-05-21 01:02:33,161 - transvg_coordinates_fixed_20250520_172719 - INFO - Train metrics: l1_loss: 0.4793 | giou_loss: 1.0598 | total_loss: 4.5162
2025-05-21 01:03:02,580 - transvg_coordinates_fixed_20250520_172719 - INFO - Epoch 13, Batch 700/3392, Loss: 4.7479
2025-05-21 01:03:02,580 - transvg_coordinates_fixed_20250520_172719 - INFO - Train metrics: l1_loss: 0.5582 | giou_loss: 0.9786 | total_loss: 4.7479
2025-05-21 01:03:32,141 - transvg_coordinates_fixed_20250520_172719 - INFO - Epoch 13, Batch 750/3392, Loss: 5.9255
2025-05-21 01:03:32,141 - transvg_coordinates_fixed_20250520_172719 - INFO - Train metrics: l1_loss: 0.6737 | giou_loss: 1.2784 | total_loss: 5.9255
2025-05-21 01:04:01,575 - transvg_coordinates_fixed_20250520_172719 - INFO - Epoch 13, Batch 800/3392, Loss: 4.4800
2025-05-21 01:04:01,576 - transvg_coordinates_fixed_20250520_172719 - INFO - Train metrics: l1_loss: 0.5680 | giou_loss: 0.8201 | total_loss: 4.4800
2025-05-21 01:04:31,038 - transvg_coordinates_fixed_20250520_172719 - INFO - Epoch 13, Batch 850/3392, Loss: 3.2335
2025-05-21 01:04:31,038 - transvg_coordinates_fixed_20250520_172719 - INFO - Train metrics: l1_loss: 0.3083 | giou_loss: 0.8460 | total_loss: 3.2335
2025-05-21 01:05:00,468 - transvg_coordinates_fixed_20250520_172719 - INFO - Epoch 13, Batch 900/3392, Loss: 4.0468
2025-05-21 01:05:00,468 - transvg_coordinates_fixed_20250520_172719 - INFO - Train metrics: l1_loss: 0.4352 | giou_loss: 0.9355 | total_loss: 4.0468
2025-05-21 01:05:29,877 - transvg_coordinates_fixed_20250520_172719 - INFO - Epoch 13, Batch 950/3392, Loss: 4.1213
2025-05-21 01:05:29,877 - transvg_coordinates_fixed_20250520_172719 - INFO - Train metrics: l1_loss: 0.4528 | giou_loss: 0.9286 | total_loss: 4.1213
2025-05-21 01:05:59,250 - transvg_coordinates_fixed_20250520_172719 - INFO - Epoch 13, Batch 1000/3392, Loss: 4.6844
2025-05-21 01:05:59,250 - transvg_coordinates_fixed_20250520_172719 - INFO - Train metrics: l1_loss: 0.5280 | giou_loss: 1.0221 | total_loss: 4.6844
2025-05-21 01:06:28,642 - transvg_coordinates_fixed_20250520_172719 - INFO - Epoch 13, Batch 1050/3392, Loss: 5.3413
2025-05-21 01:06:28,642 - transvg_coordinates_fixed_20250520_172719 - INFO - Train metrics: l1_loss: 0.6010 | giou_loss: 1.1681 | total_loss: 5.3413
2025-05-21 01:06:58,084 - transvg_coordinates_fixed_20250520_172719 - INFO - Epoch 13, Batch 1100/3392, Loss: 3.4846
2025-05-21 01:06:58,084 - transvg_coordinates_fixed_20250520_172719 - INFO - Train metrics: l1_loss: 0.3984 | giou_loss: 0.7463 | total_loss: 3.4846
2025-05-21 01:07:27,606 - transvg_coordinates_fixed_20250520_172719 - INFO - Epoch 13, Batch 1150/3392, Loss: 3.7092
2025-05-21 01:07:27,606 - transvg_coordinates_fixed_20250520_172719 - INFO - Train metrics: l1_loss: 0.4037 | giou_loss: 0.8454 | total_loss: 3.7092
2025-05-21 01:07:57,066 - transvg_coordinates_fixed_20250520_172719 - INFO - Epoch 13, Batch 1200/3392, Loss: 3.1275
2025-05-21 01:07:57,066 - transvg_coordinates_fixed_20250520_172719 - INFO - Train metrics: l1_loss: 0.3226 | giou_loss: 0.7572 | total_loss: 3.1275
2025-05-21 01:08:26,473 - transvg_coordinates_fixed_20250520_172719 - INFO - Epoch 13, Batch 1250/3392, Loss: 4.4841
2025-05-21 01:08:26,473 - transvg_coordinates_fixed_20250520_172719 - INFO - Train metrics: l1_loss: 0.4272 | giou_loss: 1.1741 | total_loss: 4.4841
2025-05-21 01:08:55,870 - transvg_coordinates_fixed_20250520_172719 - INFO - Epoch 13, Batch 1300/3392, Loss: 4.0945
2025-05-21 01:08:55,870 - transvg_coordinates_fixed_20250520_172719 - INFO - Train metrics: l1_loss: 0.4182 | giou_loss: 1.0018 | total_loss: 4.0945
2025-05-21 01:09:25,305 - transvg_coordinates_fixed_20250520_172719 - INFO - Epoch 13, Batch 1350/3392, Loss: 4.7722
2025-05-21 01:09:25,305 - transvg_coordinates_fixed_20250520_172719 - INFO - Train metrics: l1_loss: 0.5413 | giou_loss: 1.0328 | total_loss: 4.7722
2025-05-21 01:09:54,711 - transvg_coordinates_fixed_20250520_172719 - INFO - Epoch 13, Batch 1400/3392, Loss: 4.2446
2025-05-21 01:09:54,711 - transvg_coordinates_fixed_20250520_172719 - INFO - Train metrics: l1_loss: 0.4721 | giou_loss: 0.9421 | total_loss: 4.2446
2025-05-21 01:10:24,116 - transvg_coordinates_fixed_20250520_172719 - INFO - Epoch 13, Batch 1450/3392, Loss: 3.9767
2025-05-21 01:10:24,116 - transvg_coordinates_fixed_20250520_172719 - INFO - Train metrics: l1_loss: 0.3852 | giou_loss: 1.0255 | total_loss: 3.9767
2025-05-21 01:10:53,526 - transvg_coordinates_fixed_20250520_172719 - INFO - Epoch 13, Batch 1500/3392, Loss: 4.0337
2025-05-21 01:10:53,526 - transvg_coordinates_fixed_20250520_172719 - INFO - Train metrics: l1_loss: 0.3983 | giou_loss: 1.0211 | total_loss: 4.0337
2025-05-21 01:11:22,920 - transvg_coordinates_fixed_20250520_172719 - INFO - Epoch 13, Batch 1550/3392, Loss: 4.8860
2025-05-21 01:11:22,921 - transvg_coordinates_fixed_20250520_172719 - INFO - Train metrics: l1_loss: 0.5596 | giou_loss: 1.0440 | total_loss: 4.8860
2025-05-21 01:11:52,348 - transvg_coordinates_fixed_20250520_172719 - INFO - Epoch 13, Batch 1600/3392, Loss: 4.2121
2025-05-21 01:11:52,348 - transvg_coordinates_fixed_20250520_172719 - INFO - Train metrics: l1_loss: 0.4554 | giou_loss: 0.9675 | total_loss: 4.2121
2025-05-21 01:12:21,777 - transvg_coordinates_fixed_20250520_172719 - INFO - Epoch 13, Batch 1650/3392, Loss: 3.8189
2025-05-21 01:12:21,777 - transvg_coordinates_fixed_20250520_172719 - INFO - Train metrics: l1_loss: 0.3704 | giou_loss: 0.9835 | total_loss: 3.8189
2025-05-21 01:12:51,118 - transvg_coordinates_fixed_20250520_172719 - INFO - Epoch 13, Batch 1700/3392, Loss: 4.9643
2025-05-21 01:12:51,119 - transvg_coordinates_fixed_20250520_172719 - INFO - Train metrics: l1_loss: 0.5733 | giou_loss: 1.0490 | total_loss: 4.9643
2025-05-21 01:13:20,489 - transvg_coordinates_fixed_20250520_172719 - INFO - Epoch 13, Batch 1750/3392, Loss: 4.4036
2025-05-21 01:13:20,490 - transvg_coordinates_fixed_20250520_172719 - INFO - Train metrics: l1_loss: 0.5006 | giou_loss: 0.9502 | total_loss: 4.4036
2025-05-21 01:13:49,911 - transvg_coordinates_fixed_20250520_172719 - INFO - Epoch 13, Batch 1800/3392, Loss: 2.9910
2025-05-21 01:13:49,912 - transvg_coordinates_fixed_20250520_172719 - INFO - Train metrics: l1_loss: 0.2971 | giou_loss: 0.7528 | total_loss: 2.9910
2025-05-21 01:14:19,344 - transvg_coordinates_fixed_20250520_172719 - INFO - Epoch 13, Batch 1850/3392, Loss: 4.6839
2025-05-21 01:14:19,344 - transvg_coordinates_fixed_20250520_172719 - INFO - Train metrics: l1_loss: 0.5685 | giou_loss: 0.9208 | total_loss: 4.6839
2025-05-21 01:14:48,783 - transvg_coordinates_fixed_20250520_172719 - INFO - Epoch 13, Batch 1900/3392, Loss: 3.8590
2025-05-21 01:14:48,784 - transvg_coordinates_fixed_20250520_172719 - INFO - Train metrics: l1_loss: 0.4403 | giou_loss: 0.8288 | total_loss: 3.8590
2025-05-21 01:15:18,164 - transvg_coordinates_fixed_20250520_172719 - INFO - Epoch 13, Batch 1950/3392, Loss: 4.1555
2025-05-21 01:15:18,164 - transvg_coordinates_fixed_20250520_172719 - INFO - Train metrics: l1_loss: 0.4971 | giou_loss: 0.8351 | total_loss: 4.1555
2025-05-21 01:15:47,726 - transvg_coordinates_fixed_20250520_172719 - INFO - Epoch 13, Batch 2000/3392, Loss: 3.7414
2025-05-21 01:15:47,726 - transvg_coordinates_fixed_20250520_172719 - INFO - Train metrics: l1_loss: 0.4149 | giou_loss: 0.8333 | total_loss: 3.7414
2025-05-21 01:16:17,185 - transvg_coordinates_fixed_20250520_172719 - INFO - Epoch 13, Batch 2050/3392, Loss: 5.2147
2025-05-21 01:16:17,186 - transvg_coordinates_fixed_20250520_172719 - INFO - Train metrics: l1_loss: 0.6338 | giou_loss: 1.0228 | total_loss: 5.2147
2025-05-21 01:16:46,650 - transvg_coordinates_fixed_20250520_172719 - INFO - Epoch 13, Batch 2100/3392, Loss: 3.6694
2025-05-21 01:16:46,650 - transvg_coordinates_fixed_20250520_172719 - INFO - Train metrics: l1_loss: 0.3869 | giou_loss: 0.8674 | total_loss: 3.6694
2025-05-21 01:17:16,115 - transvg_coordinates_fixed_20250520_172719 - INFO - Epoch 13, Batch 2150/3392, Loss: 3.7431
2025-05-21 01:17:16,115 - transvg_coordinates_fixed_20250520_172719 - INFO - Train metrics: l1_loss: 0.3797 | giou_loss: 0.9224 | total_loss: 3.7431
2025-05-21 01:17:45,516 - transvg_coordinates_fixed_20250520_172719 - INFO - Epoch 13, Batch 2200/3392, Loss: 3.6018
2025-05-21 01:17:45,516 - transvg_coordinates_fixed_20250520_172719 - INFO - Train metrics: l1_loss: 0.3699 | giou_loss: 0.8762 | total_loss: 3.6018
2025-05-21 01:18:14,919 - transvg_coordinates_fixed_20250520_172719 - INFO - Epoch 13, Batch 2250/3392, Loss: 4.9004
2025-05-21 01:18:14,919 - transvg_coordinates_fixed_20250520_172719 - INFO - Train metrics: l1_loss: 0.5397 | giou_loss: 1.1009 | total_loss: 4.9004
2025-05-21 01:18:44,324 - transvg_coordinates_fixed_20250520_172719 - INFO - Epoch 13, Batch 2300/3392, Loss: 3.8441
2025-05-21 01:18:44,324 - transvg_coordinates_fixed_20250520_172719 - INFO - Train metrics: l1_loss: 0.4280 | giou_loss: 0.8521 | total_loss: 3.8441
2025-05-21 01:19:13,712 - transvg_coordinates_fixed_20250520_172719 - INFO - Epoch 13, Batch 2350/3392, Loss: 4.2433
2025-05-21 01:19:13,712 - transvg_coordinates_fixed_20250520_172719 - INFO - Train metrics: l1_loss: 0.4624 | giou_loss: 0.9658 | total_loss: 4.2433
2025-05-21 01:19:43,172 - transvg_coordinates_fixed_20250520_172719 - INFO - Epoch 13, Batch 2400/3392, Loss: 4.2529
2025-05-21 01:19:43,173 - transvg_coordinates_fixed_20250520_172719 - INFO - Train metrics: l1_loss: 0.4820 | giou_loss: 0.9213 | total_loss: 4.2529
2025-05-21 01:20:12,646 - transvg_coordinates_fixed_20250520_172719 - INFO - Epoch 13, Batch 2450/3392, Loss: 3.7589
2025-05-21 01:20:12,647 - transvg_coordinates_fixed_20250520_172719 - INFO - Train metrics: l1_loss: 0.3867 | giou_loss: 0.9128 | total_loss: 3.7589
2025-05-21 01:20:42,110 - transvg_coordinates_fixed_20250520_172719 - INFO - Epoch 13, Batch 2500/3392, Loss: 3.3272
2025-05-21 01:20:42,110 - transvg_coordinates_fixed_20250520_172719 - INFO - Train metrics: l1_loss: 0.3495 | giou_loss: 0.7898 | total_loss: 3.3272
2025-05-21 01:21:11,549 - transvg_coordinates_fixed_20250520_172719 - INFO - Epoch 13, Batch 2550/3392, Loss: 3.8384
2025-05-21 01:21:11,549 - transvg_coordinates_fixed_20250520_172719 - INFO - Train metrics: l1_loss: 0.4064 | giou_loss: 0.9033 | total_loss: 3.8384
2025-05-21 01:21:40,958 - transvg_coordinates_fixed_20250520_172719 - INFO - Epoch 13, Batch 2600/3392, Loss: 4.5598
2025-05-21 01:21:40,958 - transvg_coordinates_fixed_20250520_172719 - INFO - Train metrics: l1_loss: 0.4451 | giou_loss: 1.1671 | total_loss: 4.5598
2025-05-21 01:22:10,385 - transvg_coordinates_fixed_20250520_172719 - INFO - Epoch 13, Batch 2650/3392, Loss: 5.3250
2025-05-21 01:22:10,385 - transvg_coordinates_fixed_20250520_172719 - INFO - Train metrics: l1_loss: 0.5981 | giou_loss: 1.1674 | total_loss: 5.3250
2025-05-21 01:22:39,782 - transvg_coordinates_fixed_20250520_172719 - INFO - Epoch 13, Batch 2700/3392, Loss: 3.8762
2025-05-21 01:22:39,783 - transvg_coordinates_fixed_20250520_172719 - INFO - Train metrics: l1_loss: 0.4045 | giou_loss: 0.9268 | total_loss: 3.8762
2025-05-21 01:23:09,230 - transvg_coordinates_fixed_20250520_172719 - INFO - Epoch 13, Batch 2750/3392, Loss: 4.9400
2025-05-21 01:23:09,230 - transvg_coordinates_fixed_20250520_172719 - INFO - Train metrics: l1_loss: 0.5295 | giou_loss: 1.1462 | total_loss: 4.9400
2025-05-21 01:23:38,690 - transvg_coordinates_fixed_20250520_172719 - INFO - Epoch 13, Batch 2800/3392, Loss: 4.1909
2025-05-21 01:23:38,691 - transvg_coordinates_fixed_20250520_172719 - INFO - Train metrics: l1_loss: 0.4567 | giou_loss: 0.9538 | total_loss: 4.1909
2025-05-21 01:24:08,113 - transvg_coordinates_fixed_20250520_172719 - INFO - Epoch 13, Batch 2850/3392, Loss: 3.5364
2025-05-21 01:24:08,113 - transvg_coordinates_fixed_20250520_172719 - INFO - Train metrics: l1_loss: 0.3710 | giou_loss: 0.8406 | total_loss: 3.5364
2025-05-21 01:24:37,563 - transvg_coordinates_fixed_20250520_172719 - INFO - Epoch 13, Batch 2900/3392, Loss: 3.2710
2025-05-21 01:24:37,563 - transvg_coordinates_fixed_20250520_172719 - INFO - Train metrics: l1_loss: 0.3167 | giou_loss: 0.8438 | total_loss: 3.2710
2025-05-21 01:25:07,057 - transvg_coordinates_fixed_20250520_172719 - INFO - Epoch 13, Batch 2950/3392, Loss: 3.7621
2025-05-21 01:25:07,057 - transvg_coordinates_fixed_20250520_172719 - INFO - Train metrics: l1_loss: 0.4088 | giou_loss: 0.8592 | total_loss: 3.7621
2025-05-21 01:25:36,482 - transvg_coordinates_fixed_20250520_172719 - INFO - Epoch 13, Batch 3000/3392, Loss: 5.2842
2025-05-21 01:25:36,482 - transvg_coordinates_fixed_20250520_172719 - INFO - Train metrics: l1_loss: 0.6342 | giou_loss: 1.0565 | total_loss: 5.2842
2025-05-21 01:26:05,889 - transvg_coordinates_fixed_20250520_172719 - INFO - Epoch 13, Batch 3050/3392, Loss: 4.1338
2025-05-21 01:26:05,889 - transvg_coordinates_fixed_20250520_172719 - INFO - Train metrics: l1_loss: 0.4409 | giou_loss: 0.9646 | total_loss: 4.1338
2025-05-21 01:26:35,260 - transvg_coordinates_fixed_20250520_172719 - INFO - Epoch 13, Batch 3100/3392, Loss: 4.2018
2025-05-21 01:26:35,260 - transvg_coordinates_fixed_20250520_172719 - INFO - Train metrics: l1_loss: 0.4814 | giou_loss: 0.8975 | total_loss: 4.2018
2025-05-21 01:27:04,760 - transvg_coordinates_fixed_20250520_172719 - INFO - Epoch 13, Batch 3150/3392, Loss: 5.0287
2025-05-21 01:27:04,760 - transvg_coordinates_fixed_20250520_172719 - INFO - Train metrics: l1_loss: 0.6489 | giou_loss: 0.8922 | total_loss: 5.0287
2025-05-21 01:27:34,145 - transvg_coordinates_fixed_20250520_172719 - INFO - Epoch 13, Batch 3200/3392, Loss: 4.8890
2025-05-21 01:27:34,145 - transvg_coordinates_fixed_20250520_172719 - INFO - Train metrics: l1_loss: 0.5669 | giou_loss: 1.0271 | total_loss: 4.8890
2025-05-21 01:28:03,617 - transvg_coordinates_fixed_20250520_172719 - INFO - Epoch 13, Batch 3250/3392, Loss: 3.8228
2025-05-21 01:28:03,617 - transvg_coordinates_fixed_20250520_172719 - INFO - Train metrics: l1_loss: 0.4105 | giou_loss: 0.8852 | total_loss: 3.8228
2025-05-21 01:28:33,195 - transvg_coordinates_fixed_20250520_172719 - INFO - Epoch 13, Batch 3300/3392, Loss: 5.5678
2025-05-21 01:28:33,196 - transvg_coordinates_fixed_20250520_172719 - INFO - Train metrics: l1_loss: 0.6381 | giou_loss: 1.1886 | total_loss: 5.5678
2025-05-21 01:29:02,584 - transvg_coordinates_fixed_20250520_172719 - INFO - Epoch 13, Batch 3350/3392, Loss: 3.6934
2025-05-21 01:29:02,584 - transvg_coordinates_fixed_20250520_172719 - INFO - Train metrics: l1_loss: 0.4073 | giou_loss: 0.8284 | total_loss: 3.6934
2025-05-21 01:29:26,774 - transvg_coordinates_fixed_20250520_172719 - INFO - Train Epoch 13, Loss: 4.3311
2025-05-21 01:30:46,248 - transvg_coordinates_fixed_20250520_172719 - INFO - Pred box sample: [95.11760711669922, 110.3633041381836, 280.60650634765625, 266.42462158203125]
2025-05-21 01:30:46,249 - transvg_coordinates_fixed_20250520_172719 - INFO - Target box sample: [207.0, 198.0, 287.0, 283.0]
2025-05-21 01:30:46,323 - transvg_coordinates_fixed_20250520_172719 - INFO - Validation Epoch 13, Loss: 4.4557
2025-05-21 01:30:46,323 - transvg_coordinates_fixed_20250520_172719 - INFO - Val metrics: Acc@0.25: 0.3227 | Acc@0.5: 0.1214 | Acc@0.75: 0.0159 | mIoU: 0.1868 | medianIoU: 0.0894 | mae_x1: 102.0585 | mae_y1: 95.5828 | mae_x2: 100.5081 | mae_y2: 99.0324 | center_x_error: 85.9373 | center_y_error: 79.6068 | width_error: 2.5808 | height_error: 2.5377 | loss: 4.4557
2025-05-21 01:30:47,062 - transvg_coordinates_fixed_20250520_172719 - INFO - Saved model checkpoint to /home/pokle/Trans-VG/visual_grounding/checkpoints/transvg_coordinates_fixed_20250520_172719_epoch13.pth
2025-05-21 01:30:47,062 - transvg_coordinates_fixed_20250520_172719 - INFO - New best model! Acc@0.5: 0.1214
2025-05-21 01:30:47,063 - transvg_coordinates_fixed_20250520_172719 - INFO - Epoch 14/200
2025-05-21 01:30:48,167 - transvg_coordinates_fixed_20250520_172719 - INFO - Epoch 14, Batch 0/3392, Loss: 4.5565
2025-05-21 01:30:48,168 - transvg_coordinates_fixed_20250520_172719 - INFO - Train metrics: l1_loss: 0.4661 | giou_loss: 1.1130 | total_loss: 4.5565
2025-05-21 01:31:17,923 - transvg_coordinates_fixed_20250520_172719 - INFO - Epoch 14, Batch 50/3392, Loss: 3.5438
2025-05-21 01:31:17,923 - transvg_coordinates_fixed_20250520_172719 - INFO - Train metrics: l1_loss: 0.3677 | giou_loss: 0.8526 | total_loss: 3.5438
2025-05-21 01:31:47,532 - transvg_coordinates_fixed_20250520_172719 - INFO - Epoch 14, Batch 100/3392, Loss: 4.5866
2025-05-21 01:31:47,533 - transvg_coordinates_fixed_20250520_172719 - INFO - Train metrics: l1_loss: 0.4883 | giou_loss: 1.0726 | total_loss: 4.5866
2025-05-21 01:32:17,101 - transvg_coordinates_fixed_20250520_172719 - INFO - Epoch 14, Batch 150/3392, Loss: 5.9010
2025-05-21 01:32:17,102 - transvg_coordinates_fixed_20250520_172719 - INFO - Train metrics: l1_loss: 0.7063 | giou_loss: 1.1849 | total_loss: 5.9010
2025-05-21 01:32:46,619 - transvg_coordinates_fixed_20250520_172719 - INFO - Epoch 14, Batch 200/3392, Loss: 3.6865
2025-05-21 01:32:46,620 - transvg_coordinates_fixed_20250520_172719 - INFO - Train metrics: l1_loss: 0.3797 | giou_loss: 0.8941 | total_loss: 3.6865
2025-05-21 01:33:16,116 - transvg_coordinates_fixed_20250520_172719 - INFO - Epoch 14, Batch 250/3392, Loss: 3.8001
2025-05-21 01:33:16,117 - transvg_coordinates_fixed_20250520_172719 - INFO - Train metrics: l1_loss: 0.4239 | giou_loss: 0.8403 | total_loss: 3.8001
2025-05-21 01:33:45,601 - transvg_coordinates_fixed_20250520_172719 - INFO - Epoch 14, Batch 300/3392, Loss: 4.0289
2025-05-21 01:33:45,601 - transvg_coordinates_fixed_20250520_172719 - INFO - Train metrics: l1_loss: 0.3799 | giou_loss: 1.0648 | total_loss: 4.0289
2025-05-21 01:34:15,075 - transvg_coordinates_fixed_20250520_172719 - INFO - Epoch 14, Batch 350/3392, Loss: 4.4986
2025-05-21 01:34:15,076 - transvg_coordinates_fixed_20250520_172719 - INFO - Train metrics: l1_loss: 0.5481 | giou_loss: 0.8791 | total_loss: 4.4986
2025-05-21 01:34:44,550 - transvg_coordinates_fixed_20250520_172719 - INFO - Epoch 14, Batch 400/3392, Loss: 4.4322
2025-05-21 01:34:44,550 - transvg_coordinates_fixed_20250520_172719 - INFO - Train metrics: l1_loss: 0.4954 | giou_loss: 0.9776 | total_loss: 4.4322
2025-05-21 01:35:14,037 - transvg_coordinates_fixed_20250520_172719 - INFO - Epoch 14, Batch 450/3392, Loss: 4.6448
2025-05-21 01:35:14,038 - transvg_coordinates_fixed_20250520_172719 - INFO - Train metrics: l1_loss: 0.5195 | giou_loss: 1.0236 | total_loss: 4.6448
2025-05-21 01:35:43,550 - transvg_coordinates_fixed_20250520_172719 - INFO - Epoch 14, Batch 500/3392, Loss: 3.9975
2025-05-21 01:35:43,551 - transvg_coordinates_fixed_20250520_172719 - INFO - Train metrics: l1_loss: 0.4599 | giou_loss: 0.8490 | total_loss: 3.9975
2025-05-21 01:36:13,065 - transvg_coordinates_fixed_20250520_172719 - INFO - Epoch 14, Batch 550/3392, Loss: 3.8128
2025-05-21 01:36:13,066 - transvg_coordinates_fixed_20250520_172719 - INFO - Train metrics: l1_loss: 0.3676 | giou_loss: 0.9873 | total_loss: 3.8128
2025-05-21 01:36:42,569 - transvg_coordinates_fixed_20250520_172719 - INFO - Epoch 14, Batch 600/3392, Loss: 5.5604
2025-05-21 01:36:42,570 - transvg_coordinates_fixed_20250520_172719 - INFO - Train metrics: l1_loss: 0.6388 | giou_loss: 1.1831 | total_loss: 5.5604
2025-05-21 01:37:12,118 - transvg_coordinates_fixed_20250520_172719 - INFO - Epoch 14, Batch 650/3392, Loss: 3.1632
2025-05-21 01:37:12,119 - transvg_coordinates_fixed_20250520_172719 - INFO - Train metrics: l1_loss: 0.3054 | giou_loss: 0.8182 | total_loss: 3.1632
2025-05-21 01:37:41,679 - transvg_coordinates_fixed_20250520_172719 - INFO - Epoch 14, Batch 700/3392, Loss: 4.3062
2025-05-21 01:37:41,680 - transvg_coordinates_fixed_20250520_172719 - INFO - Train metrics: l1_loss: 0.4627 | giou_loss: 0.9963 | total_loss: 4.3062
2025-05-21 01:38:11,180 - transvg_coordinates_fixed_20250520_172719 - INFO - Epoch 14, Batch 750/3392, Loss: 5.1494
2025-05-21 01:38:11,180 - transvg_coordinates_fixed_20250520_172719 - INFO - Train metrics: l1_loss: 0.5575 | giou_loss: 1.1809 | total_loss: 5.1494
2025-05-21 01:38:40,686 - transvg_coordinates_fixed_20250520_172719 - INFO - Epoch 14, Batch 800/3392, Loss: 4.3817
2025-05-21 01:38:40,687 - transvg_coordinates_fixed_20250520_172719 - INFO - Train metrics: l1_loss: 0.5090 | giou_loss: 0.9183 | total_loss: 4.3817
2025-05-21 01:39:10,206 - transvg_coordinates_fixed_20250520_172719 - INFO - Epoch 14, Batch 850/3392, Loss: 3.9109
2025-05-21 01:39:10,206 - transvg_coordinates_fixed_20250520_172719 - INFO - Train metrics: l1_loss: 0.3918 | giou_loss: 0.9760 | total_loss: 3.9109
2025-05-21 01:39:39,751 - transvg_coordinates_fixed_20250520_172719 - INFO - Epoch 14, Batch 900/3392, Loss: 4.1652
2025-05-21 01:39:39,752 - transvg_coordinates_fixed_20250520_172719 - INFO - Train metrics: l1_loss: 0.4319 | giou_loss: 1.0029 | total_loss: 4.1652
2025-05-21 01:40:09,314 - transvg_coordinates_fixed_20250520_172719 - INFO - Epoch 14, Batch 950/3392, Loss: 4.2792
2025-05-21 01:40:09,315 - transvg_coordinates_fixed_20250520_172719 - INFO - Train metrics: l1_loss: 0.4462 | giou_loss: 1.0241 | total_loss: 4.2792
2025-05-21 01:40:38,859 - transvg_coordinates_fixed_20250520_172719 - INFO - Epoch 14, Batch 1000/3392, Loss: 6.1198
2025-05-21 01:40:38,860 - transvg_coordinates_fixed_20250520_172719 - INFO - Train metrics: l1_loss: 0.7674 | giou_loss: 1.1415 | total_loss: 6.1198
2025-05-21 01:41:08,346 - transvg_coordinates_fixed_20250520_172719 - INFO - Epoch 14, Batch 1050/3392, Loss: 3.1290
2025-05-21 01:41:08,347 - transvg_coordinates_fixed_20250520_172719 - INFO - Train metrics: l1_loss: 0.3324 | giou_loss: 0.7335 | total_loss: 3.1290
2025-05-21 01:41:37,809 - transvg_coordinates_fixed_20250520_172719 - INFO - Epoch 14, Batch 1100/3392, Loss: 4.3385
2025-05-21 01:41:37,810 - transvg_coordinates_fixed_20250520_172719 - INFO - Train metrics: l1_loss: 0.4634 | giou_loss: 1.0108 | total_loss: 4.3385
2025-05-21 01:42:07,438 - transvg_coordinates_fixed_20250520_172719 - INFO - Epoch 14, Batch 1150/3392, Loss: 4.8057
2025-05-21 01:42:07,439 - transvg_coordinates_fixed_20250520_172719 - INFO - Train metrics: l1_loss: 0.4947 | giou_loss: 1.1661 | total_loss: 4.8057
2025-05-21 01:42:36,920 - transvg_coordinates_fixed_20250520_172719 - INFO - Epoch 14, Batch 1200/3392, Loss: 3.7431
2025-05-21 01:42:36,921 - transvg_coordinates_fixed_20250520_172719 - INFO - Train metrics: l1_loss: 0.4027 | giou_loss: 0.8648 | total_loss: 3.7431
2025-05-21 01:43:06,408 - transvg_coordinates_fixed_20250520_172719 - INFO - Epoch 14, Batch 1250/3392, Loss: 5.4988
2025-05-21 01:43:06,409 - transvg_coordinates_fixed_20250520_172719 - INFO - Train metrics: l1_loss: 0.6534 | giou_loss: 1.1160 | total_loss: 5.4988
2025-05-21 01:43:35,874 - transvg_coordinates_fixed_20250520_172719 - INFO - Epoch 14, Batch 1300/3392, Loss: 4.7541
2025-05-21 01:43:35,875 - transvg_coordinates_fixed_20250520_172719 - INFO - Train metrics: l1_loss: 0.5068 | giou_loss: 1.1100 | total_loss: 4.7541
2025-05-21 01:44:05,376 - transvg_coordinates_fixed_20250520_172719 - INFO - Epoch 14, Batch 1350/3392, Loss: 5.0990
2025-05-21 01:44:05,376 - transvg_coordinates_fixed_20250520_172719 - INFO - Train metrics: l1_loss: 0.5506 | giou_loss: 1.1731 | total_loss: 5.0990
2025-05-21 01:44:34,897 - transvg_coordinates_fixed_20250520_172719 - INFO - Epoch 14, Batch 1400/3392, Loss: 4.4971
2025-05-21 01:44:34,897 - transvg_coordinates_fixed_20250520_172719 - INFO - Train metrics: l1_loss: 0.4533 | giou_loss: 1.1154 | total_loss: 4.4971
2025-05-21 01:45:04,440 - transvg_coordinates_fixed_20250520_172719 - INFO - Epoch 14, Batch 1450/3392, Loss: 4.0166
2025-05-21 01:45:04,440 - transvg_coordinates_fixed_20250520_172719 - INFO - Train metrics: l1_loss: 0.4186 | giou_loss: 0.9617 | total_loss: 4.0166
2025-05-21 01:45:33,937 - transvg_coordinates_fixed_20250520_172719 - INFO - Epoch 14, Batch 1500/3392, Loss: 4.7151
2025-05-21 01:45:33,938 - transvg_coordinates_fixed_20250520_172719 - INFO - Train metrics: l1_loss: 0.5429 | giou_loss: 1.0002 | total_loss: 4.7151
2025-05-21 01:46:03,413 - transvg_coordinates_fixed_20250520_172719 - INFO - Epoch 14, Batch 1550/3392, Loss: 3.8524
2025-05-21 01:46:03,413 - transvg_coordinates_fixed_20250520_172719 - INFO - Train metrics: l1_loss: 0.4024 | giou_loss: 0.9201 | total_loss: 3.8524
2025-05-21 01:46:32,899 - transvg_coordinates_fixed_20250520_172719 - INFO - Epoch 14, Batch 1600/3392, Loss: 3.8940
2025-05-21 01:46:32,899 - transvg_coordinates_fixed_20250520_172719 - INFO - Train metrics: l1_loss: 0.4034 | giou_loss: 0.9385 | total_loss: 3.8940
2025-05-21 01:47:02,421 - transvg_coordinates_fixed_20250520_172719 - INFO - Epoch 14, Batch 1650/3392, Loss: 3.7423
2025-05-21 01:47:02,421 - transvg_coordinates_fixed_20250520_172719 - INFO - Train metrics: l1_loss: 0.3774 | giou_loss: 0.9278 | total_loss: 3.7423
2025-05-21 01:47:31,901 - transvg_coordinates_fixed_20250520_172719 - INFO - Epoch 14, Batch 1700/3392, Loss: 6.0487
2025-05-21 01:47:31,902 - transvg_coordinates_fixed_20250520_172719 - INFO - Train metrics: l1_loss: 0.7444 | giou_loss: 1.1634 | total_loss: 6.0487
2025-05-21 01:48:01,401 - transvg_coordinates_fixed_20250520_172719 - INFO - Epoch 14, Batch 1750/3392, Loss: 5.1041
2025-05-21 01:48:01,402 - transvg_coordinates_fixed_20250520_172719 - INFO - Train metrics: l1_loss: 0.5653 | giou_loss: 1.1387 | total_loss: 5.1041
2025-05-21 01:48:30,854 - transvg_coordinates_fixed_20250520_172719 - INFO - Epoch 14, Batch 1800/3392, Loss: 5.8015
2025-05-21 01:48:30,855 - transvg_coordinates_fixed_20250520_172719 - INFO - Train metrics: l1_loss: 0.7019 | giou_loss: 1.1461 | total_loss: 5.8015
2025-05-21 01:49:00,321 - transvg_coordinates_fixed_20250520_172719 - INFO - Epoch 14, Batch 1850/3392, Loss: 5.4381
2025-05-21 01:49:00,322 - transvg_coordinates_fixed_20250520_172719 - INFO - Train metrics: l1_loss: 0.6113 | giou_loss: 1.1908 | total_loss: 5.4381
2025-05-21 01:49:29,774 - transvg_coordinates_fixed_20250520_172719 - INFO - Epoch 14, Batch 1900/3392, Loss: 4.3918
2025-05-21 01:49:29,774 - transvg_coordinates_fixed_20250520_172719 - INFO - Train metrics: l1_loss: 0.4689 | giou_loss: 1.0237 | total_loss: 4.3918
2025-05-21 01:49:59,265 - transvg_coordinates_fixed_20250520_172719 - INFO - Epoch 14, Batch 1950/3392, Loss: 4.1559
2025-05-21 01:49:59,265 - transvg_coordinates_fixed_20250520_172719 - INFO - Train metrics: l1_loss: 0.4314 | giou_loss: 0.9993 | total_loss: 4.1559
2025-05-21 01:50:28,783 - transvg_coordinates_fixed_20250520_172719 - INFO - Epoch 14, Batch 2000/3392, Loss: 3.7422
2025-05-21 01:50:28,784 - transvg_coordinates_fixed_20250520_172719 - INFO - Train metrics: l1_loss: 0.3975 | giou_loss: 0.8773 | total_loss: 3.7422
2025-05-21 01:50:58,309 - transvg_coordinates_fixed_20250520_172719 - INFO - Epoch 14, Batch 2050/3392, Loss: 3.6804
2025-05-21 01:50:58,310 - transvg_coordinates_fixed_20250520_172719 - INFO - Train metrics: l1_loss: 0.4077 | giou_loss: 0.8211 | total_loss: 3.6804
2025-05-21 01:51:27,848 - transvg_coordinates_fixed_20250520_172719 - INFO - Epoch 14, Batch 2100/3392, Loss: 4.0380
2025-05-21 01:51:27,849 - transvg_coordinates_fixed_20250520_172719 - INFO - Train metrics: l1_loss: 0.4649 | giou_loss: 0.8568 | total_loss: 4.0380
2025-05-21 01:51:57,393 - transvg_coordinates_fixed_20250520_172719 - INFO - Epoch 14, Batch 2150/3392, Loss: 3.7850
2025-05-21 01:51:57,394 - transvg_coordinates_fixed_20250520_172719 - INFO - Train metrics: l1_loss: 0.3874 | giou_loss: 0.9240 | total_loss: 3.7850
2025-05-21 01:52:26,908 - transvg_coordinates_fixed_20250520_172719 - INFO - Epoch 14, Batch 2200/3392, Loss: 4.8523
2025-05-21 01:52:26,909 - transvg_coordinates_fixed_20250520_172719 - INFO - Train metrics: l1_loss: 0.5682 | giou_loss: 1.0056 | total_loss: 4.8523
2025-05-21 01:52:56,391 - transvg_coordinates_fixed_20250520_172719 - INFO - Epoch 14, Batch 2250/3392, Loss: 3.8004
2025-05-21 01:52:56,391 - transvg_coordinates_fixed_20250520_172719 - INFO - Train metrics: l1_loss: 0.4023 | giou_loss: 0.8944 | total_loss: 3.8004
2025-05-21 01:53:25,895 - transvg_coordinates_fixed_20250520_172719 - INFO - Epoch 14, Batch 2300/3392, Loss: 3.9249
2025-05-21 01:53:25,896 - transvg_coordinates_fixed_20250520_172719 - INFO - Train metrics: l1_loss: 0.4054 | giou_loss: 0.9490 | total_loss: 3.9249
2025-05-21 01:53:55,451 - transvg_coordinates_fixed_20250520_172719 - INFO - Epoch 14, Batch 2350/3392, Loss: 4.9265
2025-05-21 01:53:55,451 - transvg_coordinates_fixed_20250520_172719 - INFO - Train metrics: l1_loss: 0.5521 | giou_loss: 1.0829 | total_loss: 4.9265
2025-05-21 01:54:25,032 - transvg_coordinates_fixed_20250520_172719 - INFO - Epoch 14, Batch 2400/3392, Loss: 4.4421
2025-05-21 01:54:25,033 - transvg_coordinates_fixed_20250520_172719 - INFO - Train metrics: l1_loss: 0.4971 | giou_loss: 0.9782 | total_loss: 4.4421
2025-05-21 01:54:54,546 - transvg_coordinates_fixed_20250520_172719 - INFO - Epoch 14, Batch 2450/3392, Loss: 4.6420
2025-05-21 01:54:54,546 - transvg_coordinates_fixed_20250520_172719 - INFO - Train metrics: l1_loss: 0.5021 | giou_loss: 1.0659 | total_loss: 4.6420
2025-05-21 01:55:24,077 - transvg_coordinates_fixed_20250520_172719 - INFO - Epoch 14, Batch 2500/3392, Loss: 4.6315
2025-05-21 01:55:24,078 - transvg_coordinates_fixed_20250520_172719 - INFO - Train metrics: l1_loss: 0.5066 | giou_loss: 1.0493 | total_loss: 4.6315
2025-05-21 01:55:53,597 - transvg_coordinates_fixed_20250520_172719 - INFO - Epoch 14, Batch 2550/3392, Loss: 3.7386
2025-05-21 01:55:53,598 - transvg_coordinates_fixed_20250520_172719 - INFO - Train metrics: l1_loss: 0.3668 | giou_loss: 0.9524 | total_loss: 3.7386
2025-05-21 01:56:23,108 - transvg_coordinates_fixed_20250520_172719 - INFO - Epoch 14, Batch 2600/3392, Loss: 4.0372
2025-05-21 01:56:23,109 - transvg_coordinates_fixed_20250520_172719 - INFO - Train metrics: l1_loss: 0.3924 | giou_loss: 1.0375 | total_loss: 4.0372
2025-05-21 01:56:52,564 - transvg_coordinates_fixed_20250520_172719 - INFO - Epoch 14, Batch 2650/3392, Loss: 4.9129
2025-05-21 01:56:52,565 - transvg_coordinates_fixed_20250520_172719 - INFO - Train metrics: l1_loss: 0.5883 | giou_loss: 0.9856 | total_loss: 4.9129
2025-05-21 01:57:22,032 - transvg_coordinates_fixed_20250520_172719 - INFO - Epoch 14, Batch 2700/3392, Loss: 3.9506
2025-05-21 01:57:22,032 - transvg_coordinates_fixed_20250520_172719 - INFO - Train metrics: l1_loss: 0.4738 | giou_loss: 0.7909 | total_loss: 3.9506
2025-05-21 01:57:51,479 - transvg_coordinates_fixed_20250520_172719 - INFO - Epoch 14, Batch 2750/3392, Loss: 4.1316
2025-05-21 01:57:51,479 - transvg_coordinates_fixed_20250520_172719 - INFO - Train metrics: l1_loss: 0.4507 | giou_loss: 0.9390 | total_loss: 4.1316
2025-05-21 01:58:20,941 - transvg_coordinates_fixed_20250520_172719 - INFO - Epoch 14, Batch 2800/3392, Loss: 3.5493
2025-05-21 01:58:20,941 - transvg_coordinates_fixed_20250520_172719 - INFO - Train metrics: l1_loss: 0.3610 | giou_loss: 0.8723 | total_loss: 3.5493
2025-05-21 01:58:50,447 - transvg_coordinates_fixed_20250520_172719 - INFO - Epoch 14, Batch 2850/3392, Loss: 5.5075
2025-05-21 01:58:50,448 - transvg_coordinates_fixed_20250520_172719 - INFO - Train metrics: l1_loss: 0.6278 | giou_loss: 1.1843 | total_loss: 5.5075
2025-05-21 01:59:19,937 - transvg_coordinates_fixed_20250520_172719 - INFO - Epoch 14, Batch 2900/3392, Loss: 4.3929
2025-05-21 01:59:19,938 - transvg_coordinates_fixed_20250520_172719 - INFO - Train metrics: l1_loss: 0.4805 | giou_loss: 0.9952 | total_loss: 4.3929
2025-05-21 01:59:49,389 - transvg_coordinates_fixed_20250520_172719 - INFO - Epoch 14, Batch 2950/3392, Loss: 3.7917
2025-05-21 01:59:49,390 - transvg_coordinates_fixed_20250520_172719 - INFO - Train metrics: l1_loss: 0.4342 | giou_loss: 0.8103 | total_loss: 3.7917
2025-05-21 02:00:18,904 - transvg_coordinates_fixed_20250520_172719 - INFO - Epoch 14, Batch 3000/3392, Loss: 4.4532
2025-05-21 02:00:18,905 - transvg_coordinates_fixed_20250520_172719 - INFO - Train metrics: l1_loss: 0.5157 | giou_loss: 0.9374 | total_loss: 4.4532
2025-05-21 02:00:48,432 - transvg_coordinates_fixed_20250520_172719 - INFO - Epoch 14, Batch 3050/3392, Loss: 5.0156
2025-05-21 02:00:48,432 - transvg_coordinates_fixed_20250520_172719 - INFO - Train metrics: l1_loss: 0.5671 | giou_loss: 1.0901 | total_loss: 5.0156
2025-05-21 02:01:17,920 - transvg_coordinates_fixed_20250520_172719 - INFO - Epoch 14, Batch 3100/3392, Loss: 3.6640
2025-05-21 02:01:17,921 - transvg_coordinates_fixed_20250520_172719 - INFO - Train metrics: l1_loss: 0.3762 | giou_loss: 0.8915 | total_loss: 3.6640
2025-05-21 02:01:47,420 - transvg_coordinates_fixed_20250520_172719 - INFO - Epoch 14, Batch 3150/3392, Loss: 4.8664
2025-05-21 02:01:47,421 - transvg_coordinates_fixed_20250520_172719 - INFO - Train metrics: l1_loss: 0.5381 | giou_loss: 1.0879 | total_loss: 4.8664
2025-05-21 02:02:16,891 - transvg_coordinates_fixed_20250520_172719 - INFO - Epoch 14, Batch 3200/3392, Loss: 3.7532
2025-05-21 02:02:16,892 - transvg_coordinates_fixed_20250520_172719 - INFO - Train metrics: l1_loss: 0.3971 | giou_loss: 0.8839 | total_loss: 3.7532
2025-05-21 02:02:46,329 - transvg_coordinates_fixed_20250520_172719 - INFO - Epoch 14, Batch 3250/3392, Loss: 5.2168
2025-05-21 02:02:46,330 - transvg_coordinates_fixed_20250520_172719 - INFO - Train metrics: l1_loss: 0.6016 | giou_loss: 1.1044 | total_loss: 5.2168
2025-05-21 02:03:15,792 - transvg_coordinates_fixed_20250520_172719 - INFO - Epoch 14, Batch 3300/3392, Loss: 4.6737
2025-05-21 02:03:15,792 - transvg_coordinates_fixed_20250520_172719 - INFO - Train metrics: l1_loss: 0.5529 | giou_loss: 0.9546 | total_loss: 4.6737
2025-05-21 02:03:45,284 - transvg_coordinates_fixed_20250520_172719 - INFO - Epoch 14, Batch 3350/3392, Loss: 4.7908
2025-05-21 02:03:45,284 - transvg_coordinates_fixed_20250520_172719 - INFO - Train metrics: l1_loss: 0.5354 | giou_loss: 1.0570 | total_loss: 4.7908
2025-05-21 02:04:09,501 - transvg_coordinates_fixed_20250520_172719 - INFO - Train Epoch 14, Loss: 4.3153
2025-05-21 02:05:28,398 - transvg_coordinates_fixed_20250520_172719 - INFO - Pred box sample: [73.69772338867188, 105.31966400146484, 201.7116241455078, 231.06243896484375]
2025-05-21 02:05:28,399 - transvg_coordinates_fixed_20250520_172719 - INFO - Target box sample: [207.0, 198.0, 287.0, 283.0]
2025-05-21 02:05:28,488 - transvg_coordinates_fixed_20250520_172719 - INFO - Validation Epoch 14, Loss: 4.5268
2025-05-21 02:05:28,488 - transvg_coordinates_fixed_20250520_172719 - INFO - Val metrics: Acc@0.25: 0.3129 | Acc@0.5: 0.1147 | Acc@0.75: 0.0159 | mIoU: 0.1802 | medianIoU: 0.0764 | mae_x1: 102.5407 | mae_y1: 98.4082 | mae_x2: 101.8372 | mae_y2: 96.2937 | center_x_error: 87.0458 | center_y_error: 81.9748 | width_error: 2.5233 | height_error: 2.2370 | loss: 4.5268
2025-05-21 02:05:29,229 - transvg_coordinates_fixed_20250520_172719 - INFO - Saved model checkpoint to /home/pokle/Trans-VG/visual_grounding/checkpoints/transvg_coordinates_fixed_20250520_172719_epoch14.pth
2025-05-21 02:05:29,230 - transvg_coordinates_fixed_20250520_172719 - INFO - Epoch 15/200
2025-05-21 02:05:30,367 - transvg_coordinates_fixed_20250520_172719 - INFO - Epoch 15, Batch 0/3392, Loss: 4.4095
2025-05-21 02:05:30,367 - transvg_coordinates_fixed_20250520_172719 - INFO - Train metrics: l1_loss: 0.4319 | giou_loss: 1.1249 | total_loss: 4.4095
2025-05-21 02:06:00,132 - transvg_coordinates_fixed_20250520_172719 - INFO - Epoch 15, Batch 50/3392, Loss: 5.0179
2025-05-21 02:06:00,132 - transvg_coordinates_fixed_20250520_172719 - INFO - Train metrics: l1_loss: 0.5968 | giou_loss: 1.0170 | total_loss: 5.0179
2025-05-21 02:06:29,781 - transvg_coordinates_fixed_20250520_172719 - INFO - Epoch 15, Batch 100/3392, Loss: 6.6639
2025-05-21 02:06:29,781 - transvg_coordinates_fixed_20250520_172719 - INFO - Train metrics: l1_loss: 0.8680 | giou_loss: 1.1620 | total_loss: 6.6639
2025-05-21 02:06:59,335 - transvg_coordinates_fixed_20250520_172719 - INFO - Epoch 15, Batch 150/3392, Loss: 3.8370
2025-05-21 02:06:59,336 - transvg_coordinates_fixed_20250520_172719 - INFO - Train metrics: l1_loss: 0.4022 | giou_loss: 0.9131 | total_loss: 3.8370
2025-05-21 02:07:28,813 - transvg_coordinates_fixed_20250520_172719 - INFO - Epoch 15, Batch 200/3392, Loss: 3.9564
2025-05-21 02:07:28,813 - transvg_coordinates_fixed_20250520_172719 - INFO - Train metrics: l1_loss: 0.4168 | giou_loss: 0.9362 | total_loss: 3.9564
2025-05-21 02:07:58,401 - transvg_coordinates_fixed_20250520_172719 - INFO - Epoch 15, Batch 250/3392, Loss: 3.3861
2025-05-21 02:07:58,401 - transvg_coordinates_fixed_20250520_172719 - INFO - Train metrics: l1_loss: 0.3403 | giou_loss: 0.8423 | total_loss: 3.3861
2025-05-21 02:08:27,891 - transvg_coordinates_fixed_20250520_172719 - INFO - Epoch 15, Batch 300/3392, Loss: 3.3279
2025-05-21 02:08:27,892 - transvg_coordinates_fixed_20250520_172719 - INFO - Train metrics: l1_loss: 0.3317 | giou_loss: 0.8348 | total_loss: 3.3279
2025-05-21 02:08:57,264 - transvg_coordinates_fixed_20250520_172719 - INFO - Epoch 15, Batch 350/3392, Loss: 5.3479
2025-05-21 02:08:57,265 - transvg_coordinates_fixed_20250520_172719 - INFO - Train metrics: l1_loss: 0.6262 | giou_loss: 1.1084 | total_loss: 5.3479
2025-05-21 02:09:26,670 - transvg_coordinates_fixed_20250520_172719 - INFO - Epoch 15, Batch 400/3392, Loss: 4.8669
2025-05-21 02:09:26,671 - transvg_coordinates_fixed_20250520_172719 - INFO - Train metrics: l1_loss: 0.5205 | giou_loss: 1.1323 | total_loss: 4.8669
2025-05-21 02:09:56,064 - transvg_coordinates_fixed_20250520_172719 - INFO - Epoch 15, Batch 450/3392, Loss: 3.7459
2025-05-21 02:09:56,064 - transvg_coordinates_fixed_20250520_172719 - INFO - Train metrics: l1_loss: 0.4303 | giou_loss: 0.7973 | total_loss: 3.7459
2025-05-21 02:10:25,404 - transvg_coordinates_fixed_20250520_172719 - INFO - Epoch 15, Batch 500/3392, Loss: 5.1177
2025-05-21 02:10:25,404 - transvg_coordinates_fixed_20250520_172719 - INFO - Train metrics: l1_loss: 0.6000 | giou_loss: 1.0589 | total_loss: 5.1177
2025-05-21 02:10:54,732 - transvg_coordinates_fixed_20250520_172719 - INFO - Epoch 15, Batch 550/3392, Loss: 5.0553
2025-05-21 02:10:54,732 - transvg_coordinates_fixed_20250520_172719 - INFO - Train metrics: l1_loss: 0.6215 | giou_loss: 0.9739 | total_loss: 5.0553
2025-05-21 02:11:24,103 - transvg_coordinates_fixed_20250520_172719 - INFO - Epoch 15, Batch 600/3392, Loss: 4.7447
2025-05-21 02:11:24,104 - transvg_coordinates_fixed_20250520_172719 - INFO - Train metrics: l1_loss: 0.5096 | giou_loss: 1.0984 | total_loss: 4.7447
2025-05-21 02:11:53,519 - transvg_coordinates_fixed_20250520_172719 - INFO - Epoch 15, Batch 650/3392, Loss: 4.5010
2025-05-21 02:11:53,519 - transvg_coordinates_fixed_20250520_172719 - INFO - Train metrics: l1_loss: 0.4617 | giou_loss: 1.0962 | total_loss: 4.5010
2025-05-21 02:12:22,912 - transvg_coordinates_fixed_20250520_172719 - INFO - Epoch 15, Batch 700/3392, Loss: 4.6894
2025-05-21 02:12:22,912 - transvg_coordinates_fixed_20250520_172719 - INFO - Train metrics: l1_loss: 0.5463 | giou_loss: 0.9791 | total_loss: 4.6894
2025-05-21 02:12:52,313 - transvg_coordinates_fixed_20250520_172719 - INFO - Epoch 15, Batch 750/3392, Loss: 4.5010
2025-05-21 02:12:52,314 - transvg_coordinates_fixed_20250520_172719 - INFO - Train metrics: l1_loss: 0.4924 | giou_loss: 1.0196 | total_loss: 4.5010
2025-05-21 02:13:21,801 - transvg_coordinates_fixed_20250520_172719 - INFO - Epoch 15, Batch 800/3392, Loss: 3.5010
2025-05-21 02:13:21,802 - transvg_coordinates_fixed_20250520_172719 - INFO - Train metrics: l1_loss: 0.3507 | giou_loss: 0.8739 | total_loss: 3.5010
2025-05-21 02:13:51,291 - transvg_coordinates_fixed_20250520_172719 - INFO - Epoch 15, Batch 850/3392, Loss: 4.3640
2025-05-21 02:13:51,292 - transvg_coordinates_fixed_20250520_172719 - INFO - Train metrics: l1_loss: 0.4492 | giou_loss: 1.0589 | total_loss: 4.3640
2025-05-21 02:14:20,758 - transvg_coordinates_fixed_20250520_172719 - INFO - Epoch 15, Batch 900/3392, Loss: 3.7394
2025-05-21 02:14:20,759 - transvg_coordinates_fixed_20250520_172719 - INFO - Train metrics: l1_loss: 0.4285 | giou_loss: 0.7986 | total_loss: 3.7394
2025-05-21 02:14:50,202 - transvg_coordinates_fixed_20250520_172719 - INFO - Epoch 15, Batch 950/3392, Loss: 3.7109
2025-05-21 02:14:50,202 - transvg_coordinates_fixed_20250520_172719 - INFO - Train metrics: l1_loss: 0.4061 | giou_loss: 0.8402 | total_loss: 3.7109
2025-05-21 02:15:19,598 - transvg_coordinates_fixed_20250520_172719 - INFO - Epoch 15, Batch 1000/3392, Loss: 5.3263
2025-05-21 02:15:19,598 - transvg_coordinates_fixed_20250520_172719 - INFO - Train metrics: l1_loss: 0.6208 | giou_loss: 1.1112 | total_loss: 5.3263
2025-05-21 02:15:49,063 - transvg_coordinates_fixed_20250520_172719 - INFO - Epoch 15, Batch 1050/3392, Loss: 4.6705
2025-05-21 02:15:49,063 - transvg_coordinates_fixed_20250520_172719 - INFO - Train metrics: l1_loss: 0.5237 | giou_loss: 1.0259 | total_loss: 4.6705
2025-05-21 02:16:18,512 - transvg_coordinates_fixed_20250520_172719 - INFO - Epoch 15, Batch 1100/3392, Loss: 3.8056
2025-05-21 02:16:18,512 - transvg_coordinates_fixed_20250520_172719 - INFO - Train metrics: l1_loss: 0.4258 | giou_loss: 0.8384 | total_loss: 3.8056
2025-05-21 02:16:47,990 - transvg_coordinates_fixed_20250520_172719 - INFO - Epoch 15, Batch 1150/3392, Loss: 3.5082
2025-05-21 02:16:47,990 - transvg_coordinates_fixed_20250520_172719 - INFO - Train metrics: l1_loss: 0.3493 | giou_loss: 0.8809 | total_loss: 3.5082
2025-05-21 02:17:17,532 - transvg_coordinates_fixed_20250520_172719 - INFO - Epoch 15, Batch 1200/3392, Loss: 4.0022
2025-05-21 02:17:17,533 - transvg_coordinates_fixed_20250520_172719 - INFO - Train metrics: l1_loss: 0.4602 | giou_loss: 0.8506 | total_loss: 4.0022
2025-05-21 02:17:47,049 - transvg_coordinates_fixed_20250520_172719 - INFO - Epoch 15, Batch 1250/3392, Loss: 4.4988
2025-05-21 02:17:47,049 - transvg_coordinates_fixed_20250520_172719 - INFO - Train metrics: l1_loss: 0.4594 | giou_loss: 1.1010 | total_loss: 4.4988
2025-05-21 02:18:16,511 - transvg_coordinates_fixed_20250520_172719 - INFO - Epoch 15, Batch 1300/3392, Loss: 3.4622
2025-05-21 02:18:16,512 - transvg_coordinates_fixed_20250520_172719 - INFO - Train metrics: l1_loss: 0.3584 | giou_loss: 0.8350 | total_loss: 3.4622
2025-05-21 02:18:46,007 - transvg_coordinates_fixed_20250520_172719 - INFO - Epoch 15, Batch 1350/3392, Loss: 3.3820
2025-05-21 02:18:46,008 - transvg_coordinates_fixed_20250520_172719 - INFO - Train metrics: l1_loss: 0.3726 | giou_loss: 0.7596 | total_loss: 3.3820
2025-05-21 02:19:15,458 - transvg_coordinates_fixed_20250520_172719 - INFO - Epoch 15, Batch 1400/3392, Loss: 5.4612
2025-05-21 02:19:15,458 - transvg_coordinates_fixed_20250520_172719 - INFO - Train metrics: l1_loss: 0.6174 | giou_loss: 1.1872 | total_loss: 5.4612
2025-05-21 02:19:44,877 - transvg_coordinates_fixed_20250520_172719 - INFO - Epoch 15, Batch 1450/3392, Loss: 3.9902
2025-05-21 02:19:44,877 - transvg_coordinates_fixed_20250520_172719 - INFO - Train metrics: l1_loss: 0.4490 | giou_loss: 0.8725 | total_loss: 3.9902
2025-05-21 02:20:14,428 - transvg_coordinates_fixed_20250520_172719 - INFO - Epoch 15, Batch 1500/3392, Loss: 4.5902
2025-05-21 02:20:14,428 - transvg_coordinates_fixed_20250520_172719 - INFO - Train metrics: l1_loss: 0.4944 | giou_loss: 1.0590 | total_loss: 4.5902
2025-05-21 02:20:43,834 - transvg_coordinates_fixed_20250520_172719 - INFO - Epoch 15, Batch 1550/3392, Loss: 4.8552
2025-05-21 02:20:43,835 - transvg_coordinates_fixed_20250520_172719 - INFO - Train metrics: l1_loss: 0.5522 | giou_loss: 1.0470 | total_loss: 4.8552
2025-05-21 02:21:13,240 - transvg_coordinates_fixed_20250520_172719 - INFO - Epoch 15, Batch 1600/3392, Loss: 4.6574
2025-05-21 02:21:13,240 - transvg_coordinates_fixed_20250520_172719 - INFO - Train metrics: l1_loss: 0.4878 | giou_loss: 1.1093 | total_loss: 4.6574
2025-05-21 02:21:42,658 - transvg_coordinates_fixed_20250520_172719 - INFO - Epoch 15, Batch 1650/3392, Loss: 5.2685
2025-05-21 02:21:42,659 - transvg_coordinates_fixed_20250520_172719 - INFO - Train metrics: l1_loss: 0.6464 | giou_loss: 1.0182 | total_loss: 5.2685
2025-05-21 02:22:12,061 - transvg_coordinates_fixed_20250520_172719 - INFO - Epoch 15, Batch 1700/3392, Loss: 5.5492
2025-05-21 02:22:12,061 - transvg_coordinates_fixed_20250520_172719 - INFO - Train metrics: l1_loss: 0.6596 | giou_loss: 1.1255 | total_loss: 5.5492
2025-05-21 02:22:41,455 - transvg_coordinates_fixed_20250520_172719 - INFO - Epoch 15, Batch 1750/3392, Loss: 3.9586
2025-05-21 02:22:41,455 - transvg_coordinates_fixed_20250520_172719 - INFO - Train metrics: l1_loss: 0.4151 | giou_loss: 0.9416 | total_loss: 3.9586
2025-05-21 02:23:10,820 - transvg_coordinates_fixed_20250520_172719 - INFO - Epoch 15, Batch 1800/3392, Loss: 4.6346
2025-05-21 02:23:10,820 - transvg_coordinates_fixed_20250520_172719 - INFO - Train metrics: l1_loss: 0.4946 | giou_loss: 1.0808 | total_loss: 4.6346
2025-05-21 02:23:40,238 - transvg_coordinates_fixed_20250520_172719 - INFO - Epoch 15, Batch 1850/3392, Loss: 4.2809
2025-05-21 02:23:40,238 - transvg_coordinates_fixed_20250520_172719 - INFO - Train metrics: l1_loss: 0.4995 | giou_loss: 0.8918 | total_loss: 4.2809
2025-05-21 02:24:09,605 - transvg_coordinates_fixed_20250520_172719 - INFO - Epoch 15, Batch 1900/3392, Loss: 4.7141
2025-05-21 02:24:09,605 - transvg_coordinates_fixed_20250520_172719 - INFO - Train metrics: l1_loss: 0.5529 | giou_loss: 0.9748 | total_loss: 4.7141
2025-05-21 02:24:38,969 - transvg_coordinates_fixed_20250520_172719 - INFO - Epoch 15, Batch 1950/3392, Loss: 4.6651
2025-05-21 02:24:38,969 - transvg_coordinates_fixed_20250520_172719 - INFO - Train metrics: l1_loss: 0.5292 | giou_loss: 1.0095 | total_loss: 4.6651
2025-05-21 02:25:08,329 - transvg_coordinates_fixed_20250520_172719 - INFO - Epoch 15, Batch 2000/3392, Loss: 5.2135
2025-05-21 02:25:08,330 - transvg_coordinates_fixed_20250520_172719 - INFO - Train metrics: l1_loss: 0.6183 | giou_loss: 1.0609 | total_loss: 5.2135
2025-05-21 02:25:37,705 - transvg_coordinates_fixed_20250520_172719 - INFO - Epoch 15, Batch 2050/3392, Loss: 5.2840
2025-05-21 02:25:37,705 - transvg_coordinates_fixed_20250520_172719 - INFO - Train metrics: l1_loss: 0.6221 | giou_loss: 1.0866 | total_loss: 5.2840
2025-05-21 02:26:07,073 - transvg_coordinates_fixed_20250520_172719 - INFO - Epoch 15, Batch 2100/3392, Loss: 4.0946
2025-05-21 02:26:07,074 - transvg_coordinates_fixed_20250520_172719 - INFO - Train metrics: l1_loss: 0.4166 | giou_loss: 1.0058 | total_loss: 4.0946
2025-05-21 02:26:36,459 - transvg_coordinates_fixed_20250520_172719 - INFO - Epoch 15, Batch 2150/3392, Loss: 4.6082
2025-05-21 02:26:36,459 - transvg_coordinates_fixed_20250520_172719 - INFO - Train metrics: l1_loss: 0.4929 | giou_loss: 1.0719 | total_loss: 4.6082
2025-05-21 02:27:05,810 - transvg_coordinates_fixed_20250520_172719 - INFO - Epoch 15, Batch 2200/3392, Loss: 4.9937
2025-05-21 02:27:05,810 - transvg_coordinates_fixed_20250520_172719 - INFO - Train metrics: l1_loss: 0.5702 | giou_loss: 1.0714 | total_loss: 4.9937
2025-05-21 02:27:35,208 - transvg_coordinates_fixed_20250520_172719 - INFO - Epoch 15, Batch 2250/3392, Loss: 3.7890
2025-05-21 02:27:35,209 - transvg_coordinates_fixed_20250520_172719 - INFO - Train metrics: l1_loss: 0.3536 | giou_loss: 1.0105 | total_loss: 3.7890
2025-05-21 02:28:04,568 - transvg_coordinates_fixed_20250520_172719 - INFO - Epoch 15, Batch 2300/3392, Loss: 3.9918
2025-05-21 02:28:04,568 - transvg_coordinates_fixed_20250520_172719 - INFO - Train metrics: l1_loss: 0.4494 | giou_loss: 0.8724 | total_loss: 3.9918
2025-05-21 02:28:34,008 - transvg_coordinates_fixed_20250520_172719 - INFO - Epoch 15, Batch 2350/3392, Loss: 3.8534
2025-05-21 02:28:34,008 - transvg_coordinates_fixed_20250520_172719 - INFO - Train metrics: l1_loss: 0.4198 | giou_loss: 0.8773 | total_loss: 3.8534
2025-05-21 02:29:03,482 - transvg_coordinates_fixed_20250520_172719 - INFO - Epoch 15, Batch 2400/3392, Loss: 3.6838
2025-05-21 02:29:03,483 - transvg_coordinates_fixed_20250520_172719 - INFO - Train metrics: l1_loss: 0.3800 | giou_loss: 0.8918 | total_loss: 3.6838
2025-05-21 02:29:32,871 - transvg_coordinates_fixed_20250520_172719 - INFO - Epoch 15, Batch 2450/3392, Loss: 4.8555
2025-05-21 02:29:32,871 - transvg_coordinates_fixed_20250520_172719 - INFO - Train metrics: l1_loss: 0.5280 | giou_loss: 1.1077 | total_loss: 4.8555
2025-05-21 02:30:02,291 - transvg_coordinates_fixed_20250520_172719 - INFO - Epoch 15, Batch 2500/3392, Loss: 5.0462
2025-05-21 02:30:02,291 - transvg_coordinates_fixed_20250520_172719 - INFO - Train metrics: l1_loss: 0.6027 | giou_loss: 1.0162 | total_loss: 5.0462
2025-05-21 02:30:31,707 - transvg_coordinates_fixed_20250520_172719 - INFO - Epoch 15, Batch 2550/3392, Loss: 5.0142
2025-05-21 02:30:31,708 - transvg_coordinates_fixed_20250520_172719 - INFO - Train metrics: l1_loss: 0.5486 | giou_loss: 1.1356 | total_loss: 5.0142
2025-05-21 02:31:01,136 - transvg_coordinates_fixed_20250520_172719 - INFO - Epoch 15, Batch 2600/3392, Loss: 4.2287
2025-05-21 02:31:01,136 - transvg_coordinates_fixed_20250520_172719 - INFO - Train metrics: l1_loss: 0.4844 | giou_loss: 0.9033 | total_loss: 4.2287
2025-05-21 02:31:30,569 - transvg_coordinates_fixed_20250520_172719 - INFO - Epoch 15, Batch 2650/3392, Loss: 3.6401
2025-05-21 02:31:30,569 - transvg_coordinates_fixed_20250520_172719 - INFO - Train metrics: l1_loss: 0.3848 | giou_loss: 0.8581 | total_loss: 3.6401
2025-05-21 02:31:59,955 - transvg_coordinates_fixed_20250520_172719 - INFO - Epoch 15, Batch 2700/3392, Loss: 3.3682
2025-05-21 02:31:59,955 - transvg_coordinates_fixed_20250520_172719 - INFO - Train metrics: l1_loss: 0.3539 | giou_loss: 0.7995 | total_loss: 3.3682
2025-05-21 02:32:29,435 - transvg_coordinates_fixed_20250520_172719 - INFO - Epoch 15, Batch 2750/3392, Loss: 3.7556
2025-05-21 02:32:29,435 - transvg_coordinates_fixed_20250520_172719 - INFO - Train metrics: l1_loss: 0.4032 | giou_loss: 0.8699 | total_loss: 3.7556
2025-05-21 02:32:58,802 - transvg_coordinates_fixed_20250520_172719 - INFO - Epoch 15, Batch 2800/3392, Loss: 3.5550
2025-05-21 02:32:58,803 - transvg_coordinates_fixed_20250520_172719 - INFO - Train metrics: l1_loss: 0.3968 | giou_loss: 0.7856 | total_loss: 3.5550
2025-05-21 02:33:28,184 - transvg_coordinates_fixed_20250520_172719 - INFO - Epoch 15, Batch 2850/3392, Loss: 3.9071
2025-05-21 02:33:28,184 - transvg_coordinates_fixed_20250520_172719 - INFO - Train metrics: l1_loss: 0.4347 | giou_loss: 0.8668 | total_loss: 3.9071
2025-05-21 02:33:57,492 - transvg_coordinates_fixed_20250520_172719 - INFO - Epoch 15, Batch 2900/3392, Loss: 3.9281
2025-05-21 02:33:57,492 - transvg_coordinates_fixed_20250520_172719 - INFO - Train metrics: l1_loss: 0.4247 | giou_loss: 0.9024 | total_loss: 3.9281
2025-05-21 02:34:26,917 - transvg_coordinates_fixed_20250520_172719 - INFO - Epoch 15, Batch 2950/3392, Loss: 4.2648
2025-05-21 02:34:26,918 - transvg_coordinates_fixed_20250520_172719 - INFO - Train metrics: l1_loss: 0.4384 | giou_loss: 1.0364 | total_loss: 4.2648
2025-05-21 02:34:56,277 - transvg_coordinates_fixed_20250520_172719 - INFO - Epoch 15, Batch 3000/3392, Loss: 4.2034
2025-05-21 02:34:56,278 - transvg_coordinates_fixed_20250520_172719 - INFO - Train metrics: l1_loss: 0.4497 | giou_loss: 0.9774 | total_loss: 4.2034
2025-05-21 02:35:25,714 - transvg_coordinates_fixed_20250520_172719 - INFO - Epoch 15, Batch 3050/3392, Loss: 4.1616
2025-05-21 02:35:25,714 - transvg_coordinates_fixed_20250520_172719 - INFO - Train metrics: l1_loss: 0.4676 | giou_loss: 0.9119 | total_loss: 4.1616
2025-05-21 02:35:55,053 - transvg_coordinates_fixed_20250520_172719 - INFO - Epoch 15, Batch 3100/3392, Loss: 4.6108
2025-05-21 02:35:55,053 - transvg_coordinates_fixed_20250520_172719 - INFO - Train metrics: l1_loss: 0.4882 | giou_loss: 1.0849 | total_loss: 4.6108
2025-05-21 02:36:24,435 - transvg_coordinates_fixed_20250520_172719 - INFO - Epoch 15, Batch 3150/3392, Loss: 4.6636
2025-05-21 02:36:24,435 - transvg_coordinates_fixed_20250520_172719 - INFO - Train metrics: l1_loss: 0.4937 | giou_loss: 1.0975 | total_loss: 4.6636
2025-05-21 02:36:53,810 - transvg_coordinates_fixed_20250520_172719 - INFO - Epoch 15, Batch 3200/3392, Loss: 4.6283
2025-05-21 02:36:53,810 - transvg_coordinates_fixed_20250520_172719 - INFO - Train metrics: l1_loss: 0.5356 | giou_loss: 0.9752 | total_loss: 4.6283
2025-05-21 02:37:23,179 - transvg_coordinates_fixed_20250520_172719 - INFO - Epoch 15, Batch 3250/3392, Loss: 3.0308
2025-05-21 02:37:23,180 - transvg_coordinates_fixed_20250520_172719 - INFO - Train metrics: l1_loss: 0.3411 | giou_loss: 0.6626 | total_loss: 3.0308
2025-05-21 02:37:52,547 - transvg_coordinates_fixed_20250520_172719 - INFO - Epoch 15, Batch 3300/3392, Loss: 4.1786
2025-05-21 02:37:52,548 - transvg_coordinates_fixed_20250520_172719 - INFO - Train metrics: l1_loss: 0.4761 | giou_loss: 0.8991 | total_loss: 4.1786
2025-05-21 02:38:21,904 - transvg_coordinates_fixed_20250520_172719 - INFO - Epoch 15, Batch 3350/3392, Loss: 4.4110
2025-05-21 02:38:21,905 - transvg_coordinates_fixed_20250520_172719 - INFO - Train metrics: l1_loss: 0.4927 | giou_loss: 0.9737 | total_loss: 4.4110
2025-05-21 02:38:46,044 - transvg_coordinates_fixed_20250520_172719 - INFO - Train Epoch 15, Loss: 4.3014
2025-05-21 02:40:05,668 - transvg_coordinates_fixed_20250520_172719 - INFO - Pred box sample: [70.7875747680664, 66.04080200195312, 218.64674377441406, 218.50039672851562]
2025-05-21 02:40:05,669 - transvg_coordinates_fixed_20250520_172719 - INFO - Target box sample: [207.0, 198.0, 287.0, 283.0]
2025-05-21 02:40:05,765 - transvg_coordinates_fixed_20250520_172719 - INFO - Validation Epoch 15, Loss: 4.4549
2025-05-21 02:40:05,766 - transvg_coordinates_fixed_20250520_172719 - INFO - Val metrics: Acc@0.25: 0.3222 | Acc@0.5: 0.1153 | Acc@0.75: 0.0162 | mIoU: 0.1844 | medianIoU: 0.0868 | mae_x1: 99.4319 | mae_y1: 94.9877 | mae_x2: 101.7694 | mae_y2: 96.1887 | center_x_error: 86.1786 | center_y_error: 79.7706 | width_error: 2.4286 | height_error: 2.3697 | loss: 4.4549
2025-05-21 02:40:06,504 - transvg_coordinates_fixed_20250520_172719 - INFO - Saved model checkpoint to /home/pokle/Trans-VG/visual_grounding/checkpoints/transvg_coordinates_fixed_20250520_172719_epoch15.pth
2025-05-21 02:40:06,504 - transvg_coordinates_fixed_20250520_172719 - INFO - Epoch 16/200
2025-05-21 02:40:07,646 - transvg_coordinates_fixed_20250520_172719 - INFO - Epoch 16, Batch 0/3392, Loss: 3.8145
2025-05-21 02:40:07,647 - transvg_coordinates_fixed_20250520_172719 - INFO - Train metrics: l1_loss: 0.3712 | giou_loss: 0.9792 | total_loss: 3.8145
2025-05-21 02:40:37,259 - transvg_coordinates_fixed_20250520_172719 - INFO - Epoch 16, Batch 50/3392, Loss: 4.2768
2025-05-21 02:40:37,260 - transvg_coordinates_fixed_20250520_172719 - INFO - Train metrics: l1_loss: 0.4522 | giou_loss: 1.0079 | total_loss: 4.2768
2025-05-21 02:41:06,710 - transvg_coordinates_fixed_20250520_172719 - INFO - Epoch 16, Batch 100/3392, Loss: 4.2362
2025-05-21 02:41:06,711 - transvg_coordinates_fixed_20250520_172719 - INFO - Train metrics: l1_loss: 0.4517 | giou_loss: 0.9889 | total_loss: 4.2362
2025-05-21 02:41:36,038 - transvg_coordinates_fixed_20250520_172719 - INFO - Epoch 16, Batch 150/3392, Loss: 4.3430
2025-05-21 02:41:36,039 - transvg_coordinates_fixed_20250520_172719 - INFO - Train metrics: l1_loss: 0.4162 | giou_loss: 1.1309 | total_loss: 4.3430
2025-05-21 02:42:05,341 - transvg_coordinates_fixed_20250520_172719 - INFO - Epoch 16, Batch 200/3392, Loss: 5.2049
2025-05-21 02:42:05,342 - transvg_coordinates_fixed_20250520_172719 - INFO - Train metrics: l1_loss: 0.6311 | giou_loss: 1.0248 | total_loss: 5.2049
2025-05-21 02:42:34,607 - transvg_coordinates_fixed_20250520_172719 - INFO - Epoch 16, Batch 250/3392, Loss: 4.3463
2025-05-21 02:42:34,608 - transvg_coordinates_fixed_20250520_172719 - INFO - Train metrics: l1_loss: 0.4802 | giou_loss: 0.9727 | total_loss: 4.3463
2025-05-21 02:43:03,872 - transvg_coordinates_fixed_20250520_172719 - INFO - Epoch 16, Batch 300/3392, Loss: 4.1668
2025-05-21 02:43:03,873 - transvg_coordinates_fixed_20250520_172719 - INFO - Train metrics: l1_loss: 0.4153 | giou_loss: 1.0451 | total_loss: 4.1668
2025-05-21 02:43:33,175 - transvg_coordinates_fixed_20250520_172719 - INFO - Epoch 16, Batch 350/3392, Loss: 3.8653
2025-05-21 02:43:33,175 - transvg_coordinates_fixed_20250520_172719 - INFO - Train metrics: l1_loss: 0.4188 | giou_loss: 0.8856 | total_loss: 3.8653
2025-05-21 02:44:02,480 - transvg_coordinates_fixed_20250520_172719 - INFO - Epoch 16, Batch 400/3392, Loss: 4.4230
2025-05-21 02:44:02,481 - transvg_coordinates_fixed_20250520_172719 - INFO - Train metrics: l1_loss: 0.5153 | giou_loss: 0.9231 | total_loss: 4.4230
2025-05-21 02:44:31,807 - transvg_coordinates_fixed_20250520_172719 - INFO - Epoch 16, Batch 450/3392, Loss: 3.7344
2025-05-21 02:44:31,807 - transvg_coordinates_fixed_20250520_172719 - INFO - Train metrics: l1_loss: 0.3997 | giou_loss: 0.8680 | total_loss: 3.7344
2025-05-21 02:45:01,073 - transvg_coordinates_fixed_20250520_172719 - INFO - Epoch 16, Batch 500/3392, Loss: 4.9480
2025-05-21 02:45:01,074 - transvg_coordinates_fixed_20250520_172719 - INFO - Train metrics: l1_loss: 0.5339 | giou_loss: 1.1392 | total_loss: 4.9480
2025-05-21 02:45:30,332 - transvg_coordinates_fixed_20250520_172719 - INFO - Epoch 16, Batch 550/3392, Loss: 3.7784
2025-05-21 02:45:30,332 - transvg_coordinates_fixed_20250520_172719 - INFO - Train metrics: l1_loss: 0.4267 | giou_loss: 0.8226 | total_loss: 3.7784
2025-05-21 02:45:59,696 - transvg_coordinates_fixed_20250520_172719 - INFO - Epoch 16, Batch 600/3392, Loss: 4.6266
2025-05-21 02:45:59,697 - transvg_coordinates_fixed_20250520_172719 - INFO - Train metrics: l1_loss: 0.5216 | giou_loss: 1.0094 | total_loss: 4.6266
2025-05-21 02:46:28,976 - transvg_coordinates_fixed_20250520_172719 - INFO - Epoch 16, Batch 650/3392, Loss: 4.1530
2025-05-21 02:46:28,977 - transvg_coordinates_fixed_20250520_172719 - INFO - Train metrics: l1_loss: 0.5104 | giou_loss: 0.8006 | total_loss: 4.1530
2025-05-21 02:46:58,272 - transvg_coordinates_fixed_20250520_172719 - INFO - Epoch 16, Batch 700/3392, Loss: 3.7038
2025-05-21 02:46:58,273 - transvg_coordinates_fixed_20250520_172719 - INFO - Train metrics: l1_loss: 0.3849 | giou_loss: 0.8897 | total_loss: 3.7038
2025-05-21 02:47:27,565 - transvg_coordinates_fixed_20250520_172719 - INFO - Epoch 16, Batch 750/3392, Loss: 4.7704
2025-05-21 02:47:27,566 - transvg_coordinates_fixed_20250520_172719 - INFO - Train metrics: l1_loss: 0.5547 | giou_loss: 0.9983 | total_loss: 4.7704
2025-05-21 02:47:56,855 - transvg_coordinates_fixed_20250520_172719 - INFO - Epoch 16, Batch 800/3392, Loss: 4.0229
2025-05-21 02:47:56,856 - transvg_coordinates_fixed_20250520_172719 - INFO - Train metrics: l1_loss: 0.4368 | giou_loss: 0.9194 | total_loss: 4.0229
2025-05-21 02:48:26,152 - transvg_coordinates_fixed_20250520_172719 - INFO - Epoch 16, Batch 850/3392, Loss: 5.2512
2025-05-21 02:48:26,153 - transvg_coordinates_fixed_20250520_172719 - INFO - Train metrics: l1_loss: 0.5925 | giou_loss: 1.1443 | total_loss: 5.2512
2025-05-21 02:48:55,465 - transvg_coordinates_fixed_20250520_172719 - INFO - Epoch 16, Batch 900/3392, Loss: 3.5446
2025-05-21 02:48:55,466 - transvg_coordinates_fixed_20250520_172719 - INFO - Train metrics: l1_loss: 0.3573 | giou_loss: 0.8792 | total_loss: 3.5446
2025-05-21 02:49:24,754 - transvg_coordinates_fixed_20250520_172719 - INFO - Epoch 16, Batch 950/3392, Loss: 3.7045
2025-05-21 02:49:24,755 - transvg_coordinates_fixed_20250520_172719 - INFO - Train metrics: l1_loss: 0.3627 | giou_loss: 0.9455 | total_loss: 3.7045
2025-05-21 02:49:54,022 - transvg_coordinates_fixed_20250520_172719 - INFO - Epoch 16, Batch 1000/3392, Loss: 3.3921
2025-05-21 02:49:54,022 - transvg_coordinates_fixed_20250520_172719 - INFO - Train metrics: l1_loss: 0.3576 | giou_loss: 0.8021 | total_loss: 3.3921
2025-05-21 02:50:23,341 - transvg_coordinates_fixed_20250520_172719 - INFO - Epoch 16, Batch 1050/3392, Loss: 3.9342
2025-05-21 02:50:23,341 - transvg_coordinates_fixed_20250520_172719 - INFO - Train metrics: l1_loss: 0.4356 | giou_loss: 0.8782 | total_loss: 3.9342
2025-05-21 02:50:52,632 - transvg_coordinates_fixed_20250520_172719 - INFO - Epoch 16, Batch 1100/3392, Loss: 3.7446
2025-05-21 02:50:52,633 - transvg_coordinates_fixed_20250520_172719 - INFO - Train metrics: l1_loss: 0.3856 | giou_loss: 0.9083 | total_loss: 3.7446
2025-05-21 02:51:21,922 - transvg_coordinates_fixed_20250520_172719 - INFO - Epoch 16, Batch 1150/3392, Loss: 5.5605
2025-05-21 02:51:21,923 - transvg_coordinates_fixed_20250520_172719 - INFO - Train metrics: l1_loss: 0.6771 | giou_loss: 1.0875 | total_loss: 5.5605
2025-05-21 02:51:51,211 - transvg_coordinates_fixed_20250520_172719 - INFO - Epoch 16, Batch 1200/3392, Loss: 5.4276
2025-05-21 02:51:51,212 - transvg_coordinates_fixed_20250520_172719 - INFO - Train metrics: l1_loss: 0.6057 | giou_loss: 1.1996 | total_loss: 5.4276
2025-05-21 02:52:20,527 - transvg_coordinates_fixed_20250520_172719 - INFO - Epoch 16, Batch 1250/3392, Loss: 4.6837
2025-05-21 02:52:20,527 - transvg_coordinates_fixed_20250520_172719 - INFO - Train metrics: l1_loss: 0.5301 | giou_loss: 1.0165 | total_loss: 4.6837
2025-05-21 02:52:49,817 - transvg_coordinates_fixed_20250520_172719 - INFO - Epoch 16, Batch 1300/3392, Loss: 5.5108
2025-05-21 02:52:49,817 - transvg_coordinates_fixed_20250520_172719 - INFO - Train metrics: l1_loss: 0.5981 | giou_loss: 1.2601 | total_loss: 5.5108
2025-05-21 02:53:19,107 - transvg_coordinates_fixed_20250520_172719 - INFO - Epoch 16, Batch 1350/3392, Loss: 5.6578
2025-05-21 02:53:19,108 - transvg_coordinates_fixed_20250520_172719 - INFO - Train metrics: l1_loss: 0.6757 | giou_loss: 1.1395 | total_loss: 5.6578
2025-05-21 02:53:48,401 - transvg_coordinates_fixed_20250520_172719 - INFO - Epoch 16, Batch 1400/3392, Loss: 4.7523
2025-05-21 02:53:48,402 - transvg_coordinates_fixed_20250520_172719 - INFO - Train metrics: l1_loss: 0.4955 | giou_loss: 1.1373 | total_loss: 4.7523
2025-05-21 02:54:17,729 - transvg_coordinates_fixed_20250520_172719 - INFO - Epoch 16, Batch 1450/3392, Loss: 5.1248
2025-05-21 02:54:17,730 - transvg_coordinates_fixed_20250520_172719 - INFO - Train metrics: l1_loss: 0.5659 | giou_loss: 1.1475 | total_loss: 5.1248
2025-05-21 02:54:47,026 - transvg_coordinates_fixed_20250520_172719 - INFO - Epoch 16, Batch 1500/3392, Loss: 4.2102
2025-05-21 02:54:47,026 - transvg_coordinates_fixed_20250520_172719 - INFO - Train metrics: l1_loss: 0.4547 | giou_loss: 0.9683 | total_loss: 4.2102
2025-05-21 02:55:16,327 - transvg_coordinates_fixed_20250520_172719 - INFO - Epoch 16, Batch 1550/3392, Loss: 3.8499
2025-05-21 02:55:16,328 - transvg_coordinates_fixed_20250520_172719 - INFO - Train metrics: l1_loss: 0.4341 | giou_loss: 0.8398 | total_loss: 3.8499
2025-05-21 02:55:45,656 - transvg_coordinates_fixed_20250520_172719 - INFO - Epoch 16, Batch 1600/3392, Loss: 4.8547
2025-05-21 02:55:45,656 - transvg_coordinates_fixed_20250520_172719 - INFO - Train metrics: l1_loss: 0.5428 | giou_loss: 1.0703 | total_loss: 4.8547
2025-05-21 02:56:14,958 - transvg_coordinates_fixed_20250520_172719 - INFO - Epoch 16, Batch 1650/3392, Loss: 3.2330
2025-05-21 02:56:14,958 - transvg_coordinates_fixed_20250520_172719 - INFO - Train metrics: l1_loss: 0.3212 | giou_loss: 0.8135 | total_loss: 3.2330
2025-05-21 02:56:44,306 - transvg_coordinates_fixed_20250520_172719 - INFO - Epoch 16, Batch 1700/3392, Loss: 3.5948
2025-05-21 02:56:44,307 - transvg_coordinates_fixed_20250520_172719 - INFO - Train metrics: l1_loss: 0.3899 | giou_loss: 0.8227 | total_loss: 3.5948
2025-05-21 02:57:13,605 - transvg_coordinates_fixed_20250520_172719 - INFO - Epoch 16, Batch 1750/3392, Loss: 3.6358
2025-05-21 02:57:13,605 - transvg_coordinates_fixed_20250520_172719 - INFO - Train metrics: l1_loss: 0.3631 | giou_loss: 0.9100 | total_loss: 3.6358
2025-05-21 02:57:42,916 - transvg_coordinates_fixed_20250520_172719 - INFO - Epoch 16, Batch 1800/3392, Loss: 3.9139
2025-05-21 02:57:42,917 - transvg_coordinates_fixed_20250520_172719 - INFO - Train metrics: l1_loss: 0.3673 | giou_loss: 1.0387 | total_loss: 3.9139
2025-05-21 02:58:12,255 - transvg_coordinates_fixed_20250520_172719 - INFO - Epoch 16, Batch 1850/3392, Loss: 4.5743
2025-05-21 02:58:12,255 - transvg_coordinates_fixed_20250520_172719 - INFO - Train metrics: l1_loss: 0.5527 | giou_loss: 0.9054 | total_loss: 4.5743
2025-05-21 02:58:41,720 - transvg_coordinates_fixed_20250520_172719 - INFO - Epoch 16, Batch 1900/3392, Loss: 4.3302
2025-05-21 02:58:41,721 - transvg_coordinates_fixed_20250520_172719 - INFO - Train metrics: l1_loss: 0.4640 | giou_loss: 1.0052 | total_loss: 4.3302
2025-05-21 02:59:11,070 - transvg_coordinates_fixed_20250520_172719 - INFO - Epoch 16, Batch 1950/3392, Loss: 3.7461
2025-05-21 02:59:11,070 - transvg_coordinates_fixed_20250520_172719 - INFO - Train metrics: l1_loss: 0.3783 | giou_loss: 0.9274 | total_loss: 3.7461
2025-05-21 02:59:40,414 - transvg_coordinates_fixed_20250520_172719 - INFO - Epoch 16, Batch 2000/3392, Loss: 4.5889
2025-05-21 02:59:40,414 - transvg_coordinates_fixed_20250520_172719 - INFO - Train metrics: l1_loss: 0.5486 | giou_loss: 0.9230 | total_loss: 4.5889
2025-05-21 03:00:09,747 - transvg_coordinates_fixed_20250520_172719 - INFO - Epoch 16, Batch 2050/3392, Loss: 4.4903
2025-05-21 03:00:09,748 - transvg_coordinates_fixed_20250520_172719 - INFO - Train metrics: l1_loss: 0.4617 | giou_loss: 1.0908 | total_loss: 4.4903
2025-05-21 03:00:39,115 - transvg_coordinates_fixed_20250520_172719 - INFO - Epoch 16, Batch 2100/3392, Loss: 3.9769
2025-05-21 03:00:39,115 - transvg_coordinates_fixed_20250520_172719 - INFO - Train metrics: l1_loss: 0.3838 | giou_loss: 1.0290 | total_loss: 3.9769
2025-05-21 03:01:08,493 - transvg_coordinates_fixed_20250520_172719 - INFO - Epoch 16, Batch 2150/3392, Loss: 4.4962
2025-05-21 03:01:08,494 - transvg_coordinates_fixed_20250520_172719 - INFO - Train metrics: l1_loss: 0.4892 | giou_loss: 1.0251 | total_loss: 4.4962
2025-05-21 03:01:37,799 - transvg_coordinates_fixed_20250520_172719 - INFO - Epoch 16, Batch 2200/3392, Loss: 4.2947
2025-05-21 03:01:37,800 - transvg_coordinates_fixed_20250520_172719 - INFO - Train metrics: l1_loss: 0.4814 | giou_loss: 0.9437 | total_loss: 4.2947
2025-05-21 03:02:07,090 - transvg_coordinates_fixed_20250520_172719 - INFO - Epoch 16, Batch 2250/3392, Loss: 3.3800
2025-05-21 03:02:07,091 - transvg_coordinates_fixed_20250520_172719 - INFO - Train metrics: l1_loss: 0.3398 | giou_loss: 0.8406 | total_loss: 3.3800
2025-05-21 03:02:36,356 - transvg_coordinates_fixed_20250520_172719 - INFO - Epoch 16, Batch 2300/3392, Loss: 4.2216
2025-05-21 03:02:36,356 - transvg_coordinates_fixed_20250520_172719 - INFO - Train metrics: l1_loss: 0.4638 | giou_loss: 0.9513 | total_loss: 4.2216
2025-05-21 03:03:05,652 - transvg_coordinates_fixed_20250520_172719 - INFO - Epoch 16, Batch 2350/3392, Loss: 4.3222
2025-05-21 03:03:05,653 - transvg_coordinates_fixed_20250520_172719 - INFO - Train metrics: l1_loss: 0.4723 | giou_loss: 0.9805 | total_loss: 4.3222
2025-05-21 03:03:34,961 - transvg_coordinates_fixed_20250520_172719 - INFO - Epoch 16, Batch 2400/3392, Loss: 5.2237
2025-05-21 03:03:34,962 - transvg_coordinates_fixed_20250520_172719 - INFO - Train metrics: l1_loss: 0.6128 | giou_loss: 1.0798 | total_loss: 5.2237
2025-05-21 03:04:04,249 - transvg_coordinates_fixed_20250520_172719 - INFO - Epoch 16, Batch 2450/3392, Loss: 2.7340
2025-05-21 03:04:04,250 - transvg_coordinates_fixed_20250520_172719 - INFO - Train metrics: l1_loss: 0.2676 | giou_loss: 0.6979 | total_loss: 2.7340
2025-05-21 03:04:33,529 - transvg_coordinates_fixed_20250520_172719 - INFO - Epoch 16, Batch 2500/3392, Loss: 4.2422
2025-05-21 03:04:33,529 - transvg_coordinates_fixed_20250520_172719 - INFO - Train metrics: l1_loss: 0.4627 | giou_loss: 0.9644 | total_loss: 4.2422
2025-05-21 03:05:02,830 - transvg_coordinates_fixed_20250520_172719 - INFO - Epoch 16, Batch 2550/3392, Loss: 5.0157
2025-05-21 03:05:02,831 - transvg_coordinates_fixed_20250520_172719 - INFO - Train metrics: l1_loss: 0.5667 | giou_loss: 1.0911 | total_loss: 5.0157
2025-05-21 03:05:32,127 - transvg_coordinates_fixed_20250520_172719 - INFO - Epoch 16, Batch 2600/3392, Loss: 4.4336
2025-05-21 03:05:32,128 - transvg_coordinates_fixed_20250520_172719 - INFO - Train metrics: l1_loss: 0.4864 | giou_loss: 1.0009 | total_loss: 4.4336
2025-05-21 03:06:01,447 - transvg_coordinates_fixed_20250520_172719 - INFO - Epoch 16, Batch 2650/3392, Loss: 3.4896
2025-05-21 03:06:01,448 - transvg_coordinates_fixed_20250520_172719 - INFO - Train metrics: l1_loss: 0.3912 | giou_loss: 0.7668 | total_loss: 3.4896
2025-05-21 03:06:30,803 - transvg_coordinates_fixed_20250520_172719 - INFO - Epoch 16, Batch 2700/3392, Loss: 4.7608
2025-05-21 03:06:30,804 - transvg_coordinates_fixed_20250520_172719 - INFO - Train metrics: l1_loss: 0.5495 | giou_loss: 1.0066 | total_loss: 4.7608
2025-05-21 03:07:00,168 - transvg_coordinates_fixed_20250520_172719 - INFO - Epoch 16, Batch 2750/3392, Loss: 4.6537
2025-05-21 03:07:00,168 - transvg_coordinates_fixed_20250520_172719 - INFO - Train metrics: l1_loss: 0.5685 | giou_loss: 0.9055 | total_loss: 4.6537
2025-05-21 03:07:29,499 - transvg_coordinates_fixed_20250520_172719 - INFO - Epoch 16, Batch 2800/3392, Loss: 3.5254
2025-05-21 03:07:29,500 - transvg_coordinates_fixed_20250520_172719 - INFO - Train metrics: l1_loss: 0.3822 | giou_loss: 0.8071 | total_loss: 3.5254
2025-05-21 03:07:58,836 - transvg_coordinates_fixed_20250520_172719 - INFO - Epoch 16, Batch 2850/3392, Loss: 3.7880
2025-05-21 03:07:58,836 - transvg_coordinates_fixed_20250520_172719 - INFO - Train metrics: l1_loss: 0.4079 | giou_loss: 0.8741 | total_loss: 3.7880
2025-05-21 03:08:28,151 - transvg_coordinates_fixed_20250520_172719 - INFO - Epoch 16, Batch 2900/3392, Loss: 3.5206
2025-05-21 03:08:28,151 - transvg_coordinates_fixed_20250520_172719 - INFO - Train metrics: l1_loss: 0.3550 | giou_loss: 0.8729 | total_loss: 3.5206
2025-05-21 03:08:57,491 - transvg_coordinates_fixed_20250520_172719 - INFO - Epoch 16, Batch 2950/3392, Loss: 3.8433
2025-05-21 03:08:57,492 - transvg_coordinates_fixed_20250520_172719 - INFO - Train metrics: l1_loss: 0.3922 | giou_loss: 0.9411 | total_loss: 3.8433
2025-05-21 03:09:26,814 - transvg_coordinates_fixed_20250520_172719 - INFO - Epoch 16, Batch 3000/3392, Loss: 4.7222
2025-05-21 03:09:26,814 - transvg_coordinates_fixed_20250520_172719 - INFO - Train metrics: l1_loss: 0.5507 | giou_loss: 0.9843 | total_loss: 4.7222
2025-05-21 03:09:56,103 - transvg_coordinates_fixed_20250520_172719 - INFO - Epoch 16, Batch 3050/3392, Loss: 4.7288
2025-05-21 03:09:56,103 - transvg_coordinates_fixed_20250520_172719 - INFO - Train metrics: l1_loss: 0.5440 | giou_loss: 1.0045 | total_loss: 4.7288
2025-05-21 03:10:25,421 - transvg_coordinates_fixed_20250520_172719 - INFO - Epoch 16, Batch 3100/3392, Loss: 5.1137
2025-05-21 03:10:25,422 - transvg_coordinates_fixed_20250520_172719 - INFO - Train metrics: l1_loss: 0.5710 | giou_loss: 1.1293 | total_loss: 5.1137
2025-05-21 03:10:54,809 - transvg_coordinates_fixed_20250520_172719 - INFO - Epoch 16, Batch 3150/3392, Loss: 4.3322
2025-05-21 03:10:54,810 - transvg_coordinates_fixed_20250520_172719 - INFO - Train metrics: l1_loss: 0.4530 | giou_loss: 1.0335 | total_loss: 4.3322
2025-05-21 03:11:24,114 - transvg_coordinates_fixed_20250520_172719 - INFO - Epoch 16, Batch 3200/3392, Loss: 5.0759
2025-05-21 03:11:24,115 - transvg_coordinates_fixed_20250520_172719 - INFO - Train metrics: l1_loss: 0.5664 | giou_loss: 1.1219 | total_loss: 5.0759
2025-05-21 03:11:53,425 - transvg_coordinates_fixed_20250520_172719 - INFO - Epoch 16, Batch 3250/3392, Loss: 3.6005
2025-05-21 03:11:53,425 - transvg_coordinates_fixed_20250520_172719 - INFO - Train metrics: l1_loss: 0.3623 | giou_loss: 0.8945 | total_loss: 3.6005
2025-05-21 03:12:22,803 - transvg_coordinates_fixed_20250520_172719 - INFO - Epoch 16, Batch 3300/3392, Loss: 4.2895
2025-05-21 03:12:22,804 - transvg_coordinates_fixed_20250520_172719 - INFO - Train metrics: l1_loss: 0.4615 | giou_loss: 0.9910 | total_loss: 4.2895
2025-05-21 03:12:52,151 - transvg_coordinates_fixed_20250520_172719 - INFO - Epoch 16, Batch 3350/3392, Loss: 4.3634
2025-05-21 03:12:52,151 - transvg_coordinates_fixed_20250520_172719 - INFO - Train metrics: l1_loss: 0.4623 | giou_loss: 1.0260 | total_loss: 4.3634
2025-05-21 03:13:16,262 - transvg_coordinates_fixed_20250520_172719 - INFO - Train Epoch 16, Loss: 4.2847
2025-05-21 03:14:35,936 - transvg_coordinates_fixed_20250520_172719 - INFO - Pred box sample: [99.07090759277344, 67.4592056274414, 290.8982849121094, 235.76629638671875]
2025-05-21 03:14:35,937 - transvg_coordinates_fixed_20250520_172719 - INFO - Target box sample: [207.0, 198.0, 287.0, 283.0]
2025-05-21 03:14:36,018 - transvg_coordinates_fixed_20250520_172719 - INFO - Validation Epoch 16, Loss: 4.4523
2025-05-21 03:14:36,018 - transvg_coordinates_fixed_20250520_172719 - INFO - Val metrics: Acc@0.25: 0.3280 | Acc@0.5: 0.1150 | Acc@0.75: 0.0151 | mIoU: 0.1863 | medianIoU: 0.0888 | mae_x1: 100.6099 | mae_y1: 97.0836 | mae_x2: 100.6216 | mae_y2: 95.7580 | center_x_error: 85.7963 | center_y_error: 80.3474 | width_error: 2.4201 | height_error: 2.4389 | loss: 4.4523
2025-05-21 03:14:36,747 - transvg_coordinates_fixed_20250520_172719 - INFO - Saved model checkpoint to /home/pokle/Trans-VG/visual_grounding/checkpoints/transvg_coordinates_fixed_20250520_172719_epoch16.pth
2025-05-21 03:14:36,748 - transvg_coordinates_fixed_20250520_172719 - INFO - Epoch 17/200
2025-05-21 03:14:37,887 - transvg_coordinates_fixed_20250520_172719 - INFO - Epoch 17, Batch 0/3392, Loss: 3.9355
2025-05-21 03:14:37,888 - transvg_coordinates_fixed_20250520_172719 - INFO - Train metrics: l1_loss: 0.4431 | giou_loss: 0.8601 | total_loss: 3.9355
2025-05-21 03:15:07,426 - transvg_coordinates_fixed_20250520_172719 - INFO - Epoch 17, Batch 50/3392, Loss: 4.0683
2025-05-21 03:15:07,427 - transvg_coordinates_fixed_20250520_172719 - INFO - Train metrics: l1_loss: 0.4225 | giou_loss: 0.9778 | total_loss: 4.0683
2025-05-21 03:15:36,825 - transvg_coordinates_fixed_20250520_172719 - INFO - Epoch 17, Batch 100/3392, Loss: 3.7471
2025-05-21 03:15:36,825 - transvg_coordinates_fixed_20250520_172719 - INFO - Train metrics: l1_loss: 0.3721 | giou_loss: 0.9433 | total_loss: 3.7471
2025-05-21 03:16:06,157 - transvg_coordinates_fixed_20250520_172719 - INFO - Epoch 17, Batch 150/3392, Loss: 5.0248
2025-05-21 03:16:06,157 - transvg_coordinates_fixed_20250520_172719 - INFO - Train metrics: l1_loss: 0.5661 | giou_loss: 1.0970 | total_loss: 5.0248
2025-05-21 03:16:35,405 - transvg_coordinates_fixed_20250520_172719 - INFO - Epoch 17, Batch 200/3392, Loss: 4.0101
2025-05-21 03:16:35,405 - transvg_coordinates_fixed_20250520_172719 - INFO - Train metrics: l1_loss: 0.4940 | giou_loss: 0.7700 | total_loss: 4.0101
2025-05-21 03:17:04,691 - transvg_coordinates_fixed_20250520_172719 - INFO - Epoch 17, Batch 250/3392, Loss: 4.1622
2025-05-21 03:17:04,691 - transvg_coordinates_fixed_20250520_172719 - INFO - Train metrics: l1_loss: 0.4199 | giou_loss: 1.0314 | total_loss: 4.1622
2025-05-21 03:17:33,954 - transvg_coordinates_fixed_20250520_172719 - INFO - Epoch 17, Batch 300/3392, Loss: 4.9370
2025-05-21 03:17:33,954 - transvg_coordinates_fixed_20250520_172719 - INFO - Train metrics: l1_loss: 0.5322 | giou_loss: 1.1379 | total_loss: 4.9370
2025-05-21 03:18:03,232 - transvg_coordinates_fixed_20250520_172719 - INFO - Epoch 17, Batch 350/3392, Loss: 3.9684
2025-05-21 03:18:03,232 - transvg_coordinates_fixed_20250520_172719 - INFO - Train metrics: l1_loss: 0.4335 | giou_loss: 0.9004 | total_loss: 3.9684
2025-05-21 03:18:32,560 - transvg_coordinates_fixed_20250520_172719 - INFO - Epoch 17, Batch 400/3392, Loss: 3.7348
2025-05-21 03:18:32,560 - transvg_coordinates_fixed_20250520_172719 - INFO - Train metrics: l1_loss: 0.3756 | giou_loss: 0.9283 | total_loss: 3.7348
2025-05-21 03:19:01,845 - transvg_coordinates_fixed_20250520_172719 - INFO - Epoch 17, Batch 450/3392, Loss: 3.3287
2025-05-21 03:19:01,845 - transvg_coordinates_fixed_20250520_172719 - INFO - Train metrics: l1_loss: 0.3151 | giou_loss: 0.8767 | total_loss: 3.3287
2025-05-21 03:19:31,139 - transvg_coordinates_fixed_20250520_172719 - INFO - Epoch 17, Batch 500/3392, Loss: 4.9151
2025-05-21 03:19:31,139 - transvg_coordinates_fixed_20250520_172719 - INFO - Train metrics: l1_loss: 0.5238 | giou_loss: 1.1481 | total_loss: 4.9151
2025-05-21 03:20:00,430 - transvg_coordinates_fixed_20250520_172719 - INFO - Epoch 17, Batch 550/3392, Loss: 3.4624
2025-05-21 03:20:00,431 - transvg_coordinates_fixed_20250520_172719 - INFO - Train metrics: l1_loss: 0.3325 | giou_loss: 0.8999 | total_loss: 3.4624
2025-05-21 03:20:29,705 - transvg_coordinates_fixed_20250520_172719 - INFO - Epoch 17, Batch 600/3392, Loss: 2.6688
2025-05-21 03:20:29,705 - transvg_coordinates_fixed_20250520_172719 - INFO - Train metrics: l1_loss: 0.2501 | giou_loss: 0.7092 | total_loss: 2.6688
2025-05-21 03:20:59,018 - transvg_coordinates_fixed_20250520_172719 - INFO - Epoch 17, Batch 650/3392, Loss: 5.6727
2025-05-21 03:20:59,018 - transvg_coordinates_fixed_20250520_172719 - INFO - Train metrics: l1_loss: 0.6132 | giou_loss: 1.3034 | total_loss: 5.6727
2025-05-21 03:21:28,295 - transvg_coordinates_fixed_20250520_172719 - INFO - Epoch 17, Batch 700/3392, Loss: 4.0831
2025-05-21 03:21:28,296 - transvg_coordinates_fixed_20250520_172719 - INFO - Train metrics: l1_loss: 0.4383 | giou_loss: 0.9458 | total_loss: 4.0831
2025-05-21 03:21:57,582 - transvg_coordinates_fixed_20250520_172719 - INFO - Epoch 17, Batch 750/3392, Loss: 4.5538
2025-05-21 03:21:57,583 - transvg_coordinates_fixed_20250520_172719 - INFO - Train metrics: l1_loss: 0.5125 | giou_loss: 0.9956 | total_loss: 4.5538
2025-05-21 03:22:26,887 - transvg_coordinates_fixed_20250520_172719 - INFO - Epoch 17, Batch 800/3392, Loss: 4.0518
2025-05-21 03:22:26,887 - transvg_coordinates_fixed_20250520_172719 - INFO - Train metrics: l1_loss: 0.4569 | giou_loss: 0.8837 | total_loss: 4.0518
2025-05-21 03:22:56,125 - transvg_coordinates_fixed_20250520_172719 - INFO - Epoch 17, Batch 850/3392, Loss: 4.3196
2025-05-21 03:22:56,125 - transvg_coordinates_fixed_20250520_172719 - INFO - Train metrics: l1_loss: 0.4658 | giou_loss: 0.9954 | total_loss: 4.3196
2025-05-21 03:23:25,393 - transvg_coordinates_fixed_20250520_172719 - INFO - Epoch 17, Batch 900/3392, Loss: 4.0648
2025-05-21 03:23:25,393 - transvg_coordinates_fixed_20250520_172719 - INFO - Train metrics: l1_loss: 0.4639 | giou_loss: 0.8727 | total_loss: 4.0648
2025-05-21 03:23:54,706 - transvg_coordinates_fixed_20250520_172719 - INFO - Epoch 17, Batch 950/3392, Loss: 3.7886
2025-05-21 03:23:54,707 - transvg_coordinates_fixed_20250520_172719 - INFO - Train metrics: l1_loss: 0.4187 | giou_loss: 0.8474 | total_loss: 3.7886
2025-05-21 03:24:24,181 - transvg_coordinates_fixed_20250520_172719 - INFO - Epoch 17, Batch 1000/3392, Loss: 5.7840
2025-05-21 03:24:24,181 - transvg_coordinates_fixed_20250520_172719 - INFO - Train metrics: l1_loss: 0.7159 | giou_loss: 1.1023 | total_loss: 5.7840
2025-05-21 03:24:53,484 - transvg_coordinates_fixed_20250520_172719 - INFO - Epoch 17, Batch 1050/3392, Loss: 3.9965
2025-05-21 03:24:53,485 - transvg_coordinates_fixed_20250520_172719 - INFO - Train metrics: l1_loss: 0.4040 | giou_loss: 0.9884 | total_loss: 3.9965
2025-05-21 03:25:22,746 - transvg_coordinates_fixed_20250520_172719 - INFO - Epoch 17, Batch 1100/3392, Loss: 3.9708
2025-05-21 03:25:22,746 - transvg_coordinates_fixed_20250520_172719 - INFO - Train metrics: l1_loss: 0.4322 | giou_loss: 0.9049 | total_loss: 3.9708
2025-05-21 03:25:52,049 - transvg_coordinates_fixed_20250520_172719 - INFO - Epoch 17, Batch 1150/3392, Loss: 3.6627
2025-05-21 03:25:52,049 - transvg_coordinates_fixed_20250520_172719 - INFO - Train metrics: l1_loss: 0.4130 | giou_loss: 0.7988 | total_loss: 3.6627
2025-05-21 03:26:21,369 - transvg_coordinates_fixed_20250520_172719 - INFO - Epoch 17, Batch 1200/3392, Loss: 5.5753
2025-05-21 03:26:21,369 - transvg_coordinates_fixed_20250520_172719 - INFO - Train metrics: l1_loss: 0.6540 | giou_loss: 1.1527 | total_loss: 5.5753
2025-05-21 03:26:50,694 - transvg_coordinates_fixed_20250520_172719 - INFO - Epoch 17, Batch 1250/3392, Loss: 4.1841
2025-05-21 03:26:50,694 - transvg_coordinates_fixed_20250520_172719 - INFO - Train metrics: l1_loss: 0.4508 | giou_loss: 0.9650 | total_loss: 4.1841
2025-05-21 03:27:19,946 - transvg_coordinates_fixed_20250520_172719 - INFO - Epoch 17, Batch 1300/3392, Loss: 4.7934
2025-05-21 03:27:19,946 - transvg_coordinates_fixed_20250520_172719 - INFO - Train metrics: l1_loss: 0.5537 | giou_loss: 1.0124 | total_loss: 4.7934
2025-05-21 03:27:49,270 - transvg_coordinates_fixed_20250520_172719 - INFO - Epoch 17, Batch 1350/3392, Loss: 4.0071
2025-05-21 03:27:49,271 - transvg_coordinates_fixed_20250520_172719 - INFO - Train metrics: l1_loss: 0.4468 | giou_loss: 0.8866 | total_loss: 4.0071
2025-05-21 03:28:18,586 - transvg_coordinates_fixed_20250520_172719 - INFO - Epoch 17, Batch 1400/3392, Loss: 4.7045
2025-05-21 03:28:18,587 - transvg_coordinates_fixed_20250520_172719 - INFO - Train metrics: l1_loss: 0.5475 | giou_loss: 0.9835 | total_loss: 4.7045
2025-05-21 03:28:47,965 - transvg_coordinates_fixed_20250520_172719 - INFO - Epoch 17, Batch 1450/3392, Loss: 4.2013
2025-05-21 03:28:47,965 - transvg_coordinates_fixed_20250520_172719 - INFO - Train metrics: l1_loss: 0.4765 | giou_loss: 0.9093 | total_loss: 4.2013
2025-05-21 03:29:17,254 - transvg_coordinates_fixed_20250520_172719 - INFO - Epoch 17, Batch 1500/3392, Loss: 4.1862
2025-05-21 03:29:17,254 - transvg_coordinates_fixed_20250520_172719 - INFO - Train metrics: l1_loss: 0.4581 | giou_loss: 0.9478 | total_loss: 4.1862
2025-05-21 03:29:46,515 - transvg_coordinates_fixed_20250520_172719 - INFO - Epoch 17, Batch 1550/3392, Loss: 3.9514
2025-05-21 03:29:46,516 - transvg_coordinates_fixed_20250520_172719 - INFO - Train metrics: l1_loss: 0.4247 | giou_loss: 0.9139 | total_loss: 3.9514
2025-05-21 03:30:15,865 - transvg_coordinates_fixed_20250520_172719 - INFO - Epoch 17, Batch 1600/3392, Loss: 3.4445
2025-05-21 03:30:15,865 - transvg_coordinates_fixed_20250520_172719 - INFO - Train metrics: l1_loss: 0.3737 | giou_loss: 0.7880 | total_loss: 3.4445
2025-05-21 03:30:45,184 - transvg_coordinates_fixed_20250520_172719 - INFO - Epoch 17, Batch 1650/3392, Loss: 4.5498
2025-05-21 03:30:45,184 - transvg_coordinates_fixed_20250520_172719 - INFO - Train metrics: l1_loss: 0.5058 | giou_loss: 1.0103 | total_loss: 4.5498
2025-05-21 03:31:14,511 - transvg_coordinates_fixed_20250520_172719 - INFO - Epoch 17, Batch 1700/3392, Loss: 3.7920
2025-05-21 03:31:14,511 - transvg_coordinates_fixed_20250520_172719 - INFO - Train metrics: l1_loss: 0.3994 | giou_loss: 0.8974 | total_loss: 3.7920
2025-05-21 03:31:43,870 - transvg_coordinates_fixed_20250520_172719 - INFO - Epoch 17, Batch 1750/3392, Loss: 4.6710
2025-05-21 03:31:43,870 - transvg_coordinates_fixed_20250520_172719 - INFO - Train metrics: l1_loss: 0.5362 | giou_loss: 0.9949 | total_loss: 4.6710
2025-05-21 03:32:13,200 - transvg_coordinates_fixed_20250520_172719 - INFO - Epoch 17, Batch 1800/3392, Loss: 4.6069
2025-05-21 03:32:13,201 - transvg_coordinates_fixed_20250520_172719 - INFO - Train metrics: l1_loss: 0.4678 | giou_loss: 1.1338 | total_loss: 4.6069
2025-05-21 03:32:42,490 - transvg_coordinates_fixed_20250520_172719 - INFO - Epoch 17, Batch 1850/3392, Loss: 4.0896
2025-05-21 03:32:42,490 - transvg_coordinates_fixed_20250520_172719 - INFO - Train metrics: l1_loss: 0.4441 | giou_loss: 0.9345 | total_loss: 4.0896
2025-05-21 03:33:11,897 - transvg_coordinates_fixed_20250520_172719 - INFO - Epoch 17, Batch 1900/3392, Loss: 3.5672
2025-05-21 03:33:11,897 - transvg_coordinates_fixed_20250520_172719 - INFO - Train metrics: l1_loss: 0.4006 | giou_loss: 0.7821 | total_loss: 3.5672
2025-05-21 03:33:41,234 - transvg_coordinates_fixed_20250520_172719 - INFO - Epoch 17, Batch 1950/3392, Loss: 3.8945
2025-05-21 03:33:41,234 - transvg_coordinates_fixed_20250520_172719 - INFO - Train metrics: l1_loss: 0.4213 | giou_loss: 0.8939 | total_loss: 3.8945
2025-05-21 03:34:10,712 - transvg_coordinates_fixed_20250520_172719 - INFO - Epoch 17, Batch 2000/3392, Loss: 4.2251
2025-05-21 03:34:10,712 - transvg_coordinates_fixed_20250520_172719 - INFO - Train metrics: l1_loss: 0.5020 | giou_loss: 0.8575 | total_loss: 4.2251
2025-05-21 03:34:40,087 - transvg_coordinates_fixed_20250520_172719 - INFO - Epoch 17, Batch 2050/3392, Loss: 4.7873
2025-05-21 03:34:40,087 - transvg_coordinates_fixed_20250520_172719 - INFO - Train metrics: l1_loss: 0.5240 | giou_loss: 1.0837 | total_loss: 4.7873
2025-05-21 03:35:09,479 - transvg_coordinates_fixed_20250520_172719 - INFO - Epoch 17, Batch 2100/3392, Loss: 3.6452
2025-05-21 03:35:09,480 - transvg_coordinates_fixed_20250520_172719 - INFO - Train metrics: l1_loss: 0.3853 | giou_loss: 0.8593 | total_loss: 3.6452
2025-05-21 03:35:38,839 - transvg_coordinates_fixed_20250520_172719 - INFO - Epoch 17, Batch 2150/3392, Loss: 3.9275
2025-05-21 03:35:38,839 - transvg_coordinates_fixed_20250520_172719 - INFO - Train metrics: l1_loss: 0.4341 | giou_loss: 0.8786 | total_loss: 3.9275
2025-05-21 03:36:08,230 - transvg_coordinates_fixed_20250520_172719 - INFO - Epoch 17, Batch 2200/3392, Loss: 4.4925
2025-05-21 03:36:08,230 - transvg_coordinates_fixed_20250520_172719 - INFO - Train metrics: l1_loss: 0.4596 | giou_loss: 1.0971 | total_loss: 4.4925
2025-05-21 03:36:37,807 - transvg_coordinates_fixed_20250520_172719 - INFO - Epoch 17, Batch 2250/3392, Loss: 5.4075
2025-05-21 03:36:37,807 - transvg_coordinates_fixed_20250520_172719 - INFO - Train metrics: l1_loss: 0.6252 | giou_loss: 1.1408 | total_loss: 5.4075
2025-05-21 03:37:07,259 - transvg_coordinates_fixed_20250520_172719 - INFO - Epoch 17, Batch 2300/3392, Loss: 4.4589
2025-05-21 03:37:07,259 - transvg_coordinates_fixed_20250520_172719 - INFO - Train metrics: l1_loss: 0.4771 | giou_loss: 1.0368 | total_loss: 4.4589
2025-05-21 03:37:36,607 - transvg_coordinates_fixed_20250520_172719 - INFO - Epoch 17, Batch 2350/3392, Loss: 4.2904
2025-05-21 03:37:36,608 - transvg_coordinates_fixed_20250520_172719 - INFO - Train metrics: l1_loss: 0.4515 | giou_loss: 1.0166 | total_loss: 4.2904
2025-05-21 03:38:05,965 - transvg_coordinates_fixed_20250520_172719 - INFO - Epoch 17, Batch 2400/3392, Loss: 3.3482
2025-05-21 03:38:05,965 - transvg_coordinates_fixed_20250520_172719 - INFO - Train metrics: l1_loss: 0.3615 | giou_loss: 0.7704 | total_loss: 3.3482
2025-05-21 03:38:35,283 - transvg_coordinates_fixed_20250520_172719 - INFO - Epoch 17, Batch 2450/3392, Loss: 4.7554
2025-05-21 03:38:35,283 - transvg_coordinates_fixed_20250520_172719 - INFO - Train metrics: l1_loss: 0.5078 | giou_loss: 1.1082 | total_loss: 4.7554
2025-05-21 03:39:04,602 - transvg_coordinates_fixed_20250520_172719 - INFO - Epoch 17, Batch 2500/3392, Loss: 5.4147
2025-05-21 03:39:04,603 - transvg_coordinates_fixed_20250520_172719 - INFO - Train metrics: l1_loss: 0.6529 | giou_loss: 1.0750 | total_loss: 5.4147
2025-05-21 03:39:33,962 - transvg_coordinates_fixed_20250520_172719 - INFO - Epoch 17, Batch 2550/3392, Loss: 4.4616
2025-05-21 03:39:33,962 - transvg_coordinates_fixed_20250520_172719 - INFO - Train metrics: l1_loss: 0.5045 | giou_loss: 0.9697 | total_loss: 4.4616
2025-05-21 03:40:03,292 - transvg_coordinates_fixed_20250520_172719 - INFO - Epoch 17, Batch 2600/3392, Loss: 5.4481
2025-05-21 03:40:03,293 - transvg_coordinates_fixed_20250520_172719 - INFO - Train metrics: l1_loss: 0.6312 | giou_loss: 1.1461 | total_loss: 5.4481
2025-05-21 03:40:32,673 - transvg_coordinates_fixed_20250520_172719 - INFO - Epoch 17, Batch 2650/3392, Loss: 3.2937
2025-05-21 03:40:32,673 - transvg_coordinates_fixed_20250520_172719 - INFO - Train metrics: l1_loss: 0.3478 | giou_loss: 0.7774 | total_loss: 3.2937
2025-05-21 03:41:02,141 - transvg_coordinates_fixed_20250520_172719 - INFO - Epoch 17, Batch 2700/3392, Loss: 3.1217
2025-05-21 03:41:02,142 - transvg_coordinates_fixed_20250520_172719 - INFO - Train metrics: l1_loss: 0.3101 | giou_loss: 0.7856 | total_loss: 3.1217
2025-05-21 03:41:31,516 - transvg_coordinates_fixed_20250520_172719 - INFO - Epoch 17, Batch 2750/3392, Loss: 4.9849
2025-05-21 03:41:31,516 - transvg_coordinates_fixed_20250520_172719 - INFO - Train metrics: l1_loss: 0.5885 | giou_loss: 1.0213 | total_loss: 4.9849
2025-05-21 03:42:00,876 - transvg_coordinates_fixed_20250520_172719 - INFO - Epoch 17, Batch 2800/3392, Loss: 3.9771
2025-05-21 03:42:00,876 - transvg_coordinates_fixed_20250520_172719 - INFO - Train metrics: l1_loss: 0.4297 | giou_loss: 0.9144 | total_loss: 3.9771
2025-05-21 03:42:30,289 - transvg_coordinates_fixed_20250520_172719 - INFO - Epoch 17, Batch 2850/3392, Loss: 4.0083
2025-05-21 03:42:30,289 - transvg_coordinates_fixed_20250520_172719 - INFO - Train metrics: l1_loss: 0.4201 | giou_loss: 0.9538 | total_loss: 4.0083
2025-05-21 03:42:59,738 - transvg_coordinates_fixed_20250520_172719 - INFO - Epoch 17, Batch 2900/3392, Loss: 4.4256
2025-05-21 03:42:59,738 - transvg_coordinates_fixed_20250520_172719 - INFO - Train metrics: l1_loss: 0.4586 | giou_loss: 1.0664 | total_loss: 4.4256
2025-05-21 03:43:29,133 - transvg_coordinates_fixed_20250520_172719 - INFO - Epoch 17, Batch 2950/3392, Loss: 4.6423
2025-05-21 03:43:29,133 - transvg_coordinates_fixed_20250520_172719 - INFO - Train metrics: l1_loss: 0.5355 | giou_loss: 0.9823 | total_loss: 4.6423
2025-05-21 03:43:58,475 - transvg_coordinates_fixed_20250520_172719 - INFO - Epoch 17, Batch 3000/3392, Loss: 3.5099
2025-05-21 03:43:58,476 - transvg_coordinates_fixed_20250520_172719 - INFO - Train metrics: l1_loss: 0.3192 | giou_loss: 0.9569 | total_loss: 3.5099
2025-05-21 03:44:27,829 - transvg_coordinates_fixed_20250520_172719 - INFO - Epoch 17, Batch 3050/3392, Loss: 4.9341
2025-05-21 03:44:27,829 - transvg_coordinates_fixed_20250520_172719 - INFO - Train metrics: l1_loss: 0.5639 | giou_loss: 1.0574 | total_loss: 4.9341
2025-05-21 03:44:57,264 - transvg_coordinates_fixed_20250520_172719 - INFO - Epoch 17, Batch 3100/3392, Loss: 4.2500
2025-05-21 03:44:57,264 - transvg_coordinates_fixed_20250520_172719 - INFO - Train metrics: l1_loss: 0.4593 | giou_loss: 0.9769 | total_loss: 4.2500
2025-05-21 03:45:26,710 - transvg_coordinates_fixed_20250520_172719 - INFO - Epoch 17, Batch 3150/3392, Loss: 3.4854
2025-05-21 03:45:26,710 - transvg_coordinates_fixed_20250520_172719 - INFO - Train metrics: l1_loss: 0.3825 | giou_loss: 0.7865 | total_loss: 3.4854
2025-05-21 03:45:56,099 - transvg_coordinates_fixed_20250520_172719 - INFO - Epoch 17, Batch 3200/3392, Loss: 3.5577
2025-05-21 03:45:56,099 - transvg_coordinates_fixed_20250520_172719 - INFO - Train metrics: l1_loss: 0.3748 | giou_loss: 0.8418 | total_loss: 3.5577
2025-05-21 03:46:25,496 - transvg_coordinates_fixed_20250520_172719 - INFO - Epoch 17, Batch 3250/3392, Loss: 3.8682
2025-05-21 03:46:25,497 - transvg_coordinates_fixed_20250520_172719 - INFO - Train metrics: l1_loss: 0.4060 | giou_loss: 0.9192 | total_loss: 3.8682
2025-05-21 03:46:54,858 - transvg_coordinates_fixed_20250520_172719 - INFO - Epoch 17, Batch 3300/3392, Loss: 3.8978
2025-05-21 03:46:54,859 - transvg_coordinates_fixed_20250520_172719 - INFO - Train metrics: l1_loss: 0.3911 | giou_loss: 0.9712 | total_loss: 3.8978
2025-05-21 03:47:24,241 - transvg_coordinates_fixed_20250520_172719 - INFO - Epoch 17, Batch 3350/3392, Loss: 3.9450
2025-05-21 03:47:24,241 - transvg_coordinates_fixed_20250520_172719 - INFO - Train metrics: l1_loss: 0.4023 | giou_loss: 0.9667 | total_loss: 3.9450
2025-05-21 03:47:48,593 - transvg_coordinates_fixed_20250520_172719 - INFO - Train Epoch 17, Loss: 4.2718
2025-05-21 03:49:07,508 - transvg_coordinates_fixed_20250520_172719 - INFO - Pred box sample: [45.33942794799805, 64.18973541259766, 185.28013610839844, 226.12664794921875]
2025-05-21 03:49:07,509 - transvg_coordinates_fixed_20250520_172719 - INFO - Target box sample: [207.0, 198.0, 287.0, 283.0]
2025-05-21 03:49:07,584 - transvg_coordinates_fixed_20250520_172719 - INFO - Validation Epoch 17, Loss: 4.5738
2025-05-21 03:49:07,584 - transvg_coordinates_fixed_20250520_172719 - INFO - Val metrics: Acc@0.25: 0.3060 | Acc@0.5: 0.1126 | Acc@0.75: 0.0146 | mIoU: 0.1777 | medianIoU: 0.0752 | mae_x1: 104.3527 | mae_y1: 100.3755 | mae_x2: 105.4366 | mae_y2: 95.9299 | center_x_error: 90.3188 | center_y_error: 82.2375 | width_error: 2.3950 | height_error: 2.3601 | loss: 4.5738
2025-05-21 03:49:08,416 - transvg_coordinates_fixed_20250520_172719 - INFO - Saved model checkpoint to /home/pokle/Trans-VG/visual_grounding/checkpoints/transvg_coordinates_fixed_20250520_172719_epoch17.pth
2025-05-21 03:49:08,417 - transvg_coordinates_fixed_20250520_172719 - INFO - Epoch 18/200
2025-05-21 03:49:09,633 - transvg_coordinates_fixed_20250520_172719 - INFO - Epoch 18, Batch 0/3392, Loss: 4.3491
2025-05-21 03:49:09,633 - transvg_coordinates_fixed_20250520_172719 - INFO - Train metrics: l1_loss: 0.4740 | giou_loss: 0.9896 | total_loss: 4.3491
2025-05-21 03:49:39,561 - transvg_coordinates_fixed_20250520_172719 - INFO - Epoch 18, Batch 50/3392, Loss: 3.4363
2025-05-21 03:49:39,562 - transvg_coordinates_fixed_20250520_172719 - INFO - Train metrics: l1_loss: 0.3494 | giou_loss: 0.8446 | total_loss: 3.4363
2025-05-21 03:50:09,352 - transvg_coordinates_fixed_20250520_172719 - INFO - Epoch 18, Batch 100/3392, Loss: 4.3803
2025-05-21 03:50:09,353 - transvg_coordinates_fixed_20250520_172719 - INFO - Train metrics: l1_loss: 0.4768 | giou_loss: 0.9982 | total_loss: 4.3803
2025-05-21 03:50:39,270 - transvg_coordinates_fixed_20250520_172719 - INFO - Epoch 18, Batch 150/3392, Loss: 3.6997
2025-05-21 03:50:39,271 - transvg_coordinates_fixed_20250520_172719 - INFO - Train metrics: l1_loss: 0.4011 | giou_loss: 0.8471 | total_loss: 3.6997
2025-05-21 03:51:08,906 - transvg_coordinates_fixed_20250520_172719 - INFO - Epoch 18, Batch 200/3392, Loss: 3.9979
2025-05-21 03:51:08,907 - transvg_coordinates_fixed_20250520_172719 - INFO - Train metrics: l1_loss: 0.4185 | giou_loss: 0.9528 | total_loss: 3.9979
2025-05-21 03:51:38,553 - transvg_coordinates_fixed_20250520_172719 - INFO - Epoch 18, Batch 250/3392, Loss: 3.1640
2025-05-21 03:51:38,554 - transvg_coordinates_fixed_20250520_172719 - INFO - Train metrics: l1_loss: 0.3007 | giou_loss: 0.8303 | total_loss: 3.1640
2025-05-21 03:52:08,047 - transvg_coordinates_fixed_20250520_172719 - INFO - Epoch 18, Batch 300/3392, Loss: 3.6371
2025-05-21 03:52:08,048 - transvg_coordinates_fixed_20250520_172719 - INFO - Train metrics: l1_loss: 0.3707 | giou_loss: 0.8917 | total_loss: 3.6371
2025-05-21 03:52:37,507 - transvg_coordinates_fixed_20250520_172719 - INFO - Epoch 18, Batch 350/3392, Loss: 4.9539
2025-05-21 03:52:37,508 - transvg_coordinates_fixed_20250520_172719 - INFO - Train metrics: l1_loss: 0.5616 | giou_loss: 1.0729 | total_loss: 4.9539
2025-05-21 03:53:06,999 - transvg_coordinates_fixed_20250520_172719 - INFO - Epoch 18, Batch 400/3392, Loss: 4.6049
2025-05-21 03:53:07,000 - transvg_coordinates_fixed_20250520_172719 - INFO - Train metrics: l1_loss: 0.5543 | giou_loss: 0.9166 | total_loss: 4.6049
2025-05-21 03:53:36,483 - transvg_coordinates_fixed_20250520_172719 - INFO - Epoch 18, Batch 450/3392, Loss: 3.6650
2025-05-21 03:53:36,484 - transvg_coordinates_fixed_20250520_172719 - INFO - Train metrics: l1_loss: 0.3999 | giou_loss: 0.8328 | total_loss: 3.6650
2025-05-21 03:54:06,067 - transvg_coordinates_fixed_20250520_172719 - INFO - Epoch 18, Batch 500/3392, Loss: 3.4767
2025-05-21 03:54:06,068 - transvg_coordinates_fixed_20250520_172719 - INFO - Train metrics: l1_loss: 0.3324 | giou_loss: 0.9074 | total_loss: 3.4767
2025-05-21 03:54:35,629 - transvg_coordinates_fixed_20250520_172719 - INFO - Epoch 18, Batch 550/3392, Loss: 4.3064
2025-05-21 03:54:35,629 - transvg_coordinates_fixed_20250520_172719 - INFO - Train metrics: l1_loss: 0.5043 | giou_loss: 0.8926 | total_loss: 4.3064
2025-05-21 03:55:05,152 - transvg_coordinates_fixed_20250520_172719 - INFO - Epoch 18, Batch 600/3392, Loss: 4.5092
2025-05-21 03:55:05,153 - transvg_coordinates_fixed_20250520_172719 - INFO - Train metrics: l1_loss: 0.5516 | giou_loss: 0.8755 | total_loss: 4.5092
2025-05-21 03:55:34,684 - transvg_coordinates_fixed_20250520_172719 - INFO - Epoch 18, Batch 650/3392, Loss: 3.8334
2025-05-21 03:55:34,684 - transvg_coordinates_fixed_20250520_172719 - INFO - Train metrics: l1_loss: 0.3705 | giou_loss: 0.9905 | total_loss: 3.8334
2025-05-21 03:56:04,136 - transvg_coordinates_fixed_20250520_172719 - INFO - Epoch 18, Batch 700/3392, Loss: 3.3477
2025-05-21 03:56:04,137 - transvg_coordinates_fixed_20250520_172719 - INFO - Train metrics: l1_loss: 0.2971 | giou_loss: 0.9312 | total_loss: 3.3477
2025-05-21 03:56:33,727 - transvg_coordinates_fixed_20250520_172719 - INFO - Epoch 18, Batch 750/3392, Loss: 3.2891
2025-05-21 03:56:33,727 - transvg_coordinates_fixed_20250520_172719 - INFO - Train metrics: l1_loss: 0.3536 | giou_loss: 0.7606 | total_loss: 3.2891
2025-05-21 03:57:03,272 - transvg_coordinates_fixed_20250520_172719 - INFO - Epoch 18, Batch 800/3392, Loss: 3.7645
2025-05-21 03:57:03,272 - transvg_coordinates_fixed_20250520_172719 - INFO - Train metrics: l1_loss: 0.4022 | giou_loss: 0.8767 | total_loss: 3.7645
2025-05-21 03:57:32,783 - transvg_coordinates_fixed_20250520_172719 - INFO - Epoch 18, Batch 850/3392, Loss: 5.9609
2025-05-21 03:57:32,783 - transvg_coordinates_fixed_20250520_172719 - INFO - Train metrics: l1_loss: 0.6992 | giou_loss: 1.2326 | total_loss: 5.9609
2025-05-21 03:58:02,219 - transvg_coordinates_fixed_20250520_172719 - INFO - Epoch 18, Batch 900/3392, Loss: 4.5075
2025-05-21 03:58:02,220 - transvg_coordinates_fixed_20250520_172719 - INFO - Train metrics: l1_loss: 0.4860 | giou_loss: 1.0388 | total_loss: 4.5075
2025-05-21 03:58:31,745 - transvg_coordinates_fixed_20250520_172719 - INFO - Epoch 18, Batch 950/3392, Loss: 3.6067
2025-05-21 03:58:31,746 - transvg_coordinates_fixed_20250520_172719 - INFO - Train metrics: l1_loss: 0.3552 | giou_loss: 0.9154 | total_loss: 3.6067
2025-05-21 03:59:01,305 - transvg_coordinates_fixed_20250520_172719 - INFO - Epoch 18, Batch 1000/3392, Loss: 4.8076
2025-05-21 03:59:01,306 - transvg_coordinates_fixed_20250520_172719 - INFO - Train metrics: l1_loss: 0.5262 | giou_loss: 1.0884 | total_loss: 4.8076
2025-05-21 03:59:30,799 - transvg_coordinates_fixed_20250520_172719 - INFO - Epoch 18, Batch 1050/3392, Loss: 4.0733
2025-05-21 03:59:30,800 - transvg_coordinates_fixed_20250520_172719 - INFO - Train metrics: l1_loss: 0.4071 | giou_loss: 1.0190 | total_loss: 4.0733
2025-05-21 04:00:00,298 - transvg_coordinates_fixed_20250520_172719 - INFO - Epoch 18, Batch 1100/3392, Loss: 4.7886
2025-05-21 04:00:00,299 - transvg_coordinates_fixed_20250520_172719 - INFO - Train metrics: l1_loss: 0.5193 | giou_loss: 1.0961 | total_loss: 4.7886
2025-05-21 04:00:29,878 - transvg_coordinates_fixed_20250520_172719 - INFO - Epoch 18, Batch 1150/3392, Loss: 2.7566
2025-05-21 04:00:29,879 - transvg_coordinates_fixed_20250520_172719 - INFO - Train metrics: l1_loss: 0.2956 | giou_loss: 0.6393 | total_loss: 2.7566
2025-05-21 04:00:59,463 - transvg_coordinates_fixed_20250520_172719 - INFO - Epoch 18, Batch 1200/3392, Loss: 3.4702
2025-05-21 04:00:59,463 - transvg_coordinates_fixed_20250520_172719 - INFO - Train metrics: l1_loss: 0.3722 | giou_loss: 0.8045 | total_loss: 3.4702
2025-05-21 04:01:29,034 - transvg_coordinates_fixed_20250520_172719 - INFO - Epoch 18, Batch 1250/3392, Loss: 4.7806
2025-05-21 04:01:29,034 - transvg_coordinates_fixed_20250520_172719 - INFO - Train metrics: l1_loss: 0.5052 | giou_loss: 1.1274 | total_loss: 4.7806
2025-05-21 04:01:58,466 - transvg_coordinates_fixed_20250520_172719 - INFO - Epoch 18, Batch 1300/3392, Loss: 5.3216
2025-05-21 04:01:58,467 - transvg_coordinates_fixed_20250520_172719 - INFO - Train metrics: l1_loss: 0.6333 | giou_loss: 1.0775 | total_loss: 5.3216
2025-05-21 04:02:27,962 - transvg_coordinates_fixed_20250520_172719 - INFO - Epoch 18, Batch 1350/3392, Loss: 4.9579
2025-05-21 04:02:27,962 - transvg_coordinates_fixed_20250520_172719 - INFO - Train metrics: l1_loss: 0.5846 | giou_loss: 1.0174 | total_loss: 4.9579
2025-05-21 04:02:57,621 - transvg_coordinates_fixed_20250520_172719 - INFO - Epoch 18, Batch 1400/3392, Loss: 3.5811
2025-05-21 04:02:57,621 - transvg_coordinates_fixed_20250520_172719 - INFO - Train metrics: l1_loss: 0.3641 | giou_loss: 0.8804 | total_loss: 3.5811
2025-05-21 04:03:27,148 - transvg_coordinates_fixed_20250520_172719 - INFO - Epoch 18, Batch 1450/3392, Loss: 4.3819
2025-05-21 04:03:27,149 - transvg_coordinates_fixed_20250520_172719 - INFO - Train metrics: l1_loss: 0.4611 | giou_loss: 1.0382 | total_loss: 4.3819
2025-05-21 04:03:56,781 - transvg_coordinates_fixed_20250520_172719 - INFO - Epoch 18, Batch 1500/3392, Loss: 3.5243
2025-05-21 04:03:56,781 - transvg_coordinates_fixed_20250520_172719 - INFO - Train metrics: l1_loss: 0.3546 | giou_loss: 0.8756 | total_loss: 3.5243
2025-05-21 04:04:26,281 - transvg_coordinates_fixed_20250520_172719 - INFO - Epoch 18, Batch 1550/3392, Loss: 2.9704
2025-05-21 04:04:26,282 - transvg_coordinates_fixed_20250520_172719 - INFO - Train metrics: l1_loss: 0.2811 | giou_loss: 0.7824 | total_loss: 2.9704
2025-05-21 04:04:55,802 - transvg_coordinates_fixed_20250520_172719 - INFO - Epoch 18, Batch 1600/3392, Loss: 4.5678
2025-05-21 04:04:55,802 - transvg_coordinates_fixed_20250520_172719 - INFO - Train metrics: l1_loss: 0.5056 | giou_loss: 1.0199 | total_loss: 4.5678
2025-05-21 04:05:25,296 - transvg_coordinates_fixed_20250520_172719 - INFO - Epoch 18, Batch 1650/3392, Loss: 4.7858
2025-05-21 04:05:25,297 - transvg_coordinates_fixed_20250520_172719 - INFO - Train metrics: l1_loss: 0.5200 | giou_loss: 1.0928 | total_loss: 4.7858
2025-05-21 04:05:54,784 - transvg_coordinates_fixed_20250520_172719 - INFO - Epoch 18, Batch 1700/3392, Loss: 4.6511
2025-05-21 04:05:54,785 - transvg_coordinates_fixed_20250520_172719 - INFO - Train metrics: l1_loss: 0.5346 | giou_loss: 0.9890 | total_loss: 4.6511
2025-05-21 04:06:24,237 - transvg_coordinates_fixed_20250520_172719 - INFO - Epoch 18, Batch 1750/3392, Loss: 3.9765
2025-05-21 04:06:24,238 - transvg_coordinates_fixed_20250520_172719 - INFO - Train metrics: l1_loss: 0.3935 | giou_loss: 1.0046 | total_loss: 3.9765
2025-05-21 04:06:53,700 - transvg_coordinates_fixed_20250520_172719 - INFO - Epoch 18, Batch 1800/3392, Loss: 5.3704
2025-05-21 04:06:53,701 - transvg_coordinates_fixed_20250520_172719 - INFO - Train metrics: l1_loss: 0.6170 | giou_loss: 1.1428 | total_loss: 5.3704
2025-05-21 04:07:23,135 - transvg_coordinates_fixed_20250520_172719 - INFO - Epoch 18, Batch 1850/3392, Loss: 3.1135
2025-05-21 04:07:23,135 - transvg_coordinates_fixed_20250520_172719 - INFO - Train metrics: l1_loss: 0.3133 | giou_loss: 0.7736 | total_loss: 3.1135
2025-05-21 04:07:52,637 - transvg_coordinates_fixed_20250520_172719 - INFO - Epoch 18, Batch 1900/3392, Loss: 5.9894
2025-05-21 04:07:52,638 - transvg_coordinates_fixed_20250520_172719 - INFO - Train metrics: l1_loss: 0.7473 | giou_loss: 1.1265 | total_loss: 5.9894
2025-05-21 04:08:22,179 - transvg_coordinates_fixed_20250520_172719 - INFO - Epoch 18, Batch 1950/3392, Loss: 3.3410
2025-05-21 04:08:22,180 - transvg_coordinates_fixed_20250520_172719 - INFO - Train metrics: l1_loss: 0.3341 | giou_loss: 0.8353 | total_loss: 3.3410
2025-05-21 04:08:51,681 - transvg_coordinates_fixed_20250520_172719 - INFO - Epoch 18, Batch 2000/3392, Loss: 4.0697
2025-05-21 04:08:51,681 - transvg_coordinates_fixed_20250520_172719 - INFO - Train metrics: l1_loss: 0.4558 | giou_loss: 0.8953 | total_loss: 4.0697
2025-05-21 04:09:21,141 - transvg_coordinates_fixed_20250520_172719 - INFO - Epoch 18, Batch 2050/3392, Loss: 3.9471
2025-05-21 04:09:21,142 - transvg_coordinates_fixed_20250520_172719 - INFO - Train metrics: l1_loss: 0.3971 | giou_loss: 0.9808 | total_loss: 3.9471
2025-05-21 04:09:50,597 - transvg_coordinates_fixed_20250520_172719 - INFO - Epoch 18, Batch 2100/3392, Loss: 4.3412
2025-05-21 04:09:50,597 - transvg_coordinates_fixed_20250520_172719 - INFO - Train metrics: l1_loss: 0.4856 | giou_loss: 0.9565 | total_loss: 4.3412
2025-05-21 04:10:20,123 - transvg_coordinates_fixed_20250520_172719 - INFO - Epoch 18, Batch 2150/3392, Loss: 5.2800
2025-05-21 04:10:20,124 - transvg_coordinates_fixed_20250520_172719 - INFO - Train metrics: l1_loss: 0.5915 | giou_loss: 1.1612 | total_loss: 5.2800
2025-05-21 04:10:49,576 - transvg_coordinates_fixed_20250520_172719 - INFO - Epoch 18, Batch 2200/3392, Loss: 4.2117
2025-05-21 04:10:49,577 - transvg_coordinates_fixed_20250520_172719 - INFO - Train metrics: l1_loss: 0.4548 | giou_loss: 0.9687 | total_loss: 4.2117
2025-05-21 04:11:18,994 - transvg_coordinates_fixed_20250520_172719 - INFO - Epoch 18, Batch 2250/3392, Loss: 4.8985
2025-05-21 04:11:18,995 - transvg_coordinates_fixed_20250520_172719 - INFO - Train metrics: l1_loss: 0.5556 | giou_loss: 1.0602 | total_loss: 4.8985
2025-05-21 04:11:48,446 - transvg_coordinates_fixed_20250520_172719 - INFO - Epoch 18, Batch 2300/3392, Loss: 3.2790
2025-05-21 04:11:48,447 - transvg_coordinates_fixed_20250520_172719 - INFO - Train metrics: l1_loss: 0.3417 | giou_loss: 0.7852 | total_loss: 3.2790
2025-05-21 04:12:17,980 - transvg_coordinates_fixed_20250520_172719 - INFO - Epoch 18, Batch 2350/3392, Loss: 3.4091
2025-05-21 04:12:17,981 - transvg_coordinates_fixed_20250520_172719 - INFO - Train metrics: l1_loss: 0.3260 | giou_loss: 0.8895 | total_loss: 3.4091
2025-05-21 04:12:47,537 - transvg_coordinates_fixed_20250520_172719 - INFO - Epoch 18, Batch 2400/3392, Loss: 4.2077
2025-05-21 04:12:47,538 - transvg_coordinates_fixed_20250520_172719 - INFO - Train metrics: l1_loss: 0.4562 | giou_loss: 0.9634 | total_loss: 4.2077
2025-05-21 04:13:17,097 - transvg_coordinates_fixed_20250520_172719 - INFO - Epoch 18, Batch 2450/3392, Loss: 3.5378
2025-05-21 04:13:17,098 - transvg_coordinates_fixed_20250520_172719 - INFO - Train metrics: l1_loss: 0.3959 | giou_loss: 0.7790 | total_loss: 3.5378
2025-05-21 04:13:46,502 - transvg_coordinates_fixed_20250520_172719 - INFO - Epoch 18, Batch 2500/3392, Loss: 4.4536
2025-05-21 04:13:46,503 - transvg_coordinates_fixed_20250520_172719 - INFO - Train metrics: l1_loss: 0.4729 | giou_loss: 1.0447 | total_loss: 4.4536
2025-05-21 04:14:15,944 - transvg_coordinates_fixed_20250520_172719 - INFO - Epoch 18, Batch 2550/3392, Loss: 3.1628
2025-05-21 04:14:15,945 - transvg_coordinates_fixed_20250520_172719 - INFO - Train metrics: l1_loss: 0.3292 | giou_loss: 0.7584 | total_loss: 3.1628
2025-05-21 04:14:45,510 - transvg_coordinates_fixed_20250520_172719 - INFO - Epoch 18, Batch 2600/3392, Loss: 4.1092
2025-05-21 04:14:45,510 - transvg_coordinates_fixed_20250520_172719 - INFO - Train metrics: l1_loss: 0.4457 | giou_loss: 0.9402 | total_loss: 4.1092
2025-05-21 04:15:15,158 - transvg_coordinates_fixed_20250520_172719 - INFO - Epoch 18, Batch 2650/3392, Loss: 3.5804
2025-05-21 04:15:15,159 - transvg_coordinates_fixed_20250520_172719 - INFO - Train metrics: l1_loss: 0.3541 | giou_loss: 0.9050 | total_loss: 3.5804
2025-05-21 04:15:44,657 - transvg_coordinates_fixed_20250520_172719 - INFO - Epoch 18, Batch 2700/3392, Loss: 3.2201
2025-05-21 04:15:44,657 - transvg_coordinates_fixed_20250520_172719 - INFO - Train metrics: l1_loss: 0.3129 | giou_loss: 0.8278 | total_loss: 3.2201
2025-05-21 04:16:14,229 - transvg_coordinates_fixed_20250520_172719 - INFO - Epoch 18, Batch 2750/3392, Loss: 4.1350
2025-05-21 04:16:14,230 - transvg_coordinates_fixed_20250520_172719 - INFO - Train metrics: l1_loss: 0.4605 | giou_loss: 0.9163 | total_loss: 4.1350
2025-05-21 04:16:43,778 - transvg_coordinates_fixed_20250520_172719 - INFO - Epoch 18, Batch 2800/3392, Loss: 3.3370
2025-05-21 04:16:43,779 - transvg_coordinates_fixed_20250520_172719 - INFO - Train metrics: l1_loss: 0.3798 | giou_loss: 0.7189 | total_loss: 3.3370
2025-05-21 04:17:13,279 - transvg_coordinates_fixed_20250520_172719 - INFO - Epoch 18, Batch 2850/3392, Loss: 3.4574
2025-05-21 04:17:13,280 - transvg_coordinates_fixed_20250520_172719 - INFO - Train metrics: l1_loss: 0.3532 | giou_loss: 0.8457 | total_loss: 3.4574
2025-05-21 04:17:42,755 - transvg_coordinates_fixed_20250520_172719 - INFO - Epoch 18, Batch 2900/3392, Loss: 3.8637
2025-05-21 04:17:42,756 - transvg_coordinates_fixed_20250520_172719 - INFO - Train metrics: l1_loss: 0.4439 | giou_loss: 0.8222 | total_loss: 3.8637
2025-05-21 04:18:12,259 - transvg_coordinates_fixed_20250520_172719 - INFO - Epoch 18, Batch 2950/3392, Loss: 4.8003
2025-05-21 04:18:12,260 - transvg_coordinates_fixed_20250520_172719 - INFO - Train metrics: l1_loss: 0.5628 | giou_loss: 0.9931 | total_loss: 4.8003
2025-05-21 04:18:41,736 - transvg_coordinates_fixed_20250520_172719 - INFO - Epoch 18, Batch 3000/3392, Loss: 3.5607
2025-05-21 04:18:41,737 - transvg_coordinates_fixed_20250520_172719 - INFO - Train metrics: l1_loss: 0.3641 | giou_loss: 0.8702 | total_loss: 3.5607
2025-05-21 04:19:11,194 - transvg_coordinates_fixed_20250520_172719 - INFO - Epoch 18, Batch 3050/3392, Loss: 4.7970
2025-05-21 04:19:11,194 - transvg_coordinates_fixed_20250520_172719 - INFO - Train metrics: l1_loss: 0.5110 | giou_loss: 1.1211 | total_loss: 4.7970
2025-05-21 04:19:40,595 - transvg_coordinates_fixed_20250520_172719 - INFO - Epoch 18, Batch 3100/3392, Loss: 4.1153
2025-05-21 04:19:40,596 - transvg_coordinates_fixed_20250520_172719 - INFO - Train metrics: l1_loss: 0.4325 | giou_loss: 0.9764 | total_loss: 4.1153
2025-05-21 04:20:09,959 - transvg_coordinates_fixed_20250520_172719 - INFO - Epoch 18, Batch 3150/3392, Loss: 4.2919
2025-05-21 04:20:09,959 - transvg_coordinates_fixed_20250520_172719 - INFO - Train metrics: l1_loss: 0.4943 | giou_loss: 0.9101 | total_loss: 4.2919
2025-05-21 04:20:39,334 - transvg_coordinates_fixed_20250520_172719 - INFO - Epoch 18, Batch 3200/3392, Loss: 4.6683
2025-05-21 04:20:39,335 - transvg_coordinates_fixed_20250520_172719 - INFO - Train metrics: l1_loss: 0.5337 | giou_loss: 1.0000 | total_loss: 4.6683
2025-05-21 04:21:08,697 - transvg_coordinates_fixed_20250520_172719 - INFO - Epoch 18, Batch 3250/3392, Loss: 3.8955
2025-05-21 04:21:08,697 - transvg_coordinates_fixed_20250520_172719 - INFO - Train metrics: l1_loss: 0.4168 | giou_loss: 0.9057 | total_loss: 3.8955
2025-05-21 04:21:38,237 - transvg_coordinates_fixed_20250520_172719 - INFO - Epoch 18, Batch 3300/3392, Loss: 3.9717
2025-05-21 04:21:38,237 - transvg_coordinates_fixed_20250520_172719 - INFO - Train metrics: l1_loss: 0.3914 | giou_loss: 1.0074 | total_loss: 3.9717
2025-05-21 04:22:07,729 - transvg_coordinates_fixed_20250520_172719 - INFO - Epoch 18, Batch 3350/3392, Loss: 4.5608
2025-05-21 04:22:07,730 - transvg_coordinates_fixed_20250520_172719 - INFO - Train metrics: l1_loss: 0.4995 | giou_loss: 1.0316 | total_loss: 4.5608
2025-05-21 04:22:31,956 - transvg_coordinates_fixed_20250520_172719 - INFO - Train Epoch 18, Loss: 4.2517
2025-05-21 04:23:50,404 - transvg_coordinates_fixed_20250520_172719 - INFO - Pred box sample: [92.5594711303711, 79.5829086303711, 251.00753784179688, 229.0068817138672]
2025-05-21 04:23:50,405 - transvg_coordinates_fixed_20250520_172719 - INFO - Target box sample: [207.0, 198.0, 287.0, 283.0]
2025-05-21 04:23:50,480 - transvg_coordinates_fixed_20250520_172719 - INFO - Validation Epoch 18, Loss: 4.5348
2025-05-21 04:23:50,481 - transvg_coordinates_fixed_20250520_172719 - INFO - Val metrics: Acc@0.25: 0.3150 | Acc@0.5: 0.1137 | Acc@0.75: 0.0159 | mIoU: 0.1814 | medianIoU: 0.0875 | mae_x1: 101.5214 | mae_y1: 98.8111 | mae_x2: 105.0966 | mae_y2: 97.9623 | center_x_error: 86.6722 | center_y_error: 83.4654 | width_error: 2.6055 | height_error: 2.2703 | loss: 4.5348
2025-05-21 04:23:51,261 - transvg_coordinates_fixed_20250520_172719 - INFO - Saved model checkpoint to /home/pokle/Trans-VG/visual_grounding/checkpoints/transvg_coordinates_fixed_20250520_172719_epoch18.pth
2025-05-21 04:23:51,262 - transvg_coordinates_fixed_20250520_172719 - INFO - Epoch 19/200
2025-05-21 04:23:52,403 - transvg_coordinates_fixed_20250520_172719 - INFO - Epoch 19, Batch 0/3392, Loss: 5.3600
2025-05-21 04:23:52,403 - transvg_coordinates_fixed_20250520_172719 - INFO - Train metrics: l1_loss: 0.6282 | giou_loss: 1.1094 | total_loss: 5.3600
2025-05-21 04:24:22,123 - transvg_coordinates_fixed_20250520_172719 - INFO - Epoch 19, Batch 50/3392, Loss: 5.1543
2025-05-21 04:24:22,124 - transvg_coordinates_fixed_20250520_172719 - INFO - Train metrics: l1_loss: 0.5820 | giou_loss: 1.1221 | total_loss: 5.1543
2025-05-21 04:24:51,590 - transvg_coordinates_fixed_20250520_172719 - INFO - Epoch 19, Batch 100/3392, Loss: 5.2517
2025-05-21 04:24:51,590 - transvg_coordinates_fixed_20250520_172719 - INFO - Train metrics: l1_loss: 0.5915 | giou_loss: 1.1472 | total_loss: 5.2517
2025-05-21 04:25:20,980 - transvg_coordinates_fixed_20250520_172719 - INFO - Epoch 19, Batch 150/3392, Loss: 3.7060
2025-05-21 04:25:20,981 - transvg_coordinates_fixed_20250520_172719 - INFO - Train metrics: l1_loss: 0.3814 | giou_loss: 0.8996 | total_loss: 3.7060
2025-05-21 04:25:50,438 - transvg_coordinates_fixed_20250520_172719 - INFO - Epoch 19, Batch 200/3392, Loss: 4.2424
2025-05-21 04:25:50,439 - transvg_coordinates_fixed_20250520_172719 - INFO - Train metrics: l1_loss: 0.4912 | giou_loss: 0.8931 | total_loss: 4.2424
2025-05-21 04:26:19,767 - transvg_coordinates_fixed_20250520_172719 - INFO - Epoch 19, Batch 250/3392, Loss: 4.3377
2025-05-21 04:26:19,767 - transvg_coordinates_fixed_20250520_172719 - INFO - Train metrics: l1_loss: 0.4830 | giou_loss: 0.9613 | total_loss: 4.3377
2025-05-21 04:26:49,082 - transvg_coordinates_fixed_20250520_172719 - INFO - Epoch 19, Batch 300/3392, Loss: 5.3647
2025-05-21 04:26:49,082 - transvg_coordinates_fixed_20250520_172719 - INFO - Train metrics: l1_loss: 0.6405 | giou_loss: 1.0810 | total_loss: 5.3647
2025-05-21 04:27:18,379 - transvg_coordinates_fixed_20250520_172719 - INFO - Epoch 19, Batch 350/3392, Loss: 4.8746
2025-05-21 04:27:18,379 - transvg_coordinates_fixed_20250520_172719 - INFO - Train metrics: l1_loss: 0.5195 | giou_loss: 1.1385 | total_loss: 4.8746
2025-05-21 04:27:47,686 - transvg_coordinates_fixed_20250520_172719 - INFO - Epoch 19, Batch 400/3392, Loss: 5.1258
2025-05-21 04:27:47,687 - transvg_coordinates_fixed_20250520_172719 - INFO - Train metrics: l1_loss: 0.5564 | giou_loss: 1.1720 | total_loss: 5.1258
2025-05-21 04:28:17,145 - transvg_coordinates_fixed_20250520_172719 - INFO - Epoch 19, Batch 450/3392, Loss: 5.4726
2025-05-21 04:28:17,145 - transvg_coordinates_fixed_20250520_172719 - INFO - Train metrics: l1_loss: 0.6339 | giou_loss: 1.1515 | total_loss: 5.4726
2025-05-21 04:28:46,527 - transvg_coordinates_fixed_20250520_172719 - INFO - Epoch 19, Batch 500/3392, Loss: 3.5241
2025-05-21 04:28:46,528 - transvg_coordinates_fixed_20250520_172719 - INFO - Train metrics: l1_loss: 0.3670 | giou_loss: 0.8445 | total_loss: 3.5241
2025-05-21 04:29:16,037 - transvg_coordinates_fixed_20250520_172719 - INFO - Epoch 19, Batch 550/3392, Loss: 3.6177
2025-05-21 04:29:16,037 - transvg_coordinates_fixed_20250520_172719 - INFO - Train metrics: l1_loss: 0.4081 | giou_loss: 0.7885 | total_loss: 3.6177
2025-05-21 04:29:45,394 - transvg_coordinates_fixed_20250520_172719 - INFO - Epoch 19, Batch 600/3392, Loss: 3.8568
2025-05-21 04:29:45,395 - transvg_coordinates_fixed_20250520_172719 - INFO - Train metrics: l1_loss: 0.4461 | giou_loss: 0.8132 | total_loss: 3.8568
2025-05-21 04:30:14,761 - transvg_coordinates_fixed_20250520_172719 - INFO - Epoch 19, Batch 650/3392, Loss: 3.8043
2025-05-21 04:30:14,761 - transvg_coordinates_fixed_20250520_172719 - INFO - Train metrics: l1_loss: 0.3584 | giou_loss: 1.0062 | total_loss: 3.8043
2025-05-21 04:30:44,079 - transvg_coordinates_fixed_20250520_172719 - INFO - Epoch 19, Batch 700/3392, Loss: 3.9575
2025-05-21 04:30:44,080 - transvg_coordinates_fixed_20250520_172719 - INFO - Train metrics: l1_loss: 0.3950 | giou_loss: 0.9912 | total_loss: 3.9575
2025-05-21 04:31:13,413 - transvg_coordinates_fixed_20250520_172719 - INFO - Epoch 19, Batch 750/3392, Loss: 3.8493
2025-05-21 04:31:13,413 - transvg_coordinates_fixed_20250520_172719 - INFO - Train metrics: l1_loss: 0.3958 | giou_loss: 0.9351 | total_loss: 3.8493
2025-05-21 04:31:42,729 - transvg_coordinates_fixed_20250520_172719 - INFO - Epoch 19, Batch 800/3392, Loss: 3.4380
2025-05-21 04:31:42,730 - transvg_coordinates_fixed_20250520_172719 - INFO - Train metrics: l1_loss: 0.3542 | giou_loss: 0.8334 | total_loss: 3.4380
2025-05-21 04:32:12,062 - transvg_coordinates_fixed_20250520_172719 - INFO - Epoch 19, Batch 850/3392, Loss: 4.6525
2025-05-21 04:32:12,062 - transvg_coordinates_fixed_20250520_172719 - INFO - Train metrics: l1_loss: 0.5275 | giou_loss: 1.0074 | total_loss: 4.6525
2025-05-21 04:32:41,463 - transvg_coordinates_fixed_20250520_172719 - INFO - Epoch 19, Batch 900/3392, Loss: 4.6417
2025-05-21 04:32:41,463 - transvg_coordinates_fixed_20250520_172719 - INFO - Train metrics: l1_loss: 0.5376 | giou_loss: 0.9768 | total_loss: 4.6417
2025-05-21 04:33:10,802 - transvg_coordinates_fixed_20250520_172719 - INFO - Epoch 19, Batch 950/3392, Loss: 4.3926
2025-05-21 04:33:10,803 - transvg_coordinates_fixed_20250520_172719 - INFO - Train metrics: l1_loss: 0.4915 | giou_loss: 0.9676 | total_loss: 4.3926
2025-05-21 04:33:40,205 - transvg_coordinates_fixed_20250520_172719 - INFO - Epoch 19, Batch 1000/3392, Loss: 4.8250
2025-05-21 04:33:40,206 - transvg_coordinates_fixed_20250520_172719 - INFO - Train metrics: l1_loss: 0.5091 | giou_loss: 1.1398 | total_loss: 4.8250
2025-05-21 04:34:09,626 - transvg_coordinates_fixed_20250520_172719 - INFO - Epoch 19, Batch 1050/3392, Loss: 3.6485
2025-05-21 04:34:09,626 - transvg_coordinates_fixed_20250520_172719 - INFO - Train metrics: l1_loss: 0.3964 | giou_loss: 0.8333 | total_loss: 3.6485
2025-05-21 04:34:39,085 - transvg_coordinates_fixed_20250520_172719 - INFO - Epoch 19, Batch 1100/3392, Loss: 3.5726
2025-05-21 04:34:39,085 - transvg_coordinates_fixed_20250520_172719 - INFO - Train metrics: l1_loss: 0.3809 | giou_loss: 0.8340 | total_loss: 3.5726
2025-05-21 04:35:08,512 - transvg_coordinates_fixed_20250520_172719 - INFO - Epoch 19, Batch 1150/3392, Loss: 6.5385
2025-05-21 04:35:08,512 - transvg_coordinates_fixed_20250520_172719 - INFO - Train metrics: l1_loss: 0.8056 | giou_loss: 1.2553 | total_loss: 6.5385
2025-05-21 04:35:37,949 - transvg_coordinates_fixed_20250520_172719 - INFO - Epoch 19, Batch 1200/3392, Loss: 3.5371
2025-05-21 04:35:37,949 - transvg_coordinates_fixed_20250520_172719 - INFO - Train metrics: l1_loss: 0.3610 | giou_loss: 0.8661 | total_loss: 3.5371
2025-05-21 04:36:07,288 - transvg_coordinates_fixed_20250520_172719 - INFO - Epoch 19, Batch 1250/3392, Loss: 4.7434
2025-05-21 04:36:07,288 - transvg_coordinates_fixed_20250520_172719 - INFO - Train metrics: l1_loss: 0.5149 | giou_loss: 1.0845 | total_loss: 4.7434
2025-05-21 04:36:36,595 - transvg_coordinates_fixed_20250520_172719 - INFO - Epoch 19, Batch 1300/3392, Loss: 3.7779
2025-05-21 04:36:36,595 - transvg_coordinates_fixed_20250520_172719 - INFO - Train metrics: l1_loss: 0.3979 | giou_loss: 0.8942 | total_loss: 3.7779
2025-05-21 04:37:05,969 - transvg_coordinates_fixed_20250520_172719 - INFO - Epoch 19, Batch 1350/3392, Loss: 4.3408
2025-05-21 04:37:05,970 - transvg_coordinates_fixed_20250520_172719 - INFO - Train metrics: l1_loss: 0.4651 | giou_loss: 1.0077 | total_loss: 4.3408
2025-05-21 04:37:35,296 - transvg_coordinates_fixed_20250520_172719 - INFO - Epoch 19, Batch 1400/3392, Loss: 4.0906
2025-05-21 04:37:35,296 - transvg_coordinates_fixed_20250520_172719 - INFO - Train metrics: l1_loss: 0.4185 | giou_loss: 0.9990 | total_loss: 4.0906
2025-05-21 04:38:04,626 - transvg_coordinates_fixed_20250520_172719 - INFO - Epoch 19, Batch 1450/3392, Loss: 4.3899
2025-05-21 04:38:04,626 - transvg_coordinates_fixed_20250520_172719 - INFO - Train metrics: l1_loss: 0.4897 | giou_loss: 0.9707 | total_loss: 4.3899
2025-05-21 04:38:34,005 - transvg_coordinates_fixed_20250520_172719 - INFO - Epoch 19, Batch 1500/3392, Loss: 3.3961
2025-05-21 04:38:34,006 - transvg_coordinates_fixed_20250520_172719 - INFO - Train metrics: l1_loss: 0.3115 | giou_loss: 0.9192 | total_loss: 3.3961
2025-05-21 04:39:03,365 - transvg_coordinates_fixed_20250520_172719 - INFO - Epoch 19, Batch 1550/3392, Loss: 5.7198
2025-05-21 04:39:03,365 - transvg_coordinates_fixed_20250520_172719 - INFO - Train metrics: l1_loss: 0.6731 | giou_loss: 1.1771 | total_loss: 5.7198
2025-05-21 04:39:32,809 - transvg_coordinates_fixed_20250520_172719 - INFO - Epoch 19, Batch 1600/3392, Loss: 3.5990
2025-05-21 04:39:32,810 - transvg_coordinates_fixed_20250520_172719 - INFO - Train metrics: l1_loss: 0.3489 | giou_loss: 0.9272 | total_loss: 3.5990
2025-05-21 04:40:02,152 - transvg_coordinates_fixed_20250520_172719 - INFO - Epoch 19, Batch 1650/3392, Loss: 3.5579
2025-05-21 04:40:02,152 - transvg_coordinates_fixed_20250520_172719 - INFO - Train metrics: l1_loss: 0.3588 | giou_loss: 0.8820 | total_loss: 3.5579
2025-05-21 04:40:31,560 - transvg_coordinates_fixed_20250520_172719 - INFO - Epoch 19, Batch 1700/3392, Loss: 3.9131
2025-05-21 04:40:31,561 - transvg_coordinates_fixed_20250520_172719 - INFO - Train metrics: l1_loss: 0.4457 | giou_loss: 0.8422 | total_loss: 3.9131
2025-05-21 04:41:00,913 - transvg_coordinates_fixed_20250520_172719 - INFO - Epoch 19, Batch 1750/3392, Loss: 3.4993
2025-05-21 04:41:00,913 - transvg_coordinates_fixed_20250520_172719 - INFO - Train metrics: l1_loss: 0.3843 | giou_loss: 0.7888 | total_loss: 3.4993
2025-05-21 04:41:30,410 - transvg_coordinates_fixed_20250520_172719 - INFO - Epoch 19, Batch 1800/3392, Loss: 3.7273
2025-05-21 04:41:30,411 - transvg_coordinates_fixed_20250520_172719 - INFO - Train metrics: l1_loss: 0.4419 | giou_loss: 0.7588 | total_loss: 3.7273
2025-05-21 04:41:59,769 - transvg_coordinates_fixed_20250520_172719 - INFO - Epoch 19, Batch 1850/3392, Loss: 4.6550
2025-05-21 04:41:59,770 - transvg_coordinates_fixed_20250520_172719 - INFO - Train metrics: l1_loss: 0.4857 | giou_loss: 1.1132 | total_loss: 4.6550
2025-05-21 04:42:29,127 - transvg_coordinates_fixed_20250520_172719 - INFO - Epoch 19, Batch 1900/3392, Loss: 3.9975
2025-05-21 04:42:29,127 - transvg_coordinates_fixed_20250520_172719 - INFO - Train metrics: l1_loss: 0.4440 | giou_loss: 0.8887 | total_loss: 3.9975
2025-05-21 04:42:58,490 - transvg_coordinates_fixed_20250520_172719 - INFO - Epoch 19, Batch 1950/3392, Loss: 5.6358
2025-05-21 04:42:58,490 - transvg_coordinates_fixed_20250520_172719 - INFO - Train metrics: l1_loss: 0.6382 | giou_loss: 1.2223 | total_loss: 5.6358
2025-05-21 04:43:27,915 - transvg_coordinates_fixed_20250520_172719 - INFO - Epoch 19, Batch 2000/3392, Loss: 5.0441
2025-05-21 04:43:27,915 - transvg_coordinates_fixed_20250520_172719 - INFO - Train metrics: l1_loss: 0.5638 | giou_loss: 1.1124 | total_loss: 5.0441
2025-05-21 04:43:57,319 - transvg_coordinates_fixed_20250520_172719 - INFO - Epoch 19, Batch 2050/3392, Loss: 4.0886
2025-05-21 04:43:57,320 - transvg_coordinates_fixed_20250520_172719 - INFO - Train metrics: l1_loss: 0.4583 | giou_loss: 0.8984 | total_loss: 4.0886
2025-05-21 04:44:26,733 - transvg_coordinates_fixed_20250520_172719 - INFO - Epoch 19, Batch 2100/3392, Loss: 4.3346
2025-05-21 04:44:26,733 - transvg_coordinates_fixed_20250520_172719 - INFO - Train metrics: l1_loss: 0.4606 | giou_loss: 1.0159 | total_loss: 4.3346
2025-05-21 04:44:56,136 - transvg_coordinates_fixed_20250520_172719 - INFO - Epoch 19, Batch 2150/3392, Loss: 3.9896
2025-05-21 04:44:56,137 - transvg_coordinates_fixed_20250520_172719 - INFO - Train metrics: l1_loss: 0.4058 | giou_loss: 0.9803 | total_loss: 3.9896
2025-05-21 04:45:25,527 - transvg_coordinates_fixed_20250520_172719 - INFO - Epoch 19, Batch 2200/3392, Loss: 3.7300
2025-05-21 04:45:25,528 - transvg_coordinates_fixed_20250520_172719 - INFO - Train metrics: l1_loss: 0.4011 | giou_loss: 0.8623 | total_loss: 3.7300
2025-05-21 04:45:54,927 - transvg_coordinates_fixed_20250520_172719 - INFO - Epoch 19, Batch 2250/3392, Loss: 4.2377
2025-05-21 04:45:54,927 - transvg_coordinates_fixed_20250520_172719 - INFO - Train metrics: l1_loss: 0.4939 | giou_loss: 0.8842 | total_loss: 4.2377
2025-05-21 04:46:24,339 - transvg_coordinates_fixed_20250520_172719 - INFO - Epoch 19, Batch 2300/3392, Loss: 3.9530
2025-05-21 04:46:24,339 - transvg_coordinates_fixed_20250520_172719 - INFO - Train metrics: l1_loss: 0.3987 | giou_loss: 0.9798 | total_loss: 3.9530
2025-05-21 04:46:53,740 - transvg_coordinates_fixed_20250520_172719 - INFO - Epoch 19, Batch 2350/3392, Loss: 4.5130
2025-05-21 04:46:53,740 - transvg_coordinates_fixed_20250520_172719 - INFO - Train metrics: l1_loss: 0.4912 | giou_loss: 1.0285 | total_loss: 4.5130
2025-05-21 04:47:23,211 - transvg_coordinates_fixed_20250520_172719 - INFO - Epoch 19, Batch 2400/3392, Loss: 4.6291
2025-05-21 04:47:23,211 - transvg_coordinates_fixed_20250520_172719 - INFO - Train metrics: l1_loss: 0.5216 | giou_loss: 1.0105 | total_loss: 4.6291
2025-05-21 04:47:52,637 - transvg_coordinates_fixed_20250520_172719 - INFO - Epoch 19, Batch 2450/3392, Loss: 4.2705
2025-05-21 04:47:52,637 - transvg_coordinates_fixed_20250520_172719 - INFO - Train metrics: l1_loss: 0.4568 | giou_loss: 0.9933 | total_loss: 4.2705
2025-05-21 04:48:21,990 - transvg_coordinates_fixed_20250520_172719 - INFO - Epoch 19, Batch 2500/3392, Loss: 3.7127
2025-05-21 04:48:21,990 - transvg_coordinates_fixed_20250520_172719 - INFO - Train metrics: l1_loss: 0.3910 | giou_loss: 0.8789 | total_loss: 3.7127
2025-05-21 04:48:51,357 - transvg_coordinates_fixed_20250520_172719 - INFO - Epoch 19, Batch 2550/3392, Loss: 3.4018
2025-05-21 04:48:51,357 - transvg_coordinates_fixed_20250520_172719 - INFO - Train metrics: l1_loss: 0.3670 | giou_loss: 0.7835 | total_loss: 3.4018
2025-05-21 04:49:20,755 - transvg_coordinates_fixed_20250520_172719 - INFO - Epoch 19, Batch 2600/3392, Loss: 4.4945
2025-05-21 04:49:20,756 - transvg_coordinates_fixed_20250520_172719 - INFO - Train metrics: l1_loss: 0.4668 | giou_loss: 1.0802 | total_loss: 4.4945
2025-05-21 04:49:50,267 - transvg_coordinates_fixed_20250520_172719 - INFO - Epoch 19, Batch 2650/3392, Loss: 4.1330
2025-05-21 04:49:50,267 - transvg_coordinates_fixed_20250520_172719 - INFO - Train metrics: l1_loss: 0.4502 | giou_loss: 0.9410 | total_loss: 4.1330
2025-05-21 04:50:19,658 - transvg_coordinates_fixed_20250520_172719 - INFO - Epoch 19, Batch 2700/3392, Loss: 3.8304
2025-05-21 04:50:19,658 - transvg_coordinates_fixed_20250520_172719 - INFO - Train metrics: l1_loss: 0.4065 | giou_loss: 0.8990 | total_loss: 3.8304
2025-05-21 04:50:49,077 - transvg_coordinates_fixed_20250520_172719 - INFO - Epoch 19, Batch 2750/3392, Loss: 4.2266
2025-05-21 04:50:49,078 - transvg_coordinates_fixed_20250520_172719 - INFO - Train metrics: l1_loss: 0.4511 | giou_loss: 0.9855 | total_loss: 4.2266
2025-05-21 04:51:18,482 - transvg_coordinates_fixed_20250520_172719 - INFO - Epoch 19, Batch 2800/3392, Loss: 4.2227
2025-05-21 04:51:18,483 - transvg_coordinates_fixed_20250520_172719 - INFO - Train metrics: l1_loss: 0.4669 | giou_loss: 0.9441 | total_loss: 4.2227
2025-05-21 04:51:47,793 - transvg_coordinates_fixed_20250520_172719 - INFO - Epoch 19, Batch 2850/3392, Loss: 4.6134
2025-05-21 04:51:47,794 - transvg_coordinates_fixed_20250520_172719 - INFO - Train metrics: l1_loss: 0.5116 | giou_loss: 1.0278 | total_loss: 4.6134
2025-05-21 04:52:17,130 - transvg_coordinates_fixed_20250520_172719 - INFO - Epoch 19, Batch 2900/3392, Loss: 6.0430
2025-05-21 04:52:17,131 - transvg_coordinates_fixed_20250520_172719 - INFO - Train metrics: l1_loss: 0.7289 | giou_loss: 1.1992 | total_loss: 6.0430
2025-05-21 04:52:46,551 - transvg_coordinates_fixed_20250520_172719 - INFO - Epoch 19, Batch 2950/3392, Loss: 3.6391
2025-05-21 04:52:46,552 - transvg_coordinates_fixed_20250520_172719 - INFO - Train metrics: l1_loss: 0.3685 | giou_loss: 0.8983 | total_loss: 3.6391
2025-05-21 04:53:15,925 - transvg_coordinates_fixed_20250520_172719 - INFO - Epoch 19, Batch 3000/3392, Loss: 4.6329
2025-05-21 04:53:15,925 - transvg_coordinates_fixed_20250520_172719 - INFO - Train metrics: l1_loss: 0.5193 | giou_loss: 1.0182 | total_loss: 4.6329
2025-05-21 04:53:45,437 - transvg_coordinates_fixed_20250520_172719 - INFO - Epoch 19, Batch 3050/3392, Loss: 5.0178
2025-05-21 04:53:45,437 - transvg_coordinates_fixed_20250520_172719 - INFO - Train metrics: l1_loss: 0.5502 | giou_loss: 1.1335 | total_loss: 5.0178
2025-05-21 04:54:14,846 - transvg_coordinates_fixed_20250520_172719 - INFO - Epoch 19, Batch 3100/3392, Loss: 4.0496
2025-05-21 04:54:14,846 - transvg_coordinates_fixed_20250520_172719 - INFO - Train metrics: l1_loss: 0.4295 | giou_loss: 0.9510 | total_loss: 4.0496
2025-05-21 04:54:44,177 - transvg_coordinates_fixed_20250520_172719 - INFO - Epoch 19, Batch 3150/3392, Loss: 2.8533
2025-05-21 04:54:44,178 - transvg_coordinates_fixed_20250520_172719 - INFO - Train metrics: l1_loss: 0.2745 | giou_loss: 0.7405 | total_loss: 2.8533
2025-05-21 04:55:13,577 - transvg_coordinates_fixed_20250520_172719 - INFO - Epoch 19, Batch 3200/3392, Loss: 4.8191
2025-05-21 04:55:13,577 - transvg_coordinates_fixed_20250520_172719 - INFO - Train metrics: l1_loss: 0.5064 | giou_loss: 1.1436 | total_loss: 4.8191
2025-05-21 04:55:42,923 - transvg_coordinates_fixed_20250520_172719 - INFO - Epoch 19, Batch 3250/3392, Loss: 4.0891
2025-05-21 04:55:42,923 - transvg_coordinates_fixed_20250520_172719 - INFO - Train metrics: l1_loss: 0.4573 | giou_loss: 0.9012 | total_loss: 4.0891
2025-05-21 04:56:12,361 - transvg_coordinates_fixed_20250520_172719 - INFO - Epoch 19, Batch 3300/3392, Loss: 3.7404
2025-05-21 04:56:12,362 - transvg_coordinates_fixed_20250520_172719 - INFO - Train metrics: l1_loss: 0.4077 | giou_loss: 0.8509 | total_loss: 3.7404
2025-05-21 04:56:41,725 - transvg_coordinates_fixed_20250520_172719 - INFO - Epoch 19, Batch 3350/3392, Loss: 4.1411
2025-05-21 04:56:41,726 - transvg_coordinates_fixed_20250520_172719 - INFO - Train metrics: l1_loss: 0.3995 | giou_loss: 1.0718 | total_loss: 4.1411
2025-05-21 04:57:05,793 - transvg_coordinates_fixed_20250520_172719 - INFO - Train Epoch 19, Loss: 4.2337
2025-05-21 04:58:24,641 - transvg_coordinates_fixed_20250520_172719 - INFO - Pred box sample: [57.05207061767578, 85.919677734375, 280.6591491699219, 245.5485382080078]
2025-05-21 04:58:24,642 - transvg_coordinates_fixed_20250520_172719 - INFO - Target box sample: [207.0, 198.0, 287.0, 283.0]
2025-05-21 04:58:24,716 - transvg_coordinates_fixed_20250520_172719 - INFO - Validation Epoch 19, Loss: 4.5213
2025-05-21 04:58:24,716 - transvg_coordinates_fixed_20250520_172719 - INFO - Val metrics: Acc@0.25: 0.3177 | Acc@0.5: 0.1108 | Acc@0.75: 0.0151 | mIoU: 0.1803 | medianIoU: 0.0821 | mae_x1: 101.3034 | mae_y1: 97.2699 | mae_x2: 102.5778 | mae_y2: 96.6339 | center_x_error: 86.6094 | center_y_error: 82.2714 | width_error: 2.5226 | height_error: 2.1516 | loss: 4.5213
2025-05-21 04:58:25,574 - transvg_coordinates_fixed_20250520_172719 - INFO - Saved model checkpoint to /home/pokle/Trans-VG/visual_grounding/checkpoints/transvg_coordinates_fixed_20250520_172719_epoch19.pth
2025-05-21 04:58:25,575 - transvg_coordinates_fixed_20250520_172719 - INFO - Epoch 20/200
2025-05-21 04:58:26,785 - transvg_coordinates_fixed_20250520_172719 - INFO - Epoch 20, Batch 0/3392, Loss: 3.6419
2025-05-21 04:58:26,786 - transvg_coordinates_fixed_20250520_172719 - INFO - Train metrics: l1_loss: 0.3704 | giou_loss: 0.8949 | total_loss: 3.6419
2025-05-21 04:58:56,394 - transvg_coordinates_fixed_20250520_172719 - INFO - Epoch 20, Batch 50/3392, Loss: 3.2688
2025-05-21 04:58:56,394 - transvg_coordinates_fixed_20250520_172719 - INFO - Train metrics: l1_loss: 0.3194 | giou_loss: 0.8359 | total_loss: 3.2688
2025-05-21 04:59:25,970 - transvg_coordinates_fixed_20250520_172719 - INFO - Epoch 20, Batch 100/3392, Loss: 4.5881
2025-05-21 04:59:25,971 - transvg_coordinates_fixed_20250520_172719 - INFO - Train metrics: l1_loss: 0.4845 | giou_loss: 1.0828 | total_loss: 4.5881
2025-05-21 04:59:55,359 - transvg_coordinates_fixed_20250520_172719 - INFO - Epoch 20, Batch 150/3392, Loss: 3.8563
2025-05-21 04:59:55,360 - transvg_coordinates_fixed_20250520_172719 - INFO - Train metrics: l1_loss: 0.4366 | giou_loss: 0.8366 | total_loss: 3.8563
2025-05-21 05:00:24,835 - transvg_coordinates_fixed_20250520_172719 - INFO - Epoch 20, Batch 200/3392, Loss: 3.1791
2025-05-21 05:00:24,836 - transvg_coordinates_fixed_20250520_172719 - INFO - Train metrics: l1_loss: 0.3016 | giou_loss: 0.8355 | total_loss: 3.1791
2025-05-21 05:00:54,378 - transvg_coordinates_fixed_20250520_172719 - INFO - Epoch 20, Batch 250/3392, Loss: 3.7878
2025-05-21 05:00:54,379 - transvg_coordinates_fixed_20250520_172719 - INFO - Train metrics: l1_loss: 0.3594 | giou_loss: 0.9954 | total_loss: 3.7878
2025-05-21 05:01:23,857 - transvg_coordinates_fixed_20250520_172719 - INFO - Epoch 20, Batch 300/3392, Loss: 3.8425
2025-05-21 05:01:23,857 - transvg_coordinates_fixed_20250520_172719 - INFO - Train metrics: l1_loss: 0.4066 | giou_loss: 0.9048 | total_loss: 3.8425
2025-05-21 05:01:53,254 - transvg_coordinates_fixed_20250520_172719 - INFO - Epoch 20, Batch 350/3392, Loss: 4.4569
2025-05-21 05:01:53,254 - transvg_coordinates_fixed_20250520_172719 - INFO - Train metrics: l1_loss: 0.5140 | giou_loss: 0.9435 | total_loss: 4.4569
2025-05-21 05:02:22,689 - transvg_coordinates_fixed_20250520_172719 - INFO - Epoch 20, Batch 400/3392, Loss: 4.3176
2025-05-21 05:02:22,689 - transvg_coordinates_fixed_20250520_172719 - INFO - Train metrics: l1_loss: 0.4698 | giou_loss: 0.9844 | total_loss: 4.3176
2025-05-21 05:02:52,140 - transvg_coordinates_fixed_20250520_172719 - INFO - Epoch 20, Batch 450/3392, Loss: 4.0090
2025-05-21 05:02:52,141 - transvg_coordinates_fixed_20250520_172719 - INFO - Train metrics: l1_loss: 0.4041 | giou_loss: 0.9942 | total_loss: 4.0090
2025-05-21 05:03:21,534 - transvg_coordinates_fixed_20250520_172719 - INFO - Epoch 20, Batch 500/3392, Loss: 4.0693
2025-05-21 05:03:21,534 - transvg_coordinates_fixed_20250520_172719 - INFO - Train metrics: l1_loss: 0.4452 | giou_loss: 0.9216 | total_loss: 4.0693
2025-05-21 05:03:51,018 - transvg_coordinates_fixed_20250520_172719 - INFO - Epoch 20, Batch 550/3392, Loss: 4.5203
2025-05-21 05:03:51,018 - transvg_coordinates_fixed_20250520_172719 - INFO - Train metrics: l1_loss: 0.5468 | giou_loss: 0.8932 | total_loss: 4.5203
2025-05-21 05:04:20,503 - transvg_coordinates_fixed_20250520_172719 - INFO - Epoch 20, Batch 600/3392, Loss: 4.2432
2025-05-21 05:04:20,503 - transvg_coordinates_fixed_20250520_172719 - INFO - Train metrics: l1_loss: 0.4567 | giou_loss: 0.9799 | total_loss: 4.2432
2025-05-21 05:04:49,897 - transvg_coordinates_fixed_20250520_172719 - INFO - Epoch 20, Batch 650/3392, Loss: 4.4466
2025-05-21 05:04:49,898 - transvg_coordinates_fixed_20250520_172719 - INFO - Train metrics: l1_loss: 0.5069 | giou_loss: 0.9559 | total_loss: 4.4466
2025-05-21 05:05:19,217 - transvg_coordinates_fixed_20250520_172719 - INFO - Epoch 20, Batch 700/3392, Loss: 5.2638
2025-05-21 05:05:19,218 - transvg_coordinates_fixed_20250520_172719 - INFO - Train metrics: l1_loss: 0.6035 | giou_loss: 1.1231 | total_loss: 5.2638
2025-05-21 05:05:48,606 - transvg_coordinates_fixed_20250520_172719 - INFO - Epoch 20, Batch 750/3392, Loss: 3.9867
2025-05-21 05:05:48,607 - transvg_coordinates_fixed_20250520_172719 - INFO - Train metrics: l1_loss: 0.4320 | giou_loss: 0.9132 | total_loss: 3.9867
2025-05-21 05:06:18,057 - transvg_coordinates_fixed_20250520_172719 - INFO - Epoch 20, Batch 800/3392, Loss: 4.7255
2025-05-21 05:06:18,058 - transvg_coordinates_fixed_20250520_172719 - INFO - Train metrics: l1_loss: 0.5228 | giou_loss: 1.0556 | total_loss: 4.7255
2025-05-21 05:06:47,456 - transvg_coordinates_fixed_20250520_172719 - INFO - Epoch 20, Batch 850/3392, Loss: 3.7515
2025-05-21 05:06:47,456 - transvg_coordinates_fixed_20250520_172719 - INFO - Train metrics: l1_loss: 0.3552 | giou_loss: 0.9877 | total_loss: 3.7515
2025-05-21 05:07:17,060 - transvg_coordinates_fixed_20250520_172719 - INFO - Epoch 20, Batch 900/3392, Loss: 4.2190
2025-05-21 05:07:17,061 - transvg_coordinates_fixed_20250520_172719 - INFO - Train metrics: l1_loss: 0.4753 | giou_loss: 0.9212 | total_loss: 4.2190
2025-05-21 05:07:46,543 - transvg_coordinates_fixed_20250520_172719 - INFO - Epoch 20, Batch 950/3392, Loss: 3.6067
2025-05-21 05:07:46,543 - transvg_coordinates_fixed_20250520_172719 - INFO - Train metrics: l1_loss: 0.3523 | giou_loss: 0.9226 | total_loss: 3.6067
2025-05-21 05:08:15,980 - transvg_coordinates_fixed_20250520_172719 - INFO - Epoch 20, Batch 1000/3392, Loss: 3.1538
2025-05-21 05:08:15,981 - transvg_coordinates_fixed_20250520_172719 - INFO - Train metrics: l1_loss: 0.2981 | giou_loss: 0.8316 | total_loss: 3.1538
2025-05-21 05:08:45,418 - transvg_coordinates_fixed_20250520_172719 - INFO - Epoch 20, Batch 1050/3392, Loss: 5.6362
2025-05-21 05:08:45,418 - transvg_coordinates_fixed_20250520_172719 - INFO - Train metrics: l1_loss: 0.6728 | giou_loss: 1.1362 | total_loss: 5.6362
2025-05-21 05:09:14,834 - transvg_coordinates_fixed_20250520_172719 - INFO - Epoch 20, Batch 1100/3392, Loss: 3.8697
2025-05-21 05:09:14,835 - transvg_coordinates_fixed_20250520_172719 - INFO - Train metrics: l1_loss: 0.4240 | giou_loss: 0.8749 | total_loss: 3.8697
2025-05-21 05:09:44,243 - transvg_coordinates_fixed_20250520_172719 - INFO - Epoch 20, Batch 1150/3392, Loss: 4.5309
2025-05-21 05:09:44,244 - transvg_coordinates_fixed_20250520_172719 - INFO - Train metrics: l1_loss: 0.5635 | giou_loss: 0.8568 | total_loss: 4.5309
2025-05-21 05:10:13,798 - transvg_coordinates_fixed_20250520_172719 - INFO - Epoch 20, Batch 1200/3392, Loss: 3.7281
2025-05-21 05:10:13,799 - transvg_coordinates_fixed_20250520_172719 - INFO - Train metrics: l1_loss: 0.3833 | giou_loss: 0.9058 | total_loss: 3.7281
2025-05-21 05:10:43,217 - transvg_coordinates_fixed_20250520_172719 - INFO - Epoch 20, Batch 1250/3392, Loss: 4.5731
2025-05-21 05:10:43,217 - transvg_coordinates_fixed_20250520_172719 - INFO - Train metrics: l1_loss: 0.4852 | giou_loss: 1.0734 | total_loss: 4.5731
2025-05-21 05:11:12,636 - transvg_coordinates_fixed_20250520_172719 - INFO - Epoch 20, Batch 1300/3392, Loss: 4.8704
2025-05-21 05:11:12,637 - transvg_coordinates_fixed_20250520_172719 - INFO - Train metrics: l1_loss: 0.5526 | giou_loss: 1.0536 | total_loss: 4.8704
2025-05-21 05:11:42,072 - transvg_coordinates_fixed_20250520_172719 - INFO - Epoch 20, Batch 1350/3392, Loss: 4.5969
2025-05-21 05:11:42,073 - transvg_coordinates_fixed_20250520_172719 - INFO - Train metrics: l1_loss: 0.4913 | giou_loss: 1.0703 | total_loss: 4.5969
2025-05-21 05:12:11,520 - transvg_coordinates_fixed_20250520_172719 - INFO - Epoch 20, Batch 1400/3392, Loss: 4.5745
2025-05-21 05:12:11,521 - transvg_coordinates_fixed_20250520_172719 - INFO - Train metrics: l1_loss: 0.5313 | giou_loss: 0.9589 | total_loss: 4.5745
2025-05-21 05:12:40,977 - transvg_coordinates_fixed_20250520_172719 - INFO - Epoch 20, Batch 1450/3392, Loss: 3.0704
2025-05-21 05:12:40,978 - transvg_coordinates_fixed_20250520_172719 - INFO - Train metrics: l1_loss: 0.2946 | giou_loss: 0.7987 | total_loss: 3.0704
2025-05-21 05:13:10,397 - transvg_coordinates_fixed_20250520_172719 - INFO - Epoch 20, Batch 1500/3392, Loss: 3.3377
2025-05-21 05:13:10,398 - transvg_coordinates_fixed_20250520_172719 - INFO - Train metrics: l1_loss: 0.3351 | giou_loss: 0.8312 | total_loss: 3.3377
2025-05-21 05:13:39,680 - transvg_coordinates_fixed_20250520_172719 - INFO - Epoch 20, Batch 1550/3392, Loss: 4.0132
2025-05-21 05:13:39,681 - transvg_coordinates_fixed_20250520_172719 - INFO - Train metrics: l1_loss: 0.4241 | giou_loss: 0.9464 | total_loss: 4.0132
2025-05-21 05:14:09,050 - transvg_coordinates_fixed_20250520_172719 - INFO - Epoch 20, Batch 1600/3392, Loss: 4.9104
2025-05-21 05:14:09,051 - transvg_coordinates_fixed_20250520_172719 - INFO - Train metrics: l1_loss: 0.5600 | giou_loss: 1.0552 | total_loss: 4.9104
2025-05-21 05:14:38,356 - transvg_coordinates_fixed_20250520_172719 - INFO - Epoch 20, Batch 1650/3392, Loss: 3.3947
2025-05-21 05:14:38,357 - transvg_coordinates_fixed_20250520_172719 - INFO - Train metrics: l1_loss: 0.3529 | giou_loss: 0.8151 | total_loss: 3.3947
2025-05-21 05:15:07,778 - transvg_coordinates_fixed_20250520_172719 - INFO - Epoch 20, Batch 1700/3392, Loss: 3.5071
2025-05-21 05:15:07,779 - transvg_coordinates_fixed_20250520_172719 - INFO - Train metrics: l1_loss: 0.4097 | giou_loss: 0.7293 | total_loss: 3.5071
2025-05-21 05:15:37,193 - transvg_coordinates_fixed_20250520_172719 - INFO - Epoch 20, Batch 1750/3392, Loss: 5.0824
2025-05-21 05:15:37,193 - transvg_coordinates_fixed_20250520_172719 - INFO - Train metrics: l1_loss: 0.5962 | giou_loss: 1.0506 | total_loss: 5.0824
2025-05-21 05:16:06,664 - transvg_coordinates_fixed_20250520_172719 - INFO - Epoch 20, Batch 1800/3392, Loss: 3.0923
2025-05-21 05:16:06,665 - transvg_coordinates_fixed_20250520_172719 - INFO - Train metrics: l1_loss: 0.3009 | giou_loss: 0.7939 | total_loss: 3.0923
2025-05-21 05:16:35,988 - transvg_coordinates_fixed_20250520_172719 - INFO - Epoch 20, Batch 1850/3392, Loss: 4.5620
2025-05-21 05:16:35,989 - transvg_coordinates_fixed_20250520_172719 - INFO - Train metrics: l1_loss: 0.4729 | giou_loss: 1.0986 | total_loss: 4.5620
2025-05-21 05:17:05,324 - transvg_coordinates_fixed_20250520_172719 - INFO - Epoch 20, Batch 1900/3392, Loss: 3.4703
2025-05-21 05:17:05,325 - transvg_coordinates_fixed_20250520_172719 - INFO - Train metrics: l1_loss: 0.3485 | giou_loss: 0.8640 | total_loss: 3.4703
2025-05-21 05:17:34,642 - transvg_coordinates_fixed_20250520_172719 - INFO - Epoch 20, Batch 1950/3392, Loss: 4.5622
2025-05-21 05:17:34,642 - transvg_coordinates_fixed_20250520_172719 - INFO - Train metrics: l1_loss: 0.5232 | giou_loss: 0.9732 | total_loss: 4.5622
2025-05-21 05:18:04,033 - transvg_coordinates_fixed_20250520_172719 - INFO - Epoch 20, Batch 2000/3392, Loss: 5.8065
2025-05-21 05:18:04,034 - transvg_coordinates_fixed_20250520_172719 - INFO - Train metrics: l1_loss: 0.7318 | giou_loss: 1.0737 | total_loss: 5.8065
2025-05-21 05:18:33,376 - transvg_coordinates_fixed_20250520_172719 - INFO - Epoch 20, Batch 2050/3392, Loss: 5.1817
2025-05-21 05:18:33,376 - transvg_coordinates_fixed_20250520_172719 - INFO - Train metrics: l1_loss: 0.5570 | giou_loss: 1.1983 | total_loss: 5.1817
2025-05-21 05:19:02,753 - transvg_coordinates_fixed_20250520_172719 - INFO - Epoch 20, Batch 2100/3392, Loss: 4.2773
2025-05-21 05:19:02,754 - transvg_coordinates_fixed_20250520_172719 - INFO - Train metrics: l1_loss: 0.4558 | giou_loss: 0.9992 | total_loss: 4.2773
2025-05-21 05:19:32,125 - transvg_coordinates_fixed_20250520_172719 - INFO - Epoch 20, Batch 2150/3392, Loss: 4.0665
2025-05-21 05:19:32,126 - transvg_coordinates_fixed_20250520_172719 - INFO - Train metrics: l1_loss: 0.4471 | giou_loss: 0.9155 | total_loss: 4.0665
2025-05-21 05:20:01,656 - transvg_coordinates_fixed_20250520_172719 - INFO - Epoch 20, Batch 2200/3392, Loss: 3.9109
2025-05-21 05:20:01,657 - transvg_coordinates_fixed_20250520_172719 - INFO - Train metrics: l1_loss: 0.4301 | giou_loss: 0.8801 | total_loss: 3.9109
2025-05-21 05:20:31,065 - transvg_coordinates_fixed_20250520_172719 - INFO - Epoch 20, Batch 2250/3392, Loss: 4.5815
2025-05-21 05:20:31,066 - transvg_coordinates_fixed_20250520_172719 - INFO - Train metrics: l1_loss: 0.4881 | giou_loss: 1.0706 | total_loss: 4.5815
2025-05-21 05:21:00,602 - transvg_coordinates_fixed_20250520_172719 - INFO - Epoch 20, Batch 2300/3392, Loss: 4.8736
2025-05-21 05:21:00,603 - transvg_coordinates_fixed_20250520_172719 - INFO - Train metrics: l1_loss: 0.6039 | giou_loss: 0.9271 | total_loss: 4.8736
2025-05-21 05:21:30,039 - transvg_coordinates_fixed_20250520_172719 - INFO - Epoch 20, Batch 2350/3392, Loss: 3.8733
2025-05-21 05:21:30,039 - transvg_coordinates_fixed_20250520_172719 - INFO - Train metrics: l1_loss: 0.3924 | giou_loss: 0.9558 | total_loss: 3.8733
2025-05-21 05:21:59,491 - transvg_coordinates_fixed_20250520_172719 - INFO - Epoch 20, Batch 2400/3392, Loss: 4.9998
2025-05-21 05:21:59,492 - transvg_coordinates_fixed_20250520_172719 - INFO - Train metrics: l1_loss: 0.5860 | giou_loss: 1.0350 | total_loss: 4.9998
2025-05-21 05:22:28,942 - transvg_coordinates_fixed_20250520_172719 - INFO - Epoch 20, Batch 2450/3392, Loss: 5.3667
2025-05-21 05:22:28,942 - transvg_coordinates_fixed_20250520_172719 - INFO - Train metrics: l1_loss: 0.6506 | giou_loss: 1.0567 | total_loss: 5.3667
2025-05-21 05:22:58,324 - transvg_coordinates_fixed_20250520_172719 - INFO - Epoch 20, Batch 2500/3392, Loss: 3.9977
2025-05-21 05:22:58,325 - transvg_coordinates_fixed_20250520_172719 - INFO - Train metrics: l1_loss: 0.4136 | giou_loss: 0.9648 | total_loss: 3.9977
2025-05-21 05:23:27,632 - transvg_coordinates_fixed_20250520_172719 - INFO - Epoch 20, Batch 2550/3392, Loss: 3.5222
2025-05-21 05:23:27,633 - transvg_coordinates_fixed_20250520_172719 - INFO - Train metrics: l1_loss: 0.3789 | giou_loss: 0.8138 | total_loss: 3.5222
2025-05-21 05:23:57,049 - transvg_coordinates_fixed_20250520_172719 - INFO - Epoch 20, Batch 2600/3392, Loss: 3.9436
2025-05-21 05:23:57,050 - transvg_coordinates_fixed_20250520_172719 - INFO - Train metrics: l1_loss: 0.3952 | giou_loss: 0.9838 | total_loss: 3.9436
2025-05-21 05:24:26,397 - transvg_coordinates_fixed_20250520_172719 - INFO - Epoch 20, Batch 2650/3392, Loss: 4.7069
2025-05-21 05:24:26,398 - transvg_coordinates_fixed_20250520_172719 - INFO - Train metrics: l1_loss: 0.5506 | giou_loss: 0.9769 | total_loss: 4.7069
2025-05-21 05:24:55,689 - transvg_coordinates_fixed_20250520_172719 - INFO - Epoch 20, Batch 2700/3392, Loss: 4.4362
2025-05-21 05:24:55,690 - transvg_coordinates_fixed_20250520_172719 - INFO - Train metrics: l1_loss: 0.4568 | giou_loss: 1.0761 | total_loss: 4.4362
2025-05-21 05:25:24,986 - transvg_coordinates_fixed_20250520_172719 - INFO - Epoch 20, Batch 2750/3392, Loss: 3.9695
2025-05-21 05:25:24,987 - transvg_coordinates_fixed_20250520_172719 - INFO - Train metrics: l1_loss: 0.4013 | giou_loss: 0.9816 | total_loss: 3.9695
2025-05-21 05:25:54,386 - transvg_coordinates_fixed_20250520_172719 - INFO - Epoch 20, Batch 2800/3392, Loss: 3.0414
2025-05-21 05:25:54,387 - transvg_coordinates_fixed_20250520_172719 - INFO - Train metrics: l1_loss: 0.3268 | giou_loss: 0.7038 | total_loss: 3.0414
2025-05-21 05:26:23,825 - transvg_coordinates_fixed_20250520_172719 - INFO - Epoch 20, Batch 2850/3392, Loss: 3.2749
2025-05-21 05:26:23,825 - transvg_coordinates_fixed_20250520_172719 - INFO - Train metrics: l1_loss: 0.3348 | giou_loss: 0.8005 | total_loss: 3.2749
2025-05-21 05:26:53,342 - transvg_coordinates_fixed_20250520_172719 - INFO - Epoch 20, Batch 2900/3392, Loss: 3.8256
2025-05-21 05:26:53,342 - transvg_coordinates_fixed_20250520_172719 - INFO - Train metrics: l1_loss: 0.4226 | giou_loss: 0.8563 | total_loss: 3.8256
2025-05-21 05:27:22,823 - transvg_coordinates_fixed_20250520_172719 - INFO - Epoch 20, Batch 2950/3392, Loss: 4.1288
2025-05-21 05:27:22,824 - transvg_coordinates_fixed_20250520_172719 - INFO - Train metrics: l1_loss: 0.4295 | giou_loss: 0.9906 | total_loss: 4.1288
2025-05-21 05:27:52,341 - transvg_coordinates_fixed_20250520_172719 - INFO - Epoch 20, Batch 3000/3392, Loss: 3.4789
2025-05-21 05:27:52,342 - transvg_coordinates_fixed_20250520_172719 - INFO - Train metrics: l1_loss: 0.3602 | giou_loss: 0.8389 | total_loss: 3.4789
2025-05-21 05:28:21,719 - transvg_coordinates_fixed_20250520_172719 - INFO - Epoch 20, Batch 3050/3392, Loss: 4.6136
2025-05-21 05:28:21,720 - transvg_coordinates_fixed_20250520_172719 - INFO - Train metrics: l1_loss: 0.4675 | giou_loss: 1.1381 | total_loss: 4.6136
2025-05-21 05:28:51,261 - transvg_coordinates_fixed_20250520_172719 - INFO - Epoch 20, Batch 3100/3392, Loss: 4.3847
2025-05-21 05:28:51,262 - transvg_coordinates_fixed_20250520_172719 - INFO - Train metrics: l1_loss: 0.4983 | giou_loss: 0.9466 | total_loss: 4.3847
2025-05-21 05:29:20,788 - transvg_coordinates_fixed_20250520_172719 - INFO - Epoch 20, Batch 3150/3392, Loss: 4.6448
2025-05-21 05:29:20,788 - transvg_coordinates_fixed_20250520_172719 - INFO - Train metrics: l1_loss: 0.5157 | giou_loss: 1.0332 | total_loss: 4.6448
2025-05-21 05:29:50,318 - transvg_coordinates_fixed_20250520_172719 - INFO - Epoch 20, Batch 3200/3392, Loss: 4.8999
2025-05-21 05:29:50,319 - transvg_coordinates_fixed_20250520_172719 - INFO - Train metrics: l1_loss: 0.5775 | giou_loss: 1.0061 | total_loss: 4.8999
2025-05-21 05:30:19,710 - transvg_coordinates_fixed_20250520_172719 - INFO - Epoch 20, Batch 3250/3392, Loss: 4.1500
2025-05-21 05:30:19,711 - transvg_coordinates_fixed_20250520_172719 - INFO - Train metrics: l1_loss: 0.4653 | giou_loss: 0.9118 | total_loss: 4.1500
2025-05-21 05:30:49,157 - transvg_coordinates_fixed_20250520_172719 - INFO - Epoch 20, Batch 3300/3392, Loss: 3.9936
2025-05-21 05:30:49,157 - transvg_coordinates_fixed_20250520_172719 - INFO - Train metrics: l1_loss: 0.4085 | giou_loss: 0.9756 | total_loss: 3.9936
2025-05-21 05:31:18,536 - transvg_coordinates_fixed_20250520_172719 - INFO - Epoch 20, Batch 3350/3392, Loss: 4.4015
2025-05-21 05:31:18,536 - transvg_coordinates_fixed_20250520_172719 - INFO - Train metrics: l1_loss: 0.4203 | giou_loss: 1.1499 | total_loss: 4.4015
2025-05-21 05:31:42,711 - transvg_coordinates_fixed_20250520_172719 - INFO - Train Epoch 20, Loss: 4.2261
2025-05-21 05:33:01,982 - transvg_coordinates_fixed_20250520_172719 - INFO - Pred box sample: [58.01252746582031, 69.63969421386719, 196.16156005859375, 179.29046630859375]
2025-05-21 05:33:01,983 - transvg_coordinates_fixed_20250520_172719 - INFO - Target box sample: [207.0, 198.0, 287.0, 283.0]
2025-05-21 05:33:02,065 - transvg_coordinates_fixed_20250520_172719 - INFO - Validation Epoch 20, Loss: 4.6041
2025-05-21 05:33:02,065 - transvg_coordinates_fixed_20250520_172719 - INFO - Val metrics: Acc@0.25: 0.2969 | Acc@0.5: 0.1049 | Acc@0.75: 0.0141 | mIoU: 0.1720 | medianIoU: 0.0685 | mae_x1: 100.4016 | mae_y1: 99.4893 | mae_x2: 102.1032 | mae_y2: 99.1729 | center_x_error: 87.6971 | center_y_error: 85.5235 | width_error: 2.2418 | height_error: 2.0261 | loss: 4.6041
2025-05-21 05:33:02,816 - transvg_coordinates_fixed_20250520_172719 - INFO - Saved model checkpoint to /home/pokle/Trans-VG/visual_grounding/checkpoints/transvg_coordinates_fixed_20250520_172719_epoch20.pth
2025-05-21 05:33:02,818 - transvg_coordinates_fixed_20250520_172719 - INFO - Epoch 21/200
2025-05-21 05:33:04,026 - transvg_coordinates_fixed_20250520_172719 - INFO - Epoch 21, Batch 0/3392, Loss: 3.1031
2025-05-21 05:33:04,026 - transvg_coordinates_fixed_20250520_172719 - INFO - Train metrics: l1_loss: 0.2856 | giou_loss: 0.8376 | total_loss: 3.1031
2025-05-21 05:33:33,804 - transvg_coordinates_fixed_20250520_172719 - INFO - Epoch 21, Batch 50/3392, Loss: 4.6465
2025-05-21 05:33:33,804 - transvg_coordinates_fixed_20250520_172719 - INFO - Train metrics: l1_loss: 0.5306 | giou_loss: 0.9968 | total_loss: 4.6465
2025-05-21 05:34:03,361 - transvg_coordinates_fixed_20250520_172719 - INFO - Epoch 21, Batch 100/3392, Loss: 4.5844
2025-05-21 05:34:03,361 - transvg_coordinates_fixed_20250520_172719 - INFO - Train metrics: l1_loss: 0.5492 | giou_loss: 0.9193 | total_loss: 4.5844
2025-05-21 05:34:32,830 - transvg_coordinates_fixed_20250520_172719 - INFO - Epoch 21, Batch 150/3392, Loss: 5.4539
2025-05-21 05:34:32,830 - transvg_coordinates_fixed_20250520_172719 - INFO - Train metrics: l1_loss: 0.6358 | giou_loss: 1.1373 | total_loss: 5.4539
2025-05-21 05:35:02,277 - transvg_coordinates_fixed_20250520_172719 - INFO - Epoch 21, Batch 200/3392, Loss: 4.0681
2025-05-21 05:35:02,277 - transvg_coordinates_fixed_20250520_172719 - INFO - Train metrics: l1_loss: 0.4016 | giou_loss: 1.0301 | total_loss: 4.0681
2025-05-21 05:35:31,757 - transvg_coordinates_fixed_20250520_172719 - INFO - Epoch 21, Batch 250/3392, Loss: 3.7577
2025-05-21 05:35:31,757 - transvg_coordinates_fixed_20250520_172719 - INFO - Train metrics: l1_loss: 0.4145 | giou_loss: 0.8426 | total_loss: 3.7577
2025-05-21 05:36:01,244 - transvg_coordinates_fixed_20250520_172719 - INFO - Epoch 21, Batch 300/3392, Loss: 4.1758
2025-05-21 05:36:01,245 - transvg_coordinates_fixed_20250520_172719 - INFO - Train metrics: l1_loss: 0.4347 | giou_loss: 1.0012 | total_loss: 4.1758
2025-05-21 05:36:30,753 - transvg_coordinates_fixed_20250520_172719 - INFO - Epoch 21, Batch 350/3392, Loss: 3.9032
2025-05-21 05:36:30,753 - transvg_coordinates_fixed_20250520_172719 - INFO - Train metrics: l1_loss: 0.4047 | giou_loss: 0.9398 | total_loss: 3.9032
2025-05-21 05:37:00,249 - transvg_coordinates_fixed_20250520_172719 - INFO - Epoch 21, Batch 400/3392, Loss: 5.5855
2025-05-21 05:37:00,249 - transvg_coordinates_fixed_20250520_172719 - INFO - Train metrics: l1_loss: 0.6518 | giou_loss: 1.1633 | total_loss: 5.5855
2025-05-21 05:37:29,655 - transvg_coordinates_fixed_20250520_172719 - INFO - Epoch 21, Batch 450/3392, Loss: 4.1178
2025-05-21 05:37:29,655 - transvg_coordinates_fixed_20250520_172719 - INFO - Train metrics: l1_loss: 0.4251 | giou_loss: 0.9962 | total_loss: 4.1178
2025-05-21 05:37:59,033 - transvg_coordinates_fixed_20250520_172719 - INFO - Epoch 21, Batch 500/3392, Loss: 4.1092
2025-05-21 05:37:59,034 - transvg_coordinates_fixed_20250520_172719 - INFO - Train metrics: l1_loss: 0.4144 | giou_loss: 1.0187 | total_loss: 4.1092
2025-05-21 05:38:28,411 - transvg_coordinates_fixed_20250520_172719 - INFO - Epoch 21, Batch 550/3392, Loss: 4.5356
2025-05-21 05:38:28,411 - transvg_coordinates_fixed_20250520_172719 - INFO - Train metrics: l1_loss: 0.4843 | giou_loss: 1.0569 | total_loss: 4.5356
2025-05-21 05:38:57,844 - transvg_coordinates_fixed_20250520_172719 - INFO - Epoch 21, Batch 600/3392, Loss: 4.0107
2025-05-21 05:38:57,844 - transvg_coordinates_fixed_20250520_172719 - INFO - Train metrics: l1_loss: 0.3833 | giou_loss: 1.0470 | total_loss: 4.0107
2025-05-21 05:39:27,204 - transvg_coordinates_fixed_20250520_172719 - INFO - Epoch 21, Batch 650/3392, Loss: 5.1996
2025-05-21 05:39:27,204 - transvg_coordinates_fixed_20250520_172719 - INFO - Train metrics: l1_loss: 0.5755 | giou_loss: 1.1610 | total_loss: 5.1996
2025-05-21 05:39:56,686 - transvg_coordinates_fixed_20250520_172719 - INFO - Epoch 21, Batch 700/3392, Loss: 4.4606
2025-05-21 05:39:56,686 - transvg_coordinates_fixed_20250520_172719 - INFO - Train metrics: l1_loss: 0.4673 | giou_loss: 1.0621 | total_loss: 4.4606
2025-05-21 05:40:26,127 - transvg_coordinates_fixed_20250520_172719 - INFO - Epoch 21, Batch 750/3392, Loss: 5.0723
2025-05-21 05:40:26,127 - transvg_coordinates_fixed_20250520_172719 - INFO - Train metrics: l1_loss: 0.5457 | giou_loss: 1.1719 | total_loss: 5.0723
2025-05-21 05:40:55,535 - transvg_coordinates_fixed_20250520_172719 - INFO - Epoch 21, Batch 800/3392, Loss: 3.6587
2025-05-21 05:40:55,535 - transvg_coordinates_fixed_20250520_172719 - INFO - Train metrics: l1_loss: 0.3730 | giou_loss: 0.8969 | total_loss: 3.6587
2025-05-21 05:41:24,956 - transvg_coordinates_fixed_20250520_172719 - INFO - Epoch 21, Batch 850/3392, Loss: 3.4365
2025-05-21 05:41:24,956 - transvg_coordinates_fixed_20250520_172719 - INFO - Train metrics: l1_loss: 0.3474 | giou_loss: 0.8497 | total_loss: 3.4365
2025-05-21 05:41:54,384 - transvg_coordinates_fixed_20250520_172719 - INFO - Epoch 21, Batch 900/3392, Loss: 4.1856
2025-05-21 05:41:54,384 - transvg_coordinates_fixed_20250520_172719 - INFO - Train metrics: l1_loss: 0.4290 | giou_loss: 1.0203 | total_loss: 4.1856
2025-05-21 05:42:23,634 - transvg_coordinates_fixed_20250520_172719 - INFO - Epoch 21, Batch 950/3392, Loss: 3.7688
2025-05-21 05:42:23,634 - transvg_coordinates_fixed_20250520_172719 - INFO - Train metrics: l1_loss: 0.3876 | giou_loss: 0.9154 | total_loss: 3.7688
2025-05-21 05:42:52,926 - transvg_coordinates_fixed_20250520_172719 - INFO - Epoch 21, Batch 1000/3392, Loss: 3.3665
2025-05-21 05:42:52,927 - transvg_coordinates_fixed_20250520_172719 - INFO - Train metrics: l1_loss: 0.3524 | giou_loss: 0.8024 | total_loss: 3.3665
2025-05-21 05:43:22,225 - transvg_coordinates_fixed_20250520_172719 - INFO - Epoch 21, Batch 1050/3392, Loss: 4.8776
2025-05-21 05:43:22,225 - transvg_coordinates_fixed_20250520_172719 - INFO - Train metrics: l1_loss: 0.5534 | giou_loss: 1.0554 | total_loss: 4.8776
2025-05-21 05:43:51,493 - transvg_coordinates_fixed_20250520_172719 - INFO - Epoch 21, Batch 1100/3392, Loss: 3.6196
2025-05-21 05:43:51,493 - transvg_coordinates_fixed_20250520_172719 - INFO - Train metrics: l1_loss: 0.3972 | giou_loss: 0.8167 | total_loss: 3.6196
2025-05-21 05:44:20,826 - transvg_coordinates_fixed_20250520_172719 - INFO - Epoch 21, Batch 1150/3392, Loss: 5.7256
2025-05-21 05:44:20,827 - transvg_coordinates_fixed_20250520_172719 - INFO - Train metrics: l1_loss: 0.6082 | giou_loss: 1.3423 | total_loss: 5.7256
2025-05-21 05:44:50,187 - transvg_coordinates_fixed_20250520_172719 - INFO - Epoch 21, Batch 1200/3392, Loss: 4.8637
2025-05-21 05:44:50,187 - transvg_coordinates_fixed_20250520_172719 - INFO - Train metrics: l1_loss: 0.5768 | giou_loss: 0.9900 | total_loss: 4.8637
2025-05-21 05:45:19,536 - transvg_coordinates_fixed_20250520_172719 - INFO - Epoch 21, Batch 1250/3392, Loss: 4.1434
2025-05-21 05:45:19,536 - transvg_coordinates_fixed_20250520_172719 - INFO - Train metrics: l1_loss: 0.4560 | giou_loss: 0.9317 | total_loss: 4.1434
2025-05-21 05:45:48,987 - transvg_coordinates_fixed_20250520_172719 - INFO - Epoch 21, Batch 1300/3392, Loss: 3.9294
2025-05-21 05:45:48,988 - transvg_coordinates_fixed_20250520_172719 - INFO - Train metrics: l1_loss: 0.4213 | giou_loss: 0.9115 | total_loss: 3.9294
2025-05-21 05:46:18,419 - transvg_coordinates_fixed_20250520_172719 - INFO - Epoch 21, Batch 1350/3392, Loss: 5.2083
2025-05-21 05:46:18,420 - transvg_coordinates_fixed_20250520_172719 - INFO - Train metrics: l1_loss: 0.5978 | giou_loss: 1.1097 | total_loss: 5.2083
2025-05-21 05:46:47,802 - transvg_coordinates_fixed_20250520_172719 - INFO - Epoch 21, Batch 1400/3392, Loss: 4.5734
2025-05-21 05:46:47,802 - transvg_coordinates_fixed_20250520_172719 - INFO - Train metrics: l1_loss: 0.5194 | giou_loss: 0.9883 | total_loss: 4.5734
2025-05-21 05:47:17,144 - transvg_coordinates_fixed_20250520_172719 - INFO - Epoch 21, Batch 1450/3392, Loss: 4.6247
2025-05-21 05:47:17,144 - transvg_coordinates_fixed_20250520_172719 - INFO - Train metrics: l1_loss: 0.5502 | giou_loss: 0.9368 | total_loss: 4.6247
2025-05-21 05:47:46,512 - transvg_coordinates_fixed_20250520_172719 - INFO - Epoch 21, Batch 1500/3392, Loss: 4.2681
2025-05-21 05:47:46,512 - transvg_coordinates_fixed_20250520_172719 - INFO - Train metrics: l1_loss: 0.4512 | giou_loss: 1.0060 | total_loss: 4.2681
2025-05-21 05:48:15,907 - transvg_coordinates_fixed_20250520_172719 - INFO - Epoch 21, Batch 1550/3392, Loss: 4.4672
2025-05-21 05:48:15,907 - transvg_coordinates_fixed_20250520_172719 - INFO - Train metrics: l1_loss: 0.5015 | giou_loss: 0.9799 | total_loss: 4.4672
2025-05-21 05:48:45,229 - transvg_coordinates_fixed_20250520_172719 - INFO - Epoch 21, Batch 1600/3392, Loss: 3.7128
2025-05-21 05:48:45,229 - transvg_coordinates_fixed_20250520_172719 - INFO - Train metrics: l1_loss: 0.3901 | giou_loss: 0.8812 | total_loss: 3.7128
2025-05-21 05:49:14,600 - transvg_coordinates_fixed_20250520_172719 - INFO - Epoch 21, Batch 1650/3392, Loss: 4.7870
2025-05-21 05:49:14,601 - transvg_coordinates_fixed_20250520_172719 - INFO - Train metrics: l1_loss: 0.5411 | giou_loss: 1.0406 | total_loss: 4.7870
2025-05-21 05:49:43,992 - transvg_coordinates_fixed_20250520_172719 - INFO - Epoch 21, Batch 1700/3392, Loss: 3.5690
2025-05-21 05:49:43,993 - transvg_coordinates_fixed_20250520_172719 - INFO - Train metrics: l1_loss: 0.3359 | giou_loss: 0.9449 | total_loss: 3.5690
2025-05-21 05:50:13,361 - transvg_coordinates_fixed_20250520_172719 - INFO - Epoch 21, Batch 1750/3392, Loss: 3.3009
2025-05-21 05:50:13,361 - transvg_coordinates_fixed_20250520_172719 - INFO - Train metrics: l1_loss: 0.2929 | giou_loss: 0.9181 | total_loss: 3.3009
2025-05-21 05:50:42,712 - transvg_coordinates_fixed_20250520_172719 - INFO - Epoch 21, Batch 1800/3392, Loss: 4.8990
2025-05-21 05:50:42,712 - transvg_coordinates_fixed_20250520_172719 - INFO - Train metrics: l1_loss: 0.5633 | giou_loss: 1.0413 | total_loss: 4.8990
2025-05-21 05:51:12,062 - transvg_coordinates_fixed_20250520_172719 - INFO - Epoch 21, Batch 1850/3392, Loss: 4.7045
2025-05-21 05:51:12,063 - transvg_coordinates_fixed_20250520_172719 - INFO - Train metrics: l1_loss: 0.5244 | giou_loss: 1.0413 | total_loss: 4.7045
2025-05-21 05:51:41,429 - transvg_coordinates_fixed_20250520_172719 - INFO - Epoch 21, Batch 1900/3392, Loss: 3.8219
2025-05-21 05:51:41,430 - transvg_coordinates_fixed_20250520_172719 - INFO - Train metrics: l1_loss: 0.4284 | giou_loss: 0.8398 | total_loss: 3.8219
2025-05-21 05:52:10,857 - transvg_coordinates_fixed_20250520_172719 - INFO - Epoch 21, Batch 1950/3392, Loss: 4.1247
2025-05-21 05:52:10,857 - transvg_coordinates_fixed_20250520_172719 - INFO - Train metrics: l1_loss: 0.4452 | giou_loss: 0.9493 | total_loss: 4.1247
2025-05-21 05:52:40,326 - transvg_coordinates_fixed_20250520_172719 - INFO - Epoch 21, Batch 2000/3392, Loss: 5.0189
2025-05-21 05:52:40,326 - transvg_coordinates_fixed_20250520_172719 - INFO - Train metrics: l1_loss: 0.5462 | giou_loss: 1.1440 | total_loss: 5.0189
2025-05-21 05:53:09,773 - transvg_coordinates_fixed_20250520_172719 - INFO - Epoch 21, Batch 2050/3392, Loss: 3.5803
2025-05-21 05:53:09,774 - transvg_coordinates_fixed_20250520_172719 - INFO - Train metrics: l1_loss: 0.3876 | giou_loss: 0.8212 | total_loss: 3.5803
2025-05-21 05:53:39,074 - transvg_coordinates_fixed_20250520_172719 - INFO - Epoch 21, Batch 2100/3392, Loss: 4.6884
2025-05-21 05:53:39,075 - transvg_coordinates_fixed_20250520_172719 - INFO - Train metrics: l1_loss: 0.5652 | giou_loss: 0.9313 | total_loss: 4.6884
2025-05-21 05:54:08,457 - transvg_coordinates_fixed_20250520_172719 - INFO - Epoch 21, Batch 2150/3392, Loss: 5.1113
2025-05-21 05:54:08,457 - transvg_coordinates_fixed_20250520_172719 - INFO - Train metrics: l1_loss: 0.5588 | giou_loss: 1.1585 | total_loss: 5.1113
2025-05-21 05:54:37,743 - transvg_coordinates_fixed_20250520_172719 - INFO - Epoch 21, Batch 2200/3392, Loss: 5.0074
2025-05-21 05:54:37,743 - transvg_coordinates_fixed_20250520_172719 - INFO - Train metrics: l1_loss: 0.5462 | giou_loss: 1.1381 | total_loss: 5.0074
2025-05-21 05:55:06,961 - transvg_coordinates_fixed_20250520_172719 - INFO - Epoch 21, Batch 2250/3392, Loss: 4.8974
2025-05-21 05:55:06,961 - transvg_coordinates_fixed_20250520_172719 - INFO - Train metrics: l1_loss: 0.5525 | giou_loss: 1.0675 | total_loss: 4.8974
2025-05-21 05:55:36,308 - transvg_coordinates_fixed_20250520_172719 - INFO - Epoch 21, Batch 2300/3392, Loss: 2.9344
2025-05-21 05:55:36,308 - transvg_coordinates_fixed_20250520_172719 - INFO - Train metrics: l1_loss: 0.3419 | giou_loss: 0.6124 | total_loss: 2.9344
2025-05-21 05:56:05,689 - transvg_coordinates_fixed_20250520_172719 - INFO - Epoch 21, Batch 2350/3392, Loss: 3.9787
2025-05-21 05:56:05,689 - transvg_coordinates_fixed_20250520_172719 - INFO - Train metrics: l1_loss: 0.4387 | giou_loss: 0.8926 | total_loss: 3.9787
2025-05-21 05:56:34,981 - transvg_coordinates_fixed_20250520_172719 - INFO - Epoch 21, Batch 2400/3392, Loss: 4.3464
2025-05-21 05:56:34,981 - transvg_coordinates_fixed_20250520_172719 - INFO - Train metrics: l1_loss: 0.4443 | giou_loss: 1.0624 | total_loss: 4.3464
2025-05-21 05:57:04,362 - transvg_coordinates_fixed_20250520_172719 - INFO - Epoch 21, Batch 2450/3392, Loss: 4.0730
2025-05-21 05:57:04,362 - transvg_coordinates_fixed_20250520_172719 - INFO - Train metrics: l1_loss: 0.4207 | giou_loss: 0.9846 | total_loss: 4.0730
2025-05-21 05:57:33,667 - transvg_coordinates_fixed_20250520_172719 - INFO - Epoch 21, Batch 2500/3392, Loss: 5.1217
2025-05-21 05:57:33,667 - transvg_coordinates_fixed_20250520_172719 - INFO - Train metrics: l1_loss: 0.5846 | giou_loss: 1.0992 | total_loss: 5.1217
2025-05-21 05:58:03,135 - transvg_coordinates_fixed_20250520_172719 - INFO - Epoch 21, Batch 2550/3392, Loss: 4.8565
2025-05-21 05:58:03,136 - transvg_coordinates_fixed_20250520_172719 - INFO - Train metrics: l1_loss: 0.5494 | giou_loss: 1.0548 | total_loss: 4.8565
2025-05-21 05:58:32,554 - transvg_coordinates_fixed_20250520_172719 - INFO - Epoch 21, Batch 2600/3392, Loss: 5.2353
2025-05-21 05:58:32,555 - transvg_coordinates_fixed_20250520_172719 - INFO - Train metrics: l1_loss: 0.5884 | giou_loss: 1.1467 | total_loss: 5.2353
2025-05-21 05:59:01,893 - transvg_coordinates_fixed_20250520_172719 - INFO - Epoch 21, Batch 2650/3392, Loss: 3.8185
2025-05-21 05:59:01,893 - transvg_coordinates_fixed_20250520_172719 - INFO - Train metrics: l1_loss: 0.4358 | giou_loss: 0.8196 | total_loss: 3.8185
2025-05-21 05:59:31,182 - transvg_coordinates_fixed_20250520_172719 - INFO - Epoch 21, Batch 2700/3392, Loss: 5.4504
2025-05-21 05:59:31,183 - transvg_coordinates_fixed_20250520_172719 - INFO - Train metrics: l1_loss: 0.6551 | giou_loss: 1.0876 | total_loss: 5.4504
2025-05-21 06:00:00,456 - transvg_coordinates_fixed_20250520_172719 - INFO - Epoch 21, Batch 2750/3392, Loss: 3.4594
2025-05-21 06:00:00,456 - transvg_coordinates_fixed_20250520_172719 - INFO - Train metrics: l1_loss: 0.3820 | giou_loss: 0.7747 | total_loss: 3.4594
2025-05-21 06:00:29,714 - transvg_coordinates_fixed_20250520_172719 - INFO - Epoch 21, Batch 2800/3392, Loss: 3.0793
2025-05-21 06:00:29,714 - transvg_coordinates_fixed_20250520_172719 - INFO - Train metrics: l1_loss: 0.3186 | giou_loss: 0.7433 | total_loss: 3.0793
2025-05-21 06:00:59,018 - transvg_coordinates_fixed_20250520_172719 - INFO - Epoch 21, Batch 2850/3392, Loss: 4.5253
2025-05-21 06:00:59,018 - transvg_coordinates_fixed_20250520_172719 - INFO - Train metrics: l1_loss: 0.4611 | giou_loss: 1.1099 | total_loss: 4.5253
2025-05-21 06:01:28,270 - transvg_coordinates_fixed_20250520_172719 - INFO - Epoch 21, Batch 2900/3392, Loss: 3.6005
2025-05-21 06:01:28,271 - transvg_coordinates_fixed_20250520_172719 - INFO - Train metrics: l1_loss: 0.3556 | giou_loss: 0.9113 | total_loss: 3.6005
2025-05-21 06:01:57,533 - transvg_coordinates_fixed_20250520_172719 - INFO - Epoch 21, Batch 2950/3392, Loss: 4.3983
2025-05-21 06:01:57,533 - transvg_coordinates_fixed_20250520_172719 - INFO - Train metrics: l1_loss: 0.4625 | giou_loss: 1.0429 | total_loss: 4.3983
2025-05-21 06:02:26,903 - transvg_coordinates_fixed_20250520_172719 - INFO - Epoch 21, Batch 3000/3392, Loss: 4.5514
2025-05-21 06:02:26,904 - transvg_coordinates_fixed_20250520_172719 - INFO - Train metrics: l1_loss: 0.4867 | giou_loss: 1.0590 | total_loss: 4.5514
2025-05-21 06:02:56,157 - transvg_coordinates_fixed_20250520_172719 - INFO - Epoch 21, Batch 3050/3392, Loss: 4.0583
2025-05-21 06:02:56,158 - transvg_coordinates_fixed_20250520_172719 - INFO - Train metrics: l1_loss: 0.4780 | giou_loss: 0.8342 | total_loss: 4.0583
2025-05-21 06:03:25,392 - transvg_coordinates_fixed_20250520_172719 - INFO - Epoch 21, Batch 3100/3392, Loss: 4.9853
2025-05-21 06:03:25,392 - transvg_coordinates_fixed_20250520_172719 - INFO - Train metrics: l1_loss: 0.5417 | giou_loss: 1.1384 | total_loss: 4.9853
2025-05-21 06:03:54,742 - transvg_coordinates_fixed_20250520_172719 - INFO - Epoch 21, Batch 3150/3392, Loss: 4.1585
2025-05-21 06:03:54,743 - transvg_coordinates_fixed_20250520_172719 - INFO - Train metrics: l1_loss: 0.4252 | giou_loss: 1.0161 | total_loss: 4.1585
2025-05-21 06:04:24,046 - transvg_coordinates_fixed_20250520_172719 - INFO - Epoch 21, Batch 3200/3392, Loss: 3.4636
2025-05-21 06:04:24,047 - transvg_coordinates_fixed_20250520_172719 - INFO - Train metrics: l1_loss: 0.3630 | giou_loss: 0.8244 | total_loss: 3.4636
2025-05-21 06:04:53,414 - transvg_coordinates_fixed_20250520_172719 - INFO - Epoch 21, Batch 3250/3392, Loss: 4.8414
2025-05-21 06:04:53,415 - transvg_coordinates_fixed_20250520_172719 - INFO - Train metrics: l1_loss: 0.5959 | giou_loss: 0.9310 | total_loss: 4.8414
2025-05-21 06:05:22,707 - transvg_coordinates_fixed_20250520_172719 - INFO - Epoch 21, Batch 3300/3392, Loss: 4.1732
2025-05-21 06:05:22,708 - transvg_coordinates_fixed_20250520_172719 - INFO - Train metrics: l1_loss: 0.4352 | giou_loss: 0.9987 | total_loss: 4.1732
2025-05-21 06:05:52,057 - transvg_coordinates_fixed_20250520_172719 - INFO - Epoch 21, Batch 3350/3392, Loss: 4.5064
2025-05-21 06:05:52,057 - transvg_coordinates_fixed_20250520_172719 - INFO - Train metrics: l1_loss: 0.5269 | giou_loss: 0.9358 | total_loss: 4.5064
2025-05-21 06:06:16,139 - transvg_coordinates_fixed_20250520_172719 - INFO - Train Epoch 21, Loss: 4.2055
2025-05-21 06:07:35,133 - transvg_coordinates_fixed_20250520_172719 - INFO - Pred box sample: [62.063716888427734, 82.30229949951172, 250.1425018310547, 247.67758178710938]
2025-05-21 06:07:35,134 - transvg_coordinates_fixed_20250520_172719 - INFO - Target box sample: [207.0, 198.0, 287.0, 283.0]
2025-05-21 06:07:35,210 - transvg_coordinates_fixed_20250520_172719 - INFO - Validation Epoch 21, Loss: 4.4983
2025-05-21 06:07:35,210 - transvg_coordinates_fixed_20250520_172719 - INFO - Val metrics: Acc@0.25: 0.3214 | Acc@0.5: 0.1110 | Acc@0.75: 0.0154 | mIoU: 0.1834 | medianIoU: 0.0882 | mae_x1: 101.7930 | mae_y1: 94.3935 | mae_x2: 104.2673 | mae_y2: 98.3764 | center_x_error: 86.8202 | center_y_error: 80.8990 | width_error: 2.5906 | height_error: 2.2529 | loss: 4.4983
2025-05-21 06:07:36,047 - transvg_coordinates_fixed_20250520_172719 - INFO - Saved model checkpoint to /home/pokle/Trans-VG/visual_grounding/checkpoints/transvg_coordinates_fixed_20250520_172719_epoch21.pth
2025-05-21 06:07:36,048 - transvg_coordinates_fixed_20250520_172719 - INFO - Epoch 22/200
2025-05-21 06:07:37,231 - transvg_coordinates_fixed_20250520_172719 - INFO - Epoch 22, Batch 0/3392, Loss: 4.9093
2025-05-21 06:07:37,232 - transvg_coordinates_fixed_20250520_172719 - INFO - Train metrics: l1_loss: 0.5964 | giou_loss: 0.9636 | total_loss: 4.9093
2025-05-21 06:08:07,050 - transvg_coordinates_fixed_20250520_172719 - INFO - Epoch 22, Batch 50/3392, Loss: 5.1109
2025-05-21 06:08:07,051 - transvg_coordinates_fixed_20250520_172719 - INFO - Train metrics: l1_loss: 0.5503 | giou_loss: 1.1797 | total_loss: 5.1109
2025-05-21 06:08:36,661 - transvg_coordinates_fixed_20250520_172719 - INFO - Epoch 22, Batch 100/3392, Loss: 3.0748
2025-05-21 06:08:36,662 - transvg_coordinates_fixed_20250520_172719 - INFO - Train metrics: l1_loss: 0.3290 | giou_loss: 0.7148 | total_loss: 3.0748
2025-05-21 06:09:06,239 - transvg_coordinates_fixed_20250520_172719 - INFO - Epoch 22, Batch 150/3392, Loss: 4.1376
2025-05-21 06:09:06,240 - transvg_coordinates_fixed_20250520_172719 - INFO - Train metrics: l1_loss: 0.4419 | giou_loss: 0.9639 | total_loss: 4.1376
2025-05-21 06:09:35,789 - transvg_coordinates_fixed_20250520_172719 - INFO - Epoch 22, Batch 200/3392, Loss: 5.4403
2025-05-21 06:09:35,789 - transvg_coordinates_fixed_20250520_172719 - INFO - Train metrics: l1_loss: 0.5935 | giou_loss: 1.2365 | total_loss: 5.4403
2025-05-21 06:10:05,389 - transvg_coordinates_fixed_20250520_172719 - INFO - Epoch 22, Batch 250/3392, Loss: 4.4146
2025-05-21 06:10:05,390 - transvg_coordinates_fixed_20250520_172719 - INFO - Train metrics: l1_loss: 0.5063 | giou_loss: 0.9415 | total_loss: 4.4146
2025-05-21 06:10:34,911 - transvg_coordinates_fixed_20250520_172719 - INFO - Epoch 22, Batch 300/3392, Loss: 3.4651
2025-05-21 06:10:34,912 - transvg_coordinates_fixed_20250520_172719 - INFO - Train metrics: l1_loss: 0.3636 | giou_loss: 0.8237 | total_loss: 3.4651
2025-05-21 06:11:04,505 - transvg_coordinates_fixed_20250520_172719 - INFO - Epoch 22, Batch 350/3392, Loss: 3.8172
2025-05-21 06:11:04,505 - transvg_coordinates_fixed_20250520_172719 - INFO - Train metrics: l1_loss: 0.4386 | giou_loss: 0.8122 | total_loss: 3.8172
2025-05-21 06:11:34,294 - transvg_coordinates_fixed_20250520_172719 - INFO - Epoch 22, Batch 400/3392, Loss: 4.5846
2025-05-21 06:11:34,295 - transvg_coordinates_fixed_20250520_172719 - INFO - Train metrics: l1_loss: 0.4899 | giou_loss: 1.0674 | total_loss: 4.5846
2025-05-21 06:12:03,896 - transvg_coordinates_fixed_20250520_172719 - INFO - Epoch 22, Batch 450/3392, Loss: 4.6317
2025-05-21 06:12:03,897 - transvg_coordinates_fixed_20250520_172719 - INFO - Train metrics: l1_loss: 0.4925 | giou_loss: 1.0845 | total_loss: 4.6317
2025-05-21 06:12:33,416 - transvg_coordinates_fixed_20250520_172719 - INFO - Epoch 22, Batch 500/3392, Loss: 4.5545
2025-05-21 06:12:33,416 - transvg_coordinates_fixed_20250520_172719 - INFO - Train metrics: l1_loss: 0.4776 | giou_loss: 1.0832 | total_loss: 4.5545
2025-05-21 06:13:02,871 - transvg_coordinates_fixed_20250520_172719 - INFO - Epoch 22, Batch 550/3392, Loss: 4.3033
2025-05-21 06:13:02,871 - transvg_coordinates_fixed_20250520_172719 - INFO - Train metrics: l1_loss: 0.5026 | giou_loss: 0.8952 | total_loss: 4.3033
2025-05-21 06:13:32,434 - transvg_coordinates_fixed_20250520_172719 - INFO - Epoch 22, Batch 600/3392, Loss: 4.1676
2025-05-21 06:13:32,434 - transvg_coordinates_fixed_20250520_172719 - INFO - Train metrics: l1_loss: 0.4113 | giou_loss: 1.0556 | total_loss: 4.1676
2025-05-21 06:14:01,999 - transvg_coordinates_fixed_20250520_172719 - INFO - Epoch 22, Batch 650/3392, Loss: 6.1857
2025-05-21 06:14:01,999 - transvg_coordinates_fixed_20250520_172719 - INFO - Train metrics: l1_loss: 0.7574 | giou_loss: 1.1992 | total_loss: 6.1857
2025-05-21 06:14:31,386 - transvg_coordinates_fixed_20250520_172719 - INFO - Epoch 22, Batch 700/3392, Loss: 4.3988
2025-05-21 06:14:31,386 - transvg_coordinates_fixed_20250520_172719 - INFO - Train metrics: l1_loss: 0.4633 | giou_loss: 1.0411 | total_loss: 4.3988
2025-05-21 06:15:00,960 - transvg_coordinates_fixed_20250520_172719 - INFO - Epoch 22, Batch 750/3392, Loss: 4.7512
2025-05-21 06:15:00,960 - transvg_coordinates_fixed_20250520_172719 - INFO - Train metrics: l1_loss: 0.5133 | giou_loss: 1.0923 | total_loss: 4.7512
2025-05-21 06:15:30,399 - transvg_coordinates_fixed_20250520_172719 - INFO - Epoch 22, Batch 800/3392, Loss: 4.8428
2025-05-21 06:15:30,399 - transvg_coordinates_fixed_20250520_172719 - INFO - Train metrics: l1_loss: 0.5215 | giou_loss: 1.1177 | total_loss: 4.8428
2025-05-21 06:15:59,871 - transvg_coordinates_fixed_20250520_172719 - INFO - Epoch 22, Batch 850/3392, Loss: 3.3235
2025-05-21 06:15:59,872 - transvg_coordinates_fixed_20250520_172719 - INFO - Train metrics: l1_loss: 0.3284 | giou_loss: 0.8408 | total_loss: 3.3235
2025-05-21 06:16:29,331 - transvg_coordinates_fixed_20250520_172719 - INFO - Epoch 22, Batch 900/3392, Loss: 4.0177
2025-05-21 06:16:29,332 - transvg_coordinates_fixed_20250520_172719 - INFO - Train metrics: l1_loss: 0.4275 | giou_loss: 0.9400 | total_loss: 4.0177
2025-05-21 06:16:58,980 - transvg_coordinates_fixed_20250520_172719 - INFO - Epoch 22, Batch 950/3392, Loss: 3.9241
2025-05-21 06:16:58,980 - transvg_coordinates_fixed_20250520_172719 - INFO - Train metrics: l1_loss: 0.3743 | giou_loss: 1.0264 | total_loss: 3.9241
2025-05-21 06:17:28,657 - transvg_coordinates_fixed_20250520_172719 - INFO - Epoch 22, Batch 1000/3392, Loss: 4.0923
2025-05-21 06:17:28,657 - transvg_coordinates_fixed_20250520_172719 - INFO - Train metrics: l1_loss: 0.4077 | giou_loss: 1.0268 | total_loss: 4.0923
2025-05-21 06:17:58,260 - transvg_coordinates_fixed_20250520_172719 - INFO - Epoch 22, Batch 1050/3392, Loss: 4.9002
2025-05-21 06:17:58,261 - transvg_coordinates_fixed_20250520_172719 - INFO - Train metrics: l1_loss: 0.5313 | giou_loss: 1.1219 | total_loss: 4.9002
2025-05-21 06:18:27,952 - transvg_coordinates_fixed_20250520_172719 - INFO - Epoch 22, Batch 1100/3392, Loss: 4.2810
2025-05-21 06:18:27,952 - transvg_coordinates_fixed_20250520_172719 - INFO - Train metrics: l1_loss: 0.4067 | giou_loss: 1.1237 | total_loss: 4.2810
2025-05-21 06:18:57,603 - transvg_coordinates_fixed_20250520_172719 - INFO - Epoch 22, Batch 1150/3392, Loss: 4.0483
2025-05-21 06:18:57,603 - transvg_coordinates_fixed_20250520_172719 - INFO - Train metrics: l1_loss: 0.3886 | giou_loss: 1.0527 | total_loss: 4.0483
2025-05-21 06:19:27,163 - transvg_coordinates_fixed_20250520_172719 - INFO - Epoch 22, Batch 1200/3392, Loss: 3.7684
2025-05-21 06:19:27,164 - transvg_coordinates_fixed_20250520_172719 - INFO - Train metrics: l1_loss: 0.4124 | giou_loss: 0.8532 | total_loss: 3.7684
2025-05-21 06:19:56,788 - transvg_coordinates_fixed_20250520_172719 - INFO - Epoch 22, Batch 1250/3392, Loss: 3.8529
2025-05-21 06:19:56,789 - transvg_coordinates_fixed_20250520_172719 - INFO - Train metrics: l1_loss: 0.3995 | giou_loss: 0.9277 | total_loss: 3.8529
2025-05-21 06:20:26,344 - transvg_coordinates_fixed_20250520_172719 - INFO - Epoch 22, Batch 1300/3392, Loss: 3.1137
2025-05-21 06:20:26,345 - transvg_coordinates_fixed_20250520_172719 - INFO - Train metrics: l1_loss: 0.3341 | giou_loss: 0.7217 | total_loss: 3.1137
2025-05-21 06:20:55,903 - transvg_coordinates_fixed_20250520_172719 - INFO - Epoch 22, Batch 1350/3392, Loss: 3.4812
2025-05-21 06:20:55,904 - transvg_coordinates_fixed_20250520_172719 - INFO - Train metrics: l1_loss: 0.3550 | giou_loss: 0.8530 | total_loss: 3.4812
2025-05-21 06:21:25,502 - transvg_coordinates_fixed_20250520_172719 - INFO - Epoch 22, Batch 1400/3392, Loss: 3.6683
2025-05-21 06:21:25,502 - transvg_coordinates_fixed_20250520_172719 - INFO - Train metrics: l1_loss: 0.3914 | giou_loss: 0.8555 | total_loss: 3.6683
2025-05-21 06:21:55,105 - transvg_coordinates_fixed_20250520_172719 - INFO - Epoch 22, Batch 1450/3392, Loss: 4.1167
2025-05-21 06:21:55,105 - transvg_coordinates_fixed_20250520_172719 - INFO - Train metrics: l1_loss: 0.4576 | giou_loss: 0.9143 | total_loss: 4.1167
2025-05-21 06:22:24,654 - transvg_coordinates_fixed_20250520_172719 - INFO - Epoch 22, Batch 1500/3392, Loss: 4.8060
2025-05-21 06:22:24,655 - transvg_coordinates_fixed_20250520_172719 - INFO - Train metrics: l1_loss: 0.5250 | giou_loss: 1.0904 | total_loss: 4.8060
2025-05-21 06:22:54,226 - transvg_coordinates_fixed_20250520_172719 - INFO - Epoch 22, Batch 1550/3392, Loss: 4.6835
2025-05-21 06:22:54,227 - transvg_coordinates_fixed_20250520_172719 - INFO - Train metrics: l1_loss: 0.5025 | giou_loss: 1.0855 | total_loss: 4.6835
2025-05-21 06:23:23,824 - transvg_coordinates_fixed_20250520_172719 - INFO - Epoch 22, Batch 1600/3392, Loss: 3.5024
2025-05-21 06:23:23,825 - transvg_coordinates_fixed_20250520_172719 - INFO - Train metrics: l1_loss: 0.3547 | giou_loss: 0.8644 | total_loss: 3.5024
2025-05-21 06:23:53,505 - transvg_coordinates_fixed_20250520_172719 - INFO - Epoch 22, Batch 1650/3392, Loss: 3.7616
2025-05-21 06:23:53,506 - transvg_coordinates_fixed_20250520_172719 - INFO - Train metrics: l1_loss: 0.3612 | giou_loss: 0.9777 | total_loss: 3.7616
2025-05-21 06:24:23,090 - transvg_coordinates_fixed_20250520_172719 - INFO - Epoch 22, Batch 1700/3392, Loss: 3.4996
2025-05-21 06:24:23,091 - transvg_coordinates_fixed_20250520_172719 - INFO - Train metrics: l1_loss: 0.3890 | giou_loss: 0.7773 | total_loss: 3.4996
2025-05-21 06:24:52,670 - transvg_coordinates_fixed_20250520_172719 - INFO - Epoch 22, Batch 1750/3392, Loss: 5.3194
2025-05-21 06:24:52,670 - transvg_coordinates_fixed_20250520_172719 - INFO - Train metrics: l1_loss: 0.5831 | giou_loss: 1.2019 | total_loss: 5.3194
2025-05-21 06:25:22,238 - transvg_coordinates_fixed_20250520_172719 - INFO - Epoch 22, Batch 1800/3392, Loss: 4.0985
2025-05-21 06:25:22,238 - transvg_coordinates_fixed_20250520_172719 - INFO - Train metrics: l1_loss: 0.4017 | giou_loss: 1.0451 | total_loss: 4.0985
2025-05-21 06:25:51,811 - transvg_coordinates_fixed_20250520_172719 - INFO - Epoch 22, Batch 1850/3392, Loss: 4.2738
2025-05-21 06:25:51,811 - transvg_coordinates_fixed_20250520_172719 - INFO - Train metrics: l1_loss: 0.4595 | giou_loss: 0.9882 | total_loss: 4.2738
2025-05-21 06:26:21,400 - transvg_coordinates_fixed_20250520_172719 - INFO - Epoch 22, Batch 1900/3392, Loss: 5.5627
2025-05-21 06:26:21,401 - transvg_coordinates_fixed_20250520_172719 - INFO - Train metrics: l1_loss: 0.6404 | giou_loss: 1.1804 | total_loss: 5.5627
2025-05-21 06:26:51,005 - transvg_coordinates_fixed_20250520_172719 - INFO - Epoch 22, Batch 1950/3392, Loss: 3.4807
2025-05-21 06:26:51,005 - transvg_coordinates_fixed_20250520_172719 - INFO - Train metrics: l1_loss: 0.3606 | giou_loss: 0.8389 | total_loss: 3.4807
2025-05-21 06:27:20,583 - transvg_coordinates_fixed_20250520_172719 - INFO - Epoch 22, Batch 2000/3392, Loss: 4.9678
2025-05-21 06:27:20,584 - transvg_coordinates_fixed_20250520_172719 - INFO - Train metrics: l1_loss: 0.6003 | giou_loss: 0.9830 | total_loss: 4.9678
2025-05-21 06:27:50,136 - transvg_coordinates_fixed_20250520_172719 - INFO - Epoch 22, Batch 2050/3392, Loss: 3.7272
2025-05-21 06:27:50,137 - transvg_coordinates_fixed_20250520_172719 - INFO - Train metrics: l1_loss: 0.3785 | giou_loss: 0.9174 | total_loss: 3.7272
2025-05-21 06:28:19,722 - transvg_coordinates_fixed_20250520_172719 - INFO - Epoch 22, Batch 2100/3392, Loss: 4.4126
2025-05-21 06:28:19,722 - transvg_coordinates_fixed_20250520_172719 - INFO - Train metrics: l1_loss: 0.4447 | giou_loss: 1.0945 | total_loss: 4.4126
2025-05-21 06:28:49,318 - transvg_coordinates_fixed_20250520_172719 - INFO - Epoch 22, Batch 2150/3392, Loss: 4.1565
2025-05-21 06:28:49,319 - transvg_coordinates_fixed_20250520_172719 - INFO - Train metrics: l1_loss: 0.4627 | giou_loss: 0.9215 | total_loss: 4.1565
2025-05-21 06:29:18,888 - transvg_coordinates_fixed_20250520_172719 - INFO - Epoch 22, Batch 2200/3392, Loss: 5.6613
2025-05-21 06:29:18,888 - transvg_coordinates_fixed_20250520_172719 - INFO - Train metrics: l1_loss: 0.6603 | giou_loss: 1.1799 | total_loss: 5.6613
2025-05-21 06:29:48,509 - transvg_coordinates_fixed_20250520_172719 - INFO - Epoch 22, Batch 2250/3392, Loss: 4.4144
2025-05-21 06:29:48,510 - transvg_coordinates_fixed_20250520_172719 - INFO - Train metrics: l1_loss: 0.5065 | giou_loss: 0.9409 | total_loss: 4.4144
2025-05-21 06:30:18,109 - transvg_coordinates_fixed_20250520_172719 - INFO - Epoch 22, Batch 2300/3392, Loss: 3.3196
2025-05-21 06:30:18,110 - transvg_coordinates_fixed_20250520_172719 - INFO - Train metrics: l1_loss: 0.3539 | giou_loss: 0.7751 | total_loss: 3.3196
2025-05-21 06:30:47,734 - transvg_coordinates_fixed_20250520_172719 - INFO - Epoch 22, Batch 2350/3392, Loss: 3.1953
2025-05-21 06:30:47,735 - transvg_coordinates_fixed_20250520_172719 - INFO - Train metrics: l1_loss: 0.3284 | giou_loss: 0.7766 | total_loss: 3.1953
2025-05-21 06:31:17,340 - transvg_coordinates_fixed_20250520_172719 - INFO - Epoch 22, Batch 2400/3392, Loss: 4.0273
2025-05-21 06:31:17,341 - transvg_coordinates_fixed_20250520_172719 - INFO - Train metrics: l1_loss: 0.4016 | giou_loss: 1.0098 | total_loss: 4.0273
2025-05-21 06:31:46,949 - transvg_coordinates_fixed_20250520_172719 - INFO - Epoch 22, Batch 2450/3392, Loss: 3.7472
2025-05-21 06:31:46,950 - transvg_coordinates_fixed_20250520_172719 - INFO - Train metrics: l1_loss: 0.3813 | giou_loss: 0.9202 | total_loss: 3.7472
2025-05-21 06:32:16,553 - transvg_coordinates_fixed_20250520_172719 - INFO - Epoch 22, Batch 2500/3392, Loss: 4.5125
2025-05-21 06:32:16,553 - transvg_coordinates_fixed_20250520_172719 - INFO - Train metrics: l1_loss: 0.4915 | giou_loss: 1.0276 | total_loss: 4.5125
2025-05-21 06:32:46,135 - transvg_coordinates_fixed_20250520_172719 - INFO - Epoch 22, Batch 2550/3392, Loss: 3.9925
2025-05-21 06:32:46,136 - transvg_coordinates_fixed_20250520_172719 - INFO - Train metrics: l1_loss: 0.4644 | giou_loss: 0.8352 | total_loss: 3.9925
2025-05-21 06:33:15,718 - transvg_coordinates_fixed_20250520_172719 - INFO - Epoch 22, Batch 2600/3392, Loss: 4.2615
2025-05-21 06:33:15,718 - transvg_coordinates_fixed_20250520_172719 - INFO - Train metrics: l1_loss: 0.4321 | giou_loss: 1.0506 | total_loss: 4.2615
2025-05-21 06:33:45,237 - transvg_coordinates_fixed_20250520_172719 - INFO - Epoch 22, Batch 2650/3392, Loss: 4.4825
2025-05-21 06:33:45,237 - transvg_coordinates_fixed_20250520_172719 - INFO - Train metrics: l1_loss: 0.4876 | giou_loss: 1.0221 | total_loss: 4.4825
2025-05-21 06:34:14,760 - transvg_coordinates_fixed_20250520_172719 - INFO - Epoch 22, Batch 2700/3392, Loss: 3.8650
2025-05-21 06:34:14,761 - transvg_coordinates_fixed_20250520_172719 - INFO - Train metrics: l1_loss: 0.4222 | giou_loss: 0.8770 | total_loss: 3.8650
2025-05-21 06:34:44,278 - transvg_coordinates_fixed_20250520_172719 - INFO - Epoch 22, Batch 2750/3392, Loss: 4.1561
2025-05-21 06:34:44,279 - transvg_coordinates_fixed_20250520_172719 - INFO - Train metrics: l1_loss: 0.4241 | giou_loss: 1.0179 | total_loss: 4.1561
2025-05-21 06:35:13,815 - transvg_coordinates_fixed_20250520_172719 - INFO - Epoch 22, Batch 2800/3392, Loss: 3.8909
2025-05-21 06:35:13,816 - transvg_coordinates_fixed_20250520_172719 - INFO - Train metrics: l1_loss: 0.4139 | giou_loss: 0.9108 | total_loss: 3.8909
2025-05-21 06:35:43,366 - transvg_coordinates_fixed_20250520_172719 - INFO - Epoch 22, Batch 2850/3392, Loss: 4.3109
2025-05-21 06:35:43,367 - transvg_coordinates_fixed_20250520_172719 - INFO - Train metrics: l1_loss: 0.4276 | giou_loss: 1.0864 | total_loss: 4.3109
2025-05-21 06:36:12,926 - transvg_coordinates_fixed_20250520_172719 - INFO - Epoch 22, Batch 2900/3392, Loss: 3.4240
2025-05-21 06:36:12,927 - transvg_coordinates_fixed_20250520_172719 - INFO - Train metrics: l1_loss: 0.3730 | giou_loss: 0.7794 | total_loss: 3.4240
2025-05-21 06:36:42,561 - transvg_coordinates_fixed_20250520_172719 - INFO - Epoch 22, Batch 2950/3392, Loss: 3.5526
2025-05-21 06:36:42,562 - transvg_coordinates_fixed_20250520_172719 - INFO - Train metrics: l1_loss: 0.4105 | giou_loss: 0.7502 | total_loss: 3.5526
2025-05-21 06:37:12,109 - transvg_coordinates_fixed_20250520_172719 - INFO - Epoch 22, Batch 3000/3392, Loss: 3.9874
2025-05-21 06:37:12,110 - transvg_coordinates_fixed_20250520_172719 - INFO - Train metrics: l1_loss: 0.4302 | giou_loss: 0.9183 | total_loss: 3.9874
2025-05-21 06:37:41,657 - transvg_coordinates_fixed_20250520_172719 - INFO - Epoch 22, Batch 3050/3392, Loss: 4.1799
2025-05-21 06:37:41,657 - transvg_coordinates_fixed_20250520_172719 - INFO - Train metrics: l1_loss: 0.4883 | giou_loss: 0.8693 | total_loss: 4.1799
2025-05-21 06:38:11,211 - transvg_coordinates_fixed_20250520_172719 - INFO - Epoch 22, Batch 3100/3392, Loss: 4.1448
2025-05-21 06:38:11,212 - transvg_coordinates_fixed_20250520_172719 - INFO - Train metrics: l1_loss: 0.4537 | giou_loss: 0.9380 | total_loss: 4.1448
2025-05-21 06:38:40,786 - transvg_coordinates_fixed_20250520_172719 - INFO - Epoch 22, Batch 3150/3392, Loss: 3.7562
2025-05-21 06:38:40,787 - transvg_coordinates_fixed_20250520_172719 - INFO - Train metrics: l1_loss: 0.4012 | giou_loss: 0.8750 | total_loss: 3.7562
2025-05-21 06:39:10,352 - transvg_coordinates_fixed_20250520_172719 - INFO - Epoch 22, Batch 3200/3392, Loss: 4.9024
2025-05-21 06:39:10,353 - transvg_coordinates_fixed_20250520_172719 - INFO - Train metrics: l1_loss: 0.5507 | giou_loss: 1.0744 | total_loss: 4.9024
2025-05-21 06:39:39,963 - transvg_coordinates_fixed_20250520_172719 - INFO - Epoch 22, Batch 3250/3392, Loss: 3.8575
2025-05-21 06:39:39,963 - transvg_coordinates_fixed_20250520_172719 - INFO - Train metrics: l1_loss: 0.3715 | giou_loss: 1.0000 | total_loss: 3.8575
2025-05-21 06:40:09,532 - transvg_coordinates_fixed_20250520_172719 - INFO - Epoch 22, Batch 3300/3392, Loss: 3.8217
2025-05-21 06:40:09,533 - transvg_coordinates_fixed_20250520_172719 - INFO - Train metrics: l1_loss: 0.3941 | giou_loss: 0.9256 | total_loss: 3.8217
2025-05-21 06:40:39,142 - transvg_coordinates_fixed_20250520_172719 - INFO - Epoch 22, Batch 3350/3392, Loss: 3.1701
2025-05-21 06:40:39,142 - transvg_coordinates_fixed_20250520_172719 - INFO - Train metrics: l1_loss: 0.2955 | giou_loss: 0.8463 | total_loss: 3.1701
2025-05-21 06:41:03,435 - transvg_coordinates_fixed_20250520_172719 - INFO - Train Epoch 22, Loss: 4.1889
2025-05-21 06:42:23,420 - transvg_coordinates_fixed_20250520_172719 - INFO - Pred box sample: [91.7291259765625, 75.03335571289062, 251.8004608154297, 233.65869140625]
2025-05-21 06:42:23,420 - transvg_coordinates_fixed_20250520_172719 - INFO - Target box sample: [207.0, 198.0, 287.0, 283.0]
2025-05-21 06:42:23,504 - transvg_coordinates_fixed_20250520_172719 - INFO - Validation Epoch 22, Loss: 4.4579
2025-05-21 06:42:23,504 - transvg_coordinates_fixed_20250520_172719 - INFO - Val metrics: Acc@0.25: 0.3278 | Acc@0.5: 0.1243 | Acc@0.75: 0.0178 | mIoU: 0.1889 | medianIoU: 0.0900 | mae_x1: 99.6359 | mae_y1: 100.9958 | mae_x2: 99.1073 | mae_y2: 98.0133 | center_x_error: 85.0412 | center_y_error: 80.5762 | width_error: 2.3462 | height_error: 2.7246 | loss: 4.4579
2025-05-21 06:42:24,258 - transvg_coordinates_fixed_20250520_172719 - INFO - Saved model checkpoint to /home/pokle/Trans-VG/visual_grounding/checkpoints/transvg_coordinates_fixed_20250520_172719_epoch22.pth
2025-05-21 06:42:24,259 - transvg_coordinates_fixed_20250520_172719 - INFO - New best model! Acc@0.5: 0.1243
2025-05-21 06:42:24,259 - transvg_coordinates_fixed_20250520_172719 - INFO - Epoch 23/200
2025-05-21 06:42:25,421 - transvg_coordinates_fixed_20250520_172719 - INFO - Epoch 23, Batch 0/3392, Loss: 5.8098
2025-05-21 06:42:25,421 - transvg_coordinates_fixed_20250520_172719 - INFO - Train metrics: l1_loss: 0.7238 | giou_loss: 1.0954 | total_loss: 5.8098
2025-05-21 06:42:55,156 - transvg_coordinates_fixed_20250520_172719 - INFO - Epoch 23, Batch 50/3392, Loss: 3.5985
2025-05-21 06:42:55,156 - transvg_coordinates_fixed_20250520_172719 - INFO - Train metrics: l1_loss: 0.3867 | giou_loss: 0.8324 | total_loss: 3.5985
2025-05-21 06:43:24,864 - transvg_coordinates_fixed_20250520_172719 - INFO - Epoch 23, Batch 100/3392, Loss: 4.4318
2025-05-21 06:43:24,865 - transvg_coordinates_fixed_20250520_172719 - INFO - Train metrics: l1_loss: 0.4359 | giou_loss: 1.1263 | total_loss: 4.4318
2025-05-21 06:43:54,460 - transvg_coordinates_fixed_20250520_172719 - INFO - Epoch 23, Batch 150/3392, Loss: 5.4964
2025-05-21 06:43:54,461 - transvg_coordinates_fixed_20250520_172719 - INFO - Train metrics: l1_loss: 0.6311 | giou_loss: 1.1704 | total_loss: 5.4964
2025-05-21 06:44:23,876 - transvg_coordinates_fixed_20250520_172719 - INFO - Epoch 23, Batch 200/3392, Loss: 3.6901
2025-05-21 06:44:23,876 - transvg_coordinates_fixed_20250520_172719 - INFO - Train metrics: l1_loss: 0.3863 | giou_loss: 0.8794 | total_loss: 3.6901
2025-05-21 06:44:53,301 - transvg_coordinates_fixed_20250520_172719 - INFO - Epoch 23, Batch 250/3392, Loss: 3.9817
2025-05-21 06:44:53,301 - transvg_coordinates_fixed_20250520_172719 - INFO - Train metrics: l1_loss: 0.4183 | giou_loss: 0.9451 | total_loss: 3.9817
2025-05-21 06:45:22,785 - transvg_coordinates_fixed_20250520_172719 - INFO - Epoch 23, Batch 300/3392, Loss: 3.8333
2025-05-21 06:45:22,785 - transvg_coordinates_fixed_20250520_172719 - INFO - Train metrics: l1_loss: 0.3929 | giou_loss: 0.9344 | total_loss: 3.8333
2025-05-21 06:45:52,190 - transvg_coordinates_fixed_20250520_172719 - INFO - Epoch 23, Batch 350/3392, Loss: 4.0310
2025-05-21 06:45:52,190 - transvg_coordinates_fixed_20250520_172719 - INFO - Train metrics: l1_loss: 0.3967 | giou_loss: 1.0238 | total_loss: 4.0310
2025-05-21 06:46:21,606 - transvg_coordinates_fixed_20250520_172719 - INFO - Epoch 23, Batch 400/3392, Loss: 3.6314
2025-05-21 06:46:21,606 - transvg_coordinates_fixed_20250520_172719 - INFO - Train metrics: l1_loss: 0.3798 | giou_loss: 0.8663 | total_loss: 3.6314
2025-05-21 06:46:51,047 - transvg_coordinates_fixed_20250520_172719 - INFO - Epoch 23, Batch 450/3392, Loss: 4.2983
2025-05-21 06:46:51,047 - transvg_coordinates_fixed_20250520_172719 - INFO - Train metrics: l1_loss: 0.4545 | giou_loss: 1.0130 | total_loss: 4.2983
2025-05-21 06:47:20,524 - transvg_coordinates_fixed_20250520_172719 - INFO - Epoch 23, Batch 500/3392, Loss: 4.6321
2025-05-21 06:47:20,524 - transvg_coordinates_fixed_20250520_172719 - INFO - Train metrics: l1_loss: 0.5417 | giou_loss: 0.9617 | total_loss: 4.6321
2025-05-21 06:47:50,054 - transvg_coordinates_fixed_20250520_172719 - INFO - Epoch 23, Batch 550/3392, Loss: 4.2552
2025-05-21 06:47:50,054 - transvg_coordinates_fixed_20250520_172719 - INFO - Train metrics: l1_loss: 0.4318 | giou_loss: 1.0482 | total_loss: 4.2552
2025-05-21 06:48:19,575 - transvg_coordinates_fixed_20250520_172719 - INFO - Epoch 23, Batch 600/3392, Loss: 4.1998
2025-05-21 06:48:19,575 - transvg_coordinates_fixed_20250520_172719 - INFO - Train metrics: l1_loss: 0.4451 | giou_loss: 0.9872 | total_loss: 4.1998
2025-05-21 06:48:48,970 - transvg_coordinates_fixed_20250520_172719 - INFO - Epoch 23, Batch 650/3392, Loss: 5.0537
2025-05-21 06:48:48,971 - transvg_coordinates_fixed_20250520_172719 - INFO - Train metrics: l1_loss: 0.5575 | giou_loss: 1.1331 | total_loss: 5.0537
2025-05-21 06:49:18,388 - transvg_coordinates_fixed_20250520_172719 - INFO - Epoch 23, Batch 700/3392, Loss: 3.9757
2025-05-21 06:49:18,389 - transvg_coordinates_fixed_20250520_172719 - INFO - Train metrics: l1_loss: 0.4422 | giou_loss: 0.8824 | total_loss: 3.9757
2025-05-21 06:49:47,835 - transvg_coordinates_fixed_20250520_172719 - INFO - Epoch 23, Batch 750/3392, Loss: 4.0329
2025-05-21 06:49:47,836 - transvg_coordinates_fixed_20250520_172719 - INFO - Train metrics: l1_loss: 0.4286 | giou_loss: 0.9448 | total_loss: 4.0329
2025-05-21 06:50:17,464 - transvg_coordinates_fixed_20250520_172719 - INFO - Epoch 23, Batch 800/3392, Loss: 3.7627
2025-05-21 06:50:17,465 - transvg_coordinates_fixed_20250520_172719 - INFO - Train metrics: l1_loss: 0.4034 | giou_loss: 0.8729 | total_loss: 3.7627
2025-05-21 06:50:46,875 - transvg_coordinates_fixed_20250520_172719 - INFO - Epoch 23, Batch 850/3392, Loss: 4.5919
2025-05-21 06:50:46,876 - transvg_coordinates_fixed_20250520_172719 - INFO - Train metrics: l1_loss: 0.4895 | giou_loss: 1.0722 | total_loss: 4.5919
2025-05-21 06:51:16,308 - transvg_coordinates_fixed_20250520_172719 - INFO - Epoch 23, Batch 900/3392, Loss: 3.3322
2025-05-21 06:51:16,308 - transvg_coordinates_fixed_20250520_172719 - INFO - Train metrics: l1_loss: 0.3474 | giou_loss: 0.7976 | total_loss: 3.3322
2025-05-21 06:51:45,834 - transvg_coordinates_fixed_20250520_172719 - INFO - Epoch 23, Batch 950/3392, Loss: 3.9679
2025-05-21 06:51:45,834 - transvg_coordinates_fixed_20250520_172719 - INFO - Train metrics: l1_loss: 0.4287 | giou_loss: 0.9121 | total_loss: 3.9679
2025-05-21 06:52:15,393 - transvg_coordinates_fixed_20250520_172719 - INFO - Epoch 23, Batch 1000/3392, Loss: 3.7071
2025-05-21 06:52:15,393 - transvg_coordinates_fixed_20250520_172719 - INFO - Train metrics: l1_loss: 0.4038 | giou_loss: 0.8441 | total_loss: 3.7071
2025-05-21 06:52:44,869 - transvg_coordinates_fixed_20250520_172719 - INFO - Epoch 23, Batch 1050/3392, Loss: 4.2815
2025-05-21 06:52:44,869 - transvg_coordinates_fixed_20250520_172719 - INFO - Train metrics: l1_loss: 0.4810 | giou_loss: 0.9382 | total_loss: 4.2815
2025-05-21 06:53:14,261 - transvg_coordinates_fixed_20250520_172719 - INFO - Epoch 23, Batch 1100/3392, Loss: 3.2619
2025-05-21 06:53:14,261 - transvg_coordinates_fixed_20250520_172719 - INFO - Train metrics: l1_loss: 0.2999 | giou_loss: 0.8811 | total_loss: 3.2619
2025-05-21 06:53:43,718 - transvg_coordinates_fixed_20250520_172719 - INFO - Epoch 23, Batch 1150/3392, Loss: 3.1852
2025-05-21 06:53:43,718 - transvg_coordinates_fixed_20250520_172719 - INFO - Train metrics: l1_loss: 0.3430 | giou_loss: 0.7351 | total_loss: 3.1852
2025-05-21 06:54:13,220 - transvg_coordinates_fixed_20250520_172719 - INFO - Epoch 23, Batch 1200/3392, Loss: 4.0263
2025-05-21 06:54:13,220 - transvg_coordinates_fixed_20250520_172719 - INFO - Train metrics: l1_loss: 0.4170 | giou_loss: 0.9705 | total_loss: 4.0263
2025-05-21 06:54:42,709 - transvg_coordinates_fixed_20250520_172719 - INFO - Epoch 23, Batch 1250/3392, Loss: 4.4438
2025-05-21 06:54:42,709 - transvg_coordinates_fixed_20250520_172719 - INFO - Train metrics: l1_loss: 0.4605 | giou_loss: 1.0705 | total_loss: 4.4438
2025-05-21 06:55:12,179 - transvg_coordinates_fixed_20250520_172719 - INFO - Epoch 23, Batch 1300/3392, Loss: 3.6586
2025-05-21 06:55:12,179 - transvg_coordinates_fixed_20250520_172719 - INFO - Train metrics: l1_loss: 0.4014 | giou_loss: 0.8258 | total_loss: 3.6586
2025-05-21 06:55:41,600 - transvg_coordinates_fixed_20250520_172719 - INFO - Epoch 23, Batch 1350/3392, Loss: 4.8956
2025-05-21 06:55:41,600 - transvg_coordinates_fixed_20250520_172719 - INFO - Train metrics: l1_loss: 0.6031 | giou_loss: 0.9399 | total_loss: 4.8956
2025-05-21 06:56:10,987 - transvg_coordinates_fixed_20250520_172719 - INFO - Epoch 23, Batch 1400/3392, Loss: 5.2051
2025-05-21 06:56:10,987 - transvg_coordinates_fixed_20250520_172719 - INFO - Train metrics: l1_loss: 0.6177 | giou_loss: 1.0584 | total_loss: 5.2051
2025-05-21 06:56:40,540 - transvg_coordinates_fixed_20250520_172719 - INFO - Epoch 23, Batch 1450/3392, Loss: 4.8325
2025-05-21 06:56:40,540 - transvg_coordinates_fixed_20250520_172719 - INFO - Train metrics: l1_loss: 0.5795 | giou_loss: 0.9675 | total_loss: 4.8325
2025-05-21 06:57:10,065 - transvg_coordinates_fixed_20250520_172719 - INFO - Epoch 23, Batch 1500/3392, Loss: 4.4828
2025-05-21 06:57:10,066 - transvg_coordinates_fixed_20250520_172719 - INFO - Train metrics: l1_loss: 0.4911 | giou_loss: 1.0137 | total_loss: 4.4828
2025-05-21 06:57:39,588 - transvg_coordinates_fixed_20250520_172719 - INFO - Epoch 23, Batch 1550/3392, Loss: 4.0737
2025-05-21 06:57:39,588 - transvg_coordinates_fixed_20250520_172719 - INFO - Train metrics: l1_loss: 0.4483 | giou_loss: 0.9162 | total_loss: 4.0737
2025-05-21 06:58:09,076 - transvg_coordinates_fixed_20250520_172719 - INFO - Epoch 23, Batch 1600/3392, Loss: 3.2667
2025-05-21 06:58:09,076 - transvg_coordinates_fixed_20250520_172719 - INFO - Train metrics: l1_loss: 0.3370 | giou_loss: 0.7910 | total_loss: 3.2667
2025-05-21 06:58:38,552 - transvg_coordinates_fixed_20250520_172719 - INFO - Epoch 23, Batch 1650/3392, Loss: 5.0335
2025-05-21 06:58:38,552 - transvg_coordinates_fixed_20250520_172719 - INFO - Train metrics: l1_loss: 0.5650 | giou_loss: 1.1043 | total_loss: 5.0335
2025-05-21 06:59:08,065 - transvg_coordinates_fixed_20250520_172719 - INFO - Epoch 23, Batch 1700/3392, Loss: 3.5894
2025-05-21 06:59:08,066 - transvg_coordinates_fixed_20250520_172719 - INFO - Train metrics: l1_loss: 0.3609 | giou_loss: 0.8926 | total_loss: 3.5894
2025-05-21 06:59:37,552 - transvg_coordinates_fixed_20250520_172719 - INFO - Epoch 23, Batch 1750/3392, Loss: 5.1055
2025-05-21 06:59:37,552 - transvg_coordinates_fixed_20250520_172719 - INFO - Train metrics: l1_loss: 0.6139 | giou_loss: 1.0180 | total_loss: 5.1055
2025-05-21 07:00:06,996 - transvg_coordinates_fixed_20250520_172719 - INFO - Epoch 23, Batch 1800/3392, Loss: 3.7516
2025-05-21 07:00:06,997 - transvg_coordinates_fixed_20250520_172719 - INFO - Train metrics: l1_loss: 0.3692 | giou_loss: 0.9529 | total_loss: 3.7516
2025-05-21 07:00:36,466 - transvg_coordinates_fixed_20250520_172719 - INFO - Epoch 23, Batch 1850/3392, Loss: 4.4707
2025-05-21 07:00:36,467 - transvg_coordinates_fixed_20250520_172719 - INFO - Train metrics: l1_loss: 0.5313 | giou_loss: 0.9072 | total_loss: 4.4707
2025-05-21 07:01:05,918 - transvg_coordinates_fixed_20250520_172719 - INFO - Epoch 23, Batch 1900/3392, Loss: 3.5115
2025-05-21 07:01:05,918 - transvg_coordinates_fixed_20250520_172719 - INFO - Train metrics: l1_loss: 0.3619 | giou_loss: 0.8509 | total_loss: 3.5115
2025-05-21 07:01:35,352 - transvg_coordinates_fixed_20250520_172719 - INFO - Epoch 23, Batch 1950/3392, Loss: 3.4108
2025-05-21 07:01:35,352 - transvg_coordinates_fixed_20250520_172719 - INFO - Train metrics: l1_loss: 0.3239 | giou_loss: 0.8955 | total_loss: 3.4108
2025-05-21 07:02:04,795 - transvg_coordinates_fixed_20250520_172719 - INFO - Epoch 23, Batch 2000/3392, Loss: 4.9748
2025-05-21 07:02:04,795 - transvg_coordinates_fixed_20250520_172719 - INFO - Train metrics: l1_loss: 0.5734 | giou_loss: 1.0538 | total_loss: 4.9748
2025-05-21 07:02:34,392 - transvg_coordinates_fixed_20250520_172719 - INFO - Epoch 23, Batch 2050/3392, Loss: 4.4230
2025-05-21 07:02:34,392 - transvg_coordinates_fixed_20250520_172719 - INFO - Train metrics: l1_loss: 0.4664 | giou_loss: 1.0455 | total_loss: 4.4230
2025-05-21 07:03:03,818 - transvg_coordinates_fixed_20250520_172719 - INFO - Epoch 23, Batch 2100/3392, Loss: 4.4863
2025-05-21 07:03:03,819 - transvg_coordinates_fixed_20250520_172719 - INFO - Train metrics: l1_loss: 0.4902 | giou_loss: 1.0175 | total_loss: 4.4863
2025-05-21 07:03:33,247 - transvg_coordinates_fixed_20250520_172719 - INFO - Epoch 23, Batch 2150/3392, Loss: 4.0656
2025-05-21 07:03:33,247 - transvg_coordinates_fixed_20250520_172719 - INFO - Train metrics: l1_loss: 0.4291 | giou_loss: 0.9601 | total_loss: 4.0656
2025-05-21 07:04:02,629 - transvg_coordinates_fixed_20250520_172719 - INFO - Epoch 23, Batch 2200/3392, Loss: 4.7968
2025-05-21 07:04:02,629 - transvg_coordinates_fixed_20250520_172719 - INFO - Train metrics: l1_loss: 0.5182 | giou_loss: 1.1029 | total_loss: 4.7968
2025-05-21 07:04:32,045 - transvg_coordinates_fixed_20250520_172719 - INFO - Epoch 23, Batch 2250/3392, Loss: 3.3882
2025-05-21 07:04:32,045 - transvg_coordinates_fixed_20250520_172719 - INFO - Train metrics: l1_loss: 0.3508 | giou_loss: 0.8170 | total_loss: 3.3882
2025-05-21 07:05:01,480 - transvg_coordinates_fixed_20250520_172719 - INFO - Epoch 23, Batch 2300/3392, Loss: 4.3824
2025-05-21 07:05:01,480 - transvg_coordinates_fixed_20250520_172719 - INFO - Train metrics: l1_loss: 0.5035 | giou_loss: 0.9325 | total_loss: 4.3824
2025-05-21 07:05:30,892 - transvg_coordinates_fixed_20250520_172719 - INFO - Epoch 23, Batch 2350/3392, Loss: 4.6200
2025-05-21 07:05:30,892 - transvg_coordinates_fixed_20250520_172719 - INFO - Train metrics: l1_loss: 0.5109 | giou_loss: 1.0328 | total_loss: 4.6200
2025-05-21 07:06:00,427 - transvg_coordinates_fixed_20250520_172719 - INFO - Epoch 23, Batch 2400/3392, Loss: 4.0333
2025-05-21 07:06:00,427 - transvg_coordinates_fixed_20250520_172719 - INFO - Train metrics: l1_loss: 0.4417 | giou_loss: 0.9123 | total_loss: 4.0333
2025-05-21 07:06:29,909 - transvg_coordinates_fixed_20250520_172719 - INFO - Epoch 23, Batch 2450/3392, Loss: 5.3465
2025-05-21 07:06:29,909 - transvg_coordinates_fixed_20250520_172719 - INFO - Train metrics: l1_loss: 0.6173 | giou_loss: 1.1299 | total_loss: 5.3465
2025-05-21 07:06:59,346 - transvg_coordinates_fixed_20250520_172719 - INFO - Epoch 23, Batch 2500/3392, Loss: 3.3887
2025-05-21 07:06:59,346 - transvg_coordinates_fixed_20250520_172719 - INFO - Train metrics: l1_loss: 0.3390 | giou_loss: 0.8470 | total_loss: 3.3887
2025-05-21 07:07:28,745 - transvg_coordinates_fixed_20250520_172719 - INFO - Epoch 23, Batch 2550/3392, Loss: 4.3692
2025-05-21 07:07:28,746 - transvg_coordinates_fixed_20250520_172719 - INFO - Train metrics: l1_loss: 0.4750 | giou_loss: 0.9970 | total_loss: 4.3692
2025-05-21 07:07:58,176 - transvg_coordinates_fixed_20250520_172719 - INFO - Epoch 23, Batch 2600/3392, Loss: 3.6751
2025-05-21 07:07:58,177 - transvg_coordinates_fixed_20250520_172719 - INFO - Train metrics: l1_loss: 0.3747 | giou_loss: 0.9009 | total_loss: 3.6751
2025-05-21 07:08:27,618 - transvg_coordinates_fixed_20250520_172719 - INFO - Epoch 23, Batch 2650/3392, Loss: 4.0022
2025-05-21 07:08:27,618 - transvg_coordinates_fixed_20250520_172719 - INFO - Train metrics: l1_loss: 0.4539 | giou_loss: 0.8665 | total_loss: 4.0022
2025-05-21 07:08:57,069 - transvg_coordinates_fixed_20250520_172719 - INFO - Epoch 23, Batch 2700/3392, Loss: 3.0488
2025-05-21 07:08:57,069 - transvg_coordinates_fixed_20250520_172719 - INFO - Train metrics: l1_loss: 0.2980 | giou_loss: 0.7793 | total_loss: 3.0488
2025-05-21 07:09:26,491 - transvg_coordinates_fixed_20250520_172719 - INFO - Epoch 23, Batch 2750/3392, Loss: 4.8129
2025-05-21 07:09:26,491 - transvg_coordinates_fixed_20250520_172719 - INFO - Train metrics: l1_loss: 0.5328 | giou_loss: 1.0745 | total_loss: 4.8129
2025-05-21 07:09:56,029 - transvg_coordinates_fixed_20250520_172719 - INFO - Epoch 23, Batch 2800/3392, Loss: 4.3766
2025-05-21 07:09:56,029 - transvg_coordinates_fixed_20250520_172719 - INFO - Train metrics: l1_loss: 0.4651 | giou_loss: 1.0256 | total_loss: 4.3766
2025-05-21 07:10:25,542 - transvg_coordinates_fixed_20250520_172719 - INFO - Epoch 23, Batch 2850/3392, Loss: 3.7153
2025-05-21 07:10:25,542 - transvg_coordinates_fixed_20250520_172719 - INFO - Train metrics: l1_loss: 0.3926 | giou_loss: 0.8762 | total_loss: 3.7153
2025-05-21 07:10:55,007 - transvg_coordinates_fixed_20250520_172719 - INFO - Epoch 23, Batch 2900/3392, Loss: 3.6461
2025-05-21 07:10:55,007 - transvg_coordinates_fixed_20250520_172719 - INFO - Train metrics: l1_loss: 0.3828 | giou_loss: 0.8660 | total_loss: 3.6461
2025-05-21 07:11:24,440 - transvg_coordinates_fixed_20250520_172719 - INFO - Epoch 23, Batch 2950/3392, Loss: 3.9826
2025-05-21 07:11:24,440 - transvg_coordinates_fixed_20250520_172719 - INFO - Train metrics: l1_loss: 0.4145 | giou_loss: 0.9551 | total_loss: 3.9826
2025-05-21 07:11:53,887 - transvg_coordinates_fixed_20250520_172719 - INFO - Epoch 23, Batch 3000/3392, Loss: 4.1042
2025-05-21 07:11:53,888 - transvg_coordinates_fixed_20250520_172719 - INFO - Train metrics: l1_loss: 0.4070 | giou_loss: 1.0347 | total_loss: 4.1042
2025-05-21 07:12:23,322 - transvg_coordinates_fixed_20250520_172719 - INFO - Epoch 23, Batch 3050/3392, Loss: 4.5544
2025-05-21 07:12:23,323 - transvg_coordinates_fixed_20250520_172719 - INFO - Train metrics: l1_loss: 0.5103 | giou_loss: 1.0015 | total_loss: 4.5544
2025-05-21 07:12:52,700 - transvg_coordinates_fixed_20250520_172719 - INFO - Epoch 23, Batch 3100/3392, Loss: 4.8089
2025-05-21 07:12:52,700 - transvg_coordinates_fixed_20250520_172719 - INFO - Train metrics: l1_loss: 0.5288 | giou_loss: 1.0825 | total_loss: 4.8089
2025-05-21 07:13:22,108 - transvg_coordinates_fixed_20250520_172719 - INFO - Epoch 23, Batch 3150/3392, Loss: 4.8186
2025-05-21 07:13:22,108 - transvg_coordinates_fixed_20250520_172719 - INFO - Train metrics: l1_loss: 0.5254 | giou_loss: 1.0959 | total_loss: 4.8186
2025-05-21 07:13:51,516 - transvg_coordinates_fixed_20250520_172719 - INFO - Epoch 23, Batch 3200/3392, Loss: 3.6255
2025-05-21 07:13:51,516 - transvg_coordinates_fixed_20250520_172719 - INFO - Train metrics: l1_loss: 0.3690 | giou_loss: 0.8902 | total_loss: 3.6255
2025-05-21 07:14:21,047 - transvg_coordinates_fixed_20250520_172719 - INFO - Epoch 23, Batch 3250/3392, Loss: 4.8370
2025-05-21 07:14:21,047 - transvg_coordinates_fixed_20250520_172719 - INFO - Train metrics: l1_loss: 0.5404 | giou_loss: 1.0675 | total_loss: 4.8370
2025-05-21 07:14:50,612 - transvg_coordinates_fixed_20250520_172719 - INFO - Epoch 23, Batch 3300/3392, Loss: 3.9617
2025-05-21 07:14:50,612 - transvg_coordinates_fixed_20250520_172719 - INFO - Train metrics: l1_loss: 0.3732 | giou_loss: 1.0478 | total_loss: 3.9617
2025-05-21 07:15:20,025 - transvg_coordinates_fixed_20250520_172719 - INFO - Epoch 23, Batch 3350/3392, Loss: 5.3139
2025-05-21 07:15:20,025 - transvg_coordinates_fixed_20250520_172719 - INFO - Train metrics: l1_loss: 0.5953 | giou_loss: 1.1688 | total_loss: 5.3139
2025-05-21 07:15:44,228 - transvg_coordinates_fixed_20250520_172719 - INFO - Train Epoch 23, Loss: 4.1759
2025-05-21 07:17:04,456 - transvg_coordinates_fixed_20250520_172719 - INFO - Pred box sample: [101.04199981689453, 69.65609741210938, 243.25701904296875, 248.65045166015625]
2025-05-21 07:17:04,457 - transvg_coordinates_fixed_20250520_172719 - INFO - Target box sample: [207.0, 198.0, 287.0, 283.0]
2025-05-21 07:17:04,546 - transvg_coordinates_fixed_20250520_172719 - INFO - Validation Epoch 23, Loss: 4.4733
2025-05-21 07:17:04,547 - transvg_coordinates_fixed_20250520_172719 - INFO - Val metrics: Acc@0.25: 0.3312 | Acc@0.5: 0.1211 | Acc@0.75: 0.0151 | mIoU: 0.1878 | medianIoU: 0.0927 | mae_x1: 100.4714 | mae_y1: 100.0499 | mae_x2: 100.2063 | mae_y2: 97.9242 | center_x_error: 85.1945 | center_y_error: 81.1235 | width_error: 2.3736 | height_error: 2.6056 | loss: 4.4733
2025-05-21 07:17:05,282 - transvg_coordinates_fixed_20250520_172719 - INFO - Saved model checkpoint to /home/pokle/Trans-VG/visual_grounding/checkpoints/transvg_coordinates_fixed_20250520_172719_epoch23.pth
2025-05-21 07:17:05,282 - transvg_coordinates_fixed_20250520_172719 - INFO - Epoch 24/200
2025-05-21 07:17:06,387 - transvg_coordinates_fixed_20250520_172719 - INFO - Epoch 24, Batch 0/3392, Loss: 5.5001
2025-05-21 07:17:06,388 - transvg_coordinates_fixed_20250520_172719 - INFO - Train metrics: l1_loss: 0.5980 | giou_loss: 1.2549 | total_loss: 5.5001
2025-05-21 07:17:36,254 - transvg_coordinates_fixed_20250520_172719 - INFO - Epoch 24, Batch 50/3392, Loss: 3.5869
2025-05-21 07:17:36,255 - transvg_coordinates_fixed_20250520_172719 - INFO - Train metrics: l1_loss: 0.3946 | giou_loss: 0.8069 | total_loss: 3.5869
2025-05-21 07:18:05,961 - transvg_coordinates_fixed_20250520_172719 - INFO - Epoch 24, Batch 100/3392, Loss: 4.6314
2025-05-21 07:18:05,962 - transvg_coordinates_fixed_20250520_172719 - INFO - Train metrics: l1_loss: 0.5698 | giou_loss: 0.8913 | total_loss: 4.6314
2025-05-21 07:18:35,584 - transvg_coordinates_fixed_20250520_172719 - INFO - Epoch 24, Batch 150/3392, Loss: 3.7046
2025-05-21 07:18:35,584 - transvg_coordinates_fixed_20250520_172719 - INFO - Train metrics: l1_loss: 0.3642 | giou_loss: 0.9418 | total_loss: 3.7046
2025-05-21 07:19:05,069 - transvg_coordinates_fixed_20250520_172719 - INFO - Epoch 24, Batch 200/3392, Loss: 5.7221
2025-05-21 07:19:05,070 - transvg_coordinates_fixed_20250520_172719 - INFO - Train metrics: l1_loss: 0.6215 | giou_loss: 1.3074 | total_loss: 5.7221
2025-05-21 07:19:34,604 - transvg_coordinates_fixed_20250520_172719 - INFO - Epoch 24, Batch 250/3392, Loss: 4.4948
2025-05-21 07:19:34,605 - transvg_coordinates_fixed_20250520_172719 - INFO - Train metrics: l1_loss: 0.4613 | giou_loss: 1.0941 | total_loss: 4.4948
2025-05-21 07:20:04,138 - transvg_coordinates_fixed_20250520_172719 - INFO - Epoch 24, Batch 300/3392, Loss: 4.3232
2025-05-21 07:20:04,139 - transvg_coordinates_fixed_20250520_172719 - INFO - Train metrics: l1_loss: 0.4683 | giou_loss: 0.9908 | total_loss: 4.3232
2025-05-21 07:20:33,721 - transvg_coordinates_fixed_20250520_172719 - INFO - Epoch 24, Batch 350/3392, Loss: 4.3402
2025-05-21 07:20:33,721 - transvg_coordinates_fixed_20250520_172719 - INFO - Train metrics: l1_loss: 0.4677 | giou_loss: 1.0009 | total_loss: 4.3402
2025-05-21 07:21:03,251 - transvg_coordinates_fixed_20250520_172719 - INFO - Epoch 24, Batch 400/3392, Loss: 2.9029
2025-05-21 07:21:03,252 - transvg_coordinates_fixed_20250520_172719 - INFO - Train metrics: l1_loss: 0.2977 | giou_loss: 0.7073 | total_loss: 2.9029
2025-05-21 07:21:32,740 - transvg_coordinates_fixed_20250520_172719 - INFO - Epoch 24, Batch 450/3392, Loss: 3.4012
2025-05-21 07:21:32,741 - transvg_coordinates_fixed_20250520_172719 - INFO - Train metrics: l1_loss: 0.3241 | giou_loss: 0.8904 | total_loss: 3.4012
2025-05-21 07:22:02,208 - transvg_coordinates_fixed_20250520_172719 - INFO - Epoch 24, Batch 500/3392, Loss: 2.9677
2025-05-21 07:22:02,208 - transvg_coordinates_fixed_20250520_172719 - INFO - Train metrics: l1_loss: 0.3059 | giou_loss: 0.7191 | total_loss: 2.9677
2025-05-21 07:22:31,811 - transvg_coordinates_fixed_20250520_172719 - INFO - Epoch 24, Batch 550/3392, Loss: 3.2671
2025-05-21 07:22:31,811 - transvg_coordinates_fixed_20250520_172719 - INFO - Train metrics: l1_loss: 0.3640 | giou_loss: 0.7235 | total_loss: 3.2671
2025-05-21 07:23:01,316 - transvg_coordinates_fixed_20250520_172719 - INFO - Epoch 24, Batch 600/3392, Loss: 4.8280
2025-05-21 07:23:01,317 - transvg_coordinates_fixed_20250520_172719 - INFO - Train metrics: l1_loss: 0.5241 | giou_loss: 1.1037 | total_loss: 4.8280
2025-05-21 07:23:30,779 - transvg_coordinates_fixed_20250520_172719 - INFO - Epoch 24, Batch 650/3392, Loss: 4.1350
2025-05-21 07:23:30,779 - transvg_coordinates_fixed_20250520_172719 - INFO - Train metrics: l1_loss: 0.4101 | giou_loss: 1.0423 | total_loss: 4.1350
2025-05-21 07:24:00,281 - transvg_coordinates_fixed_20250520_172719 - INFO - Epoch 24, Batch 700/3392, Loss: 4.6971
2025-05-21 07:24:00,282 - transvg_coordinates_fixed_20250520_172719 - INFO - Train metrics: l1_loss: 0.5252 | giou_loss: 1.0355 | total_loss: 4.6971
2025-05-21 07:24:29,800 - transvg_coordinates_fixed_20250520_172719 - INFO - Epoch 24, Batch 750/3392, Loss: 4.2245
2025-05-21 07:24:29,801 - transvg_coordinates_fixed_20250520_172719 - INFO - Train metrics: l1_loss: 0.4783 | giou_loss: 0.9166 | total_loss: 4.2245
2025-05-21 07:24:59,289 - transvg_coordinates_fixed_20250520_172719 - INFO - Epoch 24, Batch 800/3392, Loss: 3.3728
2025-05-21 07:24:59,289 - transvg_coordinates_fixed_20250520_172719 - INFO - Train metrics: l1_loss: 0.3387 | giou_loss: 0.8396 | total_loss: 3.3728
2025-05-21 07:25:28,810 - transvg_coordinates_fixed_20250520_172719 - INFO - Epoch 24, Batch 850/3392, Loss: 4.0622
2025-05-21 07:25:28,811 - transvg_coordinates_fixed_20250520_172719 - INFO - Train metrics: l1_loss: 0.4157 | giou_loss: 0.9918 | total_loss: 4.0622
2025-05-21 07:25:58,368 - transvg_coordinates_fixed_20250520_172719 - INFO - Epoch 24, Batch 900/3392, Loss: 4.5934
2025-05-21 07:25:58,369 - transvg_coordinates_fixed_20250520_172719 - INFO - Train metrics: l1_loss: 0.4800 | giou_loss: 1.0967 | total_loss: 4.5934
2025-05-21 07:26:27,862 - transvg_coordinates_fixed_20250520_172719 - INFO - Epoch 24, Batch 950/3392, Loss: 3.2089
2025-05-21 07:26:27,863 - transvg_coordinates_fixed_20250520_172719 - INFO - Train metrics: l1_loss: 0.3378 | giou_loss: 0.7599 | total_loss: 3.2089
2025-05-21 07:26:57,412 - transvg_coordinates_fixed_20250520_172719 - INFO - Epoch 24, Batch 1000/3392, Loss: 4.7066
2025-05-21 07:26:57,413 - transvg_coordinates_fixed_20250520_172719 - INFO - Train metrics: l1_loss: 0.4802 | giou_loss: 1.1528 | total_loss: 4.7066
2025-05-21 07:27:26,933 - transvg_coordinates_fixed_20250520_172719 - INFO - Epoch 24, Batch 1050/3392, Loss: 3.3918
2025-05-21 07:27:26,933 - transvg_coordinates_fixed_20250520_172719 - INFO - Train metrics: l1_loss: 0.3642 | giou_loss: 0.7853 | total_loss: 3.3918
2025-05-21 07:27:56,496 - transvg_coordinates_fixed_20250520_172719 - INFO - Epoch 24, Batch 1100/3392, Loss: 3.5149
2025-05-21 07:27:56,496 - transvg_coordinates_fixed_20250520_172719 - INFO - Train metrics: l1_loss: 0.3698 | giou_loss: 0.8330 | total_loss: 3.5149
2025-05-21 07:28:26,004 - transvg_coordinates_fixed_20250520_172719 - INFO - Epoch 24, Batch 1150/3392, Loss: 4.6316
2025-05-21 07:28:26,004 - transvg_coordinates_fixed_20250520_172719 - INFO - Train metrics: l1_loss: 0.5084 | giou_loss: 1.0448 | total_loss: 4.6316
2025-05-21 07:28:55,618 - transvg_coordinates_fixed_20250520_172719 - INFO - Epoch 24, Batch 1200/3392, Loss: 4.4275
2025-05-21 07:28:55,619 - transvg_coordinates_fixed_20250520_172719 - INFO - Train metrics: l1_loss: 0.4751 | giou_loss: 1.0259 | total_loss: 4.4275
2025-05-21 07:29:25,128 - transvg_coordinates_fixed_20250520_172719 - INFO - Epoch 24, Batch 1250/3392, Loss: 3.8316
2025-05-21 07:29:25,129 - transvg_coordinates_fixed_20250520_172719 - INFO - Train metrics: l1_loss: 0.3910 | giou_loss: 0.9383 | total_loss: 3.8316
2025-05-21 07:29:54,640 - transvg_coordinates_fixed_20250520_172719 - INFO - Epoch 24, Batch 1300/3392, Loss: 4.4571
2025-05-21 07:29:54,641 - transvg_coordinates_fixed_20250520_172719 - INFO - Train metrics: l1_loss: 0.5148 | giou_loss: 0.9415 | total_loss: 4.4571
2025-05-21 07:30:24,245 - transvg_coordinates_fixed_20250520_172719 - INFO - Epoch 24, Batch 1350/3392, Loss: 4.3630
2025-05-21 07:30:24,245 - transvg_coordinates_fixed_20250520_172719 - INFO - Train metrics: l1_loss: 0.4511 | giou_loss: 1.0537 | total_loss: 4.3630
2025-05-21 07:30:53,790 - transvg_coordinates_fixed_20250520_172719 - INFO - Epoch 24, Batch 1400/3392, Loss: 3.9715
2025-05-21 07:30:53,791 - transvg_coordinates_fixed_20250520_172719 - INFO - Train metrics: l1_loss: 0.4040 | giou_loss: 0.9756 | total_loss: 3.9715
2025-05-21 07:31:23,348 - transvg_coordinates_fixed_20250520_172719 - INFO - Epoch 24, Batch 1450/3392, Loss: 3.3347
2025-05-21 07:31:23,348 - transvg_coordinates_fixed_20250520_172719 - INFO - Train metrics: l1_loss: 0.3104 | giou_loss: 0.8913 | total_loss: 3.3347
2025-05-21 07:31:52,900 - transvg_coordinates_fixed_20250520_172719 - INFO - Epoch 24, Batch 1500/3392, Loss: 3.5230
2025-05-21 07:31:52,901 - transvg_coordinates_fixed_20250520_172719 - INFO - Train metrics: l1_loss: 0.3378 | giou_loss: 0.9171 | total_loss: 3.5230
2025-05-21 07:32:22,458 - transvg_coordinates_fixed_20250520_172719 - INFO - Epoch 24, Batch 1550/3392, Loss: 4.2293
2025-05-21 07:32:22,459 - transvg_coordinates_fixed_20250520_172719 - INFO - Train metrics: l1_loss: 0.4852 | giou_loss: 0.9016 | total_loss: 4.2293
2025-05-21 07:32:51,958 - transvg_coordinates_fixed_20250520_172719 - INFO - Epoch 24, Batch 1600/3392, Loss: 3.5785
2025-05-21 07:32:51,959 - transvg_coordinates_fixed_20250520_172719 - INFO - Train metrics: l1_loss: 0.3533 | giou_loss: 0.9061 | total_loss: 3.5785
2025-05-21 07:33:21,445 - transvg_coordinates_fixed_20250520_172719 - INFO - Epoch 24, Batch 1650/3392, Loss: 3.7068
2025-05-21 07:33:21,446 - transvg_coordinates_fixed_20250520_172719 - INFO - Train metrics: l1_loss: 0.4055 | giou_loss: 0.8397 | total_loss: 3.7068
2025-05-21 07:33:50,992 - transvg_coordinates_fixed_20250520_172719 - INFO - Epoch 24, Batch 1700/3392, Loss: 3.5396
2025-05-21 07:33:50,993 - transvg_coordinates_fixed_20250520_172719 - INFO - Train metrics: l1_loss: 0.3799 | giou_loss: 0.8200 | total_loss: 3.5396
2025-05-21 07:34:20,477 - transvg_coordinates_fixed_20250520_172719 - INFO - Epoch 24, Batch 1750/3392, Loss: 4.5970
2025-05-21 07:34:20,478 - transvg_coordinates_fixed_20250520_172719 - INFO - Train metrics: l1_loss: 0.5489 | giou_loss: 0.9261 | total_loss: 4.5970
2025-05-21 07:34:50,057 - transvg_coordinates_fixed_20250520_172719 - INFO - Epoch 24, Batch 1800/3392, Loss: 4.1958
2025-05-21 07:34:50,057 - transvg_coordinates_fixed_20250520_172719 - INFO - Train metrics: l1_loss: 0.4174 | giou_loss: 1.0545 | total_loss: 4.1958
2025-05-21 07:35:19,564 - transvg_coordinates_fixed_20250520_172719 - INFO - Epoch 24, Batch 1850/3392, Loss: 4.7407
2025-05-21 07:35:19,565 - transvg_coordinates_fixed_20250520_172719 - INFO - Train metrics: l1_loss: 0.4985 | giou_loss: 1.1240 | total_loss: 4.7407
2025-05-21 07:35:49,050 - transvg_coordinates_fixed_20250520_172719 - INFO - Epoch 24, Batch 1900/3392, Loss: 4.0427
2025-05-21 07:35:49,051 - transvg_coordinates_fixed_20250520_172719 - INFO - Train metrics: l1_loss: 0.4268 | giou_loss: 0.9543 | total_loss: 4.0427
2025-05-21 07:36:18,557 - transvg_coordinates_fixed_20250520_172719 - INFO - Epoch 24, Batch 1950/3392, Loss: 4.3581
2025-05-21 07:36:18,558 - transvg_coordinates_fixed_20250520_172719 - INFO - Train metrics: l1_loss: 0.4569 | giou_loss: 1.0367 | total_loss: 4.3581
2025-05-21 07:36:48,045 - transvg_coordinates_fixed_20250520_172719 - INFO - Epoch 24, Batch 2000/3392, Loss: 5.2329
2025-05-21 07:36:48,046 - transvg_coordinates_fixed_20250520_172719 - INFO - Train metrics: l1_loss: 0.5869 | giou_loss: 1.1493 | total_loss: 5.2329
2025-05-21 07:37:17,579 - transvg_coordinates_fixed_20250520_172719 - INFO - Epoch 24, Batch 2050/3392, Loss: 3.9828
2025-05-21 07:37:17,580 - transvg_coordinates_fixed_20250520_172719 - INFO - Train metrics: l1_loss: 0.4388 | giou_loss: 0.8944 | total_loss: 3.9828
2025-05-21 07:37:47,057 - transvg_coordinates_fixed_20250520_172719 - INFO - Epoch 24, Batch 2100/3392, Loss: 3.7500
2025-05-21 07:37:47,058 - transvg_coordinates_fixed_20250520_172719 - INFO - Train metrics: l1_loss: 0.3629 | giou_loss: 0.9677 | total_loss: 3.7500
2025-05-21 07:38:16,567 - transvg_coordinates_fixed_20250520_172719 - INFO - Epoch 24, Batch 2150/3392, Loss: 4.0233
2025-05-21 07:38:16,568 - transvg_coordinates_fixed_20250520_172719 - INFO - Train metrics: l1_loss: 0.4439 | giou_loss: 0.9020 | total_loss: 4.0233
2025-05-21 07:38:46,067 - transvg_coordinates_fixed_20250520_172719 - INFO - Epoch 24, Batch 2200/3392, Loss: 4.0635
2025-05-21 07:38:46,068 - transvg_coordinates_fixed_20250520_172719 - INFO - Train metrics: l1_loss: 0.4488 | giou_loss: 0.9098 | total_loss: 4.0635
2025-05-21 07:39:15,619 - transvg_coordinates_fixed_20250520_172719 - INFO - Epoch 24, Batch 2250/3392, Loss: 5.6622
2025-05-21 07:39:15,620 - transvg_coordinates_fixed_20250520_172719 - INFO - Train metrics: l1_loss: 0.6908 | giou_loss: 1.1041 | total_loss: 5.6622
2025-05-21 07:39:45,068 - transvg_coordinates_fixed_20250520_172719 - INFO - Epoch 24, Batch 2300/3392, Loss: 5.1243
2025-05-21 07:39:45,069 - transvg_coordinates_fixed_20250520_172719 - INFO - Train metrics: l1_loss: 0.5718 | giou_loss: 1.1327 | total_loss: 5.1243
2025-05-21 07:40:14,554 - transvg_coordinates_fixed_20250520_172719 - INFO - Epoch 24, Batch 2350/3392, Loss: 5.1735
2025-05-21 07:40:14,555 - transvg_coordinates_fixed_20250520_172719 - INFO - Train metrics: l1_loss: 0.6027 | giou_loss: 1.0800 | total_loss: 5.1735
2025-05-21 07:40:44,052 - transvg_coordinates_fixed_20250520_172719 - INFO - Epoch 24, Batch 2400/3392, Loss: 5.2288
2025-05-21 07:40:44,053 - transvg_coordinates_fixed_20250520_172719 - INFO - Train metrics: l1_loss: 0.6420 | giou_loss: 1.0095 | total_loss: 5.2288
2025-05-21 07:41:13,663 - transvg_coordinates_fixed_20250520_172719 - INFO - Epoch 24, Batch 2450/3392, Loss: 3.2597
2025-05-21 07:41:13,664 - transvg_coordinates_fixed_20250520_172719 - INFO - Train metrics: l1_loss: 0.3824 | giou_loss: 0.6737 | total_loss: 3.2597
2025-05-21 07:41:43,205 - transvg_coordinates_fixed_20250520_172719 - INFO - Epoch 24, Batch 2500/3392, Loss: 3.6237
2025-05-21 07:41:43,206 - transvg_coordinates_fixed_20250520_172719 - INFO - Train metrics: l1_loss: 0.4012 | giou_loss: 0.8089 | total_loss: 3.6237
2025-05-21 07:42:12,686 - transvg_coordinates_fixed_20250520_172719 - INFO - Epoch 24, Batch 2550/3392, Loss: 3.3156
2025-05-21 07:42:12,686 - transvg_coordinates_fixed_20250520_172719 - INFO - Train metrics: l1_loss: 0.3389 | giou_loss: 0.8106 | total_loss: 3.3156
2025-05-21 07:42:42,205 - transvg_coordinates_fixed_20250520_172719 - INFO - Epoch 24, Batch 2600/3392, Loss: 4.6786
2025-05-21 07:42:42,206 - transvg_coordinates_fixed_20250520_172719 - INFO - Train metrics: l1_loss: 0.4916 | giou_loss: 1.1103 | total_loss: 4.6786
2025-05-21 07:43:11,702 - transvg_coordinates_fixed_20250520_172719 - INFO - Epoch 24, Batch 2650/3392, Loss: 3.8015
2025-05-21 07:43:11,702 - transvg_coordinates_fixed_20250520_172719 - INFO - Train metrics: l1_loss: 0.4227 | giou_loss: 0.8441 | total_loss: 3.8015
2025-05-21 07:43:41,214 - transvg_coordinates_fixed_20250520_172719 - INFO - Epoch 24, Batch 2700/3392, Loss: 3.7043
2025-05-21 07:43:41,215 - transvg_coordinates_fixed_20250520_172719 - INFO - Train metrics: l1_loss: 0.3909 | giou_loss: 0.8748 | total_loss: 3.7043
2025-05-21 07:44:10,745 - transvg_coordinates_fixed_20250520_172719 - INFO - Epoch 24, Batch 2750/3392, Loss: 4.9204
2025-05-21 07:44:10,746 - transvg_coordinates_fixed_20250520_172719 - INFO - Train metrics: l1_loss: 0.5784 | giou_loss: 1.0141 | total_loss: 4.9204
2025-05-21 07:44:40,238 - transvg_coordinates_fixed_20250520_172719 - INFO - Epoch 24, Batch 2800/3392, Loss: 3.7443
2025-05-21 07:44:40,238 - transvg_coordinates_fixed_20250520_172719 - INFO - Train metrics: l1_loss: 0.4013 | giou_loss: 0.8689 | total_loss: 3.7443
2025-05-21 07:45:09,758 - transvg_coordinates_fixed_20250520_172719 - INFO - Epoch 24, Batch 2850/3392, Loss: 5.0318
2025-05-21 07:45:09,759 - transvg_coordinates_fixed_20250520_172719 - INFO - Train metrics: l1_loss: 0.5579 | giou_loss: 1.1211 | total_loss: 5.0318
2025-05-21 07:45:39,219 - transvg_coordinates_fixed_20250520_172719 - INFO - Epoch 24, Batch 2900/3392, Loss: 5.2828
2025-05-21 07:45:39,219 - transvg_coordinates_fixed_20250520_172719 - INFO - Train metrics: l1_loss: 0.5980 | giou_loss: 1.1463 | total_loss: 5.2828
2025-05-21 07:46:08,717 - transvg_coordinates_fixed_20250520_172719 - INFO - Epoch 24, Batch 2950/3392, Loss: 5.3010
2025-05-21 07:46:08,717 - transvg_coordinates_fixed_20250520_172719 - INFO - Train metrics: l1_loss: 0.6383 | giou_loss: 1.0549 | total_loss: 5.3010
2025-05-21 07:46:38,190 - transvg_coordinates_fixed_20250520_172719 - INFO - Epoch 24, Batch 3000/3392, Loss: 4.4671
2025-05-21 07:46:38,191 - transvg_coordinates_fixed_20250520_172719 - INFO - Train metrics: l1_loss: 0.5285 | giou_loss: 0.9122 | total_loss: 4.4671
2025-05-21 07:47:07,712 - transvg_coordinates_fixed_20250520_172719 - INFO - Epoch 24, Batch 3050/3392, Loss: 2.9357
2025-05-21 07:47:07,713 - transvg_coordinates_fixed_20250520_172719 - INFO - Train metrics: l1_loss: 0.2859 | giou_loss: 0.7531 | total_loss: 2.9357
2025-05-21 07:47:37,260 - transvg_coordinates_fixed_20250520_172719 - INFO - Epoch 24, Batch 3100/3392, Loss: 2.6024
2025-05-21 07:47:37,261 - transvg_coordinates_fixed_20250520_172719 - INFO - Train metrics: l1_loss: 0.2780 | giou_loss: 0.6061 | total_loss: 2.6024
2025-05-21 07:48:06,773 - transvg_coordinates_fixed_20250520_172719 - INFO - Epoch 24, Batch 3150/3392, Loss: 3.7135
2025-05-21 07:48:06,773 - transvg_coordinates_fixed_20250520_172719 - INFO - Train metrics: l1_loss: 0.3608 | giou_loss: 0.9548 | total_loss: 3.7135
2025-05-21 07:48:36,221 - transvg_coordinates_fixed_20250520_172719 - INFO - Epoch 24, Batch 3200/3392, Loss: 3.6868
2025-05-21 07:48:36,222 - transvg_coordinates_fixed_20250520_172719 - INFO - Train metrics: l1_loss: 0.4064 | giou_loss: 0.8273 | total_loss: 3.6868
2025-05-21 07:49:05,715 - transvg_coordinates_fixed_20250520_172719 - INFO - Epoch 24, Batch 3250/3392, Loss: 3.3288
2025-05-21 07:49:05,716 - transvg_coordinates_fixed_20250520_172719 - INFO - Train metrics: l1_loss: 0.3377 | giou_loss: 0.8203 | total_loss: 3.3288
2025-05-21 07:49:35,208 - transvg_coordinates_fixed_20250520_172719 - INFO - Epoch 24, Batch 3300/3392, Loss: 4.1347
2025-05-21 07:49:35,208 - transvg_coordinates_fixed_20250520_172719 - INFO - Train metrics: l1_loss: 0.4376 | giou_loss: 0.9733 | total_loss: 4.1347
2025-05-21 07:50:04,743 - transvg_coordinates_fixed_20250520_172719 - INFO - Epoch 24, Batch 3350/3392, Loss: 4.5540
2025-05-21 07:50:04,744 - transvg_coordinates_fixed_20250520_172719 - INFO - Train metrics: l1_loss: 0.4871 | giou_loss: 1.0592 | total_loss: 4.5540
2025-05-21 07:50:28,964 - transvg_coordinates_fixed_20250520_172719 - INFO - Train Epoch 24, Loss: 4.1509
2025-05-21 07:51:48,974 - transvg_coordinates_fixed_20250520_172719 - INFO - Pred box sample: [36.1612434387207, 74.08587646484375, 211.67869567871094, 239.71347045898438]
2025-05-21 07:51:48,975 - transvg_coordinates_fixed_20250520_172719 - INFO - Target box sample: [207.0, 198.0, 287.0, 283.0]
2025-05-21 07:51:49,057 - transvg_coordinates_fixed_20250520_172719 - INFO - Validation Epoch 24, Loss: 4.5497
2025-05-21 07:51:49,057 - transvg_coordinates_fixed_20250520_172719 - INFO - Val metrics: Acc@0.25: 0.3195 | Acc@0.5: 0.1166 | Acc@0.75: 0.0154 | mIoU: 0.1841 | medianIoU: 0.0856 | mae_x1: 111.4540 | mae_y1: 100.0379 | mae_x2: 102.7702 | mae_y2: 97.6654 | center_x_error: 89.1516 | center_y_error: 81.3804 | width_error: 2.8057 | height_error: 2.4966 | loss: 4.5497
2025-05-21 07:51:49,789 - transvg_coordinates_fixed_20250520_172719 - INFO - Saved model checkpoint to /home/pokle/Trans-VG/visual_grounding/checkpoints/transvg_coordinates_fixed_20250520_172719_epoch24.pth
2025-05-21 07:51:49,790 - transvg_coordinates_fixed_20250520_172719 - INFO - Epoch 25/200
2025-05-21 07:51:50,920 - transvg_coordinates_fixed_20250520_172719 - INFO - Epoch 25, Batch 0/3392, Loss: 4.8131
2025-05-21 07:51:50,921 - transvg_coordinates_fixed_20250520_172719 - INFO - Train metrics: l1_loss: 0.5549 | giou_loss: 1.0193 | total_loss: 4.8131
2025-05-21 07:52:20,723 - transvg_coordinates_fixed_20250520_172719 - INFO - Epoch 25, Batch 50/3392, Loss: 3.3450
2025-05-21 07:52:20,724 - transvg_coordinates_fixed_20250520_172719 - INFO - Train metrics: l1_loss: 0.3437 | giou_loss: 0.8131 | total_loss: 3.3450
2025-05-21 07:52:50,354 - transvg_coordinates_fixed_20250520_172719 - INFO - Epoch 25, Batch 100/3392, Loss: 3.4724
2025-05-21 07:52:50,355 - transvg_coordinates_fixed_20250520_172719 - INFO - Train metrics: l1_loss: 0.3404 | giou_loss: 0.8852 | total_loss: 3.4724
2025-05-21 07:53:19,878 - transvg_coordinates_fixed_20250520_172719 - INFO - Epoch 25, Batch 150/3392, Loss: 4.2091
2025-05-21 07:53:19,879 - transvg_coordinates_fixed_20250520_172719 - INFO - Train metrics: l1_loss: 0.4565 | giou_loss: 0.9634 | total_loss: 4.2091
2025-05-21 07:53:49,335 - transvg_coordinates_fixed_20250520_172719 - INFO - Epoch 25, Batch 200/3392, Loss: 3.1993
2025-05-21 07:53:49,335 - transvg_coordinates_fixed_20250520_172719 - INFO - Train metrics: l1_loss: 0.3071 | giou_loss: 0.8319 | total_loss: 3.1993
2025-05-21 07:54:18,921 - transvg_coordinates_fixed_20250520_172719 - INFO - Epoch 25, Batch 250/3392, Loss: 4.1488
2025-05-21 07:54:18,921 - transvg_coordinates_fixed_20250520_172719 - INFO - Train metrics: l1_loss: 0.4066 | giou_loss: 1.0578 | total_loss: 4.1488
2025-05-21 07:54:48,385 - transvg_coordinates_fixed_20250520_172719 - INFO - Epoch 25, Batch 300/3392, Loss: 4.1246
2025-05-21 07:54:48,385 - transvg_coordinates_fixed_20250520_172719 - INFO - Train metrics: l1_loss: 0.4623 | giou_loss: 0.9066 | total_loss: 4.1246
2025-05-21 07:55:17,850 - transvg_coordinates_fixed_20250520_172719 - INFO - Epoch 25, Batch 350/3392, Loss: 4.2181
2025-05-21 07:55:17,851 - transvg_coordinates_fixed_20250520_172719 - INFO - Train metrics: l1_loss: 0.4226 | giou_loss: 1.0524 | total_loss: 4.2181
2025-05-21 07:55:47,250 - transvg_coordinates_fixed_20250520_172719 - INFO - Epoch 25, Batch 400/3392, Loss: 3.7025
2025-05-21 07:55:47,250 - transvg_coordinates_fixed_20250520_172719 - INFO - Train metrics: l1_loss: 0.3301 | giou_loss: 1.0260 | total_loss: 3.7025
2025-05-21 07:56:16,691 - transvg_coordinates_fixed_20250520_172719 - INFO - Epoch 25, Batch 450/3392, Loss: 6.2672
2025-05-21 07:56:16,691 - transvg_coordinates_fixed_20250520_172719 - INFO - Train metrics: l1_loss: 0.7930 | giou_loss: 1.1511 | total_loss: 6.2672
2025-05-21 07:56:46,142 - transvg_coordinates_fixed_20250520_172719 - INFO - Epoch 25, Batch 500/3392, Loss: 4.7172
2025-05-21 07:56:46,143 - transvg_coordinates_fixed_20250520_172719 - INFO - Train metrics: l1_loss: 0.5224 | giou_loss: 1.0526 | total_loss: 4.7172
2025-05-21 07:57:15,660 - transvg_coordinates_fixed_20250520_172719 - INFO - Epoch 25, Batch 550/3392, Loss: 4.7146
2025-05-21 07:57:15,660 - transvg_coordinates_fixed_20250520_172719 - INFO - Train metrics: l1_loss: 0.5145 | giou_loss: 1.0711 | total_loss: 4.7146
2025-05-21 07:57:45,121 - transvg_coordinates_fixed_20250520_172719 - INFO - Epoch 25, Batch 600/3392, Loss: 5.0227
2025-05-21 07:57:45,122 - transvg_coordinates_fixed_20250520_172719 - INFO - Train metrics: l1_loss: 0.5642 | giou_loss: 1.1009 | total_loss: 5.0227
2025-05-21 07:58:14,513 - transvg_coordinates_fixed_20250520_172719 - INFO - Epoch 25, Batch 650/3392, Loss: 3.8831
2025-05-21 07:58:14,513 - transvg_coordinates_fixed_20250520_172719 - INFO - Train metrics: l1_loss: 0.4162 | giou_loss: 0.9010 | total_loss: 3.8831
2025-05-21 07:58:43,937 - transvg_coordinates_fixed_20250520_172719 - INFO - Epoch 25, Batch 700/3392, Loss: 5.2606
2025-05-21 07:58:43,937 - transvg_coordinates_fixed_20250520_172719 - INFO - Train metrics: l1_loss: 0.5646 | giou_loss: 1.2189 | total_loss: 5.2606
2025-05-21 07:59:13,425 - transvg_coordinates_fixed_20250520_172719 - INFO - Epoch 25, Batch 750/3392, Loss: 3.3341
2025-05-21 07:59:13,425 - transvg_coordinates_fixed_20250520_172719 - INFO - Train metrics: l1_loss: 0.3311 | giou_loss: 0.8392 | total_loss: 3.3341
2025-05-21 07:59:42,884 - transvg_coordinates_fixed_20250520_172719 - INFO - Epoch 25, Batch 800/3392, Loss: 3.3528
2025-05-21 07:59:42,885 - transvg_coordinates_fixed_20250520_172719 - INFO - Train metrics: l1_loss: 0.3506 | giou_loss: 0.7998 | total_loss: 3.3528
2025-05-21 08:00:12,279 - transvg_coordinates_fixed_20250520_172719 - INFO - Epoch 25, Batch 850/3392, Loss: 4.2435
2025-05-21 08:00:12,279 - transvg_coordinates_fixed_20250520_172719 - INFO - Train metrics: l1_loss: 0.4355 | giou_loss: 1.0331 | total_loss: 4.2435
2025-05-21 08:00:41,728 - transvg_coordinates_fixed_20250520_172719 - INFO - Epoch 25, Batch 900/3392, Loss: 3.9841
2025-05-21 08:00:41,729 - transvg_coordinates_fixed_20250520_172719 - INFO - Train metrics: l1_loss: 0.4220 | giou_loss: 0.9370 | total_loss: 3.9841
2025-05-21 08:01:11,188 - transvg_coordinates_fixed_20250520_172719 - INFO - Epoch 25, Batch 950/3392, Loss: 5.1507
2025-05-21 08:01:11,188 - transvg_coordinates_fixed_20250520_172719 - INFO - Train metrics: l1_loss: 0.6296 | giou_loss: 1.0014 | total_loss: 5.1507
2025-05-21 08:01:40,639 - transvg_coordinates_fixed_20250520_172719 - INFO - Epoch 25, Batch 1000/3392, Loss: 4.0193
2025-05-21 08:01:40,640 - transvg_coordinates_fixed_20250520_172719 - INFO - Train metrics: l1_loss: 0.4367 | giou_loss: 0.9178 | total_loss: 4.0193
2025-05-21 08:02:10,143 - transvg_coordinates_fixed_20250520_172719 - INFO - Epoch 25, Batch 1050/3392, Loss: 4.5553
2025-05-21 08:02:10,143 - transvg_coordinates_fixed_20250520_172719 - INFO - Train metrics: l1_loss: 0.5152 | giou_loss: 0.9897 | total_loss: 4.5553
2025-05-21 08:02:39,626 - transvg_coordinates_fixed_20250520_172719 - INFO - Epoch 25, Batch 1100/3392, Loss: 5.1024
2025-05-21 08:02:39,627 - transvg_coordinates_fixed_20250520_172719 - INFO - Train metrics: l1_loss: 0.5746 | giou_loss: 1.1148 | total_loss: 5.1024
2025-05-21 08:03:09,136 - transvg_coordinates_fixed_20250520_172719 - INFO - Epoch 25, Batch 1150/3392, Loss: 4.9709
2025-05-21 08:03:09,136 - transvg_coordinates_fixed_20250520_172719 - INFO - Train metrics: l1_loss: 0.5299 | giou_loss: 1.1607 | total_loss: 4.9709
2025-05-21 08:03:38,620 - transvg_coordinates_fixed_20250520_172719 - INFO - Epoch 25, Batch 1200/3392, Loss: 3.7329
2025-05-21 08:03:38,620 - transvg_coordinates_fixed_20250520_172719 - INFO - Train metrics: l1_loss: 0.3787 | giou_loss: 0.9196 | total_loss: 3.7329
2025-05-21 08:04:08,132 - transvg_coordinates_fixed_20250520_172719 - INFO - Epoch 25, Batch 1250/3392, Loss: 3.7630
2025-05-21 08:04:08,132 - transvg_coordinates_fixed_20250520_172719 - INFO - Train metrics: l1_loss: 0.3818 | giou_loss: 0.9269 | total_loss: 3.7630
2025-05-21 08:04:37,601 - transvg_coordinates_fixed_20250520_172719 - INFO - Epoch 25, Batch 1300/3392, Loss: 4.3661
2025-05-21 08:04:37,601 - transvg_coordinates_fixed_20250520_172719 - INFO - Train metrics: l1_loss: 0.4663 | giou_loss: 1.0174 | total_loss: 4.3661
2025-05-21 08:05:07,028 - transvg_coordinates_fixed_20250520_172719 - INFO - Epoch 25, Batch 1350/3392, Loss: 3.7246
2025-05-21 08:05:07,028 - transvg_coordinates_fixed_20250520_172719 - INFO - Train metrics: l1_loss: 0.3798 | giou_loss: 0.9128 | total_loss: 3.7246
2025-05-21 08:05:36,458 - transvg_coordinates_fixed_20250520_172719 - INFO - Epoch 25, Batch 1400/3392, Loss: 3.4693
2025-05-21 08:05:36,458 - transvg_coordinates_fixed_20250520_172719 - INFO - Train metrics: l1_loss: 0.3274 | giou_loss: 0.9161 | total_loss: 3.4693
2025-05-21 08:06:05,903 - transvg_coordinates_fixed_20250520_172719 - INFO - Epoch 25, Batch 1450/3392, Loss: 4.8809
2025-05-21 08:06:05,903 - transvg_coordinates_fixed_20250520_172719 - INFO - Train metrics: l1_loss: 0.5575 | giou_loss: 1.0467 | total_loss: 4.8809
2025-05-21 08:06:35,382 - transvg_coordinates_fixed_20250520_172719 - INFO - Epoch 25, Batch 1500/3392, Loss: 3.7035
2025-05-21 08:06:35,382 - transvg_coordinates_fixed_20250520_172719 - INFO - Train metrics: l1_loss: 0.3608 | giou_loss: 0.9498 | total_loss: 3.7035
2025-05-21 08:07:04,796 - transvg_coordinates_fixed_20250520_172719 - INFO - Epoch 25, Batch 1550/3392, Loss: 4.9642
2025-05-21 08:07:04,796 - transvg_coordinates_fixed_20250520_172719 - INFO - Train metrics: l1_loss: 0.5433 | giou_loss: 1.1238 | total_loss: 4.9642
2025-05-21 08:07:34,191 - transvg_coordinates_fixed_20250520_172719 - INFO - Epoch 25, Batch 1600/3392, Loss: 5.0034
2025-05-21 08:07:34,191 - transvg_coordinates_fixed_20250520_172719 - INFO - Train metrics: l1_loss: 0.5839 | giou_loss: 1.0419 | total_loss: 5.0034
2025-05-21 08:08:03,614 - transvg_coordinates_fixed_20250520_172719 - INFO - Epoch 25, Batch 1650/3392, Loss: 3.6815
2025-05-21 08:08:03,615 - transvg_coordinates_fixed_20250520_172719 - INFO - Train metrics: l1_loss: 0.3685 | giou_loss: 0.9194 | total_loss: 3.6815
2025-05-21 08:08:33,093 - transvg_coordinates_fixed_20250520_172719 - INFO - Epoch 25, Batch 1700/3392, Loss: 3.5226
2025-05-21 08:08:33,094 - transvg_coordinates_fixed_20250520_172719 - INFO - Train metrics: l1_loss: 0.3219 | giou_loss: 0.9566 | total_loss: 3.5226
2025-05-21 08:09:02,482 - transvg_coordinates_fixed_20250520_172719 - INFO - Epoch 25, Batch 1750/3392, Loss: 3.7837
2025-05-21 08:09:02,482 - transvg_coordinates_fixed_20250520_172719 - INFO - Train metrics: l1_loss: 0.4132 | giou_loss: 0.8588 | total_loss: 3.7837
2025-05-21 08:09:31,863 - transvg_coordinates_fixed_20250520_172719 - INFO - Epoch 25, Batch 1800/3392, Loss: 3.8021
2025-05-21 08:09:31,863 - transvg_coordinates_fixed_20250520_172719 - INFO - Train metrics: l1_loss: 0.3454 | giou_loss: 1.0376 | total_loss: 3.8021
2025-05-21 08:10:01,253 - transvg_coordinates_fixed_20250520_172719 - INFO - Epoch 25, Batch 1850/3392, Loss: 4.3118
2025-05-21 08:10:01,253 - transvg_coordinates_fixed_20250520_172719 - INFO - Train metrics: l1_loss: 0.4651 | giou_loss: 0.9931 | total_loss: 4.3118
2025-05-21 08:10:30,613 - transvg_coordinates_fixed_20250520_172719 - INFO - Epoch 25, Batch 1900/3392, Loss: 4.2732
2025-05-21 08:10:30,613 - transvg_coordinates_fixed_20250520_172719 - INFO - Train metrics: l1_loss: 0.5031 | giou_loss: 0.8789 | total_loss: 4.2732
2025-05-21 08:10:59,992 - transvg_coordinates_fixed_20250520_172719 - INFO - Epoch 25, Batch 1950/3392, Loss: 4.1061
2025-05-21 08:10:59,992 - transvg_coordinates_fixed_20250520_172719 - INFO - Train metrics: l1_loss: 0.3964 | giou_loss: 1.0620 | total_loss: 4.1061
2025-05-21 08:11:29,364 - transvg_coordinates_fixed_20250520_172719 - INFO - Epoch 25, Batch 2000/3392, Loss: 4.0097
2025-05-21 08:11:29,365 - transvg_coordinates_fixed_20250520_172719 - INFO - Train metrics: l1_loss: 0.4304 | giou_loss: 0.9289 | total_loss: 4.0097
2025-05-21 08:11:58,805 - transvg_coordinates_fixed_20250520_172719 - INFO - Epoch 25, Batch 2050/3392, Loss: 4.1575
2025-05-21 08:11:58,805 - transvg_coordinates_fixed_20250520_172719 - INFO - Train metrics: l1_loss: 0.4588 | giou_loss: 0.9319 | total_loss: 4.1575
2025-05-21 08:12:28,242 - transvg_coordinates_fixed_20250520_172719 - INFO - Epoch 25, Batch 2100/3392, Loss: 4.2069
2025-05-21 08:12:28,242 - transvg_coordinates_fixed_20250520_172719 - INFO - Train metrics: l1_loss: 0.4315 | giou_loss: 1.0248 | total_loss: 4.2069
2025-05-21 08:12:57,625 - transvg_coordinates_fixed_20250520_172719 - INFO - Epoch 25, Batch 2150/3392, Loss: 4.5251
2025-05-21 08:12:57,626 - transvg_coordinates_fixed_20250520_172719 - INFO - Train metrics: l1_loss: 0.4738 | giou_loss: 1.0781 | total_loss: 4.5251
2025-05-21 08:13:27,018 - transvg_coordinates_fixed_20250520_172719 - INFO - Epoch 25, Batch 2200/3392, Loss: 4.1488
2025-05-21 08:13:27,018 - transvg_coordinates_fixed_20250520_172719 - INFO - Train metrics: l1_loss: 0.4291 | giou_loss: 1.0016 | total_loss: 4.1488
2025-05-21 08:13:56,427 - transvg_coordinates_fixed_20250520_172719 - INFO - Epoch 25, Batch 2250/3392, Loss: 3.0990
2025-05-21 08:13:56,428 - transvg_coordinates_fixed_20250520_172719 - INFO - Train metrics: l1_loss: 0.3121 | giou_loss: 0.7693 | total_loss: 3.0990
2025-05-21 08:14:25,834 - transvg_coordinates_fixed_20250520_172719 - INFO - Epoch 25, Batch 2300/3392, Loss: 3.5347
2025-05-21 08:14:25,835 - transvg_coordinates_fixed_20250520_172719 - INFO - Train metrics: l1_loss: 0.3148 | giou_loss: 0.9804 | total_loss: 3.5347
2025-05-21 08:14:55,216 - transvg_coordinates_fixed_20250520_172719 - INFO - Epoch 25, Batch 2350/3392, Loss: 3.5441
2025-05-21 08:14:55,216 - transvg_coordinates_fixed_20250520_172719 - INFO - Train metrics: l1_loss: 0.3361 | giou_loss: 0.9318 | total_loss: 3.5441
2025-05-21 08:15:24,648 - transvg_coordinates_fixed_20250520_172719 - INFO - Epoch 25, Batch 2400/3392, Loss: 5.7677
2025-05-21 08:15:24,648 - transvg_coordinates_fixed_20250520_172719 - INFO - Train metrics: l1_loss: 0.7223 | giou_loss: 1.0780 | total_loss: 5.7677
2025-05-21 08:15:54,075 - transvg_coordinates_fixed_20250520_172719 - INFO - Epoch 25, Batch 2450/3392, Loss: 4.1462
2025-05-21 08:15:54,075 - transvg_coordinates_fixed_20250520_172719 - INFO - Train metrics: l1_loss: 0.4092 | giou_loss: 1.0501 | total_loss: 4.1462
2025-05-21 08:16:23,561 - transvg_coordinates_fixed_20250520_172719 - INFO - Epoch 25, Batch 2500/3392, Loss: 4.0479
2025-05-21 08:16:23,561 - transvg_coordinates_fixed_20250520_172719 - INFO - Train metrics: l1_loss: 0.4371 | giou_loss: 0.9311 | total_loss: 4.0479
2025-05-21 08:16:53,064 - transvg_coordinates_fixed_20250520_172719 - INFO - Epoch 25, Batch 2550/3392, Loss: 4.1348
2025-05-21 08:16:53,064 - transvg_coordinates_fixed_20250520_172719 - INFO - Train metrics: l1_loss: 0.4456 | giou_loss: 0.9534 | total_loss: 4.1348
2025-05-21 08:17:22,443 - transvg_coordinates_fixed_20250520_172719 - INFO - Epoch 25, Batch 2600/3392, Loss: 3.4955
2025-05-21 08:17:22,444 - transvg_coordinates_fixed_20250520_172719 - INFO - Train metrics: l1_loss: 0.3917 | giou_loss: 0.7684 | total_loss: 3.4955
2025-05-21 08:17:51,868 - transvg_coordinates_fixed_20250520_172719 - INFO - Epoch 25, Batch 2650/3392, Loss: 3.3869
2025-05-21 08:17:51,869 - transvg_coordinates_fixed_20250520_172719 - INFO - Train metrics: l1_loss: 0.3710 | giou_loss: 0.7660 | total_loss: 3.3869
2025-05-21 08:18:21,246 - transvg_coordinates_fixed_20250520_172719 - INFO - Epoch 25, Batch 2700/3392, Loss: 3.7874
2025-05-21 08:18:21,246 - transvg_coordinates_fixed_20250520_172719 - INFO - Train metrics: l1_loss: 0.3803 | giou_loss: 0.9430 | total_loss: 3.7874
2025-05-21 08:18:50,853 - transvg_coordinates_fixed_20250520_172719 - INFO - Epoch 25, Batch 2750/3392, Loss: 4.1721
2025-05-21 08:18:50,854 - transvg_coordinates_fixed_20250520_172719 - INFO - Train metrics: l1_loss: 0.4393 | giou_loss: 0.9878 | total_loss: 4.1721
2025-05-21 08:19:20,308 - transvg_coordinates_fixed_20250520_172719 - INFO - Epoch 25, Batch 2800/3392, Loss: 3.5283
2025-05-21 08:19:20,308 - transvg_coordinates_fixed_20250520_172719 - INFO - Train metrics: l1_loss: 0.3859 | giou_loss: 0.7993 | total_loss: 3.5283
2025-05-21 08:19:49,749 - transvg_coordinates_fixed_20250520_172719 - INFO - Epoch 25, Batch 2850/3392, Loss: 2.9129
2025-05-21 08:19:49,749 - transvg_coordinates_fixed_20250520_172719 - INFO - Train metrics: l1_loss: 0.3178 | giou_loss: 0.6620 | total_loss: 2.9129
2025-05-21 08:20:19,119 - transvg_coordinates_fixed_20250520_172719 - INFO - Epoch 25, Batch 2900/3392, Loss: 5.2660
2025-05-21 08:20:19,120 - transvg_coordinates_fixed_20250520_172719 - INFO - Train metrics: l1_loss: 0.6249 | giou_loss: 1.0707 | total_loss: 5.2660
2025-05-21 08:20:48,541 - transvg_coordinates_fixed_20250520_172719 - INFO - Epoch 25, Batch 2950/3392, Loss: 3.5772
2025-05-21 08:20:48,542 - transvg_coordinates_fixed_20250520_172719 - INFO - Train metrics: l1_loss: 0.3555 | giou_loss: 0.8999 | total_loss: 3.5772
2025-05-21 08:21:17,941 - transvg_coordinates_fixed_20250520_172719 - INFO - Epoch 25, Batch 3000/3392, Loss: 5.4759
2025-05-21 08:21:17,942 - transvg_coordinates_fixed_20250520_172719 - INFO - Train metrics: l1_loss: 0.6632 | giou_loss: 1.0799 | total_loss: 5.4759
2025-05-21 08:21:47,356 - transvg_coordinates_fixed_20250520_172719 - INFO - Epoch 25, Batch 3050/3392, Loss: 4.3596
2025-05-21 08:21:47,356 - transvg_coordinates_fixed_20250520_172719 - INFO - Train metrics: l1_loss: 0.4611 | giou_loss: 1.0270 | total_loss: 4.3596
2025-05-21 08:22:16,744 - transvg_coordinates_fixed_20250520_172719 - INFO - Epoch 25, Batch 3100/3392, Loss: 4.4967
2025-05-21 08:22:16,745 - transvg_coordinates_fixed_20250520_172719 - INFO - Train metrics: l1_loss: 0.5320 | giou_loss: 0.9183 | total_loss: 4.4967
2025-05-21 08:22:46,172 - transvg_coordinates_fixed_20250520_172719 - INFO - Epoch 25, Batch 3150/3392, Loss: 3.7153
2025-05-21 08:22:46,172 - transvg_coordinates_fixed_20250520_172719 - INFO - Train metrics: l1_loss: 0.3932 | giou_loss: 0.8748 | total_loss: 3.7153
2025-05-21 08:23:15,652 - transvg_coordinates_fixed_20250520_172719 - INFO - Epoch 25, Batch 3200/3392, Loss: 5.9608
2025-05-21 08:23:15,652 - transvg_coordinates_fixed_20250520_172719 - INFO - Train metrics: l1_loss: 0.6947 | giou_loss: 1.2436 | total_loss: 5.9608
2025-05-21 08:23:45,038 - transvg_coordinates_fixed_20250520_172719 - INFO - Epoch 25, Batch 3250/3392, Loss: 5.4802
2025-05-21 08:23:45,038 - transvg_coordinates_fixed_20250520_172719 - INFO - Train metrics: l1_loss: 0.6651 | giou_loss: 1.0775 | total_loss: 5.4802
2025-05-21 08:24:14,389 - transvg_coordinates_fixed_20250520_172719 - INFO - Epoch 25, Batch 3300/3392, Loss: 3.7402
2025-05-21 08:24:14,389 - transvg_coordinates_fixed_20250520_172719 - INFO - Train metrics: l1_loss: 0.4077 | giou_loss: 0.8508 | total_loss: 3.7402
2025-05-21 08:24:43,835 - transvg_coordinates_fixed_20250520_172719 - INFO - Epoch 25, Batch 3350/3392, Loss: 3.5082
2025-05-21 08:24:43,836 - transvg_coordinates_fixed_20250520_172719 - INFO - Train metrics: l1_loss: 0.3638 | giou_loss: 0.8445 | total_loss: 3.5082
2025-05-21 08:25:08,055 - transvg_coordinates_fixed_20250520_172719 - INFO - Train Epoch 25, Loss: 4.1453
2025-05-21 08:26:27,713 - transvg_coordinates_fixed_20250520_172719 - INFO - Pred box sample: [91.65219116210938, 70.63895416259766, 241.038330078125, 205.21054077148438]
2025-05-21 08:26:27,714 - transvg_coordinates_fixed_20250520_172719 - INFO - Target box sample: [207.0, 198.0, 287.0, 283.0]
2025-05-21 08:26:27,796 - transvg_coordinates_fixed_20250520_172719 - INFO - Validation Epoch 25, Loss: 4.6487
2025-05-21 08:26:27,796 - transvg_coordinates_fixed_20250520_172719 - INFO - o]: Acc@0.25: 0.3070 | Acc@0.5: 0.1078 | Acc@0.75: 0.0127 | mIoU: 0.1739 | medianIoU: 0.0701 | mae_x1: 103.6279 | mae_y1: 102.0117 | mae_x2: 104.9806 | mae_y2: 98.2114 | center_x_error: 90.8679 | center_y_error: 85.6017 | width_error: 2.1811 | height_error: 2.1739 | loss: 4.6487
2025-05-21 08:26:28,559 - transvg_coordinates_fixed_20250520_172719 - INFO - Saved model checkpoint to /home/pokle/Trans-VG/visual_grounding/checkpoints/transvg_coordinates_fixed_20250520_172719_epoch25.pth
2025-05-21 08:26:28,560 - transvg_coordinates_fixed_20250520_172719 - INFO - Epoch 26/200
2025-05-21 08:26:29,706 - transvg_coordinates_fixed_20250520_172719 - INFO - Epoch 26, Batch 0/3392, Loss: 3.8624
2025-05-21 08:26:29,706 - transvg_coordinates_fixed_20250520_172719 - INFO - Train metrics: l1_loss: 0.4167 | giou_loss: 0.8895 | total_loss: 3.8624
2025-05-21 08:26:59,326 - transvg_coordinates_fixed_20250520_172719 - INFO - Epoch 26, Batch 50/3392, Loss: 5.2110
2025-05-21 08:26:59,327 - transvg_coordinates_fixed_20250520_172719 - INFO - Train metrics: l1_loss: 0.6003 | giou_loss: 1.1047 | total_loss: 5.2110
2025-05-21 08:27:28,865 - transvg_coordinates_fixed_20250520_172719 - INFO - Epoch 26, Batch 100/3392, Loss: 3.5670
2025-05-21 08:27:28,866 - transvg_coordinates_fixed_20250520_172719 - INFO - Train metrics: l1_loss: 0.3706 | giou_loss: 0.8569 | total_loss: 3.5670
2025-05-21 08:27:58,317 - transvg_coordinates_fixed_20250520_172719 - INFO - Epoch 26, Batch 150/3392, Loss: 4.8671
2025-05-21 08:27:58,317 - transvg_coordinates_fixed_20250520_172719 - INFO - Train metrics: l1_loss: 0.5198 | giou_loss: 1.1340 | total_loss: 4.8671
2025-05-21 08:28:27,744 - transvg_coordinates_fixed_20250520_172719 - INFO - Epoch 26, Batch 200/3392, Loss: 4.2555
2025-05-21 08:28:27,744 - transvg_coordinates_fixed_20250520_172719 - INFO - Train metrics: l1_loss: 0.4538 | giou_loss: 0.9933 | total_loss: 4.2555
2025-05-21 08:28:57,215 - transvg_coordinates_fixed_20250520_172719 - INFO - Epoch 26, Batch 250/3392, Loss: 4.0527
2025-05-21 08:28:57,216 - transvg_coordinates_fixed_20250520_172719 - INFO - Train metrics: l1_loss: 0.4298 | giou_loss: 0.9519 | total_loss: 4.0527
2025-05-21 08:29:26,676 - transvg_coordinates_fixed_20250520_172719 - INFO - Epoch 26, Batch 300/3392, Loss: 4.5054
2025-05-21 08:29:26,676 - transvg_coordinates_fixed_20250520_172719 - INFO - Train metrics: l1_loss: 0.4732 | giou_loss: 1.0698 | total_loss: 4.5054
2025-05-21 08:29:56,170 - transvg_coordinates_fixed_20250520_172719 - INFO - Epoch 26, Batch 350/3392, Loss: 3.5311
2025-05-21 08:29:56,171 - transvg_coordinates_fixed_20250520_172719 - INFO - Train metrics: l1_loss: 0.3475 | giou_loss: 0.8968 | total_loss: 3.5311
2025-05-21 08:30:25,626 - transvg_coordinates_fixed_20250520_172719 - INFO - Epoch 26, Batch 400/3392, Loss: 5.9746
2025-05-21 08:30:25,626 - transvg_coordinates_fixed_20250520_172719 - INFO - Train metrics: l1_loss: 0.6911 | giou_loss: 1.2595 | total_loss: 5.9746
2025-05-21 08:30:55,054 - transvg_coordinates_fixed_20250520_172719 - INFO - Epoch 26, Batch 450/3392, Loss: 4.6897
2025-05-21 08:30:55,054 - transvg_coordinates_fixed_20250520_172719 - INFO - Train metrics: l1_loss: 0.5178 | giou_loss: 1.0504 | total_loss: 4.6897
2025-05-21 08:31:24,482 - transvg_coordinates_fixed_20250520_172719 - INFO - Epoch 26, Batch 500/3392, Loss: 4.0698
2025-05-21 08:31:24,483 - transvg_coordinates_fixed_20250520_172719 - INFO - Train metrics: l1_loss: 0.4096 | giou_loss: 1.0108 | total_loss: 4.0698
2025-05-21 08:31:53,903 - transvg_coordinates_fixed_20250520_172719 - INFO - Epoch 26, Batch 550/3392, Loss: 3.7173
2025-05-21 08:31:53,903 - transvg_coordinates_fixed_20250520_172719 - INFO - Train metrics: l1_loss: 0.4046 | giou_loss: 0.8471 | total_loss: 3.7173
2025-05-21 08:32:23,475 - transvg_coordinates_fixed_20250520_172719 - INFO - Epoch 26, Batch 600/3392, Loss: 5.3195
2025-05-21 08:32:23,476 - transvg_coordinates_fixed_20250520_172719 - INFO - Train metrics: l1_loss: 0.6521 | giou_loss: 1.0296 | total_loss: 5.3195
2025-05-21 08:32:52,909 - transvg_coordinates_fixed_20250520_172719 - INFO - Epoch 26, Batch 650/3392, Loss: 3.9107
2025-05-21 08:32:52,910 - transvg_coordinates_fixed_20250520_172719 - INFO - Train metrics: l1_loss: 0.4166 | giou_loss: 0.9138 | total_loss: 3.9107
2025-05-21 08:33:22,318 - transvg_coordinates_fixed_20250520_172719 - INFO - Epoch 26, Batch 700/3392, Loss: 3.7554
2025-05-21 08:33:22,319 - transvg_coordinates_fixed_20250520_172719 - INFO - Train metrics: l1_loss: 0.3690 | giou_loss: 0.9553 | total_loss: 3.7554
2025-05-21 08:33:51,726 - transvg_coordinates_fixed_20250520_172719 - INFO - Epoch 26, Batch 750/3392, Loss: 4.4594
2025-05-21 08:33:51,726 - transvg_coordinates_fixed_20250520_172719 - INFO - Train metrics: l1_loss: 0.5426 | giou_loss: 0.8731 | total_loss: 4.4594
2025-05-21 08:34:21,134 - transvg_coordinates_fixed_20250520_172719 - INFO - Epoch 26, Batch 800/3392, Loss: 4.0295
2025-05-21 08:34:21,134 - transvg_coordinates_fixed_20250520_172719 - INFO - Train metrics: l1_loss: 0.4206 | giou_loss: 0.9633 | total_loss: 4.0295
2025-05-21 08:34:50,593 - transvg_coordinates_fixed_20250520_172719 - INFO - Epoch 26, Batch 850/3392, Loss: 4.2643
2025-05-21 08:34:50,593 - transvg_coordinates_fixed_20250520_172719 - INFO - Train metrics: l1_loss: 0.5019 | giou_loss: 0.8774 | total_loss: 4.2643
2025-05-21 08:35:19,986 - transvg_coordinates_fixed_20250520_172719 - INFO - Epoch 26, Batch 900/3392, Loss: 3.4139
2025-05-21 08:35:19,986 - transvg_coordinates_fixed_20250520_172719 - INFO - Train metrics: l1_loss: 0.3686 | giou_loss: 0.7855 | total_loss: 3.4139
2025-05-21 08:35:49,436 - transvg_coordinates_fixed_20250520_172719 - INFO - Epoch 26, Batch 950/3392, Loss: 4.2071
2025-05-21 08:35:49,436 - transvg_coordinates_fixed_20250520_172719 - INFO - Train metrics: l1_loss: 0.4399 | giou_loss: 1.0037 | total_loss: 4.2071
2025-05-21 08:36:18,874 - transvg_coordinates_fixed_20250520_172719 - INFO - Epoch 26, Batch 1000/3392, Loss: 3.3972
2025-05-21 08:36:18,874 - transvg_coordinates_fixed_20250520_172719 - INFO - Train metrics: l1_loss: 0.3219 | giou_loss: 0.8940 | total_loss: 3.3972
2025-05-21 08:36:48,262 - transvg_coordinates_fixed_20250520_172719 - INFO - Epoch 26, Batch 1050/3392, Loss: 4.0340
2025-05-21 08:36:48,262 - transvg_coordinates_fixed_20250520_172719 - INFO - Train metrics: l1_loss: 0.4639 | giou_loss: 0.8573 | total_loss: 4.0340
2025-05-21 08:37:17,676 - transvg_coordinates_fixed_20250520_172719 - INFO - Epoch 26, Batch 1100/3392, Loss: 3.9131
2025-05-21 08:37:17,676 - transvg_coordinates_fixed_20250520_172719 - INFO - Train metrics: l1_loss: 0.3858 | giou_loss: 0.9921 | total_loss: 3.9131
2025-05-21 08:37:47,148 - transvg_coordinates_fixed_20250520_172719 - INFO - Epoch 26, Batch 1150/3392, Loss: 3.7445
2025-05-21 08:37:47,148 - transvg_coordinates_fixed_20250520_172719 - INFO - Train metrics: l1_loss: 0.3759 | giou_loss: 0.9324 | total_loss: 3.7445
2025-05-21 08:38:16,616 - transvg_coordinates_fixed_20250520_172719 - INFO - Epoch 26, Batch 1200/3392, Loss: 4.2296
2025-05-21 08:38:16,617 - transvg_coordinates_fixed_20250520_172719 - INFO - Train metrics: l1_loss: 0.4597 | giou_loss: 0.9656 | total_loss: 4.2296
2025-05-21 08:38:46,065 - transvg_coordinates_fixed_20250520_172719 - INFO - Epoch 26, Batch 1250/3392, Loss: 4.6842
2025-05-21 08:38:46,066 - transvg_coordinates_fixed_20250520_172719 - INFO - Train metrics: l1_loss: 0.5014 | giou_loss: 1.0887 | total_loss: 4.6842
2025-05-21 08:39:15,486 - transvg_coordinates_fixed_20250520_172719 - INFO - Epoch 26, Batch 1300/3392, Loss: 3.6278
2025-05-21 08:39:15,487 - transvg_coordinates_fixed_20250520_172719 - INFO - Train metrics: l1_loss: 0.3723 | giou_loss: 0.8830 | total_loss: 3.6278
2025-05-21 08:39:44,947 - transvg_coordinates_fixed_20250520_172719 - INFO - Epoch 26, Batch 1350/3392, Loss: 3.5814
2025-05-21 08:39:44,947 - transvg_coordinates_fixed_20250520_172719 - INFO - Train metrics: l1_loss: 0.3707 | giou_loss: 0.8638 | total_loss: 3.5814
2025-05-21 08:40:14,376 - transvg_coordinates_fixed_20250520_172719 - INFO - Epoch 26, Batch 1400/3392, Loss: 3.8417
2025-05-21 08:40:14,377 - transvg_coordinates_fixed_20250520_172719 - INFO - Train metrics: l1_loss: 0.4049 | giou_loss: 0.9085 | total_loss: 3.8417
2025-05-21 08:40:43,744 - transvg_coordinates_fixed_20250520_172719 - INFO - Epoch 26, Batch 1450/3392, Loss: 4.9785
2025-05-21 08:40:43,745 - transvg_coordinates_fixed_20250520_172719 - INFO - Train metrics: l1_loss: 0.5934 | giou_loss: 1.0058 | total_loss: 4.9785
2025-05-21 08:41:13,124 - transvg_coordinates_fixed_20250520_172719 - INFO - Epoch 26, Batch 1500/3392, Loss: 4.7047
2025-05-21 08:41:13,125 - transvg_coordinates_fixed_20250520_172719 - INFO - Train metrics: l1_loss: 0.5420 | giou_loss: 0.9973 | total_loss: 4.7047
2025-05-21 08:41:42,501 - transvg_coordinates_fixed_20250520_172719 - INFO - Epoch 26, Batch 1550/3392, Loss: 3.4244
2025-05-21 08:41:42,502 - transvg_coordinates_fixed_20250520_172719 - INFO - Train metrics: l1_loss: 0.3653 | giou_loss: 0.7989 | total_loss: 3.4244
2025-05-21 08:42:11,929 - transvg_coordinates_fixed_20250520_172719 - INFO - Epoch 26, Batch 1600/3392, Loss: 4.0127
2025-05-21 08:42:11,930 - transvg_coordinates_fixed_20250520_172719 - INFO - Train metrics: l1_loss: 0.4391 | giou_loss: 0.9086 | total_loss: 4.0127
2025-05-21 08:42:41,337 - transvg_coordinates_fixed_20250520_172719 - INFO - Epoch 26, Batch 1650/3392, Loss: 4.7408
2025-05-21 08:42:41,337 - transvg_coordinates_fixed_20250520_172719 - INFO - Train metrics: l1_loss: 0.5073 | giou_loss: 1.1022 | total_loss: 4.7408
2025-05-21 08:43:10,710 - transvg_coordinates_fixed_20250520_172719 - INFO - Epoch 26, Batch 1700/3392, Loss: 3.6967
2025-05-21 08:43:10,711 - transvg_coordinates_fixed_20250520_172719 - INFO - Train metrics: l1_loss: 0.4123 | giou_loss: 0.8176 | total_loss: 3.6967
2025-05-21 08:43:40,137 - transvg_coordinates_fixed_20250520_172719 - INFO - Epoch 26, Batch 1750/3392, Loss: 3.8862
2025-05-21 08:43:40,138 - transvg_coordinates_fixed_20250520_172719 - INFO - Train metrics: l1_loss: 0.4461 | giou_loss: 0.8280 | total_loss: 3.8862
2025-05-21 08:44:09,530 - transvg_coordinates_fixed_20250520_172719 - INFO - Epoch 26, Batch 1800/3392, Loss: 4.9577
2025-05-21 08:44:09,530 - transvg_coordinates_fixed_20250520_172719 - INFO - Train metrics: l1_loss: 0.6194 | giou_loss: 0.9304 | total_loss: 4.9577
2025-05-21 08:44:38,936 - transvg_coordinates_fixed_20250520_172719 - INFO - Epoch 26, Batch 1850/3392, Loss: 4.5624
2025-05-21 08:44:38,937 - transvg_coordinates_fixed_20250520_172719 - INFO - Train metrics: l1_loss: 0.5112 | giou_loss: 1.0033 | total_loss: 4.5624
2025-05-21 08:45:08,488 - transvg_coordinates_fixed_20250520_172719 - INFO - Epoch 26, Batch 1900/3392, Loss: 3.9296
2025-05-21 08:45:08,488 - transvg_coordinates_fixed_20250520_172719 - INFO - Train metrics: l1_loss: 0.4198 | giou_loss: 0.9154 | total_loss: 3.9296
2025-05-21 08:45:37,950 - transvg_coordinates_fixed_20250520_172719 - INFO - Epoch 26, Batch 1950/3392, Loss: 6.0441
2025-05-21 08:45:37,951 - transvg_coordinates_fixed_20250520_172719 - INFO - Train metrics: l1_loss: 0.7425 | giou_loss: 1.1659 | total_loss: 6.0441
2025-05-21 08:46:07,423 - transvg_coordinates_fixed_20250520_172719 - INFO - Epoch 26, Batch 2000/3392, Loss: 4.0075
2025-05-21 08:46:07,424 - transvg_coordinates_fixed_20250520_172719 - INFO - Train metrics: l1_loss: 0.4160 | giou_loss: 0.9637 | total_loss: 4.0075
2025-05-21 08:46:36,831 - transvg_coordinates_fixed_20250520_172719 - INFO - Epoch 26, Batch 2050/3392, Loss: 4.9893
2025-05-21 08:46:36,832 - transvg_coordinates_fixed_20250520_172719 - INFO - Train metrics: l1_loss: 0.5772 | giou_loss: 1.0517 | total_loss: 4.9893
2025-05-21 08:47:06,191 - transvg_coordinates_fixed_20250520_172719 - INFO - Epoch 26, Batch 2100/3392, Loss: 4.5217
2025-05-21 08:47:06,192 - transvg_coordinates_fixed_20250520_172719 - INFO - Train metrics: l1_loss: 0.5074 | giou_loss: 0.9925 | total_loss: 4.5217
2025-05-21 08:47:35,630 - transvg_coordinates_fixed_20250520_172719 - INFO - Epoch 26, Batch 2150/3392, Loss: 3.9344
2025-05-21 08:47:35,630 - transvg_coordinates_fixed_20250520_172719 - INFO - Train metrics: l1_loss: 0.4014 | giou_loss: 0.9637 | total_loss: 3.9344
2025-05-21 08:48:05,017 - transvg_coordinates_fixed_20250520_172719 - INFO - Epoch 26, Batch 2200/3392, Loss: 3.6249
2025-05-21 08:48:05,017 - transvg_coordinates_fixed_20250520_172719 - INFO - Train metrics: l1_loss: 0.3937 | giou_loss: 0.8281 | total_loss: 3.6249
2025-05-21 08:48:34,392 - transvg_coordinates_fixed_20250520_172719 - INFO - Epoch 26, Batch 2250/3392, Loss: 4.2195
2025-05-21 08:48:34,392 - transvg_coordinates_fixed_20250520_172719 - INFO - Train metrics: l1_loss: 0.4641 | giou_loss: 0.9496 | total_loss: 4.2195
2025-05-21 08:49:03,816 - transvg_coordinates_fixed_20250520_172719 - INFO - Epoch 26, Batch 2300/3392, Loss: 4.0339
2025-05-21 08:49:03,817 - transvg_coordinates_fixed_20250520_172719 - INFO - Train metrics: l1_loss: 0.4513 | giou_loss: 0.8887 | total_loss: 4.0339
2025-05-21 08:49:33,204 - transvg_coordinates_fixed_20250520_172719 - INFO - Epoch 26, Batch 2350/3392, Loss: 4.5523
2025-05-21 08:49:33,205 - transvg_coordinates_fixed_20250520_172719 - INFO - Train metrics: l1_loss: 0.4660 | giou_loss: 1.1110 | total_loss: 4.5523
2025-05-21 08:50:02,590 - transvg_coordinates_fixed_20250520_172719 - INFO - Epoch 26, Batch 2400/3392, Loss: 3.8763
2025-05-21 08:50:02,590 - transvg_coordinates_fixed_20250520_172719 - INFO - Train metrics: l1_loss: 0.4264 | giou_loss: 0.8721 | total_loss: 3.8763
2025-05-21 08:50:31,921 - transvg_coordinates_fixed_20250520_172719 - INFO - Epoch 26, Batch 2450/3392, Loss: 2.9086
2025-05-21 08:50:31,921 - transvg_coordinates_fixed_20250520_172719 - INFO - Train metrics: l1_loss: 0.2767 | giou_loss: 0.7626 | total_loss: 2.9086
2025-05-21 08:51:01,302 - transvg_coordinates_fixed_20250520_172719 - INFO - Epoch 26, Batch 2500/3392, Loss: 4.4540
2025-05-21 08:51:01,303 - transvg_coordinates_fixed_20250520_172719 - INFO - Train metrics: l1_loss: 0.4986 | giou_loss: 0.9806 | total_loss: 4.4540
2025-05-21 08:51:30,701 - transvg_coordinates_fixed_20250520_172719 - INFO - Epoch 26, Batch 2550/3392, Loss: 5.1336
2025-05-21 08:51:30,701 - transvg_coordinates_fixed_20250520_172719 - INFO - Train metrics: l1_loss: 0.5953 | giou_loss: 1.0785 | total_loss: 5.1336
2025-05-21 08:52:00,065 - transvg_coordinates_fixed_20250520_172719 - INFO - Epoch 26, Batch 2600/3392, Loss: 3.2282
2025-05-21 08:52:00,066 - transvg_coordinates_fixed_20250520_172719 - INFO - Train metrics: l1_loss: 0.3398 | giou_loss: 0.7646 | total_loss: 3.2282
2025-05-21 08:52:29,429 - transvg_coordinates_fixed_20250520_172719 - INFO - Epoch 26, Batch 2650/3392, Loss: 3.9797
2025-05-21 08:52:29,429 - transvg_coordinates_fixed_20250520_172719 - INFO - Train metrics: l1_loss: 0.4000 | giou_loss: 0.9899 | total_loss: 3.9797
2025-05-21 08:52:58,784 - transvg_coordinates_fixed_20250520_172719 - INFO - Epoch 26, Batch 2700/3392, Loss: 4.2592
2025-05-21 08:52:58,784 - transvg_coordinates_fixed_20250520_172719 - INFO - Train metrics: l1_loss: 0.4541 | giou_loss: 0.9944 | total_loss: 4.2592
2025-05-21 08:53:28,122 - transvg_coordinates_fixed_20250520_172719 - INFO - Epoch 26, Batch 2750/3392, Loss: 3.7579
2025-05-21 08:53:28,123 - transvg_coordinates_fixed_20250520_172719 - INFO - Train metrics: l1_loss: 0.3673 | giou_loss: 0.9607 | total_loss: 3.7579
2025-05-21 08:53:57,488 - transvg_coordinates_fixed_20250520_172719 - INFO - Epoch 26, Batch 2800/3392, Loss: 4.9130
2025-05-21 08:53:57,488 - transvg_coordinates_fixed_20250520_172719 - INFO - Train metrics: l1_loss: 0.5288 | giou_loss: 1.1345 | total_loss: 4.9130
2025-05-21 08:54:26,842 - transvg_coordinates_fixed_20250520_172719 - INFO - Epoch 26, Batch 2850/3392, Loss: 4.9483
2025-05-21 08:54:26,843 - transvg_coordinates_fixed_20250520_172719 - INFO - Train metrics: l1_loss: 0.5340 | giou_loss: 1.1392 | total_loss: 4.9483
2025-05-21 08:54:56,315 - transvg_coordinates_fixed_20250520_172719 - INFO - Epoch 26, Batch 2900/3392, Loss: 5.5465
2025-05-21 08:54:56,315 - transvg_coordinates_fixed_20250520_172719 - INFO - Train metrics: l1_loss: 0.6039 | giou_loss: 1.2635 | total_loss: 5.5465
2025-05-21 08:55:25,726 - transvg_coordinates_fixed_20250520_172719 - INFO - Epoch 26, Batch 2950/3392, Loss: 4.3285
2025-05-21 08:55:25,727 - transvg_coordinates_fixed_20250520_172719 - INFO - Train metrics: l1_loss: 0.4728 | giou_loss: 0.9822 | total_loss: 4.3285
2025-05-21 08:55:55,139 - transvg_coordinates_fixed_20250520_172719 - INFO - Epoch 26, Batch 3000/3392, Loss: 3.5870
2025-05-21 08:55:55,140 - transvg_coordinates_fixed_20250520_172719 - INFO - Train metrics: l1_loss: 0.3443 | giou_loss: 0.9327 | total_loss: 3.5870
2025-05-21 08:56:24,508 - transvg_coordinates_fixed_20250520_172719 - INFO - Epoch 26, Batch 3050/3392, Loss: 4.2201
2025-05-21 08:56:24,508 - transvg_coordinates_fixed_20250520_172719 - INFO - Train metrics: l1_loss: 0.4493 | giou_loss: 0.9867 | total_loss: 4.2201
2025-05-21 08:56:53,880 - transvg_coordinates_fixed_20250520_172719 - INFO - Epoch 26, Batch 3100/3392, Loss: 4.6024
2025-05-21 08:56:53,881 - transvg_coordinates_fixed_20250520_172719 - INFO - Train metrics: l1_loss: 0.5134 | giou_loss: 1.0176 | total_loss: 4.6024
2025-05-21 08:57:23,223 - transvg_coordinates_fixed_20250520_172719 - INFO - Epoch 26, Batch 3150/3392, Loss: 3.7953
2025-05-21 08:57:23,224 - transvg_coordinates_fixed_20250520_172719 - INFO - Train metrics: l1_loss: 0.3860 | giou_loss: 0.9326 | total_loss: 3.7953
2025-05-21 08:57:52,682 - transvg_coordinates_fixed_20250520_172719 - INFO - Epoch 26, Batch 3200/3392, Loss: 4.3199
2025-05-21 08:57:52,683 - transvg_coordinates_fixed_20250520_172719 - INFO - Train metrics: l1_loss: 0.4948 | giou_loss: 0.9229 | total_loss: 4.3199
2025-05-21 08:58:22,017 - transvg_coordinates_fixed_20250520_172719 - INFO - Epoch 26, Batch 3250/3392, Loss: 4.4405
2025-05-21 08:58:22,018 - transvg_coordinates_fixed_20250520_172719 - INFO - Train metrics: l1_loss: 0.4553 | giou_loss: 1.0821 | total_loss: 4.4405
2025-05-21 08:58:51,399 - transvg_coordinates_fixed_20250520_172719 - INFO - Epoch 26, Batch 3300/3392, Loss: 4.7832
2025-05-21 08:58:51,399 - transvg_coordinates_fixed_20250520_172719 - INFO - Train metrics: l1_loss: 0.4886 | giou_loss: 1.1700 | total_loss: 4.7832
2025-05-21 08:59:20,775 - transvg_coordinates_fixed_20250520_172719 - INFO - Epoch 26, Batch 3350/3392, Loss: 4.1406
2025-05-21 08:59:20,775 - transvg_coordinates_fixed_20250520_172719 - INFO - Train metrics: l1_loss: 0.4589 | giou_loss: 0.9231 | total_loss: 4.1406
2025-05-21 08:59:44,912 - transvg_coordinates_fixed_20250520_172719 - INFO - Train Epoch 26, Loss: 4.1323
2025-05-21 09:01:04,369 - transvg_coordinates_fixed_20250520_172719 - INFO - Pred box sample: [90.96894073486328, 63.571048736572266, 227.28009033203125, 205.03582763671875]
2025-05-21 09:01:04,369 - transvg_coordinates_fixed_20250520_172719 - INFO - Target box sample: [207.0, 198.0, 287.0, 283.0]
2025-05-21 09:01:04,443 - transvg_coordinates_fixed_20250520_172719 - INFO - Validation Epoch 26, Loss: 4.5501
2025-05-21 09:01:04,443 - transvg_coordinates_fixed_20250520_172719 - INFO - Val metrics: Acc@0.25: 0.3150 | Acc@0.5: 0.1116 | Acc@0.75: 0.0130 | mIoU: 0.1798 | medianIoU: 0.0853 | mae_x1: 99.3819 | mae_y1: 99.7945 | mae_x2: 104.2013 | mae_y2: 100.5298 | center_x_error: 87.4730 | center_y_error: 84.3025 | width_error: 2.4191 | height_error: 2.3885 | loss: 4.5501
2025-05-21 09:01:05,200 - transvg_coordinates_fixed_20250520_172719 - INFO - Saved model checkpoint to /home/pokle/Trans-VG/visual_grounding/checkpoints/transvg_coordinates_fixed_20250520_172719_epoch26.pth
2025-05-21 09:01:05,200 - transvg_coordinates_fixed_20250520_172719 - INFO - Epoch 27/200
2025-05-21 09:01:06,493 - transvg_coordinates_fixed_20250520_172719 - INFO - Epoch 27, Batch 0/3392, Loss: 3.5163
2025-05-21 09:01:06,494 - transvg_coordinates_fixed_20250520_172719 - INFO - Train metrics: l1_loss: 0.3784 | giou_loss: 0.8122 | total_loss: 3.5163
2025-05-21 09:01:36,041 - transvg_coordinates_fixed_20250520_172719 - INFO - Epoch 27, Batch 50/3392, Loss: 3.5809
2025-05-21 09:01:36,042 - transvg_coordinates_fixed_20250520_172719 - INFO - Train metrics: l1_loss: 0.3619 | giou_loss: 0.8857 | total_loss: 3.5809
2025-05-21 09:02:05,449 - transvg_coordinates_fixed_20250520_172719 - INFO - Epoch 27, Batch 100/3392, Loss: 4.7680
2025-05-21 09:02:05,449 - transvg_coordinates_fixed_20250520_172719 - INFO - Train metrics: l1_loss: 0.5725 | giou_loss: 0.9528 | total_loss: 4.7680
2025-05-21 09:02:34,804 - transvg_coordinates_fixed_20250520_172719 - INFO - Epoch 27, Batch 150/3392, Loss: 4.0847
2025-05-21 09:02:34,805 - transvg_coordinates_fixed_20250520_172719 - INFO - Train metrics: l1_loss: 0.4602 | giou_loss: 0.8920 | total_loss: 4.0847
2025-05-21 09:03:04,196 - transvg_coordinates_fixed_20250520_172719 - INFO - Epoch 27, Batch 200/3392, Loss: 4.7615
2025-05-21 09:03:04,196 - transvg_coordinates_fixed_20250520_172719 - INFO - Train metrics: l1_loss: 0.5577 | giou_loss: 0.9864 | total_loss: 4.7615
2025-05-21 09:03:33,503 - transvg_coordinates_fixed_20250520_172719 - INFO - Epoch 27, Batch 250/3392, Loss: 3.8736
2025-05-21 09:03:33,504 - transvg_coordinates_fixed_20250520_172719 - INFO - Train metrics: l1_loss: 0.4313 | giou_loss: 0.8586 | total_loss: 3.8736
2025-05-21 09:04:02,842 - transvg_coordinates_fixed_20250520_172719 - INFO - Epoch 27, Batch 300/3392, Loss: 4.4285
2025-05-21 09:04:02,842 - transvg_coordinates_fixed_20250520_172719 - INFO - Train metrics: l1_loss: 0.5387 | giou_loss: 0.8675 | total_loss: 4.4285
2025-05-21 09:04:32,239 - transvg_coordinates_fixed_20250520_172719 - INFO - Epoch 27, Batch 350/3392, Loss: 5.9008
2025-05-21 09:04:32,239 - transvg_coordinates_fixed_20250520_172719 - INFO - Train metrics: l1_loss: 0.6795 | giou_loss: 1.2516 | total_loss: 5.9008
2025-05-21 09:05:01,533 - transvg_coordinates_fixed_20250520_172719 - INFO - Epoch 27, Batch 400/3392, Loss: 4.7707
2025-05-21 09:05:01,533 - transvg_coordinates_fixed_20250520_172719 - INFO - Train metrics: l1_loss: 0.4689 | giou_loss: 1.2132 | total_loss: 4.7707
2025-05-21 09:05:30,807 - transvg_coordinates_fixed_20250520_172719 - INFO - Epoch 27, Batch 450/3392, Loss: 4.4038
2025-05-21 09:05:30,808 - transvg_coordinates_fixed_20250520_172719 - INFO - Train metrics: l1_loss: 0.5001 | giou_loss: 0.9516 | total_loss: 4.4038
2025-05-21 09:06:00,123 - transvg_coordinates_fixed_20250520_172719 - INFO - Epoch 27, Batch 500/3392, Loss: 4.4727
2025-05-21 09:06:00,123 - transvg_coordinates_fixed_20250520_172719 - INFO - Train metrics: l1_loss: 0.4564 | giou_loss: 1.0952 | total_loss: 4.4727
2025-05-21 09:06:29,407 - transvg_coordinates_fixed_20250520_172719 - INFO - Epoch 27, Batch 550/3392, Loss: 3.6682
2025-05-21 09:06:29,407 - transvg_coordinates_fixed_20250520_172719 - INFO - Train metrics: l1_loss: 0.3485 | giou_loss: 0.9627 | total_loss: 3.6682
2025-05-21 09:06:58,805 - transvg_coordinates_fixed_20250520_172719 - INFO - Epoch 27, Batch 600/3392, Loss: 5.0470
2025-05-21 09:06:58,805 - transvg_coordinates_fixed_20250520_172719 - INFO - Train metrics: l1_loss: 0.5705 | giou_loss: 1.0972 | total_loss: 5.0470
2025-05-21 09:07:28,140 - transvg_coordinates_fixed_20250520_172719 - INFO - Epoch 27, Batch 650/3392, Loss: 3.3361
2025-05-21 09:07:28,141 - transvg_coordinates_fixed_20250520_172719 - INFO - Train metrics: l1_loss: 0.3201 | giou_loss: 0.8677 | total_loss: 3.3361
2025-05-21 09:07:57,430 - transvg_coordinates_fixed_20250520_172719 - INFO - Epoch 27, Batch 700/3392, Loss: 4.3350
2025-05-21 09:07:57,430 - transvg_coordinates_fixed_20250520_172719 - INFO - Train metrics: l1_loss: 0.4851 | giou_loss: 0.9547 | total_loss: 4.3350
2025-05-21 09:08:26,769 - transvg_coordinates_fixed_20250520_172719 - INFO - Epoch 27, Batch 750/3392, Loss: 3.9945
2025-05-21 09:08:26,769 - transvg_coordinates_fixed_20250520_172719 - INFO - Train metrics: l1_loss: 0.4649 | giou_loss: 0.8350 | total_loss: 3.9945
2025-05-21 09:08:56,116 - transvg_coordinates_fixed_20250520_172719 - INFO - Epoch 27, Batch 800/3392, Loss: 3.5522
2025-05-21 09:08:56,116 - transvg_coordinates_fixed_20250520_172719 - INFO - Train metrics: l1_loss: 0.3896 | giou_loss: 0.8022 | total_loss: 3.5522
2025-05-21 09:09:25,363 - transvg_coordinates_fixed_20250520_172719 - INFO - Epoch 27, Batch 850/3392, Loss: 3.7698
2025-05-21 09:09:25,363 - transvg_coordinates_fixed_20250520_172719 - INFO - Train metrics: l1_loss: 0.4133 | giou_loss: 0.8516 | total_loss: 3.7698
2025-05-21 09:09:54,654 - transvg_coordinates_fixed_20250520_172719 - INFO - Epoch 27, Batch 900/3392, Loss: 4.8116
2025-05-21 09:09:54,654 - transvg_coordinates_fixed_20250520_172719 - INFO - Train metrics: l1_loss: 0.5525 | giou_loss: 1.0245 | total_loss: 4.8116
2025-05-21 09:10:23,924 - transvg_coordinates_fixed_20250520_172719 - INFO - Epoch 27, Batch 950/3392, Loss: 4.0655
2025-05-21 09:10:23,925 - transvg_coordinates_fixed_20250520_172719 - INFO - Train metrics: l1_loss: 0.4236 | giou_loss: 0.9738 | total_loss: 4.0655
2025-05-21 09:10:53,786 - transvg_coordinates_fixed_20250520_172719 - INFO - Epoch 27, Batch 1000/3392, Loss: 4.0485
2025-05-21 09:10:53,786 - transvg_coordinates_fixed_20250520_172719 - INFO - Train metrics: l1_loss: 0.4558 | giou_loss: 0.8848 | total_loss: 4.0485
2025-05-21 09:11:23,052 - transvg_coordinates_fixed_20250520_172719 - INFO - Epoch 27, Batch 1050/3392, Loss: 3.6960
2025-05-21 09:11:23,053 - transvg_coordinates_fixed_20250520_172719 - INFO - Train metrics: l1_loss: 0.3675 | giou_loss: 0.9292 | total_loss: 3.6960
2025-05-21 09:11:52,333 - transvg_coordinates_fixed_20250520_172719 - INFO - Epoch 27, Batch 1100/3392, Loss: 4.6972
2025-05-21 09:11:52,334 - transvg_coordinates_fixed_20250520_172719 - INFO - Train metrics: l1_loss: 0.5192 | giou_loss: 1.0505 | total_loss: 4.6972
2025-05-21 09:12:21,553 - transvg_coordinates_fixed_20250520_172719 - INFO - Epoch 27, Batch 1150/3392, Loss: 4.1694
2025-05-21 09:12:21,554 - transvg_coordinates_fixed_20250520_172719 - INFO - Train metrics: l1_loss: 0.4690 | giou_loss: 0.9122 | total_loss: 4.1694
2025-05-21 09:12:50,826 - transvg_coordinates_fixed_20250520_172719 - INFO - Epoch 27, Batch 1200/3392, Loss: 4.2017
2025-05-21 09:12:50,827 - transvg_coordinates_fixed_20250520_172719 - INFO - Train metrics: l1_loss: 0.4478 | giou_loss: 0.9812 | total_loss: 4.2017
2025-05-21 09:13:20,120 - transvg_coordinates_fixed_20250520_172719 - INFO - Epoch 27, Batch 1250/3392, Loss: 4.6207
2025-05-21 09:13:20,120 - transvg_coordinates_fixed_20250520_172719 - INFO - Train metrics: l1_loss: 0.5456 | giou_loss: 0.9464 | total_loss: 4.6207
2025-05-21 09:13:49,485 - transvg_coordinates_fixed_20250520_172719 - INFO - Epoch 27, Batch 1300/3392, Loss: 4.1956
2025-05-21 09:13:49,486 - transvg_coordinates_fixed_20250520_172719 - INFO - Train metrics: l1_loss: 0.4858 | giou_loss: 0.8833 | total_loss: 4.1956
2025-05-21 09:14:18,861 - transvg_coordinates_fixed_20250520_172719 - INFO - Epoch 27, Batch 1350/3392, Loss: 3.9893
2025-05-21 09:14:18,861 - transvg_coordinates_fixed_20250520_172719 - INFO - Train metrics: l1_loss: 0.4440 | giou_loss: 0.8846 | total_loss: 3.9893
2025-05-21 09:14:48,271 - transvg_coordinates_fixed_20250520_172719 - INFO - Epoch 27, Batch 1400/3392, Loss: 5.1146
2025-05-21 09:14:48,272 - transvg_coordinates_fixed_20250520_172719 - INFO - Train metrics: l1_loss: 0.5694 | giou_loss: 1.1338 | total_loss: 5.1146
2025-05-21 09:15:17,605 - transvg_coordinates_fixed_20250520_172719 - INFO - Epoch 27, Batch 1450/3392, Loss: 2.7295
2025-05-21 09:15:17,605 - transvg_coordinates_fixed_20250520_172719 - INFO - Train metrics: l1_loss: 0.2959 | giou_loss: 0.6251 | total_loss: 2.7295
2025-05-21 09:15:46,966 - transvg_coordinates_fixed_20250520_172719 - INFO - Epoch 27, Batch 1500/3392, Loss: 5.7172
2025-05-21 09:15:46,967 - transvg_coordinates_fixed_20250520_172719 - INFO - Train metrics: l1_loss: 0.6900 | giou_loss: 1.1337 | total_loss: 5.7172
2025-05-21 09:16:16,334 - transvg_coordinates_fixed_20250520_172719 - INFO - Epoch 27, Batch 1550/3392, Loss: 3.5216
2025-05-21 09:16:16,334 - transvg_coordinates_fixed_20250520_172719 - INFO - Train metrics: l1_loss: 0.3798 | giou_loss: 0.8114 | total_loss: 3.5216
2025-05-21 09:16:45,673 - transvg_coordinates_fixed_20250520_172719 - INFO - Epoch 27, Batch 1600/3392, Loss: 3.5499
2025-05-21 09:16:45,673 - transvg_coordinates_fixed_20250520_172719 - INFO - Train metrics: l1_loss: 0.3647 | giou_loss: 0.8632 | total_loss: 3.5499
2025-05-21 09:17:15,018 - transvg_coordinates_fixed_20250520_172719 - INFO - Epoch 27, Batch 1650/3392, Loss: 4.5842
2025-05-21 09:17:15,019 - transvg_coordinates_fixed_20250520_172719 - INFO - Train metrics: l1_loss: 0.5096 | giou_loss: 1.0182 | total_loss: 4.5842
2025-05-21 09:17:44,345 - transvg_coordinates_fixed_20250520_172719 - INFO - Epoch 27, Batch 1700/3392, Loss: 3.6363
2025-05-21 09:17:44,345 - transvg_coordinates_fixed_20250520_172719 - INFO - Train metrics: l1_loss: 0.3525 | giou_loss: 0.9370 | total_loss: 3.6363
2025-05-21 09:18:13,726 - transvg_coordinates_fixed_20250520_172719 - INFO - Epoch 27, Batch 1750/3392, Loss: 5.3248
2025-05-21 09:18:13,727 - transvg_coordinates_fixed_20250520_172719 - INFO - Train metrics: l1_loss: 0.5571 | giou_loss: 1.2697 | total_loss: 5.3248
2025-05-21 09:18:43,104 - transvg_coordinates_fixed_20250520_172719 - INFO - Epoch 27, Batch 1800/3392, Loss: 3.3071
2025-05-21 09:18:43,104 - transvg_coordinates_fixed_20250520_172719 - INFO - Train metrics: l1_loss: 0.3552 | giou_loss: 0.7655 | total_loss: 3.3071
2025-05-21 09:19:12,455 - transvg_coordinates_fixed_20250520_172719 - INFO - Epoch 27, Batch 1850/3392, Loss: 3.7186
2025-05-21 09:19:12,456 - transvg_coordinates_fixed_20250520_172719 - INFO - Train metrics: l1_loss: 0.4102 | giou_loss: 0.8337 | total_loss: 3.7186
2025-05-21 09:19:41,863 - transvg_coordinates_fixed_20250520_172719 - INFO - Epoch 27, Batch 1900/3392, Loss: 4.6346
2025-05-21 09:19:41,864 - transvg_coordinates_fixed_20250520_172719 - INFO - Train metrics: l1_loss: 0.5239 | giou_loss: 1.0076 | total_loss: 4.6346
2025-05-21 09:20:11,263 - transvg_coordinates_fixed_20250520_172719 - INFO - Epoch 27, Batch 1950/3392, Loss: 4.2433
2025-05-21 09:20:11,263 - transvg_coordinates_fixed_20250520_172719 - INFO - Train metrics: l1_loss: 0.4867 | giou_loss: 0.9048 | total_loss: 4.2433
2025-05-21 09:20:40,635 - transvg_coordinates_fixed_20250520_172719 - INFO - Epoch 27, Batch 2000/3392, Loss: 3.1845
2025-05-21 09:20:40,635 - transvg_coordinates_fixed_20250520_172719 - INFO - Train metrics: l1_loss: 0.2717 | giou_loss: 0.9130 | total_loss: 3.1845
2025-05-21 09:21:10,010 - transvg_coordinates_fixed_20250520_172719 - INFO - Epoch 27, Batch 2050/3392, Loss: 3.5686
2025-05-21 09:21:10,010 - transvg_coordinates_fixed_20250520_172719 - INFO - Train metrics: l1_loss: 0.3803 | giou_loss: 0.8336 | total_loss: 3.5686
2025-05-21 09:21:39,354 - transvg_coordinates_fixed_20250520_172719 - INFO - Epoch 27, Batch 2100/3392, Loss: 3.7229
2025-05-21 09:21:39,354 - transvg_coordinates_fixed_20250520_172719 - INFO - Train metrics: l1_loss: 0.3754 | giou_loss: 0.9230 | total_loss: 3.7229
2025-05-21 09:22:08,815 - transvg_coordinates_fixed_20250520_172719 - INFO - Epoch 27, Batch 2150/3392, Loss: 3.8700
2025-05-21 09:22:08,815 - transvg_coordinates_fixed_20250520_172719 - INFO - Train metrics: l1_loss: 0.3824 | giou_loss: 0.9789 | total_loss: 3.8700
2025-05-21 09:22:38,381 - transvg_coordinates_fixed_20250520_172719 - INFO - Epoch 27, Batch 2200/3392, Loss: 5.9276
2025-05-21 09:22:38,382 - transvg_coordinates_fixed_20250520_172719 - INFO - Train metrics: l1_loss: 0.7091 | giou_loss: 1.1911 | total_loss: 5.9276
2025-05-21 09:23:07,839 - transvg_coordinates_fixed_20250520_172719 - INFO - Epoch 27, Batch 2250/3392, Loss: 5.3680
2025-05-21 09:23:07,839 - transvg_coordinates_fixed_20250520_172719 - INFO - Train metrics: l1_loss: 0.6329 | giou_loss: 1.1018 | total_loss: 5.3680
2025-05-21 09:23:37,339 - transvg_coordinates_fixed_20250520_172719 - INFO - Epoch 27, Batch 2300/3392, Loss: 5.3816
2025-05-21 09:23:37,340 - transvg_coordinates_fixed_20250520_172719 - INFO - Train metrics: l1_loss: 0.6391 | giou_loss: 1.0930 | total_loss: 5.3816
2025-05-21 09:24:06,814 - transvg_coordinates_fixed_20250520_172719 - INFO - Epoch 27, Batch 2350/3392, Loss: 4.6440
2025-05-21 09:24:06,814 - transvg_coordinates_fixed_20250520_172719 - INFO - Train metrics: l1_loss: 0.5003 | giou_loss: 1.0711 | total_loss: 4.6440
2025-05-21 09:24:36,249 - transvg_coordinates_fixed_20250520_172719 - INFO - Epoch 27, Batch 2400/3392, Loss: 3.3235
2025-05-21 09:24:36,249 - transvg_coordinates_fixed_20250520_172719 - INFO - Train metrics: l1_loss: 0.3248 | giou_loss: 0.8498 | total_loss: 3.3235
2025-05-21 09:25:05,716 - transvg_coordinates_fixed_20250520_172719 - INFO - Epoch 27, Batch 2450/3392, Loss: 3.6789
2025-05-21 09:25:05,717 - transvg_coordinates_fixed_20250520_172719 - INFO - Train metrics: l1_loss: 0.3815 | giou_loss: 0.8856 | total_loss: 3.6789
2025-05-21 09:25:35,165 - transvg_coordinates_fixed_20250520_172719 - INFO - Epoch 27, Batch 2500/3392, Loss: 5.2181
2025-05-21 09:25:35,165 - transvg_coordinates_fixed_20250520_172719 - INFO - Train metrics: l1_loss: 0.5932 | giou_loss: 1.1262 | total_loss: 5.2181
2025-05-21 09:26:04,619 - transvg_coordinates_fixed_20250520_172719 - INFO - Epoch 27, Batch 2550/3392, Loss: 4.6396
2025-05-21 09:26:04,619 - transvg_coordinates_fixed_20250520_172719 - INFO - Train metrics: l1_loss: 0.5328 | giou_loss: 0.9879 | total_loss: 4.6396
2025-05-21 09:26:34,062 - transvg_coordinates_fixed_20250520_172719 - INFO - Epoch 27, Batch 2600/3392, Loss: 7.6550
2025-05-21 09:26:34,062 - transvg_coordinates_fixed_20250520_172719 - INFO - Train metrics: l1_loss: 0.9922 | giou_loss: 1.3471 | total_loss: 7.6550
2025-05-21 09:27:03,512 - transvg_coordinates_fixed_20250520_172719 - INFO - Epoch 27, Batch 2650/3392, Loss: 4.7214
2025-05-21 09:27:03,512 - transvg_coordinates_fixed_20250520_172719 - INFO - Train metrics: l1_loss: 0.5258 | giou_loss: 1.0462 | total_loss: 4.7214
2025-05-21 09:27:32,960 - transvg_coordinates_fixed_20250520_172719 - INFO - Epoch 27, Batch 2700/3392, Loss: 4.4207
2025-05-21 09:27:32,961 - transvg_coordinates_fixed_20250520_172719 - INFO - Train metrics: l1_loss: 0.5023 | giou_loss: 0.9546 | total_loss: 4.4207
2025-05-21 09:28:02,359 - transvg_coordinates_fixed_20250520_172719 - INFO - Epoch 27, Batch 2750/3392, Loss: 3.1114
2025-05-21 09:28:02,360 - transvg_coordinates_fixed_20250520_172719 - INFO - Train metrics: l1_loss: 0.3100 | giou_loss: 0.7807 | total_loss: 3.1114
2025-05-21 09:28:31,823 - transvg_coordinates_fixed_20250520_172719 - INFO - Epoch 27, Batch 2800/3392, Loss: 3.7937
2025-05-21 09:28:31,823 - transvg_coordinates_fixed_20250520_172719 - INFO - Train metrics: l1_loss: 0.3710 | giou_loss: 0.9694 | total_loss: 3.7937
2025-05-21 09:29:01,270 - transvg_coordinates_fixed_20250520_172719 - INFO - Epoch 27, Batch 2850/3392, Loss: 3.6383
2025-05-21 09:29:01,270 - transvg_coordinates_fixed_20250520_172719 - INFO - Train metrics: l1_loss: 0.3697 | giou_loss: 0.8949 | total_loss: 3.6383
2025-05-21 09:29:30,695 - transvg_coordinates_fixed_20250520_172719 - INFO - Epoch 27, Batch 2900/3392, Loss: 4.5362
2025-05-21 09:29:30,695 - transvg_coordinates_fixed_20250520_172719 - INFO - Train metrics: l1_loss: 0.5091 | giou_loss: 0.9953 | total_loss: 4.5362
2025-05-21 09:30:00,115 - transvg_coordinates_fixed_20250520_172719 - INFO - Epoch 27, Batch 2950/3392, Loss: 4.1815
2025-05-21 09:30:00,115 - transvg_coordinates_fixed_20250520_172719 - INFO - Train metrics: l1_loss: 0.4518 | giou_loss: 0.9612 | total_loss: 4.1815
2025-05-21 09:30:29,602 - transvg_coordinates_fixed_20250520_172719 - INFO - Epoch 27, Batch 3000/3392, Loss: 3.5925
2025-05-21 09:30:29,602 - transvg_coordinates_fixed_20250520_172719 - INFO - Train metrics: l1_loss: 0.3964 | giou_loss: 0.8053 | total_loss: 3.5925
2025-05-21 09:30:58,975 - transvg_coordinates_fixed_20250520_172719 - INFO - Epoch 27, Batch 3050/3392, Loss: 4.1471
2025-05-21 09:30:58,975 - transvg_coordinates_fixed_20250520_172719 - INFO - Train metrics: l1_loss: 0.4575 | giou_loss: 0.9299 | total_loss: 4.1471
2025-05-21 09:31:28,408 - transvg_coordinates_fixed_20250520_172719 - INFO - Epoch 27, Batch 3100/3392, Loss: 3.8722
2025-05-21 09:31:28,408 - transvg_coordinates_fixed_20250520_172719 - INFO - Train metrics: l1_loss: 0.3837 | giou_loss: 0.9768 | total_loss: 3.8722
2025-05-21 09:31:57,841 - transvg_coordinates_fixed_20250520_172719 - INFO - Epoch 27, Batch 3150/3392, Loss: 3.6589
2025-05-21 09:31:57,842 - transvg_coordinates_fixed_20250520_172719 - INFO - Train metrics: l1_loss: 0.4048 | giou_loss: 0.8173 | total_loss: 3.6589
2025-05-21 09:32:27,255 - transvg_coordinates_fixed_20250520_172719 - INFO - Epoch 27, Batch 3200/3392, Loss: 3.7803
2025-05-21 09:32:27,255 - transvg_coordinates_fixed_20250520_172719 - INFO - Train metrics: l1_loss: 0.4113 | giou_loss: 0.8618 | total_loss: 3.7803
2025-05-21 09:32:56,668 - transvg_coordinates_fixed_20250520_172719 - INFO - Epoch 27, Batch 3250/3392, Loss: 3.0848
2025-05-21 09:32:56,669 - transvg_coordinates_fixed_20250520_172719 - INFO - Train metrics: l1_loss: 0.3420 | giou_loss: 0.6875 | total_loss: 3.0848
2025-05-21 09:33:26,100 - transvg_coordinates_fixed_20250520_172719 - INFO - Epoch 27, Batch 3300/3392, Loss: 5.5747
2025-05-21 09:33:26,100 - transvg_coordinates_fixed_20250520_172719 - INFO - Train metrics: l1_loss: 0.6530 | giou_loss: 1.1548 | total_loss: 5.5747
2025-05-21 09:33:55,529 - transvg_coordinates_fixed_20250520_172719 - INFO - Epoch 27, Batch 3350/3392, Loss: 4.3133
2025-05-21 09:33:55,529 - transvg_coordinates_fixed_20250520_172719 - INFO - Train metrics: l1_loss: 0.4789 | giou_loss: 0.9594 | total_loss: 4.3133
2025-05-21 09:34:19,763 - transvg_coordinates_fixed_20250520_172719 - INFO - Train Epoch 27, Loss: 4.1150
