2025-05-27 14:57:59,509 - transvg_20250527_145759 - INFO - Initialized logger: transvg_20250527_145759
2025-05-27 14:57:59,510 - transvg_20250527_145759 - INFO - Configuration: {
  "data_root": "/home/pokle/Trans-VG/visual_grounding/dior-rsvg",
  "image_size": 384,
  "max_text_len": 40,
  "hidden_dim": 256,
  "bert_model": "bert-base-uncased",
  "dropout": 0.1,
  "num_heads": 8,
  "num_encoder_layers": 6,
  "cross_layers": 6,
  "dim_feedforward": 2048,
  "mlp_hidden_dim": 256,
  "vision_backbone": "dino_vit",
  "pretrained": true,
  "freeze_backbone": true,
  "partial_freeze_vision": true,
  "freeze_linguistic": false,
  "partial_freeze_linguistic": true,
  "batch_size": 16,
  "num_workers": 4,
  "learning_rate": 0.0001,
  "weight_decay": 0.0001,
  "num_epochs": 100,
  "lr": 5e-05,
  "lr_bert": 2e-05,
  "lr_drop": 70,
  "gradient_clip_val": 1.0,
  "output_dir": "output/improved_dino_vit",
  "l1_weight": 5.0,
  "giou_weight": 2.0,
  "center_weight": 1.0,
  "use_center_loss": true,
  "use_focal_loss": true,
  "use_augmentation": true,
  "aug_scale": true,
  "aug_crop": true,
  "aug_translate": true,
  "aug_color": true,
  "aug_blur": false,
  "aug_erase": false,
  "aug_scale_factor": 0.1,
  "aug_brightness": 0.1,
  "aug_contrast": 0.1,
  "aug_saturation": 0.1,
  "aug_hue": 0.05,
  "aug_translate_percent": 0.05,
  "epochs": 200
}
2025-05-27 14:57:59,510 - transvg_20250527_145759 - INFO - Running with configuration: {'data_root': '/home/pokle/Trans-VG/visual_grounding/dior-rsvg', 'output_dir': 'output/improved_dino_vit', 'log_name': None, 'epochs': 200, 'batch_size': 16, 'lr': 5e-05, 'lr_bert': 2e-05, 'weight_decay': 0.0001, 'lr_drop': 70, 'resume': '/home/pokle/Trans-VG/visual_grounding/checkpoints/transvg_20250526_202035_epoch24.pth', 'device': 'cuda', 'num_workers': 4, 'scheduler': 'step', 'center_weight': 1.0, 'no_augmentation': False, 'no_center_loss': False, 'no_focal_loss': False}
2025-05-27 14:57:59,510 - transvg_20250527_145759 - INFO - Using DINO ViT backbone | Data augmentation: True, Center loss: True, Focal loss: True
2025-05-27 14:57:59,613 - transvg_20250527_145759 - INFO - Using device: cuda
2025-05-27 14:57:59,613 - transvg_20250527_145759 - INFO - Building data loaders...
2025-05-27 14:58:00,955 - transvg_20250527_145759 - INFO - Train dataset size: 27133
2025-05-27 14:58:00,956 - transvg_20250527_145759 - INFO - Val dataset size: 3765
2025-05-27 14:58:00,956 - transvg_20250527_145759 - INFO - Test dataset size: 7422
2025-05-27 14:58:00,956 - transvg_20250527_145759 - INFO - Building model...
2025-05-27 14:58:09,448 - transvg_20250527_145759 - INFO - Using step scheduler with step_size=70, gamma=0.1
2025-05-27 14:58:09,449 - transvg_20250527_145759 - INFO - Loading checkpoint from /home/pokle/Trans-VG/visual_grounding/checkpoints/transvg_20250526_202035_epoch24.pth
2025-05-27 14:58:15,906 - transvg_20250527_145759 - INFO - Starting training...
2025-05-27 14:58:15,907 - transvg_20250527_145759 - INFO - Epoch 25/200
2025-05-27 14:58:26,844 - transvg_20250527_145759 - INFO - Epoch 25, Batch 0/1696, Loss: 3.3506
2025-05-27 14:58:26,844 - transvg_20250527_145759 - INFO - Train metrics: l1_loss: 0.3373 | giou_loss: 0.8295 | center_loss: 0.0050 | total_loss: 3.3506
2025-05-27 14:59:26,327 - transvg_20250527_145759 - INFO - Epoch 25, Batch 50/1696, Loss: 3.0658
2025-05-27 14:59:26,328 - transvg_20250527_145759 - INFO - Train metrics: l1_loss: 0.2663 | giou_loss: 0.8652 | center_loss: 0.0038 | total_loss: 3.0658
2025-05-27 15:00:26,428 - transvg_20250527_145759 - INFO - Epoch 25, Batch 100/1696, Loss: 3.5433
2025-05-27 15:00:26,428 - transvg_20250527_145759 - INFO - Train metrics: l1_loss: 0.3732 | giou_loss: 0.8322 | center_loss: 0.0130 | total_loss: 3.5433
2025-05-27 15:01:26,672 - transvg_20250527_145759 - INFO - Epoch 25, Batch 150/1696, Loss: 4.0432
2025-05-27 15:01:26,672 - transvg_20250527_145759 - INFO - Train metrics: l1_loss: 0.4384 | giou_loss: 0.9187 | center_loss: 0.0137 | total_loss: 4.0432
2025-05-27 15:02:27,071 - transvg_20250527_145759 - INFO - Epoch 25, Batch 200/1696, Loss: 4.0671
2025-05-27 15:02:27,072 - transvg_20250527_145759 - INFO - Train metrics: l1_loss: 0.4105 | giou_loss: 1.0002 | center_loss: 0.0140 | total_loss: 4.0671
2025-05-27 15:03:27,487 - transvg_20250527_145759 - INFO - Epoch 25, Batch 250/1696, Loss: 3.6660
2025-05-27 15:03:27,487 - transvg_20250527_145759 - INFO - Train metrics: l1_loss: 0.3653 | giou_loss: 0.9131 | center_loss: 0.0133 | total_loss: 3.6660
2025-05-27 15:04:27,935 - transvg_20250527_145759 - INFO - Epoch 25, Batch 300/1696, Loss: 3.5445
2025-05-27 15:04:27,936 - transvg_20250527_145759 - INFO - Train metrics: l1_loss: 0.3591 | giou_loss: 0.8718 | center_loss: 0.0057 | total_loss: 3.5445
2025-05-27 15:05:28,454 - transvg_20250527_145759 - INFO - Epoch 25, Batch 350/1696, Loss: 4.0005
2025-05-27 15:05:28,454 - transvg_20250527_145759 - INFO - Train metrics: l1_loss: 0.4418 | giou_loss: 0.8869 | center_loss: 0.0179 | total_loss: 4.0005
2025-05-27 15:06:29,157 - transvg_20250527_145759 - INFO - Epoch 25, Batch 400/1696, Loss: 3.7906
2025-05-27 15:06:29,158 - transvg_20250527_145759 - INFO - Train metrics: l1_loss: 0.4070 | giou_loss: 0.8697 | center_loss: 0.0160 | total_loss: 3.7906
2025-05-27 15:07:29,982 - transvg_20250527_145759 - INFO - Epoch 25, Batch 450/1696, Loss: 3.8546
2025-05-27 15:07:29,983 - transvg_20250527_145759 - INFO - Train metrics: l1_loss: 0.4068 | giou_loss: 0.9014 | center_loss: 0.0179 | total_loss: 3.8546
2025-05-27 15:08:30,838 - transvg_20250527_145759 - INFO - Epoch 25, Batch 500/1696, Loss: 5.5820
2025-05-27 15:08:30,838 - transvg_20250527_145759 - INFO - Train metrics: l1_loss: 0.6233 | giou_loss: 1.2142 | center_loss: 0.0371 | total_loss: 5.5820
2025-05-27 15:09:31,677 - transvg_20250527_145759 - INFO - Epoch 25, Batch 550/1696, Loss: 3.5899
2025-05-27 15:09:31,677 - transvg_20250527_145759 - INFO - Train metrics: l1_loss: 0.3552 | giou_loss: 0.9033 | center_loss: 0.0071 | total_loss: 3.5899
2025-05-27 15:10:32,561 - transvg_20250527_145759 - INFO - Epoch 25, Batch 600/1696, Loss: 4.2130
2025-05-27 15:10:32,561 - transvg_20250527_145759 - INFO - Train metrics: l1_loss: 0.4474 | giou_loss: 0.9791 | center_loss: 0.0180 | total_loss: 4.2130
2025-05-27 15:11:33,544 - transvg_20250527_145759 - INFO - Epoch 25, Batch 650/1696, Loss: 3.9797
2025-05-27 15:11:33,544 - transvg_20250527_145759 - INFO - Train metrics: l1_loss: 0.3971 | giou_loss: 0.9890 | center_loss: 0.0164 | total_loss: 3.9797
2025-05-27 15:12:34,563 - transvg_20250527_145759 - INFO - Epoch 25, Batch 700/1696, Loss: 3.6252
2025-05-27 15:12:34,564 - transvg_20250527_145759 - INFO - Train metrics: l1_loss: 0.3463 | giou_loss: 0.9418 | center_loss: 0.0101 | total_loss: 3.6252
2025-05-27 15:13:35,671 - transvg_20250527_145759 - INFO - Epoch 25, Batch 750/1696, Loss: 3.9402
2025-05-27 15:13:35,672 - transvg_20250527_145759 - INFO - Train metrics: l1_loss: 0.4051 | giou_loss: 0.9492 | center_loss: 0.0163 | total_loss: 3.9402
2025-05-27 15:14:36,772 - transvg_20250527_145759 - INFO - Epoch 25, Batch 800/1696, Loss: 4.0820
2025-05-27 15:14:36,772 - transvg_20250527_145759 - INFO - Train metrics: l1_loss: 0.4428 | giou_loss: 0.9243 | center_loss: 0.0194 | total_loss: 4.0820
2025-05-27 15:15:37,867 - transvg_20250527_145759 - INFO - Epoch 25, Batch 850/1696, Loss: 4.1079
2025-05-27 15:15:37,867 - transvg_20250527_145759 - INFO - Train metrics: l1_loss: 0.4466 | giou_loss: 0.9292 | center_loss: 0.0166 | total_loss: 4.1079
2025-05-27 15:16:38,952 - transvg_20250527_145759 - INFO - Epoch 25, Batch 900/1696, Loss: 4.4037
2025-05-27 15:16:38,952 - transvg_20250527_145759 - INFO - Train metrics: l1_loss: 0.4465 | giou_loss: 1.0754 | center_loss: 0.0206 | total_loss: 4.4037
2025-05-27 15:17:40,023 - transvg_20250527_145759 - INFO - Epoch 25, Batch 950/1696, Loss: 5.3783
2025-05-27 15:17:40,023 - transvg_20250527_145759 - INFO - Train metrics: l1_loss: 0.6006 | giou_loss: 1.1718 | center_loss: 0.0317 | total_loss: 5.3783
2025-05-27 15:18:41,099 - transvg_20250527_145759 - INFO - Epoch 25, Batch 1000/1696, Loss: 4.0532
2025-05-27 15:18:41,100 - transvg_20250527_145759 - INFO - Train metrics: l1_loss: 0.4121 | giou_loss: 0.9913 | center_loss: 0.0100 | total_loss: 4.0532
2025-05-27 15:19:42,187 - transvg_20250527_145759 - INFO - Epoch 25, Batch 1050/1696, Loss: 3.3363
2025-05-27 15:19:42,187 - transvg_20250527_145759 - INFO - Train metrics: l1_loss: 0.3011 | giou_loss: 0.9132 | center_loss: 0.0041 | total_loss: 3.3363
2025-05-27 15:20:43,205 - transvg_20250527_145759 - INFO - Epoch 25, Batch 1100/1696, Loss: 3.9591
2025-05-27 15:20:43,205 - transvg_20250527_145759 - INFO - Train metrics: l1_loss: 0.3940 | giou_loss: 0.9886 | center_loss: 0.0119 | total_loss: 3.9591
2025-05-27 15:21:44,207 - transvg_20250527_145759 - INFO - Epoch 25, Batch 1150/1696, Loss: 4.0815
2025-05-27 15:21:44,207 - transvg_20250527_145759 - INFO - Train metrics: l1_loss: 0.4357 | giou_loss: 0.9449 | center_loss: 0.0132 | total_loss: 4.0815
2025-05-27 15:22:45,104 - transvg_20250527_145759 - INFO - Epoch 25, Batch 1200/1696, Loss: 4.2683
2025-05-27 15:22:45,105 - transvg_20250527_145759 - INFO - Train metrics: l1_loss: 0.4846 | giou_loss: 0.9101 | center_loss: 0.0248 | total_loss: 4.2683
2025-05-27 15:23:45,967 - transvg_20250527_145759 - INFO - Epoch 25, Batch 1250/1696, Loss: 3.8086
2025-05-27 15:23:45,968 - transvg_20250527_145759 - INFO - Train metrics: l1_loss: 0.3862 | giou_loss: 0.9339 | center_loss: 0.0101 | total_loss: 3.8086
2025-05-27 15:24:46,906 - transvg_20250527_145759 - INFO - Epoch 25, Batch 1300/1696, Loss: 4.5291
2025-05-27 15:24:46,907 - transvg_20250527_145759 - INFO - Train metrics: l1_loss: 0.5225 | giou_loss: 0.9421 | center_loss: 0.0322 | total_loss: 4.5291
2025-05-27 15:25:47,837 - transvg_20250527_145759 - INFO - Epoch 25, Batch 1350/1696, Loss: 3.7733
2025-05-27 15:25:47,838 - transvg_20250527_145759 - INFO - Train metrics: l1_loss: 0.3839 | giou_loss: 0.9220 | center_loss: 0.0097 | total_loss: 3.7733
2025-05-27 15:26:48,746 - transvg_20250527_145759 - INFO - Epoch 25, Batch 1400/1696, Loss: 3.8233
2025-05-27 15:26:48,746 - transvg_20250527_145759 - INFO - Train metrics: l1_loss: 0.3901 | giou_loss: 0.9309 | center_loss: 0.0111 | total_loss: 3.8233
2025-05-27 15:27:49,681 - transvg_20250527_145759 - INFO - Epoch 25, Batch 1450/1696, Loss: 4.1188
2025-05-27 15:27:49,681 - transvg_20250527_145759 - INFO - Train metrics: l1_loss: 0.4266 | giou_loss: 0.9850 | center_loss: 0.0157 | total_loss: 4.1188
2025-05-27 15:28:50,605 - transvg_20250527_145759 - INFO - Epoch 25, Batch 1500/1696, Loss: 3.8125
2025-05-27 15:28:50,606 - transvg_20250527_145759 - INFO - Train metrics: l1_loss: 0.3895 | giou_loss: 0.9257 | center_loss: 0.0135 | total_loss: 3.8125
2025-05-27 15:29:51,540 - transvg_20250527_145759 - INFO - Epoch 25, Batch 1550/1696, Loss: 3.7964
2025-05-27 15:29:51,540 - transvg_20250527_145759 - INFO - Train metrics: l1_loss: 0.3825 | giou_loss: 0.9362 | center_loss: 0.0115 | total_loss: 3.7964
2025-05-27 15:30:52,463 - transvg_20250527_145759 - INFO - Epoch 25, Batch 1600/1696, Loss: 4.7235
2025-05-27 15:30:52,463 - transvg_20250527_145759 - INFO - Train metrics: l1_loss: 0.5071 | giou_loss: 1.0842 | center_loss: 0.0197 | total_loss: 4.7235
2025-05-27 15:31:53,407 - transvg_20250527_145759 - INFO - Epoch 25, Batch 1650/1696, Loss: 4.6341
2025-05-27 15:31:53,407 - transvg_20250527_145759 - INFO - Train metrics: l1_loss: 0.5132 | giou_loss: 1.0193 | center_loss: 0.0295 | total_loss: 4.6341
2025-05-27 15:32:48,078 - transvg_20250527_145759 - INFO - Train Epoch 25, Loss: 3.8938
2025-05-27 15:34:30,863 - transvg_20250527_145759 - INFO - Pred box sample: [70.68817138671875, 94.58183288574219, 258.154052734375, 286.01568603515625]
2025-05-27 15:34:30,863 - transvg_20250527_145759 - INFO - Target box sample: [207.0, 198.0, 287.0, 283.0]
2025-05-27 15:34:30,959 - transvg_20250527_145759 - INFO - Validation Epoch 25, Loss: 4.5704
2025-05-27 15:34:30,959 - transvg_20250527_145759 - INFO - Val metrics: Acc@0.25: 0.3182 | Acc@0.5: 0.1185 | Acc@0.75: 0.0159 | mIoU: 0.1833 | medianIoU: 0.0811 | mae_x1: 102.0759 | mae_y1: 99.7301 | mae_x2: 103.1465 | mae_y2: 97.1721 | center_x_error: 88.1451 | center_y_error: 83.3533 | width_error: 2.3413 | height_error: 2.2141 | loss: 4.5704
2025-05-27 15:34:31,836 - transvg_20250527_145759 - INFO - Saved model checkpoint to /home/pokle/Trans-VG/visual_grounding/checkpoints/transvg_20250527_145759_epoch25.pth
2025-05-27 15:34:31,836 - transvg_20250527_145759 - INFO - New best model! Acc@0.5: 0.1185
2025-05-27 15:34:31,837 - transvg_20250527_145759 - INFO - Epoch 26/200
2025-05-27 15:34:34,524 - transvg_20250527_145759 - INFO - Epoch 26, Batch 0/1696, Loss: 4.0269
2025-05-27 15:34:34,524 - transvg_20250527_145759 - INFO - Train metrics: l1_loss: 0.4097 | giou_loss: 0.9828 | center_loss: 0.0130 | total_loss: 4.0269
2025-05-27 15:35:35,431 - transvg_20250527_145759 - INFO - Epoch 26, Batch 50/1696, Loss: 4.0487
2025-05-27 15:35:35,432 - transvg_20250527_145759 - INFO - Train metrics: l1_loss: 0.4214 | giou_loss: 0.9644 | center_loss: 0.0126 | total_loss: 4.0487
2025-05-27 15:36:36,330 - transvg_20250527_145759 - INFO - Epoch 26, Batch 100/1696, Loss: 5.0680
2025-05-27 15:36:36,330 - transvg_20250527_145759 - INFO - Train metrics: l1_loss: 0.5607 | giou_loss: 1.1175 | center_loss: 0.0296 | total_loss: 5.0680
2025-05-27 15:37:37,209 - transvg_20250527_145759 - INFO - Epoch 26, Batch 150/1696, Loss: 3.4702
2025-05-27 15:37:37,209 - transvg_20250527_145759 - INFO - Train metrics: l1_loss: 0.3485 | giou_loss: 0.8597 | center_loss: 0.0084 | total_loss: 3.4702
2025-05-27 15:38:38,075 - transvg_20250527_145759 - INFO - Epoch 26, Batch 200/1696, Loss: 3.8510
2025-05-27 15:38:38,075 - transvg_20250527_145759 - INFO - Train metrics: l1_loss: 0.3878 | giou_loss: 0.9497 | center_loss: 0.0125 | total_loss: 3.8510
2025-05-27 15:39:38,977 - transvg_20250527_145759 - INFO - Epoch 26, Batch 250/1696, Loss: 3.6090
2025-05-27 15:39:38,977 - transvg_20250527_145759 - INFO - Train metrics: l1_loss: 0.3851 | giou_loss: 0.8331 | center_loss: 0.0174 | total_loss: 3.6090
2025-05-27 15:40:39,889 - transvg_20250527_145759 - INFO - Epoch 26, Batch 300/1696, Loss: 4.4989
2025-05-27 15:40:39,889 - transvg_20250527_145759 - INFO - Train metrics: l1_loss: 0.4730 | giou_loss: 1.0576 | center_loss: 0.0187 | total_loss: 4.4989
2025-05-27 15:41:40,796 - transvg_20250527_145759 - INFO - Epoch 26, Batch 350/1696, Loss: 3.5891
2025-05-27 15:41:40,796 - transvg_20250527_145759 - INFO - Train metrics: l1_loss: 0.3498 | giou_loss: 0.9156 | center_loss: 0.0091 | total_loss: 3.5891
2025-05-27 15:42:41,735 - transvg_20250527_145759 - INFO - Epoch 26, Batch 400/1696, Loss: 3.7423
2025-05-27 15:42:41,735 - transvg_20250527_145759 - INFO - Train metrics: l1_loss: 0.3963 | giou_loss: 0.8736 | center_loss: 0.0137 | total_loss: 3.7423
2025-05-27 15:43:42,655 - transvg_20250527_145759 - INFO - Epoch 26, Batch 450/1696, Loss: 3.5124
2025-05-27 15:43:42,656 - transvg_20250527_145759 - INFO - Train metrics: l1_loss: 0.3554 | giou_loss: 0.8628 | center_loss: 0.0099 | total_loss: 3.5124
2025-05-27 15:44:43,537 - transvg_20250527_145759 - INFO - Epoch 26, Batch 500/1696, Loss: 4.3511
2025-05-27 15:44:43,538 - transvg_20250527_145759 - INFO - Train metrics: l1_loss: 0.4487 | giou_loss: 1.0451 | center_loss: 0.0172 | total_loss: 4.3511
2025-05-27 15:45:44,436 - transvg_20250527_145759 - INFO - Epoch 26, Batch 550/1696, Loss: 3.5649
2025-05-27 15:45:44,436 - transvg_20250527_145759 - INFO - Train metrics: l1_loss: 0.3706 | giou_loss: 0.8507 | center_loss: 0.0105 | total_loss: 3.5649
2025-05-27 15:46:45,257 - transvg_20250527_145759 - INFO - Epoch 26, Batch 600/1696, Loss: 4.3027
2025-05-27 15:46:45,257 - transvg_20250527_145759 - INFO - Train metrics: l1_loss: 0.4618 | giou_loss: 0.9880 | center_loss: 0.0179 | total_loss: 4.3027
2025-05-27 15:47:46,105 - transvg_20250527_145759 - INFO - Epoch 26, Batch 650/1696, Loss: 3.5728
2025-05-27 15:47:46,105 - transvg_20250527_145759 - INFO - Train metrics: l1_loss: 0.3643 | giou_loss: 0.8715 | center_loss: 0.0083 | total_loss: 3.5728
2025-05-27 15:48:47,001 - transvg_20250527_145759 - INFO - Epoch 26, Batch 700/1696, Loss: 4.9085
2025-05-27 15:48:47,001 - transvg_20250527_145759 - INFO - Train metrics: l1_loss: 0.5779 | giou_loss: 0.9948 | center_loss: 0.0295 | total_loss: 4.9085
2025-05-27 15:49:47,911 - transvg_20250527_145759 - INFO - Epoch 26, Batch 750/1696, Loss: 3.9320
2025-05-27 15:49:47,911 - transvg_20250527_145759 - INFO - Train metrics: l1_loss: 0.3953 | giou_loss: 0.9719 | center_loss: 0.0119 | total_loss: 3.9320
2025-05-27 15:50:48,863 - transvg_20250527_145759 - INFO - Epoch 26, Batch 800/1696, Loss: 3.2570
2025-05-27 15:50:48,863 - transvg_20250527_145759 - INFO - Train metrics: l1_loss: 0.3205 | giou_loss: 0.8247 | center_loss: 0.0050 | total_loss: 3.2570
2025-05-27 15:51:49,780 - transvg_20250527_145759 - INFO - Epoch 26, Batch 850/1696, Loss: 3.2775
2025-05-27 15:51:49,781 - transvg_20250527_145759 - INFO - Train metrics: l1_loss: 0.3349 | giou_loss: 0.7971 | center_loss: 0.0087 | total_loss: 3.2775
2025-05-27 15:52:50,702 - transvg_20250527_145759 - INFO - Epoch 26, Batch 900/1696, Loss: 4.1032
2025-05-27 15:52:50,703 - transvg_20250527_145759 - INFO - Train metrics: l1_loss: 0.4730 | giou_loss: 0.8575 | center_loss: 0.0234 | total_loss: 4.1032
2025-05-27 15:53:51,619 - transvg_20250527_145759 - INFO - Epoch 26, Batch 950/1696, Loss: 4.7118
2025-05-27 15:53:51,620 - transvg_20250527_145759 - INFO - Train metrics: l1_loss: 0.5480 | giou_loss: 0.9735 | center_loss: 0.0250 | total_loss: 4.7118
2025-05-27 15:54:52,480 - transvg_20250527_145759 - INFO - Epoch 26, Batch 1000/1696, Loss: 3.2463
2025-05-27 15:54:52,481 - transvg_20250527_145759 - INFO - Train metrics: l1_loss: 0.3366 | giou_loss: 0.7779 | center_loss: 0.0073 | total_loss: 3.2463
2025-05-27 15:55:53,358 - transvg_20250527_145759 - INFO - Epoch 26, Batch 1050/1696, Loss: 3.3913
2025-05-27 15:55:53,358 - transvg_20250527_145759 - INFO - Train metrics: l1_loss: 0.3247 | giou_loss: 0.8804 | center_loss: 0.0070 | total_loss: 3.3913
2025-05-27 15:56:54,243 - transvg_20250527_145759 - INFO - Epoch 26, Batch 1100/1696, Loss: 3.7656
2025-05-27 15:56:54,243 - transvg_20250527_145759 - INFO - Train metrics: l1_loss: 0.3885 | giou_loss: 0.9059 | center_loss: 0.0113 | total_loss: 3.7656
2025-05-27 15:57:55,109 - transvg_20250527_145759 - INFO - Epoch 26, Batch 1150/1696, Loss: 4.8659
2025-05-27 15:57:55,109 - transvg_20250527_145759 - INFO - Train metrics: l1_loss: 0.5267 | giou_loss: 1.1047 | center_loss: 0.0228 | total_loss: 4.8659
2025-05-27 15:58:56,001 - transvg_20250527_145759 - INFO - Epoch 26, Batch 1200/1696, Loss: 4.0108
2025-05-27 15:58:56,001 - transvg_20250527_145759 - INFO - Train metrics: l1_loss: 0.4324 | giou_loss: 0.9168 | center_loss: 0.0153 | total_loss: 4.0108
2025-05-27 15:59:56,904 - transvg_20250527_145759 - INFO - Epoch 26, Batch 1250/1696, Loss: 3.5268
2025-05-27 15:59:56,905 - transvg_20250527_145759 - INFO - Train metrics: l1_loss: 0.3403 | giou_loss: 0.9088 | center_loss: 0.0076 | total_loss: 3.5268
2025-05-27 16:00:57,863 - transvg_20250527_145759 - INFO - Epoch 26, Batch 1300/1696, Loss: 4.2885
2025-05-27 16:00:57,863 - transvg_20250527_145759 - INFO - Train metrics: l1_loss: 0.4657 | giou_loss: 0.9713 | center_loss: 0.0173 | total_loss: 4.2885
2025-05-27 16:01:58,786 - transvg_20250527_145759 - INFO - Epoch 26, Batch 1350/1696, Loss: 3.8205
2025-05-27 16:01:58,786 - transvg_20250527_145759 - INFO - Train metrics: l1_loss: 0.4221 | giou_loss: 0.8478 | center_loss: 0.0145 | total_loss: 3.8205
2025-05-27 16:02:59,761 - transvg_20250527_145759 - INFO - Epoch 26, Batch 1400/1696, Loss: 4.4311
2025-05-27 16:02:59,762 - transvg_20250527_145759 - INFO - Train metrics: l1_loss: 0.4715 | giou_loss: 1.0280 | center_loss: 0.0173 | total_loss: 4.4311
2025-05-27 16:04:00,697 - transvg_20250527_145759 - INFO - Epoch 26, Batch 1450/1696, Loss: 3.9263
2025-05-27 16:04:00,697 - transvg_20250527_145759 - INFO - Train metrics: l1_loss: 0.4025 | giou_loss: 0.9504 | center_loss: 0.0129 | total_loss: 3.9263
2025-05-27 16:05:01,665 - transvg_20250527_145759 - INFO - Epoch 26, Batch 1500/1696, Loss: 4.5459
2025-05-27 16:05:01,665 - transvg_20250527_145759 - INFO - Train metrics: l1_loss: 0.5044 | giou_loss: 0.9997 | center_loss: 0.0248 | total_loss: 4.5459
2025-05-27 16:06:02,604 - transvg_20250527_145759 - INFO - Epoch 26, Batch 1550/1696, Loss: 3.9321
2025-05-27 16:06:02,604 - transvg_20250527_145759 - INFO - Train metrics: l1_loss: 0.4112 | giou_loss: 0.9331 | center_loss: 0.0098 | total_loss: 3.9321
2025-05-27 16:07:03,525 - transvg_20250527_145759 - INFO - Epoch 26, Batch 1600/1696, Loss: 3.8493
2025-05-27 16:07:03,525 - transvg_20250527_145759 - INFO - Train metrics: l1_loss: 0.4073 | giou_loss: 0.8981 | center_loss: 0.0165 | total_loss: 3.8493
2025-05-27 16:08:04,393 - transvg_20250527_145759 - INFO - Epoch 26, Batch 1650/1696, Loss: 3.2974
2025-05-27 16:08:04,393 - transvg_20250527_145759 - INFO - Train metrics: l1_loss: 0.3108 | giou_loss: 0.8675 | center_loss: 0.0081 | total_loss: 3.2974
2025-05-27 16:08:59,041 - transvg_20250527_145759 - INFO - Train Epoch 26, Loss: 3.8756
2025-05-27 16:10:41,439 - transvg_20250527_145759 - INFO - Pred box sample: [78.80109405517578, 92.04443359375, 262.4021301269531, 284.69000244140625]
2025-05-27 16:10:41,440 - transvg_20250527_145759 - INFO - Target box sample: [207.0, 198.0, 287.0, 283.0]
2025-05-27 16:10:41,529 - transvg_20250527_145759 - INFO - Validation Epoch 26, Loss: 4.5945
2025-05-27 16:10:41,529 - transvg_20250527_145759 - INFO - Val metrics: Acc@0.25: 0.3137 | Acc@0.5: 0.1203 | Acc@0.75: 0.0125 | mIoU: 0.1814 | medianIoU: 0.0781 | mae_x1: 102.8865 | mae_y1: 100.4141 | mae_x2: 103.6439 | mae_y2: 98.7988 | center_x_error: 89.1216 | center_y_error: 83.7775 | width_error: 2.3223 | height_error: 2.2977 | loss: 4.5945
2025-05-27 16:10:42,408 - transvg_20250527_145759 - INFO - Saved model checkpoint to /home/pokle/Trans-VG/visual_grounding/checkpoints/transvg_20250527_145759_epoch26.pth
2025-05-27 16:10:42,408 - transvg_20250527_145759 - INFO - New best model! Acc@0.5: 0.1203
2025-05-27 16:10:42,408 - transvg_20250527_145759 - INFO - Epoch 27/200
2025-05-27 16:10:44,945 - transvg_20250527_145759 - INFO - Epoch 27, Batch 0/1696, Loss: 4.1472
2025-05-27 16:10:44,945 - transvg_20250527_145759 - INFO - Train metrics: l1_loss: 0.4345 | giou_loss: 0.9805 | center_loss: 0.0135 | total_loss: 4.1472
2025-05-27 16:11:45,895 - transvg_20250527_145759 - INFO - Epoch 27, Batch 50/1696, Loss: 3.8859
2025-05-27 16:11:45,896 - transvg_20250527_145759 - INFO - Train metrics: l1_loss: 0.4034 | giou_loss: 0.9281 | center_loss: 0.0127 | total_loss: 3.8859
2025-05-27 16:12:46,796 - transvg_20250527_145759 - INFO - Epoch 27, Batch 100/1696, Loss: 3.3748
2025-05-27 16:12:46,796 - transvg_20250527_145759 - INFO - Train metrics: l1_loss: 0.3266 | giou_loss: 0.8668 | center_loss: 0.0081 | total_loss: 3.3748
2025-05-27 16:13:47,667 - transvg_20250527_145759 - INFO - Epoch 27, Batch 150/1696, Loss: 3.9902
2025-05-27 16:13:47,668 - transvg_20250527_145759 - INFO - Train metrics: l1_loss: 0.4312 | giou_loss: 0.9105 | center_loss: 0.0134 | total_loss: 3.9902
2025-05-27 16:14:48,548 - transvg_20250527_145759 - INFO - Epoch 27, Batch 200/1696, Loss: 3.7452
2025-05-27 16:14:48,548 - transvg_20250527_145759 - INFO - Train metrics: l1_loss: 0.3762 | giou_loss: 0.9236 | center_loss: 0.0167 | total_loss: 3.7452
2025-05-27 16:15:49,461 - transvg_20250527_145759 - INFO - Epoch 27, Batch 250/1696, Loss: 3.5250
2025-05-27 16:15:49,461 - transvg_20250527_145759 - INFO - Train metrics: l1_loss: 0.3584 | giou_loss: 0.8630 | center_loss: 0.0069 | total_loss: 3.5250
2025-05-27 16:16:50,390 - transvg_20250527_145759 - INFO - Epoch 27, Batch 300/1696, Loss: 3.6206
2025-05-27 16:16:50,390 - transvg_20250527_145759 - INFO - Train metrics: l1_loss: 0.3764 | giou_loss: 0.8626 | center_loss: 0.0133 | total_loss: 3.6206
2025-05-27 16:17:51,297 - transvg_20250527_145759 - INFO - Epoch 27, Batch 350/1696, Loss: 3.6955
2025-05-27 16:17:51,297 - transvg_20250527_145759 - INFO - Train metrics: l1_loss: 0.3686 | giou_loss: 0.9213 | center_loss: 0.0097 | total_loss: 3.6955
2025-05-27 16:18:52,152 - transvg_20250527_145759 - INFO - Epoch 27, Batch 400/1696, Loss: 3.6604
2025-05-27 16:18:52,152 - transvg_20250527_145759 - INFO - Train metrics: l1_loss: 0.3676 | giou_loss: 0.9060 | center_loss: 0.0107 | total_loss: 3.6604
2025-05-27 16:19:53,029 - transvg_20250527_145759 - INFO - Epoch 27, Batch 450/1696, Loss: 4.9949
2025-05-27 16:19:53,029 - transvg_20250527_145759 - INFO - Train metrics: l1_loss: 0.5635 | giou_loss: 1.0735 | center_loss: 0.0304 | total_loss: 4.9949
2025-05-27 16:20:53,929 - transvg_20250527_145759 - INFO - Epoch 27, Batch 500/1696, Loss: 4.2902
2025-05-27 16:20:53,930 - transvg_20250527_145759 - INFO - Train metrics: l1_loss: 0.4448 | giou_loss: 1.0267 | center_loss: 0.0127 | total_loss: 4.2902
2025-05-27 16:21:54,796 - transvg_20250527_145759 - INFO - Epoch 27, Batch 550/1696, Loss: 2.5712
2025-05-27 16:21:54,797 - transvg_20250527_145759 - INFO - Train metrics: l1_loss: 0.2664 | giou_loss: 0.6175 | center_loss: 0.0044 | total_loss: 2.5712
2025-05-27 16:22:55,712 - transvg_20250527_145759 - INFO - Epoch 27, Batch 600/1696, Loss: 4.7324
2025-05-27 16:22:55,712 - transvg_20250527_145759 - INFO - Train metrics: l1_loss: 0.5149 | giou_loss: 1.0698 | center_loss: 0.0181 | total_loss: 4.7324
2025-05-27 16:23:56,613 - transvg_20250527_145759 - INFO - Epoch 27, Batch 650/1696, Loss: 2.9776
2025-05-27 16:23:56,613 - transvg_20250527_145759 - INFO - Train metrics: l1_loss: 0.2920 | giou_loss: 0.7556 | center_loss: 0.0063 | total_loss: 2.9776
2025-05-27 16:24:58,316 - transvg_20250527_145759 - INFO - Epoch 27, Batch 700/1696, Loss: 4.0344
2025-05-27 16:24:58,316 - transvg_20250527_145759 - INFO - Train metrics: l1_loss: 0.4357 | giou_loss: 0.9180 | center_loss: 0.0197 | total_loss: 4.0344
2025-05-27 16:25:59,277 - transvg_20250527_145759 - INFO - Epoch 27, Batch 750/1696, Loss: 3.7799
2025-05-27 16:25:59,278 - transvg_20250527_145759 - INFO - Train metrics: l1_loss: 0.3895 | giou_loss: 0.9108 | center_loss: 0.0110 | total_loss: 3.7799
2025-05-27 16:27:01,660 - transvg_20250527_145759 - INFO - Epoch 27, Batch 800/1696, Loss: 4.7091
2025-05-27 16:27:01,660 - transvg_20250527_145759 - INFO - Train metrics: l1_loss: 0.5162 | giou_loss: 1.0532 | center_loss: 0.0219 | total_loss: 4.7091
2025-05-27 16:28:06,116 - transvg_20250527_145759 - INFO - Epoch 27, Batch 850/1696, Loss: 3.9296
2025-05-27 16:28:06,116 - transvg_20250527_145759 - INFO - Train metrics: l1_loss: 0.4169 | giou_loss: 0.9153 | center_loss: 0.0145 | total_loss: 3.9296
2025-05-27 16:29:12,006 - transvg_20250527_145759 - INFO - Epoch 27, Batch 900/1696, Loss: 3.3339
2025-05-27 16:29:12,006 - transvg_20250527_145759 - INFO - Train metrics: l1_loss: 0.3158 | giou_loss: 0.8736 | center_loss: 0.0076 | total_loss: 3.3339
2025-05-27 16:30:18,031 - transvg_20250527_145759 - INFO - Epoch 27, Batch 950/1696, Loss: 3.3745
2025-05-27 16:30:18,031 - transvg_20250527_145759 - INFO - Train metrics: l1_loss: 0.3144 | giou_loss: 0.8978 | center_loss: 0.0068 | total_loss: 3.3745
2025-05-27 16:31:24,519 - transvg_20250527_145759 - INFO - Epoch 27, Batch 1000/1696, Loss: 4.2237
2025-05-27 16:31:24,519 - transvg_20250527_145759 - INFO - Train metrics: l1_loss: 0.4393 | giou_loss: 1.0038 | center_loss: 0.0196 | total_loss: 4.2237
2025-05-27 16:32:31,703 - transvg_20250527_145759 - INFO - Epoch 27, Batch 1050/1696, Loss: 3.8689
2025-05-27 16:32:31,703 - transvg_20250527_145759 - INFO - Train metrics: l1_loss: 0.3972 | giou_loss: 0.9344 | center_loss: 0.0141 | total_loss: 3.8689
2025-05-27 16:33:39,482 - transvg_20250527_145759 - INFO - Epoch 27, Batch 1100/1696, Loss: 4.6349
2025-05-27 16:33:39,483 - transvg_20250527_145759 - INFO - Train metrics: l1_loss: 0.5150 | giou_loss: 1.0187 | center_loss: 0.0228 | total_loss: 4.6349
2025-05-27 16:34:47,828 - transvg_20250527_145759 - INFO - Epoch 27, Batch 1150/1696, Loss: 4.3501
2025-05-27 16:34:47,828 - transvg_20250527_145759 - INFO - Train metrics: l1_loss: 0.4640 | giou_loss: 1.0048 | center_loss: 0.0204 | total_loss: 4.3501
2025-05-27 16:35:56,209 - transvg_20250527_145759 - INFO - Epoch 27, Batch 1200/1696, Loss: 3.9492
2025-05-27 16:35:56,209 - transvg_20250527_145759 - INFO - Train metrics: l1_loss: 0.4519 | giou_loss: 0.8389 | center_loss: 0.0117 | total_loss: 3.9492
2025-05-27 16:37:05,181 - transvg_20250527_145759 - INFO - Epoch 27, Batch 1250/1696, Loss: 3.2806
2025-05-27 16:37:05,181 - transvg_20250527_145759 - INFO - Train metrics: l1_loss: 0.3176 | giou_loss: 0.8425 | center_loss: 0.0077 | total_loss: 3.2806
2025-05-27 16:38:14,328 - transvg_20250527_145759 - INFO - Epoch 27, Batch 1300/1696, Loss: 4.6793
2025-05-27 16:38:14,328 - transvg_20250527_145759 - INFO - Train metrics: l1_loss: 0.4849 | giou_loss: 1.1183 | center_loss: 0.0180 | total_loss: 4.6793
2025-05-27 16:39:23,154 - transvg_20250527_145759 - INFO - Epoch 27, Batch 1350/1696, Loss: 4.0358
2025-05-27 16:39:23,154 - transvg_20250527_145759 - INFO - Train metrics: l1_loss: 0.4514 | giou_loss: 0.8786 | center_loss: 0.0214 | total_loss: 4.0358
2025-05-27 16:40:32,327 - transvg_20250527_145759 - INFO - Epoch 27, Batch 1400/1696, Loss: 3.1679
2025-05-27 16:40:32,327 - transvg_20250527_145759 - INFO - Train metrics: l1_loss: 0.3025 | giou_loss: 0.8252 | center_loss: 0.0050 | total_loss: 3.1679
2025-05-27 16:41:41,378 - transvg_20250527_145759 - INFO - Epoch 27, Batch 1450/1696, Loss: 4.4150
2025-05-27 16:41:41,378 - transvg_20250527_145759 - INFO - Train metrics: l1_loss: 0.4955 | giou_loss: 0.9565 | center_loss: 0.0244 | total_loss: 4.4150
2025-05-27 16:42:50,731 - transvg_20250527_145759 - INFO - Epoch 27, Batch 1500/1696, Loss: 4.0120
2025-05-27 16:42:50,731 - transvg_20250527_145759 - INFO - Train metrics: l1_loss: 0.4501 | giou_loss: 0.8709 | center_loss: 0.0200 | total_loss: 4.0120
2025-05-27 16:43:59,923 - transvg_20250527_145759 - INFO - Epoch 27, Batch 1550/1696, Loss: 4.9027
2025-05-27 16:43:59,923 - transvg_20250527_145759 - INFO - Train metrics: l1_loss: 0.5525 | giou_loss: 1.0572 | center_loss: 0.0256 | total_loss: 4.9027
2025-05-27 16:45:09,172 - transvg_20250527_145759 - INFO - Epoch 27, Batch 1600/1696, Loss: 3.7888
2025-05-27 16:45:09,172 - transvg_20250527_145759 - INFO - Train metrics: l1_loss: 0.3934 | giou_loss: 0.9062 | center_loss: 0.0094 | total_loss: 3.7888
2025-05-27 16:46:18,138 - transvg_20250527_145759 - INFO - Epoch 27, Batch 1650/1696, Loss: 3.8565
2025-05-27 16:46:18,138 - transvg_20250527_145759 - INFO - Train metrics: l1_loss: 0.4046 | giou_loss: 0.9092 | center_loss: 0.0148 | total_loss: 3.8565
2025-05-27 16:47:20,442 - transvg_20250527_145759 - INFO - Train Epoch 27, Loss: 3.8606
2025-05-27 16:49:19,823 - transvg_20250527_145759 - INFO - Pred box sample: [74.112060546875, 73.4930419921875, 246.98448181152344, 248.3868865966797]
2025-05-27 16:49:19,824 - transvg_20250527_145759 - INFO - Target box sample: [207.0, 198.0, 287.0, 283.0]
2025-05-27 16:49:19,895 - transvg_20250527_145759 - INFO - Validation Epoch 27, Loss: 4.6207
2025-05-27 16:49:19,895 - transvg_20250527_145759 - INFO - Val metrics: Acc@0.25: 0.3163 | Acc@0.5: 0.1155 | Acc@0.75: 0.0154 | mIoU: 0.1818 | medianIoU: 0.0815 | mae_x1: 101.4388 | mae_y1: 103.5082 | mae_x2: 105.1226 | mae_y2: 100.0890 | center_x_error: 88.2250 | center_y_error: 85.2377 | width_error: 2.3875 | height_error: 2.3352 | loss: 4.6207
2025-05-27 16:49:20,754 - transvg_20250527_145759 - INFO - Saved model checkpoint to /home/pokle/Trans-VG/visual_grounding/checkpoints/transvg_20250527_145759_epoch27.pth
2025-05-27 16:49:20,755 - transvg_20250527_145759 - INFO - Epoch 28/200
2025-05-27 16:49:23,359 - transvg_20250527_145759 - INFO - Epoch 28, Batch 0/1696, Loss: 4.2239
2025-05-27 16:49:23,359 - transvg_20250527_145759 - INFO - Train metrics: l1_loss: 0.4610 | giou_loss: 0.9483 | center_loss: 0.0222 | total_loss: 4.2239
2025-05-27 16:50:32,742 - transvg_20250527_145759 - INFO - Epoch 28, Batch 50/1696, Loss: 4.0674
2025-05-27 16:50:32,742 - transvg_20250527_145759 - INFO - Train metrics: l1_loss: 0.4343 | giou_loss: 0.9380 | center_loss: 0.0200 | total_loss: 4.0674
2025-05-27 16:51:42,327 - transvg_20250527_145759 - INFO - Epoch 28, Batch 100/1696, Loss: 2.5417
2025-05-27 16:51:42,327 - transvg_20250527_145759 - INFO - Train metrics: l1_loss: 0.2506 | giou_loss: 0.6424 | center_loss: 0.0041 | total_loss: 2.5417
2025-05-27 16:52:51,823 - transvg_20250527_145759 - INFO - Epoch 28, Batch 150/1696, Loss: 4.0700
2025-05-27 16:52:51,824 - transvg_20250527_145759 - INFO - Train metrics: l1_loss: 0.4226 | giou_loss: 0.9720 | center_loss: 0.0128 | total_loss: 4.0700
2025-05-27 16:54:01,576 - transvg_20250527_145759 - INFO - Epoch 28, Batch 200/1696, Loss: 3.2795
2025-05-27 16:54:01,576 - transvg_20250527_145759 - INFO - Train metrics: l1_loss: 0.3245 | giou_loss: 0.8249 | center_loss: 0.0075 | total_loss: 3.2795
2025-05-27 16:55:11,169 - transvg_20250527_145759 - INFO - Epoch 28, Batch 250/1696, Loss: 3.2403
2025-05-27 16:55:11,169 - transvg_20250527_145759 - INFO - Train metrics: l1_loss: 0.3331 | giou_loss: 0.7820 | center_loss: 0.0110 | total_loss: 3.2403
2025-05-27 16:56:20,692 - transvg_20250527_145759 - INFO - Epoch 28, Batch 300/1696, Loss: 4.3787
2025-05-27 16:56:20,692 - transvg_20250527_145759 - INFO - Train metrics: l1_loss: 0.4772 | giou_loss: 0.9842 | center_loss: 0.0244 | total_loss: 4.3787
2025-05-27 16:57:30,068 - transvg_20250527_145759 - INFO - Epoch 28, Batch 350/1696, Loss: 4.1922
2025-05-27 16:57:30,068 - transvg_20250527_145759 - INFO - Train metrics: l1_loss: 0.4451 | giou_loss: 0.9720 | center_loss: 0.0225 | total_loss: 4.1922
2025-05-27 16:58:39,688 - transvg_20250527_145759 - INFO - Epoch 28, Batch 400/1696, Loss: 3.5082
2025-05-27 16:58:39,688 - transvg_20250527_145759 - INFO - Train metrics: l1_loss: 0.3414 | giou_loss: 0.8971 | center_loss: 0.0067 | total_loss: 3.5082
2025-05-27 16:59:48,985 - transvg_20250527_145759 - INFO - Epoch 28, Batch 450/1696, Loss: 3.5831
2025-05-27 16:59:48,985 - transvg_20250527_145759 - INFO - Train metrics: l1_loss: 0.3920 | giou_loss: 0.8086 | center_loss: 0.0061 | total_loss: 3.5831
2025-05-27 17:00:58,694 - transvg_20250527_145759 - INFO - Epoch 28, Batch 500/1696, Loss: 3.9852
2025-05-27 17:00:58,694 - transvg_20250527_145759 - INFO - Train metrics: l1_loss: 0.4170 | giou_loss: 0.9426 | center_loss: 0.0150 | total_loss: 3.9852
2025-05-27 17:02:07,783 - transvg_20250527_145759 - INFO - Epoch 28, Batch 550/1696, Loss: 3.5998
2025-05-27 17:02:07,783 - transvg_20250527_145759 - INFO - Train metrics: l1_loss: 0.3893 | giou_loss: 0.8211 | center_loss: 0.0113 | total_loss: 3.5998
2025-05-27 17:03:17,444 - transvg_20250527_145759 - INFO - Epoch 28, Batch 600/1696, Loss: 4.3923
2025-05-27 17:03:17,444 - transvg_20250527_145759 - INFO - Train metrics: l1_loss: 0.4902 | giou_loss: 0.9605 | center_loss: 0.0204 | total_loss: 4.3923
2025-05-27 17:04:27,241 - transvg_20250527_145759 - INFO - Epoch 28, Batch 650/1696, Loss: 3.9010
2025-05-27 17:04:27,241 - transvg_20250527_145759 - INFO - Train metrics: l1_loss: 0.4288 | giou_loss: 0.8712 | center_loss: 0.0144 | total_loss: 3.9010
2025-05-27 17:05:36,609 - transvg_20250527_145759 - INFO - Epoch 28, Batch 700/1696, Loss: 3.6505
2025-05-27 17:05:36,609 - transvg_20250527_145759 - INFO - Train metrics: l1_loss: 0.3784 | giou_loss: 0.8761 | center_loss: 0.0065 | total_loss: 3.6505
2025-05-27 17:06:46,013 - transvg_20250527_145759 - INFO - Epoch 28, Batch 750/1696, Loss: 3.7063
2025-05-27 17:06:46,013 - transvg_20250527_145759 - INFO - Train metrics: l1_loss: 0.3420 | giou_loss: 0.9930 | center_loss: 0.0104 | total_loss: 3.7063
2025-05-27 17:07:54,863 - transvg_20250527_145759 - INFO - Epoch 28, Batch 800/1696, Loss: 4.0624
2025-05-27 17:07:54,863 - transvg_20250527_145759 - INFO - Train metrics: l1_loss: 0.4194 | giou_loss: 0.9760 | center_loss: 0.0134 | total_loss: 4.0624
2025-05-27 17:09:04,606 - transvg_20250527_145759 - INFO - Epoch 28, Batch 850/1696, Loss: 3.3427
2025-05-27 17:09:04,606 - transvg_20250527_145759 - INFO - Train metrics: l1_loss: 0.3370 | giou_loss: 0.8253 | center_loss: 0.0069 | total_loss: 3.3427
2025-05-27 17:10:13,697 - transvg_20250527_145759 - INFO - Epoch 28, Batch 900/1696, Loss: 3.8175
2025-05-27 17:10:13,697 - transvg_20250527_145759 - INFO - Train metrics: l1_loss: 0.4003 | giou_loss: 0.9018 | center_loss: 0.0124 | total_loss: 3.8175
2025-05-27 17:11:23,257 - transvg_20250527_145759 - INFO - Epoch 28, Batch 950/1696, Loss: 2.5697
2025-05-27 17:11:23,257 - transvg_20250527_145759 - INFO - Train metrics: l1_loss: 0.2508 | giou_loss: 0.6558 | center_loss: 0.0041 | total_loss: 2.5697
2025-05-27 17:12:32,203 - transvg_20250527_145759 - INFO - Epoch 28, Batch 1000/1696, Loss: 4.2303
2025-05-27 17:12:32,203 - transvg_20250527_145759 - INFO - Train metrics: l1_loss: 0.4413 | giou_loss: 1.0005 | center_loss: 0.0229 | total_loss: 4.2303
2025-05-27 17:13:42,086 - transvg_20250527_145759 - INFO - Epoch 28, Batch 1050/1696, Loss: 4.5572
2025-05-27 17:13:42,086 - transvg_20250527_145759 - INFO - Train metrics: l1_loss: 0.4737 | giou_loss: 1.0843 | center_loss: 0.0200 | total_loss: 4.5572
2025-05-27 17:14:51,674 - transvg_20250527_145759 - INFO - Epoch 28, Batch 1100/1696, Loss: 4.0051
2025-05-27 17:14:51,675 - transvg_20250527_145759 - INFO - Train metrics: l1_loss: 0.4183 | giou_loss: 0.9494 | center_loss: 0.0144 | total_loss: 4.0051
2025-05-27 17:16:01,648 - transvg_20250527_145759 - INFO - Epoch 28, Batch 1150/1696, Loss: 3.7303
2025-05-27 17:16:01,648 - transvg_20250527_145759 - INFO - Train metrics: l1_loss: 0.4022 | giou_loss: 0.8522 | center_loss: 0.0148 | total_loss: 3.7303
2025-05-27 17:17:10,857 - transvg_20250527_145759 - INFO - Epoch 28, Batch 1200/1696, Loss: 4.4754
2025-05-27 17:17:10,858 - transvg_20250527_145759 - INFO - Train metrics: l1_loss: 0.4875 | giou_loss: 1.0079 | center_loss: 0.0220 | total_loss: 4.4754
2025-05-27 17:18:20,168 - transvg_20250527_145759 - INFO - Epoch 28, Batch 1250/1696, Loss: 3.4655
2025-05-27 17:18:20,168 - transvg_20250527_145759 - INFO - Train metrics: l1_loss: 0.3500 | giou_loss: 0.8543 | center_loss: 0.0071 | total_loss: 3.4655
2025-05-27 17:19:30,056 - transvg_20250527_145759 - INFO - Epoch 28, Batch 1300/1696, Loss: 4.2945
2025-05-27 17:19:30,057 - transvg_20250527_145759 - INFO - Train metrics: l1_loss: 0.4848 | giou_loss: 0.9268 | center_loss: 0.0170 | total_loss: 4.2945
2025-05-27 17:20:39,191 - transvg_20250527_145759 - INFO - Epoch 28, Batch 1350/1696, Loss: 3.9292
2025-05-27 17:20:39,191 - transvg_20250527_145759 - INFO - Train metrics: l1_loss: 0.4158 | giou_loss: 0.9153 | center_loss: 0.0197 | total_loss: 3.9292
2025-05-27 17:21:47,996 - transvg_20250527_145759 - INFO - Epoch 28, Batch 1400/1696, Loss: 3.8185
2025-05-27 17:21:47,997 - transvg_20250527_145759 - INFO - Train metrics: l1_loss: 0.3888 | giou_loss: 0.9319 | center_loss: 0.0108 | total_loss: 3.8185
2025-05-27 17:22:57,819 - transvg_20250527_145759 - INFO - Epoch 28, Batch 1450/1696, Loss: 3.7745
2025-05-27 17:22:57,819 - transvg_20250527_145759 - INFO - Train metrics: l1_loss: 0.4157 | giou_loss: 0.8398 | center_loss: 0.0166 | total_loss: 3.7745
2025-05-27 17:24:06,823 - transvg_20250527_145759 - INFO - Epoch 28, Batch 1500/1696, Loss: 3.9620
2025-05-27 17:24:06,823 - transvg_20250527_145759 - INFO - Train metrics: l1_loss: 0.4182 | giou_loss: 0.9259 | center_loss: 0.0194 | total_loss: 3.9620
2025-05-27 17:25:16,443 - transvg_20250527_145759 - INFO - Epoch 28, Batch 1550/1696, Loss: 3.5741
2025-05-27 17:25:16,443 - transvg_20250527_145759 - INFO - Train metrics: l1_loss: 0.3781 | giou_loss: 0.8360 | center_loss: 0.0118 | total_loss: 3.5741
2025-05-27 17:26:25,777 - transvg_20250527_145759 - INFO - Epoch 28, Batch 1600/1696, Loss: 4.4631
2025-05-27 17:26:25,777 - transvg_20250527_145759 - INFO - Train metrics: l1_loss: 0.5132 | giou_loss: 0.9386 | center_loss: 0.0201 | total_loss: 4.4631
2025-05-27 17:27:34,972 - transvg_20250527_145759 - INFO - Epoch 28, Batch 1650/1696, Loss: 4.5500
2025-05-27 17:27:34,972 - transvg_20250527_145759 - INFO - Train metrics: l1_loss: 0.5036 | giou_loss: 1.0041 | center_loss: 0.0241 | total_loss: 4.5500
2025-05-27 17:28:37,494 - transvg_20250527_145759 - INFO - Train Epoch 28, Loss: 3.8421
2025-05-27 17:30:37,131 - transvg_20250527_145759 - INFO - Pred box sample: [90.11277770996094, 103.11686706542969, 260.85906982421875, 261.6575622558594]
2025-05-27 17:30:37,131 - transvg_20250527_145759 - INFO - Target box sample: [207.0, 198.0, 287.0, 283.0]
2025-05-27 17:30:37,220 - transvg_20250527_145759 - INFO - Validation Epoch 28, Loss: 4.5892
2025-05-27 17:30:37,220 - transvg_20250527_145759 - INFO - Val metrics: Acc@0.25: 0.3195 | Acc@0.5: 0.1158 | Acc@0.75: 0.0159 | mIoU: 0.1829 | medianIoU: 0.0843 | mae_x1: 101.2629 | mae_y1: 100.2595 | mae_x2: 102.4776 | mae_y2: 98.6867 | center_x_error: 87.5394 | center_y_error: 84.6965 | width_error: 2.2391 | height_error: 2.1843 | loss: 4.5892
2025-05-27 17:30:38,111 - transvg_20250527_145759 - INFO - Saved model checkpoint to /home/pokle/Trans-VG/visual_grounding/checkpoints/transvg_20250527_145759_epoch28.pth
2025-05-27 17:30:38,112 - transvg_20250527_145759 - INFO - Epoch 29/200
2025-05-27 17:30:40,764 - transvg_20250527_145759 - INFO - Epoch 29, Batch 0/1696, Loss: 4.4518
2025-05-27 17:30:40,764 - transvg_20250527_145759 - INFO - Train metrics: l1_loss: 0.4776 | giou_loss: 1.0214 | center_loss: 0.0209 | total_loss: 4.4518
2025-05-27 17:31:50,400 - transvg_20250527_145759 - INFO - Epoch 29, Batch 50/1696, Loss: 3.0795
2025-05-27 17:31:50,400 - transvg_20250527_145759 - INFO - Train metrics: l1_loss: 0.3130 | giou_loss: 0.7539 | center_loss: 0.0066 | total_loss: 3.0795
2025-05-27 17:32:59,341 - transvg_20250527_145759 - INFO - Epoch 29, Batch 100/1696, Loss: 3.9990
2025-05-27 17:32:59,341 - transvg_20250527_145759 - INFO - Train metrics: l1_loss: 0.4028 | giou_loss: 0.9870 | center_loss: 0.0109 | total_loss: 3.9990
2025-05-27 17:34:09,179 - transvg_20250527_145759 - INFO - Epoch 29, Batch 150/1696, Loss: 4.1664
2025-05-27 17:34:09,179 - transvg_20250527_145759 - INFO - Train metrics: l1_loss: 0.4384 | giou_loss: 0.9792 | center_loss: 0.0161 | total_loss: 4.1664
2025-05-27 17:35:18,690 - transvg_20250527_145759 - INFO - Epoch 29, Batch 200/1696, Loss: 4.2901
2025-05-27 17:35:18,690 - transvg_20250527_145759 - INFO - Train metrics: l1_loss: 0.4670 | giou_loss: 0.9685 | center_loss: 0.0179 | total_loss: 4.2901
2025-05-27 17:36:28,113 - transvg_20250527_145759 - INFO - Epoch 29, Batch 250/1696, Loss: 4.3368
2025-05-27 17:36:28,113 - transvg_20250527_145759 - INFO - Train metrics: l1_loss: 0.4621 | giou_loss: 1.0032 | center_loss: 0.0198 | total_loss: 4.3368
2025-05-27 17:37:37,035 - transvg_20250527_145759 - INFO - Epoch 29, Batch 300/1696, Loss: 3.8444
2025-05-27 17:37:37,035 - transvg_20250527_145759 - INFO - Train metrics: l1_loss: 0.3739 | giou_loss: 0.9830 | center_loss: 0.0091 | total_loss: 3.8444
2025-05-27 17:38:46,055 - transvg_20250527_145759 - INFO - Epoch 29, Batch 350/1696, Loss: 4.0288
2025-05-27 17:38:46,056 - transvg_20250527_145759 - INFO - Train metrics: l1_loss: 0.4149 | giou_loss: 0.9705 | center_loss: 0.0134 | total_loss: 4.0288
2025-05-27 17:39:55,765 - transvg_20250527_145759 - INFO - Epoch 29, Batch 400/1696, Loss: 3.7467
2025-05-27 17:39:55,765 - transvg_20250527_145759 - INFO - Train metrics: l1_loss: 0.3435 | giou_loss: 1.0102 | center_loss: 0.0085 | total_loss: 3.7467
2025-05-27 17:41:05,290 - transvg_20250527_145759 - INFO - Epoch 29, Batch 450/1696, Loss: 3.3564
2025-05-27 17:41:05,291 - transvg_20250527_145759 - INFO - Train metrics: l1_loss: 0.3478 | giou_loss: 0.8018 | center_loss: 0.0135 | total_loss: 3.3564
2025-05-27 17:42:14,545 - transvg_20250527_145759 - INFO - Epoch 29, Batch 500/1696, Loss: 3.8736
2025-05-27 17:42:14,545 - transvg_20250527_145759 - INFO - Train metrics: l1_loss: 0.4007 | giou_loss: 0.9270 | center_loss: 0.0160 | total_loss: 3.8736
2025-05-27 17:43:24,042 - transvg_20250527_145759 - INFO - Epoch 29, Batch 550/1696, Loss: 3.8002
2025-05-27 17:43:24,042 - transvg_20250527_145759 - INFO - Train metrics: l1_loss: 0.4254 | giou_loss: 0.8324 | center_loss: 0.0084 | total_loss: 3.8002
2025-05-27 17:44:33,018 - transvg_20250527_145759 - INFO - Epoch 29, Batch 600/1696, Loss: 3.5913
2025-05-27 17:44:33,018 - transvg_20250527_145759 - INFO - Train metrics: l1_loss: 0.3753 | giou_loss: 0.8525 | center_loss: 0.0100 | total_loss: 3.5913
2025-05-27 17:45:42,284 - transvg_20250527_145759 - INFO - Epoch 29, Batch 650/1696, Loss: 3.7684
2025-05-27 17:45:42,284 - transvg_20250527_145759 - INFO - Train metrics: l1_loss: 0.3789 | giou_loss: 0.9296 | center_loss: 0.0147 | total_loss: 3.7684
2025-05-27 17:46:51,915 - transvg_20250527_145759 - INFO - Epoch 29, Batch 700/1696, Loss: 3.6799
2025-05-27 17:46:51,915 - transvg_20250527_145759 - INFO - Train metrics: l1_loss: 0.3876 | giou_loss: 0.8666 | center_loss: 0.0084 | total_loss: 3.6799
2025-05-27 17:48:01,454 - transvg_20250527_145759 - INFO - Epoch 29, Batch 750/1696, Loss: 3.7073
2025-05-27 17:48:01,454 - transvg_20250527_145759 - INFO - Train metrics: l1_loss: 0.3834 | giou_loss: 0.8897 | center_loss: 0.0107 | total_loss: 3.7073
2025-05-27 17:49:11,122 - transvg_20250527_145759 - INFO - Epoch 29, Batch 800/1696, Loss: 4.4270
2025-05-27 17:49:11,122 - transvg_20250527_145759 - INFO - Train metrics: l1_loss: 0.4528 | giou_loss: 1.0710 | center_loss: 0.0211 | total_loss: 4.4270
2025-05-27 17:50:20,420 - transvg_20250527_145759 - INFO - Epoch 29, Batch 850/1696, Loss: 3.4693
2025-05-27 17:50:20,420 - transvg_20250527_145759 - INFO - Train metrics: l1_loss: 0.3561 | giou_loss: 0.8396 | center_loss: 0.0094 | total_loss: 3.4693
2025-05-27 17:51:29,936 - transvg_20250527_145759 - INFO - Epoch 29, Batch 900/1696, Loss: 3.4740
2025-05-27 17:51:29,936 - transvg_20250527_145759 - INFO - Train metrics: l1_loss: 0.3557 | giou_loss: 0.8406 | center_loss: 0.0143 | total_loss: 3.4740
2025-05-27 17:52:38,788 - transvg_20250527_145759 - INFO - Epoch 29, Batch 950/1696, Loss: 3.5073
2025-05-27 17:52:38,789 - transvg_20250527_145759 - INFO - Train metrics: l1_loss: 0.3345 | giou_loss: 0.9139 | center_loss: 0.0068 | total_loss: 3.5073
2025-05-27 17:53:48,015 - transvg_20250527_145759 - INFO - Epoch 29, Batch 1000/1696, Loss: 2.9123
2025-05-27 17:53:48,015 - transvg_20250527_145759 - INFO - Train metrics: l1_loss: 0.2993 | giou_loss: 0.7042 | center_loss: 0.0075 | total_loss: 2.9123
2025-05-27 17:54:57,303 - transvg_20250527_145759 - INFO - Epoch 29, Batch 1050/1696, Loss: 3.6264
2025-05-27 17:54:57,303 - transvg_20250527_145759 - INFO - Train metrics: l1_loss: 0.3828 | giou_loss: 0.8509 | center_loss: 0.0108 | total_loss: 3.6264
2025-05-27 17:56:06,620 - transvg_20250527_145759 - INFO - Epoch 29, Batch 1100/1696, Loss: 4.8002
2025-05-27 17:56:06,620 - transvg_20250527_145759 - INFO - Train metrics: l1_loss: 0.5414 | giou_loss: 1.0292 | center_loss: 0.0348 | total_loss: 4.8002
2025-05-27 17:57:15,952 - transvg_20250527_145759 - INFO - Epoch 29, Batch 1150/1696, Loss: 3.5197
2025-05-27 17:57:15,952 - transvg_20250527_145759 - INFO - Train metrics: l1_loss: 0.3783 | giou_loss: 0.8084 | center_loss: 0.0115 | total_loss: 3.5197
2025-05-27 17:58:25,589 - transvg_20250527_145759 - INFO - Epoch 29, Batch 1200/1696, Loss: 4.4272
2025-05-27 17:58:25,589 - transvg_20250527_145759 - INFO - Train metrics: l1_loss: 0.4659 | giou_loss: 1.0408 | center_loss: 0.0159 | total_loss: 4.4272
2025-05-27 17:59:35,168 - transvg_20250527_145759 - INFO - Epoch 29, Batch 1250/1696, Loss: 4.3019
2025-05-27 17:59:35,168 - transvg_20250527_145759 - INFO - Train metrics: l1_loss: 0.4527 | giou_loss: 1.0087 | center_loss: 0.0213 | total_loss: 4.3019
2025-05-27 18:00:45,063 - transvg_20250527_145759 - INFO - Epoch 29, Batch 1300/1696, Loss: 4.9219
2025-05-27 18:00:45,064 - transvg_20250527_145759 - INFO - Train metrics: l1_loss: 0.5360 | giou_loss: 1.1060 | center_loss: 0.0297 | total_loss: 4.9219
2025-05-27 18:01:54,679 - transvg_20250527_145759 - INFO - Epoch 29, Batch 1350/1696, Loss: 3.4302
2025-05-27 18:01:54,679 - transvg_20250527_145759 - INFO - Train metrics: l1_loss: 0.3496 | giou_loss: 0.8381 | center_loss: 0.0059 | total_loss: 3.4302
2025-05-27 18:03:04,117 - transvg_20250527_145759 - INFO - Epoch 29, Batch 1400/1696, Loss: 3.0307
2025-05-27 18:03:04,117 - transvg_20250527_145759 - INFO - Train metrics: l1_loss: 0.3144 | giou_loss: 0.7250 | center_loss: 0.0088 | total_loss: 3.0307
2025-05-27 18:04:13,640 - transvg_20250527_145759 - INFO - Epoch 29, Batch 1450/1696, Loss: 3.1222
2025-05-27 18:04:13,640 - transvg_20250527_145759 - INFO - Train metrics: l1_loss: 0.3094 | giou_loss: 0.7850 | center_loss: 0.0051 | total_loss: 3.1222
2025-05-27 18:05:23,311 - transvg_20250527_145759 - INFO - Epoch 29, Batch 1500/1696, Loss: 3.3962
2025-05-27 18:05:23,311 - transvg_20250527_145759 - INFO - Train metrics: l1_loss: 0.3334 | giou_loss: 0.8606 | center_loss: 0.0082 | total_loss: 3.3962
2025-05-27 18:06:32,677 - transvg_20250527_145759 - INFO - Epoch 29, Batch 1550/1696, Loss: 3.4685
2025-05-27 18:06:32,677 - transvg_20250527_145759 - INFO - Train metrics: l1_loss: 0.3932 | giou_loss: 0.7422 | center_loss: 0.0181 | total_loss: 3.4685
2025-05-27 18:07:42,206 - transvg_20250527_145759 - INFO - Epoch 29, Batch 1600/1696, Loss: 4.3844
2025-05-27 18:07:42,207 - transvg_20250527_145759 - INFO - Train metrics: l1_loss: 0.4810 | giou_loss: 0.9799 | center_loss: 0.0197 | total_loss: 4.3844
2025-05-27 18:08:51,855 - transvg_20250527_145759 - INFO - Epoch 29, Batch 1650/1696, Loss: 3.7481
2025-05-27 18:08:51,856 - transvg_20250527_145759 - INFO - Train metrics: l1_loss: 0.3684 | giou_loss: 0.9478 | center_loss: 0.0103 | total_loss: 3.7481
2025-05-27 18:09:54,264 - transvg_20250527_145759 - INFO - Train Epoch 29, Loss: 3.8168
2025-05-27 18:11:53,675 - transvg_20250527_145759 - INFO - Pred box sample: [94.88175201416016, 104.16153717041016, 291.9371032714844, 274.7912292480469]
2025-05-27 18:11:53,676 - transvg_20250527_145759 - INFO - Target box sample: [207.0, 198.0, 287.0, 283.0]
2025-05-27 18:11:53,748 - transvg_20250527_145759 - INFO - Validation Epoch 29, Loss: 4.5635
2025-05-27 18:11:53,749 - transvg_20250527_145759 - INFO - Val metrics: Acc@0.25: 0.3270 | Acc@0.5: 0.1174 | Acc@0.75: 0.0149 | mIoU: 0.1864 | medianIoU: 0.0886 | mae_x1: 101.7417 | mae_y1: 98.7685 | mae_x2: 104.0193 | mae_y2: 99.1940 | center_x_error: 87.6021 | center_y_error: 83.3789 | width_error: 2.3758 | height_error: 2.3077 | loss: 4.5635
2025-05-27 18:11:54,604 - transvg_20250527_145759 - INFO - Saved model checkpoint to /home/pokle/Trans-VG/visual_grounding/checkpoints/transvg_20250527_145759_epoch29.pth
2025-05-27 18:11:54,605 - transvg_20250527_145759 - INFO - Epoch 30/200
2025-05-27 18:11:57,188 - transvg_20250527_145759 - INFO - Epoch 30, Batch 0/1696, Loss: 4.6429
2025-05-27 18:11:57,189 - transvg_20250527_145759 - INFO - Train metrics: l1_loss: 0.5038 | giou_loss: 1.0500 | center_loss: 0.0239 | total_loss: 4.6429
2025-05-27 18:13:06,580 - transvg_20250527_145759 - INFO - Epoch 30, Batch 50/1696, Loss: 3.5553
2025-05-27 18:13:06,581 - transvg_20250527_145759 - INFO - Train metrics: l1_loss: 0.3618 | giou_loss: 0.8698 | center_loss: 0.0070 | total_loss: 3.5553
2025-05-27 18:14:16,535 - transvg_20250527_145759 - INFO - Epoch 30, Batch 100/1696, Loss: 3.9549
2025-05-27 18:14:16,535 - transvg_20250527_145759 - INFO - Train metrics: l1_loss: 0.4505 | giou_loss: 0.8416 | center_loss: 0.0191 | total_loss: 3.9549
2025-05-27 18:15:25,881 - transvg_20250527_145759 - INFO - Epoch 30, Batch 150/1696, Loss: 4.3332
2025-05-27 18:15:25,881 - transvg_20250527_145759 - INFO - Train metrics: l1_loss: 0.4565 | giou_loss: 1.0131 | center_loss: 0.0247 | total_loss: 4.3332
2025-05-27 18:16:35,103 - transvg_20250527_145759 - INFO - Epoch 30, Batch 200/1696, Loss: 3.7607
2025-05-27 18:16:35,103 - transvg_20250527_145759 - INFO - Train metrics: l1_loss: 0.3825 | giou_loss: 0.9176 | center_loss: 0.0131 | total_loss: 3.7607
2025-05-27 18:17:44,684 - transvg_20250527_145759 - INFO - Epoch 30, Batch 250/1696, Loss: 3.5520
2025-05-27 18:17:44,684 - transvg_20250527_145759 - INFO - Train metrics: l1_loss: 0.3186 | giou_loss: 0.9756 | center_loss: 0.0078 | total_loss: 3.5520
2025-05-27 18:18:53,947 - transvg_20250527_145759 - INFO - Epoch 30, Batch 300/1696, Loss: 4.1398
2025-05-27 18:18:53,947 - transvg_20250527_145759 - INFO - Train metrics: l1_loss: 0.4308 | giou_loss: 0.9844 | center_loss: 0.0170 | total_loss: 4.1398
2025-05-27 18:20:02,922 - transvg_20250527_145759 - INFO - Epoch 30, Batch 350/1696, Loss: 3.2709
2025-05-27 18:20:02,922 - transvg_20250527_145759 - INFO - Train metrics: l1_loss: 0.2987 | giou_loss: 0.8861 | center_loss: 0.0052 | total_loss: 3.2709
2025-05-27 18:21:12,332 - transvg_20250527_145759 - INFO - Epoch 30, Batch 400/1696, Loss: 3.4761
2025-05-27 18:21:12,332 - transvg_20250527_145759 - INFO - Train metrics: l1_loss: 0.3468 | giou_loss: 0.8669 | center_loss: 0.0084 | total_loss: 3.4761
2025-05-27 18:22:22,189 - transvg_20250527_145759 - INFO - Epoch 30, Batch 450/1696, Loss: 3.2792
2025-05-27 18:22:22,189 - transvg_20250527_145759 - INFO - Train metrics: l1_loss: 0.3390 | giou_loss: 0.7885 | center_loss: 0.0073 | total_loss: 3.2792
2025-05-27 18:23:31,788 - transvg_20250527_145759 - INFO - Epoch 30, Batch 500/1696, Loss: 3.5032
2025-05-27 18:23:31,788 - transvg_20250527_145759 - INFO - Train metrics: l1_loss: 0.3379 | giou_loss: 0.9021 | center_loss: 0.0095 | total_loss: 3.5032
2025-05-27 18:24:40,877 - transvg_20250527_145759 - INFO - Epoch 30, Batch 550/1696, Loss: 4.2096
2025-05-27 18:24:40,877 - transvg_20250527_145759 - INFO - Train metrics: l1_loss: 0.4197 | giou_loss: 1.0484 | center_loss: 0.0144 | total_loss: 4.2096
2025-05-27 18:25:50,551 - transvg_20250527_145759 - INFO - Epoch 30, Batch 600/1696, Loss: 4.2625
2025-05-27 18:25:50,551 - transvg_20250527_145759 - INFO - Train metrics: l1_loss: 0.4442 | giou_loss: 1.0126 | center_loss: 0.0161 | total_loss: 4.2625
2025-05-27 18:26:59,893 - transvg_20250527_145759 - INFO - Epoch 30, Batch 650/1696, Loss: 3.7104
2025-05-27 18:26:59,893 - transvg_20250527_145759 - INFO - Train metrics: l1_loss: 0.4036 | giou_loss: 0.8376 | center_loss: 0.0172 | total_loss: 3.7104
2025-05-27 18:28:09,441 - transvg_20250527_145759 - INFO - Epoch 30, Batch 700/1696, Loss: 3.4497
2025-05-27 18:28:09,441 - transvg_20250527_145759 - INFO - Train metrics: l1_loss: 0.3350 | giou_loss: 0.8831 | center_loss: 0.0086 | total_loss: 3.4497
2025-05-27 18:29:19,532 - transvg_20250527_145759 - INFO - Epoch 30, Batch 750/1696, Loss: 3.3990
2025-05-27 18:29:19,532 - transvg_20250527_145759 - INFO - Train metrics: l1_loss: 0.3460 | giou_loss: 0.8311 | center_loss: 0.0066 | total_loss: 3.3990
2025-05-27 18:30:28,810 - transvg_20250527_145759 - INFO - Epoch 30, Batch 800/1696, Loss: 4.1319
2025-05-27 18:30:28,810 - transvg_20250527_145759 - INFO - Train metrics: l1_loss: 0.4484 | giou_loss: 0.9335 | center_loss: 0.0227 | total_loss: 4.1319
2025-05-27 18:31:38,444 - transvg_20250527_145759 - INFO - Epoch 30, Batch 850/1696, Loss: 3.0803
2025-05-27 18:31:38,444 - transvg_20250527_145759 - INFO - Train metrics: l1_loss: 0.3116 | giou_loss: 0.7581 | center_loss: 0.0059 | total_loss: 3.0803
2025-05-27 18:32:47,494 - transvg_20250527_145759 - INFO - Epoch 30, Batch 900/1696, Loss: 3.6023
2025-05-27 18:32:47,494 - transvg_20250527_145759 - INFO - Train metrics: l1_loss: 0.3478 | giou_loss: 0.9270 | center_loss: 0.0092 | total_loss: 3.6023
2025-05-27 18:33:57,021 - transvg_20250527_145759 - INFO - Epoch 30, Batch 950/1696, Loss: 3.5467
2025-05-27 18:33:57,021 - transvg_20250527_145759 - INFO - Train metrics: l1_loss: 0.3584 | giou_loss: 0.8736 | center_loss: 0.0076 | total_loss: 3.5467
2025-05-27 18:35:06,276 - transvg_20250527_145759 - INFO - Epoch 30, Batch 1000/1696, Loss: 4.0186
2025-05-27 18:35:06,276 - transvg_20250527_145759 - INFO - Train metrics: l1_loss: 0.4436 | giou_loss: 0.8907 | center_loss: 0.0191 | total_loss: 4.0186
2025-05-27 18:36:16,038 - transvg_20250527_145759 - INFO - Epoch 30, Batch 1050/1696, Loss: 3.9300
2025-05-27 18:36:16,039 - transvg_20250527_145759 - INFO - Train metrics: l1_loss: 0.4218 | giou_loss: 0.9019 | center_loss: 0.0170 | total_loss: 3.9300
2025-05-27 18:37:25,695 - transvg_20250527_145759 - INFO - Epoch 30, Batch 1100/1696, Loss: 4.5802
2025-05-27 18:37:25,695 - transvg_20250527_145759 - INFO - Train metrics: l1_loss: 0.5039 | giou_loss: 1.0165 | center_loss: 0.0279 | total_loss: 4.5802
2025-05-27 18:38:34,707 - transvg_20250527_145759 - INFO - Epoch 30, Batch 1150/1696, Loss: 3.3792
2025-05-27 18:38:34,708 - transvg_20250527_145759 - INFO - Train metrics: l1_loss: 0.3426 | giou_loss: 0.8294 | center_loss: 0.0073 | total_loss: 3.3792
2025-05-27 18:39:43,995 - transvg_20250527_145759 - INFO - Epoch 30, Batch 1200/1696, Loss: 4.0488
2025-05-27 18:39:43,995 - transvg_20250527_145759 - INFO - Train metrics: l1_loss: 0.4218 | giou_loss: 0.9602 | center_loss: 0.0194 | total_loss: 4.0488
2025-05-27 18:40:53,452 - transvg_20250527_145759 - INFO - Epoch 30, Batch 1250/1696, Loss: 3.1967
2025-05-27 18:40:53,452 - transvg_20250527_145759 - INFO - Train metrics: l1_loss: 0.3225 | giou_loss: 0.7874 | center_loss: 0.0094 | total_loss: 3.1967
2025-05-27 18:42:02,640 - transvg_20250527_145759 - INFO - Epoch 30, Batch 1300/1696, Loss: 2.9501
2025-05-27 18:42:02,641 - transvg_20250527_145759 - INFO - Train metrics: l1_loss: 0.2953 | giou_loss: 0.7316 | center_loss: 0.0106 | total_loss: 2.9501
2025-05-27 18:43:11,932 - transvg_20250527_145759 - INFO - Epoch 30, Batch 1350/1696, Loss: 3.8163
2025-05-27 18:43:11,933 - transvg_20250527_145759 - INFO - Train metrics: l1_loss: 0.3984 | giou_loss: 0.9043 | center_loss: 0.0157 | total_loss: 3.8163
2025-05-27 18:44:20,929 - transvg_20250527_145759 - INFO - Epoch 30, Batch 1400/1696, Loss: 4.5137
2025-05-27 18:44:20,929 - transvg_20250527_145759 - INFO - Train metrics: l1_loss: 0.4659 | giou_loss: 1.0834 | center_loss: 0.0174 | total_loss: 4.5137
2025-05-27 18:45:29,941 - transvg_20250527_145759 - INFO - Epoch 30, Batch 1450/1696, Loss: 4.1513
2025-05-27 18:45:29,941 - transvg_20250527_145759 - INFO - Train metrics: l1_loss: 0.4409 | giou_loss: 0.9680 | center_loss: 0.0110 | total_loss: 4.1513
2025-05-27 18:46:38,960 - transvg_20250527_145759 - INFO - Epoch 30, Batch 1500/1696, Loss: 3.9218
2025-05-27 18:46:38,960 - transvg_20250527_145759 - INFO - Train metrics: l1_loss: 0.4214 | giou_loss: 0.8979 | center_loss: 0.0190 | total_loss: 3.9218
2025-05-27 18:47:48,131 - transvg_20250527_145759 - INFO - Epoch 30, Batch 1550/1696, Loss: 4.0143
2025-05-27 18:47:48,132 - transvg_20250527_145759 - INFO - Train metrics: l1_loss: 0.4252 | giou_loss: 0.9367 | center_loss: 0.0151 | total_loss: 4.0143
2025-05-27 18:48:57,354 - transvg_20250527_145759 - INFO - Epoch 30, Batch 1600/1696, Loss: 3.9386
2025-05-27 18:48:57,354 - transvg_20250527_145759 - INFO - Train metrics: l1_loss: 0.4241 | giou_loss: 0.9026 | center_loss: 0.0131 | total_loss: 3.9386
2025-05-27 18:50:06,322 - transvg_20250527_145759 - INFO - Epoch 30, Batch 1650/1696, Loss: 4.1766
2025-05-27 18:50:06,322 - transvg_20250527_145759 - INFO - Train metrics: l1_loss: 0.4553 | giou_loss: 0.9420 | center_loss: 0.0159 | total_loss: 4.1766
2025-05-27 18:51:08,119 - transvg_20250527_145759 - INFO - Train Epoch 30, Loss: 3.8084
2025-05-27 18:53:06,718 - transvg_20250527_145759 - INFO - Pred box sample: [97.66344451904297, 85.29167175292969, 271.8355407714844, 254.67831420898438]
2025-05-27 18:53:06,718 - transvg_20250527_145759 - INFO - Target box sample: [207.0, 198.0, 287.0, 283.0]
2025-05-27 18:53:06,794 - transvg_20250527_145759 - INFO - Validation Epoch 30, Loss: 4.6083
2025-05-27 18:53:06,794 - transvg_20250527_145759 - INFO - Val metrics: Acc@0.25: 0.3171 | Acc@0.5: 0.1182 | Acc@0.75: 0.0146 | mIoU: 0.1832 | medianIoU: 0.0849 | mae_x1: 100.8396 | mae_y1: 100.7539 | mae_x2: 104.0304 | mae_y2: 99.6744 | center_x_error: 88.2949 | center_y_error: 84.9049 | width_error: 2.2200 | height_error: 2.2133 | loss: 4.6083
2025-05-27 18:53:07,661 - transvg_20250527_145759 - INFO - Saved model checkpoint to /home/pokle/Trans-VG/visual_grounding/checkpoints/transvg_20250527_145759_epoch30.pth
2025-05-27 18:53:07,662 - transvg_20250527_145759 - INFO - Epoch 31/200
2025-05-27 18:53:10,327 - transvg_20250527_145759 - INFO - Epoch 31, Batch 0/1696, Loss: 3.6934
2025-05-27 18:53:10,327 - transvg_20250527_145759 - INFO - Train metrics: l1_loss: 0.3868 | giou_loss: 0.8732 | center_loss: 0.0131 | total_loss: 3.6934
2025-05-27 18:54:19,109 - transvg_20250527_145759 - INFO - Epoch 31, Batch 50/1696, Loss: 2.8513
2025-05-27 18:54:19,110 - transvg_20250527_145759 - INFO - Train metrics: l1_loss: 0.2761 | giou_loss: 0.7329 | center_loss: 0.0049 | total_loss: 2.8513
2025-05-27 18:55:28,261 - transvg_20250527_145759 - INFO - Epoch 31, Batch 100/1696, Loss: 2.9357
2025-05-27 18:55:28,261 - transvg_20250527_145759 - INFO - Train metrics: l1_loss: 0.2946 | giou_loss: 0.7287 | center_loss: 0.0052 | total_loss: 2.9357
2025-05-27 18:56:36,782 - transvg_20250527_145759 - INFO - Epoch 31, Batch 150/1696, Loss: 3.4166
2025-05-27 18:56:36,783 - transvg_20250527_145759 - INFO - Train metrics: l1_loss: 0.3377 | giou_loss: 0.8610 | center_loss: 0.0059 | total_loss: 3.4166
2025-05-27 18:57:45,815 - transvg_20250527_145759 - INFO - Epoch 31, Batch 200/1696, Loss: 3.7674
2025-05-27 18:57:45,815 - transvg_20250527_145759 - INFO - Train metrics: l1_loss: 0.3902 | giou_loss: 0.9008 | center_loss: 0.0151 | total_loss: 3.7674
2025-05-27 18:58:54,750 - transvg_20250527_145759 - INFO - Epoch 31, Batch 250/1696, Loss: 3.1641
2025-05-27 18:58:54,750 - transvg_20250527_145759 - INFO - Train metrics: l1_loss: 0.2965 | giou_loss: 0.8373 | center_loss: 0.0072 | total_loss: 3.1641
2025-05-27 19:00:04,323 - transvg_20250527_145759 - INFO - Epoch 31, Batch 300/1696, Loss: 3.5083
2025-05-27 19:00:04,323 - transvg_20250527_145759 - INFO - Train metrics: l1_loss: 0.3474 | giou_loss: 0.8804 | center_loss: 0.0103 | total_loss: 3.5083
2025-05-27 19:01:13,267 - transvg_20250527_145759 - INFO - Epoch 31, Batch 350/1696, Loss: 4.8968
2025-05-27 19:01:13,267 - transvg_20250527_145759 - INFO - Train metrics: l1_loss: 0.5010 | giou_loss: 1.1863 | center_loss: 0.0195 | total_loss: 4.8968
2025-05-27 19:02:23,223 - transvg_20250527_145759 - INFO - Epoch 31, Batch 400/1696, Loss: 3.2364
2025-05-27 19:02:23,223 - transvg_20250527_145759 - INFO - Train metrics: l1_loss: 0.3173 | giou_loss: 0.8218 | center_loss: 0.0066 | total_loss: 3.2364
2025-05-27 19:03:32,204 - transvg_20250527_145759 - INFO - Epoch 31, Batch 450/1696, Loss: 4.2232
2025-05-27 19:03:32,204 - transvg_20250527_145759 - INFO - Train metrics: l1_loss: 0.4163 | giou_loss: 1.0650 | center_loss: 0.0115 | total_loss: 4.2232
2025-05-27 19:04:41,105 - transvg_20250527_145759 - INFO - Epoch 31, Batch 500/1696, Loss: 4.1300
2025-05-27 19:04:41,106 - transvg_20250527_145759 - INFO - Train metrics: l1_loss: 0.4242 | giou_loss: 0.9970 | center_loss: 0.0149 | total_loss: 4.1300
2025-05-27 19:05:50,004 - transvg_20250527_145759 - INFO - Epoch 31, Batch 550/1696, Loss: 3.4947
2025-05-27 19:05:50,004 - transvg_20250527_145759 - INFO - Train metrics: l1_loss: 0.3398 | giou_loss: 0.8944 | center_loss: 0.0070 | total_loss: 3.4947
2025-05-27 19:06:59,323 - transvg_20250527_145759 - INFO - Epoch 31, Batch 600/1696, Loss: 3.4567
2025-05-27 19:06:59,323 - transvg_20250527_145759 - INFO - Train metrics: l1_loss: 0.3431 | giou_loss: 0.8650 | center_loss: 0.0111 | total_loss: 3.4567
2025-05-27 19:08:08,861 - transvg_20250527_145759 - INFO - Epoch 31, Batch 650/1696, Loss: 3.9533
2025-05-27 19:08:08,861 - transvg_20250527_145759 - INFO - Train metrics: l1_loss: 0.3837 | giou_loss: 1.0120 | center_loss: 0.0110 | total_loss: 3.9533
2025-05-27 19:09:17,515 - transvg_20250527_145759 - INFO - Epoch 31, Batch 700/1696, Loss: 3.8260
2025-05-27 19:09:17,516 - transvg_20250527_145759 - INFO - Train metrics: l1_loss: 0.4155 | giou_loss: 0.8682 | center_loss: 0.0120 | total_loss: 3.8260
2025-05-27 19:10:26,621 - transvg_20250527_145759 - INFO - Epoch 31, Batch 750/1696, Loss: 2.9703
2025-05-27 19:10:26,621 - transvg_20250527_145759 - INFO - Train metrics: l1_loss: 0.2763 | giou_loss: 0.7916 | center_loss: 0.0054 | total_loss: 2.9703
2025-05-27 19:11:36,187 - transvg_20250527_145759 - INFO - Epoch 31, Batch 800/1696, Loss: 3.3610
2025-05-27 19:11:36,188 - transvg_20250527_145759 - INFO - Train metrics: l1_loss: 0.3237 | giou_loss: 0.8666 | center_loss: 0.0091 | total_loss: 3.3610
2025-05-27 19:12:45,627 - transvg_20250527_145759 - INFO - Epoch 31, Batch 850/1696, Loss: 4.8256
2025-05-27 19:12:45,628 - transvg_20250527_145759 - INFO - Train metrics: l1_loss: 0.5020 | giou_loss: 1.1445 | center_loss: 0.0268 | total_loss: 4.8256
2025-05-27 19:13:54,844 - transvg_20250527_145759 - INFO - Epoch 31, Batch 900/1696, Loss: 3.4928
2025-05-27 19:13:54,844 - transvg_20250527_145759 - INFO - Train metrics: l1_loss: 0.3327 | giou_loss: 0.9098 | center_loss: 0.0096 | total_loss: 3.4928
2025-05-27 19:15:04,278 - transvg_20250527_145759 - INFO - Epoch 31, Batch 950/1696, Loss: 4.1581
2025-05-27 19:15:04,279 - transvg_20250527_145759 - INFO - Train metrics: l1_loss: 0.4519 | giou_loss: 0.9380 | center_loss: 0.0226 | total_loss: 4.1581
2025-05-27 19:16:13,558 - transvg_20250527_145759 - INFO - Epoch 31, Batch 1000/1696, Loss: 4.3627
2025-05-27 19:16:13,558 - transvg_20250527_145759 - INFO - Train metrics: l1_loss: 0.4636 | giou_loss: 1.0134 | center_loss: 0.0177 | total_loss: 4.3627
2025-05-27 19:17:22,966 - transvg_20250527_145759 - INFO - Epoch 31, Batch 1050/1696, Loss: 3.8571
2025-05-27 19:17:22,966 - transvg_20250527_145759 - INFO - Train metrics: l1_loss: 0.3855 | giou_loss: 0.9600 | center_loss: 0.0096 | total_loss: 3.8571
2025-05-27 19:18:32,157 - transvg_20250527_145759 - INFO - Epoch 31, Batch 1100/1696, Loss: 4.3267
2025-05-27 19:18:32,158 - transvg_20250527_145759 - INFO - Train metrics: l1_loss: 0.4636 | giou_loss: 0.9945 | center_loss: 0.0199 | total_loss: 4.3267
2025-05-27 19:19:41,345 - transvg_20250527_145759 - INFO - Epoch 31, Batch 1150/1696, Loss: 4.4217
2025-05-27 19:19:41,345 - transvg_20250527_145759 - INFO - Train metrics: l1_loss: 0.4763 | giou_loss: 1.0107 | center_loss: 0.0189 | total_loss: 4.4217
2025-05-27 19:20:50,637 - transvg_20250527_145759 - INFO - Epoch 31, Batch 1200/1696, Loss: 4.0894
2025-05-27 19:20:50,637 - transvg_20250527_145759 - INFO - Train metrics: l1_loss: 0.4132 | giou_loss: 1.0054 | center_loss: 0.0126 | total_loss: 4.0894
2025-05-27 19:22:00,174 - transvg_20250527_145759 - INFO - Epoch 31, Batch 1250/1696, Loss: 3.8332
2025-05-27 19:22:00,175 - transvg_20250527_145759 - INFO - Train metrics: l1_loss: 0.4185 | giou_loss: 0.8614 | center_loss: 0.0177 | total_loss: 3.8332
2025-05-27 19:23:09,093 - transvg_20250527_145759 - INFO - Epoch 31, Batch 1300/1696, Loss: 4.5613
2025-05-27 19:23:09,094 - transvg_20250527_145759 - INFO - Train metrics: l1_loss: 0.4785 | giou_loss: 1.0736 | center_loss: 0.0216 | total_loss: 4.5613
2025-05-27 19:24:18,658 - transvg_20250527_145759 - INFO - Epoch 31, Batch 1350/1696, Loss: 3.6077
2025-05-27 19:24:18,658 - transvg_20250527_145759 - INFO - Train metrics: l1_loss: 0.3403 | giou_loss: 0.9486 | center_loss: 0.0089 | total_loss: 3.6077
2025-05-27 19:25:27,903 - transvg_20250527_145759 - INFO - Epoch 31, Batch 1400/1696, Loss: 3.6098
2025-05-27 19:25:27,903 - transvg_20250527_145759 - INFO - Train metrics: l1_loss: 0.3590 | giou_loss: 0.9019 | center_loss: 0.0111 | total_loss: 3.6098
2025-05-27 19:26:36,962 - transvg_20250527_145759 - INFO - Epoch 31, Batch 1450/1696, Loss: 4.1159
2025-05-27 19:26:36,962 - transvg_20250527_145759 - INFO - Train metrics: l1_loss: 0.4054 | giou_loss: 1.0371 | center_loss: 0.0147 | total_loss: 4.1159
2025-05-27 19:27:46,133 - transvg_20250527_145759 - INFO - Epoch 31, Batch 1500/1696, Loss: 4.8679
2025-05-27 19:27:46,133 - transvg_20250527_145759 - INFO - Train metrics: l1_loss: 0.5339 | giou_loss: 1.0850 | center_loss: 0.0281 | total_loss: 4.8679
2025-05-27 19:28:55,217 - transvg_20250527_145759 - INFO - Epoch 31, Batch 1550/1696, Loss: 4.3055
2025-05-27 19:28:55,217 - transvg_20250527_145759 - INFO - Train metrics: l1_loss: 0.4634 | giou_loss: 0.9875 | center_loss: 0.0135 | total_loss: 4.3055
2025-05-27 19:30:03,968 - transvg_20250527_145759 - INFO - Epoch 31, Batch 1600/1696, Loss: 4.1196
2025-05-27 19:30:03,968 - transvg_20250527_145759 - INFO - Train metrics: l1_loss: 0.4249 | giou_loss: 0.9889 | center_loss: 0.0175 | total_loss: 4.1196
2025-05-27 19:31:12,925 - transvg_20250527_145759 - INFO - Epoch 31, Batch 1650/1696, Loss: 3.6137
2025-05-27 19:31:12,925 - transvg_20250527_145759 - INFO - Train metrics: l1_loss: 0.3658 | giou_loss: 0.8883 | center_loss: 0.0081 | total_loss: 3.6137
2025-05-27 19:32:14,917 - transvg_20250527_145759 - INFO - Train Epoch 31, Loss: 3.7902
2025-05-27 19:34:14,039 - transvg_20250527_145759 - INFO - Pred box sample: [101.53350830078125, 101.10736846923828, 273.9405517578125, 263.5142517089844]
2025-05-27 19:34:14,040 - transvg_20250527_145759 - INFO - Target box sample: [207.0, 198.0, 287.0, 283.0]
2025-05-27 19:34:14,118 - transvg_20250527_145759 - INFO - Validation Epoch 31, Loss: 4.6376
2025-05-27 19:34:14,118 - transvg_20250527_145759 - INFO - Val metrics: Acc@0.25: 0.3153 | Acc@0.5: 0.1195 | Acc@0.75: 0.0157 | mIoU: 0.1809 | medianIoU: 0.0783 | mae_x1: 101.3264 | mae_y1: 99.5440 | mae_x2: 103.6758 | mae_y2: 100.2395 | center_x_error: 88.8705 | center_y_error: 85.6188 | width_error: 2.1178 | height_error: 2.0273 | loss: 4.6376
2025-05-27 19:34:14,990 - transvg_20250527_145759 - INFO - Saved model checkpoint to /home/pokle/Trans-VG/visual_grounding/checkpoints/transvg_20250527_145759_epoch31.pth
2025-05-27 19:34:14,990 - transvg_20250527_145759 - INFO - Epoch 32/200
2025-05-27 19:34:17,632 - transvg_20250527_145759 - INFO - Epoch 32, Batch 0/1696, Loss: 4.1749
2025-05-27 19:34:17,632 - transvg_20250527_145759 - INFO - Train metrics: l1_loss: 0.3946 | giou_loss: 1.0959 | center_loss: 0.0100 | total_loss: 4.1749
2025-05-27 19:35:26,663 - transvg_20250527_145759 - INFO - Epoch 32, Batch 50/1696, Loss: 3.0815
2025-05-27 19:35:26,663 - transvg_20250527_145759 - INFO - Train metrics: l1_loss: 0.3021 | giou_loss: 0.7816 | center_loss: 0.0076 | total_loss: 3.0815
2025-05-27 19:36:35,671 - transvg_20250527_145759 - INFO - Epoch 32, Batch 100/1696, Loss: 4.0999
2025-05-27 19:36:35,671 - transvg_20250527_145759 - INFO - Train metrics: l1_loss: 0.4294 | giou_loss: 0.9673 | center_loss: 0.0183 | total_loss: 4.0999
2025-05-27 19:37:45,135 - transvg_20250527_145759 - INFO - Epoch 32, Batch 150/1696, Loss: 3.3140
2025-05-27 19:37:45,135 - transvg_20250527_145759 - INFO - Train metrics: l1_loss: 0.3274 | giou_loss: 0.8333 | center_loss: 0.0103 | total_loss: 3.3140
2025-05-27 19:38:54,227 - transvg_20250527_145759 - INFO - Epoch 32, Batch 200/1696, Loss: 3.2448
2025-05-27 19:38:54,227 - transvg_20250527_145759 - INFO - Train metrics: l1_loss: 0.3006 | giou_loss: 0.8676 | center_loss: 0.0066 | total_loss: 3.2448
2025-05-27 19:40:03,246 - transvg_20250527_145759 - INFO - Epoch 32, Batch 250/1696, Loss: 3.6098
2025-05-27 19:40:03,246 - transvg_20250527_145759 - INFO - Train metrics: l1_loss: 0.3738 | giou_loss: 0.8622 | center_loss: 0.0163 | total_loss: 3.6098
2025-05-27 19:41:12,283 - transvg_20250527_145759 - INFO - Epoch 32, Batch 300/1696, Loss: 3.1671
2025-05-27 19:41:12,284 - transvg_20250527_145759 - INFO - Train metrics: l1_loss: 0.3069 | giou_loss: 0.8128 | center_loss: 0.0070 | total_loss: 3.1671
2025-05-27 19:42:21,087 - transvg_20250527_145759 - INFO - Epoch 32, Batch 350/1696, Loss: 4.1045
2025-05-27 19:42:21,087 - transvg_20250527_145759 - INFO - Train metrics: l1_loss: 0.4478 | giou_loss: 0.9233 | center_loss: 0.0190 | total_loss: 4.1045
2025-05-27 19:43:30,031 - transvg_20250527_145759 - INFO - Epoch 32, Batch 400/1696, Loss: 4.0455
2025-05-27 19:43:30,031 - transvg_20250527_145759 - INFO - Train metrics: l1_loss: 0.4337 | giou_loss: 0.9322 | center_loss: 0.0127 | total_loss: 4.0455
2025-05-27 19:44:39,622 - transvg_20250527_145759 - INFO - Epoch 32, Batch 450/1696, Loss: 4.0949
2025-05-27 19:44:39,622 - transvg_20250527_145759 - INFO - Train metrics: l1_loss: 0.4563 | giou_loss: 0.8987 | center_loss: 0.0162 | total_loss: 4.0949
2025-05-27 19:45:48,633 - transvg_20250527_145759 - INFO - Epoch 32, Batch 500/1696, Loss: 3.9725
2025-05-27 19:45:48,633 - transvg_20250527_145759 - INFO - Train metrics: l1_loss: 0.4021 | giou_loss: 0.9749 | center_loss: 0.0122 | total_loss: 3.9725
2025-05-27 19:46:57,674 - transvg_20250527_145759 - INFO - Epoch 32, Batch 550/1696, Loss: 3.3369
2025-05-27 19:46:57,675 - transvg_20250527_145759 - INFO - Train metrics: l1_loss: 0.3011 | giou_loss: 0.9120 | center_loss: 0.0075 | total_loss: 3.3369
2025-05-27 19:48:06,902 - transvg_20250527_145759 - INFO - Epoch 32, Batch 600/1696, Loss: 3.3463
2025-05-27 19:48:06,902 - transvg_20250527_145759 - INFO - Train metrics: l1_loss: 0.3442 | giou_loss: 0.8082 | center_loss: 0.0091 | total_loss: 3.3463
2025-05-27 19:49:15,996 - transvg_20250527_145759 - INFO - Epoch 32, Batch 650/1696, Loss: 4.7053
2025-05-27 19:49:15,996 - transvg_20250527_145759 - INFO - Train metrics: l1_loss: 0.5006 | giou_loss: 1.0907 | center_loss: 0.0211 | total_loss: 4.7053
2025-05-27 19:50:25,239 - transvg_20250527_145759 - INFO - Epoch 32, Batch 700/1696, Loss: 3.4893
2025-05-27 19:50:25,239 - transvg_20250527_145759 - INFO - Train metrics: l1_loss: 0.3510 | giou_loss: 0.8631 | center_loss: 0.0080 | total_loss: 3.4893
2025-05-27 19:51:34,397 - transvg_20250527_145759 - INFO - Epoch 32, Batch 750/1696, Loss: 2.7813
2025-05-27 19:51:34,397 - transvg_20250527_145759 - INFO - Train metrics: l1_loss: 0.2979 | giou_loss: 0.6416 | center_loss: 0.0086 | total_loss: 2.7813
2025-05-27 19:52:43,504 - transvg_20250527_145759 - INFO - Epoch 32, Batch 800/1696, Loss: 3.9728
2025-05-27 19:52:43,505 - transvg_20250527_145759 - INFO - Train metrics: l1_loss: 0.3934 | giou_loss: 0.9965 | center_loss: 0.0129 | total_loss: 3.9728
2025-05-27 19:53:52,893 - transvg_20250527_145759 - INFO - Epoch 32, Batch 850/1696, Loss: 3.5359
2025-05-27 19:53:52,893 - transvg_20250527_145759 - INFO - Train metrics: l1_loss: 0.3550 | giou_loss: 0.8776 | center_loss: 0.0056 | total_loss: 3.5359
2025-05-27 19:55:00,654 - transvg_20250527_145759 - INFO - Epoch 32, Batch 900/1696, Loss: 4.2231
2025-05-27 19:55:00,654 - transvg_20250527_145759 - INFO - Train metrics: l1_loss: 0.4647 | giou_loss: 0.9414 | center_loss: 0.0167 | total_loss: 4.2231
2025-05-27 19:56:07,008 - transvg_20250527_145759 - INFO - Epoch 32, Batch 950/1696, Loss: 3.6860
2025-05-27 19:56:07,008 - transvg_20250527_145759 - INFO - Train metrics: l1_loss: 0.3721 | giou_loss: 0.9081 | center_loss: 0.0095 | total_loss: 3.6860
2025-05-27 19:57:13,154 - transvg_20250527_145759 - INFO - Epoch 32, Batch 1000/1696, Loss: 3.0930
2025-05-27 19:57:13,155 - transvg_20250527_145759 - INFO - Train metrics: l1_loss: 0.3078 | giou_loss: 0.7737 | center_loss: 0.0065 | total_loss: 3.0930
2025-05-27 19:58:19,628 - transvg_20250527_145759 - INFO - Epoch 32, Batch 1050/1696, Loss: 4.2489
2025-05-27 19:58:19,629 - transvg_20250527_145759 - INFO - Train metrics: l1_loss: 0.4596 | giou_loss: 0.9656 | center_loss: 0.0195 | total_loss: 4.2489
2025-05-27 19:59:26,293 - transvg_20250527_145759 - INFO - Epoch 32, Batch 1100/1696, Loss: 3.8792
2025-05-27 19:59:26,293 - transvg_20250527_145759 - INFO - Train metrics: l1_loss: 0.3866 | giou_loss: 0.9660 | center_loss: 0.0142 | total_loss: 3.8792
2025-05-27 20:00:34,326 - transvg_20250527_145759 - INFO - Epoch 32, Batch 1150/1696, Loss: 4.0559
2025-05-27 20:00:34,327 - transvg_20250527_145759 - INFO - Train metrics: l1_loss: 0.4134 | giou_loss: 0.9885 | center_loss: 0.0118 | total_loss: 4.0559
2025-05-27 20:01:42,494 - transvg_20250527_145759 - INFO - Epoch 32, Batch 1200/1696, Loss: 3.6279
2025-05-27 20:01:42,494 - transvg_20250527_145759 - INFO - Train metrics: l1_loss: 0.3677 | giou_loss: 0.8885 | center_loss: 0.0124 | total_loss: 3.6279
2025-05-27 20:02:50,522 - transvg_20250527_145759 - INFO - Epoch 32, Batch 1250/1696, Loss: 3.1387
2025-05-27 20:02:50,522 - transvg_20250527_145759 - INFO - Train metrics: l1_loss: 0.3000 | giou_loss: 0.8160 | center_loss: 0.0067 | total_loss: 3.1387
2025-05-27 20:03:59,513 - transvg_20250527_145759 - INFO - Epoch 32, Batch 1300/1696, Loss: 3.7087
2025-05-27 20:03:59,513 - transvg_20250527_145759 - INFO - Train metrics: l1_loss: 0.3547 | giou_loss: 0.9640 | center_loss: 0.0069 | total_loss: 3.7087
2025-05-27 20:05:08,419 - transvg_20250527_145759 - INFO - Epoch 32, Batch 1350/1696, Loss: 2.8594
2025-05-27 20:05:08,419 - transvg_20250527_145759 - INFO - Train metrics: l1_loss: 0.2842 | giou_loss: 0.7164 | center_loss: 0.0055 | total_loss: 2.8594
2025-05-27 20:06:17,222 - transvg_20250527_145759 - INFO - Epoch 32, Batch 1400/1696, Loss: 4.5725
2025-05-27 20:06:17,222 - transvg_20250527_145759 - INFO - Train metrics: l1_loss: 0.4973 | giou_loss: 1.0328 | center_loss: 0.0203 | total_loss: 4.5725
2025-05-27 20:07:26,244 - transvg_20250527_145759 - INFO - Epoch 32, Batch 1450/1696, Loss: 3.7258
2025-05-27 20:07:26,244 - transvg_20250527_145759 - INFO - Train metrics: l1_loss: 0.3628 | giou_loss: 0.9518 | center_loss: 0.0085 | total_loss: 3.7258
2025-05-27 20:08:34,802 - transvg_20250527_145759 - INFO - Epoch 32, Batch 1500/1696, Loss: 4.0646
2025-05-27 20:08:34,803 - transvg_20250527_145759 - INFO - Train metrics: l1_loss: 0.4586 | giou_loss: 0.8761 | center_loss: 0.0194 | total_loss: 4.0646
2025-05-27 20:09:44,065 - transvg_20250527_145759 - INFO - Epoch 32, Batch 1550/1696, Loss: 3.2581
2025-05-27 20:09:44,066 - transvg_20250527_145759 - INFO - Train metrics: l1_loss: 0.3099 | giou_loss: 0.8514 | center_loss: 0.0057 | total_loss: 3.2581
2025-05-27 20:10:52,770 - transvg_20250527_145759 - INFO - Epoch 32, Batch 1600/1696, Loss: 3.4122
2025-05-27 20:10:52,770 - transvg_20250527_145759 - INFO - Train metrics: l1_loss: 0.3508 | giou_loss: 0.8253 | center_loss: 0.0077 | total_loss: 3.4122
2025-05-27 20:12:01,320 - transvg_20250527_145759 - INFO - Epoch 32, Batch 1650/1696, Loss: 3.7569
2025-05-27 20:12:01,320 - transvg_20250527_145759 - INFO - Train metrics: l1_loss: 0.3664 | giou_loss: 0.9578 | center_loss: 0.0095 | total_loss: 3.7569
2025-05-27 20:13:03,245 - transvg_20250527_145759 - INFO - Train Epoch 32, Loss: 3.7777
2025-05-27 20:15:01,761 - transvg_20250527_145759 - INFO - Pred box sample: [68.9241714477539, 93.9576644897461, 260.318359375, 264.9973449707031]
2025-05-27 20:15:01,761 - transvg_20250527_145759 - INFO - Target box sample: [207.0, 198.0, 287.0, 283.0]
2025-05-27 20:15:01,834 - transvg_20250527_145759 - INFO - Validation Epoch 32, Loss: 4.6526
2025-05-27 20:15:01,834 - transvg_20250527_145759 - INFO - Val metrics: Acc@0.25: 0.3142 | Acc@0.5: 0.1201 | Acc@0.75: 0.0159 | mIoU: 0.1811 | medianIoU: 0.0778 | mae_x1: 106.4595 | mae_y1: 99.6386 | mae_x2: 105.8149 | mae_y2: 99.5904 | center_x_error: 91.1845 | center_y_error: 84.3107 | width_error: 2.3560 | height_error: 2.1499 | loss: 4.6526
2025-05-27 20:15:02,688 - transvg_20250527_145759 - INFO - Saved model checkpoint to /home/pokle/Trans-VG/visual_grounding/checkpoints/transvg_20250527_145759_epoch32.pth
2025-05-27 20:15:02,689 - transvg_20250527_145759 - INFO - Epoch 33/200
2025-05-27 20:15:05,299 - transvg_20250527_145759 - INFO - Epoch 33, Batch 0/1696, Loss: 3.7815
2025-05-27 20:15:05,300 - transvg_20250527_145759 - INFO - Train metrics: l1_loss: 0.3714 | giou_loss: 0.9575 | center_loss: 0.0096 | total_loss: 3.7815
2025-05-27 20:16:14,003 - transvg_20250527_145759 - INFO - Epoch 33, Batch 50/1696, Loss: 3.8899
2025-05-27 20:16:14,003 - transvg_20250527_145759 - INFO - Train metrics: l1_loss: 0.3982 | giou_loss: 0.9438 | center_loss: 0.0113 | total_loss: 3.8899
2025-05-27 20:17:23,052 - transvg_20250527_145759 - INFO - Epoch 33, Batch 100/1696, Loss: 3.1083
2025-05-27 20:17:23,052 - transvg_20250527_145759 - INFO - Train metrics: l1_loss: 0.3037 | giou_loss: 0.7917 | center_loss: 0.0065 | total_loss: 3.1083
2025-05-27 20:18:32,220 - transvg_20250527_145759 - INFO - Epoch 33, Batch 150/1696, Loss: 3.6284
2025-05-27 20:18:32,221 - transvg_20250527_145759 - INFO - Train metrics: l1_loss: 0.3551 | giou_loss: 0.9231 | center_loss: 0.0068 | total_loss: 3.6284
2025-05-27 20:19:41,320 - transvg_20250527_145759 - INFO - Epoch 33, Batch 200/1696, Loss: 3.0986
2025-05-27 20:19:41,320 - transvg_20250527_145759 - INFO - Train metrics: l1_loss: 0.3199 | giou_loss: 0.7456 | center_loss: 0.0081 | total_loss: 3.0986
2025-05-27 20:20:50,392 - transvg_20250527_145759 - INFO - Epoch 33, Batch 250/1696, Loss: 4.1974
2025-05-27 20:20:50,392 - transvg_20250527_145759 - INFO - Train metrics: l1_loss: 0.4640 | giou_loss: 0.9306 | center_loss: 0.0165 | total_loss: 4.1974
2025-05-27 20:21:59,459 - transvg_20250527_145759 - INFO - Epoch 33, Batch 300/1696, Loss: 4.3920
2025-05-27 20:21:59,459 - transvg_20250527_145759 - INFO - Train metrics: l1_loss: 0.4875 | giou_loss: 0.9658 | center_loss: 0.0230 | total_loss: 4.3920
2025-05-27 20:23:08,472 - transvg_20250527_145759 - INFO - Epoch 33, Batch 350/1696, Loss: 3.2807
2025-05-27 20:23:08,472 - transvg_20250527_145759 - INFO - Train metrics: l1_loss: 0.3178 | giou_loss: 0.8413 | center_loss: 0.0092 | total_loss: 3.2807
2025-05-27 20:24:17,804 - transvg_20250527_145759 - INFO - Epoch 33, Batch 400/1696, Loss: 3.2432
2025-05-27 20:24:17,804 - transvg_20250527_145759 - INFO - Train metrics: l1_loss: 0.3150 | giou_loss: 0.8302 | center_loss: 0.0076 | total_loss: 3.2432
2025-05-27 20:25:27,481 - transvg_20250527_145759 - INFO - Epoch 33, Batch 450/1696, Loss: 3.2166
2025-05-27 20:25:27,482 - transvg_20250527_145759 - INFO - Train metrics: l1_loss: 0.3030 | giou_loss: 0.8475 | center_loss: 0.0067 | total_loss: 3.2166
2025-05-27 20:26:37,098 - transvg_20250527_145759 - INFO - Epoch 33, Batch 500/1696, Loss: 4.4855
2025-05-27 20:26:37,098 - transvg_20250527_145759 - INFO - Train metrics: l1_loss: 0.4544 | giou_loss: 1.0978 | center_loss: 0.0177 | total_loss: 4.4855
2025-05-27 20:27:46,498 - transvg_20250527_145759 - INFO - Epoch 33, Batch 550/1696, Loss: 3.8809
2025-05-27 20:27:46,499 - transvg_20250527_145759 - INFO - Train metrics: l1_loss: 0.4078 | giou_loss: 0.9148 | center_loss: 0.0124 | total_loss: 3.8809
2025-05-27 20:28:55,329 - transvg_20250527_145759 - INFO - Epoch 33, Batch 600/1696, Loss: 3.8096
2025-05-27 20:28:55,330 - transvg_20250527_145759 - INFO - Train metrics: l1_loss: 0.3721 | giou_loss: 0.9686 | center_loss: 0.0122 | total_loss: 3.8096
2025-05-27 20:30:04,918 - transvg_20250527_145759 - INFO - Epoch 33, Batch 650/1696, Loss: 3.5585
2025-05-27 20:30:04,918 - transvg_20250527_145759 - INFO - Train metrics: l1_loss: 0.3414 | giou_loss: 0.9222 | center_loss: 0.0068 | total_loss: 3.5585
2025-05-27 20:31:14,070 - transvg_20250527_145759 - INFO - Epoch 33, Batch 700/1696, Loss: 2.7281
2025-05-27 20:31:14,070 - transvg_20250527_145759 - INFO - Train metrics: l1_loss: 0.2535 | giou_loss: 0.7287 | center_loss: 0.0033 | total_loss: 2.7281
2025-05-27 20:32:22,970 - transvg_20250527_145759 - INFO - Epoch 33, Batch 750/1696, Loss: 3.4954
2025-05-27 20:32:22,970 - transvg_20250527_145759 - INFO - Train metrics: l1_loss: 0.3678 | giou_loss: 0.8231 | center_loss: 0.0101 | total_loss: 3.4954
2025-05-27 20:33:32,445 - transvg_20250527_145759 - INFO - Epoch 33, Batch 800/1696, Loss: 3.6460
2025-05-27 20:33:32,445 - transvg_20250527_145759 - INFO - Train metrics: l1_loss: 0.3688 | giou_loss: 0.8956 | center_loss: 0.0108 | total_loss: 3.6460
2025-05-27 20:34:41,453 - transvg_20250527_145759 - INFO - Epoch 33, Batch 850/1696, Loss: 3.4376
2025-05-27 20:34:41,453 - transvg_20250527_145759 - INFO - Train metrics: l1_loss: 0.3477 | giou_loss: 0.8451 | center_loss: 0.0089 | total_loss: 3.4376
2025-05-27 20:35:50,415 - transvg_20250527_145759 - INFO - Epoch 33, Batch 900/1696, Loss: 3.4218
2025-05-27 20:35:50,415 - transvg_20250527_145759 - INFO - Train metrics: l1_loss: 0.3589 | giou_loss: 0.8069 | center_loss: 0.0137 | total_loss: 3.4218
2025-05-27 20:37:00,034 - transvg_20250527_145759 - INFO - Epoch 33, Batch 950/1696, Loss: 3.9186
2025-05-27 20:37:00,034 - transvg_20250527_145759 - INFO - Train metrics: l1_loss: 0.3968 | giou_loss: 0.9604 | center_loss: 0.0140 | total_loss: 3.9186
2025-05-27 20:38:09,067 - transvg_20250527_145759 - INFO - Epoch 33, Batch 1000/1696, Loss: 3.2100
2025-05-27 20:38:09,067 - transvg_20250527_145759 - INFO - Train metrics: l1_loss: 0.3224 | giou_loss: 0.7960 | center_loss: 0.0061 | total_loss: 3.2100
2025-05-27 20:39:17,823 - transvg_20250527_145759 - INFO - Epoch 33, Batch 1050/1696, Loss: 3.6076
2025-05-27 20:39:17,823 - transvg_20250527_145759 - INFO - Train metrics: l1_loss: 0.3509 | giou_loss: 0.9217 | center_loss: 0.0097 | total_loss: 3.6076
2025-05-27 20:40:27,347 - transvg_20250527_145759 - INFO - Epoch 33, Batch 1100/1696, Loss: 3.8532
2025-05-27 20:40:27,347 - transvg_20250527_145759 - INFO - Train metrics: l1_loss: 0.3955 | giou_loss: 0.9305 | center_loss: 0.0148 | total_loss: 3.8532
2025-05-27 20:41:37,703 - transvg_20250527_145759 - INFO - Epoch 33, Batch 1150/1696, Loss: 4.9342
2025-05-27 20:41:37,703 - transvg_20250527_145759 - INFO - Train metrics: l1_loss: 0.5739 | giou_loss: 1.0135 | center_loss: 0.0378 | total_loss: 4.9342
2025-05-27 20:42:46,719 - transvg_20250527_145759 - INFO - Epoch 33, Batch 1200/1696, Loss: 3.4462
2025-05-27 20:42:46,719 - transvg_20250527_145759 - INFO - Train metrics: l1_loss: 0.3495 | giou_loss: 0.8430 | center_loss: 0.0128 | total_loss: 3.4462
2025-05-27 20:43:55,528 - transvg_20250527_145759 - INFO - Epoch 33, Batch 1250/1696, Loss: 4.2473
2025-05-27 20:43:55,528 - transvg_20250527_145759 - INFO - Train metrics: l1_loss: 0.4664 | giou_loss: 0.9468 | center_loss: 0.0219 | total_loss: 4.2473
2025-05-27 20:45:05,393 - transvg_20250527_145759 - INFO - Epoch 33, Batch 1300/1696, Loss: 4.3453
2025-05-27 20:45:05,394 - transvg_20250527_145759 - INFO - Train metrics: l1_loss: 0.4512 | giou_loss: 1.0357 | center_loss: 0.0181 | total_loss: 4.3453
2025-05-27 20:46:14,779 - transvg_20250527_145759 - INFO - Epoch 33, Batch 1350/1696, Loss: 3.8225
2025-05-27 20:46:14,780 - transvg_20250527_145759 - INFO - Train metrics: l1_loss: 0.4124 | giou_loss: 0.8747 | center_loss: 0.0111 | total_loss: 3.8225
2025-05-27 20:47:23,722 - transvg_20250527_145759 - INFO - Epoch 33, Batch 1400/1696, Loss: 4.3901
2025-05-27 20:47:23,722 - transvg_20250527_145759 - INFO - Train metrics: l1_loss: 0.5136 | giou_loss: 0.8987 | center_loss: 0.0246 | total_loss: 4.3901
2025-05-27 20:48:33,471 - transvg_20250527_145759 - INFO - Epoch 33, Batch 1450/1696, Loss: 3.3400
2025-05-27 20:48:33,471 - transvg_20250527_145759 - INFO - Train metrics: l1_loss: 0.3254 | giou_loss: 0.8529 | center_loss: 0.0074 | total_loss: 3.3400
2025-05-27 20:49:42,366 - transvg_20250527_145759 - INFO - Epoch 33, Batch 1500/1696, Loss: 3.2624
2025-05-27 20:49:42,366 - transvg_20250527_145759 - INFO - Train metrics: l1_loss: 0.3234 | giou_loss: 0.8196 | center_loss: 0.0062 | total_loss: 3.2624
2025-05-27 20:50:51,389 - transvg_20250527_145759 - INFO - Epoch 33, Batch 1550/1696, Loss: 4.1096
2025-05-27 20:50:51,389 - transvg_20250527_145759 - INFO - Train metrics: l1_loss: 0.4107 | giou_loss: 1.0208 | center_loss: 0.0147 | total_loss: 4.1096
2025-05-27 20:52:00,398 - transvg_20250527_145759 - INFO - Epoch 33, Batch 1600/1696, Loss: 3.5798
2025-05-27 20:52:00,398 - transvg_20250527_145759 - INFO - Train metrics: l1_loss: 0.3343 | giou_loss: 0.9504 | center_loss: 0.0075 | total_loss: 3.5798
2025-05-27 20:53:09,395 - transvg_20250527_145759 - INFO - Epoch 33, Batch 1650/1696, Loss: 3.3657
2025-05-27 20:53:09,396 - transvg_20250527_145759 - INFO - Train metrics: l1_loss: 0.3195 | giou_loss: 0.8818 | center_loss: 0.0046 | total_loss: 3.3657
2025-05-27 20:54:11,213 - transvg_20250527_145759 - INFO - Train Epoch 33, Loss: 3.7704
2025-05-27 20:56:10,046 - transvg_20250527_145759 - INFO - Pred box sample: [84.60443878173828, 89.73959350585938, 263.58673095703125, 254.06715393066406]
2025-05-27 20:56:10,047 - transvg_20250527_145759 - INFO - Target box sample: [207.0, 198.0, 287.0, 283.0]
2025-05-27 20:56:10,127 - transvg_20250527_145759 - INFO - Validation Epoch 33, Loss: 4.6431
2025-05-27 20:56:10,127 - transvg_20250527_145759 - INFO - Val metrics: Acc@0.25: 0.3171 | Acc@0.5: 0.1185 | Acc@0.75: 0.0165 | mIoU: 0.1815 | medianIoU: 0.0789 | mae_x1: 102.9537 | mae_y1: 100.2491 | mae_x2: 105.7774 | mae_y2: 99.2625 | center_x_error: 90.1253 | center_y_error: 85.2152 | width_error: 2.2662 | height_error: 2.0795 | loss: 4.6431
2025-05-27 20:56:10,985 - transvg_20250527_145759 - INFO - Saved model checkpoint to /home/pokle/Trans-VG/visual_grounding/checkpoints/transvg_20250527_145759_epoch33.pth
2025-05-27 20:56:10,985 - transvg_20250527_145759 - INFO - Epoch 34/200
2025-05-27 20:56:13,613 - transvg_20250527_145759 - INFO - Epoch 34, Batch 0/1696, Loss: 2.9760
2025-05-27 20:56:13,613 - transvg_20250527_145759 - INFO - Train metrics: l1_loss: 0.2720 | giou_loss: 0.8058 | center_loss: 0.0047 | total_loss: 2.9760
2025-05-27 20:57:22,144 - transvg_20250527_145759 - INFO - Epoch 34, Batch 50/1696, Loss: 3.9330
2025-05-27 20:57:22,145 - transvg_20250527_145759 - INFO - Train metrics: l1_loss: 0.4117 | giou_loss: 0.9296 | center_loss: 0.0154 | total_loss: 3.9330
2025-05-27 20:58:31,276 - transvg_20250527_145759 - INFO - Epoch 34, Batch 100/1696, Loss: 3.5405
2025-05-27 20:58:31,276 - transvg_20250527_145759 - INFO - Train metrics: l1_loss: 0.3437 | giou_loss: 0.9073 | center_loss: 0.0077 | total_loss: 3.5405
2025-05-27 20:59:40,953 - transvg_20250527_145759 - INFO - Epoch 34, Batch 150/1696, Loss: 3.8600
2025-05-27 20:59:40,954 - transvg_20250527_145759 - INFO - Train metrics: l1_loss: 0.3724 | giou_loss: 0.9939 | center_loss: 0.0104 | total_loss: 3.8600
2025-05-27 21:00:50,158 - transvg_20250527_145759 - INFO - Epoch 34, Batch 200/1696, Loss: 3.4848
2025-05-27 21:00:50,158 - transvg_20250527_145759 - INFO - Train metrics: l1_loss: 0.3910 | giou_loss: 0.7554 | center_loss: 0.0190 | total_loss: 3.4848
2025-05-27 21:01:59,440 - transvg_20250527_145759 - INFO - Epoch 34, Batch 250/1696, Loss: 2.9100
2025-05-27 21:01:59,440 - transvg_20250527_145759 - INFO - Train metrics: l1_loss: 0.3063 | giou_loss: 0.6863 | center_loss: 0.0057 | total_loss: 2.9100
2025-05-27 21:03:08,595 - transvg_20250527_145759 - INFO - Epoch 34, Batch 300/1696, Loss: 2.9863
2025-05-27 21:03:08,595 - transvg_20250527_145759 - INFO - Train metrics: l1_loss: 0.2861 | giou_loss: 0.7751 | center_loss: 0.0055 | total_loss: 2.9863
2025-05-27 21:04:17,888 - transvg_20250527_145759 - INFO - Epoch 34, Batch 350/1696, Loss: 3.3260
2025-05-27 21:04:17,888 - transvg_20250527_145759 - INFO - Train metrics: l1_loss: 0.3682 | giou_loss: 0.7366 | center_loss: 0.0118 | total_loss: 3.3260
2025-05-27 21:05:27,317 - transvg_20250527_145759 - INFO - Epoch 34, Batch 400/1696, Loss: 3.7855
2025-05-27 21:05:27,317 - transvg_20250527_145759 - INFO - Train metrics: l1_loss: 0.4306 | giou_loss: 0.8098 | center_loss: 0.0128 | total_loss: 3.7855
2025-05-27 21:06:35,689 - transvg_20250527_145759 - INFO - Epoch 34, Batch 450/1696, Loss: 4.0398
2025-05-27 21:06:35,690 - transvg_20250527_145759 - INFO - Train metrics: l1_loss: 0.4162 | giou_loss: 0.9684 | center_loss: 0.0219 | total_loss: 4.0398
2025-05-27 21:07:44,206 - transvg_20250527_145759 - INFO - Epoch 34, Batch 500/1696, Loss: 3.7725
2025-05-27 21:07:44,207 - transvg_20250527_145759 - INFO - Train metrics: l1_loss: 0.3861 | giou_loss: 0.9133 | center_loss: 0.0155 | total_loss: 3.7725
2025-05-27 21:08:52,586 - transvg_20250527_145759 - INFO - Epoch 34, Batch 550/1696, Loss: 3.8132
2025-05-27 21:08:52,587 - transvg_20250527_145759 - INFO - Train metrics: l1_loss: 0.3883 | giou_loss: 0.9292 | center_loss: 0.0133 | total_loss: 3.8132
2025-05-27 21:10:01,873 - transvg_20250527_145759 - INFO - Epoch 34, Batch 600/1696, Loss: 3.4093
2025-05-27 21:10:01,873 - transvg_20250527_145759 - INFO - Train metrics: l1_loss: 0.3109 | giou_loss: 0.9241 | center_loss: 0.0066 | total_loss: 3.4093
2025-05-27 21:11:10,889 - transvg_20250527_145759 - INFO - Epoch 34, Batch 650/1696, Loss: 3.4174
2025-05-27 21:11:10,889 - transvg_20250527_145759 - INFO - Train metrics: l1_loss: 0.3318 | giou_loss: 0.8762 | center_loss: 0.0063 | total_loss: 3.4174
2025-05-27 21:12:19,581 - transvg_20250527_145759 - INFO - Epoch 34, Batch 700/1696, Loss: 4.1765
2025-05-27 21:12:19,581 - transvg_20250527_145759 - INFO - Train metrics: l1_loss: 0.4471 | giou_loss: 0.9613 | center_loss: 0.0183 | total_loss: 4.1765
2025-05-27 21:13:28,738 - transvg_20250527_145759 - INFO - Epoch 34, Batch 750/1696, Loss: 3.5120
2025-05-27 21:13:28,738 - transvg_20250527_145759 - INFO - Train metrics: l1_loss: 0.3661 | giou_loss: 0.8350 | center_loss: 0.0115 | total_loss: 3.5120
2025-05-27 21:14:37,486 - transvg_20250527_145759 - INFO - Epoch 34, Batch 800/1696, Loss: 4.3723
2025-05-27 21:14:37,486 - transvg_20250527_145759 - INFO - Train metrics: l1_loss: 0.4820 | giou_loss: 0.9691 | center_loss: 0.0243 | total_loss: 4.3723
2025-05-27 21:15:46,306 - transvg_20250527_145759 - INFO - Epoch 34, Batch 850/1696, Loss: 3.9290
2025-05-27 21:15:46,307 - transvg_20250527_145759 - INFO - Train metrics: l1_loss: 0.4132 | giou_loss: 0.9254 | center_loss: 0.0123 | total_loss: 3.9290
2025-05-27 21:16:54,713 - transvg_20250527_145759 - INFO - Epoch 34, Batch 900/1696, Loss: 3.3939
2025-05-27 21:16:54,713 - transvg_20250527_145759 - INFO - Train metrics: l1_loss: 0.3506 | giou_loss: 0.8162 | center_loss: 0.0087 | total_loss: 3.3939
2025-05-27 21:18:03,429 - transvg_20250527_145759 - INFO - Epoch 34, Batch 950/1696, Loss: 3.7903
2025-05-27 21:18:03,429 - transvg_20250527_145759 - INFO - Train metrics: l1_loss: 0.3987 | giou_loss: 0.8913 | center_loss: 0.0143 | total_loss: 3.7903
2025-05-27 21:19:12,236 - transvg_20250527_145759 - INFO - Epoch 34, Batch 1000/1696, Loss: 4.4114
2025-05-27 21:19:12,236 - transvg_20250527_145759 - INFO - Train metrics: l1_loss: 0.4338 | giou_loss: 1.1123 | center_loss: 0.0180 | total_loss: 4.4114
2025-05-27 21:20:20,948 - transvg_20250527_145759 - INFO - Epoch 34, Batch 1050/1696, Loss: 3.3331
2025-05-27 21:20:20,948 - transvg_20250527_145759 - INFO - Train metrics: l1_loss: 0.3298 | giou_loss: 0.8379 | center_loss: 0.0081 | total_loss: 3.3331
2025-05-27 21:21:29,650 - transvg_20250527_145759 - INFO - Epoch 34, Batch 1100/1696, Loss: 3.7649
2025-05-27 21:21:29,650 - transvg_20250527_145759 - INFO - Train metrics: l1_loss: 0.3942 | giou_loss: 0.8884 | center_loss: 0.0172 | total_loss: 3.7649
2025-05-27 21:22:38,831 - transvg_20250527_145759 - INFO - Epoch 34, Batch 1150/1696, Loss: 4.4834
2025-05-27 21:22:38,832 - transvg_20250527_145759 - INFO - Train metrics: l1_loss: 0.5051 | giou_loss: 0.9639 | center_loss: 0.0303 | total_loss: 4.4834
2025-05-27 21:23:47,856 - transvg_20250527_145759 - INFO - Epoch 34, Batch 1200/1696, Loss: 2.6980
2025-05-27 21:23:47,857 - transvg_20250527_145759 - INFO - Train metrics: l1_loss: 0.2383 | giou_loss: 0.7514 | center_loss: 0.0037 | total_loss: 2.6980
2025-05-27 21:24:57,000 - transvg_20250527_145759 - INFO - Epoch 34, Batch 1250/1696, Loss: 4.4771
2025-05-27 21:24:57,000 - transvg_20250527_145759 - INFO - Train metrics: l1_loss: 0.4502 | giou_loss: 1.1054 | center_loss: 0.0152 | total_loss: 4.4771
2025-05-27 21:26:05,740 - transvg_20250527_145759 - INFO - Epoch 34, Batch 1300/1696, Loss: 3.7542
2025-05-27 21:26:05,740 - transvg_20250527_145759 - INFO - Train metrics: l1_loss: 0.3708 | giou_loss: 0.9450 | center_loss: 0.0104 | total_loss: 3.7542
2025-05-27 21:27:14,885 - transvg_20250527_145759 - INFO - Epoch 34, Batch 1350/1696, Loss: 3.8587
2025-05-27 21:27:14,885 - transvg_20250527_145759 - INFO - Train metrics: l1_loss: 0.3876 | giou_loss: 0.9551 | center_loss: 0.0106 | total_loss: 3.8587
2025-05-27 21:28:24,125 - transvg_20250527_145759 - INFO - Epoch 34, Batch 1400/1696, Loss: 3.4767
2025-05-27 21:28:24,125 - transvg_20250527_145759 - INFO - Train metrics: l1_loss: 0.3611 | giou_loss: 0.8311 | center_loss: 0.0093 | total_loss: 3.4767
2025-05-27 21:29:32,657 - transvg_20250527_145759 - INFO - Epoch 34, Batch 1450/1696, Loss: 4.3874
2025-05-27 21:29:32,657 - transvg_20250527_145759 - INFO - Train metrics: l1_loss: 0.4585 | giou_loss: 1.0372 | center_loss: 0.0207 | total_loss: 4.3874
2025-05-27 21:30:41,516 - transvg_20250527_145759 - INFO - Epoch 34, Batch 1500/1696, Loss: 3.8761
2025-05-27 21:30:41,516 - transvg_20250527_145759 - INFO - Train metrics: l1_loss: 0.3971 | giou_loss: 0.9402 | center_loss: 0.0102 | total_loss: 3.8761
2025-05-27 21:31:50,501 - transvg_20250527_145759 - INFO - Epoch 34, Batch 1550/1696, Loss: 3.8074
2025-05-27 21:31:50,502 - transvg_20250527_145759 - INFO - Train metrics: l1_loss: 0.3861 | giou_loss: 0.9324 | center_loss: 0.0118 | total_loss: 3.8074
2025-05-27 21:32:59,512 - transvg_20250527_145759 - INFO - Epoch 34, Batch 1600/1696, Loss: 4.4900
2025-05-27 21:32:59,512 - transvg_20250527_145759 - INFO - Train metrics: l1_loss: 0.4909 | giou_loss: 1.0084 | center_loss: 0.0188 | total_loss: 4.4900
2025-05-27 21:34:08,519 - transvg_20250527_145759 - INFO - Epoch 34, Batch 1650/1696, Loss: 4.5677
2025-05-27 21:34:08,520 - transvg_20250527_145759 - INFO - Train metrics: l1_loss: 0.4823 | giou_loss: 1.0683 | center_loss: 0.0197 | total_loss: 4.5677
2025-05-27 21:35:10,145 - transvg_20250527_145759 - INFO - Train Epoch 34, Loss: 3.7501
2025-05-27 21:37:08,703 - transvg_20250527_145759 - INFO - Pred box sample: [84.23231506347656, 83.1586685180664, 280.34210205078125, 264.47509765625]
2025-05-27 21:37:08,704 - transvg_20250527_145759 - INFO - Target box sample: [207.0, 198.0, 287.0, 283.0]
2025-05-27 21:37:08,785 - transvg_20250527_145759 - INFO - Validation Epoch 34, Loss: 4.6201
2025-05-27 21:37:08,785 - transvg_20250527_145759 - INFO - Val metrics: Acc@0.25: 0.3182 | Acc@0.5: 0.1163 | Acc@0.75: 0.0135 | mIoU: 0.1818 | medianIoU: 0.0799 | mae_x1: 102.9386 | mae_y1: 99.5273 | mae_x2: 102.5213 | mae_y2: 100.0499 | center_x_error: 88.6731 | center_y_error: 84.6702 | width_error: 2.1634 | height_error: 2.1328 | loss: 4.6201
2025-05-27 21:37:09,640 - transvg_20250527_145759 - INFO - Saved model checkpoint to /home/pokle/Trans-VG/visual_grounding/checkpoints/transvg_20250527_145759_epoch34.pth
2025-05-27 21:37:09,641 - transvg_20250527_145759 - INFO - Epoch 35/200
2025-05-27 21:37:12,223 - transvg_20250527_145759 - INFO - Epoch 35, Batch 0/1696, Loss: 3.4825
2025-05-27 21:37:12,224 - transvg_20250527_145759 - INFO - Train metrics: l1_loss: 0.3717 | giou_loss: 0.8077 | center_loss: 0.0085 | total_loss: 3.4825
2025-05-27 21:38:21,031 - transvg_20250527_145759 - INFO - Epoch 35, Batch 50/1696, Loss: 4.1402
2025-05-27 21:38:21,032 - transvg_20250527_145759 - INFO - Train metrics: l1_loss: 0.4428 | giou_loss: 0.9526 | center_loss: 0.0209 | total_loss: 4.1402
2025-05-27 21:39:29,640 - transvg_20250527_145759 - INFO - Epoch 35, Batch 100/1696, Loss: 2.9370
2025-05-27 21:39:29,641 - transvg_20250527_145759 - INFO - Train metrics: l1_loss: 0.2854 | giou_loss: 0.7516 | center_loss: 0.0067 | total_loss: 2.9370
2025-05-27 21:40:37,829 - transvg_20250527_145759 - INFO - Epoch 35, Batch 150/1696, Loss: 4.1824
2025-05-27 21:40:37,829 - transvg_20250527_145759 - INFO - Train metrics: l1_loss: 0.4114 | giou_loss: 1.0552 | center_loss: 0.0148 | total_loss: 4.1824
2025-05-27 21:41:46,311 - transvg_20250527_145759 - INFO - Epoch 35, Batch 200/1696, Loss: 3.1047
2025-05-27 21:41:46,311 - transvg_20250527_145759 - INFO - Train metrics: l1_loss: 0.3127 | giou_loss: 0.7677 | center_loss: 0.0057 | total_loss: 3.1047
2025-05-27 21:42:55,161 - transvg_20250527_145759 - INFO - Epoch 35, Batch 250/1696, Loss: 3.5218
2025-05-27 21:42:55,161 - transvg_20250527_145759 - INFO - Train metrics: l1_loss: 0.3385 | giou_loss: 0.9090 | center_loss: 0.0112 | total_loss: 3.5218
2025-05-27 21:44:04,043 - transvg_20250527_145759 - INFO - Epoch 35, Batch 300/1696, Loss: 4.3879
2025-05-27 21:44:04,044 - transvg_20250527_145759 - INFO - Train metrics: l1_loss: 0.4619 | giou_loss: 1.0290 | center_loss: 0.0205 | total_loss: 4.3879
2025-05-27 21:45:13,087 - transvg_20250527_145759 - INFO - Epoch 35, Batch 350/1696, Loss: 4.9241
2025-05-27 21:45:13,087 - transvg_20250527_145759 - INFO - Train metrics: l1_loss: 0.5236 | giou_loss: 1.1413 | center_loss: 0.0237 | total_loss: 4.9241
2025-05-27 21:46:22,238 - transvg_20250527_145759 - INFO - Epoch 35, Batch 400/1696, Loss: 3.4438
2025-05-27 21:46:22,238 - transvg_20250527_145759 - INFO - Train metrics: l1_loss: 0.3482 | giou_loss: 0.8469 | center_loss: 0.0088 | total_loss: 3.4438
2025-05-27 21:47:30,639 - transvg_20250527_145759 - INFO - Epoch 35, Batch 450/1696, Loss: 4.3600
2025-05-27 21:47:30,640 - transvg_20250527_145759 - INFO - Train metrics: l1_loss: 0.4457 | giou_loss: 1.0586 | center_loss: 0.0142 | total_loss: 4.3600
2025-05-27 21:48:39,121 - transvg_20250527_145759 - INFO - Epoch 35, Batch 500/1696, Loss: 4.6042
2025-05-27 21:48:39,121 - transvg_20250527_145759 - INFO - Train metrics: l1_loss: 0.5209 | giou_loss: 0.9825 | center_loss: 0.0349 | total_loss: 4.6042
2025-05-27 21:49:48,450 - transvg_20250527_145759 - INFO - Epoch 35, Batch 550/1696, Loss: 3.9687
2025-05-27 21:49:48,450 - transvg_20250527_145759 - INFO - Train metrics: l1_loss: 0.4252 | giou_loss: 0.9137 | center_loss: 0.0151 | total_loss: 3.9687
2025-05-27 21:50:57,619 - transvg_20250527_145759 - INFO - Epoch 35, Batch 600/1696, Loss: 3.2479
2025-05-27 21:50:57,619 - transvg_20250527_145759 - INFO - Train metrics: l1_loss: 0.3386 | giou_loss: 0.7734 | center_loss: 0.0082 | total_loss: 3.2479
2025-05-27 21:52:06,806 - transvg_20250527_145759 - INFO - Epoch 35, Batch 650/1696, Loss: 3.3938
2025-05-27 21:52:06,806 - transvg_20250527_145759 - INFO - Train metrics: l1_loss: 0.3351 | giou_loss: 0.8557 | center_loss: 0.0068 | total_loss: 3.3938
2025-05-27 21:53:15,666 - transvg_20250527_145759 - INFO - Epoch 35, Batch 700/1696, Loss: 3.3509
2025-05-27 21:53:15,667 - transvg_20250527_145759 - INFO - Train metrics: l1_loss: 0.3630 | giou_loss: 0.7629 | center_loss: 0.0102 | total_loss: 3.3509
2025-05-27 21:54:24,311 - transvg_20250527_145759 - INFO - Epoch 35, Batch 750/1696, Loss: 4.6972
2025-05-27 21:54:24,311 - transvg_20250527_145759 - INFO - Train metrics: l1_loss: 0.5081 | giou_loss: 1.0676 | center_loss: 0.0213 | total_loss: 4.6972
2025-05-27 21:55:33,545 - transvg_20250527_145759 - INFO - Epoch 35, Batch 800/1696, Loss: 4.2116
2025-05-27 21:55:33,545 - transvg_20250527_145759 - INFO - Train metrics: l1_loss: 0.4595 | giou_loss: 0.9468 | center_loss: 0.0204 | total_loss: 4.2116
2025-05-27 21:56:42,230 - transvg_20250527_145759 - INFO - Epoch 35, Batch 850/1696, Loss: 2.9228
2025-05-27 21:56:42,230 - transvg_20250527_145759 - INFO - Train metrics: l1_loss: 0.2950 | giou_loss: 0.7196 | center_loss: 0.0085 | total_loss: 2.9228
2025-05-27 21:57:51,248 - transvg_20250527_145759 - INFO - Epoch 35, Batch 900/1696, Loss: 3.7737
2025-05-27 21:57:51,248 - transvg_20250527_145759 - INFO - Train metrics: l1_loss: 0.4011 | giou_loss: 0.8782 | center_loss: 0.0115 | total_loss: 3.7737
2025-05-27 21:59:00,196 - transvg_20250527_145759 - INFO - Epoch 35, Batch 950/1696, Loss: 3.3848
2025-05-27 21:59:00,196 - transvg_20250527_145759 - INFO - Train metrics: l1_loss: 0.3516 | giou_loss: 0.8083 | center_loss: 0.0105 | total_loss: 3.3848
2025-05-27 22:00:09,319 - transvg_20250527_145759 - INFO - Epoch 35, Batch 1000/1696, Loss: 4.4823
2025-05-27 22:00:09,320 - transvg_20250527_145759 - INFO - Train metrics: l1_loss: 0.4952 | giou_loss: 0.9924 | center_loss: 0.0215 | total_loss: 4.4823
2025-05-27 22:01:18,221 - transvg_20250527_145759 - INFO - Epoch 35, Batch 1050/1696, Loss: 3.4231
2025-05-27 22:01:18,221 - transvg_20250527_145759 - INFO - Train metrics: l1_loss: 0.3423 | giou_loss: 0.8514 | center_loss: 0.0087 | total_loss: 3.4231
2025-05-27 22:02:27,637 - transvg_20250527_145759 - INFO - Epoch 35, Batch 1100/1696, Loss: 3.2552
2025-05-27 22:02:27,637 - transvg_20250527_145759 - INFO - Train metrics: l1_loss: 0.3307 | giou_loss: 0.7983 | center_loss: 0.0050 | total_loss: 3.2552
2025-05-27 22:03:36,584 - transvg_20250527_145759 - INFO - Epoch 35, Batch 1150/1696, Loss: 3.5321
2025-05-27 22:03:36,584 - transvg_20250527_145759 - INFO - Train metrics: l1_loss: 0.3533 | giou_loss: 0.8762 | center_loss: 0.0131 | total_loss: 3.5321
2025-05-27 22:04:45,694 - transvg_20250527_145759 - INFO - Epoch 35, Batch 1200/1696, Loss: 3.3032
2025-05-27 22:04:45,695 - transvg_20250527_145759 - INFO - Train metrics: l1_loss: 0.3371 | giou_loss: 0.8028 | center_loss: 0.0120 | total_loss: 3.3032
2025-05-27 22:05:54,637 - transvg_20250527_145759 - INFO - Epoch 35, Batch 1250/1696, Loss: 3.5726
2025-05-27 22:05:54,638 - transvg_20250527_145759 - INFO - Train metrics: l1_loss: 0.3728 | giou_loss: 0.8479 | center_loss: 0.0130 | total_loss: 3.5726
2025-05-27 22:07:03,862 - transvg_20250527_145759 - INFO - Epoch 35, Batch 1300/1696, Loss: 4.1860
2025-05-27 22:07:03,862 - transvg_20250527_145759 - INFO - Train metrics: l1_loss: 0.4443 | giou_loss: 0.9732 | center_loss: 0.0182 | total_loss: 4.1860
2025-05-27 22:08:13,471 - transvg_20250527_145759 - INFO - Epoch 35, Batch 1350/1696, Loss: 3.3277
2025-05-27 22:08:13,471 - transvg_20250527_145759 - INFO - Train metrics: l1_loss: 0.2987 | giou_loss: 0.9142 | center_loss: 0.0057 | total_loss: 3.3277
2025-05-27 22:09:22,487 - transvg_20250527_145759 - INFO - Epoch 35, Batch 1400/1696, Loss: 3.8409
2025-05-27 22:09:22,487 - transvg_20250527_145759 - INFO - Train metrics: l1_loss: 0.3925 | giou_loss: 0.9335 | center_loss: 0.0111 | total_loss: 3.8409
2025-05-27 22:10:31,726 - transvg_20250527_145759 - INFO - Epoch 35, Batch 1450/1696, Loss: 3.4922
2025-05-27 22:10:31,726 - transvg_20250527_145759 - INFO - Train metrics: l1_loss: 0.3641 | giou_loss: 0.8280 | center_loss: 0.0159 | total_loss: 3.4922
2025-05-27 22:11:40,590 - transvg_20250527_145759 - INFO - Epoch 35, Batch 1500/1696, Loss: 3.4119
2025-05-27 22:11:40,591 - transvg_20250527_145759 - INFO - Train metrics: l1_loss: 0.3708 | giou_loss: 0.7754 | center_loss: 0.0072 | total_loss: 3.4119
2025-05-27 22:12:49,525 - transvg_20250527_145759 - INFO - Epoch 35, Batch 1550/1696, Loss: 3.9931
2025-05-27 22:12:49,526 - transvg_20250527_145759 - INFO - Train metrics: l1_loss: 0.4346 | giou_loss: 0.9046 | center_loss: 0.0106 | total_loss: 3.9931
2025-05-27 22:13:58,660 - transvg_20250527_145759 - INFO - Epoch 35, Batch 1600/1696, Loss: 3.4004
2025-05-27 22:13:58,660 - transvg_20250527_145759 - INFO - Train metrics: l1_loss: 0.3498 | giou_loss: 0.8213 | center_loss: 0.0090 | total_loss: 3.4004
2025-05-27 22:15:07,540 - transvg_20250527_145759 - INFO - Epoch 35, Batch 1650/1696, Loss: 4.6627
2025-05-27 22:15:07,541 - transvg_20250527_145759 - INFO - Train metrics: l1_loss: 0.4836 | giou_loss: 1.1122 | center_loss: 0.0204 | total_loss: 4.6627
2025-05-27 22:16:09,241 - transvg_20250527_145759 - INFO - Train Epoch 35, Loss: 3.7368
2025-05-27 22:18:08,752 - transvg_20250527_145759 - INFO - Pred box sample: [104.68048858642578, 75.00534057617188, 294.84466552734375, 241.46163940429688]
2025-05-27 22:18:08,753 - transvg_20250527_145759 - INFO - Target box sample: [207.0, 198.0, 287.0, 283.0]
2025-05-27 22:18:08,840 - transvg_20250527_145759 - INFO - Validation Epoch 35, Loss: 4.6550
2025-05-27 22:18:08,840 - transvg_20250527_145759 - INFO - Val metrics: Acc@0.25: 0.3145 | Acc@0.5: 0.1179 | Acc@0.75: 0.0154 | mIoU: 0.1819 | medianIoU: 0.0782 | mae_x1: 102.8139 | mae_y1: 102.2244 | mae_x2: 105.3264 | mae_y2: 99.6218 | center_x_error: 89.5433 | center_y_error: 85.9627 | width_error: 2.2592 | height_error: 2.1250 | loss: 4.6550
2025-05-27 22:18:09,712 - transvg_20250527_145759 - INFO - Saved model checkpoint to /home/pokle/Trans-VG/visual_grounding/checkpoints/transvg_20250527_145759_epoch35.pth
2025-05-27 22:18:09,713 - transvg_20250527_145759 - INFO - Epoch 36/200
2025-05-27 22:18:12,377 - transvg_20250527_145759 - INFO - Epoch 36, Batch 0/1696, Loss: 3.2355
2025-05-27 22:18:12,377 - transvg_20250527_145759 - INFO - Train metrics: l1_loss: 0.3293 | giou_loss: 0.7918 | center_loss: 0.0056 | total_loss: 3.2355
2025-05-27 22:19:21,200 - transvg_20250527_145759 - INFO - Epoch 36, Batch 50/1696, Loss: 3.9966
2025-05-27 22:19:21,200 - transvg_20250527_145759 - INFO - Train metrics: l1_loss: 0.4116 | giou_loss: 0.9606 | center_loss: 0.0172 | total_loss: 3.9966
2025-05-27 22:20:30,570 - transvg_20250527_145759 - INFO - Epoch 36, Batch 100/1696, Loss: 3.4304
2025-05-27 22:20:30,570 - transvg_20250527_145759 - INFO - Train metrics: l1_loss: 0.3402 | giou_loss: 0.8593 | center_loss: 0.0108 | total_loss: 3.4304
2025-05-27 22:21:39,727 - transvg_20250527_145759 - INFO - Epoch 36, Batch 150/1696, Loss: 4.1697
2025-05-27 22:21:39,727 - transvg_20250527_145759 - INFO - Train metrics: l1_loss: 0.4192 | giou_loss: 1.0273 | center_loss: 0.0193 | total_loss: 4.1697
2025-05-27 22:22:48,251 - transvg_20250527_145759 - INFO - Epoch 36, Batch 200/1696, Loss: 4.1522
2025-05-27 22:22:48,251 - transvg_20250527_145759 - INFO - Train metrics: l1_loss: 0.4145 | giou_loss: 1.0328 | center_loss: 0.0143 | total_loss: 4.1522
2025-05-27 22:23:57,222 - transvg_20250527_145759 - INFO - Epoch 36, Batch 250/1696, Loss: 3.3423
2025-05-27 22:23:57,222 - transvg_20250527_145759 - INFO - Train metrics: l1_loss: 0.3267 | giou_loss: 0.8508 | center_loss: 0.0070 | total_loss: 3.3423
2025-05-27 22:25:05,994 - transvg_20250527_145759 - INFO - Epoch 36, Batch 300/1696, Loss: 3.5245
2025-05-27 22:25:05,994 - transvg_20250527_145759 - INFO - Train metrics: l1_loss: 0.3620 | giou_loss: 0.8513 | center_loss: 0.0117 | total_loss: 3.5245
2025-05-27 22:26:15,445 - transvg_20250527_145759 - INFO - Epoch 36, Batch 350/1696, Loss: 3.6118
2025-05-27 22:26:15,445 - transvg_20250527_145759 - INFO - Train metrics: l1_loss: 0.3401 | giou_loss: 0.9512 | center_loss: 0.0090 | total_loss: 3.6118
2025-05-27 22:27:24,396 - transvg_20250527_145759 - INFO - Epoch 36, Batch 400/1696, Loss: 3.1329
2025-05-27 22:27:24,397 - transvg_20250527_145759 - INFO - Train metrics: l1_loss: 0.3209 | giou_loss: 0.7609 | center_loss: 0.0067 | total_loss: 3.1329
2025-05-27 22:28:33,467 - transvg_20250527_145759 - INFO - Epoch 36, Batch 450/1696, Loss: 4.5217
2025-05-27 22:28:33,468 - transvg_20250527_145759 - INFO - Train metrics: l1_loss: 0.4797 | giou_loss: 1.0510 | center_loss: 0.0211 | total_loss: 4.5217
2025-05-27 22:29:42,694 - transvg_20250527_145759 - INFO - Epoch 36, Batch 500/1696, Loss: 3.3564
2025-05-27 22:29:42,694 - transvg_20250527_145759 - INFO - Train metrics: l1_loss: 0.3476 | giou_loss: 0.8031 | center_loss: 0.0125 | total_loss: 3.3564
2025-05-27 22:30:51,996 - transvg_20250527_145759 - INFO - Epoch 36, Batch 550/1696, Loss: 3.3885
2025-05-27 22:30:51,996 - transvg_20250527_145759 - INFO - Train metrics: l1_loss: 0.3361 | giou_loss: 0.8478 | center_loss: 0.0122 | total_loss: 3.3885
2025-05-27 22:32:00,597 - transvg_20250527_145759 - INFO - Epoch 36, Batch 600/1696, Loss: 3.4414
2025-05-27 22:32:00,597 - transvg_20250527_145759 - INFO - Train metrics: l1_loss: 0.3552 | giou_loss: 0.8269 | center_loss: 0.0118 | total_loss: 3.4414
2025-05-27 22:33:09,562 - transvg_20250527_145759 - INFO - Epoch 36, Batch 650/1696, Loss: 4.1164
2025-05-27 22:33:09,562 - transvg_20250527_145759 - INFO - Train metrics: l1_loss: 0.4539 | giou_loss: 0.9145 | center_loss: 0.0179 | total_loss: 4.1164
2025-05-27 22:34:18,813 - transvg_20250527_145759 - INFO - Epoch 36, Batch 700/1696, Loss: 3.8740
2025-05-27 22:34:18,814 - transvg_20250527_145759 - INFO - Train metrics: l1_loss: 0.4134 | giou_loss: 0.8928 | center_loss: 0.0216 | total_loss: 3.8740
2025-05-27 22:35:27,646 - transvg_20250527_145759 - INFO - Epoch 36, Batch 750/1696, Loss: 3.6367
2025-05-27 22:35:27,647 - transvg_20250527_145759 - INFO - Train metrics: l1_loss: 0.4011 | giou_loss: 0.8080 | center_loss: 0.0150 | total_loss: 3.6367
2025-05-27 22:36:36,865 - transvg_20250527_145759 - INFO - Epoch 36, Batch 800/1696, Loss: 4.8414
2025-05-27 22:36:36,865 - transvg_20250527_145759 - INFO - Train metrics: l1_loss: 0.5467 | giou_loss: 1.0413 | center_loss: 0.0253 | total_loss: 4.8414
2025-05-27 22:37:45,348 - transvg_20250527_145759 - INFO - Epoch 36, Batch 850/1696, Loss: 3.5693
2025-05-27 22:37:45,348 - transvg_20250527_145759 - INFO - Train metrics: l1_loss: 0.3682 | giou_loss: 0.8587 | center_loss: 0.0109 | total_loss: 3.5693
2025-05-27 22:38:54,509 - transvg_20250527_145759 - INFO - Epoch 36, Batch 900/1696, Loss: 2.8931
2025-05-27 22:38:54,509 - transvg_20250527_145759 - INFO - Train metrics: l1_loss: 0.3005 | giou_loss: 0.6920 | center_loss: 0.0066 | total_loss: 2.8931
2025-05-27 22:40:03,777 - transvg_20250527_145759 - INFO - Epoch 36, Batch 950/1696, Loss: 3.5636
2025-05-27 22:40:03,777 - transvg_20250527_145759 - INFO - Train metrics: l1_loss: 0.3344 | giou_loss: 0.9425 | center_loss: 0.0065 | total_loss: 3.5636
2025-05-27 22:41:12,909 - transvg_20250527_145759 - INFO - Epoch 36, Batch 1000/1696, Loss: 4.1373
2025-05-27 22:41:12,909 - transvg_20250527_145759 - INFO - Train metrics: l1_loss: 0.4608 | giou_loss: 0.9064 | center_loss: 0.0205 | total_loss: 4.1373
2025-05-27 22:42:22,453 - transvg_20250527_145759 - INFO - Epoch 36, Batch 1050/1696, Loss: 3.7216
2025-05-27 22:42:22,453 - transvg_20250527_145759 - INFO - Train metrics: l1_loss: 0.3901 | giou_loss: 0.8804 | center_loss: 0.0101 | total_loss: 3.7216
2025-05-27 22:43:31,523 - transvg_20250527_145759 - INFO - Epoch 36, Batch 1100/1696, Loss: 4.0284
2025-05-27 22:43:31,523 - transvg_20250527_145759 - INFO - Train metrics: l1_loss: 0.4252 | giou_loss: 0.9426 | center_loss: 0.0170 | total_loss: 4.0284
2025-05-27 22:44:40,796 - transvg_20250527_145759 - INFO - Epoch 36, Batch 1150/1696, Loss: 3.5958
2025-05-27 22:44:40,796 - transvg_20250527_145759 - INFO - Train metrics: l1_loss: 0.3531 | giou_loss: 0.9079 | center_loss: 0.0144 | total_loss: 3.5958
2025-05-27 22:45:49,532 - transvg_20250527_145759 - INFO - Epoch 36, Batch 1200/1696, Loss: 3.9809
2025-05-27 22:45:49,532 - transvg_20250527_145759 - INFO - Train metrics: l1_loss: 0.4069 | giou_loss: 0.9658 | center_loss: 0.0151 | total_loss: 3.9809
2025-05-27 22:46:58,311 - transvg_20250527_145759 - INFO - Epoch 36, Batch 1250/1696, Loss: 3.7017
2025-05-27 22:46:58,311 - transvg_20250527_145759 - INFO - Train metrics: l1_loss: 0.3697 | giou_loss: 0.9214 | center_loss: 0.0102 | total_loss: 3.7017
2025-05-27 22:48:06,813 - transvg_20250527_145759 - INFO - Epoch 36, Batch 1300/1696, Loss: 3.6915
2025-05-27 22:48:06,813 - transvg_20250527_145759 - INFO - Train metrics: l1_loss: 0.3885 | giou_loss: 0.8691 | center_loss: 0.0111 | total_loss: 3.6915
2025-05-27 22:49:15,857 - transvg_20250527_145759 - INFO - Epoch 36, Batch 1350/1696, Loss: 4.2129
2025-05-27 22:49:15,857 - transvg_20250527_145759 - INFO - Train metrics: l1_loss: 0.4665 | giou_loss: 0.9267 | center_loss: 0.0270 | total_loss: 4.2129
2025-05-27 22:50:25,269 - transvg_20250527_145759 - INFO - Epoch 36, Batch 1400/1696, Loss: 3.6149
2025-05-27 22:50:25,269 - transvg_20250527_145759 - INFO - Train metrics: l1_loss: 0.3489 | giou_loss: 0.9296 | center_loss: 0.0112 | total_loss: 3.6149
2025-05-27 22:51:34,448 - transvg_20250527_145759 - INFO - Epoch 36, Batch 1450/1696, Loss: 3.3933
2025-05-27 22:51:34,448 - transvg_20250527_145759 - INFO - Train metrics: l1_loss: 0.3171 | giou_loss: 0.9004 | center_loss: 0.0070 | total_loss: 3.3933
2025-05-27 22:52:43,640 - transvg_20250527_145759 - INFO - Epoch 36, Batch 1500/1696, Loss: 3.6022
2025-05-27 22:52:43,640 - transvg_20250527_145759 - INFO - Train metrics: l1_loss: 0.3378 | giou_loss: 0.9530 | center_loss: 0.0073 | total_loss: 3.6022
2025-05-27 22:53:52,312 - transvg_20250527_145759 - INFO - Epoch 36, Batch 1550/1696, Loss: 3.5168
2025-05-27 22:53:52,312 - transvg_20250527_145759 - INFO - Train metrics: l1_loss: 0.3615 | giou_loss: 0.8477 | center_loss: 0.0138 | total_loss: 3.5168
2025-05-27 22:55:01,044 - transvg_20250527_145759 - INFO - Epoch 36, Batch 1600/1696, Loss: 3.7168
2025-05-27 22:55:01,044 - transvg_20250527_145759 - INFO - Train metrics: l1_loss: 0.3617 | giou_loss: 0.9496 | center_loss: 0.0091 | total_loss: 3.7168
2025-05-27 22:56:10,062 - transvg_20250527_145759 - INFO - Epoch 36, Batch 1650/1696, Loss: 3.4626
2025-05-27 22:56:10,062 - transvg_20250527_145759 - INFO - Train metrics: l1_loss: 0.3780 | giou_loss: 0.7824 | center_loss: 0.0076 | total_loss: 3.4626
2025-05-27 22:57:12,363 - transvg_20250527_145759 - INFO - Train Epoch 36, Loss: 3.7262
2025-05-27 22:59:11,342 - transvg_20250527_145759 - INFO - Pred box sample: [73.26612854003906, 91.51824188232422, 243.828125, 254.7720947265625]
2025-05-27 22:59:11,342 - transvg_20250527_145759 - INFO - Target box sample: [207.0, 198.0, 287.0, 283.0]
2025-05-27 22:59:11,421 - transvg_20250527_145759 - INFO - Validation Epoch 36, Loss: 4.6013
2025-05-27 22:59:11,421 - transvg_20250527_145759 - INFO - Val metrics: Acc@0.25: 0.3182 | Acc@0.5: 0.1161 | Acc@0.75: 0.0146 | mIoU: 0.1827 | medianIoU: 0.0806 | mae_x1: 102.3989 | mae_y1: 100.1722 | mae_x2: 103.0169 | mae_y2: 98.9522 | center_x_error: 88.5269 | center_y_error: 84.1537 | width_error: 2.2464 | height_error: 2.1994 | loss: 4.6013
2025-05-27 22:59:12,276 - transvg_20250527_145759 - INFO - Saved model checkpoint to /home/pokle/Trans-VG/visual_grounding/checkpoints/transvg_20250527_145759_epoch36.pth
2025-05-27 22:59:12,276 - transvg_20250527_145759 - INFO - Epoch 37/200
2025-05-27 22:59:14,878 - transvg_20250527_145759 - INFO - Epoch 37, Batch 0/1696, Loss: 3.4755
2025-05-27 22:59:14,878 - transvg_20250527_145759 - INFO - Train metrics: l1_loss: 0.3532 | giou_loss: 0.8508 | center_loss: 0.0080 | total_loss: 3.4755
2025-05-27 23:00:23,603 - transvg_20250527_145759 - INFO - Epoch 37, Batch 50/1696, Loss: 3.1210
2025-05-27 23:00:23,604 - transvg_20250527_145759 - INFO - Train metrics: l1_loss: 0.3111 | giou_loss: 0.7771 | center_loss: 0.0111 | total_loss: 3.1210
2025-05-27 23:01:32,185 - transvg_20250527_145759 - INFO - Epoch 37, Batch 100/1696, Loss: 4.0415
2025-05-27 23:01:32,185 - transvg_20250527_145759 - INFO - Train metrics: l1_loss: 0.4265 | giou_loss: 0.9471 | center_loss: 0.0150 | total_loss: 4.0415
2025-05-27 23:02:40,642 - transvg_20250527_145759 - INFO - Epoch 37, Batch 150/1696, Loss: 3.5789
2025-05-27 23:02:40,643 - transvg_20250527_145759 - INFO - Train metrics: l1_loss: 0.3474 | giou_loss: 0.9165 | center_loss: 0.0086 | total_loss: 3.5789
2025-05-27 23:03:49,395 - transvg_20250527_145759 - INFO - Epoch 37, Batch 200/1696, Loss: 2.7644
2025-05-27 23:03:49,396 - transvg_20250527_145759 - INFO - Train metrics: l1_loss: 0.2788 | giou_loss: 0.6822 | center_loss: 0.0057 | total_loss: 2.7644
2025-05-27 23:04:58,091 - transvg_20250527_145759 - INFO - Epoch 37, Batch 250/1696, Loss: 3.0993
2025-05-27 23:04:58,091 - transvg_20250527_145759 - INFO - Train metrics: l1_loss: 0.3013 | giou_loss: 0.7933 | center_loss: 0.0064 | total_loss: 3.0993
2025-05-27 23:06:06,615 - transvg_20250527_145759 - INFO - Epoch 37, Batch 300/1696, Loss: 4.1873
2025-05-27 23:06:06,615 - transvg_20250527_145759 - INFO - Train metrics: l1_loss: 0.3973 | giou_loss: 1.0938 | center_loss: 0.0136 | total_loss: 4.1873
2025-05-27 23:07:14,879 - transvg_20250527_145759 - INFO - Epoch 37, Batch 350/1696, Loss: 3.3935
2025-05-27 23:07:14,879 - transvg_20250527_145759 - INFO - Train metrics: l1_loss: 0.3133 | giou_loss: 0.9102 | center_loss: 0.0068 | total_loss: 3.3935
2025-05-27 23:08:24,039 - transvg_20250527_145759 - INFO - Epoch 37, Batch 400/1696, Loss: 3.8742
2025-05-27 23:08:24,039 - transvg_20250527_145759 - INFO - Train metrics: l1_loss: 0.4334 | giou_loss: 0.8441 | center_loss: 0.0192 | total_loss: 3.8742
2025-05-27 23:09:32,783 - transvg_20250527_145759 - INFO - Epoch 37, Batch 450/1696, Loss: 3.9298
2025-05-27 23:09:32,783 - transvg_20250527_145759 - INFO - Train metrics: l1_loss: 0.3833 | giou_loss: 1.0001 | center_loss: 0.0131 | total_loss: 3.9298
2025-05-27 23:10:41,924 - transvg_20250527_145759 - INFO - Epoch 37, Batch 500/1696, Loss: 3.9556
2025-05-27 23:10:41,924 - transvg_20250527_145759 - INFO - Train metrics: l1_loss: 0.4131 | giou_loss: 0.9371 | center_loss: 0.0159 | total_loss: 3.9556
2025-05-27 23:11:50,623 - transvg_20250527_145759 - INFO - Epoch 37, Batch 550/1696, Loss: 3.1490
2025-05-27 23:11:50,624 - transvg_20250527_145759 - INFO - Train metrics: l1_loss: 0.2866 | giou_loss: 0.8554 | center_loss: 0.0055 | total_loss: 3.1490
2025-05-27 23:12:59,589 - transvg_20250527_145759 - INFO - Epoch 37, Batch 600/1696, Loss: 4.2469
2025-05-27 23:12:59,589 - transvg_20250527_145759 - INFO - Train metrics: l1_loss: 0.4899 | giou_loss: 0.8914 | center_loss: 0.0147 | total_loss: 4.2469
2025-05-27 23:14:08,401 - transvg_20250527_145759 - INFO - Epoch 37, Batch 650/1696, Loss: 3.1463
2025-05-27 23:14:08,401 - transvg_20250527_145759 - INFO - Train metrics: l1_loss: 0.2887 | giou_loss: 0.8493 | center_loss: 0.0045 | total_loss: 3.1463
2025-05-27 23:15:16,835 - transvg_20250527_145759 - INFO - Epoch 37, Batch 700/1696, Loss: 3.2457
2025-05-27 23:15:16,835 - transvg_20250527_145759 - INFO - Train metrics: l1_loss: 0.3120 | giou_loss: 0.8393 | center_loss: 0.0073 | total_loss: 3.2457
2025-05-27 23:16:25,326 - transvg_20250527_145759 - INFO - Epoch 37, Batch 750/1696, Loss: 3.5758
2025-05-27 23:16:25,326 - transvg_20250527_145759 - INFO - Train metrics: l1_loss: 0.3620 | giou_loss: 0.8764 | center_loss: 0.0131 | total_loss: 3.5758
2025-05-27 23:17:34,402 - transvg_20250527_145759 - INFO - Epoch 37, Batch 800/1696, Loss: 3.3311
2025-05-27 23:17:34,402 - transvg_20250527_145759 - INFO - Train metrics: l1_loss: 0.3234 | giou_loss: 0.8532 | center_loss: 0.0075 | total_loss: 3.3311
2025-05-27 23:18:43,653 - transvg_20250527_145759 - INFO - Epoch 37, Batch 850/1696, Loss: 3.6001
2025-05-27 23:18:43,654 - transvg_20250527_145759 - INFO - Train metrics: l1_loss: 0.3723 | giou_loss: 0.8638 | center_loss: 0.0110 | total_loss: 3.6001
2025-05-27 23:19:52,622 - transvg_20250527_145759 - INFO - Epoch 37, Batch 900/1696, Loss: 3.6422
2025-05-27 23:19:52,623 - transvg_20250527_145759 - INFO - Train metrics: l1_loss: 0.3869 | giou_loss: 0.8466 | center_loss: 0.0148 | total_loss: 3.6422
2025-05-27 23:21:01,499 - transvg_20250527_145759 - INFO - Epoch 37, Batch 950/1696, Loss: 4.1003
2025-05-27 23:21:01,499 - transvg_20250527_145759 - INFO - Train metrics: l1_loss: 0.4386 | giou_loss: 0.9465 | center_loss: 0.0143 | total_loss: 4.1003
2025-05-27 23:22:10,318 - transvg_20250527_145759 - INFO - Epoch 37, Batch 1000/1696, Loss: 3.5506
2025-05-27 23:22:10,318 - transvg_20250527_145759 - INFO - Train metrics: l1_loss: 0.3522 | giou_loss: 0.8900 | center_loss: 0.0098 | total_loss: 3.5506
2025-05-27 23:23:19,258 - transvg_20250527_145759 - INFO - Epoch 37, Batch 1050/1696, Loss: 3.6525
2025-05-27 23:23:19,259 - transvg_20250527_145759 - INFO - Train metrics: l1_loss: 0.3793 | giou_loss: 0.8722 | center_loss: 0.0118 | total_loss: 3.6525
2025-05-27 23:24:27,739 - transvg_20250527_145759 - INFO - Epoch 37, Batch 1100/1696, Loss: 3.3047
2025-05-27 23:24:27,740 - transvg_20250527_145759 - INFO - Train metrics: l1_loss: 0.2932 | giou_loss: 0.9163 | center_loss: 0.0062 | total_loss: 3.3047
2025-05-27 23:25:36,320 - transvg_20250527_145759 - INFO - Epoch 37, Batch 1150/1696, Loss: 3.9054
2025-05-27 23:25:36,321 - transvg_20250527_145759 - INFO - Train metrics: l1_loss: 0.4085 | giou_loss: 0.9251 | center_loss: 0.0128 | total_loss: 3.9054
2025-05-27 23:26:45,496 - transvg_20250527_145759 - INFO - Epoch 37, Batch 1200/1696, Loss: 3.5291
2025-05-27 23:26:45,497 - transvg_20250527_145759 - INFO - Train metrics: l1_loss: 0.3456 | giou_loss: 0.8960 | center_loss: 0.0091 | total_loss: 3.5291
2025-05-27 23:27:53,918 - transvg_20250527_145759 - INFO - Epoch 37, Batch 1250/1696, Loss: 3.2885
2025-05-27 23:27:53,918 - transvg_20250527_145759 - INFO - Train metrics: l1_loss: 0.3243 | giou_loss: 0.8283 | center_loss: 0.0108 | total_loss: 3.2885
2025-05-27 23:29:02,623 - transvg_20250527_145759 - INFO - Epoch 37, Batch 1300/1696, Loss: 3.6110
2025-05-27 23:29:02,624 - transvg_20250527_145759 - INFO - Train metrics: l1_loss: 0.4025 | giou_loss: 0.7939 | center_loss: 0.0107 | total_loss: 3.6110
2025-05-27 23:30:11,602 - transvg_20250527_145759 - INFO - Epoch 37, Batch 1350/1696, Loss: 4.5101
2025-05-27 23:30:11,602 - transvg_20250527_145759 - INFO - Train metrics: l1_loss: 0.5075 | giou_loss: 0.9755 | center_loss: 0.0215 | total_loss: 4.5101
2025-05-27 23:31:20,822 - transvg_20250527_145759 - INFO - Epoch 37, Batch 1400/1696, Loss: 3.0769
2025-05-27 23:31:20,823 - transvg_20250527_145759 - INFO - Train metrics: l1_loss: 0.3062 | giou_loss: 0.7690 | center_loss: 0.0077 | total_loss: 3.0769
2025-05-27 23:32:30,115 - transvg_20250527_145759 - INFO - Epoch 37, Batch 1450/1696, Loss: 4.4878
2025-05-27 23:32:30,115 - transvg_20250527_145759 - INFO - Train metrics: l1_loss: 0.5188 | giou_loss: 0.9343 | center_loss: 0.0251 | total_loss: 4.4878
2025-05-27 23:33:39,656 - transvg_20250527_145759 - INFO - Epoch 37, Batch 1500/1696, Loss: 3.1409
2025-05-27 23:33:39,656 - transvg_20250527_145759 - INFO - Train metrics: l1_loss: 0.3125 | giou_loss: 0.7841 | center_loss: 0.0103 | total_loss: 3.1409
2025-05-27 23:34:49,278 - transvg_20250527_145759 - INFO - Epoch 37, Batch 1550/1696, Loss: 3.8177
2025-05-27 23:34:49,278 - transvg_20250527_145759 - INFO - Train metrics: l1_loss: 0.4202 | giou_loss: 0.8524 | center_loss: 0.0119 | total_loss: 3.8177
2025-05-27 23:35:58,597 - transvg_20250527_145759 - INFO - Epoch 37, Batch 1600/1696, Loss: 3.9225
2025-05-27 23:35:58,597 - transvg_20250527_145759 - INFO - Train metrics: l1_loss: 0.3873 | giou_loss: 0.9875 | center_loss: 0.0111 | total_loss: 3.9225
2025-05-27 23:37:07,169 - transvg_20250527_145759 - INFO - Epoch 37, Batch 1650/1696, Loss: 3.4256
2025-05-27 23:37:07,169 - transvg_20250527_145759 - INFO - Train metrics: l1_loss: 0.3341 | giou_loss: 0.8733 | center_loss: 0.0083 | total_loss: 3.4256
2025-05-27 23:38:09,182 - transvg_20250527_145759 - INFO - Train Epoch 37, Loss: 3.7162
2025-05-27 23:40:07,879 - transvg_20250527_145759 - INFO - Pred box sample: [93.62732696533203, 88.53279113769531, 269.99847412109375, 266.6044616699219]
2025-05-27 23:40:07,879 - transvg_20250527_145759 - INFO - Target box sample: [207.0, 198.0, 287.0, 283.0]
2025-05-27 23:40:07,967 - transvg_20250527_145759 - INFO - Validation Epoch 37, Loss: 4.6440
2025-05-27 23:40:07,967 - transvg_20250527_145759 - INFO - Val metrics: Acc@0.25: 0.3108 | Acc@0.5: 0.1145 | Acc@0.75: 0.0125 | mIoU: 0.1790 | medianIoU: 0.0793 | mae_x1: 103.3450 | mae_y1: 100.2493 | mae_x2: 104.4746 | mae_y2: 99.2846 | center_x_error: 89.9405 | center_y_error: 84.6484 | width_error: 2.1992 | height_error: 2.1264 | loss: 4.6440
2025-05-27 23:40:08,832 - transvg_20250527_145759 - INFO - Saved model checkpoint to /home/pokle/Trans-VG/visual_grounding/checkpoints/transvg_20250527_145759_epoch37.pth
2025-05-27 23:40:08,833 - transvg_20250527_145759 - INFO - Epoch 38/200
2025-05-27 23:40:11,484 - transvg_20250527_145759 - INFO - Epoch 38, Batch 0/1696, Loss: 3.6885
2025-05-27 23:40:11,485 - transvg_20250527_145759 - INFO - Train metrics: l1_loss: 0.3644 | giou_loss: 0.9271 | center_loss: 0.0124 | total_loss: 3.6885
2025-05-27 23:41:20,490 - transvg_20250527_145759 - INFO - Epoch 38, Batch 50/1696, Loss: 2.5531
2025-05-27 23:41:20,490 - transvg_20250527_145759 - INFO - Train metrics: l1_loss: 0.2555 | giou_loss: 0.6357 | center_loss: 0.0045 | total_loss: 2.5531
2025-05-27 23:42:29,052 - transvg_20250527_145759 - INFO - Epoch 38, Batch 100/1696, Loss: 3.1232
2025-05-27 23:42:29,052 - transvg_20250527_145759 - INFO - Train metrics: l1_loss: 0.2980 | giou_loss: 0.8133 | center_loss: 0.0067 | total_loss: 3.1232
2025-05-27 23:43:37,483 - transvg_20250527_145759 - INFO - Epoch 38, Batch 150/1696, Loss: 4.1592
2025-05-27 23:43:37,483 - transvg_20250527_145759 - INFO - Train metrics: l1_loss: 0.4408 | giou_loss: 0.9665 | center_loss: 0.0220 | total_loss: 4.1592
2025-05-27 23:44:46,884 - transvg_20250527_145759 - INFO - Epoch 38, Batch 200/1696, Loss: 4.1657
2025-05-27 23:44:46,884 - transvg_20250527_145759 - INFO - Train metrics: l1_loss: 0.4249 | giou_loss: 1.0123 | center_loss: 0.0168 | total_loss: 4.1657
2025-05-27 23:45:55,694 - transvg_20250527_145759 - INFO - Epoch 38, Batch 250/1696, Loss: 3.6650
2025-05-27 23:45:55,694 - transvg_20250527_145759 - INFO - Train metrics: l1_loss: 0.3494 | giou_loss: 0.9544 | center_loss: 0.0091 | total_loss: 3.6650
2025-05-27 23:47:04,509 - transvg_20250527_145759 - INFO - Epoch 38, Batch 300/1696, Loss: 2.9035
2025-05-27 23:47:04,510 - transvg_20250527_145759 - INFO - Train metrics: l1_loss: 0.2884 | giou_loss: 0.7282 | center_loss: 0.0052 | total_loss: 2.9035
2025-05-27 23:48:13,345 - transvg_20250527_145759 - INFO - Epoch 38, Batch 350/1696, Loss: 3.5126
2025-05-27 23:48:13,345 - transvg_20250527_145759 - INFO - Train metrics: l1_loss: 0.3692 | giou_loss: 0.8308 | center_loss: 0.0051 | total_loss: 3.5126
2025-05-27 23:49:22,025 - transvg_20250527_145759 - INFO - Epoch 38, Batch 400/1696, Loss: 3.7684
2025-05-27 23:49:22,025 - transvg_20250527_145759 - INFO - Train metrics: l1_loss: 0.3906 | giou_loss: 0.9008 | center_loss: 0.0135 | total_loss: 3.7684
2025-05-27 23:50:30,960 - transvg_20250527_145759 - INFO - Epoch 38, Batch 450/1696, Loss: 3.5613
2025-05-27 23:50:30,960 - transvg_20250527_145759 - INFO - Train metrics: l1_loss: 0.3499 | giou_loss: 0.9026 | center_loss: 0.0064 | total_loss: 3.5613
2025-05-27 23:51:39,755 - transvg_20250527_145759 - INFO - Epoch 38, Batch 500/1696, Loss: 3.7016
2025-05-27 23:51:39,755 - transvg_20250527_145759 - INFO - Train metrics: l1_loss: 0.3544 | giou_loss: 0.9583 | center_loss: 0.0129 | total_loss: 3.7016
2025-05-27 23:52:49,001 - transvg_20250527_145759 - INFO - Epoch 38, Batch 550/1696, Loss: 3.6847
2025-05-27 23:52:49,002 - transvg_20250527_145759 - INFO - Train metrics: l1_loss: 0.3620 | giou_loss: 0.9306 | center_loss: 0.0134 | total_loss: 3.6847
2025-05-27 23:53:57,736 - transvg_20250527_145759 - INFO - Epoch 38, Batch 600/1696, Loss: 3.9694
2025-05-27 23:53:57,737 - transvg_20250527_145759 - INFO - Train metrics: l1_loss: 0.3982 | giou_loss: 0.9823 | center_loss: 0.0140 | total_loss: 3.9694
2025-05-27 23:55:06,828 - transvg_20250527_145759 - INFO - Epoch 38, Batch 650/1696, Loss: 4.7230
2025-05-27 23:55:06,828 - transvg_20250527_145759 - INFO - Train metrics: l1_loss: 0.5292 | giou_loss: 1.0248 | center_loss: 0.0276 | total_loss: 4.7230
2025-05-27 23:56:15,706 - transvg_20250527_145759 - INFO - Epoch 38, Batch 700/1696, Loss: 3.2351
2025-05-27 23:56:15,706 - transvg_20250527_145759 - INFO - Train metrics: l1_loss: 0.3277 | giou_loss: 0.7924 | center_loss: 0.0116 | total_loss: 3.2351
2025-05-27 23:57:25,135 - transvg_20250527_145759 - INFO - Epoch 38, Batch 750/1696, Loss: 3.7186
2025-05-27 23:57:25,135 - transvg_20250527_145759 - INFO - Train metrics: l1_loss: 0.3750 | giou_loss: 0.9163 | center_loss: 0.0109 | total_loss: 3.7186
2025-05-27 23:58:34,015 - transvg_20250527_145759 - INFO - Epoch 38, Batch 800/1696, Loss: 3.6082
2025-05-27 23:58:34,016 - transvg_20250527_145759 - INFO - Train metrics: l1_loss: 0.3751 | giou_loss: 0.8593 | center_loss: 0.0141 | total_loss: 3.6082
2025-05-27 23:59:42,763 - transvg_20250527_145759 - INFO - Epoch 38, Batch 850/1696, Loss: 4.6881
2025-05-27 23:59:42,764 - transvg_20250527_145759 - INFO - Train metrics: l1_loss: 0.5203 | giou_loss: 1.0315 | center_loss: 0.0235 | total_loss: 4.6881
2025-05-28 00:00:50,880 - transvg_20250527_145759 - INFO - Epoch 38, Batch 900/1696, Loss: 4.3261
2025-05-28 00:00:50,880 - transvg_20250527_145759 - INFO - Train metrics: l1_loss: 0.4583 | giou_loss: 1.0093 | center_loss: 0.0162 | total_loss: 4.3261
2025-05-28 00:01:59,283 - transvg_20250527_145759 - INFO - Epoch 38, Batch 950/1696, Loss: 3.2645
2025-05-28 00:01:59,283 - transvg_20250527_145759 - INFO - Train metrics: l1_loss: 0.3258 | giou_loss: 0.8148 | center_loss: 0.0061 | total_loss: 3.2645
2025-05-28 00:03:08,434 - transvg_20250527_145759 - INFO - Epoch 38, Batch 1000/1696, Loss: 3.9030
2025-05-28 00:03:08,434 - transvg_20250527_145759 - INFO - Train metrics: l1_loss: 0.4063 | giou_loss: 0.9278 | center_loss: 0.0162 | total_loss: 3.9030
2025-05-28 00:04:17,023 - transvg_20250527_145759 - INFO - Epoch 38, Batch 1050/1696, Loss: 4.2606
2025-05-28 00:04:17,024 - transvg_20250527_145759 - INFO - Train metrics: l1_loss: 0.4634 | giou_loss: 0.9619 | center_loss: 0.0198 | total_loss: 4.2606
2025-05-28 00:05:25,934 - transvg_20250527_145759 - INFO - Epoch 38, Batch 1100/1696, Loss: 3.9187
2025-05-28 00:05:25,935 - transvg_20250527_145759 - INFO - Train metrics: l1_loss: 0.4405 | giou_loss: 0.8510 | center_loss: 0.0144 | total_loss: 3.9187
2025-05-28 00:06:34,587 - transvg_20250527_145759 - INFO - Epoch 38, Batch 1150/1696, Loss: 3.9984
2025-05-28 00:06:34,587 - transvg_20250527_145759 - INFO - Train metrics: l1_loss: 0.4166 | giou_loss: 0.9485 | center_loss: 0.0185 | total_loss: 3.9984
2025-05-28 00:07:42,873 - transvg_20250527_145759 - INFO - Epoch 38, Batch 1200/1696, Loss: 2.8881
2025-05-28 00:07:42,873 - transvg_20250527_145759 - INFO - Train metrics: l1_loss: 0.2914 | giou_loss: 0.7131 | center_loss: 0.0049 | total_loss: 2.8881
2025-05-28 00:08:51,628 - transvg_20250527_145759 - INFO - Epoch 38, Batch 1250/1696, Loss: 3.4907
2025-05-28 00:08:51,628 - transvg_20250527_145759 - INFO - Train metrics: l1_loss: 0.3489 | giou_loss: 0.8673 | center_loss: 0.0116 | total_loss: 3.4907
2025-05-28 00:10:00,591 - transvg_20250527_145759 - INFO - Epoch 38, Batch 1300/1696, Loss: 3.4712
2025-05-28 00:10:00,591 - transvg_20250527_145759 - INFO - Train metrics: l1_loss: 0.3866 | giou_loss: 0.7626 | center_loss: 0.0129 | total_loss: 3.4712
2025-05-28 00:11:09,455 - transvg_20250527_145759 - INFO - Epoch 38, Batch 1350/1696, Loss: 3.6038
2025-05-28 00:11:09,455 - transvg_20250527_145759 - INFO - Train metrics: l1_loss: 0.3645 | giou_loss: 0.8851 | center_loss: 0.0112 | total_loss: 3.6038
2025-05-28 00:12:18,280 - transvg_20250527_145759 - INFO - Epoch 38, Batch 1400/1696, Loss: 3.6545
2025-05-28 00:12:18,281 - transvg_20250527_145759 - INFO - Train metrics: l1_loss: 0.3521 | giou_loss: 0.9431 | center_loss: 0.0080 | total_loss: 3.6545
2025-05-28 00:13:27,213 - transvg_20250527_145759 - INFO - Epoch 38, Batch 1450/1696, Loss: 4.4442
2025-05-28 00:13:27,213 - transvg_20250527_145759 - INFO - Train metrics: l1_loss: 0.4805 | giou_loss: 1.0116 | center_loss: 0.0187 | total_loss: 4.4442
2025-05-28 00:14:35,611 - transvg_20250527_145759 - INFO - Epoch 38, Batch 1500/1696, Loss: 3.3940
2025-05-28 00:14:35,611 - transvg_20250527_145759 - INFO - Train metrics: l1_loss: 0.3373 | giou_loss: 0.8457 | center_loss: 0.0159 | total_loss: 3.3940
2025-05-28 00:15:44,893 - transvg_20250527_145759 - INFO - Epoch 38, Batch 1550/1696, Loss: 3.1588
2025-05-28 00:15:44,893 - transvg_20250527_145759 - INFO - Train metrics: l1_loss: 0.2963 | giou_loss: 0.8356 | center_loss: 0.0062 | total_loss: 3.1588
2025-05-28 00:16:54,663 - transvg_20250527_145759 - INFO - Epoch 38, Batch 1600/1696, Loss: 3.7463
2025-05-28 00:16:54,663 - transvg_20250527_145759 - INFO - Train metrics: l1_loss: 0.4066 | giou_loss: 0.8517 | center_loss: 0.0098 | total_loss: 3.7463
2025-05-28 00:18:03,467 - transvg_20250527_145759 - INFO - Epoch 38, Batch 1650/1696, Loss: 2.9083
2025-05-28 00:18:03,467 - transvg_20250527_145759 - INFO - Train metrics: l1_loss: 0.2743 | giou_loss: 0.7653 | center_loss: 0.0063 | total_loss: 2.9083
2025-05-28 00:19:05,942 - transvg_20250527_145759 - INFO - Train Epoch 38, Loss: 3.7081
2025-05-28 00:21:04,435 - transvg_20250527_145759 - INFO - Pred box sample: [73.27210235595703, 87.1039810180664, 266.1055603027344, 254.56687927246094]
2025-05-28 00:21:04,435 - transvg_20250527_145759 - INFO - Target box sample: [207.0, 198.0, 287.0, 283.0]
2025-05-28 00:21:04,510 - transvg_20250527_145759 - INFO - Validation Epoch 38, Loss: 4.6704
2025-05-28 00:21:04,510 - transvg_20250527_145759 - INFO - Val metrics: Acc@0.25: 0.3118 | Acc@0.5: 0.1092 | Acc@0.75: 0.0154 | mIoU: 0.1783 | medianIoU: 0.0795 | mae_x1: 104.5389 | mae_y1: 98.8623 | mae_x2: 106.6704 | mae_y2: 100.9563 | center_x_error: 91.1951 | center_y_error: 84.7756 | width_error: 2.2272 | height_error: 2.1178 | loss: 4.6704
2025-05-28 00:21:05,369 - transvg_20250527_145759 - INFO - Saved model checkpoint to /home/pokle/Trans-VG/visual_grounding/checkpoints/transvg_20250527_145759_epoch38.pth
2025-05-28 00:21:05,369 - transvg_20250527_145759 - INFO - Epoch 39/200
2025-05-28 00:21:08,044 - transvg_20250527_145759 - INFO - Epoch 39, Batch 0/1696, Loss: 3.4931
2025-05-28 00:21:08,044 - transvg_20250527_145759 - INFO - Train metrics: l1_loss: 0.3341 | giou_loss: 0.9075 | center_loss: 0.0075 | total_loss: 3.4931
2025-05-28 00:22:17,172 - transvg_20250527_145759 - INFO - Epoch 39, Batch 50/1696, Loss: 3.5869
2025-05-28 00:22:17,172 - transvg_20250527_145759 - INFO - Train metrics: l1_loss: 0.3714 | giou_loss: 0.8598 | center_loss: 0.0101 | total_loss: 3.5869
2025-05-28 00:23:25,912 - transvg_20250527_145759 - INFO - Epoch 39, Batch 100/1696, Loss: 4.0746
2025-05-28 00:23:25,912 - transvg_20250527_145759 - INFO - Train metrics: l1_loss: 0.4402 | giou_loss: 0.9307 | center_loss: 0.0123 | total_loss: 4.0746
2025-05-28 00:24:34,652 - transvg_20250527_145759 - INFO - Epoch 39, Batch 150/1696, Loss: 4.5128
2025-05-28 00:24:34,653 - transvg_20250527_145759 - INFO - Train metrics: l1_loss: 0.4979 | giou_loss: 1.0037 | center_loss: 0.0157 | total_loss: 4.5128
2025-05-28 00:25:43,128 - transvg_20250527_145759 - INFO - Epoch 39, Batch 200/1696, Loss: 4.0781
2025-05-28 00:25:43,128 - transvg_20250527_145759 - INFO - Train metrics: l1_loss: 0.4707 | giou_loss: 0.8498 | center_loss: 0.0252 | total_loss: 4.0781
2025-05-28 00:26:51,572 - transvg_20250527_145759 - INFO - Epoch 39, Batch 250/1696, Loss: 3.3460
2025-05-28 00:26:51,572 - transvg_20250527_145759 - INFO - Train metrics: l1_loss: 0.3419 | giou_loss: 0.8149 | center_loss: 0.0068 | total_loss: 3.3460
2025-05-28 00:27:59,885 - transvg_20250527_145759 - INFO - Epoch 39, Batch 300/1696, Loss: 3.5802
2025-05-28 00:27:59,885 - transvg_20250527_145759 - INFO - Train metrics: l1_loss: 0.3849 | giou_loss: 0.8231 | center_loss: 0.0097 | total_loss: 3.5802
2025-05-28 00:29:08,258 - transvg_20250527_145759 - INFO - Epoch 39, Batch 350/1696, Loss: 3.3222
2025-05-28 00:29:08,259 - transvg_20250527_145759 - INFO - Train metrics: l1_loss: 0.3313 | giou_loss: 0.8277 | center_loss: 0.0102 | total_loss: 3.3222
2025-05-28 00:30:16,950 - transvg_20250527_145759 - INFO - Epoch 39, Batch 400/1696, Loss: 4.1667
2025-05-28 00:30:16,950 - transvg_20250527_145759 - INFO - Train metrics: l1_loss: 0.4448 | giou_loss: 0.9630 | center_loss: 0.0167 | total_loss: 4.1667
2025-05-28 00:31:25,452 - transvg_20250527_145759 - INFO - Epoch 39, Batch 450/1696, Loss: 3.5956
2025-05-28 00:31:25,452 - transvg_20250527_145759 - INFO - Train metrics: l1_loss: 0.3868 | giou_loss: 0.8227 | center_loss: 0.0161 | total_loss: 3.5956
2025-05-28 00:32:33,675 - transvg_20250527_145759 - INFO - Epoch 39, Batch 500/1696, Loss: 4.0866
2025-05-28 00:32:33,675 - transvg_20250527_145759 - INFO - Train metrics: l1_loss: 0.4349 | giou_loss: 0.9472 | center_loss: 0.0176 | total_loss: 4.0866
2025-05-28 00:33:42,166 - transvg_20250527_145759 - INFO - Epoch 39, Batch 550/1696, Loss: 3.4756
2025-05-28 00:33:42,166 - transvg_20250527_145759 - INFO - Train metrics: l1_loss: 0.3482 | giou_loss: 0.8612 | center_loss: 0.0123 | total_loss: 3.4756
2025-05-28 00:34:51,179 - transvg_20250527_145759 - INFO - Epoch 39, Batch 600/1696, Loss: 3.4839
2025-05-28 00:34:51,180 - transvg_20250527_145759 - INFO - Train metrics: l1_loss: 0.3611 | giou_loss: 0.8344 | center_loss: 0.0096 | total_loss: 3.4839
2025-05-28 00:35:59,396 - transvg_20250527_145759 - INFO - Epoch 39, Batch 650/1696, Loss: 3.6549
2025-05-28 00:35:59,396 - transvg_20250527_145759 - INFO - Train metrics: l1_loss: 0.3777 | giou_loss: 0.8763 | center_loss: 0.0139 | total_loss: 3.6549
2025-05-28 00:37:08,218 - transvg_20250527_145759 - INFO - Epoch 39, Batch 700/1696, Loss: 3.0930
2025-05-28 00:37:08,218 - transvg_20250527_145759 - INFO - Train metrics: l1_loss: 0.2809 | giou_loss: 0.8415 | center_loss: 0.0053 | total_loss: 3.0930
2025-05-28 00:38:16,842 - transvg_20250527_145759 - INFO - Epoch 39, Batch 750/1696, Loss: 3.1149
2025-05-28 00:38:16,842 - transvg_20250527_145759 - INFO - Train metrics: l1_loss: 0.3091 | giou_loss: 0.7820 | center_loss: 0.0056 | total_loss: 3.1149
2025-05-28 00:39:25,604 - transvg_20250527_145759 - INFO - Epoch 39, Batch 800/1696, Loss: 4.0192
2025-05-28 00:39:25,604 - transvg_20250527_145759 - INFO - Train metrics: l1_loss: 0.4005 | giou_loss: 1.0028 | center_loss: 0.0113 | total_loss: 4.0192
2025-05-28 00:40:34,885 - transvg_20250527_145759 - INFO - Epoch 39, Batch 850/1696, Loss: 3.7733
2025-05-28 00:40:34,885 - transvg_20250527_145759 - INFO - Train metrics: l1_loss: 0.3729 | giou_loss: 0.9501 | center_loss: 0.0085 | total_loss: 3.7733
2025-05-28 00:41:43,644 - transvg_20250527_145759 - INFO - Epoch 39, Batch 900/1696, Loss: 3.7361
2025-05-28 00:41:43,645 - transvg_20250527_145759 - INFO - Train metrics: l1_loss: 0.3987 | giou_loss: 0.8652 | center_loss: 0.0121 | total_loss: 3.7361
2025-05-28 00:42:52,192 - transvg_20250527_145759 - INFO - Epoch 39, Batch 950/1696, Loss: 3.7468
2025-05-28 00:42:52,192 - transvg_20250527_145759 - INFO - Train metrics: l1_loss: 0.3991 | giou_loss: 0.8694 | center_loss: 0.0124 | total_loss: 3.7468
2025-05-28 00:44:01,189 - transvg_20250527_145759 - INFO - Epoch 39, Batch 1000/1696, Loss: 4.1658
2025-05-28 00:44:01,189 - transvg_20250527_145759 - INFO - Train metrics: l1_loss: 0.4295 | giou_loss: 1.0015 | center_loss: 0.0151 | total_loss: 4.1658
2025-05-28 00:45:09,993 - transvg_20250527_145759 - INFO - Epoch 39, Batch 1050/1696, Loss: 3.4252
2025-05-28 00:45:09,993 - transvg_20250527_145759 - INFO - Train metrics: l1_loss: 0.3678 | giou_loss: 0.7874 | center_loss: 0.0114 | total_loss: 3.4252
2025-05-28 00:46:18,608 - transvg_20250527_145759 - INFO - Epoch 39, Batch 1100/1696, Loss: 2.5397
2025-05-28 00:46:18,608 - transvg_20250527_145759 - INFO - Train metrics: l1_loss: 0.2380 | giou_loss: 0.6727 | center_loss: 0.0043 | total_loss: 2.5397
2025-05-28 00:47:27,193 - transvg_20250527_145759 - INFO - Epoch 39, Batch 1150/1696, Loss: 3.5276
2025-05-28 00:47:27,193 - transvg_20250527_145759 - INFO - Train metrics: l1_loss: 0.3836 | giou_loss: 0.7993 | center_loss: 0.0114 | total_loss: 3.5276
2025-05-28 00:48:36,507 - transvg_20250527_145759 - INFO - Epoch 39, Batch 1200/1696, Loss: 4.3410
2025-05-28 00:48:36,507 - transvg_20250527_145759 - INFO - Train metrics: l1_loss: 0.4685 | giou_loss: 0.9914 | center_loss: 0.0156 | total_loss: 4.3410
2025-05-28 00:49:44,943 - transvg_20250527_145759 - INFO - Epoch 39, Batch 1250/1696, Loss: 4.1164
2025-05-28 00:49:44,943 - transvg_20250527_145759 - INFO - Train metrics: l1_loss: 0.4819 | giou_loss: 0.8403 | center_loss: 0.0264 | total_loss: 4.1164
2025-05-28 00:50:53,514 - transvg_20250527_145759 - INFO - Epoch 39, Batch 1300/1696, Loss: 4.1319
2025-05-28 00:50:53,514 - transvg_20250527_145759 - INFO - Train metrics: l1_loss: 0.4728 | giou_loss: 0.8700 | center_loss: 0.0280 | total_loss: 4.1319
2025-05-28 00:52:02,806 - transvg_20250527_145759 - INFO - Epoch 39, Batch 1350/1696, Loss: 3.6672
2025-05-28 00:52:02,806 - transvg_20250527_145759 - INFO - Train metrics: l1_loss: 0.3694 | giou_loss: 0.9045 | center_loss: 0.0113 | total_loss: 3.6672
2025-05-28 00:53:11,474 - transvg_20250527_145759 - INFO - Epoch 39, Batch 1400/1696, Loss: 3.5752
2025-05-28 00:53:11,474 - transvg_20250527_145759 - INFO - Train metrics: l1_loss: 0.3448 | giou_loss: 0.9207 | center_loss: 0.0099 | total_loss: 3.5752
2025-05-28 00:54:19,910 - transvg_20250527_145759 - INFO - Epoch 39, Batch 1450/1696, Loss: 3.1967
2025-05-28 00:54:19,911 - transvg_20250527_145759 - INFO - Train metrics: l1_loss: 0.3378 | giou_loss: 0.7471 | center_loss: 0.0135 | total_loss: 3.1967
2025-05-28 00:55:29,001 - transvg_20250527_145759 - INFO - Epoch 39, Batch 1500/1696, Loss: 3.8247
2025-05-28 00:55:29,001 - transvg_20250527_145759 - INFO - Train metrics: l1_loss: 0.4187 | giou_loss: 0.8589 | center_loss: 0.0135 | total_loss: 3.8247
2025-05-28 00:56:38,182 - transvg_20250527_145759 - INFO - Epoch 39, Batch 1550/1696, Loss: 4.3665
2025-05-28 00:56:38,182 - transvg_20250527_145759 - INFO - Train metrics: l1_loss: 0.5057 | giou_loss: 0.9081 | center_loss: 0.0217 | total_loss: 4.3665
2025-05-28 00:57:46,797 - transvg_20250527_145759 - INFO - Epoch 39, Batch 1600/1696, Loss: 3.7258
2025-05-28 00:57:46,798 - transvg_20250527_145759 - INFO - Train metrics: l1_loss: 0.3729 | giou_loss: 0.9248 | center_loss: 0.0116 | total_loss: 3.7258
2025-05-28 00:58:55,748 - transvg_20250527_145759 - INFO - Epoch 39, Batch 1650/1696, Loss: 2.9883
2025-05-28 00:58:55,749 - transvg_20250527_145759 - INFO - Train metrics: l1_loss: 0.2881 | giou_loss: 0.7705 | center_loss: 0.0066 | total_loss: 2.9883
2025-05-28 00:59:57,976 - transvg_20250527_145759 - INFO - Train Epoch 39, Loss: 3.6923
2025-05-28 01:01:57,021 - transvg_20250527_145759 - INFO - Pred box sample: [90.91444396972656, 94.53343963623047, 277.0956115722656, 272.15716552734375]
2025-05-28 01:01:57,021 - transvg_20250527_145759 - INFO - Target box sample: [207.0, 198.0, 287.0, 283.0]
2025-05-28 01:01:57,106 - transvg_20250527_145759 - INFO - Validation Epoch 39, Loss: 4.6190
2025-05-28 01:01:57,106 - transvg_20250527_145759 - INFO - Val metrics: Acc@0.25: 0.3185 | Acc@0.5: 0.1150 | Acc@0.75: 0.0157 | mIoU: 0.1830 | medianIoU: 0.0850 | mae_x1: 102.5662 | mae_y1: 100.5426 | mae_x2: 104.1581 | mae_y2: 100.6103 | center_x_error: 88.7756 | center_y_error: 84.3740 | width_error: 2.2733 | height_error: 2.2521 | loss: 4.6190
2025-05-28 01:01:57,962 - transvg_20250527_145759 - INFO - Saved model checkpoint to /home/pokle/Trans-VG/visual_grounding/checkpoints/transvg_20250527_145759_epoch39.pth
2025-05-28 01:01:57,963 - transvg_20250527_145759 - INFO - Epoch 40/200
2025-05-28 01:02:00,612 - transvg_20250527_145759 - INFO - Epoch 40, Batch 0/1696, Loss: 3.8590
2025-05-28 01:02:00,612 - transvg_20250527_145759 - INFO - Train metrics: l1_loss: 0.4080 | giou_loss: 0.9017 | center_loss: 0.0155 | total_loss: 3.8590
2025-05-28 01:03:09,156 - transvg_20250527_145759 - INFO - Epoch 40, Batch 50/1696, Loss: 3.5046
2025-05-28 01:03:09,156 - transvg_20250527_145759 - INFO - Train metrics: l1_loss: 0.3481 | giou_loss: 0.8759 | center_loss: 0.0125 | total_loss: 3.5046
2025-05-28 01:04:18,097 - transvg_20250527_145759 - INFO - Epoch 40, Batch 100/1696, Loss: 3.3472
2025-05-28 01:04:18,097 - transvg_20250527_145759 - INFO - Train metrics: l1_loss: 0.3316 | giou_loss: 0.8412 | center_loss: 0.0068 | total_loss: 3.3472
2025-05-28 01:05:26,626 - transvg_20250527_145759 - INFO - Epoch 40, Batch 150/1696, Loss: 4.0241
2025-05-28 01:05:26,627 - transvg_20250527_145759 - INFO - Train metrics: l1_loss: 0.4287 | giou_loss: 0.9310 | center_loss: 0.0187 | total_loss: 4.0241
2025-05-28 01:06:34,560 - transvg_20250527_145759 - INFO - Epoch 40, Batch 200/1696, Loss: 4.0677
2025-05-28 01:06:34,560 - transvg_20250527_145759 - INFO - Train metrics: l1_loss: 0.4200 | giou_loss: 0.9780 | center_loss: 0.0117 | total_loss: 4.0677
2025-05-28 01:07:43,074 - transvg_20250527_145759 - INFO - Epoch 40, Batch 250/1696, Loss: 3.4017
2025-05-28 01:07:43,074 - transvg_20250527_145759 - INFO - Train metrics: l1_loss: 0.3545 | giou_loss: 0.8108 | center_loss: 0.0076 | total_loss: 3.4017
2025-05-28 01:08:51,429 - transvg_20250527_145759 - INFO - Epoch 40, Batch 300/1696, Loss: 3.5955
2025-05-28 01:08:51,429 - transvg_20250527_145759 - INFO - Train metrics: l1_loss: 0.3794 | giou_loss: 0.8432 | center_loss: 0.0119 | total_loss: 3.5955
2025-05-28 01:10:00,013 - transvg_20250527_145759 - INFO - Epoch 40, Batch 350/1696, Loss: 2.6031
2025-05-28 01:10:00,013 - transvg_20250527_145759 - INFO - Train metrics: l1_loss: 0.2661 | giou_loss: 0.6342 | center_loss: 0.0041 | total_loss: 2.6031
2025-05-28 01:11:09,008 - transvg_20250527_145759 - INFO - Epoch 40, Batch 400/1696, Loss: 3.7291
2025-05-28 01:11:09,008 - transvg_20250527_145759 - INFO - Train metrics: l1_loss: 0.3817 | giou_loss: 0.9062 | center_loss: 0.0084 | total_loss: 3.7291
2025-05-28 01:12:17,195 - transvg_20250527_145759 - INFO - Epoch 40, Batch 450/1696, Loss: 3.9028
2025-05-28 01:12:17,196 - transvg_20250527_145759 - INFO - Train metrics: l1_loss: 0.3926 | giou_loss: 0.9633 | center_loss: 0.0132 | total_loss: 3.9028
2025-05-28 01:13:25,860 - transvg_20250527_145759 - INFO - Epoch 40, Batch 500/1696, Loss: 4.1098
2025-05-28 01:13:25,860 - transvg_20250527_145759 - INFO - Train metrics: l1_loss: 0.4205 | giou_loss: 0.9970 | center_loss: 0.0134 | total_loss: 4.1098
2025-05-28 01:14:34,346 - transvg_20250527_145759 - INFO - Epoch 40, Batch 550/1696, Loss: 2.5708
2025-05-28 01:14:34,346 - transvg_20250527_145759 - INFO - Train metrics: l1_loss: 0.2417 | giou_loss: 0.6791 | center_loss: 0.0043 | total_loss: 2.5708
2025-05-28 01:15:43,290 - transvg_20250527_145759 - INFO - Epoch 40, Batch 600/1696, Loss: 3.0532
2025-05-28 01:15:43,290 - transvg_20250527_145759 - INFO - Train metrics: l1_loss: 0.2835 | giou_loss: 0.8145 | center_loss: 0.0067 | total_loss: 3.0532
2025-05-28 01:16:52,483 - transvg_20250527_145759 - INFO - Epoch 40, Batch 650/1696, Loss: 3.5838
2025-05-28 01:16:52,483 - transvg_20250527_145759 - INFO - Train metrics: l1_loss: 0.3625 | giou_loss: 0.8815 | center_loss: 0.0083 | total_loss: 3.5838
2025-05-28 01:18:01,787 - transvg_20250527_145759 - INFO - Epoch 40, Batch 700/1696, Loss: 3.5525
2025-05-28 01:18:01,787 - transvg_20250527_145759 - INFO - Train metrics: l1_loss: 0.3837 | giou_loss: 0.8102 | center_loss: 0.0136 | total_loss: 3.5525
2025-05-28 01:19:10,809 - transvg_20250527_145759 - INFO - Epoch 40, Batch 750/1696, Loss: 3.8747
2025-05-28 01:19:10,809 - transvg_20250527_145759 - INFO - Train metrics: l1_loss: 0.3719 | giou_loss: 1.0008 | center_loss: 0.0136 | total_loss: 3.8747
2025-05-28 01:20:19,726 - transvg_20250527_145759 - INFO - Epoch 40, Batch 800/1696, Loss: 3.3396
2025-05-28 01:20:19,726 - transvg_20250527_145759 - INFO - Train metrics: l1_loss: 0.3490 | giou_loss: 0.7907 | center_loss: 0.0132 | total_loss: 3.3396
2025-05-28 01:21:28,544 - transvg_20250527_145759 - INFO - Epoch 40, Batch 850/1696, Loss: 4.3799
2025-05-28 01:21:28,544 - transvg_20250527_145759 - INFO - Train metrics: l1_loss: 0.4496 | giou_loss: 1.0566 | center_loss: 0.0186 | total_loss: 4.3799
2025-05-28 01:22:36,726 - transvg_20250527_145759 - INFO - Epoch 40, Batch 900/1696, Loss: 2.8432
2025-05-28 01:22:36,726 - transvg_20250527_145759 - INFO - Train metrics: l1_loss: 0.2774 | giou_loss: 0.7249 | center_loss: 0.0063 | total_loss: 2.8432
2025-05-28 01:23:45,323 - transvg_20250527_145759 - INFO - Epoch 40, Batch 950/1696, Loss: 3.9915
2025-05-28 01:23:45,323 - transvg_20250527_145759 - INFO - Train metrics: l1_loss: 0.4448 | giou_loss: 0.8750 | center_loss: 0.0176 | total_loss: 3.9915
2025-05-28 01:24:54,052 - transvg_20250527_145759 - INFO - Epoch 40, Batch 1000/1696, Loss: 3.6824
2025-05-28 01:24:54,052 - transvg_20250527_145759 - INFO - Train metrics: l1_loss: 0.3447 | giou_loss: 0.9752 | center_loss: 0.0085 | total_loss: 3.6824
2025-05-28 01:26:03,276 - transvg_20250527_145759 - INFO - Epoch 40, Batch 1050/1696, Loss: 3.7161
2025-05-28 01:26:03,276 - transvg_20250527_145759 - INFO - Train metrics: l1_loss: 0.3951 | giou_loss: 0.8637 | center_loss: 0.0133 | total_loss: 3.7161
2025-05-28 01:27:12,173 - transvg_20250527_145759 - INFO - Epoch 40, Batch 1100/1696, Loss: 3.4054
2025-05-28 01:27:12,174 - transvg_20250527_145759 - INFO - Train metrics: l1_loss: 0.3387 | giou_loss: 0.8532 | center_loss: 0.0055 | total_loss: 3.4054
2025-05-28 01:28:20,374 - transvg_20250527_145759 - INFO - Epoch 40, Batch 1150/1696, Loss: 3.9591
2025-05-28 01:28:20,374 - transvg_20250527_145759 - INFO - Train metrics: l1_loss: 0.3692 | giou_loss: 1.0509 | center_loss: 0.0113 | total_loss: 3.9591
2025-05-28 01:29:28,324 - transvg_20250527_145759 - INFO - Epoch 40, Batch 1200/1696, Loss: 4.2221
2025-05-28 01:29:28,324 - transvg_20250527_145759 - INFO - Train metrics: l1_loss: 0.4643 | giou_loss: 0.9409 | center_loss: 0.0191 | total_loss: 4.2221
2025-05-28 01:30:37,275 - transvg_20250527_145759 - INFO - Epoch 40, Batch 1250/1696, Loss: 3.3765
2025-05-28 01:30:37,275 - transvg_20250527_145759 - INFO - Train metrics: l1_loss: 0.3387 | giou_loss: 0.8367 | center_loss: 0.0096 | total_loss: 3.3765
2025-05-28 01:31:46,313 - transvg_20250527_145759 - INFO - Epoch 40, Batch 1300/1696, Loss: 2.6426
2025-05-28 01:31:46,314 - transvg_20250527_145759 - INFO - Train metrics: l1_loss: 0.2747 | giou_loss: 0.6327 | center_loss: 0.0037 | total_loss: 2.6426
2025-05-28 01:32:55,301 - transvg_20250527_145759 - INFO - Epoch 40, Batch 1350/1696, Loss: 3.7920
2025-05-28 01:32:55,301 - transvg_20250527_145759 - INFO - Train metrics: l1_loss: 0.3870 | giou_loss: 0.9211 | center_loss: 0.0150 | total_loss: 3.7920
2025-05-28 01:34:04,111 - transvg_20250527_145759 - INFO - Epoch 40, Batch 1400/1696, Loss: 4.3920
2025-05-28 01:34:04,111 - transvg_20250527_145759 - INFO - Train metrics: l1_loss: 0.5030 | giou_loss: 0.9282 | center_loss: 0.0204 | total_loss: 4.3920
2025-05-28 01:35:13,528 - transvg_20250527_145759 - INFO - Epoch 40, Batch 1450/1696, Loss: 3.7230
2025-05-28 01:35:13,528 - transvg_20250527_145759 - INFO - Train metrics: l1_loss: 0.3782 | giou_loss: 0.9088 | center_loss: 0.0145 | total_loss: 3.7230
2025-05-28 01:36:22,168 - transvg_20250527_145759 - INFO - Epoch 40, Batch 1500/1696, Loss: 4.3406
2025-05-28 01:36:22,168 - transvg_20250527_145759 - INFO - Train metrics: l1_loss: 0.4401 | giou_loss: 1.0635 | center_loss: 0.0129 | total_loss: 4.3406
2025-05-28 01:37:30,818 - transvg_20250527_145759 - INFO - Epoch 40, Batch 1550/1696, Loss: 3.8618
2025-05-28 01:37:30,818 - transvg_20250527_145759 - INFO - Train metrics: l1_loss: 0.3841 | giou_loss: 0.9657 | center_loss: 0.0097 | total_loss: 3.8618
2025-05-28 01:38:39,381 - transvg_20250527_145759 - INFO - Epoch 40, Batch 1600/1696, Loss: 3.3868
2025-05-28 01:38:39,381 - transvg_20250527_145759 - INFO - Train metrics: l1_loss: 0.4093 | giou_loss: 0.6624 | center_loss: 0.0158 | total_loss: 3.3868
2025-05-28 01:39:47,776 - transvg_20250527_145759 - INFO - Epoch 40, Batch 1650/1696, Loss: 3.9831
2025-05-28 01:39:47,776 - transvg_20250527_145759 - INFO - Train metrics: l1_loss: 0.4198 | giou_loss: 0.9341 | center_loss: 0.0159 | total_loss: 3.9831
2025-05-28 01:40:48,600 - transvg_20250527_145759 - INFO - Train Epoch 40, Loss: 3.6859
2025-05-28 01:42:47,755 - transvg_20250527_145759 - INFO - Pred box sample: [84.7339859008789, 102.12533569335938, 255.89956665039062, 270.4354553222656]
2025-05-28 01:42:47,756 - transvg_20250527_145759 - INFO - Target box sample: [207.0, 198.0, 287.0, 283.0]
2025-05-28 01:42:47,844 - transvg_20250527_145759 - INFO - Validation Epoch 40, Loss: 4.6601
2025-05-28 01:42:47,844 - transvg_20250527_145759 - INFO - Val metrics: Acc@0.25: 0.3089 | Acc@0.5: 0.1179 | Acc@0.75: 0.0141 | mIoU: 0.1789 | medianIoU: 0.0796 | mae_x1: 104.2100 | mae_y1: 102.1078 | mae_x2: 103.2650 | mae_y2: 100.2808 | center_x_error: 90.0909 | center_y_error: 85.9175 | width_error: 2.1435 | height_error: 2.1762 | loss: 4.6601
2025-05-28 01:42:48,701 - transvg_20250527_145759 - INFO - Saved model checkpoint to /home/pokle/Trans-VG/visual_grounding/checkpoints/transvg_20250527_145759_epoch40.pth
2025-05-28 01:42:48,702 - transvg_20250527_145759 - INFO - Epoch 41/200
2025-05-28 01:42:51,335 - transvg_20250527_145759 - INFO - Epoch 41, Batch 0/1696, Loss: 3.1462
2025-05-28 01:42:51,336 - transvg_20250527_145759 - INFO - Train metrics: l1_loss: 0.3136 | giou_loss: 0.7838 | center_loss: 0.0105 | total_loss: 3.1462
2025-05-28 01:43:59,789 - transvg_20250527_145759 - INFO - Epoch 41, Batch 50/1696, Loss: 2.9737
2025-05-28 01:43:59,789 - transvg_20250527_145759 - INFO - Train metrics: l1_loss: 0.2840 | giou_loss: 0.7739 | center_loss: 0.0057 | total_loss: 2.9737
2025-05-28 01:45:08,715 - transvg_20250527_145759 - INFO - Epoch 41, Batch 100/1696, Loss: 3.4601
2025-05-28 01:45:08,715 - transvg_20250527_145759 - INFO - Train metrics: l1_loss: 0.3539 | giou_loss: 0.8405 | center_loss: 0.0094 | total_loss: 3.4601
2025-05-28 01:46:17,128 - transvg_20250527_145759 - INFO - Epoch 41, Batch 150/1696, Loss: 3.2995
2025-05-28 01:46:17,128 - transvg_20250527_145759 - INFO - Train metrics: l1_loss: 0.3185 | giou_loss: 0.8495 | center_loss: 0.0078 | total_loss: 3.2995
2025-05-28 01:47:25,496 - transvg_20250527_145759 - INFO - Epoch 41, Batch 200/1696, Loss: 3.3861
2025-05-28 01:47:25,496 - transvg_20250527_145759 - INFO - Train metrics: l1_loss: 0.3433 | giou_loss: 0.8299 | center_loss: 0.0099 | total_loss: 3.3861
2025-05-28 01:48:34,217 - transvg_20250527_145759 - INFO - Epoch 41, Batch 250/1696, Loss: 3.2296
2025-05-28 01:48:34,217 - transvg_20250527_145759 - INFO - Train metrics: l1_loss: 0.3298 | giou_loss: 0.7853 | center_loss: 0.0100 | total_loss: 3.2296
2025-05-28 01:49:42,406 - transvg_20250527_145759 - INFO - Epoch 41, Batch 300/1696, Loss: 3.4766
2025-05-28 01:49:42,406 - transvg_20250527_145759 - INFO - Train metrics: l1_loss: 0.3531 | giou_loss: 0.8509 | center_loss: 0.0091 | total_loss: 3.4766
2025-05-28 01:50:50,908 - transvg_20250527_145759 - INFO - Epoch 41, Batch 350/1696, Loss: 3.8623
2025-05-28 01:50:50,908 - transvg_20250527_145759 - INFO - Train metrics: l1_loss: 0.3785 | giou_loss: 0.9783 | center_loss: 0.0131 | total_loss: 3.8623
2025-05-28 01:51:59,737 - transvg_20250527_145759 - INFO - Epoch 41, Batch 400/1696, Loss: 3.8959
2025-05-28 01:51:59,737 - transvg_20250527_145759 - INFO - Train metrics: l1_loss: 0.4114 | giou_loss: 0.9126 | center_loss: 0.0139 | total_loss: 3.8959
2025-05-28 01:53:08,143 - transvg_20250527_145759 - INFO - Epoch 41, Batch 450/1696, Loss: 2.9869
2025-05-28 01:53:08,143 - transvg_20250527_145759 - INFO - Train metrics: l1_loss: 0.2861 | giou_loss: 0.7735 | center_loss: 0.0091 | total_loss: 2.9869
2025-05-28 01:54:16,447 - transvg_20250527_145759 - INFO - Epoch 41, Batch 500/1696, Loss: 4.3938
2025-05-28 01:54:16,448 - transvg_20250527_145759 - INFO - Train metrics: l1_loss: 0.5029 | giou_loss: 0.9268 | center_loss: 0.0257 | total_loss: 4.3938
2025-05-28 01:55:25,030 - transvg_20250527_145759 - INFO - Epoch 41, Batch 550/1696, Loss: 4.3541
2025-05-28 01:55:25,030 - transvg_20250527_145759 - INFO - Train metrics: l1_loss: 0.4652 | giou_loss: 1.0058 | center_loss: 0.0164 | total_loss: 4.3541
2025-05-28 01:56:33,567 - transvg_20250527_145759 - INFO - Epoch 41, Batch 600/1696, Loss: 3.8555
2025-05-28 01:56:33,567 - transvg_20250527_145759 - INFO - Train metrics: l1_loss: 0.4342 | giou_loss: 0.8306 | center_loss: 0.0235 | total_loss: 3.8555
2025-05-28 01:57:42,275 - transvg_20250527_145759 - INFO - Epoch 41, Batch 650/1696, Loss: 4.2549
2025-05-28 01:57:42,275 - transvg_20250527_145759 - INFO - Train metrics: l1_loss: 0.4476 | giou_loss: 0.9952 | center_loss: 0.0268 | total_loss: 4.2549
2025-05-28 01:58:50,455 - transvg_20250527_145759 - INFO - Epoch 41, Batch 700/1696, Loss: 3.4814
2025-05-28 01:58:50,456 - transvg_20250527_145759 - INFO - Train metrics: l1_loss: 0.3279 | giou_loss: 0.9153 | center_loss: 0.0113 | total_loss: 3.4814
2025-05-28 01:59:58,652 - transvg_20250527_145759 - INFO - Epoch 41, Batch 750/1696, Loss: 3.0804
2025-05-28 01:59:58,652 - transvg_20250527_145759 - INFO - Train metrics: l1_loss: 0.2975 | giou_loss: 0.7934 | center_loss: 0.0061 | total_loss: 3.0804
2025-05-28 02:01:06,586 - transvg_20250527_145759 - INFO - Epoch 41, Batch 800/1696, Loss: 3.9794
2025-05-28 02:01:06,586 - transvg_20250527_145759 - INFO - Train metrics: l1_loss: 0.3971 | giou_loss: 0.9886 | center_loss: 0.0165 | total_loss: 3.9794
2025-05-28 02:02:15,558 - transvg_20250527_145759 - INFO - Epoch 41, Batch 850/1696, Loss: 4.3602
2025-05-28 02:02:15,558 - transvg_20250527_145759 - INFO - Train metrics: l1_loss: 0.5100 | giou_loss: 0.8929 | center_loss: 0.0241 | total_loss: 4.3602
2025-05-28 02:03:24,776 - transvg_20250527_145759 - INFO - Epoch 41, Batch 900/1696, Loss: 4.4516
2025-05-28 02:03:24,776 - transvg_20250527_145759 - INFO - Train metrics: l1_loss: 0.4810 | giou_loss: 1.0120 | center_loss: 0.0227 | total_loss: 4.4516
2025-05-28 02:04:33,280 - transvg_20250527_145759 - INFO - Epoch 41, Batch 950/1696, Loss: 3.1219
2025-05-28 02:04:33,280 - transvg_20250527_145759 - INFO - Train metrics: l1_loss: 0.2944 | giou_loss: 0.8219 | center_loss: 0.0063 | total_loss: 3.1219
2025-05-28 02:05:41,583 - transvg_20250527_145759 - INFO - Epoch 41, Batch 1000/1696, Loss: 4.0496
2025-05-28 02:05:41,584 - transvg_20250527_145759 - INFO - Train metrics: l1_loss: 0.4222 | giou_loss: 0.9631 | center_loss: 0.0121 | total_loss: 4.0496
2025-05-28 02:06:49,709 - transvg_20250527_145759 - INFO - Epoch 41, Batch 1050/1696, Loss: 2.9832
2025-05-28 02:06:49,709 - transvg_20250527_145759 - INFO - Train metrics: l1_loss: 0.2724 | giou_loss: 0.8078 | center_loss: 0.0054 | total_loss: 2.9832
2025-05-28 02:07:57,992 - transvg_20250527_145759 - INFO - Epoch 41, Batch 1100/1696, Loss: 4.3314
2025-05-28 02:07:57,992 - transvg_20250527_145759 - INFO - Train metrics: l1_loss: 0.4346 | giou_loss: 1.0711 | center_loss: 0.0163 | total_loss: 4.3314
2025-05-28 02:09:06,361 - transvg_20250527_145759 - INFO - Epoch 41, Batch 1150/1696, Loss: 3.2890
2025-05-28 02:09:06,362 - transvg_20250527_145759 - INFO - Train metrics: l1_loss: 0.3495 | giou_loss: 0.7671 | center_loss: 0.0071 | total_loss: 3.2890
2025-05-28 02:10:15,207 - transvg_20250527_145759 - INFO - Epoch 41, Batch 1200/1696, Loss: 3.6136
2025-05-28 02:10:15,207 - transvg_20250527_145759 - INFO - Train metrics: l1_loss: 0.3534 | giou_loss: 0.9188 | center_loss: 0.0089 | total_loss: 3.6136
2025-05-28 02:11:23,604 - transvg_20250527_145759 - INFO - Epoch 41, Batch 1250/1696, Loss: 3.6853
2025-05-28 02:11:23,604 - transvg_20250527_145759 - INFO - Train metrics: l1_loss: 0.4029 | giou_loss: 0.8304 | center_loss: 0.0102 | total_loss: 3.6853
2025-05-28 02:12:31,798 - transvg_20250527_145759 - INFO - Epoch 41, Batch 1300/1696, Loss: 3.2427
2025-05-28 02:12:31,798 - transvg_20250527_145759 - INFO - Train metrics: l1_loss: 0.3218 | giou_loss: 0.8139 | center_loss: 0.0058 | total_loss: 3.2427
2025-05-28 02:13:40,294 - transvg_20250527_145759 - INFO - Epoch 41, Batch 1350/1696, Loss: 3.0308
2025-05-28 02:13:40,294 - transvg_20250527_145759 - INFO - Train metrics: l1_loss: 0.2938 | giou_loss: 0.7775 | center_loss: 0.0067 | total_loss: 3.0308
2025-05-28 02:14:49,139 - transvg_20250527_145759 - INFO - Epoch 41, Batch 1400/1696, Loss: 3.2018
2025-05-28 02:14:49,139 - transvg_20250527_145759 - INFO - Train metrics: l1_loss: 0.3253 | giou_loss: 0.7830 | center_loss: 0.0095 | total_loss: 3.2018
2025-05-28 02:15:58,017 - transvg_20250527_145759 - INFO - Epoch 41, Batch 1450/1696, Loss: 3.5861
2025-05-28 02:15:58,017 - transvg_20250527_145759 - INFO - Train metrics: l1_loss: 0.3230 | giou_loss: 0.9813 | center_loss: 0.0085 | total_loss: 3.5861
2025-05-28 02:17:06,106 - transvg_20250527_145759 - INFO - Epoch 41, Batch 1500/1696, Loss: 3.3534
2025-05-28 02:17:06,106 - transvg_20250527_145759 - INFO - Train metrics: l1_loss: 0.3260 | giou_loss: 0.8586 | center_loss: 0.0065 | total_loss: 3.3534
2025-05-28 02:18:14,722 - transvg_20250527_145759 - INFO - Epoch 41, Batch 1550/1696, Loss: 3.1928
2025-05-28 02:18:14,723 - transvg_20250527_145759 - INFO - Train metrics: l1_loss: 0.3105 | giou_loss: 0.8171 | center_loss: 0.0064 | total_loss: 3.1928
2025-05-28 02:19:23,431 - transvg_20250527_145759 - INFO - Epoch 41, Batch 1600/1696, Loss: 3.8590
2025-05-28 02:19:23,431 - transvg_20250527_145759 - INFO - Train metrics: l1_loss: 0.4110 | giou_loss: 0.8964 | center_loss: 0.0111 | total_loss: 3.8590
2025-05-28 02:20:31,936 - transvg_20250527_145759 - INFO - Epoch 41, Batch 1650/1696, Loss: 2.7525
2025-05-28 02:20:31,936 - transvg_20250527_145759 - INFO - Train metrics: l1_loss: 0.2546 | giou_loss: 0.7374 | center_loss: 0.0048 | total_loss: 2.7525
2025-05-28 02:21:33,857 - transvg_20250527_145759 - INFO - Train Epoch 41, Loss: 3.6719
2025-05-28 02:23:31,700 - transvg_20250527_145759 - INFO - Pred box sample: [92.18106842041016, 91.52177429199219, 276.2295837402344, 261.06005859375]
2025-05-28 02:23:31,700 - transvg_20250527_145759 - INFO - Target box sample: [207.0, 198.0, 287.0, 283.0]
2025-05-28 02:23:31,789 - transvg_20250527_145759 - INFO - Validation Epoch 41, Loss: 4.6417
2025-05-28 02:23:31,789 - transvg_20250527_145759 - INFO - Val metrics: Acc@0.25: 0.3142 | Acc@0.5: 0.1182 | Acc@0.75: 0.0125 | mIoU: 0.1796 | medianIoU: 0.0815 | mae_x1: 103.7599 | mae_y1: 100.5431 | mae_x2: 103.8189 | mae_y2: 98.7431 | center_x_error: 89.7547 | center_y_error: 84.3222 | width_error: 2.1773 | height_error: 2.1061 | loss: 4.6417
2025-05-28 02:23:32,655 - transvg_20250527_145759 - INFO - Saved model checkpoint to /home/pokle/Trans-VG/visual_grounding/checkpoints/transvg_20250527_145759_epoch41.pth
2025-05-28 02:23:32,656 - transvg_20250527_145759 - INFO - Epoch 42/200
2025-05-28 02:23:35,235 - transvg_20250527_145759 - INFO - Epoch 42, Batch 0/1696, Loss: 2.9365
2025-05-28 02:23:35,235 - transvg_20250527_145759 - INFO - Train metrics: l1_loss: 0.2805 | giou_loss: 0.7650 | center_loss: 0.0038 | total_loss: 2.9365
2025-05-28 02:24:43,893 - transvg_20250527_145759 - INFO - Epoch 42, Batch 50/1696, Loss: 3.6089
2025-05-28 02:24:43,893 - transvg_20250527_145759 - INFO - Train metrics: l1_loss: 0.4079 | giou_loss: 0.7766 | center_loss: 0.0163 | total_loss: 3.6089
2025-05-28 02:25:53,187 - transvg_20250527_145759 - INFO - Epoch 42, Batch 100/1696, Loss: 5.2153
2025-05-28 02:25:53,188 - transvg_20250527_145759 - INFO - Train metrics: l1_loss: 0.5564 | giou_loss: 1.2036 | center_loss: 0.0261 | total_loss: 5.2153
2025-05-28 02:27:01,922 - transvg_20250527_145759 - INFO - Epoch 42, Batch 150/1696, Loss: 4.1075
2025-05-28 02:27:01,923 - transvg_20250527_145759 - INFO - Train metrics: l1_loss: 0.4423 | giou_loss: 0.9386 | center_loss: 0.0189 | total_loss: 4.1075
2025-05-28 02:28:10,690 - transvg_20250527_145759 - INFO - Epoch 42, Batch 200/1696, Loss: 3.6367
2025-05-28 02:28:10,690 - transvg_20250527_145759 - INFO - Train metrics: l1_loss: 0.3780 | giou_loss: 0.8676 | center_loss: 0.0117 | total_loss: 3.6367
2025-05-28 02:29:19,405 - transvg_20250527_145759 - INFO - Epoch 42, Batch 250/1696, Loss: 3.6219
2025-05-28 02:29:19,405 - transvg_20250527_145759 - INFO - Train metrics: l1_loss: 0.3644 | giou_loss: 0.8959 | center_loss: 0.0079 | total_loss: 3.6219
2025-05-28 02:30:28,119 - transvg_20250527_145759 - INFO - Epoch 42, Batch 300/1696, Loss: 3.5671
2025-05-28 02:30:28,119 - transvg_20250527_145759 - INFO - Train metrics: l1_loss: 0.3611 | giou_loss: 0.8754 | center_loss: 0.0110 | total_loss: 3.5671
2025-05-28 02:31:36,561 - transvg_20250527_145759 - INFO - Epoch 42, Batch 350/1696, Loss: 4.0405
2025-05-28 02:31:36,561 - transvg_20250527_145759 - INFO - Train metrics: l1_loss: 0.4292 | giou_loss: 0.9414 | center_loss: 0.0118 | total_loss: 4.0405
2025-05-28 02:32:45,425 - transvg_20250527_145759 - INFO - Epoch 42, Batch 400/1696, Loss: 3.3955
2025-05-28 02:32:45,425 - transvg_20250527_145759 - INFO - Train metrics: l1_loss: 0.3143 | giou_loss: 0.9080 | center_loss: 0.0081 | total_loss: 3.3955
2025-05-28 02:33:53,841 - transvg_20250527_145759 - INFO - Epoch 42, Batch 450/1696, Loss: 3.0626
2025-05-28 02:33:53,841 - transvg_20250527_145759 - INFO - Train metrics: l1_loss: 0.2755 | giou_loss: 0.8397 | center_loss: 0.0057 | total_loss: 3.0626
2025-05-28 02:35:02,842 - transvg_20250527_145759 - INFO - Epoch 42, Batch 500/1696, Loss: 3.6678
2025-05-28 02:35:02,843 - transvg_20250527_145759 - INFO - Train metrics: l1_loss: 0.3666 | giou_loss: 0.9111 | center_loss: 0.0124 | total_loss: 3.6678
2025-05-28 02:36:11,065 - transvg_20250527_145759 - INFO - Epoch 42, Batch 550/1696, Loss: 3.1748
2025-05-28 02:36:11,065 - transvg_20250527_145759 - INFO - Train metrics: l1_loss: 0.3160 | giou_loss: 0.7919 | center_loss: 0.0111 | total_loss: 3.1748
2025-05-28 02:37:19,547 - transvg_20250527_145759 - INFO - Epoch 42, Batch 600/1696, Loss: 3.7655
2025-05-28 02:37:19,548 - transvg_20250527_145759 - INFO - Train metrics: l1_loss: 0.3959 | giou_loss: 0.8848 | center_loss: 0.0162 | total_loss: 3.7655
2025-05-28 02:38:27,800 - transvg_20250527_145759 - INFO - Epoch 42, Batch 650/1696, Loss: 3.3256
2025-05-28 02:38:27,800 - transvg_20250527_145759 - INFO - Train metrics: l1_loss: 0.3641 | giou_loss: 0.7459 | center_loss: 0.0133 | total_loss: 3.3256
2025-05-28 02:39:36,459 - transvg_20250527_145759 - INFO - Epoch 42, Batch 700/1696, Loss: 4.2594
2025-05-28 02:39:36,459 - transvg_20250527_145759 - INFO - Train metrics: l1_loss: 0.4610 | giou_loss: 0.9660 | center_loss: 0.0225 | total_loss: 4.2594
2025-05-28 02:40:44,820 - transvg_20250527_145759 - INFO - Epoch 42, Batch 750/1696, Loss: 2.9645
2025-05-28 02:40:44,821 - transvg_20250527_145759 - INFO - Train metrics: l1_loss: 0.2965 | giou_loss: 0.7383 | center_loss: 0.0054 | total_loss: 2.9645
2025-05-28 02:41:53,376 - transvg_20250527_145759 - INFO - Epoch 42, Batch 800/1696, Loss: 4.0626
2025-05-28 02:41:53,377 - transvg_20250527_145759 - INFO - Train metrics: l1_loss: 0.4152 | giou_loss: 0.9869 | center_loss: 0.0130 | total_loss: 4.0626
2025-05-28 02:43:01,594 - transvg_20250527_145759 - INFO - Epoch 42, Batch 850/1696, Loss: 2.7263
2025-05-28 02:43:01,594 - transvg_20250527_145759 - INFO - Train metrics: l1_loss: 0.2468 | giou_loss: 0.7445 | center_loss: 0.0032 | total_loss: 2.7263
2025-05-28 02:44:10,072 - transvg_20250527_145759 - INFO - Epoch 42, Batch 900/1696, Loss: 3.1260
2025-05-28 02:44:10,073 - transvg_20250527_145759 - INFO - Train metrics: l1_loss: 0.3039 | giou_loss: 0.8001 | center_loss: 0.0065 | total_loss: 3.1260
2025-05-28 02:45:18,257 - transvg_20250527_145759 - INFO - Epoch 42, Batch 950/1696, Loss: 5.0620
2025-05-28 02:45:18,257 - transvg_20250527_145759 - INFO - Train metrics: l1_loss: 0.5693 | giou_loss: 1.0899 | center_loss: 0.0356 | total_loss: 5.0620
2025-05-28 02:46:26,461 - transvg_20250527_145759 - INFO - Epoch 42, Batch 1000/1696, Loss: 3.7926
2025-05-28 02:46:26,461 - transvg_20250527_145759 - INFO - Train metrics: l1_loss: 0.4246 | giou_loss: 0.8266 | center_loss: 0.0165 | total_loss: 3.7926
2025-05-28 02:47:35,276 - transvg_20250527_145759 - INFO - Epoch 42, Batch 1050/1696, Loss: 3.6707
2025-05-28 02:47:35,276 - transvg_20250527_145759 - INFO - Train metrics: l1_loss: 0.3697 | giou_loss: 0.9045 | center_loss: 0.0133 | total_loss: 3.6707
2025-05-28 02:48:44,207 - transvg_20250527_145759 - INFO - Epoch 42, Batch 1100/1696, Loss: 3.5138
2025-05-28 02:48:44,207 - transvg_20250527_145759 - INFO - Train metrics: l1_loss: 0.3209 | giou_loss: 0.9517 | center_loss: 0.0059 | total_loss: 3.5138
2025-05-28 02:49:52,827 - transvg_20250527_145759 - INFO - Epoch 42, Batch 1150/1696, Loss: 4.2472
2025-05-28 02:49:52,827 - transvg_20250527_145759 - INFO - Train metrics: l1_loss: 0.4798 | giou_loss: 0.9126 | center_loss: 0.0231 | total_loss: 4.2472
2025-05-28 02:51:01,666 - transvg_20250527_145759 - INFO - Epoch 42, Batch 1200/1696, Loss: 3.8741
2025-05-28 02:51:01,666 - transvg_20250527_145759 - INFO - Train metrics: l1_loss: 0.4108 | giou_loss: 0.9047 | center_loss: 0.0105 | total_loss: 3.8741
2025-05-28 02:52:10,415 - transvg_20250527_145759 - INFO - Epoch 42, Batch 1250/1696, Loss: 3.4553
2025-05-28 02:52:10,415 - transvg_20250527_145759 - INFO - Train metrics: l1_loss: 0.3506 | giou_loss: 0.8462 | center_loss: 0.0097 | total_loss: 3.4553
2025-05-28 02:53:19,155 - transvg_20250527_145759 - INFO - Epoch 42, Batch 1300/1696, Loss: 3.0548
2025-05-28 02:53:19,155 - transvg_20250527_145759 - INFO - Train metrics: l1_loss: 0.2961 | giou_loss: 0.7843 | center_loss: 0.0057 | total_loss: 3.0548
2025-05-28 02:54:27,420 - transvg_20250527_145759 - INFO - Epoch 42, Batch 1350/1696, Loss: 4.3995
2025-05-28 02:54:27,421 - transvg_20250527_145759 - INFO - Train metrics: l1_loss: 0.4957 | giou_loss: 0.9482 | center_loss: 0.0245 | total_loss: 4.3995
2025-05-28 02:55:36,160 - transvg_20250527_145759 - INFO - Epoch 42, Batch 1400/1696, Loss: 3.7378
2025-05-28 02:55:36,160 - transvg_20250527_145759 - INFO - Train metrics: l1_loss: 0.3646 | giou_loss: 0.9513 | center_loss: 0.0123 | total_loss: 3.7378
2025-05-28 02:56:44,235 - transvg_20250527_145759 - INFO - Epoch 42, Batch 1450/1696, Loss: 3.9439
2025-05-28 02:56:44,235 - transvg_20250527_145759 - INFO - Train metrics: l1_loss: 0.4370 | giou_loss: 0.8708 | center_loss: 0.0174 | total_loss: 3.9439
2025-05-28 02:57:53,034 - transvg_20250527_145759 - INFO - Epoch 42, Batch 1500/1696, Loss: 3.5089
2025-05-28 02:57:53,034 - transvg_20250527_145759 - INFO - Train metrics: l1_loss: 0.3368 | giou_loss: 0.9085 | center_loss: 0.0080 | total_loss: 3.5089
2025-05-28 02:59:01,728 - transvg_20250527_145759 - INFO - Epoch 42, Batch 1550/1696, Loss: 4.7375
2025-05-28 02:59:01,728 - transvg_20250527_145759 - INFO - Train metrics: l1_loss: 0.5260 | giou_loss: 1.0373 | center_loss: 0.0325 | total_loss: 4.7375
2025-05-28 03:00:10,573 - transvg_20250527_145759 - INFO - Epoch 42, Batch 1600/1696, Loss: 2.6922
2025-05-28 03:00:10,574 - transvg_20250527_145759 - INFO - Train metrics: l1_loss: 0.2513 | giou_loss: 0.7155 | center_loss: 0.0046 | total_loss: 2.6922
2025-05-28 03:01:19,083 - transvg_20250527_145759 - INFO - Epoch 42, Batch 1650/1696, Loss: 3.4197
2025-05-28 03:01:19,083 - transvg_20250527_145759 - INFO - Train metrics: l1_loss: 0.3495 | giou_loss: 0.8321 | center_loss: 0.0082 | total_loss: 3.4197
2025-05-28 03:02:20,212 - transvg_20250527_145759 - INFO - Train Epoch 42, Loss: 3.6624
2025-05-28 03:04:17,225 - transvg_20250527_145759 - INFO - Pred box sample: [64.64146423339844, 81.44123077392578, 266.6435852050781, 245.4296417236328]
2025-05-28 03:04:17,225 - transvg_20250527_145759 - INFO - Target box sample: [207.0, 198.0, 287.0, 283.0]
2025-05-28 03:04:17,303 - transvg_20250527_145759 - INFO - Validation Epoch 42, Loss: 4.6584
2025-05-28 03:04:17,303 - transvg_20250527_145759 - INFO - Val metrics: Acc@0.25: 0.3169 | Acc@0.5: 0.1134 | Acc@0.75: 0.0162 | mIoU: 0.1818 | medianIoU: 0.0819 | mae_x1: 105.5201 | mae_y1: 101.3318 | mae_x2: 104.5632 | mae_y2: 100.0817 | center_x_error: 89.8689 | center_y_error: 85.3345 | width_error: 2.3402 | height_error: 2.1223 | loss: 4.6584
2025-05-28 03:04:18,147 - transvg_20250527_145759 - INFO - Saved model checkpoint to /home/pokle/Trans-VG/visual_grounding/checkpoints/transvg_20250527_145759_epoch42.pth
2025-05-28 03:04:18,148 - transvg_20250527_145759 - INFO - Epoch 43/200
2025-05-28 03:04:20,807 - transvg_20250527_145759 - INFO - Epoch 43, Batch 0/1696, Loss: 4.1704
2025-05-28 03:04:20,807 - transvg_20250527_145759 - INFO - Train metrics: l1_loss: 0.4521 | giou_loss: 0.9469 | center_loss: 0.0158 | total_loss: 4.1704
2025-05-28 03:05:29,463 - transvg_20250527_145759 - INFO - Epoch 43, Batch 50/1696, Loss: 3.0833
2025-05-28 03:05:29,463 - transvg_20250527_145759 - INFO - Train metrics: l1_loss: 0.2935 | giou_loss: 0.8055 | center_loss: 0.0050 | total_loss: 3.0833
2025-05-28 03:06:38,180 - transvg_20250527_145759 - INFO - Epoch 43, Batch 100/1696, Loss: 3.7261
2025-05-28 03:06:38,180 - transvg_20250527_145759 - INFO - Train metrics: l1_loss: 0.4176 | giou_loss: 0.8120 | center_loss: 0.0139 | total_loss: 3.7261
2025-05-28 03:07:46,975 - transvg_20250527_145759 - INFO - Epoch 43, Batch 150/1696, Loss: 3.6682
2025-05-28 03:07:46,975 - transvg_20250527_145759 - INFO - Train metrics: l1_loss: 0.3975 | giou_loss: 0.8322 | center_loss: 0.0165 | total_loss: 3.6682
2025-05-28 03:08:55,362 - transvg_20250527_145759 - INFO - Epoch 43, Batch 200/1696, Loss: 3.6129
2025-05-28 03:08:55,362 - transvg_20250527_145759 - INFO - Train metrics: l1_loss: 0.3791 | giou_loss: 0.8537 | center_loss: 0.0097 | total_loss: 3.6129
2025-05-28 03:10:04,272 - transvg_20250527_145759 - INFO - Epoch 43, Batch 250/1696, Loss: 4.1137
2025-05-28 03:10:04,272 - transvg_20250527_145759 - INFO - Train metrics: l1_loss: 0.4308 | giou_loss: 0.9703 | center_loss: 0.0191 | total_loss: 4.1137
2025-05-28 03:11:12,580 - transvg_20250527_145759 - INFO - Epoch 43, Batch 300/1696, Loss: 4.7660
2025-05-28 03:11:12,580 - transvg_20250527_145759 - INFO - Train metrics: l1_loss: 0.5175 | giou_loss: 1.0793 | center_loss: 0.0200 | total_loss: 4.7660
2025-05-28 03:12:21,608 - transvg_20250527_145759 - INFO - Epoch 43, Batch 350/1696, Loss: 3.8894
2025-05-28 03:12:21,608 - transvg_20250527_145759 - INFO - Train metrics: l1_loss: 0.3889 | giou_loss: 0.9677 | center_loss: 0.0094 | total_loss: 3.8894
2025-05-28 03:13:29,862 - transvg_20250527_145759 - INFO - Epoch 43, Batch 400/1696, Loss: 2.9746
2025-05-28 03:13:29,862 - transvg_20250527_145759 - INFO - Train metrics: l1_loss: 0.2810 | giou_loss: 0.7822 | center_loss: 0.0052 | total_loss: 2.9746
2025-05-28 03:14:38,516 - transvg_20250527_145759 - INFO - Epoch 43, Batch 450/1696, Loss: 3.8424
2025-05-28 03:14:38,516 - transvg_20250527_145759 - INFO - Train metrics: l1_loss: 0.3786 | giou_loss: 0.9663 | center_loss: 0.0169 | total_loss: 3.8424
2025-05-28 03:15:47,015 - transvg_20250527_145759 - INFO - Epoch 43, Batch 500/1696, Loss: 3.8885
2025-05-28 03:15:47,015 - transvg_20250527_145759 - INFO - Train metrics: l1_loss: 0.3953 | giou_loss: 0.9513 | center_loss: 0.0094 | total_loss: 3.8885
2025-05-28 03:16:55,110 - transvg_20250527_145759 - INFO - Epoch 43, Batch 550/1696, Loss: 3.7840
2025-05-28 03:16:55,111 - transvg_20250527_145759 - INFO - Train metrics: l1_loss: 0.3984 | giou_loss: 0.8873 | center_loss: 0.0172 | total_loss: 3.7840
2025-05-28 03:18:03,604 - transvg_20250527_145759 - INFO - Epoch 43, Batch 600/1696, Loss: 2.9926
2025-05-28 03:18:03,604 - transvg_20250527_145759 - INFO - Train metrics: l1_loss: 0.2671 | giou_loss: 0.8256 | center_loss: 0.0059 | total_loss: 2.9926
2025-05-28 03:19:11,626 - transvg_20250527_145759 - INFO - Epoch 43, Batch 650/1696, Loss: 3.4394
2025-05-28 03:19:11,626 - transvg_20250527_145759 - INFO - Train metrics: l1_loss: 0.3446 | giou_loss: 0.8538 | center_loss: 0.0087 | total_loss: 3.4394
2025-05-28 03:20:19,814 - transvg_20250527_145759 - INFO - Epoch 43, Batch 700/1696, Loss: 3.5170
2025-05-28 03:20:19,815 - transvg_20250527_145759 - INFO - Train metrics: l1_loss: 0.3268 | giou_loss: 0.9366 | center_loss: 0.0097 | total_loss: 3.5170
2025-05-28 03:21:27,921 - transvg_20250527_145759 - INFO - Epoch 43, Batch 750/1696, Loss: 4.0717
2025-05-28 03:21:27,921 - transvg_20250527_145759 - INFO - Train metrics: l1_loss: 0.3913 | giou_loss: 1.0521 | center_loss: 0.0113 | total_loss: 4.0717
2025-05-28 03:22:36,620 - transvg_20250527_145759 - INFO - Epoch 43, Batch 800/1696, Loss: 3.7382
2025-05-28 03:22:36,620 - transvg_20250527_145759 - INFO - Train metrics: l1_loss: 0.3796 | giou_loss: 0.9139 | center_loss: 0.0123 | total_loss: 3.7382
2025-05-28 03:23:45,020 - transvg_20250527_145759 - INFO - Epoch 43, Batch 850/1696, Loss: 4.1102
2025-05-28 03:23:45,020 - transvg_20250527_145759 - INFO - Train metrics: l1_loss: 0.4475 | giou_loss: 0.9268 | center_loss: 0.0194 | total_loss: 4.1102
2025-05-28 03:24:53,102 - transvg_20250527_145759 - INFO - Epoch 43, Batch 900/1696, Loss: 3.3679
2025-05-28 03:24:53,103 - transvg_20250527_145759 - INFO - Train metrics: l1_loss: 0.3388 | giou_loss: 0.8338 | center_loss: 0.0063 | total_loss: 3.3679
2025-05-28 03:26:01,741 - transvg_20250527_145759 - INFO - Epoch 43, Batch 950/1696, Loss: 4.3867
2025-05-28 03:26:01,741 - transvg_20250527_145759 - INFO - Train metrics: l1_loss: 0.4940 | giou_loss: 0.9491 | center_loss: 0.0186 | total_loss: 4.3867
2025-05-28 03:27:10,293 - transvg_20250527_145759 - INFO - Epoch 43, Batch 1000/1696, Loss: 4.1820
2025-05-28 03:27:10,293 - transvg_20250527_145759 - INFO - Train metrics: l1_loss: 0.4686 | giou_loss: 0.9075 | center_loss: 0.0243 | total_loss: 4.1820
2025-05-28 03:28:18,537 - transvg_20250527_145759 - INFO - Epoch 43, Batch 1050/1696, Loss: 3.9780
2025-05-28 03:28:18,537 - transvg_20250527_145759 - INFO - Train metrics: l1_loss: 0.4270 | giou_loss: 0.9158 | center_loss: 0.0113 | total_loss: 3.9780
2025-05-28 03:29:27,549 - transvg_20250527_145759 - INFO - Epoch 43, Batch 1100/1696, Loss: 3.6178
2025-05-28 03:29:27,549 - transvg_20250527_145759 - INFO - Train metrics: l1_loss: 0.3511 | giou_loss: 0.9277 | center_loss: 0.0068 | total_loss: 3.6178
2025-05-28 03:30:36,041 - transvg_20250527_145759 - INFO - Epoch 43, Batch 1150/1696, Loss: 3.5700
2025-05-28 03:30:36,041 - transvg_20250527_145759 - INFO - Train metrics: l1_loss: 0.3479 | giou_loss: 0.9116 | center_loss: 0.0075 | total_loss: 3.5700
2025-05-28 03:31:44,266 - transvg_20250527_145759 - INFO - Epoch 43, Batch 1200/1696, Loss: 3.9211
2025-05-28 03:31:44,267 - transvg_20250527_145759 - INFO - Train metrics: l1_loss: 0.4185 | giou_loss: 0.9031 | center_loss: 0.0223 | total_loss: 3.9211
2025-05-28 03:32:52,648 - transvg_20250527_145759 - INFO - Epoch 43, Batch 1250/1696, Loss: 3.5107
2025-05-28 03:32:52,648 - transvg_20250527_145759 - INFO - Train metrics: l1_loss: 0.3241 | giou_loss: 0.9411 | center_loss: 0.0080 | total_loss: 3.5107
2025-05-28 03:34:00,761 - transvg_20250527_145759 - INFO - Epoch 43, Batch 1300/1696, Loss: 3.4697
2025-05-28 03:34:00,762 - transvg_20250527_145759 - INFO - Train metrics: l1_loss: 0.3817 | giou_loss: 0.7748 | center_loss: 0.0116 | total_loss: 3.4697
2025-05-28 03:35:08,834 - transvg_20250527_145759 - INFO - Epoch 43, Batch 1350/1696, Loss: 3.7118
2025-05-28 03:35:08,834 - transvg_20250527_145759 - INFO - Train metrics: l1_loss: 0.3508 | giou_loss: 0.9745 | center_loss: 0.0086 | total_loss: 3.7118
2025-05-28 03:36:16,920 - transvg_20250527_145759 - INFO - Epoch 43, Batch 1400/1696, Loss: 4.1650
2025-05-28 03:36:16,920 - transvg_20250527_145759 - INFO - Train metrics: l1_loss: 0.4408 | giou_loss: 0.9712 | center_loss: 0.0184 | total_loss: 4.1650
2025-05-28 03:37:25,185 - transvg_20250527_145759 - INFO - Epoch 43, Batch 1450/1696, Loss: 4.1450
2025-05-28 03:37:25,186 - transvg_20250527_145759 - INFO - Train metrics: l1_loss: 0.4351 | giou_loss: 0.9777 | center_loss: 0.0144 | total_loss: 4.1450
2025-05-28 03:38:33,567 - transvg_20250527_145759 - INFO - Epoch 43, Batch 1500/1696, Loss: 3.6924
2025-05-28 03:38:33,568 - transvg_20250527_145759 - INFO - Train metrics: l1_loss: 0.4121 | giou_loss: 0.8097 | center_loss: 0.0124 | total_loss: 3.6924
2025-05-28 03:39:41,729 - transvg_20250527_145759 - INFO - Epoch 43, Batch 1550/1696, Loss: 3.7640
2025-05-28 03:39:41,730 - transvg_20250527_145759 - INFO - Train metrics: l1_loss: 0.4273 | giou_loss: 0.8070 | center_loss: 0.0133 | total_loss: 3.7640
2025-05-28 03:40:50,020 - transvg_20250527_145759 - INFO - Epoch 43, Batch 1600/1696, Loss: 3.7349
2025-05-28 03:40:50,020 - transvg_20250527_145759 - INFO - Train metrics: l1_loss: 0.3851 | giou_loss: 0.8990 | center_loss: 0.0113 | total_loss: 3.7349
2025-05-28 03:41:58,760 - transvg_20250527_145759 - INFO - Epoch 43, Batch 1650/1696, Loss: 3.9723
2025-05-28 03:41:58,760 - transvg_20250527_145759 - INFO - Train metrics: l1_loss: 0.4186 | giou_loss: 0.9324 | center_loss: 0.0143 | total_loss: 3.9723
2025-05-28 03:42:59,981 - transvg_20250527_145759 - INFO - Train Epoch 43, Loss: 3.6534
2025-05-28 03:44:58,210 - transvg_20250527_145759 - INFO - Pred box sample: [91.79946899414062, 102.94215393066406, 276.93280029296875, 264.189453125]
2025-05-28 03:44:58,210 - transvg_20250527_145759 - INFO - Target box sample: [207.0, 198.0, 287.0, 283.0]
2025-05-28 03:44:58,284 - transvg_20250527_145759 - INFO - Validation Epoch 43, Loss: 4.6912
2025-05-28 03:44:58,284 - transvg_20250527_145759 - INFO - Val metrics: Acc@0.25: 0.3084 | Acc@0.5: 0.1147 | Acc@0.75: 0.0112 | mIoU: 0.1786 | medianIoU: 0.0770 | mae_x1: 104.8402 | mae_y1: 102.2922 | mae_x2: 106.4258 | mae_y2: 100.4708 | center_x_error: 91.4070 | center_y_error: 85.7435 | width_error: 2.2146 | height_error: 2.1525 | loss: 4.6912
2025-05-28 03:44:59,132 - transvg_20250527_145759 - INFO - Saved model checkpoint to /home/pokle/Trans-VG/visual_grounding/checkpoints/transvg_20250527_145759_epoch43.pth
2025-05-28 03:44:59,133 - transvg_20250527_145759 - INFO - Epoch 44/200
2025-05-28 03:45:01,802 - transvg_20250527_145759 - INFO - Epoch 44, Batch 0/1696, Loss: 3.1295
2025-05-28 03:45:01,802 - transvg_20250527_145759 - INFO - Train metrics: l1_loss: 0.3203 | giou_loss: 0.7572 | center_loss: 0.0137 | total_loss: 3.1295
2025-05-28 03:46:10,226 - transvg_20250527_145759 - INFO - Epoch 44, Batch 50/1696, Loss: 3.5336
2025-05-28 03:46:10,227 - transvg_20250527_145759 - INFO - Train metrics: l1_loss: 0.3608 | giou_loss: 0.8596 | center_loss: 0.0104 | total_loss: 3.5336
2025-05-28 03:47:19,297 - transvg_20250527_145759 - INFO - Epoch 44, Batch 100/1696, Loss: 4.0594
2025-05-28 03:47:19,297 - transvg_20250527_145759 - INFO - Train metrics: l1_loss: 0.4261 | giou_loss: 0.9502 | center_loss: 0.0283 | total_loss: 4.0594
2025-05-28 03:48:27,674 - transvg_20250527_145759 - INFO - Epoch 44, Batch 150/1696, Loss: 3.9098
2025-05-28 03:48:27,675 - transvg_20250527_145759 - INFO - Train metrics: l1_loss: 0.3817 | giou_loss: 0.9946 | center_loss: 0.0119 | total_loss: 3.9098
2025-05-28 03:49:36,007 - transvg_20250527_145759 - INFO - Epoch 44, Batch 200/1696, Loss: 3.7078
2025-05-28 03:49:36,007 - transvg_20250527_145759 - INFO - Train metrics: l1_loss: 0.4007 | giou_loss: 0.8447 | center_loss: 0.0150 | total_loss: 3.7078
2025-05-28 03:50:45,530 - transvg_20250527_145759 - INFO - Epoch 44, Batch 250/1696, Loss: 3.6322
2025-05-28 03:50:45,530 - transvg_20250527_145759 - INFO - Train metrics: l1_loss: 0.3921 | giou_loss: 0.8301 | center_loss: 0.0114 | total_loss: 3.6322
2025-05-28 03:51:53,853 - transvg_20250527_145759 - INFO - Epoch 44, Batch 300/1696, Loss: 4.2747
2025-05-28 03:51:53,853 - transvg_20250527_145759 - INFO - Train metrics: l1_loss: 0.4490 | giou_loss: 1.0043 | center_loss: 0.0211 | total_loss: 4.2747
2025-05-28 03:53:03,136 - transvg_20250527_145759 - INFO - Epoch 44, Batch 350/1696, Loss: 4.0656
2025-05-28 03:53:03,137 - transvg_20250527_145759 - INFO - Train metrics: l1_loss: 0.4309 | giou_loss: 0.9452 | center_loss: 0.0205 | total_loss: 4.0656
2025-05-28 03:54:11,946 - transvg_20250527_145759 - INFO - Epoch 44, Batch 400/1696, Loss: 3.7186
2025-05-28 03:54:11,946 - transvg_20250527_145759 - INFO - Train metrics: l1_loss: 0.3591 | giou_loss: 0.9542 | center_loss: 0.0149 | total_loss: 3.7186
2025-05-28 03:55:20,735 - transvg_20250527_145759 - INFO - Epoch 44, Batch 450/1696, Loss: 3.5985
2025-05-28 03:55:20,735 - transvg_20250527_145759 - INFO - Train metrics: l1_loss: 0.3981 | giou_loss: 0.7958 | center_loss: 0.0164 | total_loss: 3.5985
2025-05-28 03:56:29,693 - transvg_20250527_145759 - INFO - Epoch 44, Batch 500/1696, Loss: 3.0950
2025-05-28 03:56:29,693 - transvg_20250527_145759 - INFO - Train metrics: l1_loss: 0.3069 | giou_loss: 0.7756 | center_loss: 0.0096 | total_loss: 3.0950
2025-05-28 03:57:38,587 - transvg_20250527_145759 - INFO - Epoch 44, Batch 550/1696, Loss: 3.5222
2025-05-28 03:57:38,588 - transvg_20250527_145759 - INFO - Train metrics: l1_loss: 0.3646 | giou_loss: 0.8464 | center_loss: 0.0063 | total_loss: 3.5222
2025-05-28 03:58:47,014 - transvg_20250527_145759 - INFO - Epoch 44, Batch 600/1696, Loss: 3.6281
2025-05-28 03:58:47,015 - transvg_20250527_145759 - INFO - Train metrics: l1_loss: 0.3972 | giou_loss: 0.8116 | center_loss: 0.0189 | total_loss: 3.6281
2025-05-28 03:59:55,330 - transvg_20250527_145759 - INFO - Epoch 44, Batch 650/1696, Loss: 3.2068
2025-05-28 03:59:55,330 - transvg_20250527_145759 - INFO - Train metrics: l1_loss: 0.2938 | giou_loss: 0.8656 | center_loss: 0.0065 | total_loss: 3.2068
2025-05-28 04:01:03,870 - transvg_20250527_145759 - INFO - Epoch 44, Batch 700/1696, Loss: 3.7787
2025-05-28 04:01:03,870 - transvg_20250527_145759 - INFO - Train metrics: l1_loss: 0.4011 | giou_loss: 0.8790 | center_loss: 0.0153 | total_loss: 3.7787
2025-05-28 04:02:12,691 - transvg_20250527_145759 - INFO - Epoch 44, Batch 750/1696, Loss: 3.0870
2025-05-28 04:02:12,692 - transvg_20250527_145759 - INFO - Train metrics: l1_loss: 0.3336 | giou_loss: 0.7028 | center_loss: 0.0136 | total_loss: 3.0870
2025-05-28 04:03:21,410 - transvg_20250527_145759 - INFO - Epoch 44, Batch 800/1696, Loss: 4.2121
2025-05-28 04:03:21,410 - transvg_20250527_145759 - INFO - Train metrics: l1_loss: 0.4189 | giou_loss: 1.0511 | center_loss: 0.0157 | total_loss: 4.2121
2025-05-28 04:04:30,140 - transvg_20250527_145759 - INFO - Epoch 44, Batch 850/1696, Loss: 3.8902
2025-05-28 04:04:30,140 - transvg_20250527_145759 - INFO - Train metrics: l1_loss: 0.3934 | giou_loss: 0.9536 | center_loss: 0.0161 | total_loss: 3.8902
2025-05-28 04:05:38,555 - transvg_20250527_145759 - INFO - Epoch 44, Batch 900/1696, Loss: 3.4803
2025-05-28 04:05:38,555 - transvg_20250527_145759 - INFO - Train metrics: l1_loss: 0.3462 | giou_loss: 0.8718 | center_loss: 0.0057 | total_loss: 3.4803
2025-05-28 04:06:47,323 - transvg_20250527_145759 - INFO - Epoch 44, Batch 950/1696, Loss: 3.5096
2025-05-28 04:06:47,323 - transvg_20250527_145759 - INFO - Train metrics: l1_loss: 0.3572 | giou_loss: 0.8582 | center_loss: 0.0073 | total_loss: 3.5096
2025-05-28 04:07:55,829 - transvg_20250527_145759 - INFO - Epoch 44, Batch 1000/1696, Loss: 3.3673
2025-05-28 04:07:55,830 - transvg_20250527_145759 - INFO - Train metrics: l1_loss: 0.3319 | giou_loss: 0.8510 | center_loss: 0.0060 | total_loss: 3.3673
2025-05-28 04:09:04,586 - transvg_20250527_145759 - INFO - Epoch 44, Batch 1050/1696, Loss: 3.0967
2025-05-28 04:09:04,586 - transvg_20250527_145759 - INFO - Train metrics: l1_loss: 0.2795 | giou_loss: 0.8466 | center_loss: 0.0062 | total_loss: 3.0967
2025-05-28 04:10:13,675 - transvg_20250527_145759 - INFO - Epoch 44, Batch 1100/1696, Loss: 2.8944
2025-05-28 04:10:13,675 - transvg_20250527_145759 - INFO - Train metrics: l1_loss: 0.3022 | giou_loss: 0.6881 | center_loss: 0.0071 | total_loss: 2.8944
2025-05-28 04:11:21,600 - transvg_20250527_145759 - INFO - Epoch 44, Batch 1150/1696, Loss: 3.4702
2025-05-28 04:11:21,600 - transvg_20250527_145759 - INFO - Train metrics: l1_loss: 0.3116 | giou_loss: 0.9525 | center_loss: 0.0070 | total_loss: 3.4702
2025-05-28 04:12:30,069 - transvg_20250527_145759 - INFO - Epoch 44, Batch 1200/1696, Loss: 3.5549
2025-05-28 04:12:30,069 - transvg_20250527_145759 - INFO - Train metrics: l1_loss: 0.3721 | giou_loss: 0.8418 | center_loss: 0.0109 | total_loss: 3.5549
2025-05-28 04:13:38,772 - transvg_20250527_145759 - INFO - Epoch 44, Batch 1250/1696, Loss: 2.9648
2025-05-28 04:13:38,773 - transvg_20250527_145759 - INFO - Train metrics: l1_loss: 0.2930 | giou_loss: 0.7460 | center_loss: 0.0078 | total_loss: 2.9648
2025-05-28 04:14:47,240 - transvg_20250527_145759 - INFO - Epoch 44, Batch 1300/1696, Loss: 3.4647
2025-05-28 04:14:47,240 - transvg_20250527_145759 - INFO - Train metrics: l1_loss: 0.3225 | giou_loss: 0.9224 | center_loss: 0.0073 | total_loss: 3.4647
2025-05-28 04:15:55,281 - transvg_20250527_145759 - INFO - Epoch 44, Batch 1350/1696, Loss: 2.5239
2025-05-28 04:15:55,281 - transvg_20250527_145759 - INFO - Train metrics: l1_loss: 0.2379 | giou_loss: 0.6654 | center_loss: 0.0038 | total_loss: 2.5239
2025-05-28 04:17:03,859 - transvg_20250527_145759 - INFO - Epoch 44, Batch 1400/1696, Loss: 4.1073
2025-05-28 04:17:03,859 - transvg_20250527_145759 - INFO - Train metrics: l1_loss: 0.4220 | giou_loss: 0.9893 | center_loss: 0.0190 | total_loss: 4.1073
2025-05-28 04:18:13,275 - transvg_20250527_145759 - INFO - Epoch 44, Batch 1450/1696, Loss: 3.5050
2025-05-28 04:18:13,275 - transvg_20250527_145759 - INFO - Train metrics: l1_loss: 0.3760 | giou_loss: 0.8068 | center_loss: 0.0115 | total_loss: 3.5050
2025-05-28 04:19:22,009 - transvg_20250527_145759 - INFO - Epoch 44, Batch 1500/1696, Loss: 3.4856
2025-05-28 04:19:22,010 - transvg_20250527_145759 - INFO - Train metrics: l1_loss: 0.3571 | giou_loss: 0.8456 | center_loss: 0.0092 | total_loss: 3.4856
2025-05-28 04:20:30,725 - transvg_20250527_145759 - INFO - Epoch 44, Batch 1550/1696, Loss: 4.1514
2025-05-28 04:20:30,726 - transvg_20250527_145759 - INFO - Train metrics: l1_loss: 0.4328 | giou_loss: 0.9853 | center_loss: 0.0170 | total_loss: 4.1514
2025-05-28 04:21:39,046 - transvg_20250527_145759 - INFO - Epoch 44, Batch 1600/1696, Loss: 3.2612
2025-05-28 04:21:39,046 - transvg_20250527_145759 - INFO - Train metrics: l1_loss: 0.2908 | giou_loss: 0.9012 | center_loss: 0.0048 | total_loss: 3.2612
2025-05-28 04:22:47,363 - transvg_20250527_145759 - INFO - Epoch 44, Batch 1650/1696, Loss: 3.3944
2025-05-28 04:22:47,363 - transvg_20250527_145759 - INFO - Train metrics: l1_loss: 0.3644 | giou_loss: 0.7801 | center_loss: 0.0123 | total_loss: 3.3944
2025-05-28 04:23:48,347 - transvg_20250527_145759 - INFO - Train Epoch 44, Loss: 3.6520
2025-05-28 04:25:45,301 - transvg_20250527_145759 - INFO - Pred box sample: [88.4562759399414, 81.94960021972656, 265.5928039550781, 253.0394744873047]
2025-05-28 04:25:45,302 - transvg_20250527_145759 - INFO - Target box sample: [207.0, 198.0, 287.0, 283.0]
2025-05-28 04:25:45,372 - transvg_20250527_145759 - INFO - Validation Epoch 44, Loss: 4.6752
2025-05-28 04:25:45,372 - transvg_20250527_145759 - INFO - Val metrics: Acc@0.25: 0.3105 | Acc@0.5: 0.1158 | Acc@0.75: 0.0149 | mIoU: 0.1795 | medianIoU: 0.0761 | mae_x1: 104.7863 | mae_y1: 101.6949 | mae_x2: 104.8361 | mae_y2: 100.3381 | center_x_error: 90.2241 | center_y_error: 86.2887 | width_error: 2.2303 | height_error: 2.0926 | loss: 4.6752
2025-05-28 04:25:46,213 - transvg_20250527_145759 - INFO - Saved model checkpoint to /home/pokle/Trans-VG/visual_grounding/checkpoints/transvg_20250527_145759_epoch44.pth
2025-05-28 04:25:46,214 - transvg_20250527_145759 - INFO - Epoch 45/200
2025-05-28 04:25:48,874 - transvg_20250527_145759 - INFO - Epoch 45, Batch 0/1696, Loss: 3.3585
2025-05-28 04:25:48,874 - transvg_20250527_145759 - INFO - Train metrics: l1_loss: 0.3304 | giou_loss: 0.8493 | center_loss: 0.0078 | total_loss: 3.3585
2025-05-28 04:26:57,122 - transvg_20250527_145759 - INFO - Epoch 45, Batch 50/1696, Loss: 3.1734
2025-05-28 04:26:57,122 - transvg_20250527_145759 - INFO - Train metrics: l1_loss: 0.3227 | giou_loss: 0.7768 | center_loss: 0.0065 | total_loss: 3.1734
2025-05-28 04:28:05,048 - transvg_20250527_145759 - INFO - Epoch 45, Batch 100/1696, Loss: 3.2984
2025-05-28 04:28:05,048 - transvg_20250527_145759 - INFO - Train metrics: l1_loss: 0.3000 | giou_loss: 0.8961 | center_loss: 0.0064 | total_loss: 3.2984
2025-05-28 04:29:13,766 - transvg_20250527_145759 - INFO - Epoch 45, Batch 150/1696, Loss: 2.8042
2025-05-28 04:29:13,766 - transvg_20250527_145759 - INFO - Train metrics: l1_loss: 0.2629 | giou_loss: 0.7426 | center_loss: 0.0046 | total_loss: 2.8042
2025-05-28 04:30:21,964 - transvg_20250527_145759 - INFO - Epoch 45, Batch 200/1696, Loss: 3.9437
2025-05-28 04:30:21,965 - transvg_20250527_145759 - INFO - Train metrics: l1_loss: 0.4082 | giou_loss: 0.9439 | center_loss: 0.0151 | total_loss: 3.9437
2025-05-28 04:31:30,483 - transvg_20250527_145759 - INFO - Epoch 45, Batch 250/1696, Loss: 4.0708
2025-05-28 04:31:30,484 - transvg_20250527_145759 - INFO - Train metrics: l1_loss: 0.4333 | giou_loss: 0.9465 | center_loss: 0.0111 | total_loss: 4.0708
2025-05-28 04:32:39,177 - transvg_20250527_145759 - INFO - Epoch 45, Batch 300/1696, Loss: 2.5446
2025-05-28 04:32:39,177 - transvg_20250527_145759 - INFO - Train metrics: l1_loss: 0.2620 | giou_loss: 0.6152 | center_loss: 0.0043 | total_loss: 2.5446
2025-05-28 04:33:47,680 - transvg_20250527_145759 - INFO - Epoch 45, Batch 350/1696, Loss: 3.2979
2025-05-28 04:33:47,680 - transvg_20250527_145759 - INFO - Train metrics: l1_loss: 0.3427 | giou_loss: 0.7872 | center_loss: 0.0100 | total_loss: 3.2979
2025-05-28 04:34:56,611 - transvg_20250527_145759 - INFO - Epoch 45, Batch 400/1696, Loss: 4.2570
2025-05-28 04:34:56,612 - transvg_20250527_145759 - INFO - Train metrics: l1_loss: 0.4374 | giou_loss: 1.0275 | center_loss: 0.0147 | total_loss: 4.2570
2025-05-28 04:36:04,983 - transvg_20250527_145759 - INFO - Epoch 45, Batch 450/1696, Loss: 4.1692
2025-05-28 04:36:04,983 - transvg_20250527_145759 - INFO - Train metrics: l1_loss: 0.4198 | giou_loss: 1.0272 | center_loss: 0.0159 | total_loss: 4.1692
2025-05-28 04:37:13,722 - transvg_20250527_145759 - INFO - Epoch 45, Batch 500/1696, Loss: 3.1043
2025-05-28 04:37:13,722 - transvg_20250527_145759 - INFO - Train metrics: l1_loss: 0.3132 | giou_loss: 0.7654 | center_loss: 0.0074 | total_loss: 3.1043
2025-05-28 04:38:22,651 - transvg_20250527_145759 - INFO - Epoch 45, Batch 550/1696, Loss: 2.8688
2025-05-28 04:38:22,652 - transvg_20250527_145759 - INFO - Train metrics: l1_loss: 0.2697 | giou_loss: 0.7577 | center_loss: 0.0048 | total_loss: 2.8688
2025-05-28 04:39:31,457 - transvg_20250527_145759 - INFO - Epoch 45, Batch 600/1696, Loss: 3.6720
2025-05-28 04:39:31,457 - transvg_20250527_145759 - INFO - Train metrics: l1_loss: 0.3804 | giou_loss: 0.8814 | center_loss: 0.0072 | total_loss: 3.6720
2025-05-28 04:40:39,904 - transvg_20250527_145759 - INFO - Epoch 45, Batch 650/1696, Loss: 3.2592
2025-05-28 04:40:39,904 - transvg_20250527_145759 - INFO - Train metrics: l1_loss: 0.3154 | giou_loss: 0.8383 | center_loss: 0.0055 | total_loss: 3.2592
2025-05-28 04:41:48,254 - transvg_20250527_145759 - INFO - Epoch 45, Batch 700/1696, Loss: 3.5505
2025-05-28 04:41:48,254 - transvg_20250527_145759 - INFO - Train metrics: l1_loss: 0.3766 | giou_loss: 0.8305 | center_loss: 0.0065 | total_loss: 3.5505
2025-05-28 04:42:56,655 - transvg_20250527_145759 - INFO - Epoch 45, Batch 750/1696, Loss: 5.0071
2025-05-28 04:42:56,655 - transvg_20250527_145759 - INFO - Train metrics: l1_loss: 0.5510 | giou_loss: 1.1125 | center_loss: 0.0270 | total_loss: 5.0071
2025-05-28 04:44:04,952 - transvg_20250527_145759 - INFO - Epoch 45, Batch 800/1696, Loss: 3.7979
2025-05-28 04:44:04,952 - transvg_20250527_145759 - INFO - Train metrics: l1_loss: 0.3651 | giou_loss: 0.9811 | center_loss: 0.0103 | total_loss: 3.7979
2025-05-28 04:45:12,940 - transvg_20250527_145759 - INFO - Epoch 45, Batch 850/1696, Loss: 4.0134
2025-05-28 04:45:12,940 - transvg_20250527_145759 - INFO - Train metrics: l1_loss: 0.4216 | giou_loss: 0.9455 | center_loss: 0.0145 | total_loss: 4.0134
2025-05-28 04:46:21,162 - transvg_20250527_145759 - INFO - Epoch 45, Batch 900/1696, Loss: 3.7257
2025-05-28 04:46:21,162 - transvg_20250527_145759 - INFO - Train metrics: l1_loss: 0.3799 | giou_loss: 0.9080 | center_loss: 0.0100 | total_loss: 3.7257
2025-05-28 04:47:29,577 - transvg_20250527_145759 - INFO - Epoch 45, Batch 950/1696, Loss: 4.1232
2025-05-28 04:47:29,577 - transvg_20250527_145759 - INFO - Train metrics: l1_loss: 0.4358 | giou_loss: 0.9643 | center_loss: 0.0156 | total_loss: 4.1232
2025-05-28 04:48:37,552 - transvg_20250527_145759 - INFO - Epoch 45, Batch 1000/1696, Loss: 3.5359
2025-05-28 04:48:37,552 - transvg_20250527_145759 - INFO - Train metrics: l1_loss: 0.4044 | giou_loss: 0.7474 | center_loss: 0.0191 | total_loss: 3.5359
2025-05-28 04:49:46,356 - transvg_20250527_145759 - INFO - Epoch 45, Batch 1050/1696, Loss: 3.2258
2025-05-28 04:49:46,356 - transvg_20250527_145759 - INFO - Train metrics: l1_loss: 0.2999 | giou_loss: 0.8599 | center_loss: 0.0064 | total_loss: 3.2258
2025-05-28 04:50:55,083 - transvg_20250527_145759 - INFO - Epoch 45, Batch 1100/1696, Loss: 3.1336
2025-05-28 04:50:55,083 - transvg_20250527_145759 - INFO - Train metrics: l1_loss: 0.2973 | giou_loss: 0.8193 | center_loss: 0.0087 | total_loss: 3.1336
2025-05-28 04:52:03,787 - transvg_20250527_145759 - INFO - Epoch 45, Batch 1150/1696, Loss: 3.5301
2025-05-28 04:52:03,787 - transvg_20250527_145759 - INFO - Train metrics: l1_loss: 0.3635 | giou_loss: 0.8516 | center_loss: 0.0095 | total_loss: 3.5301
2025-05-28 04:53:12,074 - transvg_20250527_145759 - INFO - Epoch 45, Batch 1200/1696, Loss: 3.6529
2025-05-28 04:53:12,074 - transvg_20250527_145759 - INFO - Train metrics: l1_loss: 0.3575 | giou_loss: 0.9255 | center_loss: 0.0143 | total_loss: 3.6529
2025-05-28 04:54:20,783 - transvg_20250527_145759 - INFO - Epoch 45, Batch 1250/1696, Loss: 4.2582
2025-05-28 04:54:20,783 - transvg_20250527_145759 - INFO - Train metrics: l1_loss: 0.4826 | giou_loss: 0.9121 | center_loss: 0.0209 | total_loss: 4.2582
2025-05-28 04:55:29,639 - transvg_20250527_145759 - INFO - Epoch 45, Batch 1300/1696, Loss: 4.0302
2025-05-28 04:55:29,640 - transvg_20250527_145759 - INFO - Train metrics: l1_loss: 0.4228 | giou_loss: 0.9500 | center_loss: 0.0163 | total_loss: 4.0302
2025-05-28 04:56:38,250 - transvg_20250527_145759 - INFO - Epoch 45, Batch 1350/1696, Loss: 3.4615
2025-05-28 04:56:38,251 - transvg_20250527_145759 - INFO - Train metrics: l1_loss: 0.3914 | giou_loss: 0.7452 | center_loss: 0.0143 | total_loss: 3.4615
2025-05-28 04:57:47,078 - transvg_20250527_145759 - INFO - Epoch 45, Batch 1400/1696, Loss: 3.2419
2025-05-28 04:57:47,078 - transvg_20250527_145759 - INFO - Train metrics: l1_loss: 0.3152 | giou_loss: 0.8298 | center_loss: 0.0065 | total_loss: 3.2419
2025-05-28 04:58:55,738 - transvg_20250527_145759 - INFO - Epoch 45, Batch 1450/1696, Loss: 4.0294
2025-05-28 04:58:55,738 - transvg_20250527_145759 - INFO - Train metrics: l1_loss: 0.4389 | giou_loss: 0.9088 | center_loss: 0.0174 | total_loss: 4.0294
2025-05-28 05:00:04,810 - transvg_20250527_145759 - INFO - Epoch 45, Batch 1500/1696, Loss: 3.0930
2025-05-28 05:00:04,811 - transvg_20250527_145759 - INFO - Train metrics: l1_loss: 0.3108 | giou_loss: 0.7640 | center_loss: 0.0110 | total_loss: 3.0930
2025-05-28 05:01:13,366 - transvg_20250527_145759 - INFO - Epoch 45, Batch 1550/1696, Loss: 3.0971
2025-05-28 05:01:13,366 - transvg_20250527_145759 - INFO - Train metrics: l1_loss: 0.3018 | giou_loss: 0.7906 | center_loss: 0.0070 | total_loss: 3.0971
2025-05-28 05:02:21,651 - transvg_20250527_145759 - INFO - Epoch 45, Batch 1600/1696, Loss: 3.9499
2025-05-28 05:02:21,652 - transvg_20250527_145759 - INFO - Train metrics: l1_loss: 0.4164 | giou_loss: 0.9270 | center_loss: 0.0137 | total_loss: 3.9499
2025-05-28 05:03:30,295 - transvg_20250527_145759 - INFO - Epoch 45, Batch 1650/1696, Loss: 3.6607
2025-05-28 05:03:30,295 - transvg_20250527_145759 - INFO - Train metrics: l1_loss: 0.3870 | giou_loss: 0.8563 | center_loss: 0.0133 | total_loss: 3.6607
2025-05-28 05:04:31,761 - transvg_20250527_145759 - INFO - Train Epoch 45, Loss: 3.6371
2025-05-28 05:06:29,926 - transvg_20250527_145759 - INFO - Pred box sample: [95.28556823730469, 99.97048950195312, 268.5858459472656, 263.4837951660156]
2025-05-28 05:06:29,926 - transvg_20250527_145759 - INFO - Target box sample: [207.0, 198.0, 287.0, 283.0]
2025-05-28 05:06:30,004 - transvg_20250527_145759 - INFO - Validation Epoch 45, Loss: 4.6723
2025-05-28 05:06:30,004 - transvg_20250527_145759 - INFO - Val metrics: Acc@0.25: 0.3076 | Acc@0.5: 0.1169 | Acc@0.75: 0.0135 | mIoU: 0.1793 | medianIoU: 0.0784 | mae_x1: 103.4908 | mae_y1: 99.6651 | mae_x2: 106.4657 | mae_y2: 100.2753 | center_x_error: 91.3124 | center_y_error: 84.8067 | width_error: 2.1478 | height_error: 2.0954 | loss: 4.6723
2025-05-28 05:06:30,853 - transvg_20250527_145759 - INFO - Saved model checkpoint to /home/pokle/Trans-VG/visual_grounding/checkpoints/transvg_20250527_145759_epoch45.pth
2025-05-28 05:06:30,853 - transvg_20250527_145759 - INFO - Epoch 46/200
2025-05-28 05:06:33,589 - transvg_20250527_145759 - INFO - Epoch 46, Batch 0/1696, Loss: 3.5314
2025-05-28 05:06:33,590 - transvg_20250527_145759 - INFO - Train metrics: l1_loss: 0.3673 | giou_loss: 0.8391 | center_loss: 0.0166 | total_loss: 3.5314
2025-05-28 05:07:42,219 - transvg_20250527_145759 - INFO - Epoch 46, Batch 50/1696, Loss: 4.2858
2025-05-28 05:07:42,220 - transvg_20250527_145759 - INFO - Train metrics: l1_loss: 0.4571 | giou_loss: 0.9912 | center_loss: 0.0178 | total_loss: 4.2858
2025-05-28 05:08:51,087 - transvg_20250527_145759 - INFO - Epoch 46, Batch 100/1696, Loss: 3.1262
2025-05-28 05:08:51,088 - transvg_20250527_145759 - INFO - Train metrics: l1_loss: 0.2958 | giou_loss: 0.8211 | center_loss: 0.0052 | total_loss: 3.1262
2025-05-28 05:09:58,999 - transvg_20250527_145759 - INFO - Epoch 46, Batch 150/1696, Loss: 3.1389
2025-05-28 05:09:58,999 - transvg_20250527_145759 - INFO - Train metrics: l1_loss: 0.3113 | giou_loss: 0.7875 | center_loss: 0.0072 | total_loss: 3.1389
2025-05-28 05:11:07,275 - transvg_20250527_145759 - INFO - Epoch 46, Batch 200/1696, Loss: 3.6126
2025-05-28 05:11:07,275 - transvg_20250527_145759 - INFO - Train metrics: l1_loss: 0.3736 | giou_loss: 0.8674 | center_loss: 0.0098 | total_loss: 3.6126
2025-05-28 05:12:15,665 - transvg_20250527_145759 - INFO - Epoch 46, Batch 250/1696, Loss: 3.0135
2025-05-28 05:12:15,665 - transvg_20250527_145759 - INFO - Train metrics: l1_loss: 0.2868 | giou_loss: 0.7868 | center_loss: 0.0058 | total_loss: 3.0135
2025-05-28 05:13:24,438 - transvg_20250527_145759 - INFO - Epoch 46, Batch 300/1696, Loss: 3.8949
2025-05-28 05:13:24,438 - transvg_20250527_145759 - INFO - Train metrics: l1_loss: 0.4119 | giou_loss: 0.9124 | center_loss: 0.0107 | total_loss: 3.8949
2025-05-28 05:14:32,876 - transvg_20250527_145759 - INFO - Epoch 46, Batch 350/1696, Loss: 3.4209
2025-05-28 05:14:32,876 - transvg_20250527_145759 - INFO - Train metrics: l1_loss: 0.3199 | giou_loss: 0.9070 | center_loss: 0.0072 | total_loss: 3.4209
2025-05-28 05:15:41,385 - transvg_20250527_145759 - INFO - Epoch 46, Batch 400/1696, Loss: 3.4325
2025-05-28 05:15:41,385 - transvg_20250527_145759 - INFO - Train metrics: l1_loss: 0.3424 | giou_loss: 0.8564 | center_loss: 0.0076 | total_loss: 3.4325
2025-05-28 05:16:50,320 - transvg_20250527_145759 - INFO - Epoch 46, Batch 450/1696, Loss: 3.8218
2025-05-28 05:16:50,321 - transvg_20250527_145759 - INFO - Train metrics: l1_loss: 0.3472 | giou_loss: 1.0389 | center_loss: 0.0083 | total_loss: 3.8218
2025-05-28 05:17:58,755 - transvg_20250527_145759 - INFO - Epoch 46, Batch 500/1696, Loss: 4.0627
2025-05-28 05:17:58,755 - transvg_20250527_145759 - INFO - Train metrics: l1_loss: 0.4239 | giou_loss: 0.9637 | center_loss: 0.0158 | total_loss: 4.0627
2025-05-28 05:19:07,328 - transvg_20250527_145759 - INFO - Epoch 46, Batch 550/1696, Loss: 4.4282
2025-05-28 05:19:07,328 - transvg_20250527_145759 - INFO - Train metrics: l1_loss: 0.4591 | giou_loss: 1.0572 | center_loss: 0.0184 | total_loss: 4.4282
2025-05-28 05:20:15,545 - transvg_20250527_145759 - INFO - Epoch 46, Batch 600/1696, Loss: 3.5615
2025-05-28 05:20:15,545 - transvg_20250527_145759 - INFO - Train metrics: l1_loss: 0.3680 | giou_loss: 0.8538 | center_loss: 0.0138 | total_loss: 3.5615
2025-05-28 05:21:24,011 - transvg_20250527_145759 - INFO - Epoch 46, Batch 650/1696, Loss: 3.5532
2025-05-28 05:21:24,011 - transvg_20250527_145759 - INFO - Train metrics: l1_loss: 0.3323 | giou_loss: 0.9429 | center_loss: 0.0061 | total_loss: 3.5532
2025-05-28 05:22:32,898 - transvg_20250527_145759 - INFO - Epoch 46, Batch 700/1696, Loss: 2.8366
2025-05-28 05:22:32,898 - transvg_20250527_145759 - INFO - Train metrics: l1_loss: 0.2618 | giou_loss: 0.7615 | center_loss: 0.0046 | total_loss: 2.8366
2025-05-28 05:23:41,245 - transvg_20250527_145759 - INFO - Epoch 46, Batch 750/1696, Loss: 3.6998
2025-05-28 05:23:41,245 - transvg_20250527_145759 - INFO - Train metrics: l1_loss: 0.3721 | giou_loss: 0.9147 | center_loss: 0.0097 | total_loss: 3.6998
2025-05-28 05:24:50,106 - transvg_20250527_145759 - INFO - Epoch 46, Batch 800/1696, Loss: 3.2727
2025-05-28 05:24:50,106 - transvg_20250527_145759 - INFO - Train metrics: l1_loss: 0.3472 | giou_loss: 0.7607 | center_loss: 0.0153 | total_loss: 3.2727
2025-05-28 05:25:58,970 - transvg_20250527_145759 - INFO - Epoch 46, Batch 850/1696, Loss: 3.6096
2025-05-28 05:25:58,970 - transvg_20250527_145759 - INFO - Train metrics: l1_loss: 0.3464 | giou_loss: 0.9349 | center_loss: 0.0078 | total_loss: 3.6096
2025-05-28 05:27:07,473 - transvg_20250527_145759 - INFO - Epoch 46, Batch 900/1696, Loss: 4.2532
2025-05-28 05:27:07,473 - transvg_20250527_145759 - INFO - Train metrics: l1_loss: 0.4368 | giou_loss: 1.0266 | center_loss: 0.0157 | total_loss: 4.2532
2025-05-28 05:28:15,878 - transvg_20250527_145759 - INFO - Epoch 46, Batch 950/1696, Loss: 4.0947
2025-05-28 05:28:15,878 - transvg_20250527_145759 - INFO - Train metrics: l1_loss: 0.4350 | giou_loss: 0.9484 | center_loss: 0.0226 | total_loss: 4.0947
2025-05-28 05:29:24,495 - transvg_20250527_145759 - INFO - Epoch 46, Batch 1000/1696, Loss: 3.9961
2025-05-28 05:29:24,495 - transvg_20250527_145759 - INFO - Train metrics: l1_loss: 0.4279 | giou_loss: 0.9200 | center_loss: 0.0164 | total_loss: 3.9961
2025-05-28 05:30:33,592 - transvg_20250527_145759 - INFO - Epoch 46, Batch 1050/1696, Loss: 3.4190
2025-05-28 05:30:33,592 - transvg_20250527_145759 - INFO - Train metrics: l1_loss: 0.3532 | giou_loss: 0.8219 | center_loss: 0.0094 | total_loss: 3.4190
2025-05-28 05:31:42,093 - transvg_20250527_145759 - INFO - Epoch 46, Batch 1100/1696, Loss: 3.2311
2025-05-28 05:31:42,093 - transvg_20250527_145759 - INFO - Train metrics: l1_loss: 0.2957 | giou_loss: 0.8732 | center_loss: 0.0060 | total_loss: 3.2311
2025-05-28 05:32:50,787 - transvg_20250527_145759 - INFO - Epoch 46, Batch 1150/1696, Loss: 3.9307
2025-05-28 05:32:50,788 - transvg_20250527_145759 - INFO - Train metrics: l1_loss: 0.4178 | giou_loss: 0.9133 | center_loss: 0.0151 | total_loss: 3.9307
2025-05-28 05:33:59,994 - transvg_20250527_145759 - INFO - Epoch 46, Batch 1200/1696, Loss: 3.2790
2025-05-28 05:33:59,994 - transvg_20250527_145759 - INFO - Train metrics: l1_loss: 0.2992 | giou_loss: 0.8892 | center_loss: 0.0047 | total_loss: 3.2790
2025-05-28 05:35:08,303 - transvg_20250527_145759 - INFO - Epoch 46, Batch 1250/1696, Loss: 3.7427
2025-05-28 05:35:08,304 - transvg_20250527_145759 - INFO - Train metrics: l1_loss: 0.3748 | giou_loss: 0.9288 | center_loss: 0.0108 | total_loss: 3.7427
2025-05-28 05:36:16,621 - transvg_20250527_145759 - INFO - Epoch 46, Batch 1300/1696, Loss: 3.0042
2025-05-28 05:36:16,621 - transvg_20250527_145759 - INFO - Train metrics: l1_loss: 0.2730 | giou_loss: 0.8182 | center_loss: 0.0028 | total_loss: 3.0042
2025-05-28 05:37:24,992 - transvg_20250527_145759 - INFO - Epoch 46, Batch 1350/1696, Loss: 4.8792
2025-05-28 05:37:24,992 - transvg_20250527_145759 - INFO - Train metrics: l1_loss: 0.5637 | giou_loss: 1.0127 | center_loss: 0.0351 | total_loss: 4.8792
2025-05-28 05:38:34,040 - transvg_20250527_145759 - INFO - Epoch 46, Batch 1400/1696, Loss: 3.7501
2025-05-28 05:38:34,040 - transvg_20250527_145759 - INFO - Train metrics: l1_loss: 0.4026 | giou_loss: 0.8615 | center_loss: 0.0141 | total_loss: 3.7501
2025-05-28 05:39:42,564 - transvg_20250527_145759 - INFO - Epoch 46, Batch 1450/1696, Loss: 3.2585
2025-05-28 05:39:42,564 - transvg_20250527_145759 - INFO - Train metrics: l1_loss: 0.3282 | giou_loss: 0.8055 | center_loss: 0.0064 | total_loss: 3.2585
2025-05-28 05:40:51,084 - transvg_20250527_145759 - INFO - Epoch 46, Batch 1500/1696, Loss: 3.0560
2025-05-28 05:40:51,084 - transvg_20250527_145759 - INFO - Train metrics: l1_loss: 0.2736 | giou_loss: 0.8422 | center_loss: 0.0036 | total_loss: 3.0560
2025-05-28 05:41:59,414 - transvg_20250527_145759 - INFO - Epoch 46, Batch 1550/1696, Loss: 4.4045
2025-05-28 05:41:59,414 - transvg_20250527_145759 - INFO - Train metrics: l1_loss: 0.4758 | giou_loss: 0.9990 | center_loss: 0.0277 | total_loss: 4.4045
2025-05-28 05:43:07,883 - transvg_20250527_145759 - INFO - Epoch 46, Batch 1600/1696, Loss: 3.7524
2025-05-28 05:43:07,883 - transvg_20250527_145759 - INFO - Train metrics: l1_loss: 0.3965 | giou_loss: 0.8736 | center_loss: 0.0226 | total_loss: 3.7524
2025-05-28 05:44:16,392 - transvg_20250527_145759 - INFO - Epoch 46, Batch 1650/1696, Loss: 3.7702
2025-05-28 05:44:16,393 - transvg_20250527_145759 - INFO - Train metrics: l1_loss: 0.3768 | giou_loss: 0.9376 | center_loss: 0.0109 | total_loss: 3.7702
2025-05-28 05:45:18,063 - transvg_20250527_145759 - INFO - Train Epoch 46, Loss: 3.6339
2025-05-28 05:47:15,550 - transvg_20250527_145759 - INFO - Pred box sample: [68.28915405273438, 90.12612915039062, 252.76412963867188, 263.7412414550781]
2025-05-28 05:47:15,551 - transvg_20250527_145759 - INFO - Target box sample: [207.0, 198.0, 287.0, 283.0]
2025-05-28 05:47:15,627 - transvg_20250527_145759 - INFO - Validation Epoch 46, Loss: 4.6687
2025-05-28 05:47:15,627 - transvg_20250527_145759 - INFO - Val metrics: Acc@0.25: 0.3121 | Acc@0.5: 0.1161 | Acc@0.75: 0.0141 | mIoU: 0.1801 | medianIoU: 0.0788 | mae_x1: 105.3819 | mae_y1: 100.5039 | mae_x2: 108.0647 | mae_y2: 99.9467 | center_x_error: 92.1644 | center_y_error: 84.0940 | width_error: 2.3253 | height_error: 2.2500 | loss: 4.6687
2025-05-28 05:47:16,472 - transvg_20250527_145759 - INFO - Saved model checkpoint to /home/pokle/Trans-VG/visual_grounding/checkpoints/transvg_20250527_145759_epoch46.pth
2025-05-28 05:47:16,473 - transvg_20250527_145759 - INFO - Epoch 47/200
2025-05-28 05:47:19,116 - transvg_20250527_145759 - INFO - Epoch 47, Batch 0/1696, Loss: 3.5115
2025-05-28 05:47:19,116 - transvg_20250527_145759 - INFO - Train metrics: l1_loss: 0.3663 | giou_loss: 0.8316 | center_loss: 0.0170 | total_loss: 3.5115
2025-05-28 05:48:27,567 - transvg_20250527_145759 - INFO - Epoch 47, Batch 50/1696, Loss: 3.3774
2025-05-28 05:48:27,568 - transvg_20250527_145759 - INFO - Train metrics: l1_loss: 0.3295 | giou_loss: 0.8609 | center_loss: 0.0081 | total_loss: 3.3774
2025-05-28 05:49:36,176 - transvg_20250527_145759 - INFO - Epoch 47, Batch 100/1696, Loss: 3.2446
2025-05-28 05:49:36,176 - transvg_20250527_145759 - INFO - Train metrics: l1_loss: 0.3071 | giou_loss: 0.8504 | center_loss: 0.0083 | total_loss: 3.2446
2025-05-28 05:50:44,502 - transvg_20250527_145759 - INFO - Epoch 47, Batch 150/1696, Loss: 4.7364
2025-05-28 05:50:44,502 - transvg_20250527_145759 - INFO - Train metrics: l1_loss: 0.5187 | giou_loss: 1.0591 | center_loss: 0.0248 | total_loss: 4.7364
2025-05-28 05:51:53,262 - transvg_20250527_145759 - INFO - Epoch 47, Batch 200/1696, Loss: 2.7575
2025-05-28 05:51:53,262 - transvg_20250527_145759 - INFO - Train metrics: l1_loss: 0.2646 | giou_loss: 0.7150 | center_loss: 0.0044 | total_loss: 2.7575
2025-05-28 05:53:01,930 - transvg_20250527_145759 - INFO - Epoch 47, Batch 250/1696, Loss: 3.4345
2025-05-28 05:53:01,930 - transvg_20250527_145759 - INFO - Train metrics: l1_loss: 0.3639 | giou_loss: 0.8030 | center_loss: 0.0087 | total_loss: 3.4345
2025-05-28 05:54:10,183 - transvg_20250527_145759 - INFO - Epoch 47, Batch 300/1696, Loss: 3.3200
2025-05-28 05:54:10,183 - transvg_20250527_145759 - INFO - Train metrics: l1_loss: 0.3507 | giou_loss: 0.7773 | center_loss: 0.0119 | total_loss: 3.3200
2025-05-28 05:55:19,225 - transvg_20250527_145759 - INFO - Epoch 47, Batch 350/1696, Loss: 2.9320
2025-05-28 05:55:19,225 - transvg_20250527_145759 - INFO - Train metrics: l1_loss: 0.2847 | giou_loss: 0.7513 | center_loss: 0.0057 | total_loss: 2.9320
2025-05-28 05:56:27,907 - transvg_20250527_145759 - INFO - Epoch 47, Batch 400/1696, Loss: 3.9437
2025-05-28 05:56:27,907 - transvg_20250527_145759 - INFO - Train metrics: l1_loss: 0.4103 | giou_loss: 0.9353 | center_loss: 0.0217 | total_loss: 3.9437
2025-05-28 05:57:36,429 - transvg_20250527_145759 - INFO - Epoch 47, Batch 450/1696, Loss: 4.4439
2025-05-28 05:57:36,430 - transvg_20250527_145759 - INFO - Train metrics: l1_loss: 0.4890 | giou_loss: 0.9890 | center_loss: 0.0211 | total_loss: 4.4439
2025-05-28 05:58:45,338 - transvg_20250527_145759 - INFO - Epoch 47, Batch 500/1696, Loss: 3.8047
2025-05-28 05:58:45,338 - transvg_20250527_145759 - INFO - Train metrics: l1_loss: 0.4153 | giou_loss: 0.8555 | center_loss: 0.0173 | total_loss: 3.8047
2025-05-28 05:59:54,138 - transvg_20250527_145759 - INFO - Epoch 47, Batch 550/1696, Loss: 3.7397
2025-05-28 05:59:54,138 - transvg_20250527_145759 - INFO - Train metrics: l1_loss: 0.3762 | giou_loss: 0.9228 | center_loss: 0.0132 | total_loss: 3.7397
2025-05-28 06:01:03,401 - transvg_20250527_145759 - INFO - Epoch 47, Batch 600/1696, Loss: 4.1028
2025-05-28 06:01:03,401 - transvg_20250527_145759 - INFO - Train metrics: l1_loss: 0.4638 | giou_loss: 0.8805 | center_loss: 0.0226 | total_loss: 4.1028
2025-05-28 06:02:12,173 - transvg_20250527_145759 - INFO - Epoch 47, Batch 650/1696, Loss: 3.3166
2025-05-28 06:02:12,173 - transvg_20250527_145759 - INFO - Train metrics: l1_loss: 0.3283 | giou_loss: 0.8351 | center_loss: 0.0051 | total_loss: 3.3166
2025-05-28 06:03:21,102 - transvg_20250527_145759 - INFO - Epoch 47, Batch 700/1696, Loss: 3.4564
2025-05-28 06:03:21,102 - transvg_20250527_145759 - INFO - Train metrics: l1_loss: 0.3306 | giou_loss: 0.8981 | center_loss: 0.0072 | total_loss: 3.4564
2025-05-28 06:04:29,870 - transvg_20250527_145759 - INFO - Epoch 47, Batch 750/1696, Loss: 3.5489
2025-05-28 06:04:29,870 - transvg_20250527_145759 - INFO - Train metrics: l1_loss: 0.3607 | giou_loss: 0.8669 | center_loss: 0.0114 | total_loss: 3.5489
2025-05-28 06:05:38,206 - transvg_20250527_145759 - INFO - Epoch 47, Batch 800/1696, Loss: 4.7807
2025-05-28 06:05:38,206 - transvg_20250527_145759 - INFO - Train metrics: l1_loss: 0.4960 | giou_loss: 1.1386 | center_loss: 0.0237 | total_loss: 4.7807
2025-05-28 06:06:46,719 - transvg_20250527_145759 - INFO - Epoch 47, Batch 850/1696, Loss: 3.7631
2025-05-28 06:06:46,719 - transvg_20250527_145759 - INFO - Train metrics: l1_loss: 0.3927 | giou_loss: 0.8930 | center_loss: 0.0138 | total_loss: 3.7631
2025-05-28 06:07:54,985 - transvg_20250527_145759 - INFO - Epoch 47, Batch 900/1696, Loss: 3.9858
2025-05-28 06:07:54,985 - transvg_20250527_145759 - INFO - Train metrics: l1_loss: 0.4113 | giou_loss: 0.9605 | center_loss: 0.0086 | total_loss: 3.9858
2025-05-28 06:09:03,854 - transvg_20250527_145759 - INFO - Epoch 47, Batch 950/1696, Loss: 3.5809
2025-05-28 06:09:03,854 - transvg_20250527_145759 - INFO - Train metrics: l1_loss: 0.3552 | giou_loss: 0.8968 | center_loss: 0.0114 | total_loss: 3.5809
2025-05-28 06:10:12,312 - transvg_20250527_145759 - INFO - Epoch 47, Batch 1000/1696, Loss: 3.7979
2025-05-28 06:10:12,312 - transvg_20250527_145759 - INFO - Train metrics: l1_loss: 0.4058 | giou_loss: 0.8780 | center_loss: 0.0129 | total_loss: 3.7979
2025-05-28 06:11:21,028 - transvg_20250527_145759 - INFO - Epoch 47, Batch 1050/1696, Loss: 3.1676
2025-05-28 06:11:21,029 - transvg_20250527_145759 - INFO - Train metrics: l1_loss: 0.3184 | giou_loss: 0.7838 | center_loss: 0.0080 | total_loss: 3.1676
2025-05-28 06:12:29,265 - transvg_20250527_145759 - INFO - Epoch 47, Batch 1100/1696, Loss: 4.0020
2025-05-28 06:12:29,266 - transvg_20250527_145759 - INFO - Train metrics: l1_loss: 0.4165 | giou_loss: 0.9531 | center_loss: 0.0136 | total_loss: 4.0020
2025-05-28 06:13:37,956 - transvg_20250527_145759 - INFO - Epoch 47, Batch 1150/1696, Loss: 3.2300
2025-05-28 06:13:37,956 - transvg_20250527_145759 - INFO - Train metrics: l1_loss: 0.3428 | giou_loss: 0.7524 | center_loss: 0.0111 | total_loss: 3.2300
2025-05-28 06:14:46,926 - transvg_20250527_145759 - INFO - Epoch 47, Batch 1200/1696, Loss: 2.9548
2025-05-28 06:14:46,926 - transvg_20250527_145759 - INFO - Train metrics: l1_loss: 0.2795 | giou_loss: 0.7756 | center_loss: 0.0063 | total_loss: 2.9548
2025-05-28 06:15:55,723 - transvg_20250527_145759 - INFO - Epoch 47, Batch 1250/1696, Loss: 4.9015
2025-05-28 06:15:55,723 - transvg_20250527_145759 - INFO - Train metrics: l1_loss: 0.5659 | giou_loss: 1.0220 | center_loss: 0.0282 | total_loss: 4.9015
2025-05-28 06:17:04,265 - transvg_20250527_145759 - INFO - Epoch 47, Batch 1300/1696, Loss: 3.3980
2025-05-28 06:17:04,265 - transvg_20250527_145759 - INFO - Train metrics: l1_loss: 0.3653 | giou_loss: 0.7794 | center_loss: 0.0124 | total_loss: 3.3980
2025-05-28 06:18:12,864 - transvg_20250527_145759 - INFO - Epoch 47, Batch 1350/1696, Loss: 4.4350
2025-05-28 06:18:12,864 - transvg_20250527_145759 - INFO - Train metrics: l1_loss: 0.5244 | giou_loss: 0.8922 | center_loss: 0.0287 | total_loss: 4.4350
2025-05-28 06:19:21,278 - transvg_20250527_145759 - INFO - Epoch 47, Batch 1400/1696, Loss: 4.0405
2025-05-28 06:19:21,278 - transvg_20250527_145759 - INFO - Train metrics: l1_loss: 0.4060 | giou_loss: 0.9962 | center_loss: 0.0181 | total_loss: 4.0405
2025-05-28 06:20:29,378 - transvg_20250527_145759 - INFO - Epoch 47, Batch 1450/1696, Loss: 2.9926
2025-05-28 06:20:29,378 - transvg_20250527_145759 - INFO - Train metrics: l1_loss: 0.2616 | giou_loss: 0.8403 | center_loss: 0.0039 | total_loss: 2.9926
2025-05-28 06:21:37,829 - transvg_20250527_145759 - INFO - Epoch 47, Batch 1500/1696, Loss: 3.3729
2025-05-28 06:21:37,830 - transvg_20250527_145759 - INFO - Train metrics: l1_loss: 0.3157 | giou_loss: 0.8939 | center_loss: 0.0065 | total_loss: 3.3729
2025-05-28 06:22:46,098 - transvg_20250527_145759 - INFO - Epoch 47, Batch 1550/1696, Loss: 3.6231
2025-05-28 06:22:46,098 - transvg_20250527_145759 - INFO - Train metrics: l1_loss: 0.3881 | giou_loss: 0.8332 | center_loss: 0.0165 | total_loss: 3.6231
2025-05-28 06:23:54,150 - transvg_20250527_145759 - INFO - Epoch 47, Batch 1600/1696, Loss: 4.1325
2025-05-28 06:23:54,151 - transvg_20250527_145759 - INFO - Train metrics: l1_loss: 0.4211 | giou_loss: 1.0055 | center_loss: 0.0158 | total_loss: 4.1325
2025-05-28 06:25:02,194 - transvg_20250527_145759 - INFO - Epoch 47, Batch 1650/1696, Loss: 3.3090
2025-05-28 06:25:02,194 - transvg_20250527_145759 - INFO - Train metrics: l1_loss: 0.3183 | giou_loss: 0.8559 | center_loss: 0.0057 | total_loss: 3.3090
2025-05-28 06:26:03,175 - transvg_20250527_145759 - INFO - Train Epoch 47, Loss: 3.6259
2025-05-28 06:28:00,537 - transvg_20250527_145759 - INFO - Pred box sample: [104.37248992919922, 97.62397766113281, 281.1843566894531, 265.87908935546875]
2025-05-28 06:28:00,537 - transvg_20250527_145759 - INFO - Target box sample: [207.0, 198.0, 287.0, 283.0]
2025-05-28 06:28:00,613 - transvg_20250527_145759 - INFO - Validation Epoch 47, Loss: 4.6645
2025-05-28 06:28:00,613 - transvg_20250527_145759 - INFO - Val metrics: Acc@0.25: 0.3131 | Acc@0.5: 0.1145 | Acc@0.75: 0.0162 | mIoU: 0.1805 | medianIoU: 0.0779 | mae_x1: 103.8291 | mae_y1: 99.8016 | mae_x2: 106.7112 | mae_y2: 101.0248 | center_x_error: 90.5282 | center_y_error: 84.7782 | width_error: 2.2464 | height_error: 2.1485 | loss: 4.6645
2025-05-28 06:28:01,455 - transvg_20250527_145759 - INFO - Saved model checkpoint to /home/pokle/Trans-VG/visual_grounding/checkpoints/transvg_20250527_145759_epoch47.pth
2025-05-28 06:28:01,455 - transvg_20250527_145759 - INFO - Epoch 48/200
2025-05-28 06:28:04,047 - transvg_20250527_145759 - INFO - Epoch 48, Batch 0/1696, Loss: 3.4987
2025-05-28 06:28:04,047 - transvg_20250527_145759 - INFO - Train metrics: l1_loss: 0.3658 | giou_loss: 0.8290 | center_loss: 0.0119 | total_loss: 3.4987
2025-05-28 06:29:12,254 - transvg_20250527_145759 - INFO - Epoch 48, Batch 50/1696, Loss: 3.3327
2025-05-28 06:29:12,254 - transvg_20250527_145759 - INFO - Train metrics: l1_loss: 0.3253 | giou_loss: 0.8503 | center_loss: 0.0055 | total_loss: 3.3327
2025-05-28 06:30:20,750 - transvg_20250527_145759 - INFO - Epoch 48, Batch 100/1696, Loss: 3.6331
2025-05-28 06:30:20,750 - transvg_20250527_145759 - INFO - Train metrics: l1_loss: 0.3609 | giou_loss: 0.9072 | center_loss: 0.0139 | total_loss: 3.6331
2025-05-28 06:31:29,254 - transvg_20250527_145759 - INFO - Epoch 48, Batch 150/1696, Loss: 4.2012
2025-05-28 06:31:29,254 - transvg_20250527_145759 - INFO - Train metrics: l1_loss: 0.4254 | giou_loss: 1.0284 | center_loss: 0.0174 | total_loss: 4.2012
2025-05-28 06:32:36,936 - transvg_20250527_145759 - INFO - Epoch 48, Batch 200/1696, Loss: 2.5961
2025-05-28 06:32:36,936 - transvg_20250527_145759 - INFO - Train metrics: l1_loss: 0.2320 | giou_loss: 0.7168 | center_loss: 0.0028 | total_loss: 2.5961
2025-05-28 06:33:45,201 - transvg_20250527_145759 - INFO - Epoch 48, Batch 250/1696, Loss: 2.8245
2025-05-28 06:33:45,201 - transvg_20250527_145759 - INFO - Train metrics: l1_loss: 0.2675 | giou_loss: 0.7405 | center_loss: 0.0061 | total_loss: 2.8245
2025-05-28 06:34:53,517 - transvg_20250527_145759 - INFO - Epoch 48, Batch 300/1696, Loss: 4.3327
2025-05-28 06:34:53,517 - transvg_20250527_145759 - INFO - Train metrics: l1_loss: 0.4561 | giou_loss: 1.0205 | center_loss: 0.0112 | total_loss: 4.3327
2025-05-28 06:36:01,643 - transvg_20250527_145759 - INFO - Epoch 48, Batch 350/1696, Loss: 3.7765
2025-05-28 06:36:01,643 - transvg_20250527_145759 - INFO - Train metrics: l1_loss: 0.3684 | giou_loss: 0.9618 | center_loss: 0.0109 | total_loss: 3.7765
2025-05-28 06:37:09,917 - transvg_20250527_145759 - INFO - Epoch 48, Batch 400/1696, Loss: 3.7042
2025-05-28 06:37:09,918 - transvg_20250527_145759 - INFO - Train metrics: l1_loss: 0.3805 | giou_loss: 0.8955 | center_loss: 0.0106 | total_loss: 3.7042
2025-05-28 06:38:17,605 - transvg_20250527_145759 - INFO - Epoch 48, Batch 450/1696, Loss: 3.3809
2025-05-28 06:38:17,605 - transvg_20250527_145759 - INFO - Train metrics: l1_loss: 0.3423 | giou_loss: 0.8290 | center_loss: 0.0115 | total_loss: 3.3809
2025-05-28 06:39:26,040 - transvg_20250527_145759 - INFO - Epoch 48, Batch 500/1696, Loss: 3.1925
2025-05-28 06:39:26,040 - transvg_20250527_145759 - INFO - Train metrics: l1_loss: 0.3190 | giou_loss: 0.7953 | center_loss: 0.0071 | total_loss: 3.1925
2025-05-28 06:40:34,000 - transvg_20250527_145759 - INFO - Epoch 48, Batch 550/1696, Loss: 3.2058
2025-05-28 06:40:34,001 - transvg_20250527_145759 - INFO - Train metrics: l1_loss: 0.3060 | giou_loss: 0.8327 | center_loss: 0.0105 | total_loss: 3.2058
2025-05-28 06:41:42,876 - transvg_20250527_145759 - INFO - Epoch 48, Batch 600/1696, Loss: 3.7725
2025-05-28 06:41:42,877 - transvg_20250527_145759 - INFO - Train metrics: l1_loss: 0.3613 | giou_loss: 0.9785 | center_loss: 0.0093 | total_loss: 3.7725
2025-05-28 06:42:51,652 - transvg_20250527_145759 - INFO - Epoch 48, Batch 650/1696, Loss: 4.0396
2025-05-28 06:42:51,653 - transvg_20250527_145759 - INFO - Train metrics: l1_loss: 0.4405 | giou_loss: 0.9105 | center_loss: 0.0162 | total_loss: 4.0396
2025-05-28 06:44:00,577 - transvg_20250527_145759 - INFO - Epoch 48, Batch 700/1696, Loss: 4.0306
2025-05-28 06:44:00,577 - transvg_20250527_145759 - INFO - Train metrics: l1_loss: 0.4330 | giou_loss: 0.9239 | center_loss: 0.0178 | total_loss: 4.0306
2025-05-28 06:45:08,870 - transvg_20250527_145759 - INFO - Epoch 48, Batch 750/1696, Loss: 3.7464
2025-05-28 06:45:08,871 - transvg_20250527_145759 - INFO - Train metrics: l1_loss: 0.3811 | giou_loss: 0.9140 | center_loss: 0.0131 | total_loss: 3.7464
2025-05-28 06:46:17,956 - transvg_20250527_145759 - INFO - Epoch 48, Batch 800/1696, Loss: 3.9143
2025-05-28 06:46:17,956 - transvg_20250527_145759 - INFO - Train metrics: l1_loss: 0.4051 | giou_loss: 0.9359 | center_loss: 0.0169 | total_loss: 3.9143
2025-05-28 06:47:26,475 - transvg_20250527_145759 - INFO - Epoch 48, Batch 850/1696, Loss: 3.1011
2025-05-28 06:47:26,475 - transvg_20250527_145759 - INFO - Train metrics: l1_loss: 0.3055 | giou_loss: 0.7824 | center_loss: 0.0090 | total_loss: 3.1011
2025-05-28 06:48:34,458 - transvg_20250527_145759 - INFO - Epoch 48, Batch 900/1696, Loss: 2.9083
2025-05-28 06:48:34,458 - transvg_20250527_145759 - INFO - Train metrics: l1_loss: 0.2590 | giou_loss: 0.8046 | center_loss: 0.0040 | total_loss: 2.9083
2025-05-28 06:49:42,816 - transvg_20250527_145759 - INFO - Epoch 48, Batch 950/1696, Loss: 3.7203
2025-05-28 06:49:42,817 - transvg_20250527_145759 - INFO - Train metrics: l1_loss: 0.3906 | giou_loss: 0.8769 | center_loss: 0.0133 | total_loss: 3.7203
2025-05-28 06:50:51,065 - transvg_20250527_145759 - INFO - Epoch 48, Batch 1000/1696, Loss: 3.4532
2025-05-28 06:50:51,065 - transvg_20250527_145759 - INFO - Train metrics: l1_loss: 0.3452 | giou_loss: 0.8584 | center_loss: 0.0104 | total_loss: 3.4532
2025-05-28 06:51:59,282 - transvg_20250527_145759 - INFO - Epoch 48, Batch 1050/1696, Loss: 4.0677
2025-05-28 06:51:59,282 - transvg_20250527_145759 - INFO - Train metrics: l1_loss: 0.4388 | giou_loss: 0.9252 | center_loss: 0.0232 | total_loss: 4.0677
2025-05-28 06:53:07,762 - transvg_20250527_145759 - INFO - Epoch 48, Batch 1100/1696, Loss: 4.5667
2025-05-28 06:53:07,762 - transvg_20250527_145759 - INFO - Train metrics: l1_loss: 0.5437 | giou_loss: 0.9093 | center_loss: 0.0295 | total_loss: 4.5667
2025-05-28 06:54:15,681 - transvg_20250527_145759 - INFO - Epoch 48, Batch 1150/1696, Loss: 4.0838
2025-05-28 06:54:15,681 - transvg_20250527_145759 - INFO - Train metrics: l1_loss: 0.4103 | giou_loss: 1.0114 | center_loss: 0.0095 | total_loss: 4.0838
2025-05-28 06:55:24,079 - transvg_20250527_145759 - INFO - Epoch 48, Batch 1200/1696, Loss: 4.0275
2025-05-28 06:55:24,079 - transvg_20250527_145759 - INFO - Train metrics: l1_loss: 0.3900 | giou_loss: 1.0335 | center_loss: 0.0104 | total_loss: 4.0275
2025-05-28 06:56:32,198 - transvg_20250527_145759 - INFO - Epoch 48, Batch 1250/1696, Loss: 3.0658
2025-05-28 06:56:32,198 - transvg_20250527_145759 - INFO - Train metrics: l1_loss: 0.2836 | giou_loss: 0.8205 | center_loss: 0.0066 | total_loss: 3.0658
2025-05-28 06:57:40,793 - transvg_20250527_145759 - INFO - Epoch 48, Batch 1300/1696, Loss: 3.4715
2025-05-28 06:57:40,794 - transvg_20250527_145759 - INFO - Train metrics: l1_loss: 0.3334 | giou_loss: 0.8975 | center_loss: 0.0094 | total_loss: 3.4715
2025-05-28 06:58:49,203 - transvg_20250527_145759 - INFO - Epoch 48, Batch 1350/1696, Loss: 4.0158
2025-05-28 06:58:49,203 - transvg_20250527_145759 - INFO - Train metrics: l1_loss: 0.4014 | giou_loss: 0.9975 | center_loss: 0.0140 | total_loss: 4.0158
2025-05-28 06:59:57,697 - transvg_20250527_145759 - INFO - Epoch 48, Batch 1400/1696, Loss: 3.5218
2025-05-28 06:59:57,697 - transvg_20250527_145759 - INFO - Train metrics: l1_loss: 0.3778 | giou_loss: 0.8115 | center_loss: 0.0097 | total_loss: 3.5218
2025-05-28 07:01:06,211 - transvg_20250527_145759 - INFO - Epoch 48, Batch 1450/1696, Loss: 3.0732
2025-05-28 07:01:06,212 - transvg_20250527_145759 - INFO - Train metrics: l1_loss: 0.2777 | giou_loss: 0.8393 | center_loss: 0.0062 | total_loss: 3.0732
2025-05-28 07:02:14,864 - transvg_20250527_145759 - INFO - Epoch 48, Batch 1500/1696, Loss: 3.9172
2025-05-28 07:02:14,864 - transvg_20250527_145759 - INFO - Train metrics: l1_loss: 0.3743 | giou_loss: 1.0137 | center_loss: 0.0180 | total_loss: 3.9172
2025-05-28 07:03:23,430 - transvg_20250527_145759 - INFO - Epoch 48, Batch 1550/1696, Loss: 3.6959
2025-05-28 07:03:23,430 - transvg_20250527_145759 - INFO - Train metrics: l1_loss: 0.4150 | giou_loss: 0.8009 | center_loss: 0.0190 | total_loss: 3.6959
2025-05-28 07:04:32,309 - transvg_20250527_145759 - INFO - Epoch 48, Batch 1600/1696, Loss: 3.9513
2025-05-28 07:04:32,309 - transvg_20250527_145759 - INFO - Train metrics: l1_loss: 0.4108 | giou_loss: 0.9411 | center_loss: 0.0152 | total_loss: 3.9513
2025-05-28 07:05:40,600 - transvg_20250527_145759 - INFO - Epoch 48, Batch 1650/1696, Loss: 3.3287
2025-05-28 07:05:40,600 - transvg_20250527_145759 - INFO - Train metrics: l1_loss: 0.3439 | giou_loss: 0.7991 | center_loss: 0.0113 | total_loss: 3.3287
2025-05-28 07:06:42,156 - transvg_20250527_145759 - INFO - Train Epoch 48, Loss: 3.6144
2025-05-28 07:08:39,625 - transvg_20250527_145759 - INFO - Pred box sample: [91.47779083251953, 101.98065948486328, 291.4471740722656, 278.9450988769531]
2025-05-28 07:08:39,625 - transvg_20250527_145759 - INFO - Target box sample: [207.0, 198.0, 287.0, 283.0]
2025-05-28 07:08:39,707 - transvg_20250527_145759 - INFO - Validation Epoch 48, Loss: 4.6721
2025-05-28 07:08:39,707 - transvg_20250527_145759 - INFO - Val metrics: Acc@0.25: 0.3102 | Acc@0.5: 0.1163 | Acc@0.75: 0.0138 | mIoU: 0.1798 | medianIoU: 0.0802 | mae_x1: 104.6424 | mae_y1: 99.8489 | mae_x2: 105.5454 | mae_y2: 100.7533 | center_x_error: 90.3949 | center_y_error: 85.5301 | width_error: 2.2414 | height_error: 2.0336 | loss: 4.6721
2025-05-28 07:08:40,597 - transvg_20250527_145759 - INFO - Saved model checkpoint to /home/pokle/Trans-VG/visual_grounding/checkpoints/transvg_20250527_145759_epoch48.pth
2025-05-28 07:08:40,597 - transvg_20250527_145759 - INFO - Epoch 49/200
2025-05-28 07:08:43,179 - transvg_20250527_145759 - INFO - Epoch 49, Batch 0/1696, Loss: 4.0568
2025-05-28 07:08:43,179 - transvg_20250527_145759 - INFO - Train metrics: l1_loss: 0.4651 | giou_loss: 0.8516 | center_loss: 0.0282 | total_loss: 4.0568
2025-05-28 07:09:51,729 - transvg_20250527_145759 - INFO - Epoch 49, Batch 50/1696, Loss: 4.1126
2025-05-28 07:09:51,729 - transvg_20250527_145759 - INFO - Train metrics: l1_loss: 0.4402 | giou_loss: 0.9444 | center_loss: 0.0225 | total_loss: 4.1126
2025-05-28 07:11:00,813 - transvg_20250527_145759 - INFO - Epoch 49, Batch 100/1696, Loss: 3.3916
2025-05-28 07:11:00,813 - transvg_20250527_145759 - INFO - Train metrics: l1_loss: 0.3329 | giou_loss: 0.8591 | center_loss: 0.0089 | total_loss: 3.3916
2025-05-28 07:12:09,298 - transvg_20250527_145759 - INFO - Epoch 49, Batch 150/1696, Loss: 3.2231
2025-05-28 07:12:09,298 - transvg_20250527_145759 - INFO - Train metrics: l1_loss: 0.3579 | giou_loss: 0.7098 | center_loss: 0.0141 | total_loss: 3.2231
2025-05-28 07:13:18,033 - transvg_20250527_145759 - INFO - Epoch 49, Batch 200/1696, Loss: 3.2715
2025-05-28 07:13:18,034 - transvg_20250527_145759 - INFO - Train metrics: l1_loss: 0.2939 | giou_loss: 0.8978 | center_loss: 0.0065 | total_loss: 3.2715
2025-05-28 07:14:27,379 - transvg_20250527_145759 - INFO - Epoch 49, Batch 250/1696, Loss: 3.2031
2025-05-28 07:14:27,379 - transvg_20250527_145759 - INFO - Train metrics: l1_loss: 0.3162 | giou_loss: 0.8076 | center_loss: 0.0069 | total_loss: 3.2031
2025-05-28 07:15:35,807 - transvg_20250527_145759 - INFO - Epoch 49, Batch 300/1696, Loss: 3.3080
2025-05-28 07:15:35,808 - transvg_20250527_145759 - INFO - Train metrics: l1_loss: 0.3216 | giou_loss: 0.8465 | center_loss: 0.0072 | total_loss: 3.3080
2025-05-28 07:16:44,379 - transvg_20250527_145759 - INFO - Epoch 49, Batch 350/1696, Loss: 4.0156
2025-05-28 07:16:44,379 - transvg_20250527_145759 - INFO - Train metrics: l1_loss: 0.4366 | giou_loss: 0.9080 | center_loss: 0.0168 | total_loss: 4.0156
2025-05-28 07:17:52,765 - transvg_20250527_145759 - INFO - Epoch 49, Batch 400/1696, Loss: 3.9419
2025-05-28 07:17:52,765 - transvg_20250527_145759 - INFO - Train metrics: l1_loss: 0.3929 | giou_loss: 0.9815 | center_loss: 0.0143 | total_loss: 3.9419
2025-05-28 07:19:00,682 - transvg_20250527_145759 - INFO - Epoch 49, Batch 450/1696, Loss: 3.7883
2025-05-28 07:19:00,682 - transvg_20250527_145759 - INFO - Train metrics: l1_loss: 0.3895 | giou_loss: 0.9132 | center_loss: 0.0145 | total_loss: 3.7883
2025-05-28 07:20:09,062 - transvg_20250527_145759 - INFO - Epoch 49, Batch 500/1696, Loss: 4.3724
2025-05-28 07:20:09,062 - transvg_20250527_145759 - INFO - Train metrics: l1_loss: 0.4523 | giou_loss: 1.0492 | center_loss: 0.0127 | total_loss: 4.3724
2025-05-28 07:21:17,865 - transvg_20250527_145759 - INFO - Epoch 49, Batch 550/1696, Loss: 3.2609
2025-05-28 07:21:17,866 - transvg_20250527_145759 - INFO - Train metrics: l1_loss: 0.3249 | giou_loss: 0.8154 | center_loss: 0.0056 | total_loss: 3.2609
2025-05-28 07:22:26,068 - transvg_20250527_145759 - INFO - Epoch 49, Batch 600/1696, Loss: 3.4526
2025-05-28 07:22:26,068 - transvg_20250527_145759 - INFO - Train metrics: l1_loss: 0.3573 | giou_loss: 0.8279 | center_loss: 0.0102 | total_loss: 3.4526
2025-05-28 07:23:34,764 - transvg_20250527_145759 - INFO - Epoch 49, Batch 650/1696, Loss: 2.8653
2025-05-28 07:23:34,764 - transvg_20250527_145759 - INFO - Train metrics: l1_loss: 0.2840 | giou_loss: 0.7200 | center_loss: 0.0054 | total_loss: 2.8653
2025-05-28 07:24:43,491 - transvg_20250527_145759 - INFO - Epoch 49, Batch 700/1696, Loss: 3.9952
2025-05-28 07:24:43,491 - transvg_20250527_145759 - INFO - Train metrics: l1_loss: 0.4122 | giou_loss: 0.9626 | center_loss: 0.0088 | total_loss: 3.9952
2025-05-28 07:25:52,227 - transvg_20250527_145759 - INFO - Epoch 49, Batch 750/1696, Loss: 3.7970
2025-05-28 07:25:52,227 - transvg_20250527_145759 - INFO - Train metrics: l1_loss: 0.3681 | giou_loss: 0.9731 | center_loss: 0.0104 | total_loss: 3.7970
2025-05-28 07:27:01,308 - transvg_20250527_145759 - INFO - Epoch 49, Batch 800/1696, Loss: 2.6326
2025-05-28 07:27:01,308 - transvg_20250527_145759 - INFO - Train metrics: l1_loss: 0.2430 | giou_loss: 0.7061 | center_loss: 0.0051 | total_loss: 2.6326
2025-05-28 07:28:10,029 - transvg_20250527_145759 - INFO - Epoch 49, Batch 850/1696, Loss: 4.5675
2025-05-28 07:28:10,029 - transvg_20250527_145759 - INFO - Train metrics: l1_loss: 0.4973 | giou_loss: 1.0274 | center_loss: 0.0262 | total_loss: 4.5675
2025-05-28 07:29:18,755 - transvg_20250527_145759 - INFO - Epoch 49, Batch 900/1696, Loss: 3.1245
2025-05-28 07:29:18,755 - transvg_20250527_145759 - INFO - Train metrics: l1_loss: 0.3034 | giou_loss: 0.8002 | center_loss: 0.0073 | total_loss: 3.1245
2025-05-28 07:30:26,790 - transvg_20250527_145759 - INFO - Epoch 49, Batch 950/1696, Loss: 2.8357
2025-05-28 07:30:26,790 - transvg_20250527_145759 - INFO - Train metrics: l1_loss: 0.2558 | giou_loss: 0.7752 | center_loss: 0.0065 | total_loss: 2.8357
2025-05-28 07:31:35,222 - transvg_20250527_145759 - INFO - Epoch 49, Batch 1000/1696, Loss: 3.4423
2025-05-28 07:31:35,222 - transvg_20250527_145759 - INFO - Train metrics: l1_loss: 0.3505 | giou_loss: 0.8408 | center_loss: 0.0080 | total_loss: 3.4423
2025-05-28 07:32:43,935 - transvg_20250527_145759 - INFO - Epoch 49, Batch 1050/1696, Loss: 3.4267
2025-05-28 07:32:43,935 - transvg_20250527_145759 - INFO - Train metrics: l1_loss: 0.3686 | giou_loss: 0.7847 | center_loss: 0.0142 | total_loss: 3.4267
2025-05-28 07:33:53,190 - transvg_20250527_145759 - INFO - Epoch 49, Batch 1100/1696, Loss: 2.9573
2025-05-28 07:33:53,191 - transvg_20250527_145759 - INFO - Train metrics: l1_loss: 0.3162 | giou_loss: 0.6807 | center_loss: 0.0151 | total_loss: 2.9573
2025-05-28 07:35:02,287 - transvg_20250527_145759 - INFO - Epoch 49, Batch 1150/1696, Loss: 4.3802
2025-05-28 07:35:02,287 - transvg_20250527_145759 - INFO - Train metrics: l1_loss: 0.4553 | giou_loss: 1.0432 | center_loss: 0.0174 | total_loss: 4.3802
2025-05-28 07:36:10,984 - transvg_20250527_145759 - INFO - Epoch 49, Batch 1200/1696, Loss: 3.2742
2025-05-28 07:36:10,984 - transvg_20250527_145759 - INFO - Train metrics: l1_loss: 0.3085 | giou_loss: 0.8624 | center_loss: 0.0070 | total_loss: 3.2742
2025-05-28 07:37:19,214 - transvg_20250527_145759 - INFO - Epoch 49, Batch 1250/1696, Loss: 3.3798
2025-05-28 07:37:19,214 - transvg_20250527_145759 - INFO - Train metrics: l1_loss: 0.3464 | giou_loss: 0.8184 | center_loss: 0.0112 | total_loss: 3.3798
2025-05-28 07:38:27,696 - transvg_20250527_145759 - INFO - Epoch 49, Batch 1300/1696, Loss: 4.1364
2025-05-28 07:38:27,696 - transvg_20250527_145759 - INFO - Train metrics: l1_loss: 0.4749 | giou_loss: 0.8734 | center_loss: 0.0153 | total_loss: 4.1364
2025-05-28 07:39:36,200 - transvg_20250527_145759 - INFO - Epoch 49, Batch 1350/1696, Loss: 3.4982
2025-05-28 07:39:36,200 - transvg_20250527_145759 - INFO - Train metrics: l1_loss: 0.3704 | giou_loss: 0.8162 | center_loss: 0.0138 | total_loss: 3.4982
2025-05-28 07:40:44,789 - transvg_20250527_145759 - INFO - Epoch 49, Batch 1400/1696, Loss: 3.5439
2025-05-28 07:40:44,790 - transvg_20250527_145759 - INFO - Train metrics: l1_loss: 0.3861 | giou_loss: 0.7994 | center_loss: 0.0150 | total_loss: 3.5439
2025-05-28 07:41:53,262 - transvg_20250527_145759 - INFO - Epoch 49, Batch 1450/1696, Loss: 2.7633
2025-05-28 07:41:53,262 - transvg_20250527_145759 - INFO - Train metrics: l1_loss: 0.2854 | giou_loss: 0.6661 | center_loss: 0.0043 | total_loss: 2.7633
2025-05-28 07:43:01,420 - transvg_20250527_145759 - INFO - Epoch 49, Batch 1500/1696, Loss: 4.1151
2025-05-28 07:43:01,421 - transvg_20250527_145759 - INFO - Train metrics: l1_loss: 0.4652 | giou_loss: 0.8801 | center_loss: 0.0288 | total_loss: 4.1151
2025-05-28 07:44:09,422 - transvg_20250527_145759 - INFO - Epoch 49, Batch 1550/1696, Loss: 3.7440
2025-05-28 07:44:09,422 - transvg_20250527_145759 - INFO - Train metrics: l1_loss: 0.3494 | giou_loss: 0.9951 | center_loss: 0.0068 | total_loss: 3.7440
2025-05-28 07:45:18,214 - transvg_20250527_145759 - INFO - Epoch 49, Batch 1600/1696, Loss: 3.6969
2025-05-28 07:45:18,214 - transvg_20250527_145759 - INFO - Train metrics: l1_loss: 0.3751 | giou_loss: 0.9051 | center_loss: 0.0110 | total_loss: 3.6969
2025-05-28 07:46:26,407 - transvg_20250527_145759 - INFO - Epoch 49, Batch 1650/1696, Loss: 3.7258
2025-05-28 07:46:26,407 - transvg_20250527_145759 - INFO - Train metrics: l1_loss: 0.3686 | giou_loss: 0.9366 | center_loss: 0.0098 | total_loss: 3.7258
2025-05-28 07:47:27,993 - transvg_20250527_145759 - INFO - Train Epoch 49, Loss: 3.6141
2025-05-28 07:49:25,784 - transvg_20250527_145759 - INFO - Pred box sample: [82.54911041259766, 95.84071350097656, 268.4718017578125, 259.7247314453125]
2025-05-28 07:49:25,784 - transvg_20250527_145759 - INFO - Target box sample: [207.0, 198.0, 287.0, 283.0]
2025-05-28 07:49:25,871 - transvg_20250527_145759 - INFO - Validation Epoch 49, Loss: 4.7152
2025-05-28 07:49:25,871 - transvg_20250527_145759 - INFO - Val metrics: Acc@0.25: 0.3007 | Acc@0.5: 0.1142 | Acc@0.75: 0.0133 | mIoU: 0.1759 | medianIoU: 0.0734 | mae_x1: 104.4744 | mae_y1: 100.9525 | mae_x2: 104.5778 | mae_y2: 101.1174 | center_x_error: 91.1502 | center_y_error: 86.5038 | width_error: 2.0192 | height_error: 1.9677 | loss: 4.7152
2025-05-28 07:49:26,743 - transvg_20250527_145759 - INFO - Saved model checkpoint to /home/pokle/Trans-VG/visual_grounding/checkpoints/transvg_20250527_145759_epoch49.pth
2025-05-28 07:49:26,744 - transvg_20250527_145759 - INFO - Epoch 50/200
2025-05-28 07:49:29,389 - transvg_20250527_145759 - INFO - Epoch 50, Batch 0/1696, Loss: 4.0079
2025-05-28 07:49:29,389 - transvg_20250527_145759 - INFO - Train metrics: l1_loss: 0.4104 | giou_loss: 0.9682 | center_loss: 0.0194 | total_loss: 4.0079
2025-05-28 07:50:37,292 - transvg_20250527_145759 - INFO - Epoch 50, Batch 50/1696, Loss: 3.5069
2025-05-28 07:50:37,292 - transvg_20250527_145759 - INFO - Train metrics: l1_loss: 0.3250 | giou_loss: 0.9365 | center_loss: 0.0091 | total_loss: 3.5069
2025-05-28 07:51:45,743 - transvg_20250527_145759 - INFO - Epoch 50, Batch 100/1696, Loss: 4.1348
2025-05-28 07:51:45,743 - transvg_20250527_145759 - INFO - Train metrics: l1_loss: 0.4422 | giou_loss: 0.9555 | center_loss: 0.0128 | total_loss: 4.1348
2025-05-28 07:52:53,989 - transvg_20250527_145759 - INFO - Epoch 50, Batch 150/1696, Loss: 3.7711
2025-05-28 07:52:53,989 - transvg_20250527_145759 - INFO - Train metrics: l1_loss: 0.3839 | giou_loss: 0.9196 | center_loss: 0.0126 | total_loss: 3.7711
2025-05-28 07:54:02,394 - transvg_20250527_145759 - INFO - Epoch 50, Batch 200/1696, Loss: 3.7905
2025-05-28 07:54:02,395 - transvg_20250527_145759 - INFO - Train metrics: l1_loss: 0.3798 | giou_loss: 0.9384 | center_loss: 0.0147 | total_loss: 3.7905
2025-05-28 07:55:10,716 - transvg_20250527_145759 - INFO - Epoch 50, Batch 250/1696, Loss: 3.8946
2025-05-28 07:55:10,716 - transvg_20250527_145759 - INFO - Train metrics: l1_loss: 0.4219 | giou_loss: 0.8873 | center_loss: 0.0104 | total_loss: 3.8946
2025-05-28 07:56:18,905 - transvg_20250527_145759 - INFO - Epoch 50, Batch 300/1696, Loss: 3.4478
2025-05-28 07:56:18,905 - transvg_20250527_145759 - INFO - Train metrics: l1_loss: 0.3120 | giou_loss: 0.9413 | center_loss: 0.0051 | total_loss: 3.4478
2025-05-28 07:57:27,359 - transvg_20250527_145759 - INFO - Epoch 50, Batch 350/1696, Loss: 2.9826
2025-05-28 07:57:27,360 - transvg_20250527_145759 - INFO - Train metrics: l1_loss: 0.2902 | giou_loss: 0.7625 | center_loss: 0.0064 | total_loss: 2.9826
2025-05-28 07:58:36,107 - transvg_20250527_145759 - INFO - Epoch 50, Batch 400/1696, Loss: 3.5372
2025-05-28 07:58:36,107 - transvg_20250527_145759 - INFO - Train metrics: l1_loss: 0.3499 | giou_loss: 0.8881 | center_loss: 0.0114 | total_loss: 3.5372
2025-05-28 07:59:44,241 - transvg_20250527_145759 - INFO - Epoch 50, Batch 450/1696, Loss: 3.1210
2025-05-28 07:59:44,241 - transvg_20250527_145759 - INFO - Train metrics: l1_loss: 0.2919 | giou_loss: 0.8276 | center_loss: 0.0065 | total_loss: 3.1210
2025-05-28 08:00:53,219 - transvg_20250527_145759 - INFO - Epoch 50, Batch 500/1696, Loss: 3.5799
2025-05-28 08:00:53,219 - transvg_20250527_145759 - INFO - Train metrics: l1_loss: 0.3546 | giou_loss: 0.8990 | center_loss: 0.0087 | total_loss: 3.5799
2025-05-28 08:02:01,744 - transvg_20250527_145759 - INFO - Epoch 50, Batch 550/1696, Loss: 3.2382
2025-05-28 08:02:01,744 - transvg_20250527_145759 - INFO - Train metrics: l1_loss: 0.3017 | giou_loss: 0.8624 | center_loss: 0.0051 | total_loss: 3.2382
2025-05-28 08:03:09,954 - transvg_20250527_145759 - INFO - Epoch 50, Batch 600/1696, Loss: 3.3567
2025-05-28 08:03:09,954 - transvg_20250527_145759 - INFO - Train metrics: l1_loss: 0.3416 | giou_loss: 0.8188 | center_loss: 0.0111 | total_loss: 3.3567
2025-05-28 08:04:17,818 - transvg_20250527_145759 - INFO - Epoch 50, Batch 650/1696, Loss: 2.8621
2025-05-28 08:04:17,818 - transvg_20250527_145759 - INFO - Train metrics: l1_loss: 0.2527 | giou_loss: 0.7966 | center_loss: 0.0053 | total_loss: 2.8621
2025-05-28 08:05:26,489 - transvg_20250527_145759 - INFO - Epoch 50, Batch 700/1696, Loss: 3.6651
2025-05-28 08:05:26,490 - transvg_20250527_145759 - INFO - Train metrics: l1_loss: 0.3682 | giou_loss: 0.9053 | center_loss: 0.0134 | total_loss: 3.6651
2025-05-28 08:06:35,253 - transvg_20250527_145759 - INFO - Epoch 50, Batch 750/1696, Loss: 3.6079
2025-05-28 08:06:35,253 - transvg_20250527_145759 - INFO - Train metrics: l1_loss: 0.3653 | giou_loss: 0.8844 | center_loss: 0.0125 | total_loss: 3.6079
2025-05-28 08:07:43,966 - transvg_20250527_145759 - INFO - Epoch 50, Batch 800/1696, Loss: 4.2072
2025-05-28 08:07:43,966 - transvg_20250527_145759 - INFO - Train metrics: l1_loss: 0.4581 | giou_loss: 0.9476 | center_loss: 0.0217 | total_loss: 4.2072
2025-05-28 08:08:52,505 - transvg_20250527_145759 - INFO - Epoch 50, Batch 850/1696, Loss: 3.8302
2025-05-28 08:08:52,505 - transvg_20250527_145759 - INFO - Train metrics: l1_loss: 0.4067 | giou_loss: 0.8918 | center_loss: 0.0131 | total_loss: 3.8302
2025-05-28 08:10:01,576 - transvg_20250527_145759 - INFO - Epoch 50, Batch 900/1696, Loss: 3.9615
2025-05-28 08:10:01,576 - transvg_20250527_145759 - INFO - Train metrics: l1_loss: 0.3996 | giou_loss: 0.9742 | center_loss: 0.0149 | total_loss: 3.9615
2025-05-28 08:11:10,337 - transvg_20250527_145759 - INFO - Epoch 50, Batch 950/1696, Loss: 3.1410
2025-05-28 08:11:10,337 - transvg_20250527_145759 - INFO - Train metrics: l1_loss: 0.3182 | giou_loss: 0.7713 | center_loss: 0.0072 | total_loss: 3.1410
2025-05-28 08:12:18,951 - transvg_20250527_145759 - INFO - Epoch 50, Batch 1000/1696, Loss: 3.2426
2025-05-28 08:12:18,951 - transvg_20250527_145759 - INFO - Train metrics: l1_loss: 0.3274 | giou_loss: 0.7989 | center_loss: 0.0078 | total_loss: 3.2426
2025-05-28 08:13:27,280 - transvg_20250527_145759 - INFO - Epoch 50, Batch 1050/1696, Loss: 5.0270
2025-05-28 08:13:27,280 - transvg_20250527_145759 - INFO - Train metrics: l1_loss: 0.5882 | giou_loss: 1.0265 | center_loss: 0.0332 | total_loss: 5.0270
2025-05-28 08:14:35,991 - transvg_20250527_145759 - INFO - Epoch 50, Batch 1100/1696, Loss: 3.2247
2025-05-28 08:14:35,991 - transvg_20250527_145759 - INFO - Train metrics: l1_loss: 0.2903 | giou_loss: 0.8834 | center_loss: 0.0063 | total_loss: 3.2247
2025-05-28 08:15:44,203 - transvg_20250527_145759 - INFO - Epoch 50, Batch 1150/1696, Loss: 2.8248
2025-05-28 08:15:44,204 - transvg_20250527_145759 - INFO - Train metrics: l1_loss: 0.2723 | giou_loss: 0.7300 | center_loss: 0.0034 | total_loss: 2.8248
2025-05-28 08:16:52,856 - transvg_20250527_145759 - INFO - Epoch 50, Batch 1200/1696, Loss: 3.5677
2025-05-28 08:16:52,856 - transvg_20250527_145759 - INFO - Train metrics: l1_loss: 0.3701 | giou_loss: 0.8524 | center_loss: 0.0124 | total_loss: 3.5677
2025-05-28 08:18:01,159 - transvg_20250527_145759 - INFO - Epoch 50, Batch 1250/1696, Loss: 3.1607
2025-05-28 08:18:01,159 - transvg_20250527_145759 - INFO - Train metrics: l1_loss: 0.3063 | giou_loss: 0.8119 | center_loss: 0.0055 | total_loss: 3.1607
2025-05-28 08:19:09,557 - transvg_20250527_145759 - INFO - Epoch 50, Batch 1300/1696, Loss: 3.0706
2025-05-28 08:19:09,557 - transvg_20250527_145759 - INFO - Train metrics: l1_loss: 0.3195 | giou_loss: 0.7329 | center_loss: 0.0070 | total_loss: 3.0706
2025-05-28 08:20:18,030 - transvg_20250527_145759 - INFO - Epoch 50, Batch 1350/1696, Loss: 3.5054
2025-05-28 08:20:18,030 - transvg_20250527_145759 - INFO - Train metrics: l1_loss: 0.3756 | giou_loss: 0.8106 | center_loss: 0.0061 | total_loss: 3.5054
2025-05-28 08:21:26,317 - transvg_20250527_145759 - INFO - Epoch 50, Batch 1400/1696, Loss: 3.7442
2025-05-28 08:21:26,317 - transvg_20250527_145759 - INFO - Train metrics: l1_loss: 0.4037 | giou_loss: 0.8558 | center_loss: 0.0141 | total_loss: 3.7442
2025-05-28 08:22:34,504 - transvg_20250527_145759 - INFO - Epoch 50, Batch 1450/1696, Loss: 3.2738
2025-05-28 08:22:34,504 - transvg_20250527_145759 - INFO - Train metrics: l1_loss: 0.3270 | giou_loss: 0.8153 | center_loss: 0.0083 | total_loss: 3.2738
2025-05-28 08:23:42,182 - transvg_20250527_145759 - INFO - Epoch 50, Batch 1500/1696, Loss: 3.1676
2025-05-28 08:23:42,182 - transvg_20250527_145759 - INFO - Train metrics: l1_loss: 0.2983 | giou_loss: 0.8336 | center_loss: 0.0091 | total_loss: 3.1676
2025-05-28 08:24:49,827 - transvg_20250527_145759 - INFO - Epoch 50, Batch 1550/1696, Loss: 3.9148
2025-05-28 08:24:49,827 - transvg_20250527_145759 - INFO - Train metrics: l1_loss: 0.4001 | giou_loss: 0.9503 | center_loss: 0.0137 | total_loss: 3.9148
2025-05-28 08:25:57,588 - transvg_20250527_145759 - INFO - Epoch 50, Batch 1600/1696, Loss: 3.8560
2025-05-28 08:25:57,588 - transvg_20250527_145759 - INFO - Train metrics: l1_loss: 0.4200 | giou_loss: 0.8697 | center_loss: 0.0164 | total_loss: 3.8560
2025-05-28 08:27:05,652 - transvg_20250527_145759 - INFO - Epoch 50, Batch 1650/1696, Loss: 3.1917
2025-05-28 08:27:05,653 - transvg_20250527_145759 - INFO - Train metrics: l1_loss: 0.3336 | giou_loss: 0.7548 | center_loss: 0.0140 | total_loss: 3.1917
2025-05-28 08:28:06,712 - transvg_20250527_145759 - INFO - Train Epoch 50, Loss: 3.6336
2025-05-28 08:30:04,309 - transvg_20250527_145759 - INFO - Pred box sample: [91.28558349609375, 80.6801528930664, 265.5782470703125, 258.4252014160156]
2025-05-28 08:30:04,310 - transvg_20250527_145759 - INFO - Target box sample: [207.0, 198.0, 287.0, 283.0]
2025-05-28 08:30:04,398 - transvg_20250527_145759 - INFO - Validation Epoch 50, Loss: 4.7165
2025-05-28 08:30:04,398 - transvg_20250527_145759 - INFO - Val metrics: Acc@0.25: 0.3086 | Acc@0.5: 0.1113 | Acc@0.75: 0.0157 | mIoU: 0.1791 | medianIoU: 0.0771 | mae_x1: 106.1508 | mae_y1: 104.5110 | mae_x2: 106.7539 | mae_y2: 102.1783 | center_x_error: 91.0074 | center_y_error: 87.4623 | width_error: 2.3100 | height_error: 2.2250 | loss: 4.7165
2025-05-28 08:30:05,263 - transvg_20250527_145759 - INFO - Saved model checkpoint to /home/pokle/Trans-VG/visual_grounding/checkpoints/transvg_20250527_145759_epoch50.pth
2025-05-28 08:30:05,263 - transvg_20250527_145759 - INFO - Epoch 51/200
2025-05-28 08:30:07,842 - transvg_20250527_145759 - INFO - Epoch 51, Batch 0/1696, Loss: 4.3790
2025-05-28 08:30:07,842 - transvg_20250527_145759 - INFO - Train metrics: l1_loss: 0.4701 | giou_loss: 1.0042 | center_loss: 0.0201 | total_loss: 4.3790
2025-05-28 08:31:15,516 - transvg_20250527_145759 - INFO - Epoch 51, Batch 50/1696, Loss: 3.7391
2025-05-28 08:31:15,516 - transvg_20250527_145759 - INFO - Train metrics: l1_loss: 0.3722 | giou_loss: 0.9307 | center_loss: 0.0165 | total_loss: 3.7391
2025-05-28 08:32:23,709 - transvg_20250527_145759 - INFO - Epoch 51, Batch 100/1696, Loss: 2.9898
2025-05-28 08:32:23,709 - transvg_20250527_145759 - INFO - Train metrics: l1_loss: 0.2714 | giou_loss: 0.8139 | center_loss: 0.0053 | total_loss: 2.9898
2025-05-28 08:33:31,901 - transvg_20250527_145759 - INFO - Epoch 51, Batch 150/1696, Loss: 4.1308
2025-05-28 08:33:31,901 - transvg_20250527_145759 - INFO - Train metrics: l1_loss: 0.4101 | giou_loss: 1.0336 | center_loss: 0.0133 | total_loss: 4.1308
2025-05-28 08:34:39,604 - transvg_20250527_145759 - INFO - Epoch 51, Batch 200/1696, Loss: 3.8902
2025-05-28 08:34:39,604 - transvg_20250527_145759 - INFO - Train metrics: l1_loss: 0.3970 | giou_loss: 0.9460 | center_loss: 0.0131 | total_loss: 3.8902
2025-05-28 08:35:48,188 - transvg_20250527_145759 - INFO - Epoch 51, Batch 250/1696, Loss: 4.0317
2025-05-28 08:35:48,188 - transvg_20250527_145759 - INFO - Train metrics: l1_loss: 0.4180 | giou_loss: 0.9592 | center_loss: 0.0234 | total_loss: 4.0317
2025-05-28 08:36:56,460 - transvg_20250527_145759 - INFO - Epoch 51, Batch 300/1696, Loss: 4.2580
2025-05-28 08:36:56,460 - transvg_20250527_145759 - INFO - Train metrics: l1_loss: 0.4780 | giou_loss: 0.9163 | center_loss: 0.0354 | total_loss: 4.2580
2025-05-28 08:38:04,833 - transvg_20250527_145759 - INFO - Epoch 51, Batch 350/1696, Loss: 3.5731
2025-05-28 08:38:04,833 - transvg_20250527_145759 - INFO - Train metrics: l1_loss: 0.3583 | giou_loss: 0.8867 | center_loss: 0.0082 | total_loss: 3.5731
2025-05-28 08:39:12,610 - transvg_20250527_145759 - INFO - Epoch 51, Batch 400/1696, Loss: 3.2575
2025-05-28 08:39:12,610 - transvg_20250527_145759 - INFO - Train metrics: l1_loss: 0.3222 | giou_loss: 0.8153 | center_loss: 0.0160 | total_loss: 3.2575
2025-05-28 08:40:21,291 - transvg_20250527_145759 - INFO - Epoch 51, Batch 450/1696, Loss: 2.9081
2025-05-28 08:40:21,291 - transvg_20250527_145759 - INFO - Train metrics: l1_loss: 0.2819 | giou_loss: 0.7472 | center_loss: 0.0045 | total_loss: 2.9081
2025-05-28 08:41:29,772 - transvg_20250527_145759 - INFO - Epoch 51, Batch 500/1696, Loss: 4.6212
2025-05-28 08:41:29,772 - transvg_20250527_145759 - INFO - Train metrics: l1_loss: 0.5092 | giou_loss: 1.0261 | center_loss: 0.0232 | total_loss: 4.6212
2025-05-28 08:42:37,715 - transvg_20250527_145759 - INFO - Epoch 51, Batch 550/1696, Loss: 3.7897
2025-05-28 08:42:37,716 - transvg_20250527_145759 - INFO - Train metrics: l1_loss: 0.3832 | giou_loss: 0.9297 | center_loss: 0.0144 | total_loss: 3.7897
2025-05-28 08:43:45,402 - transvg_20250527_145759 - INFO - Epoch 51, Batch 600/1696, Loss: 3.5718
2025-05-28 08:43:45,403 - transvg_20250527_145759 - INFO - Train metrics: l1_loss: 0.3516 | giou_loss: 0.9026 | center_loss: 0.0084 | total_loss: 3.5718
2025-05-28 08:44:53,887 - transvg_20250527_145759 - INFO - Epoch 51, Batch 650/1696, Loss: 3.5364
2025-05-28 08:44:53,887 - transvg_20250527_145759 - INFO - Train metrics: l1_loss: 0.3382 | giou_loss: 0.9170 | center_loss: 0.0112 | total_loss: 3.5364
2025-05-28 08:46:01,698 - transvg_20250527_145759 - INFO - Epoch 51, Batch 700/1696, Loss: 3.0395
2025-05-28 08:46:01,698 - transvg_20250527_145759 - INFO - Train metrics: l1_loss: 0.3067 | giou_loss: 0.7487 | center_loss: 0.0086 | total_loss: 3.0395
2025-05-28 08:47:10,096 - transvg_20250527_145759 - INFO - Epoch 51, Batch 750/1696, Loss: 3.4837
2025-05-28 08:47:10,096 - transvg_20250527_145759 - INFO - Train metrics: l1_loss: 0.3359 | giou_loss: 0.8989 | center_loss: 0.0066 | total_loss: 3.4837
2025-05-28 08:48:18,488 - transvg_20250527_145759 - INFO - Epoch 51, Batch 800/1696, Loss: 4.0844
2025-05-28 08:48:18,488 - transvg_20250527_145759 - INFO - Train metrics: l1_loss: 0.4492 | giou_loss: 0.9094 | center_loss: 0.0198 | total_loss: 4.0844
2025-05-28 08:49:26,807 - transvg_20250527_145759 - INFO - Epoch 51, Batch 850/1696, Loss: 3.9087
2025-05-28 08:49:26,808 - transvg_20250527_145759 - INFO - Train metrics: l1_loss: 0.3956 | giou_loss: 0.9582 | center_loss: 0.0141 | total_loss: 3.9087
2025-05-28 08:50:35,132 - transvg_20250527_145759 - INFO - Epoch 51, Batch 900/1696, Loss: 3.7636
2025-05-28 08:50:35,133 - transvg_20250527_145759 - INFO - Train metrics: l1_loss: 0.3911 | giou_loss: 0.8976 | center_loss: 0.0128 | total_loss: 3.7636
2025-05-28 08:51:43,997 - transvg_20250527_145759 - INFO - Epoch 51, Batch 950/1696, Loss: 3.1731
2025-05-28 08:51:43,998 - transvg_20250527_145759 - INFO - Train metrics: l1_loss: 0.2970 | giou_loss: 0.8414 | center_loss: 0.0054 | total_loss: 3.1731
2025-05-28 08:52:52,964 - transvg_20250527_145759 - INFO - Epoch 51, Batch 1000/1696, Loss: 3.2564
2025-05-28 08:52:52,965 - transvg_20250527_145759 - INFO - Train metrics: l1_loss: 0.3281 | giou_loss: 0.8030 | center_loss: 0.0101 | total_loss: 3.2564
2025-05-28 08:54:01,733 - transvg_20250527_145759 - INFO - Epoch 51, Batch 1050/1696, Loss: 4.4083
2025-05-28 08:54:01,733 - transvg_20250527_145759 - INFO - Train metrics: l1_loss: 0.4698 | giou_loss: 1.0183 | center_loss: 0.0227 | total_loss: 4.4083
2025-05-28 08:55:09,924 - transvg_20250527_145759 - INFO - Epoch 51, Batch 1100/1696, Loss: 3.6820
2025-05-28 08:55:09,924 - transvg_20250527_145759 - INFO - Train metrics: l1_loss: 0.3728 | giou_loss: 0.9034 | center_loss: 0.0111 | total_loss: 3.6820
2025-05-28 08:56:18,132 - transvg_20250527_145759 - INFO - Epoch 51, Batch 1150/1696, Loss: 3.4466
2025-05-28 08:56:18,132 - transvg_20250527_145759 - INFO - Train metrics: l1_loss: 0.3296 | giou_loss: 0.8955 | center_loss: 0.0079 | total_loss: 3.4466
2025-05-28 08:57:26,150 - transvg_20250527_145759 - INFO - Epoch 51, Batch 1200/1696, Loss: 3.6299
2025-05-28 08:57:26,151 - transvg_20250527_145759 - INFO - Train metrics: l1_loss: 0.3763 | giou_loss: 0.8681 | center_loss: 0.0123 | total_loss: 3.6299
2025-05-28 08:58:34,155 - transvg_20250527_145759 - INFO - Epoch 51, Batch 1250/1696, Loss: 4.0330
2025-05-28 08:58:34,155 - transvg_20250527_145759 - INFO - Train metrics: l1_loss: 0.4298 | giou_loss: 0.9354 | center_loss: 0.0132 | total_loss: 4.0330
2025-05-28 08:59:42,299 - transvg_20250527_145759 - INFO - Epoch 51, Batch 1300/1696, Loss: 4.2794
2025-05-28 08:59:42,299 - transvg_20250527_145759 - INFO - Train metrics: l1_loss: 0.4581 | giou_loss: 0.9857 | center_loss: 0.0177 | total_loss: 4.2794
2025-05-28 09:00:50,480 - transvg_20250527_145759 - INFO - Epoch 51, Batch 1350/1696, Loss: 3.0747
2025-05-28 09:00:50,480 - transvg_20250527_145759 - INFO - Train metrics: l1_loss: 0.2872 | giou_loss: 0.8163 | center_loss: 0.0059 | total_loss: 3.0747
2025-05-28 09:01:58,741 - transvg_20250527_145759 - INFO - Epoch 51, Batch 1400/1696, Loss: 3.7329
2025-05-28 09:01:58,741 - transvg_20250527_145759 - INFO - Train metrics: l1_loss: 0.4044 | giou_loss: 0.8488 | center_loss: 0.0135 | total_loss: 3.7329
2025-05-28 09:03:06,777 - transvg_20250527_145759 - INFO - Epoch 51, Batch 1450/1696, Loss: 3.5800
2025-05-28 09:03:06,777 - transvg_20250527_145759 - INFO - Train metrics: l1_loss: 0.3814 | giou_loss: 0.8298 | center_loss: 0.0133 | total_loss: 3.5800
2025-05-28 09:04:14,380 - transvg_20250527_145759 - INFO - Epoch 51, Batch 1500/1696, Loss: 3.0089
2025-05-28 09:04:14,381 - transvg_20250527_145759 - INFO - Train metrics: l1_loss: 0.2826 | giou_loss: 0.7960 | center_loss: 0.0042 | total_loss: 3.0089
2025-05-28 09:05:23,081 - transvg_20250527_145759 - INFO - Epoch 51, Batch 1550/1696, Loss: 3.7826
2025-05-28 09:05:23,081 - transvg_20250527_145759 - INFO - Train metrics: l1_loss: 0.3684 | giou_loss: 0.9658 | center_loss: 0.0090 | total_loss: 3.7826
2025-05-28 09:06:31,319 - transvg_20250527_145759 - INFO - Epoch 51, Batch 1600/1696, Loss: 3.5292
2025-05-28 09:06:31,319 - transvg_20250527_145759 - INFO - Train metrics: l1_loss: 0.3545 | giou_loss: 0.8721 | center_loss: 0.0122 | total_loss: 3.5292
2025-05-28 09:07:39,816 - transvg_20250527_145759 - INFO - Epoch 51, Batch 1650/1696, Loss: 4.4961
2025-05-28 09:07:39,816 - transvg_20250527_145759 - INFO - Train metrics: l1_loss: 0.5023 | giou_loss: 0.9778 | center_loss: 0.0290 | total_loss: 4.4961
2025-05-28 09:08:41,381 - transvg_20250527_145759 - INFO - Train Epoch 51, Loss: 3.6230
2025-05-28 09:10:38,323 - transvg_20250527_145759 - INFO - Pred box sample: [99.19896697998047, 117.60720825195312, 285.5950012207031, 274.97509765625]
2025-05-28 09:10:38,323 - transvg_20250527_145759 - INFO - Target box sample: [207.0, 198.0, 287.0, 283.0]
2025-05-28 09:10:38,403 - transvg_20250527_145759 - INFO - Validation Epoch 51, Loss: 4.6997
2025-05-28 09:10:38,403 - transvg_20250527_145759 - INFO - Val metrics: Acc@0.25: 0.3086 | Acc@0.5: 0.1153 | Acc@0.75: 0.0141 | mIoU: 0.1775 | medianIoU: 0.0739 | mae_x1: 104.9487 | mae_y1: 100.9707 | mae_x2: 105.0406 | mae_y2: 101.4373 | center_x_error: 90.7645 | center_y_error: 85.7872 | width_error: 2.1488 | height_error: 2.0242 | loss: 4.6997
2025-05-28 09:10:39,280 - transvg_20250527_145759 - INFO - Saved model checkpoint to /home/pokle/Trans-VG/visual_grounding/checkpoints/transvg_20250527_145759_epoch51.pth
2025-05-28 09:10:39,281 - transvg_20250527_145759 - INFO - Epoch 52/200
2025-05-28 09:10:41,913 - transvg_20250527_145759 - INFO - Epoch 52, Batch 0/1696, Loss: 3.7797
2025-05-28 09:10:41,913 - transvg_20250527_145759 - INFO - Train metrics: l1_loss: 0.4077 | giou_loss: 0.8632 | center_loss: 0.0146 | total_loss: 3.7797
2025-05-28 09:11:49,858 - transvg_20250527_145759 - INFO - Epoch 52, Batch 50/1696, Loss: 2.6367
2025-05-28 09:11:49,859 - transvg_20250527_145759 - INFO - Train metrics: l1_loss: 0.2438 | giou_loss: 0.7073 | center_loss: 0.0031 | total_loss: 2.6367
2025-05-28 09:12:58,576 - transvg_20250527_145759 - INFO - Epoch 52, Batch 100/1696, Loss: 3.4733
2025-05-28 09:12:58,576 - transvg_20250527_145759 - INFO - Train metrics: l1_loss: 0.3628 | giou_loss: 0.8262 | center_loss: 0.0069 | total_loss: 3.4733
2025-05-28 09:14:07,232 - transvg_20250527_145759 - INFO - Epoch 52, Batch 150/1696, Loss: 2.6922
2025-05-28 09:14:07,233 - transvg_20250527_145759 - INFO - Train metrics: l1_loss: 0.2533 | giou_loss: 0.7112 | center_loss: 0.0034 | total_loss: 2.6922
2025-05-28 09:15:15,275 - transvg_20250527_145759 - INFO - Epoch 52, Batch 200/1696, Loss: 3.1752
2025-05-28 09:15:15,275 - transvg_20250527_145759 - INFO - Train metrics: l1_loss: 0.3029 | giou_loss: 0.8262 | center_loss: 0.0080 | total_loss: 3.1752
2025-05-28 09:16:24,089 - transvg_20250527_145759 - INFO - Epoch 52, Batch 250/1696, Loss: 3.6726
2025-05-28 09:16:24,089 - transvg_20250527_145759 - INFO - Train metrics: l1_loss: 0.3953 | giou_loss: 0.8420 | center_loss: 0.0121 | total_loss: 3.6726
2025-05-28 09:17:32,717 - transvg_20250527_145759 - INFO - Epoch 52, Batch 300/1696, Loss: 3.0243
2025-05-28 09:17:32,718 - transvg_20250527_145759 - INFO - Train metrics: l1_loss: 0.2777 | giou_loss: 0.8149 | center_loss: 0.0062 | total_loss: 3.0243
2025-05-28 09:18:41,533 - transvg_20250527_145759 - INFO - Epoch 52, Batch 350/1696, Loss: 4.3764
2025-05-28 09:18:41,534 - transvg_20250527_145759 - INFO - Train metrics: l1_loss: 0.4497 | giou_loss: 1.0528 | center_loss: 0.0225 | total_loss: 4.3764
2025-05-28 09:19:50,201 - transvg_20250527_145759 - INFO - Epoch 52, Batch 400/1696, Loss: 3.0998
2025-05-28 09:19:50,201 - transvg_20250527_145759 - INFO - Train metrics: l1_loss: 0.3182 | giou_loss: 0.7511 | center_loss: 0.0066 | total_loss: 3.0998
2025-05-28 09:20:58,193 - transvg_20250527_145759 - INFO - Epoch 52, Batch 450/1696, Loss: 3.6113
2025-05-28 09:20:58,193 - transvg_20250527_145759 - INFO - Train metrics: l1_loss: 0.3670 | giou_loss: 0.8823 | center_loss: 0.0118 | total_loss: 3.6113
2025-05-28 09:22:06,526 - transvg_20250527_145759 - INFO - Epoch 52, Batch 500/1696, Loss: 4.4161
2025-05-28 09:22:06,526 - transvg_20250527_145759 - INFO - Train metrics: l1_loss: 0.4608 | giou_loss: 1.0479 | center_loss: 0.0163 | total_loss: 4.4161
2025-05-28 09:23:14,883 - transvg_20250527_145759 - INFO - Epoch 52, Batch 550/1696, Loss: 4.1735
2025-05-28 09:23:14,883 - transvg_20250527_145759 - INFO - Train metrics: l1_loss: 0.4306 | giou_loss: 1.0015 | center_loss: 0.0174 | total_loss: 4.1735
2025-05-28 09:24:23,304 - transvg_20250527_145759 - INFO - Epoch 52, Batch 600/1696, Loss: 3.9806
2025-05-28 09:24:23,305 - transvg_20250527_145759 - INFO - Train metrics: l1_loss: 0.4056 | giou_loss: 0.9678 | center_loss: 0.0171 | total_loss: 3.9806
2025-05-28 09:25:32,066 - transvg_20250527_145759 - INFO - Epoch 52, Batch 650/1696, Loss: 2.5583
2025-05-28 09:25:32,066 - transvg_20250527_145759 - INFO - Train metrics: l1_loss: 0.2657 | giou_loss: 0.6122 | center_loss: 0.0054 | total_loss: 2.5583
2025-05-28 09:26:40,650 - transvg_20250527_145759 - INFO - Epoch 52, Batch 700/1696, Loss: 3.0608
2025-05-28 09:26:40,650 - transvg_20250527_145759 - INFO - Train metrics: l1_loss: 0.2871 | giou_loss: 0.8099 | center_loss: 0.0054 | total_loss: 3.0608
2025-05-28 09:27:49,085 - transvg_20250527_145759 - INFO - Epoch 52, Batch 750/1696, Loss: 3.5394
2025-05-28 09:27:49,085 - transvg_20250527_145759 - INFO - Train metrics: l1_loss: 0.3517 | giou_loss: 0.8870 | center_loss: 0.0067 | total_loss: 3.5394
2025-05-28 09:28:57,542 - transvg_20250527_145759 - INFO - Epoch 52, Batch 800/1696, Loss: 3.8913
2025-05-28 09:28:57,543 - transvg_20250527_145759 - INFO - Train metrics: l1_loss: 0.4187 | giou_loss: 0.8932 | center_loss: 0.0114 | total_loss: 3.8913
2025-05-28 09:30:05,741 - transvg_20250527_145759 - INFO - Epoch 52, Batch 850/1696, Loss: 3.4760
2025-05-28 09:30:05,741 - transvg_20250527_145759 - INFO - Train metrics: l1_loss: 0.3227 | giou_loss: 0.9270 | center_loss: 0.0088 | total_loss: 3.4760
2025-05-28 09:31:13,843 - transvg_20250527_145759 - INFO - Epoch 52, Batch 900/1696, Loss: 4.7406
2025-05-28 09:31:13,844 - transvg_20250527_145759 - INFO - Train metrics: l1_loss: 0.5387 | giou_loss: 1.0068 | center_loss: 0.0336 | total_loss: 4.7406
2025-05-28 09:32:22,139 - transvg_20250527_145759 - INFO - Epoch 52, Batch 950/1696, Loss: 3.5731
2025-05-28 09:32:22,139 - transvg_20250527_145759 - INFO - Train metrics: l1_loss: 0.3470 | giou_loss: 0.9141 | center_loss: 0.0100 | total_loss: 3.5731
2025-05-28 09:33:30,537 - transvg_20250527_145759 - INFO - Epoch 52, Batch 1000/1696, Loss: 4.4516
2025-05-28 09:33:30,537 - transvg_20250527_145759 - INFO - Train metrics: l1_loss: 0.4736 | giou_loss: 1.0272 | center_loss: 0.0291 | total_loss: 4.4516
2025-05-28 09:34:38,839 - transvg_20250527_145759 - INFO - Epoch 52, Batch 1050/1696, Loss: 4.5113
2025-05-28 09:34:38,839 - transvg_20250527_145759 - INFO - Train metrics: l1_loss: 0.4824 | giou_loss: 1.0406 | center_loss: 0.0179 | total_loss: 4.5113
2025-05-28 09:35:48,263 - transvg_20250527_145759 - INFO - Epoch 52, Batch 1100/1696, Loss: 3.1093
2025-05-28 09:35:48,263 - transvg_20250527_145759 - INFO - Train metrics: l1_loss: 0.3206 | giou_loss: 0.7485 | center_loss: 0.0094 | total_loss: 3.1093
2025-05-28 09:36:56,243 - transvg_20250527_145759 - INFO - Epoch 52, Batch 1150/1696, Loss: 4.5264
2025-05-28 09:36:56,243 - transvg_20250527_145759 - INFO - Train metrics: l1_loss: 0.5252 | giou_loss: 0.9398 | center_loss: 0.0206 | total_loss: 4.5264
2025-05-28 09:38:05,114 - transvg_20250527_145759 - INFO - Epoch 52, Batch 1200/1696, Loss: 3.5443
2025-05-28 09:38:05,114 - transvg_20250527_145759 - INFO - Train metrics: l1_loss: 0.3734 | giou_loss: 0.8331 | center_loss: 0.0109 | total_loss: 3.5443
2025-05-28 09:39:13,992 - transvg_20250527_145759 - INFO - Epoch 52, Batch 1250/1696, Loss: 3.3014
2025-05-28 09:39:13,992 - transvg_20250527_145759 - INFO - Train metrics: l1_loss: 0.3075 | giou_loss: 0.8794 | center_loss: 0.0050 | total_loss: 3.3014
2025-05-28 09:40:23,011 - transvg_20250527_145759 - INFO - Epoch 52, Batch 1300/1696, Loss: 3.7632
2025-05-28 09:40:23,011 - transvg_20250527_145759 - INFO - Train metrics: l1_loss: 0.3755 | giou_loss: 0.9354 | center_loss: 0.0148 | total_loss: 3.7632
2025-05-28 09:41:31,252 - transvg_20250527_145759 - INFO - Epoch 52, Batch 1350/1696, Loss: 3.9229
2025-05-28 09:41:31,253 - transvg_20250527_145759 - INFO - Train metrics: l1_loss: 0.4188 | giou_loss: 0.9041 | center_loss: 0.0208 | total_loss: 3.9229
2025-05-28 09:42:39,177 - transvg_20250527_145759 - INFO - Epoch 52, Batch 1400/1696, Loss: 4.0360
2025-05-28 09:42:39,177 - transvg_20250527_145759 - INFO - Train metrics: l1_loss: 0.4071 | giou_loss: 0.9907 | center_loss: 0.0193 | total_loss: 4.0360
2025-05-28 09:43:47,256 - transvg_20250527_145759 - INFO - Epoch 52, Batch 1450/1696, Loss: 3.7899
2025-05-28 09:43:47,256 - transvg_20250527_145759 - INFO - Train metrics: l1_loss: 0.3623 | giou_loss: 0.9831 | center_loss: 0.0124 | total_loss: 3.7899
2025-05-28 09:44:55,492 - transvg_20250527_145759 - INFO - Epoch 52, Batch 1500/1696, Loss: 3.0028
2025-05-28 09:44:55,492 - transvg_20250527_145759 - INFO - Train metrics: l1_loss: 0.3000 | giou_loss: 0.7486 | center_loss: 0.0056 | total_loss: 3.0028
2025-05-28 09:46:04,207 - transvg_20250527_145759 - INFO - Epoch 52, Batch 1550/1696, Loss: 3.6648
2025-05-28 09:46:04,207 - transvg_20250527_145759 - INFO - Train metrics: l1_loss: 0.3716 | giou_loss: 0.8976 | center_loss: 0.0116 | total_loss: 3.6648
2025-05-28 09:47:12,557 - transvg_20250527_145759 - INFO - Epoch 52, Batch 1600/1696, Loss: 4.3516
2025-05-28 09:47:12,558 - transvg_20250527_145759 - INFO - Train metrics: l1_loss: 0.4761 | giou_loss: 0.9776 | center_loss: 0.0159 | total_loss: 4.3516
2025-05-28 09:48:21,322 - transvg_20250527_145759 - INFO - Epoch 52, Batch 1650/1696, Loss: 3.9540
2025-05-28 09:48:21,322 - transvg_20250527_145759 - INFO - Train metrics: l1_loss: 0.4174 | giou_loss: 0.9242 | center_loss: 0.0185 | total_loss: 3.9540
2025-05-28 09:49:22,233 - transvg_20250527_145759 - INFO - Train Epoch 52, Loss: 3.6151
2025-05-28 09:51:19,416 - transvg_20250527_145759 - INFO - Pred box sample: [83.03512573242188, 90.58258819580078, 272.91265869140625, 245.7397003173828]
2025-05-28 09:51:19,416 - transvg_20250527_145759 - INFO - Target box sample: [207.0, 198.0, 287.0, 283.0]
2025-05-28 09:51:19,497 - transvg_20250527_145759 - INFO - Validation Epoch 52, Loss: 4.6955
2025-05-28 09:51:19,497 - transvg_20250527_145759 - INFO - Val metrics: Acc@0.25: 0.3089 | Acc@0.5: 0.1110 | Acc@0.75: 0.0159 | mIoU: 0.1766 | medianIoU: 0.0758 | mae_x1: 105.6264 | mae_y1: 102.8556 | mae_x2: 104.4910 | mae_y2: 100.0825 | center_x_error: 90.2911 | center_y_error: 86.5694 | width_error: 2.2453 | height_error: 2.0512 | loss: 4.6955
2025-05-28 09:51:20,346 - transvg_20250527_145759 - INFO - Saved model checkpoint to /home/pokle/Trans-VG/visual_grounding/checkpoints/transvg_20250527_145759_epoch52.pth
2025-05-28 09:51:20,346 - transvg_20250527_145759 - INFO - Epoch 53/200
2025-05-28 09:51:23,047 - transvg_20250527_145759 - INFO - Epoch 53, Batch 0/1696, Loss: 5.2786
2025-05-28 09:51:23,048 - transvg_20250527_145759 - INFO - Train metrics: l1_loss: 0.6085 | giou_loss: 1.0985 | center_loss: 0.0390 | total_loss: 5.2786
2025-05-28 09:52:31,596 - transvg_20250527_145759 - INFO - Epoch 53, Batch 50/1696, Loss: 3.5194
2025-05-28 09:52:31,596 - transvg_20250527_145759 - INFO - Train metrics: l1_loss: 0.3678 | giou_loss: 0.8343 | center_loss: 0.0117 | total_loss: 3.5194
2025-05-28 09:53:39,424 - transvg_20250527_145759 - INFO - Epoch 53, Batch 100/1696, Loss: 4.3581
2025-05-28 09:53:39,425 - transvg_20250527_145759 - INFO - Train metrics: l1_loss: 0.4937 | giou_loss: 0.9302 | center_loss: 0.0292 | total_loss: 4.3581
2025-05-28 09:54:47,450 - transvg_20250527_145759 - INFO - Epoch 53, Batch 150/1696, Loss: 3.2029
2025-05-28 09:54:47,450 - transvg_20250527_145759 - INFO - Train metrics: l1_loss: 0.3044 | giou_loss: 0.8355 | center_loss: 0.0098 | total_loss: 3.2029
2025-05-28 09:55:55,658 - transvg_20250527_145759 - INFO - Epoch 53, Batch 200/1696, Loss: 4.0605
2025-05-28 09:55:55,659 - transvg_20250527_145759 - INFO - Train metrics: l1_loss: 0.4279 | giou_loss: 0.9522 | center_loss: 0.0164 | total_loss: 4.0605
2025-05-28 09:57:03,848 - transvg_20250527_145759 - INFO - Epoch 53, Batch 250/1696, Loss: 4.2376
2025-05-28 09:57:03,849 - transvg_20250527_145759 - INFO - Train metrics: l1_loss: 0.4463 | giou_loss: 0.9932 | center_loss: 0.0199 | total_loss: 4.2376
2025-05-28 09:58:12,340 - transvg_20250527_145759 - INFO - Epoch 53, Batch 300/1696, Loss: 3.5023
2025-05-28 09:58:12,341 - transvg_20250527_145759 - INFO - Train metrics: l1_loss: 0.3562 | giou_loss: 0.8548 | center_loss: 0.0118 | total_loss: 3.5023
2025-05-28 09:59:20,866 - transvg_20250527_145759 - INFO - Epoch 53, Batch 350/1696, Loss: 2.9324
2025-05-28 09:59:20,866 - transvg_20250527_145759 - INFO - Train metrics: l1_loss: 0.2723 | giou_loss: 0.7828 | center_loss: 0.0055 | total_loss: 2.9324
2025-05-28 10:00:29,254 - transvg_20250527_145759 - INFO - Epoch 53, Batch 400/1696, Loss: 3.1978
2025-05-28 10:00:29,255 - transvg_20250527_145759 - INFO - Train metrics: l1_loss: 0.2928 | giou_loss: 0.8624 | center_loss: 0.0088 | total_loss: 3.1978
2025-05-28 10:01:37,471 - transvg_20250527_145759 - INFO - Epoch 53, Batch 450/1696, Loss: 4.3377
2025-05-28 10:01:37,471 - transvg_20250527_145759 - INFO - Train metrics: l1_loss: 0.4263 | giou_loss: 1.0958 | center_loss: 0.0147 | total_loss: 4.3377
2025-05-28 10:02:46,178 - transvg_20250527_145759 - INFO - Epoch 53, Batch 500/1696, Loss: 3.5374
2025-05-28 10:02:46,178 - transvg_20250527_145759 - INFO - Train metrics: l1_loss: 0.3311 | giou_loss: 0.9371 | center_loss: 0.0078 | total_loss: 3.5374
2025-05-28 10:03:54,850 - transvg_20250527_145759 - INFO - Epoch 53, Batch 550/1696, Loss: 3.1150
2025-05-28 10:03:54,850 - transvg_20250527_145759 - INFO - Train metrics: l1_loss: 0.3394 | giou_loss: 0.7055 | center_loss: 0.0069 | total_loss: 3.1150
2025-05-28 10:05:03,281 - transvg_20250527_145759 - INFO - Epoch 53, Batch 600/1696, Loss: 3.5960
2025-05-28 10:05:03,281 - transvg_20250527_145759 - INFO - Train metrics: l1_loss: 0.3691 | giou_loss: 0.8688 | center_loss: 0.0131 | total_loss: 3.5960
2025-05-28 10:06:11,625 - transvg_20250527_145759 - INFO - Epoch 53, Batch 650/1696, Loss: 3.4948
2025-05-28 10:06:11,626 - transvg_20250527_145759 - INFO - Train metrics: l1_loss: 0.3618 | giou_loss: 0.8368 | center_loss: 0.0119 | total_loss: 3.4948
2025-05-28 10:07:20,080 - transvg_20250527_145759 - INFO - Epoch 53, Batch 700/1696, Loss: 4.4527
2025-05-28 10:07:20,080 - transvg_20250527_145759 - INFO - Train metrics: l1_loss: 0.4736 | giou_loss: 1.0314 | center_loss: 0.0219 | total_loss: 4.4527
2025-05-28 10:08:28,015 - transvg_20250527_145759 - INFO - Epoch 53, Batch 750/1696, Loss: 3.1547
2025-05-28 10:08:28,016 - transvg_20250527_145759 - INFO - Train metrics: l1_loss: 0.2937 | giou_loss: 0.8397 | center_loss: 0.0069 | total_loss: 3.1547
2025-05-28 10:09:36,791 - transvg_20250527_145759 - INFO - Epoch 53, Batch 800/1696, Loss: 3.5856
2025-05-28 10:09:36,791 - transvg_20250527_145759 - INFO - Train metrics: l1_loss: 0.3538 | giou_loss: 0.9025 | center_loss: 0.0117 | total_loss: 3.5856
2025-05-28 10:10:45,329 - transvg_20250527_145759 - INFO - Epoch 53, Batch 850/1696, Loss: 4.1105
2025-05-28 10:10:45,330 - transvg_20250527_145759 - INFO - Train metrics: l1_loss: 0.4572 | giou_loss: 0.9060 | center_loss: 0.0124 | total_loss: 4.1105
2025-05-28 10:11:53,911 - transvg_20250527_145759 - INFO - Epoch 53, Batch 900/1696, Loss: 3.4406
2025-05-28 10:11:53,911 - transvg_20250527_145759 - INFO - Train metrics: l1_loss: 0.3750 | giou_loss: 0.7748 | center_loss: 0.0160 | total_loss: 3.4406
2025-05-28 10:13:01,921 - transvg_20250527_145759 - INFO - Epoch 53, Batch 950/1696, Loss: 3.1427
2025-05-28 10:13:01,921 - transvg_20250527_145759 - INFO - Train metrics: l1_loss: 0.2819 | giou_loss: 0.8637 | center_loss: 0.0059 | total_loss: 3.1427
2025-05-28 10:14:10,852 - transvg_20250527_145759 - INFO - Epoch 53, Batch 1000/1696, Loss: 3.5547
2025-05-28 10:14:10,852 - transvg_20250527_145759 - INFO - Train metrics: l1_loss: 0.3840 | giou_loss: 0.8111 | center_loss: 0.0125 | total_loss: 3.5547
2025-05-28 10:15:19,103 - transvg_20250527_145759 - INFO - Epoch 53, Batch 1050/1696, Loss: 4.2151
2025-05-28 10:15:19,104 - transvg_20250527_145759 - INFO - Train metrics: l1_loss: 0.5092 | giou_loss: 0.8244 | center_loss: 0.0203 | total_loss: 4.2151
2025-05-28 10:16:27,526 - transvg_20250527_145759 - INFO - Epoch 53, Batch 1100/1696, Loss: 3.7288
2025-05-28 10:16:27,526 - transvg_20250527_145759 - INFO - Train metrics: l1_loss: 0.3891 | giou_loss: 0.8838 | center_loss: 0.0158 | total_loss: 3.7288
2025-05-28 10:17:36,064 - transvg_20250527_145759 - INFO - Epoch 53, Batch 1150/1696, Loss: 3.7755
2025-05-28 10:17:36,064 - transvg_20250527_145759 - INFO - Train metrics: l1_loss: 0.3658 | giou_loss: 0.9665 | center_loss: 0.0132 | total_loss: 3.7755
2025-05-28 10:18:44,830 - transvg_20250527_145759 - INFO - Epoch 53, Batch 1200/1696, Loss: 3.6156
2025-05-28 10:18:44,830 - transvg_20250527_145759 - INFO - Train metrics: l1_loss: 0.3740 | giou_loss: 0.8667 | center_loss: 0.0124 | total_loss: 3.6156
2025-05-28 10:19:53,275 - transvg_20250527_145759 - INFO - Epoch 53, Batch 1250/1696, Loss: 4.1558
2025-05-28 10:19:53,275 - transvg_20250527_145759 - INFO - Train metrics: l1_loss: 0.4276 | giou_loss: 1.0018 | center_loss: 0.0143 | total_loss: 4.1558
2025-05-28 10:21:01,737 - transvg_20250527_145759 - INFO - Epoch 53, Batch 1300/1696, Loss: 3.3285
2025-05-28 10:21:01,737 - transvg_20250527_145759 - INFO - Train metrics: l1_loss: 0.3318 | giou_loss: 0.8306 | center_loss: 0.0086 | total_loss: 3.3285
2025-05-28 10:22:10,558 - transvg_20250527_145759 - INFO - Epoch 53, Batch 1350/1696, Loss: 3.6229
2025-05-28 10:22:10,558 - transvg_20250527_145759 - INFO - Train metrics: l1_loss: 0.3913 | giou_loss: 0.8249 | center_loss: 0.0168 | total_loss: 3.6229
2025-05-28 10:23:19,771 - transvg_20250527_145759 - INFO - Epoch 53, Batch 1400/1696, Loss: 4.0142
2025-05-28 10:23:19,771 - transvg_20250527_145759 - INFO - Train metrics: l1_loss: 0.4301 | giou_loss: 0.9254 | center_loss: 0.0129 | total_loss: 4.0142
2025-05-28 10:24:28,029 - transvg_20250527_145759 - INFO - Epoch 53, Batch 1450/1696, Loss: 3.7080
2025-05-28 10:24:28,029 - transvg_20250527_145759 - INFO - Train metrics: l1_loss: 0.3474 | giou_loss: 0.9819 | center_loss: 0.0072 | total_loss: 3.7080
2025-05-28 10:25:36,670 - transvg_20250527_145759 - INFO - Epoch 53, Batch 1500/1696, Loss: 3.4864
2025-05-28 10:25:36,670 - transvg_20250527_145759 - INFO - Train metrics: l1_loss: 0.3550 | giou_loss: 0.8499 | center_loss: 0.0119 | total_loss: 3.4864
2025-05-28 10:26:45,249 - transvg_20250527_145759 - INFO - Epoch 53, Batch 1550/1696, Loss: 3.5438
2025-05-28 10:26:45,249 - transvg_20250527_145759 - INFO - Train metrics: l1_loss: 0.3589 | giou_loss: 0.8661 | center_loss: 0.0170 | total_loss: 3.5438
2025-05-28 10:27:53,887 - transvg_20250527_145759 - INFO - Epoch 53, Batch 1600/1696, Loss: 3.9499
2025-05-28 10:27:53,887 - transvg_20250527_145759 - INFO - Train metrics: l1_loss: 0.4002 | giou_loss: 0.9662 | center_loss: 0.0165 | total_loss: 3.9499
2025-05-28 10:29:02,624 - transvg_20250527_145759 - INFO - Epoch 53, Batch 1650/1696, Loss: 3.6637
2025-05-28 10:29:02,624 - transvg_20250527_145759 - INFO - Train metrics: l1_loss: 0.3426 | giou_loss: 0.9708 | center_loss: 0.0089 | total_loss: 3.6637
2025-05-28 10:30:04,276 - transvg_20250527_145759 - INFO - Train Epoch 53, Loss: 3.6123
2025-05-28 10:32:02,255 - transvg_20250527_145759 - INFO - Pred box sample: [90.61260986328125, 117.96636962890625, 251.2732696533203, 258.8105773925781]
2025-05-28 10:32:02,256 - transvg_20250527_145759 - INFO - Target box sample: [207.0, 198.0, 287.0, 283.0]
2025-05-28 10:32:02,331 - transvg_20250527_145759 - INFO - Validation Epoch 53, Loss: 4.6987
2025-05-28 10:32:02,331 - transvg_20250527_145759 - INFO - Val metrics: Acc@0.25: 0.3084 | Acc@0.5: 0.1105 | Acc@0.75: 0.0159 | mIoU: 0.1766 | medianIoU: 0.0780 | mae_x1: 103.5308 | mae_y1: 102.5609 | mae_x2: 104.9088 | mae_y2: 99.6005 | center_x_error: 90.4972 | center_y_error: 86.0682 | width_error: 2.0601 | height_error: 2.0249 | loss: 4.6987
2025-05-28 10:32:03,193 - transvg_20250527_145759 - INFO - Saved model checkpoint to /home/pokle/Trans-VG/visual_grounding/checkpoints/transvg_20250527_145759_epoch53.pth
2025-05-28 10:32:03,194 - transvg_20250527_145759 - INFO - Epoch 54/200
2025-05-28 10:32:05,882 - transvg_20250527_145759 - INFO - Epoch 54, Batch 0/1696, Loss: 3.8219
2025-05-28 10:32:05,882 - transvg_20250527_145759 - INFO - Train metrics: l1_loss: 0.4008 | giou_loss: 0.9028 | center_loss: 0.0123 | total_loss: 3.8219
2025-05-28 10:33:14,111 - transvg_20250527_145759 - INFO - Epoch 54, Batch 50/1696, Loss: 3.4369
2025-05-28 10:33:14,112 - transvg_20250527_145759 - INFO - Train metrics: l1_loss: 0.3267 | giou_loss: 0.8972 | center_loss: 0.0089 | total_loss: 3.4369
2025-05-28 10:34:23,110 - transvg_20250527_145759 - INFO - Epoch 54, Batch 100/1696, Loss: 3.1872
2025-05-28 10:34:23,110 - transvg_20250527_145759 - INFO - Train metrics: l1_loss: 0.3081 | giou_loss: 0.8208 | center_loss: 0.0053 | total_loss: 3.1872
2025-05-28 10:35:32,336 - transvg_20250527_145759 - INFO - Epoch 54, Batch 150/1696, Loss: 3.3963
2025-05-28 10:35:32,336 - transvg_20250527_145759 - INFO - Train metrics: l1_loss: 0.3478 | giou_loss: 0.8231 | center_loss: 0.0110 | total_loss: 3.3963
2025-05-28 10:36:41,094 - transvg_20250527_145759 - INFO - Epoch 54, Batch 200/1696, Loss: 3.8160
2025-05-28 10:36:41,094 - transvg_20250527_145759 - INFO - Train metrics: l1_loss: 0.3836 | giou_loss: 0.9423 | center_loss: 0.0134 | total_loss: 3.8160
2025-05-28 10:37:49,872 - transvg_20250527_145759 - INFO - Epoch 54, Batch 250/1696, Loss: 3.9349
2025-05-28 10:37:49,872 - transvg_20250527_145759 - INFO - Train metrics: l1_loss: 0.4012 | giou_loss: 0.9559 | center_loss: 0.0170 | total_loss: 3.9349
2025-05-28 10:38:58,706 - transvg_20250527_145759 - INFO - Epoch 54, Batch 300/1696, Loss: 2.7491
2025-05-28 10:38:58,706 - transvg_20250527_145759 - INFO - Train metrics: l1_loss: 0.2587 | giou_loss: 0.7255 | center_loss: 0.0048 | total_loss: 2.7491
2025-05-28 10:40:07,184 - transvg_20250527_145759 - INFO - Epoch 54, Batch 350/1696, Loss: 3.0759
2025-05-28 10:40:07,184 - transvg_20250527_145759 - INFO - Train metrics: l1_loss: 0.3097 | giou_loss: 0.7596 | center_loss: 0.0085 | total_loss: 3.0759
2025-05-28 10:41:15,582 - transvg_20250527_145759 - INFO - Epoch 54, Batch 400/1696, Loss: 3.8722
2025-05-28 10:41:15,583 - transvg_20250527_145759 - INFO - Train metrics: l1_loss: 0.3880 | giou_loss: 0.9589 | center_loss: 0.0143 | total_loss: 3.8722
2025-05-28 10:42:24,283 - transvg_20250527_145759 - INFO - Epoch 54, Batch 450/1696, Loss: 3.8083
2025-05-28 10:42:24,284 - transvg_20250527_145759 - INFO - Train metrics: l1_loss: 0.3873 | giou_loss: 0.9284 | center_loss: 0.0149 | total_loss: 3.8083
2025-05-28 10:43:33,393 - transvg_20250527_145759 - INFO - Epoch 54, Batch 500/1696, Loss: 3.8070
2025-05-28 10:43:33,393 - transvg_20250527_145759 - INFO - Train metrics: l1_loss: 0.3966 | giou_loss: 0.9023 | center_loss: 0.0195 | total_loss: 3.8070
2025-05-28 10:44:42,032 - transvg_20250527_145759 - INFO - Epoch 54, Batch 550/1696, Loss: 4.1521
2025-05-28 10:44:42,032 - transvg_20250527_145759 - INFO - Train metrics: l1_loss: 0.4201 | giou_loss: 1.0157 | center_loss: 0.0204 | total_loss: 4.1521
2025-05-28 10:45:50,646 - transvg_20250527_145759 - INFO - Epoch 54, Batch 600/1696, Loss: 4.6270
2025-05-28 10:45:50,646 - transvg_20250527_145759 - INFO - Train metrics: l1_loss: 0.5002 | giou_loss: 1.0518 | center_loss: 0.0224 | total_loss: 4.6270
2025-05-28 10:46:59,642 - transvg_20250527_145759 - INFO - Epoch 54, Batch 650/1696, Loss: 3.5382
2025-05-28 10:46:59,642 - transvg_20250527_145759 - INFO - Train metrics: l1_loss: 0.3588 | giou_loss: 0.8676 | center_loss: 0.0090 | total_loss: 3.5382
2025-05-28 10:48:08,555 - transvg_20250527_145759 - INFO - Epoch 54, Batch 700/1696, Loss: 3.1311
2025-05-28 10:48:08,555 - transvg_20250527_145759 - INFO - Train metrics: l1_loss: 0.3093 | giou_loss: 0.7872 | center_loss: 0.0103 | total_loss: 3.1311
2025-05-28 10:49:17,691 - transvg_20250527_145759 - INFO - Epoch 54, Batch 750/1696, Loss: 4.2907
2025-05-28 10:49:17,691 - transvg_20250527_145759 - INFO - Train metrics: l1_loss: 0.4722 | giou_loss: 0.9520 | center_loss: 0.0258 | total_loss: 4.2907
2025-05-28 10:50:26,585 - transvg_20250527_145759 - INFO - Epoch 54, Batch 800/1696, Loss: 3.3852
2025-05-28 10:50:26,585 - transvg_20250527_145759 - INFO - Train metrics: l1_loss: 0.3095 | giou_loss: 0.9155 | center_loss: 0.0069 | total_loss: 3.3852
2025-05-28 10:51:35,459 - transvg_20250527_145759 - INFO - Epoch 54, Batch 850/1696, Loss: 4.1194
2025-05-28 10:51:35,460 - transvg_20250527_145759 - INFO - Train metrics: l1_loss: 0.4183 | giou_loss: 1.0073 | center_loss: 0.0131 | total_loss: 4.1194
2025-05-28 10:52:44,310 - transvg_20250527_145759 - INFO - Epoch 54, Batch 900/1696, Loss: 4.1518
2025-05-28 10:52:44,310 - transvg_20250527_145759 - INFO - Train metrics: l1_loss: 0.4535 | giou_loss: 0.9317 | center_loss: 0.0207 | total_loss: 4.1518
2025-05-28 10:53:52,509 - transvg_20250527_145759 - INFO - Epoch 54, Batch 950/1696, Loss: 3.7992
2025-05-28 10:53:52,509 - transvg_20250527_145759 - INFO - Train metrics: l1_loss: 0.4115 | giou_loss: 0.8629 | center_loss: 0.0159 | total_loss: 3.7992
2025-05-28 10:55:01,043 - transvg_20250527_145759 - INFO - Epoch 54, Batch 1000/1696, Loss: 3.1235
2025-05-28 10:55:01,044 - transvg_20250527_145759 - INFO - Train metrics: l1_loss: 0.3040 | giou_loss: 0.8005 | center_loss: 0.0024 | total_loss: 3.1235
2025-05-28 10:56:09,772 - transvg_20250527_145759 - INFO - Epoch 54, Batch 1050/1696, Loss: 3.6096
2025-05-28 10:56:09,772 - transvg_20250527_145759 - INFO - Train metrics: l1_loss: 0.3530 | giou_loss: 0.9171 | center_loss: 0.0101 | total_loss: 3.6096
2025-05-28 10:57:18,053 - transvg_20250527_145759 - INFO - Epoch 54, Batch 1100/1696, Loss: 4.3590
2025-05-28 10:57:18,053 - transvg_20250527_145759 - INFO - Train metrics: l1_loss: 0.4600 | giou_loss: 1.0182 | center_loss: 0.0225 | total_loss: 4.3590
2025-05-28 10:58:26,961 - transvg_20250527_145759 - INFO - Epoch 54, Batch 1150/1696, Loss: 3.9760
2025-05-28 10:58:26,961 - transvg_20250527_145759 - INFO - Train metrics: l1_loss: 0.4074 | giou_loss: 0.9593 | center_loss: 0.0204 | total_loss: 3.9760
2025-05-28 10:59:35,970 - transvg_20250527_145759 - INFO - Epoch 54, Batch 1200/1696, Loss: 4.2274
2025-05-28 10:59:35,970 - transvg_20250527_145759 - INFO - Train metrics: l1_loss: 0.4395 | giou_loss: 1.0047 | center_loss: 0.0203 | total_loss: 4.2274
2025-05-28 11:00:44,980 - transvg_20250527_145759 - INFO - Epoch 54, Batch 1250/1696, Loss: 2.9658
2025-05-28 11:00:44,980 - transvg_20250527_145759 - INFO - Train metrics: l1_loss: 0.3142 | giou_loss: 0.6915 | center_loss: 0.0119 | total_loss: 2.9658
2025-05-28 11:01:53,790 - transvg_20250527_145759 - INFO - Epoch 54, Batch 1300/1696, Loss: 3.7567
2025-05-28 11:01:53,790 - transvg_20250527_145759 - INFO - Train metrics: l1_loss: 0.4123 | giou_loss: 0.8392 | center_loss: 0.0166 | total_loss: 3.7567
2025-05-28 11:03:02,605 - transvg_20250527_145759 - INFO - Epoch 54, Batch 1350/1696, Loss: 3.2034
2025-05-28 11:03:02,605 - transvg_20250527_145759 - INFO - Train metrics: l1_loss: 0.3372 | giou_loss: 0.7532 | center_loss: 0.0111 | total_loss: 3.2034
2025-05-28 11:04:11,210 - transvg_20250527_145759 - INFO - Epoch 54, Batch 1400/1696, Loss: 3.3203
2025-05-28 11:04:11,210 - transvg_20250527_145759 - INFO - Train metrics: l1_loss: 0.3426 | giou_loss: 0.8000 | center_loss: 0.0072 | total_loss: 3.3203
2025-05-28 11:05:20,032 - transvg_20250527_145759 - INFO - Epoch 54, Batch 1450/1696, Loss: 4.2362
2025-05-28 11:05:20,033 - transvg_20250527_145759 - INFO - Train metrics: l1_loss: 0.4329 | giou_loss: 1.0257 | center_loss: 0.0201 | total_loss: 4.2362
2025-05-28 11:06:28,979 - transvg_20250527_145759 - INFO - Epoch 54, Batch 1500/1696, Loss: 3.7888
2025-05-28 11:06:28,980 - transvg_20250527_145759 - INFO - Train metrics: l1_loss: 0.3671 | giou_loss: 0.9709 | center_loss: 0.0116 | total_loss: 3.7888
2025-05-28 11:07:37,901 - transvg_20250527_145759 - INFO - Epoch 54, Batch 1550/1696, Loss: 3.1042
2025-05-28 11:07:37,901 - transvg_20250527_145759 - INFO - Train metrics: l1_loss: 0.3362 | giou_loss: 0.7071 | center_loss: 0.0089 | total_loss: 3.1042
2025-05-28 11:08:46,818 - transvg_20250527_145759 - INFO - Epoch 54, Batch 1600/1696, Loss: 3.1498
2025-05-28 11:08:46,819 - transvg_20250527_145759 - INFO - Train metrics: l1_loss: 0.3107 | giou_loss: 0.7957 | center_loss: 0.0048 | total_loss: 3.1498
2025-05-28 11:09:55,647 - transvg_20250527_145759 - INFO - Epoch 54, Batch 1650/1696, Loss: 3.6580
2025-05-28 11:09:55,647 - transvg_20250527_145759 - INFO - Train metrics: l1_loss: 0.4016 | giou_loss: 0.8195 | center_loss: 0.0109 | total_loss: 3.6580
2025-05-28 11:10:57,288 - transvg_20250527_145759 - INFO - Train Epoch 54, Loss: 3.6078
2025-05-28 11:12:55,903 - transvg_20250527_145759 - INFO - Pred box sample: [84.73727416992188, 108.53962707519531, 265.30426025390625, 258.2563781738281]
2025-05-28 11:12:55,904 - transvg_20250527_145759 - INFO - Target box sample: [207.0, 198.0, 287.0, 283.0]
2025-05-28 11:12:55,986 - transvg_20250527_145759 - INFO - Validation Epoch 54, Loss: 4.7009
2025-05-28 11:12:55,986 - transvg_20250527_145759 - INFO - Val metrics: Acc@0.25: 0.3041 | Acc@0.5: 0.1105 | Acc@0.75: 0.0149 | mIoU: 0.1770 | medianIoU: 0.0767 | mae_x1: 104.9458 | mae_y1: 102.2936 | mae_x2: 106.2209 | mae_y2: 100.7317 | center_x_error: 91.4391 | center_y_error: 85.6778 | width_error: 2.1694 | height_error: 2.1487 | loss: 4.7009
2025-05-28 11:12:56,844 - transvg_20250527_145759 - INFO - Saved model checkpoint to /home/pokle/Trans-VG/visual_grounding/checkpoints/transvg_20250527_145759_epoch54.pth
2025-05-28 11:12:56,844 - transvg_20250527_145759 - INFO - Epoch 55/200
2025-05-28 11:12:59,487 - transvg_20250527_145759 - INFO - Epoch 55, Batch 0/1696, Loss: 3.7934
2025-05-28 11:12:59,487 - transvg_20250527_145759 - INFO - Train metrics: l1_loss: 0.3999 | giou_loss: 0.8899 | center_loss: 0.0140 | total_loss: 3.7934
2025-05-28 11:14:08,050 - transvg_20250527_145759 - INFO - Epoch 55, Batch 50/1696, Loss: 3.7014
2025-05-28 11:14:08,050 - transvg_20250527_145759 - INFO - Train metrics: l1_loss: 0.3939 | giou_loss: 0.8584 | center_loss: 0.0151 | total_loss: 3.7014
2025-05-28 11:15:17,236 - transvg_20250527_145759 - INFO - Epoch 55, Batch 100/1696, Loss: 3.9102
2025-05-28 11:15:17,236 - transvg_20250527_145759 - INFO - Train metrics: l1_loss: 0.4146 | giou_loss: 0.9081 | center_loss: 0.0210 | total_loss: 3.9102
2025-05-28 11:16:26,024 - transvg_20250527_145759 - INFO - Epoch 55, Batch 150/1696, Loss: 4.7509
2025-05-28 11:16:26,024 - transvg_20250527_145759 - INFO - Train metrics: l1_loss: 0.5190 | giou_loss: 1.0617 | center_loss: 0.0325 | total_loss: 4.7509
2025-05-28 11:17:35,040 - transvg_20250527_145759 - INFO - Epoch 55, Batch 200/1696, Loss: 3.3068
2025-05-28 11:17:35,041 - transvg_20250527_145759 - INFO - Train metrics: l1_loss: 0.3430 | giou_loss: 0.7913 | center_loss: 0.0091 | total_loss: 3.3068
2025-05-28 11:18:43,882 - transvg_20250527_145759 - INFO - Epoch 55, Batch 250/1696, Loss: 2.4291
2025-05-28 11:18:43,882 - transvg_20250527_145759 - INFO - Train metrics: l1_loss: 0.2295 | giou_loss: 0.6393 | center_loss: 0.0029 | total_loss: 2.4291
2025-05-28 11:19:52,466 - transvg_20250527_145759 - INFO - Epoch 55, Batch 300/1696, Loss: 2.7916
2025-05-28 11:19:52,466 - transvg_20250527_145759 - INFO - Train metrics: l1_loss: 0.2423 | giou_loss: 0.7881 | center_loss: 0.0038 | total_loss: 2.7916
2025-05-28 11:21:01,715 - transvg_20250527_145759 - INFO - Epoch 55, Batch 350/1696, Loss: 3.7527
2025-05-28 11:21:01,715 - transvg_20250527_145759 - INFO - Train metrics: l1_loss: 0.4063 | giou_loss: 0.8511 | center_loss: 0.0191 | total_loss: 3.7527
2025-05-28 11:22:10,294 - transvg_20250527_145759 - INFO - Epoch 55, Batch 400/1696, Loss: 2.9954
2025-05-28 11:22:10,294 - transvg_20250527_145759 - INFO - Train metrics: l1_loss: 0.2946 | giou_loss: 0.7580 | center_loss: 0.0062 | total_loss: 2.9954
2025-05-28 11:23:19,060 - transvg_20250527_145759 - INFO - Epoch 55, Batch 450/1696, Loss: 3.3437
2025-05-28 11:23:19,061 - transvg_20250527_145759 - INFO - Train metrics: l1_loss: 0.3277 | giou_loss: 0.8482 | center_loss: 0.0088 | total_loss: 3.3437
2025-05-28 11:24:27,404 - transvg_20250527_145759 - INFO - Epoch 55, Batch 500/1696, Loss: 3.0047
2025-05-28 11:24:27,404 - transvg_20250527_145759 - INFO - Train metrics: l1_loss: 0.2895 | giou_loss: 0.7761 | center_loss: 0.0051 | total_loss: 3.0047
2025-05-28 11:25:36,136 - transvg_20250527_145759 - INFO - Epoch 55, Batch 550/1696, Loss: 3.6372
2025-05-28 11:25:36,136 - transvg_20250527_145759 - INFO - Train metrics: l1_loss: 0.3441 | giou_loss: 0.9530 | center_loss: 0.0105 | total_loss: 3.6372
2025-05-28 11:26:44,855 - transvg_20250527_145759 - INFO - Epoch 55, Batch 600/1696, Loss: 4.2322
2025-05-28 11:26:44,856 - transvg_20250527_145759 - INFO - Train metrics: l1_loss: 0.4402 | giou_loss: 1.0066 | center_loss: 0.0181 | total_loss: 4.2322
2025-05-28 11:27:54,037 - transvg_20250527_145759 - INFO - Epoch 55, Batch 650/1696, Loss: 4.0726
2025-05-28 11:27:54,038 - transvg_20250527_145759 - INFO - Train metrics: l1_loss: 0.4062 | giou_loss: 1.0151 | center_loss: 0.0117 | total_loss: 4.0726
2025-05-28 11:29:03,724 - transvg_20250527_145759 - INFO - Epoch 55, Batch 700/1696, Loss: 3.9388
2025-05-28 11:29:03,724 - transvg_20250527_145759 - INFO - Train metrics: l1_loss: 0.4241 | giou_loss: 0.9021 | center_loss: 0.0142 | total_loss: 3.9388
2025-05-28 11:30:13,142 - transvg_20250527_145759 - INFO - Epoch 55, Batch 750/1696, Loss: 3.9671
2025-05-28 11:30:13,143 - transvg_20250527_145759 - INFO - Train metrics: l1_loss: 0.3938 | giou_loss: 0.9942 | center_loss: 0.0098 | total_loss: 3.9671
2025-05-28 11:31:22,428 - transvg_20250527_145759 - INFO - Epoch 55, Batch 800/1696, Loss: 3.9925
2025-05-28 11:31:22,428 - transvg_20250527_145759 - INFO - Train metrics: l1_loss: 0.4366 | giou_loss: 0.8958 | center_loss: 0.0179 | total_loss: 3.9925
2025-05-28 11:32:32,191 - transvg_20250527_145759 - INFO - Epoch 55, Batch 850/1696, Loss: 3.7591
2025-05-28 11:32:32,191 - transvg_20250527_145759 - INFO - Train metrics: l1_loss: 0.3779 | giou_loss: 0.9292 | center_loss: 0.0113 | total_loss: 3.7591
2025-05-28 11:33:41,664 - transvg_20250527_145759 - INFO - Epoch 55, Batch 900/1696, Loss: 3.5037
2025-05-28 11:33:41,664 - transvg_20250527_145759 - INFO - Train metrics: l1_loss: 0.3704 | giou_loss: 0.8187 | center_loss: 0.0142 | total_loss: 3.5037
2025-05-28 11:34:51,373 - transvg_20250527_145759 - INFO - Epoch 55, Batch 950/1696, Loss: 3.6937
2025-05-28 11:34:51,374 - transvg_20250527_145759 - INFO - Train metrics: l1_loss: 0.3648 | giou_loss: 0.9281 | center_loss: 0.0135 | total_loss: 3.6937
2025-05-28 11:36:01,366 - transvg_20250527_145759 - INFO - Epoch 55, Batch 1000/1696, Loss: 3.1726
2025-05-28 11:36:01,366 - transvg_20250527_145759 - INFO - Train metrics: l1_loss: 0.3044 | giou_loss: 0.8203 | center_loss: 0.0102 | total_loss: 3.1726
2025-05-28 11:37:11,404 - transvg_20250527_145759 - INFO - Epoch 55, Batch 1050/1696, Loss: 3.1327
2025-05-28 11:37:11,405 - transvg_20250527_145759 - INFO - Train metrics: l1_loss: 0.3019 | giou_loss: 0.8074 | center_loss: 0.0082 | total_loss: 3.1327
2025-05-28 11:38:20,755 - transvg_20250527_145759 - INFO - Epoch 55, Batch 1100/1696, Loss: 3.5783
2025-05-28 11:38:20,755 - transvg_20250527_145759 - INFO - Train metrics: l1_loss: 0.3627 | giou_loss: 0.8765 | center_loss: 0.0117 | total_loss: 3.5783
2025-05-28 11:39:30,823 - transvg_20250527_145759 - INFO - Epoch 55, Batch 1150/1696, Loss: 3.4466
2025-05-28 11:39:30,823 - transvg_20250527_145759 - INFO - Train metrics: l1_loss: 0.3600 | giou_loss: 0.8172 | center_loss: 0.0123 | total_loss: 3.4466
2025-05-28 11:40:40,535 - transvg_20250527_145759 - INFO - Epoch 55, Batch 1200/1696, Loss: 3.8635
2025-05-28 11:40:40,536 - transvg_20250527_145759 - INFO - Train metrics: l1_loss: 0.4266 | giou_loss: 0.8559 | center_loss: 0.0189 | total_loss: 3.8635
2025-05-28 11:41:49,865 - transvg_20250527_145759 - INFO - Epoch 55, Batch 1250/1696, Loss: 3.3204
2025-05-28 11:41:49,865 - transvg_20250527_145759 - INFO - Train metrics: l1_loss: 0.3356 | giou_loss: 0.8172 | center_loss: 0.0081 | total_loss: 3.3204
2025-05-28 11:42:59,265 - transvg_20250527_145759 - INFO - Epoch 55, Batch 1300/1696, Loss: 4.7233
2025-05-28 11:42:59,265 - transvg_20250527_145759 - INFO - Train metrics: l1_loss: 0.4985 | giou_loss: 1.1041 | center_loss: 0.0228 | total_loss: 4.7233
2025-05-28 11:44:09,462 - transvg_20250527_145759 - INFO - Epoch 55, Batch 1350/1696, Loss: 4.3395
2025-05-28 11:44:09,462 - transvg_20250527_145759 - INFO - Train metrics: l1_loss: 0.4502 | giou_loss: 1.0375 | center_loss: 0.0135 | total_loss: 4.3395
2025-05-28 11:45:19,399 - transvg_20250527_145759 - INFO - Epoch 55, Batch 1400/1696, Loss: 3.5654
2025-05-28 11:45:19,399 - transvg_20250527_145759 - INFO - Train metrics: l1_loss: 0.3736 | giou_loss: 0.8412 | center_loss: 0.0147 | total_loss: 3.5654
2025-05-28 11:46:29,589 - transvg_20250527_145759 - INFO - Epoch 55, Batch 1450/1696, Loss: 4.2962
2025-05-28 11:46:29,589 - transvg_20250527_145759 - INFO - Train metrics: l1_loss: 0.4494 | giou_loss: 1.0159 | center_loss: 0.0171 | total_loss: 4.2962
2025-05-28 11:47:39,727 - transvg_20250527_145759 - INFO - Epoch 55, Batch 1500/1696, Loss: 3.3647
2025-05-28 11:47:39,728 - transvg_20250527_145759 - INFO - Train metrics: l1_loss: 0.3470 | giou_loss: 0.8113 | center_loss: 0.0072 | total_loss: 3.3647
2025-05-28 11:48:49,569 - transvg_20250527_145759 - INFO - Epoch 55, Batch 1550/1696, Loss: 3.9029
2025-05-28 11:48:49,570 - transvg_20250527_145759 - INFO - Train metrics: l1_loss: 0.3902 | giou_loss: 0.9687 | center_loss: 0.0142 | total_loss: 3.9029
2025-05-28 11:49:59,411 - transvg_20250527_145759 - INFO - Epoch 55, Batch 1600/1696, Loss: 4.3333
2025-05-28 11:49:59,411 - transvg_20250527_145759 - INFO - Train metrics: l1_loss: 0.4743 | giou_loss: 0.9691 | center_loss: 0.0234 | total_loss: 4.3333
2025-05-28 11:51:09,120 - transvg_20250527_145759 - INFO - Epoch 55, Batch 1650/1696, Loss: 3.7371
2025-05-28 11:51:09,120 - transvg_20250527_145759 - INFO - Train metrics: l1_loss: 0.3900 | giou_loss: 0.8891 | center_loss: 0.0089 | total_loss: 3.7371
2025-05-28 11:52:12,049 - transvg_20250527_145759 - INFO - Train Epoch 55, Loss: 3.5998
2025-05-28 11:54:11,553 - transvg_20250527_145759 - INFO - Pred box sample: [85.91477966308594, 80.97579956054688, 252.74729919433594, 236.37521362304688]
2025-05-28 11:54:11,553 - transvg_20250527_145759 - INFO - Target box sample: [207.0, 198.0, 287.0, 283.0]
2025-05-28 11:54:11,629 - transvg_20250527_145759 - INFO - Validation Epoch 55, Loss: 4.7515
2025-05-28 11:54:11,629 - transvg_20250527_145759 - INFO - Val metrics: Acc@0.25: 0.3001 | Acc@0.5: 0.1100 | Acc@0.75: 0.0127 | mIoU: 0.1742 | medianIoU: 0.0722 | mae_x1: 105.5651 | mae_y1: 103.9242 | mae_x2: 106.4002 | mae_y2: 101.4829 | center_x_error: 92.0630 | center_y_error: 87.7767 | width_error: 2.1214 | height_error: 2.0027 | loss: 4.7515
2025-05-28 11:54:12,479 - transvg_20250527_145759 - INFO - Saved model checkpoint to /home/pokle/Trans-VG/visual_grounding/checkpoints/transvg_20250527_145759_epoch55.pth
2025-05-28 11:54:12,479 - transvg_20250527_145759 - INFO - Epoch 56/200
2025-05-28 11:54:15,212 - transvg_20250527_145759 - INFO - Epoch 56, Batch 0/1696, Loss: 3.3717
2025-05-28 11:54:15,213 - transvg_20250527_145759 - INFO - Train metrics: l1_loss: 0.3433 | giou_loss: 0.8228 | center_loss: 0.0095 | total_loss: 3.3717
2025-05-28 11:55:24,580 - transvg_20250527_145759 - INFO - Epoch 56, Batch 50/1696, Loss: 3.6053
2025-05-28 11:55:24,580 - transvg_20250527_145759 - INFO - Train metrics: l1_loss: 0.3481 | giou_loss: 0.9282 | center_loss: 0.0083 | total_loss: 3.6053
2025-05-28 11:56:34,182 - transvg_20250527_145759 - INFO - Epoch 56, Batch 100/1696, Loss: 2.8599
2025-05-28 11:56:34,183 - transvg_20250527_145759 - INFO - Train metrics: l1_loss: 0.2648 | giou_loss: 0.7659 | center_loss: 0.0042 | total_loss: 2.8599
2025-05-28 11:57:43,300 - transvg_20250527_145759 - INFO - Epoch 56, Batch 150/1696, Loss: 2.9234
2025-05-28 11:57:43,300 - transvg_20250527_145759 - INFO - Train metrics: l1_loss: 0.3039 | giou_loss: 0.6982 | center_loss: 0.0074 | total_loss: 2.9234
2025-05-28 11:58:52,786 - transvg_20250527_145759 - INFO - Epoch 56, Batch 200/1696, Loss: 3.4704
2025-05-28 11:58:52,786 - transvg_20250527_145759 - INFO - Train metrics: l1_loss: 0.3686 | giou_loss: 0.8075 | center_loss: 0.0125 | total_loss: 3.4704
2025-05-28 12:00:01,730 - transvg_20250527_145759 - INFO - Epoch 56, Batch 250/1696, Loss: 2.5270
2025-05-28 12:00:01,730 - transvg_20250527_145759 - INFO - Train metrics: l1_loss: 0.2457 | giou_loss: 0.6474 | center_loss: 0.0036 | total_loss: 2.5270
2025-05-28 12:01:10,596 - transvg_20250527_145759 - INFO - Epoch 56, Batch 300/1696, Loss: 3.5928
2025-05-28 12:01:10,596 - transvg_20250527_145759 - INFO - Train metrics: l1_loss: 0.3411 | giou_loss: 0.9359 | center_loss: 0.0156 | total_loss: 3.5928
2025-05-28 12:02:19,703 - transvg_20250527_145759 - INFO - Epoch 56, Batch 350/1696, Loss: 2.6361
2025-05-28 12:02:19,703 - transvg_20250527_145759 - INFO - Train metrics: l1_loss: 0.2328 | giou_loss: 0.7343 | center_loss: 0.0034 | total_loss: 2.6361
2025-05-28 12:03:28,778 - transvg_20250527_145759 - INFO - Epoch 56, Batch 400/1696, Loss: 3.0463
2025-05-28 12:03:28,778 - transvg_20250527_145759 - INFO - Train metrics: l1_loss: 0.2927 | giou_loss: 0.7882 | center_loss: 0.0063 | total_loss: 3.0463
2025-05-28 12:04:38,327 - transvg_20250527_145759 - INFO - Epoch 56, Batch 450/1696, Loss: 3.8092
2025-05-28 12:04:38,327 - transvg_20250527_145759 - INFO - Train metrics: l1_loss: 0.4057 | giou_loss: 0.8823 | center_loss: 0.0159 | total_loss: 3.8092
2025-05-28 12:05:47,777 - transvg_20250527_145759 - INFO - Epoch 56, Batch 500/1696, Loss: 4.4922
2025-05-28 12:05:47,777 - transvg_20250527_145759 - INFO - Train metrics: l1_loss: 0.4654 | giou_loss: 1.0711 | center_loss: 0.0229 | total_loss: 4.4922
2025-05-28 12:06:56,997 - transvg_20250527_145759 - INFO - Epoch 56, Batch 550/1696, Loss: 3.3024
2025-05-28 12:06:56,997 - transvg_20250527_145759 - INFO - Train metrics: l1_loss: 0.3402 | giou_loss: 0.7967 | center_loss: 0.0079 | total_loss: 3.3024
2025-05-28 12:08:06,281 - transvg_20250527_145759 - INFO - Epoch 56, Batch 600/1696, Loss: 2.7935
2025-05-28 12:08:06,281 - transvg_20250527_145759 - INFO - Train metrics: l1_loss: 0.2585 | giou_loss: 0.7483 | center_loss: 0.0045 | total_loss: 2.7935
2025-05-28 12:09:15,275 - transvg_20250527_145759 - INFO - Epoch 56, Batch 650/1696, Loss: 2.9199
2025-05-28 12:09:15,275 - transvg_20250527_145759 - INFO - Train metrics: l1_loss: 0.2837 | giou_loss: 0.7476 | center_loss: 0.0062 | total_loss: 2.9199
2025-05-28 12:10:24,695 - transvg_20250527_145759 - INFO - Epoch 56, Batch 700/1696, Loss: 3.1916
2025-05-28 12:10:24,695 - transvg_20250527_145759 - INFO - Train metrics: l1_loss: 0.2875 | giou_loss: 0.8732 | center_loss: 0.0079 | total_loss: 3.1916
2025-05-28 12:11:33,757 - transvg_20250527_145759 - INFO - Epoch 56, Batch 750/1696, Loss: 4.7136
2025-05-28 12:11:33,757 - transvg_20250527_145759 - INFO - Train metrics: l1_loss: 0.4852 | giou_loss: 1.1346 | center_loss: 0.0185 | total_loss: 4.7136
2025-05-28 12:12:42,963 - transvg_20250527_145759 - INFO - Epoch 56, Batch 800/1696, Loss: 4.0731
2025-05-28 12:12:42,963 - transvg_20250527_145759 - INFO - Train metrics: l1_loss: 0.4023 | giou_loss: 1.0223 | center_loss: 0.0170 | total_loss: 4.0731
2025-05-28 12:13:52,373 - transvg_20250527_145759 - INFO - Epoch 56, Batch 850/1696, Loss: 3.6316
2025-05-28 12:13:52,373 - transvg_20250527_145759 - INFO - Train metrics: l1_loss: 0.3445 | giou_loss: 0.9498 | center_loss: 0.0092 | total_loss: 3.6316
2025-05-28 12:15:01,542 - transvg_20250527_145759 - INFO - Epoch 56, Batch 900/1696, Loss: 3.9843
2025-05-28 12:15:01,542 - transvg_20250527_145759 - INFO - Train metrics: l1_loss: 0.4527 | giou_loss: 0.8490 | center_loss: 0.0229 | total_loss: 3.9843
2025-05-28 12:16:10,559 - transvg_20250527_145759 - INFO - Epoch 56, Batch 950/1696, Loss: 3.6906
2025-05-28 12:16:10,559 - transvg_20250527_145759 - INFO - Train metrics: l1_loss: 0.3546 | giou_loss: 0.9524 | center_loss: 0.0128 | total_loss: 3.6906
2025-05-28 12:17:20,412 - transvg_20250527_145759 - INFO - Epoch 56, Batch 1000/1696, Loss: 3.2649
2025-05-28 12:17:20,412 - transvg_20250527_145759 - INFO - Train metrics: l1_loss: 0.3204 | giou_loss: 0.8267 | center_loss: 0.0094 | total_loss: 3.2649
2025-05-28 12:18:29,920 - transvg_20250527_145759 - INFO - Epoch 56, Batch 1050/1696, Loss: 3.7798
2025-05-28 12:18:29,920 - transvg_20250527_145759 - INFO - Train metrics: l1_loss: 0.3970 | giou_loss: 0.8888 | center_loss: 0.0172 | total_loss: 3.7798
2025-05-28 12:19:39,512 - transvg_20250527_145759 - INFO - Epoch 56, Batch 1100/1696, Loss: 3.2511
2025-05-28 12:19:39,512 - transvg_20250527_145759 - INFO - Train metrics: l1_loss: 0.3079 | giou_loss: 0.8518 | center_loss: 0.0078 | total_loss: 3.2511
2025-05-28 12:20:49,035 - transvg_20250527_145759 - INFO - Epoch 56, Batch 1150/1696, Loss: 3.0077
2025-05-28 12:20:49,035 - transvg_20250527_145759 - INFO - Train metrics: l1_loss: 0.2790 | giou_loss: 0.8036 | center_loss: 0.0056 | total_loss: 3.0077
2025-05-28 12:21:58,257 - transvg_20250527_145759 - INFO - Epoch 56, Batch 1200/1696, Loss: 4.8195
2025-05-28 12:21:58,258 - transvg_20250527_145759 - INFO - Train metrics: l1_loss: 0.5087 | giou_loss: 1.1267 | center_loss: 0.0222 | total_loss: 4.8195
2025-05-28 12:23:07,878 - transvg_20250527_145759 - INFO - Epoch 56, Batch 1250/1696, Loss: 2.9564
2025-05-28 12:23:07,878 - transvg_20250527_145759 - INFO - Train metrics: l1_loss: 0.2818 | giou_loss: 0.7708 | center_loss: 0.0058 | total_loss: 2.9564
2025-05-28 12:24:17,219 - transvg_20250527_145759 - INFO - Epoch 56, Batch 1300/1696, Loss: 3.1615
2025-05-28 12:24:17,219 - transvg_20250527_145759 - INFO - Train metrics: l1_loss: 0.3228 | giou_loss: 0.7674 | center_loss: 0.0126 | total_loss: 3.1615
2025-05-28 12:25:26,647 - transvg_20250527_145759 - INFO - Epoch 56, Batch 1350/1696, Loss: 4.1196
2025-05-28 12:25:26,647 - transvg_20250527_145759 - INFO - Train metrics: l1_loss: 0.4171 | giou_loss: 1.0061 | center_loss: 0.0220 | total_loss: 4.1196
2025-05-28 12:26:36,058 - transvg_20250527_145759 - INFO - Epoch 56, Batch 1400/1696, Loss: 3.4176
2025-05-28 12:26:36,058 - transvg_20250527_145759 - INFO - Train metrics: l1_loss: 0.3332 | giou_loss: 0.8719 | center_loss: 0.0077 | total_loss: 3.4176
2025-05-28 12:27:46,080 - transvg_20250527_145759 - INFO - Epoch 56, Batch 1450/1696, Loss: 3.7985
2025-05-28 12:27:46,080 - transvg_20250527_145759 - INFO - Train metrics: l1_loss: 0.4029 | giou_loss: 0.8873 | center_loss: 0.0095 | total_loss: 3.7985
2025-05-28 12:28:55,940 - transvg_20250527_145759 - INFO - Epoch 56, Batch 1500/1696, Loss: 4.0846
2025-05-28 12:28:55,940 - transvg_20250527_145759 - INFO - Train metrics: l1_loss: 0.4507 | giou_loss: 0.9069 | center_loss: 0.0175 | total_loss: 4.0846
2025-05-28 12:30:05,267 - transvg_20250527_145759 - INFO - Epoch 56, Batch 1550/1696, Loss: 3.0165
2025-05-28 12:30:05,267 - transvg_20250527_145759 - INFO - Train metrics: l1_loss: 0.2989 | giou_loss: 0.7574 | center_loss: 0.0071 | total_loss: 3.0165
2025-05-28 12:31:14,776 - transvg_20250527_145759 - INFO - Epoch 56, Batch 1600/1696, Loss: 4.0998
2025-05-28 12:31:14,777 - transvg_20250527_145759 - INFO - Train metrics: l1_loss: 0.4265 | giou_loss: 0.9772 | center_loss: 0.0130 | total_loss: 4.0998
2025-05-28 12:32:23,949 - transvg_20250527_145759 - INFO - Epoch 56, Batch 1650/1696, Loss: 4.6478
2025-05-28 12:32:23,949 - transvg_20250527_145759 - INFO - Train metrics: l1_loss: 0.5112 | giou_loss: 1.0329 | center_loss: 0.0262 | total_loss: 4.6478
2025-05-28 12:33:26,067 - transvg_20250527_145759 - INFO - Train Epoch 56, Loss: 3.5929
2025-05-28 12:35:25,626 - transvg_20250527_145759 - INFO - Pred box sample: [90.8370590209961, 92.05470275878906, 286.33514404296875, 256.20526123046875]
2025-05-28 12:35:25,626 - transvg_20250527_145759 - INFO - Target box sample: [207.0, 198.0, 287.0, 283.0]
2025-05-28 12:35:25,703 - transvg_20250527_145759 - INFO - Validation Epoch 56, Loss: 4.6945
2025-05-28 12:35:25,703 - transvg_20250527_145759 - INFO - Val metrics: Acc@0.25: 0.3068 | Acc@0.5: 0.1147 | Acc@0.75: 0.0151 | mIoU: 0.1777 | medianIoU: 0.0753 | mae_x1: 105.3480 | mae_y1: 101.1521 | mae_x2: 105.1386 | mae_y2: 101.0385 | center_x_error: 90.7179 | center_y_error: 86.4878 | width_error: 2.2095 | height_error: 2.0475 | loss: 4.6945
2025-05-28 12:35:26,587 - transvg_20250527_145759 - INFO - Saved model checkpoint to /home/pokle/Trans-VG/visual_grounding/checkpoints/transvg_20250527_145759_epoch56.pth
2025-05-28 12:35:26,588 - transvg_20250527_145759 - INFO - Epoch 57/200
2025-05-28 12:35:29,242 - transvg_20250527_145759 - INFO - Epoch 57, Batch 0/1696, Loss: 3.1546
2025-05-28 12:35:29,242 - transvg_20250527_145759 - INFO - Train metrics: l1_loss: 0.3274 | giou_loss: 0.7548 | center_loss: 0.0080 | total_loss: 3.1546
2025-05-28 12:36:38,145 - transvg_20250527_145759 - INFO - Epoch 57, Batch 50/1696, Loss: 4.0791
2025-05-28 12:36:38,145 - transvg_20250527_145759 - INFO - Train metrics: l1_loss: 0.4501 | giou_loss: 0.9058 | center_loss: 0.0168 | total_loss: 4.0791
2025-05-28 12:37:47,405 - transvg_20250527_145759 - INFO - Epoch 57, Batch 100/1696, Loss: 4.3191
2025-05-28 12:37:47,405 - transvg_20250527_145759 - INFO - Train metrics: l1_loss: 0.4364 | giou_loss: 1.0599 | center_loss: 0.0172 | total_loss: 4.3191
2025-05-28 12:38:56,771 - transvg_20250527_145759 - INFO - Epoch 57, Batch 150/1696, Loss: 3.4044
2025-05-28 12:38:56,771 - transvg_20250527_145759 - INFO - Train metrics: l1_loss: 0.3243 | giou_loss: 0.8882 | center_loss: 0.0064 | total_loss: 3.4044
2025-05-28 12:40:06,031 - transvg_20250527_145759 - INFO - Epoch 57, Batch 200/1696, Loss: 3.5726
2025-05-28 12:40:06,031 - transvg_20250527_145759 - INFO - Train metrics: l1_loss: 0.4207 | giou_loss: 0.7199 | center_loss: 0.0291 | total_loss: 3.5726
2025-05-28 12:41:15,000 - transvg_20250527_145759 - INFO - Epoch 57, Batch 250/1696, Loss: 3.0304
2025-05-28 12:41:15,000 - transvg_20250527_145759 - INFO - Train metrics: l1_loss: 0.2665 | giou_loss: 0.8465 | center_loss: 0.0052 | total_loss: 3.0304
2025-05-28 12:42:24,239 - transvg_20250527_145759 - INFO - Epoch 57, Batch 300/1696, Loss: 3.2792
2025-05-28 12:42:24,239 - transvg_20250527_145759 - INFO - Train metrics: l1_loss: 0.3214 | giou_loss: 0.8313 | center_loss: 0.0098 | total_loss: 3.2792
2025-05-28 12:43:33,451 - transvg_20250527_145759 - INFO - Epoch 57, Batch 350/1696, Loss: 4.0108
2025-05-28 12:43:33,452 - transvg_20250527_145759 - INFO - Train metrics: l1_loss: 0.3740 | giou_loss: 1.0640 | center_loss: 0.0127 | total_loss: 4.0108
2025-05-28 12:44:43,455 - transvg_20250527_145759 - INFO - Epoch 57, Batch 400/1696, Loss: 3.3453
2025-05-28 12:44:43,455 - transvg_20250527_145759 - INFO - Train metrics: l1_loss: 0.3313 | giou_loss: 0.8408 | center_loss: 0.0071 | total_loss: 3.3453
2025-05-28 12:45:52,708 - transvg_20250527_145759 - INFO - Epoch 57, Batch 450/1696, Loss: 3.6719
2025-05-28 12:45:52,709 - transvg_20250527_145759 - INFO - Train metrics: l1_loss: 0.3569 | giou_loss: 0.9401 | center_loss: 0.0072 | total_loss: 3.6719
2025-05-28 12:47:01,807 - transvg_20250527_145759 - INFO - Epoch 57, Batch 500/1696, Loss: 3.2246
2025-05-28 12:47:01,808 - transvg_20250527_145759 - INFO - Train metrics: l1_loss: 0.2857 | giou_loss: 0.8959 | center_loss: 0.0044 | total_loss: 3.2246
2025-05-28 12:48:11,413 - transvg_20250527_145759 - INFO - Epoch 57, Batch 550/1696, Loss: 2.9575
2025-05-28 12:48:11,413 - transvg_20250527_145759 - INFO - Train metrics: l1_loss: 0.2976 | giou_loss: 0.7309 | center_loss: 0.0079 | total_loss: 2.9575
2025-05-28 12:49:20,149 - transvg_20250527_145759 - INFO - Epoch 57, Batch 600/1696, Loss: 3.7528
2025-05-28 12:49:20,149 - transvg_20250527_145759 - INFO - Train metrics: l1_loss: 0.3722 | giou_loss: 0.9406 | center_loss: 0.0104 | total_loss: 3.7528
2025-05-28 12:50:29,193 - transvg_20250527_145759 - INFO - Epoch 57, Batch 650/1696, Loss: 3.4967
2025-05-28 12:50:29,194 - transvg_20250527_145759 - INFO - Train metrics: l1_loss: 0.3409 | giou_loss: 0.8926 | center_loss: 0.0073 | total_loss: 3.4967
2025-05-28 12:51:38,891 - transvg_20250527_145759 - INFO - Epoch 57, Batch 700/1696, Loss: 3.7583
2025-05-28 12:51:38,891 - transvg_20250527_145759 - INFO - Train metrics: l1_loss: 0.3977 | giou_loss: 0.8786 | center_loss: 0.0128 | total_loss: 3.7583
2025-05-28 12:52:47,942 - transvg_20250527_145759 - INFO - Epoch 57, Batch 750/1696, Loss: 3.4888
2025-05-28 12:52:47,942 - transvg_20250527_145759 - INFO - Train metrics: l1_loss: 0.3451 | giou_loss: 0.8744 | center_loss: 0.0144 | total_loss: 3.4888
2025-05-28 12:53:56,988 - transvg_20250527_145759 - INFO - Epoch 57, Batch 800/1696, Loss: 4.2256
2025-05-28 12:53:56,989 - transvg_20250527_145759 - INFO - Train metrics: l1_loss: 0.4575 | giou_loss: 0.9591 | center_loss: 0.0197 | total_loss: 4.2256
2025-05-28 12:55:06,639 - transvg_20250527_145759 - INFO - Epoch 57, Batch 850/1696, Loss: 3.3039
2025-05-28 12:55:06,640 - transvg_20250527_145759 - INFO - Train metrics: l1_loss: 0.3167 | giou_loss: 0.8572 | center_loss: 0.0059 | total_loss: 3.3039
2025-05-28 12:56:15,964 - transvg_20250527_145759 - INFO - Epoch 57, Batch 900/1696, Loss: 3.4124
2025-05-28 12:56:15,965 - transvg_20250527_145759 - INFO - Train metrics: l1_loss: 0.3542 | giou_loss: 0.8161 | center_loss: 0.0093 | total_loss: 3.4124
2025-05-28 12:57:25,824 - transvg_20250527_145759 - INFO - Epoch 57, Batch 950/1696, Loss: 4.1789
2025-05-28 12:57:25,825 - transvg_20250527_145759 - INFO - Train metrics: l1_loss: 0.4583 | giou_loss: 0.9311 | center_loss: 0.0250 | total_loss: 4.1789
2025-05-28 12:58:36,193 - transvg_20250527_145759 - INFO - Epoch 57, Batch 1000/1696, Loss: 4.4197
2025-05-28 12:58:36,194 - transvg_20250527_145759 - INFO - Train metrics: l1_loss: 0.4539 | giou_loss: 1.0629 | center_loss: 0.0243 | total_loss: 4.4197
2025-05-28 12:59:45,897 - transvg_20250527_145759 - INFO - Epoch 57, Batch 1050/1696, Loss: 2.9380
2025-05-28 12:59:45,897 - transvg_20250527_145759 - INFO - Train metrics: l1_loss: 0.3142 | giou_loss: 0.6791 | center_loss: 0.0087 | total_loss: 2.9380
2025-05-28 13:00:55,875 - transvg_20250527_145759 - INFO - Epoch 57, Batch 1100/1696, Loss: 3.0593
2025-05-28 13:00:55,875 - transvg_20250527_145759 - INFO - Train metrics: l1_loss: 0.3038 | giou_loss: 0.7667 | center_loss: 0.0069 | total_loss: 3.0593
2025-05-28 13:02:05,410 - transvg_20250527_145759 - INFO - Epoch 57, Batch 1150/1696, Loss: 3.9506
2025-05-28 13:02:05,410 - transvg_20250527_145759 - INFO - Train metrics: l1_loss: 0.4194 | giou_loss: 0.9160 | center_loss: 0.0219 | total_loss: 3.9506
2025-05-28 13:03:15,399 - transvg_20250527_145759 - INFO - Epoch 57, Batch 1200/1696, Loss: 3.2864
2025-05-28 13:03:15,400 - transvg_20250527_145759 - INFO - Train metrics: l1_loss: 0.3315 | giou_loss: 0.8119 | center_loss: 0.0050 | total_loss: 3.2864
2025-05-28 13:04:26,343 - transvg_20250527_145759 - INFO - Epoch 57, Batch 1250/1696, Loss: 3.4613
2025-05-28 13:04:26,343 - transvg_20250527_145759 - INFO - Train metrics: l1_loss: 0.3234 | giou_loss: 0.9171 | center_loss: 0.0098 | total_loss: 3.4613
2025-05-28 13:05:36,176 - transvg_20250527_145759 - INFO - Epoch 57, Batch 1300/1696, Loss: 3.4681
2025-05-28 13:05:36,176 - transvg_20250527_145759 - INFO - Train metrics: l1_loss: 0.3282 | giou_loss: 0.9095 | center_loss: 0.0083 | total_loss: 3.4681
2025-05-28 13:06:45,853 - transvg_20250527_145759 - INFO - Epoch 57, Batch 1350/1696, Loss: 3.9707
2025-05-28 13:06:45,853 - transvg_20250527_145759 - INFO - Train metrics: l1_loss: 0.3939 | giou_loss: 0.9928 | center_loss: 0.0156 | total_loss: 3.9707
2025-05-28 13:07:55,928 - transvg_20250527_145759 - INFO - Epoch 57, Batch 1400/1696, Loss: 3.6494
2025-05-28 13:07:55,929 - transvg_20250527_145759 - INFO - Train metrics: l1_loss: 0.3368 | giou_loss: 0.9798 | center_loss: 0.0058 | total_loss: 3.6494
2025-05-28 13:09:06,188 - transvg_20250527_145759 - INFO - Epoch 57, Batch 1450/1696, Loss: 3.4822
2025-05-28 13:09:06,188 - transvg_20250527_145759 - INFO - Train metrics: l1_loss: 0.3492 | giou_loss: 0.8610 | center_loss: 0.0143 | total_loss: 3.4822
2025-05-28 13:10:16,477 - transvg_20250527_145759 - INFO - Epoch 57, Batch 1500/1696, Loss: 3.9206
2025-05-28 13:10:16,477 - transvg_20250527_145759 - INFO - Train metrics: l1_loss: 0.4053 | giou_loss: 0.9393 | center_loss: 0.0157 | total_loss: 3.9206
2025-05-28 13:11:26,766 - transvg_20250527_145759 - INFO - Epoch 57, Batch 1550/1696, Loss: 3.3809
2025-05-28 13:11:26,766 - transvg_20250527_145759 - INFO - Train metrics: l1_loss: 0.3376 | giou_loss: 0.8424 | center_loss: 0.0081 | total_loss: 3.3809
2025-05-28 13:12:36,714 - transvg_20250527_145759 - INFO - Epoch 57, Batch 1600/1696, Loss: 3.1331
2025-05-28 13:12:36,714 - transvg_20250527_145759 - INFO - Train metrics: l1_loss: 0.3144 | giou_loss: 0.7745 | center_loss: 0.0120 | total_loss: 3.1331
2025-05-28 13:13:46,127 - transvg_20250527_145759 - INFO - Epoch 57, Batch 1650/1696, Loss: 3.8816
2025-05-28 13:13:46,128 - transvg_20250527_145759 - INFO - Train metrics: l1_loss: 0.4048 | giou_loss: 0.9194 | center_loss: 0.0188 | total_loss: 3.8816
2025-05-28 13:14:49,096 - transvg_20250527_145759 - INFO - Train Epoch 57, Loss: 3.5864
2025-05-28 13:16:49,629 - transvg_20250527_145759 - INFO - Pred box sample: [100.29290008544922, 114.29469299316406, 278.6837158203125, 270.1678466796875]
2025-05-28 13:16:49,629 - transvg_20250527_145759 - INFO - Target box sample: [207.0, 198.0, 287.0, 283.0]
2025-05-28 13:16:49,709 - transvg_20250527_145759 - INFO - Validation Epoch 57, Loss: 4.6958
2025-05-28 13:16:49,709 - transvg_20250527_145759 - INFO - Val metrics: Acc@0.25: 0.3094 | Acc@0.5: 0.1102 | Acc@0.75: 0.0149 | mIoU: 0.1771 | medianIoU: 0.0758 | mae_x1: 103.5527 | mae_y1: 101.8994 | mae_x2: 106.2312 | mae_y2: 100.4492 | center_x_error: 90.7892 | center_y_error: 85.6208 | width_error: 2.1538 | height_error: 2.0673 | loss: 4.6958
2025-05-28 13:16:50,554 - transvg_20250527_145759 - INFO - Saved model checkpoint to /home/pokle/Trans-VG/visual_grounding/checkpoints/transvg_20250527_145759_epoch57.pth
2025-05-28 13:16:50,555 - transvg_20250527_145759 - INFO - Epoch 58/200
2025-05-28 13:16:53,209 - transvg_20250527_145759 - INFO - Epoch 58, Batch 0/1696, Loss: 3.8075
2025-05-28 13:16:53,210 - transvg_20250527_145759 - INFO - Train metrics: l1_loss: 0.3805 | giou_loss: 0.9445 | center_loss: 0.0157 | total_loss: 3.8075
2025-05-28 13:18:03,242 - transvg_20250527_145759 - INFO - Epoch 58, Batch 50/1696, Loss: 4.0313
2025-05-28 13:18:03,242 - transvg_20250527_145759 - INFO - Train metrics: l1_loss: 0.4266 | giou_loss: 0.9403 | center_loss: 0.0177 | total_loss: 4.0313
2025-05-28 13:19:13,052 - transvg_20250527_145759 - INFO - Epoch 58, Batch 100/1696, Loss: 3.2004
2025-05-28 13:19:13,053 - transvg_20250527_145759 - INFO - Train metrics: l1_loss: 0.2955 | giou_loss: 0.8584 | center_loss: 0.0064 | total_loss: 3.2004
2025-05-28 13:20:23,087 - transvg_20250527_145759 - INFO - Epoch 58, Batch 150/1696, Loss: 3.4966
2025-05-28 13:20:23,087 - transvg_20250527_145759 - INFO - Train metrics: l1_loss: 0.3517 | giou_loss: 0.8646 | center_loss: 0.0092 | total_loss: 3.4966
2025-05-28 13:21:32,741 - transvg_20250527_145759 - INFO - Epoch 58, Batch 200/1696, Loss: 3.5075
2025-05-28 13:21:32,741 - transvg_20250527_145759 - INFO - Train metrics: l1_loss: 0.3368 | giou_loss: 0.9085 | center_loss: 0.0068 | total_loss: 3.5075
2025-05-28 13:22:43,024 - transvg_20250527_145759 - INFO - Epoch 58, Batch 250/1696, Loss: 3.4525
2025-05-28 13:22:43,024 - transvg_20250527_145759 - INFO - Train metrics: l1_loss: 0.3446 | giou_loss: 0.8609 | center_loss: 0.0077 | total_loss: 3.4525
2025-05-28 13:23:53,158 - transvg_20250527_145759 - INFO - Epoch 58, Batch 300/1696, Loss: 2.8307
2025-05-28 13:23:53,159 - transvg_20250527_145759 - INFO - Train metrics: l1_loss: 0.2700 | giou_loss: 0.7378 | center_loss: 0.0052 | total_loss: 2.8307
2025-05-28 13:25:02,965 - transvg_20250527_145759 - INFO - Epoch 58, Batch 350/1696, Loss: 3.4169
2025-05-28 13:25:02,966 - transvg_20250527_145759 - INFO - Train metrics: l1_loss: 0.3388 | giou_loss: 0.8554 | center_loss: 0.0120 | total_loss: 3.4169
2025-05-28 13:26:12,946 - transvg_20250527_145759 - INFO - Epoch 58, Batch 400/1696, Loss: 4.0928
2025-05-28 13:26:12,947 - transvg_20250527_145759 - INFO - Train metrics: l1_loss: 0.4107 | giou_loss: 1.0074 | center_loss: 0.0247 | total_loss: 4.0928
2025-05-28 13:27:23,150 - transvg_20250527_145759 - INFO - Epoch 58, Batch 450/1696, Loss: 3.5838
2025-05-28 13:27:23,151 - transvg_20250527_145759 - INFO - Train metrics: l1_loss: 0.3259 | giou_loss: 0.9732 | center_loss: 0.0077 | total_loss: 3.5838
2025-05-28 13:28:33,363 - transvg_20250527_145759 - INFO - Epoch 58, Batch 500/1696, Loss: 3.5936
2025-05-28 13:28:33,363 - transvg_20250527_145759 - INFO - Train metrics: l1_loss: 0.3481 | giou_loss: 0.9205 | center_loss: 0.0119 | total_loss: 3.5936
2025-05-28 13:29:43,207 - transvg_20250527_145759 - INFO - Epoch 58, Batch 550/1696, Loss: 3.5426
2025-05-28 13:29:43,207 - transvg_20250527_145759 - INFO - Train metrics: l1_loss: 0.3588 | giou_loss: 0.8691 | center_loss: 0.0105 | total_loss: 3.5426
2025-05-28 13:30:53,313 - transvg_20250527_145759 - INFO - Epoch 58, Batch 600/1696, Loss: 3.6827
2025-05-28 13:30:53,313 - transvg_20250527_145759 - INFO - Train metrics: l1_loss: 0.3736 | giou_loss: 0.9023 | center_loss: 0.0103 | total_loss: 3.6827
2025-05-28 13:32:03,079 - transvg_20250527_145759 - INFO - Epoch 58, Batch 650/1696, Loss: 2.9239
2025-05-28 13:32:03,079 - transvg_20250527_145759 - INFO - Train metrics: l1_loss: 0.2762 | giou_loss: 0.7695 | center_loss: 0.0041 | total_loss: 2.9239
2025-05-28 13:33:13,403 - transvg_20250527_145759 - INFO - Epoch 58, Batch 700/1696, Loss: 3.1784
2025-05-28 13:33:13,403 - transvg_20250527_145759 - INFO - Train metrics: l1_loss: 0.2841 | giou_loss: 0.8762 | center_loss: 0.0056 | total_loss: 3.1784
2025-05-28 13:34:23,566 - transvg_20250527_145759 - INFO - Epoch 58, Batch 750/1696, Loss: 2.8035
2025-05-28 13:34:23,566 - transvg_20250527_145759 - INFO - Train metrics: l1_loss: 0.2582 | giou_loss: 0.7546 | center_loss: 0.0035 | total_loss: 2.8035
2025-05-28 13:35:33,150 - transvg_20250527_145759 - INFO - Epoch 58, Batch 800/1696, Loss: 4.1856
2025-05-28 13:35:33,150 - transvg_20250527_145759 - INFO - Train metrics: l1_loss: 0.4569 | giou_loss: 0.9419 | center_loss: 0.0173 | total_loss: 4.1856
2025-05-28 13:36:43,549 - transvg_20250527_145759 - INFO - Epoch 58, Batch 850/1696, Loss: 3.8910
2025-05-28 13:36:43,549 - transvg_20250527_145759 - INFO - Train metrics: l1_loss: 0.3929 | giou_loss: 0.9554 | center_loss: 0.0158 | total_loss: 3.8910
2025-05-28 13:37:53,461 - transvg_20250527_145759 - INFO - Epoch 58, Batch 900/1696, Loss: 3.5647
2025-05-28 13:37:53,462 - transvg_20250527_145759 - INFO - Train metrics: l1_loss: 0.3375 | giou_loss: 0.9340 | center_loss: 0.0090 | total_loss: 3.5647
2025-05-28 13:39:03,922 - transvg_20250527_145759 - INFO - Epoch 58, Batch 950/1696, Loss: 3.2801
2025-05-28 13:39:03,922 - transvg_20250527_145759 - INFO - Train metrics: l1_loss: 0.3374 | giou_loss: 0.7914 | center_loss: 0.0103 | total_loss: 3.2801
2025-05-28 13:40:14,215 - transvg_20250527_145759 - INFO - Epoch 58, Batch 1000/1696, Loss: 3.9688
2025-05-28 13:40:14,215 - transvg_20250527_145759 - INFO - Train metrics: l1_loss: 0.4213 | giou_loss: 0.9218 | center_loss: 0.0188 | total_loss: 3.9688
2025-05-28 13:41:23,773 - transvg_20250527_145759 - INFO - Epoch 58, Batch 1050/1696, Loss: 4.2629
2025-05-28 13:41:23,773 - transvg_20250527_145759 - INFO - Train metrics: l1_loss: 0.4621 | giou_loss: 0.9654 | center_loss: 0.0217 | total_loss: 4.2629
2025-05-28 13:42:34,025 - transvg_20250527_145759 - INFO - Epoch 58, Batch 1100/1696, Loss: 3.8471
2025-05-28 13:42:34,025 - transvg_20250527_145759 - INFO - Train metrics: l1_loss: 0.3723 | giou_loss: 0.9884 | center_loss: 0.0089 | total_loss: 3.8471
2025-05-28 13:43:43,622 - transvg_20250527_145759 - INFO - Epoch 58, Batch 1150/1696, Loss: 3.2864
2025-05-28 13:43:43,622 - transvg_20250527_145759 - INFO - Train metrics: l1_loss: 0.2912 | giou_loss: 0.9110 | center_loss: 0.0084 | total_loss: 3.2864
2025-05-28 13:44:53,268 - transvg_20250527_145759 - INFO - Epoch 58, Batch 1200/1696, Loss: 2.9387
2025-05-28 13:44:53,268 - transvg_20250527_145759 - INFO - Train metrics: l1_loss: 0.2805 | giou_loss: 0.7652 | center_loss: 0.0060 | total_loss: 2.9387
2025-05-28 13:46:03,594 - transvg_20250527_145759 - INFO - Epoch 58, Batch 1250/1696, Loss: 3.0195
2025-05-28 13:46:03,594 - transvg_20250527_145759 - INFO - Train metrics: l1_loss: 0.2921 | giou_loss: 0.7766 | center_loss: 0.0055 | total_loss: 3.0195
2025-05-28 13:47:13,377 - transvg_20250527_145759 - INFO - Epoch 58, Batch 1300/1696, Loss: 3.2278
2025-05-28 13:47:13,377 - transvg_20250527_145759 - INFO - Train metrics: l1_loss: 0.3237 | giou_loss: 0.8012 | center_loss: 0.0068 | total_loss: 3.2278
2025-05-28 13:48:22,792 - transvg_20250527_145759 - INFO - Epoch 58, Batch 1350/1696, Loss: 3.8600
2025-05-28 13:48:22,792 - transvg_20250527_145759 - INFO - Train metrics: l1_loss: 0.3669 | giou_loss: 1.0063 | center_loss: 0.0131 | total_loss: 3.8600
2025-05-28 13:49:32,076 - transvg_20250527_145759 - INFO - Epoch 58, Batch 1400/1696, Loss: 4.2896
2025-05-28 13:49:32,076 - transvg_20250527_145759 - INFO - Train metrics: l1_loss: 0.4695 | giou_loss: 0.9596 | center_loss: 0.0228 | total_loss: 4.2896
2025-05-28 13:50:40,967 - transvg_20250527_145759 - INFO - Epoch 58, Batch 1450/1696, Loss: 3.1079
2025-05-28 13:50:40,967 - transvg_20250527_145759 - INFO - Train metrics: l1_loss: 0.3119 | giou_loss: 0.7712 | center_loss: 0.0057 | total_loss: 3.1079
2025-05-28 13:51:50,507 - transvg_20250527_145759 - INFO - Epoch 58, Batch 1500/1696, Loss: 3.3820
2025-05-28 13:51:50,507 - transvg_20250527_145759 - INFO - Train metrics: l1_loss: 0.3500 | giou_loss: 0.8093 | center_loss: 0.0132 | total_loss: 3.3820
2025-05-28 13:53:00,142 - transvg_20250527_145759 - INFO - Epoch 58, Batch 1550/1696, Loss: 2.8621
2025-05-28 13:53:00,142 - transvg_20250527_145759 - INFO - Train metrics: l1_loss: 0.2784 | giou_loss: 0.7328 | center_loss: 0.0048 | total_loss: 2.8621
2025-05-28 13:54:09,979 - transvg_20250527_145759 - INFO - Epoch 58, Batch 1600/1696, Loss: 3.4797
2025-05-28 13:54:09,979 - transvg_20250527_145759 - INFO - Train metrics: l1_loss: 0.3827 | giou_loss: 0.7744 | center_loss: 0.0175 | total_loss: 3.4797
2025-05-28 13:55:20,058 - transvg_20250527_145759 - INFO - Epoch 58, Batch 1650/1696, Loss: 3.0203
2025-05-28 13:55:20,058 - transvg_20250527_145759 - INFO - Train metrics: l1_loss: 0.2733 | giou_loss: 0.8236 | center_loss: 0.0066 | total_loss: 3.0203
2025-05-28 13:56:22,238 - transvg_20250527_145759 - INFO - Train Epoch 58, Loss: 3.5825
2025-05-28 13:58:22,163 - transvg_20250527_145759 - INFO - Pred box sample: [91.07134246826172, 97.87274169921875, 271.709228515625, 252.86378479003906]
2025-05-28 13:58:22,163 - transvg_20250527_145759 - INFO - Target box sample: [207.0, 198.0, 287.0, 283.0]
2025-05-28 13:58:22,236 - transvg_20250527_145759 - INFO - Validation Epoch 58, Loss: 4.7030
2025-05-28 13:58:22,236 - transvg_20250527_145759 - INFO - Val metrics: Acc@0.25: 0.3110 | Acc@0.5: 0.1139 | Acc@0.75: 0.0143 | mIoU: 0.1776 | medianIoU: 0.0747 | mae_x1: 105.5569 | mae_y1: 101.3294 | mae_x2: 105.7430 | mae_y2: 100.9400 | center_x_error: 90.7472 | center_y_error: 85.9359 | width_error: 2.2507 | height_error: 1.9999 | loss: 4.7030
2025-05-28 13:58:23,092 - transvg_20250527_145759 - INFO - Saved model checkpoint to /home/pokle/Trans-VG/visual_grounding/checkpoints/transvg_20250527_145759_epoch58.pth
2025-05-28 13:58:23,093 - transvg_20250527_145759 - INFO - Epoch 59/200
2025-05-28 13:58:25,721 - transvg_20250527_145759 - INFO - Epoch 59, Batch 0/1696, Loss: 3.3405
2025-05-28 13:58:25,722 - transvg_20250527_145759 - INFO - Train metrics: l1_loss: 0.3276 | giou_loss: 0.8463 | center_loss: 0.0099 | total_loss: 3.3405
2025-05-28 13:59:35,350 - transvg_20250527_145759 - INFO - Epoch 59, Batch 50/1696, Loss: 4.1002
2025-05-28 13:59:35,350 - transvg_20250527_145759 - INFO - Train metrics: l1_loss: 0.4344 | giou_loss: 0.9527 | center_loss: 0.0228 | total_loss: 4.1002
2025-05-28 14:00:45,131 - transvg_20250527_145759 - INFO - Epoch 59, Batch 100/1696, Loss: 3.8970
2025-05-28 14:00:45,131 - transvg_20250527_145759 - INFO - Train metrics: l1_loss: 0.4448 | giou_loss: 0.8234 | center_loss: 0.0261 | total_loss: 3.8970
2025-05-28 14:01:54,466 - transvg_20250527_145759 - INFO - Epoch 59, Batch 150/1696, Loss: 4.3020
2025-05-28 14:01:54,466 - transvg_20250527_145759 - INFO - Train metrics: l1_loss: 0.4656 | giou_loss: 0.9768 | center_loss: 0.0204 | total_loss: 4.3020
2025-05-28 14:03:04,031 - transvg_20250527_145759 - INFO - Epoch 59, Batch 200/1696, Loss: 3.1936
2025-05-28 14:03:04,031 - transvg_20250527_145759 - INFO - Train metrics: l1_loss: 0.3173 | giou_loss: 0.7990 | center_loss: 0.0093 | total_loss: 3.1936
2025-05-28 14:04:13,873 - transvg_20250527_145759 - INFO - Epoch 59, Batch 250/1696, Loss: 2.8351
2025-05-28 14:04:13,874 - transvg_20250527_145759 - INFO - Train metrics: l1_loss: 0.2832 | giou_loss: 0.7052 | center_loss: 0.0089 | total_loss: 2.8351
2025-05-28 14:05:23,368 - transvg_20250527_145759 - INFO - Epoch 59, Batch 300/1696, Loss: 3.6601
2025-05-28 14:05:23,368 - transvg_20250527_145759 - INFO - Train metrics: l1_loss: 0.3724 | giou_loss: 0.8943 | center_loss: 0.0093 | total_loss: 3.6601
2025-05-28 14:06:33,109 - transvg_20250527_145759 - INFO - Epoch 59, Batch 350/1696, Loss: 3.3682
2025-05-28 14:06:33,110 - transvg_20250527_145759 - INFO - Train metrics: l1_loss: 0.3322 | giou_loss: 0.8506 | center_loss: 0.0063 | total_loss: 3.3682
2025-05-28 14:07:42,822 - transvg_20250527_145759 - INFO - Epoch 59, Batch 400/1696, Loss: 4.4335
2025-05-28 14:07:42,822 - transvg_20250527_145759 - INFO - Train metrics: l1_loss: 0.4582 | giou_loss: 1.0628 | center_loss: 0.0169 | total_loss: 4.4335
2025-05-28 14:08:52,456 - transvg_20250527_145759 - INFO - Epoch 59, Batch 450/1696, Loss: 3.5501
2025-05-28 14:08:52,456 - transvg_20250527_145759 - INFO - Train metrics: l1_loss: 0.3519 | giou_loss: 0.8919 | center_loss: 0.0068 | total_loss: 3.5501
2025-05-28 14:10:02,571 - transvg_20250527_145759 - INFO - Epoch 59, Batch 500/1696, Loss: 3.1078
2025-05-28 14:10:02,571 - transvg_20250527_145759 - INFO - Train metrics: l1_loss: 0.3129 | giou_loss: 0.7693 | center_loss: 0.0048 | total_loss: 3.1078
2025-05-28 14:11:13,096 - transvg_20250527_145759 - INFO - Epoch 59, Batch 550/1696, Loss: 3.7148
2025-05-28 14:11:13,096 - transvg_20250527_145759 - INFO - Train metrics: l1_loss: 0.3678 | giou_loss: 0.9343 | center_loss: 0.0071 | total_loss: 3.7148
2025-05-28 14:12:22,948 - transvg_20250527_145759 - INFO - Epoch 59, Batch 600/1696, Loss: 3.2215
2025-05-28 14:12:22,949 - transvg_20250527_145759 - INFO - Train metrics: l1_loss: 0.2973 | giou_loss: 0.8639 | center_loss: 0.0069 | total_loss: 3.2215
2025-05-28 14:13:33,178 - transvg_20250527_145759 - INFO - Epoch 59, Batch 650/1696, Loss: 4.2492
2025-05-28 14:13:33,178 - transvg_20250527_145759 - INFO - Train metrics: l1_loss: 0.4674 | giou_loss: 0.9431 | center_loss: 0.0257 | total_loss: 4.2492
2025-05-28 14:14:43,283 - transvg_20250527_145759 - INFO - Epoch 59, Batch 700/1696, Loss: 3.2397
2025-05-28 14:14:43,283 - transvg_20250527_145759 - INFO - Train metrics: l1_loss: 0.3094 | giou_loss: 0.8436 | center_loss: 0.0055 | total_loss: 3.2397
2025-05-28 14:15:53,270 - transvg_20250527_145759 - INFO - Epoch 59, Batch 750/1696, Loss: 3.8462
2025-05-28 14:15:53,270 - transvg_20250527_145759 - INFO - Train metrics: l1_loss: 0.3960 | giou_loss: 0.9275 | center_loss: 0.0109 | total_loss: 3.8462
2025-05-28 14:17:02,751 - transvg_20250527_145759 - INFO - Epoch 59, Batch 800/1696, Loss: 3.8577
2025-05-28 14:17:02,751 - transvg_20250527_145759 - INFO - Train metrics: l1_loss: 0.4393 | giou_loss: 0.8209 | center_loss: 0.0196 | total_loss: 3.8577
2025-05-28 14:18:11,361 - transvg_20250527_145759 - INFO - Epoch 59, Batch 850/1696, Loss: 3.5645
2025-05-28 14:18:11,361 - transvg_20250527_145759 - INFO - Train metrics: l1_loss: 0.3747 | giou_loss: 0.8388 | center_loss: 0.0136 | total_loss: 3.5645
2025-05-28 14:19:20,580 - transvg_20250527_145759 - INFO - Epoch 59, Batch 900/1696, Loss: 4.2490
2025-05-28 14:19:20,581 - transvg_20250527_145759 - INFO - Train metrics: l1_loss: 0.4327 | giou_loss: 1.0353 | center_loss: 0.0149 | total_loss: 4.2490
2025-05-28 14:20:29,418 - transvg_20250527_145759 - INFO - Epoch 59, Batch 950/1696, Loss: 3.8040
2025-05-28 14:20:29,419 - transvg_20250527_145759 - INFO - Train metrics: l1_loss: 0.3971 | giou_loss: 0.9041 | center_loss: 0.0102 | total_loss: 3.8040
2025-05-28 14:21:38,615 - transvg_20250527_145759 - INFO - Epoch 59, Batch 1000/1696, Loss: 3.7947
2025-05-28 14:21:38,615 - transvg_20250527_145759 - INFO - Train metrics: l1_loss: 0.4135 | giou_loss: 0.8573 | center_loss: 0.0126 | total_loss: 3.7947
2025-05-28 14:22:48,281 - transvg_20250527_145759 - INFO - Epoch 59, Batch 1050/1696, Loss: 4.0351
2025-05-28 14:22:48,281 - transvg_20250527_145759 - INFO - Train metrics: l1_loss: 0.4245 | giou_loss: 0.9471 | center_loss: 0.0184 | total_loss: 4.0351
2025-05-28 14:23:58,274 - transvg_20250527_145759 - INFO - Epoch 59, Batch 1100/1696, Loss: 3.8525
2025-05-28 14:23:58,274 - transvg_20250527_145759 - INFO - Train metrics: l1_loss: 0.3990 | giou_loss: 0.9249 | center_loss: 0.0079 | total_loss: 3.8525
2025-05-28 14:25:07,563 - transvg_20250527_145759 - INFO - Epoch 59, Batch 1150/1696, Loss: 3.5509
2025-05-28 14:25:07,564 - transvg_20250527_145759 - INFO - Train metrics: l1_loss: 0.3824 | giou_loss: 0.8128 | center_loss: 0.0134 | total_loss: 3.5509
2025-05-28 14:26:16,942 - transvg_20250527_145759 - INFO - Epoch 59, Batch 1200/1696, Loss: 3.2147
2025-05-28 14:26:16,943 - transvg_20250527_145759 - INFO - Train metrics: l1_loss: 0.2780 | giou_loss: 0.9094 | center_loss: 0.0061 | total_loss: 3.2147
2025-05-28 14:27:26,567 - transvg_20250527_145759 - INFO - Epoch 59, Batch 1250/1696, Loss: 3.5482
2025-05-28 14:27:26,568 - transvg_20250527_145759 - INFO - Train metrics: l1_loss: 0.3549 | giou_loss: 0.8799 | center_loss: 0.0140 | total_loss: 3.5482
2025-05-28 14:28:35,571 - transvg_20250527_145759 - INFO - Epoch 59, Batch 1300/1696, Loss: 3.1117
2025-05-28 14:28:35,571 - transvg_20250527_145759 - INFO - Train metrics: l1_loss: 0.2861 | giou_loss: 0.8369 | center_loss: 0.0076 | total_loss: 3.1117
2025-05-28 14:29:45,209 - transvg_20250527_145759 - INFO - Epoch 59, Batch 1350/1696, Loss: 3.3013
2025-05-28 14:29:45,209 - transvg_20250527_145759 - INFO - Train metrics: l1_loss: 0.3245 | giou_loss: 0.8333 | center_loss: 0.0122 | total_loss: 3.3013
2025-05-28 14:30:54,778 - transvg_20250527_145759 - INFO - Epoch 59, Batch 1400/1696, Loss: 3.0651
2025-05-28 14:30:54,778 - transvg_20250527_145759 - INFO - Train metrics: l1_loss: 0.2879 | giou_loss: 0.8098 | center_loss: 0.0058 | total_loss: 3.0651
2025-05-28 14:32:04,207 - transvg_20250527_145759 - INFO - Epoch 59, Batch 1450/1696, Loss: 3.4684
2025-05-28 14:32:04,207 - transvg_20250527_145759 - INFO - Train metrics: l1_loss: 0.3565 | giou_loss: 0.8351 | center_loss: 0.0156 | total_loss: 3.4684
2025-05-28 14:33:14,032 - transvg_20250527_145759 - INFO - Epoch 59, Batch 1500/1696, Loss: 2.9411
2025-05-28 14:33:14,032 - transvg_20250527_145759 - INFO - Train metrics: l1_loss: 0.2600 | giou_loss: 0.8180 | center_loss: 0.0049 | total_loss: 2.9411
2025-05-28 14:34:23,869 - transvg_20250527_145759 - INFO - Epoch 59, Batch 1550/1696, Loss: 3.1473
2025-05-28 14:34:23,869 - transvg_20250527_145759 - INFO - Train metrics: l1_loss: 0.3155 | giou_loss: 0.7809 | center_loss: 0.0080 | total_loss: 3.1473
2025-05-28 14:35:33,409 - transvg_20250527_145759 - INFO - Epoch 59, Batch 1600/1696, Loss: 4.1830
2025-05-28 14:35:33,409 - transvg_20250527_145759 - INFO - Train metrics: l1_loss: 0.4267 | giou_loss: 1.0160 | center_loss: 0.0177 | total_loss: 4.1830
2025-05-28 14:36:42,865 - transvg_20250527_145759 - INFO - Epoch 59, Batch 1650/1696, Loss: 2.8529
2025-05-28 14:36:42,865 - transvg_20250527_145759 - INFO - Train metrics: l1_loss: 0.2697 | giou_loss: 0.7492 | center_loss: 0.0061 | total_loss: 2.8529
2025-05-28 14:37:45,352 - transvg_20250527_145759 - INFO - Train Epoch 59, Loss: 3.5771
2025-05-28 14:39:45,830 - transvg_20250527_145759 - INFO - Pred box sample: [84.76587677001953, 104.99879455566406, 261.3641662597656, 265.42779541015625]
2025-05-28 14:39:45,830 - transvg_20250527_145759 - INFO - Target box sample: [207.0, 198.0, 287.0, 283.0]
2025-05-28 14:39:45,909 - transvg_20250527_145759 - INFO - Validation Epoch 59, Loss: 4.6940
2025-05-28 14:39:45,909 - transvg_20250527_145759 - INFO - Val metrics: Acc@0.25: 0.3086 | Acc@0.5: 0.1171 | Acc@0.75: 0.0143 | mIoU: 0.1781 | medianIoU: 0.0727 | mae_x1: 104.5369 | mae_y1: 101.7471 | mae_x2: 105.2617 | mae_y2: 100.5698 | center_x_error: 90.5174 | center_y_error: 86.1735 | width_error: 2.1924 | height_error: 2.0470 | loss: 4.6940
2025-05-28 14:39:46,763 - transvg_20250527_145759 - INFO - Saved model checkpoint to /home/pokle/Trans-VG/visual_grounding/checkpoints/transvg_20250527_145759_epoch59.pth
2025-05-28 14:39:46,764 - transvg_20250527_145759 - INFO - Epoch 60/200
2025-05-28 14:39:49,446 - transvg_20250527_145759 - INFO - Epoch 60, Batch 0/1696, Loss: 4.1819
2025-05-28 14:39:49,446 - transvg_20250527_145759 - INFO - Train metrics: l1_loss: 0.4317 | giou_loss: 1.0025 | center_loss: 0.0185 | total_loss: 4.1819
2025-05-28 14:40:58,989 - transvg_20250527_145759 - INFO - Epoch 60, Batch 50/1696, Loss: 3.0642
2025-05-28 14:40:58,989 - transvg_20250527_145759 - INFO - Train metrics: l1_loss: 0.2684 | giou_loss: 0.8583 | center_loss: 0.0055 | total_loss: 3.0642
2025-05-28 14:42:08,753 - transvg_20250527_145759 - INFO - Epoch 60, Batch 100/1696, Loss: 4.4123
2025-05-28 14:42:08,753 - transvg_20250527_145759 - INFO - Train metrics: l1_loss: 0.4843 | giou_loss: 0.9828 | center_loss: 0.0254 | total_loss: 4.4123
2025-05-28 14:43:18,218 - transvg_20250527_145759 - INFO - Epoch 60, Batch 150/1696, Loss: 2.7500
2025-05-28 14:43:18,218 - transvg_20250527_145759 - INFO - Train metrics: l1_loss: 0.2650 | giou_loss: 0.7091 | center_loss: 0.0069 | total_loss: 2.7500
2025-05-28 14:44:27,626 - transvg_20250527_145759 - INFO - Epoch 60, Batch 200/1696, Loss: 4.0280
2025-05-28 14:44:27,626 - transvg_20250527_145759 - INFO - Train metrics: l1_loss: 0.4410 | giou_loss: 0.9055 | center_loss: 0.0122 | total_loss: 4.0280
2025-05-28 14:45:37,067 - transvg_20250527_145759 - INFO - Epoch 60, Batch 250/1696, Loss: 3.1789
2025-05-28 14:45:37,067 - transvg_20250527_145759 - INFO - Train metrics: l1_loss: 0.3127 | giou_loss: 0.8041 | center_loss: 0.0069 | total_loss: 3.1789
2025-05-28 14:46:46,883 - transvg_20250527_145759 - INFO - Epoch 60, Batch 300/1696, Loss: 3.8921
2025-05-28 14:46:46,884 - transvg_20250527_145759 - INFO - Train metrics: l1_loss: 0.4249 | giou_loss: 0.8744 | center_loss: 0.0190 | total_loss: 3.8921
2025-05-28 14:47:56,261 - transvg_20250527_145759 - INFO - Epoch 60, Batch 350/1696, Loss: 3.3281
2025-05-28 14:47:56,261 - transvg_20250527_145759 - INFO - Train metrics: l1_loss: 0.2914 | giou_loss: 0.9327 | center_loss: 0.0060 | total_loss: 3.3281
2025-05-28 14:49:05,826 - transvg_20250527_145759 - INFO - Epoch 60, Batch 400/1696, Loss: 3.4128
2025-05-28 14:49:05,826 - transvg_20250527_145759 - INFO - Train metrics: l1_loss: 0.3624 | giou_loss: 0.7936 | center_loss: 0.0137 | total_loss: 3.4128
2025-05-28 14:50:15,724 - transvg_20250527_145759 - INFO - Epoch 60, Batch 450/1696, Loss: 3.4147
2025-05-28 14:50:15,724 - transvg_20250527_145759 - INFO - Train metrics: l1_loss: 0.3374 | giou_loss: 0.8577 | center_loss: 0.0121 | total_loss: 3.4147
2025-05-28 14:51:25,130 - transvg_20250527_145759 - INFO - Epoch 60, Batch 500/1696, Loss: 4.0799
2025-05-28 14:51:25,130 - transvg_20250527_145759 - INFO - Train metrics: l1_loss: 0.4707 | giou_loss: 0.8514 | center_loss: 0.0236 | total_loss: 4.0799
2025-05-28 14:52:34,811 - transvg_20250527_145759 - INFO - Epoch 60, Batch 550/1696, Loss: 4.0288
2025-05-28 14:52:34,811 - transvg_20250527_145759 - INFO - Train metrics: l1_loss: 0.4092 | giou_loss: 0.9819 | center_loss: 0.0190 | total_loss: 4.0288
2025-05-28 14:53:44,260 - transvg_20250527_145759 - INFO - Epoch 60, Batch 600/1696, Loss: 4.0746
2025-05-28 14:53:44,260 - transvg_20250527_145759 - INFO - Train metrics: l1_loss: 0.3975 | giou_loss: 1.0370 | center_loss: 0.0132 | total_loss: 4.0746
2025-05-28 14:54:53,946 - transvg_20250527_145759 - INFO - Epoch 60, Batch 650/1696, Loss: 3.1975
2025-05-28 14:54:53,946 - transvg_20250527_145759 - INFO - Train metrics: l1_loss: 0.3409 | giou_loss: 0.7400 | center_loss: 0.0128 | total_loss: 3.1975
2025-05-28 14:56:03,243 - transvg_20250527_145759 - INFO - Epoch 60, Batch 700/1696, Loss: 2.8731
2025-05-28 14:56:03,244 - transvg_20250527_145759 - INFO - Train metrics: l1_loss: 0.2754 | giou_loss: 0.7458 | center_loss: 0.0047 | total_loss: 2.8731
2025-05-28 14:57:12,627 - transvg_20250527_145759 - INFO - Epoch 60, Batch 750/1696, Loss: 3.7297
2025-05-28 14:57:12,627 - transvg_20250527_145759 - INFO - Train metrics: l1_loss: 0.3965 | giou_loss: 0.8693 | center_loss: 0.0086 | total_loss: 3.7297
2025-05-28 14:58:21,719 - transvg_20250527_145759 - INFO - Epoch 60, Batch 800/1696, Loss: 3.7251
2025-05-28 14:58:21,719 - transvg_20250527_145759 - INFO - Train metrics: l1_loss: 0.3746 | giou_loss: 0.9211 | center_loss: 0.0097 | total_loss: 3.7251
2025-05-28 14:59:30,747 - transvg_20250527_145759 - INFO - Epoch 60, Batch 850/1696, Loss: 3.7038
2025-05-28 14:59:30,747 - transvg_20250527_145759 - INFO - Train metrics: l1_loss: 0.3940 | giou_loss: 0.8613 | center_loss: 0.0112 | total_loss: 3.7038
2025-05-28 15:00:40,295 - transvg_20250527_145759 - INFO - Epoch 60, Batch 900/1696, Loss: 3.3476
2025-05-28 15:00:40,296 - transvg_20250527_145759 - INFO - Train metrics: l1_loss: 0.3320 | giou_loss: 0.8392 | center_loss: 0.0092 | total_loss: 3.3476
2025-05-28 15:01:49,073 - transvg_20250527_145759 - INFO - Epoch 60, Batch 950/1696, Loss: 3.6130
2025-05-28 15:01:49,073 - transvg_20250527_145759 - INFO - Train metrics: l1_loss: 0.3858 | giou_loss: 0.8350 | center_loss: 0.0141 | total_loss: 3.6130
2025-05-28 15:02:58,092 - transvg_20250527_145759 - INFO - Epoch 60, Batch 1000/1696, Loss: 2.7997
2025-05-28 15:02:58,092 - transvg_20250527_145759 - INFO - Train metrics: l1_loss: 0.2876 | giou_loss: 0.6770 | center_loss: 0.0077 | total_loss: 2.7997
2025-05-28 15:04:06,813 - transvg_20250527_145759 - INFO - Epoch 60, Batch 1050/1696, Loss: 3.9206
2025-05-28 15:04:06,813 - transvg_20250527_145759 - INFO - Train metrics: l1_loss: 0.4524 | giou_loss: 0.8174 | center_loss: 0.0235 | total_loss: 3.9206
2025-05-28 15:05:15,313 - transvg_20250527_145759 - INFO - Epoch 60, Batch 1100/1696, Loss: 3.3339
2025-05-28 15:05:15,313 - transvg_20250527_145759 - INFO - Train metrics: l1_loss: 0.3080 | giou_loss: 0.8944 | center_loss: 0.0051 | total_loss: 3.3339
2025-05-28 15:06:24,271 - transvg_20250527_145759 - INFO - Epoch 60, Batch 1150/1696, Loss: 3.8365
2025-05-28 15:06:24,272 - transvg_20250527_145759 - INFO - Train metrics: l1_loss: 0.4188 | giou_loss: 0.8622 | center_loss: 0.0179 | total_loss: 3.8365
2025-05-28 15:07:33,554 - transvg_20250527_145759 - INFO - Epoch 60, Batch 1200/1696, Loss: 3.8041
2025-05-28 15:07:33,554 - transvg_20250527_145759 - INFO - Train metrics: l1_loss: 0.3998 | giou_loss: 0.8943 | center_loss: 0.0163 | total_loss: 3.8041
2025-05-28 15:08:42,789 - transvg_20250527_145759 - INFO - Epoch 60, Batch 1250/1696, Loss: 3.3880
2025-05-28 15:08:42,790 - transvg_20250527_145759 - INFO - Train metrics: l1_loss: 0.3466 | giou_loss: 0.8232 | center_loss: 0.0088 | total_loss: 3.3880
2025-05-28 15:09:51,523 - transvg_20250527_145759 - INFO - Epoch 60, Batch 1300/1696, Loss: 3.1968
2025-05-28 15:09:51,523 - transvg_20250527_145759 - INFO - Train metrics: l1_loss: 0.3293 | giou_loss: 0.7713 | center_loss: 0.0075 | total_loss: 3.1968
2025-05-28 15:11:00,654 - transvg_20250527_145759 - INFO - Epoch 60, Batch 1350/1696, Loss: 3.9856
2025-05-28 15:11:00,654 - transvg_20250527_145759 - INFO - Train metrics: l1_loss: 0.4154 | giou_loss: 0.9447 | center_loss: 0.0193 | total_loss: 3.9856
2025-05-28 15:12:09,428 - transvg_20250527_145759 - INFO - Epoch 60, Batch 1400/1696, Loss: 3.3779
2025-05-28 15:12:09,428 - transvg_20250527_145759 - INFO - Train metrics: l1_loss: 0.3115 | giou_loss: 0.9066 | center_loss: 0.0072 | total_loss: 3.3779
2025-05-28 15:13:18,124 - transvg_20250527_145759 - INFO - Epoch 60, Batch 1450/1696, Loss: 2.7623
2025-05-28 15:13:18,125 - transvg_20250527_145759 - INFO - Train metrics: l1_loss: 0.2441 | giou_loss: 0.7693 | center_loss: 0.0034 | total_loss: 2.7623
2025-05-28 15:14:27,096 - transvg_20250527_145759 - INFO - Epoch 60, Batch 1500/1696, Loss: 2.9789
2025-05-28 15:14:27,096 - transvg_20250527_145759 - INFO - Train metrics: l1_loss: 0.2895 | giou_loss: 0.7623 | center_loss: 0.0070 | total_loss: 2.9789
2025-05-28 15:15:35,836 - transvg_20250527_145759 - INFO - Epoch 60, Batch 1550/1696, Loss: 3.5551
2025-05-28 15:15:35,836 - transvg_20250527_145759 - INFO - Train metrics: l1_loss: 0.3605 | giou_loss: 0.8697 | center_loss: 0.0132 | total_loss: 3.5551
2025-05-28 15:16:44,573 - transvg_20250527_145759 - INFO - Epoch 60, Batch 1600/1696, Loss: 3.8777
2025-05-28 15:16:44,573 - transvg_20250527_145759 - INFO - Train metrics: l1_loss: 0.4190 | giou_loss: 0.8785 | center_loss: 0.0257 | total_loss: 3.8777
2025-05-28 15:17:53,760 - transvg_20250527_145759 - INFO - Epoch 60, Batch 1650/1696, Loss: 3.9655
2025-05-28 15:17:53,760 - transvg_20250527_145759 - INFO - Train metrics: l1_loss: 0.3667 | giou_loss: 1.0602 | center_loss: 0.0117 | total_loss: 3.9655
2025-05-28 15:18:55,484 - transvg_20250527_145759 - INFO - Train Epoch 60, Loss: 3.5695
2025-05-28 15:20:54,979 - transvg_20250527_145759 - INFO - Pred box sample: [77.84959411621094, 85.94895935058594, 286.7093811035156, 264.3446960449219]
2025-05-28 15:20:54,979 - transvg_20250527_145759 - INFO - Target box sample: [207.0, 198.0, 287.0, 283.0]
2025-05-28 15:20:55,055 - transvg_20250527_145759 - INFO - Validation Epoch 60, Loss: 4.7157
2025-05-28 15:20:55,055 - transvg_20250527_145759 - INFO - Val metrics: Acc@0.25: 0.3068 | Acc@0.5: 0.1116 | Acc@0.75: 0.0149 | mIoU: 0.1774 | medianIoU: 0.0743 | mae_x1: 105.1399 | mae_y1: 101.9164 | mae_x2: 106.6713 | mae_y2: 101.9736 | center_x_error: 91.4077 | center_y_error: 86.5249 | width_error: 2.2491 | height_error: 2.0715 | loss: 4.7157
2025-05-28 15:20:55,906 - transvg_20250527_145759 - INFO - Saved model checkpoint to /home/pokle/Trans-VG/visual_grounding/checkpoints/transvg_20250527_145759_epoch60.pth
2025-05-28 15:20:55,906 - transvg_20250527_145759 - INFO - Epoch 61/200
2025-05-28 15:20:58,580 - transvg_20250527_145759 - INFO - Epoch 61, Batch 0/1696, Loss: 2.8838
2025-05-28 15:20:58,580 - transvg_20250527_145759 - INFO - Train metrics: l1_loss: 0.2563 | giou_loss: 0.7992 | center_loss: 0.0038 | total_loss: 2.8838
2025-05-28 15:22:07,992 - transvg_20250527_145759 - INFO - Epoch 61, Batch 50/1696, Loss: 3.2954
2025-05-28 15:22:07,992 - transvg_20250527_145759 - INFO - Train metrics: l1_loss: 0.3141 | giou_loss: 0.8590 | center_loss: 0.0070 | total_loss: 3.2954
2025-05-28 15:23:17,888 - transvg_20250527_145759 - INFO - Epoch 61, Batch 100/1696, Loss: 3.1990
2025-05-28 15:23:17,888 - transvg_20250527_145759 - INFO - Train metrics: l1_loss: 0.3066 | giou_loss: 0.8293 | center_loss: 0.0072 | total_loss: 3.1990
2025-05-28 15:24:27,087 - transvg_20250527_145759 - INFO - Epoch 61, Batch 150/1696, Loss: 2.7082
2025-05-28 15:24:27,087 - transvg_20250527_145759 - INFO - Train metrics: l1_loss: 0.2529 | giou_loss: 0.7207 | center_loss: 0.0025 | total_loss: 2.7082
2025-05-28 15:25:36,334 - transvg_20250527_145759 - INFO - Epoch 61, Batch 200/1696, Loss: 3.3728
2025-05-28 15:25:36,335 - transvg_20250527_145759 - INFO - Train metrics: l1_loss: 0.3671 | giou_loss: 0.7607 | center_loss: 0.0158 | total_loss: 3.3728
2025-05-28 15:26:44,932 - transvg_20250527_145759 - INFO - Epoch 61, Batch 250/1696, Loss: 3.1337
2025-05-28 15:26:44,932 - transvg_20250527_145759 - INFO - Train metrics: l1_loss: 0.3045 | giou_loss: 0.8017 | center_loss: 0.0079 | total_loss: 3.1337
2025-05-28 15:27:54,404 - transvg_20250527_145759 - INFO - Epoch 61, Batch 300/1696, Loss: 3.4653
2025-05-28 15:27:54,404 - transvg_20250527_145759 - INFO - Train metrics: l1_loss: 0.3611 | giou_loss: 0.8241 | center_loss: 0.0118 | total_loss: 3.4653
2025-05-28 15:29:03,704 - transvg_20250527_145759 - INFO - Epoch 61, Batch 350/1696, Loss: 3.6953
2025-05-28 15:29:03,704 - transvg_20250527_145759 - INFO - Train metrics: l1_loss: 0.3591 | giou_loss: 0.9457 | center_loss: 0.0086 | total_loss: 3.6953
2025-05-28 15:30:13,654 - transvg_20250527_145759 - INFO - Epoch 61, Batch 400/1696, Loss: 3.7421
2025-05-28 15:30:13,654 - transvg_20250527_145759 - INFO - Train metrics: l1_loss: 0.3779 | giou_loss: 0.9208 | center_loss: 0.0108 | total_loss: 3.7421
2025-05-28 15:31:23,212 - transvg_20250527_145759 - INFO - Epoch 61, Batch 450/1696, Loss: 3.6576
2025-05-28 15:31:23,212 - transvg_20250527_145759 - INFO - Train metrics: l1_loss: 0.4139 | giou_loss: 0.7839 | center_loss: 0.0203 | total_loss: 3.6576
2025-05-28 15:32:32,691 - transvg_20250527_145759 - INFO - Epoch 61, Batch 500/1696, Loss: 3.1977
2025-05-28 15:32:32,691 - transvg_20250527_145759 - INFO - Train metrics: l1_loss: 0.2930 | giou_loss: 0.8636 | center_loss: 0.0055 | total_loss: 3.1977
2025-05-28 15:33:41,986 - transvg_20250527_145759 - INFO - Epoch 61, Batch 550/1696, Loss: 4.0393
2025-05-28 15:33:41,986 - transvg_20250527_145759 - INFO - Train metrics: l1_loss: 0.4002 | giou_loss: 1.0117 | center_loss: 0.0152 | total_loss: 4.0393
2025-05-28 15:34:51,893 - transvg_20250527_145759 - INFO - Epoch 61, Batch 600/1696, Loss: 3.1847
2025-05-28 15:34:51,893 - transvg_20250527_145759 - INFO - Train metrics: l1_loss: 0.3265 | giou_loss: 0.7705 | center_loss: 0.0113 | total_loss: 3.1847
2025-05-28 15:36:01,108 - transvg_20250527_145759 - INFO - Epoch 61, Batch 650/1696, Loss: 4.0723
2025-05-28 15:36:01,108 - transvg_20250527_145759 - INFO - Train metrics: l1_loss: 0.4208 | giou_loss: 0.9749 | center_loss: 0.0185 | total_loss: 4.0723
2025-05-28 15:37:10,615 - transvg_20250527_145759 - INFO - Epoch 61, Batch 700/1696, Loss: 3.8124
2025-05-28 15:37:10,616 - transvg_20250527_145759 - INFO - Train metrics: l1_loss: 0.3618 | giou_loss: 0.9947 | center_loss: 0.0140 | total_loss: 3.8124
2025-05-28 15:38:19,394 - transvg_20250527_145759 - INFO - Epoch 61, Batch 750/1696, Loss: 3.5732
2025-05-28 15:38:19,395 - transvg_20250527_145759 - INFO - Train metrics: l1_loss: 0.3348 | giou_loss: 0.9445 | center_loss: 0.0102 | total_loss: 3.5732
2025-05-28 15:39:28,639 - transvg_20250527_145759 - INFO - Epoch 61, Batch 800/1696, Loss: 3.6887
2025-05-28 15:39:28,639 - transvg_20250527_145759 - INFO - Train metrics: l1_loss: 0.3969 | giou_loss: 0.8435 | center_loss: 0.0170 | total_loss: 3.6887
2025-05-28 15:40:38,221 - transvg_20250527_145759 - INFO - Epoch 61, Batch 850/1696, Loss: 3.5826
2025-05-28 15:40:38,221 - transvg_20250527_145759 - INFO - Train metrics: l1_loss: 0.3808 | giou_loss: 0.8325 | center_loss: 0.0136 | total_loss: 3.5826
2025-05-28 15:41:47,315 - transvg_20250527_145759 - INFO - Epoch 61, Batch 900/1696, Loss: 3.3796
2025-05-28 15:41:47,316 - transvg_20250527_145759 - INFO - Train metrics: l1_loss: 0.3259 | giou_loss: 0.8703 | center_loss: 0.0096 | total_loss: 3.3796
2025-05-28 15:42:56,921 - transvg_20250527_145759 - INFO - Epoch 61, Batch 950/1696, Loss: 3.1197
2025-05-28 15:42:56,921 - transvg_20250527_145759 - INFO - Train metrics: l1_loss: 0.2759 | giou_loss: 0.8672 | center_loss: 0.0059 | total_loss: 3.1197
2025-05-28 15:44:06,277 - transvg_20250527_145759 - INFO - Epoch 61, Batch 1000/1696, Loss: 4.0090
2025-05-28 15:44:06,277 - transvg_20250527_145759 - INFO - Train metrics: l1_loss: 0.3920 | giou_loss: 1.0161 | center_loss: 0.0167 | total_loss: 4.0090
2025-05-28 15:45:15,214 - transvg_20250527_145759 - INFO - Epoch 61, Batch 1050/1696, Loss: 3.2008
2025-05-28 15:45:15,214 - transvg_20250527_145759 - INFO - Train metrics: l1_loss: 0.3063 | giou_loss: 0.8306 | center_loss: 0.0082 | total_loss: 3.2008
2025-05-28 15:46:24,797 - transvg_20250527_145759 - INFO - Epoch 61, Batch 1100/1696, Loss: 3.5787
2025-05-28 15:46:24,797 - transvg_20250527_145759 - INFO - Train metrics: l1_loss: 0.3533 | giou_loss: 0.8993 | center_loss: 0.0136 | total_loss: 3.5787
2025-05-28 15:47:34,085 - transvg_20250527_145759 - INFO - Epoch 61, Batch 1150/1696, Loss: 4.0046
2025-05-28 15:47:34,085 - transvg_20250527_145759 - INFO - Train metrics: l1_loss: 0.4003 | giou_loss: 0.9966 | center_loss: 0.0099 | total_loss: 4.0046
2025-05-28 15:48:42,862 - transvg_20250527_145759 - INFO - Epoch 61, Batch 1200/1696, Loss: 3.9408
2025-05-28 15:48:42,862 - transvg_20250527_145759 - INFO - Train metrics: l1_loss: 0.3867 | giou_loss: 0.9946 | center_loss: 0.0181 | total_loss: 3.9408
2025-05-28 15:49:51,912 - transvg_20250527_145759 - INFO - Epoch 61, Batch 1250/1696, Loss: 3.2388
2025-05-28 15:49:51,912 - transvg_20250527_145759 - INFO - Train metrics: l1_loss: 0.3068 | giou_loss: 0.8477 | center_loss: 0.0093 | total_loss: 3.2388
2025-05-28 15:51:00,646 - transvg_20250527_145759 - INFO - Epoch 61, Batch 1300/1696, Loss: 4.3034
2025-05-28 15:51:00,646 - transvg_20250527_145759 - INFO - Train metrics: l1_loss: 0.4608 | giou_loss: 0.9884 | center_loss: 0.0225 | total_loss: 4.3034
2025-05-28 15:52:09,523 - transvg_20250527_145759 - INFO - Epoch 61, Batch 1350/1696, Loss: 2.9041
2025-05-28 15:52:09,523 - transvg_20250527_145759 - INFO - Train metrics: l1_loss: 0.2891 | giou_loss: 0.7264 | center_loss: 0.0057 | total_loss: 2.9041
2025-05-28 15:53:18,576 - transvg_20250527_145759 - INFO - Epoch 61, Batch 1400/1696, Loss: 2.9462
2025-05-28 15:53:18,576 - transvg_20250527_145759 - INFO - Train metrics: l1_loss: 0.2787 | giou_loss: 0.7735 | center_loss: 0.0056 | total_loss: 2.9462
2025-05-28 15:54:27,692 - transvg_20250527_145759 - INFO - Epoch 61, Batch 1450/1696, Loss: 3.1443
2025-05-28 15:54:27,692 - transvg_20250527_145759 - INFO - Train metrics: l1_loss: 0.2988 | giou_loss: 0.8194 | center_loss: 0.0113 | total_loss: 3.1443
2025-05-28 15:55:37,241 - transvg_20250527_145759 - INFO - Epoch 61, Batch 1500/1696, Loss: 3.9534
2025-05-28 15:55:37,241 - transvg_20250527_145759 - INFO - Train metrics: l1_loss: 0.4056 | giou_loss: 0.9535 | center_loss: 0.0185 | total_loss: 3.9534
2025-05-28 15:56:46,533 - transvg_20250527_145759 - INFO - Epoch 61, Batch 1550/1696, Loss: 3.6521
2025-05-28 15:56:46,533 - transvg_20250527_145759 - INFO - Train metrics: l1_loss: 0.3502 | giou_loss: 0.9467 | center_loss: 0.0079 | total_loss: 3.6521
2025-05-28 15:57:56,083 - transvg_20250527_145759 - INFO - Epoch 61, Batch 1600/1696, Loss: 3.8122
2025-05-28 15:57:56,083 - transvg_20250527_145759 - INFO - Train metrics: l1_loss: 0.3992 | giou_loss: 0.8980 | center_loss: 0.0202 | total_loss: 3.8122
2025-05-28 15:59:05,086 - transvg_20250527_145759 - INFO - Epoch 61, Batch 1650/1696, Loss: 3.4548
2025-05-28 15:59:05,086 - transvg_20250527_145759 - INFO - Train metrics: l1_loss: 0.3598 | giou_loss: 0.8209 | center_loss: 0.0140 | total_loss: 3.4548
2025-05-28 16:00:07,194 - transvg_20250527_145759 - INFO - Train Epoch 61, Loss: 3.5623
2025-05-28 16:02:06,132 - transvg_20250527_145759 - INFO - Pred box sample: [88.71292114257812, 87.56059265136719, 258.4365539550781, 254.26223754882812]
2025-05-28 16:02:06,132 - transvg_20250527_145759 - INFO - Target box sample: [207.0, 198.0, 287.0, 283.0]
2025-05-28 16:02:06,213 - transvg_20250527_145759 - INFO - Validation Epoch 61, Loss: 4.7531
2025-05-28 16:02:06,213 - transvg_20250527_145759 - INFO - Val metrics: Acc@0.25: 0.3017 | Acc@0.5: 0.1081 | Acc@0.75: 0.0130 | mIoU: 0.1738 | medianIoU: 0.0700 | mae_x1: 106.1644 | mae_y1: 103.6090 | mae_x2: 106.2777 | mae_y2: 102.2197 | center_x_error: 92.4103 | center_y_error: 87.6738 | width_error: 2.0997 | height_error: 2.0733 | loss: 4.7531
2025-05-28 16:02:07,068 - transvg_20250527_145759 - INFO - Saved model checkpoint to /home/pokle/Trans-VG/visual_grounding/checkpoints/transvg_20250527_145759_epoch61.pth
2025-05-28 16:02:07,069 - transvg_20250527_145759 - INFO - Epoch 62/200
2025-05-28 16:02:09,732 - transvg_20250527_145759 - INFO - Epoch 62, Batch 0/1696, Loss: 3.1684
2025-05-28 16:02:09,732 - transvg_20250527_145759 - INFO - Train metrics: l1_loss: 0.3004 | giou_loss: 0.8304 | center_loss: 0.0055 | total_loss: 3.1684
2025-05-28 16:03:18,744 - transvg_20250527_145759 - INFO - Epoch 62, Batch 50/1696, Loss: 3.4688
2025-05-28 16:03:18,745 - transvg_20250527_145759 - INFO - Train metrics: l1_loss: 0.3343 | giou_loss: 0.8936 | center_loss: 0.0100 | total_loss: 3.4688
2025-05-28 16:04:27,907 - transvg_20250527_145759 - INFO - Epoch 62, Batch 100/1696, Loss: 3.4714
2025-05-28 16:04:27,907 - transvg_20250527_145759 - INFO - Train metrics: l1_loss: 0.3429 | giou_loss: 0.8747 | center_loss: 0.0076 | total_loss: 3.4714
2025-05-28 16:05:37,339 - transvg_20250527_145759 - INFO - Epoch 62, Batch 150/1696, Loss: 3.2478
2025-05-28 16:05:37,339 - transvg_20250527_145759 - INFO - Train metrics: l1_loss: 0.2941 | giou_loss: 0.8858 | center_loss: 0.0058 | total_loss: 3.2478
2025-05-28 16:06:46,728 - transvg_20250527_145759 - INFO - Epoch 62, Batch 200/1696, Loss: 3.8860
2025-05-28 16:06:46,728 - transvg_20250527_145759 - INFO - Train metrics: l1_loss: 0.3920 | giou_loss: 0.9581 | center_loss: 0.0097 | total_loss: 3.8860
2025-05-28 16:07:55,794 - transvg_20250527_145759 - INFO - Epoch 62, Batch 250/1696, Loss: 3.1579
2025-05-28 16:07:55,794 - transvg_20250527_145759 - INFO - Train metrics: l1_loss: 0.3315 | giou_loss: 0.7457 | center_loss: 0.0090 | total_loss: 3.1579
2025-05-28 16:09:05,484 - transvg_20250527_145759 - INFO - Epoch 62, Batch 300/1696, Loss: 4.0126
2025-05-28 16:09:05,484 - transvg_20250527_145759 - INFO - Train metrics: l1_loss: 0.4573 | giou_loss: 0.8474 | center_loss: 0.0312 | total_loss: 4.0126
2025-05-28 16:10:14,703 - transvg_20250527_145759 - INFO - Epoch 62, Batch 350/1696, Loss: 4.2246
2025-05-28 16:10:14,703 - transvg_20250527_145759 - INFO - Train metrics: l1_loss: 0.4700 | giou_loss: 0.9284 | center_loss: 0.0179 | total_loss: 4.2246
2025-05-28 16:11:23,699 - transvg_20250527_145759 - INFO - Epoch 62, Batch 400/1696, Loss: 3.1097
2025-05-28 16:11:23,699 - transvg_20250527_145759 - INFO - Train metrics: l1_loss: 0.3350 | giou_loss: 0.7131 | center_loss: 0.0084 | total_loss: 3.1097
2025-05-28 16:12:32,842 - transvg_20250527_145759 - INFO - Epoch 62, Batch 450/1696, Loss: 2.9181
2025-05-28 16:12:32,842 - transvg_20250527_145759 - INFO - Train metrics: l1_loss: 0.2954 | giou_loss: 0.7175 | center_loss: 0.0061 | total_loss: 2.9181
2025-05-28 16:13:42,102 - transvg_20250527_145759 - INFO - Epoch 62, Batch 500/1696, Loss: 3.9536
2025-05-28 16:13:42,102 - transvg_20250527_145759 - INFO - Train metrics: l1_loss: 0.4013 | giou_loss: 0.9661 | center_loss: 0.0146 | total_loss: 3.9536
2025-05-28 16:14:51,472 - transvg_20250527_145759 - INFO - Epoch 62, Batch 550/1696, Loss: 4.1038
2025-05-28 16:14:51,472 - transvg_20250527_145759 - INFO - Train metrics: l1_loss: 0.4214 | giou_loss: 0.9908 | center_loss: 0.0151 | total_loss: 4.1038
2025-05-28 16:16:01,067 - transvg_20250527_145759 - INFO - Epoch 62, Batch 600/1696, Loss: 3.4603
2025-05-28 16:16:01,068 - transvg_20250527_145759 - INFO - Train metrics: l1_loss: 0.3492 | giou_loss: 0.8528 | center_loss: 0.0090 | total_loss: 3.4603
2025-05-28 16:17:10,325 - transvg_20250527_145759 - INFO - Epoch 62, Batch 650/1696, Loss: 3.2842
2025-05-28 16:17:10,326 - transvg_20250527_145759 - INFO - Train metrics: l1_loss: 0.3368 | giou_loss: 0.7927 | center_loss: 0.0148 | total_loss: 3.2842
2025-05-28 16:18:19,333 - transvg_20250527_145759 - INFO - Epoch 62, Batch 700/1696, Loss: 4.4472
2025-05-28 16:18:19,333 - transvg_20250527_145759 - INFO - Train metrics: l1_loss: 0.4902 | giou_loss: 0.9866 | center_loss: 0.0227 | total_loss: 4.4472
2025-05-28 16:19:28,396 - transvg_20250527_145759 - INFO - Epoch 62, Batch 750/1696, Loss: 4.0015
2025-05-28 16:19:28,396 - transvg_20250527_145759 - INFO - Train metrics: l1_loss: 0.4321 | giou_loss: 0.9123 | center_loss: 0.0164 | total_loss: 4.0015
2025-05-28 16:20:37,354 - transvg_20250527_145759 - INFO - Epoch 62, Batch 800/1696, Loss: 3.6912
2025-05-28 16:20:37,354 - transvg_20250527_145759 - INFO - Train metrics: l1_loss: 0.3418 | giou_loss: 0.9871 | center_loss: 0.0081 | total_loss: 3.6912
2025-05-28 16:21:46,309 - transvg_20250527_145759 - INFO - Epoch 62, Batch 850/1696, Loss: 3.7798
2025-05-28 16:21:46,310 - transvg_20250527_145759 - INFO - Train metrics: l1_loss: 0.3846 | giou_loss: 0.9216 | center_loss: 0.0137 | total_loss: 3.7798
2025-05-28 16:22:55,390 - transvg_20250527_145759 - INFO - Epoch 62, Batch 900/1696, Loss: 3.6510
2025-05-28 16:22:55,390 - transvg_20250527_145759 - INFO - Train metrics: l1_loss: 0.3846 | giou_loss: 0.8592 | center_loss: 0.0096 | total_loss: 3.6510
2025-05-28 16:24:04,738 - transvg_20250527_145759 - INFO - Epoch 62, Batch 950/1696, Loss: 3.8598
2025-05-28 16:24:04,739 - transvg_20250527_145759 - INFO - Train metrics: l1_loss: 0.4082 | giou_loss: 0.9012 | center_loss: 0.0164 | total_loss: 3.8598
2025-05-28 16:25:13,743 - transvg_20250527_145759 - INFO - Epoch 62, Batch 1000/1696, Loss: 4.2939
2025-05-28 16:25:13,743 - transvg_20250527_145759 - INFO - Train metrics: l1_loss: 0.4626 | giou_loss: 0.9795 | center_loss: 0.0218 | total_loss: 4.2939
2025-05-28 16:26:23,506 - transvg_20250527_145759 - INFO - Epoch 62, Batch 1050/1696, Loss: 4.8702
2025-05-28 16:26:23,506 - transvg_20250527_145759 - INFO - Train metrics: l1_loss: 0.5871 | giou_loss: 0.9507 | center_loss: 0.0333 | total_loss: 4.8702
2025-05-28 16:27:33,228 - transvg_20250527_145759 - INFO - Epoch 62, Batch 1100/1696, Loss: 4.0818
2025-05-28 16:27:33,228 - transvg_20250527_145759 - INFO - Train metrics: l1_loss: 0.4276 | giou_loss: 0.9622 | center_loss: 0.0195 | total_loss: 4.0818
2025-05-28 16:28:42,634 - transvg_20250527_145759 - INFO - Epoch 62, Batch 1150/1696, Loss: 4.0558
2025-05-28 16:28:42,634 - transvg_20250527_145759 - INFO - Train metrics: l1_loss: 0.4270 | giou_loss: 0.9516 | center_loss: 0.0174 | total_loss: 4.0558
2025-05-28 16:29:52,063 - transvg_20250527_145759 - INFO - Epoch 62, Batch 1200/1696, Loss: 3.9664
2025-05-28 16:29:52,063 - transvg_20250527_145759 - INFO - Train metrics: l1_loss: 0.3974 | giou_loss: 0.9849 | center_loss: 0.0096 | total_loss: 3.9664
2025-05-28 16:31:01,429 - transvg_20250527_145759 - INFO - Epoch 62, Batch 1250/1696, Loss: 3.6751
2025-05-28 16:31:01,429 - transvg_20250527_145759 - INFO - Train metrics: l1_loss: 0.3534 | giou_loss: 0.9466 | center_loss: 0.0151 | total_loss: 3.6751
2025-05-28 16:32:11,022 - transvg_20250527_145759 - INFO - Epoch 62, Batch 1300/1696, Loss: 2.8869
2025-05-28 16:32:11,023 - transvg_20250527_145759 - INFO - Train metrics: l1_loss: 0.2706 | giou_loss: 0.7640 | center_loss: 0.0060 | total_loss: 2.8869
2025-05-28 16:33:19,830 - transvg_20250527_145759 - INFO - Epoch 62, Batch 1350/1696, Loss: 3.8493
2025-05-28 16:33:19,830 - transvg_20250527_145759 - INFO - Train metrics: l1_loss: 0.4034 | giou_loss: 0.9099 | center_loss: 0.0128 | total_loss: 3.8493
2025-05-28 16:34:29,238 - transvg_20250527_145759 - INFO - Epoch 62, Batch 1400/1696, Loss: 3.9407
2025-05-28 16:34:29,238 - transvg_20250527_145759 - INFO - Train metrics: l1_loss: 0.4303 | giou_loss: 0.8863 | center_loss: 0.0167 | total_loss: 3.9407
2025-05-28 16:35:38,364 - transvg_20250527_145759 - INFO - Epoch 62, Batch 1450/1696, Loss: 3.5789
2025-05-28 16:35:38,364 - transvg_20250527_145759 - INFO - Train metrics: l1_loss: 0.3646 | giou_loss: 0.8703 | center_loss: 0.0153 | total_loss: 3.5789
2025-05-28 16:36:47,481 - transvg_20250527_145759 - INFO - Epoch 62, Batch 1500/1696, Loss: 3.1130
2025-05-28 16:36:47,481 - transvg_20250527_145759 - INFO - Train metrics: l1_loss: 0.3054 | giou_loss: 0.7896 | center_loss: 0.0066 | total_loss: 3.1130
2025-05-28 16:37:56,843 - transvg_20250527_145759 - INFO - Epoch 62, Batch 1550/1696, Loss: 3.9045
2025-05-28 16:37:56,843 - transvg_20250527_145759 - INFO - Train metrics: l1_loss: 0.3980 | giou_loss: 0.9495 | center_loss: 0.0156 | total_loss: 3.9045
2025-05-28 16:39:05,649 - transvg_20250527_145759 - INFO - Epoch 62, Batch 1600/1696, Loss: 3.4219
2025-05-28 16:39:05,649 - transvg_20250527_145759 - INFO - Train metrics: l1_loss: 0.3484 | giou_loss: 0.8349 | center_loss: 0.0098 | total_loss: 3.4219
2025-05-28 16:40:15,191 - transvg_20250527_145759 - INFO - Epoch 62, Batch 1650/1696, Loss: 4.3044
2025-05-28 16:40:15,192 - transvg_20250527_145759 - INFO - Train metrics: l1_loss: 0.4689 | giou_loss: 0.9675 | center_loss: 0.0251 | total_loss: 4.3044
2025-05-28 16:41:17,476 - transvg_20250527_145759 - INFO - Train Epoch 62, Loss: 3.5593
2025-05-28 16:43:16,453 - transvg_20250527_145759 - INFO - Pred box sample: [97.77693939208984, 117.12664031982422, 289.4342041015625, 278.5190124511719]
2025-05-28 16:43:16,453 - transvg_20250527_145759 - INFO - Target box sample: [207.0, 198.0, 287.0, 283.0]
2025-05-28 16:43:16,530 - transvg_20250527_145759 - INFO - Validation Epoch 62, Loss: 4.7049
2025-05-28 16:43:16,531 - transvg_20250527_145759 - INFO - Val metrics: Acc@0.25: 0.3100 | Acc@0.5: 0.1126 | Acc@0.75: 0.0154 | mIoU: 0.1788 | medianIoU: 0.0774 | mae_x1: 105.3322 | mae_y1: 102.0177 | mae_x2: 105.7043 | mae_y2: 101.8827 | center_x_error: 91.0317 | center_y_error: 86.1862 | width_error: 2.1626 | height_error: 2.1486 | loss: 4.7049
2025-05-28 16:43:17,405 - transvg_20250527_145759 - INFO - Saved model checkpoint to /home/pokle/Trans-VG/visual_grounding/checkpoints/transvg_20250527_145759_epoch62.pth
2025-05-28 16:43:17,406 - transvg_20250527_145759 - INFO - Epoch 63/200
2025-05-28 16:43:20,039 - transvg_20250527_145759 - INFO - Epoch 63, Batch 0/1696, Loss: 4.7301
2025-05-28 16:43:20,040 - transvg_20250527_145759 - INFO - Train metrics: l1_loss: 0.4999 | giou_loss: 1.1046 | center_loss: 0.0213 | total_loss: 4.7301
2025-05-28 16:44:29,423 - transvg_20250527_145759 - INFO - Epoch 63, Batch 50/1696, Loss: 3.0407
2025-05-28 16:44:29,424 - transvg_20250527_145759 - INFO - Train metrics: l1_loss: 0.2886 | giou_loss: 0.7953 | center_loss: 0.0070 | total_loss: 3.0407
2025-05-28 16:45:38,654 - transvg_20250527_145759 - INFO - Epoch 63, Batch 100/1696, Loss: 3.9018
2025-05-28 16:45:38,654 - transvg_20250527_145759 - INFO - Train metrics: l1_loss: 0.3985 | giou_loss: 0.9450 | center_loss: 0.0192 | total_loss: 3.9018
2025-05-28 16:46:48,062 - transvg_20250527_145759 - INFO - Epoch 63, Batch 150/1696, Loss: 3.4342
2025-05-28 16:46:48,062 - transvg_20250527_145759 - INFO - Train metrics: l1_loss: 0.3208 | giou_loss: 0.9120 | center_loss: 0.0061 | total_loss: 3.4342
2025-05-28 16:47:57,715 - transvg_20250527_145759 - INFO - Epoch 63, Batch 200/1696, Loss: 3.3077
2025-05-28 16:47:57,715 - transvg_20250527_145759 - INFO - Train metrics: l1_loss: 0.3271 | giou_loss: 0.8329 | center_loss: 0.0063 | total_loss: 3.3077
2025-05-28 16:49:07,707 - transvg_20250527_145759 - INFO - Epoch 63, Batch 250/1696, Loss: 3.6550
2025-05-28 16:49:07,707 - transvg_20250527_145759 - INFO - Train metrics: l1_loss: 0.3625 | giou_loss: 0.9173 | center_loss: 0.0076 | total_loss: 3.6550
2025-05-28 16:50:17,382 - transvg_20250527_145759 - INFO - Epoch 63, Batch 300/1696, Loss: 3.2452
2025-05-28 16:50:17,382 - transvg_20250527_145759 - INFO - Train metrics: l1_loss: 0.3197 | giou_loss: 0.8200 | center_loss: 0.0068 | total_loss: 3.2452
2025-05-28 16:51:26,944 - transvg_20250527_145759 - INFO - Epoch 63, Batch 350/1696, Loss: 3.7805
2025-05-28 16:51:26,944 - transvg_20250527_145759 - INFO - Train metrics: l1_loss: 0.4243 | giou_loss: 0.8209 | center_loss: 0.0171 | total_loss: 3.7805
2025-05-28 16:52:36,216 - transvg_20250527_145759 - INFO - Epoch 63, Batch 400/1696, Loss: 2.6767
2025-05-28 16:52:36,216 - transvg_20250527_145759 - INFO - Train metrics: l1_loss: 0.2402 | giou_loss: 0.7359 | center_loss: 0.0039 | total_loss: 2.6767
2025-05-28 16:53:45,658 - transvg_20250527_145759 - INFO - Epoch 63, Batch 450/1696, Loss: 3.5982
2025-05-28 16:53:45,659 - transvg_20250527_145759 - INFO - Train metrics: l1_loss: 0.3879 | giou_loss: 0.8211 | center_loss: 0.0163 | total_loss: 3.5982
2025-05-28 16:54:55,298 - transvg_20250527_145759 - INFO - Epoch 63, Batch 500/1696, Loss: 3.0131
2025-05-28 16:54:55,298 - transvg_20250527_145759 - INFO - Train metrics: l1_loss: 0.2960 | giou_loss: 0.7635 | center_loss: 0.0063 | total_loss: 3.0131
2025-05-28 16:56:04,507 - transvg_20250527_145759 - INFO - Epoch 63, Batch 550/1696, Loss: 4.2713
2025-05-28 16:56:04,507 - transvg_20250527_145759 - INFO - Train metrics: l1_loss: 0.4401 | giou_loss: 1.0236 | center_loss: 0.0236 | total_loss: 4.2713
2025-05-28 16:57:13,537 - transvg_20250527_145759 - INFO - Epoch 63, Batch 600/1696, Loss: 3.1657
2025-05-28 16:57:13,537 - transvg_20250527_145759 - INFO - Train metrics: l1_loss: 0.3115 | giou_loss: 0.7988 | center_loss: 0.0108 | total_loss: 3.1657
2025-05-28 16:58:22,838 - transvg_20250527_145759 - INFO - Epoch 63, Batch 650/1696, Loss: 4.5205
2025-05-28 16:58:22,838 - transvg_20250527_145759 - INFO - Train metrics: l1_loss: 0.4739 | giou_loss: 1.0637 | center_loss: 0.0236 | total_loss: 4.5205
2025-05-28 16:59:31,850 - transvg_20250527_145759 - INFO - Epoch 63, Batch 700/1696, Loss: 3.5406
2025-05-28 16:59:31,851 - transvg_20250527_145759 - INFO - Train metrics: l1_loss: 0.3746 | giou_loss: 0.8279 | center_loss: 0.0117 | total_loss: 3.5406
2025-05-28 17:00:41,055 - transvg_20250527_145759 - INFO - Epoch 63, Batch 750/1696, Loss: 3.5708
2025-05-28 17:00:41,055 - transvg_20250527_145759 - INFO - Train metrics: l1_loss: 0.3603 | giou_loss: 0.8797 | center_loss: 0.0099 | total_loss: 3.5708
2025-05-28 17:01:49,770 - transvg_20250527_145759 - INFO - Epoch 63, Batch 800/1696, Loss: 3.6192
2025-05-28 17:01:49,770 - transvg_20250527_145759 - INFO - Train metrics: l1_loss: 0.3260 | giou_loss: 0.9908 | center_loss: 0.0075 | total_loss: 3.6192
2025-05-28 17:02:59,373 - transvg_20250527_145759 - INFO - Epoch 63, Batch 850/1696, Loss: 3.0939
2025-05-28 17:02:59,373 - transvg_20250527_145759 - INFO - Train metrics: l1_loss: 0.3181 | giou_loss: 0.7471 | center_loss: 0.0091 | total_loss: 3.0939
