2025-05-19 14:04:46,842 - transvg_coordinates_fixed_20250519_140429 - INFO - Initialized logger: transvg_coordinates_fixed_20250519_140429
2025-05-19 14:04:46,843 - transvg_coordinates_fixed_20250519_140429 - INFO - Configuration: {
  "data_root": "/home/pokle/Trans-VG/visual_grounding/dior-rsvg",
  "image_size": 224,
  "max_text_len": 40,
  "hidden_dim": 256,
  "bert_model": "bert-base-uncased",
  "dropout": 0.1,
  "num_heads": 8,
  "num_encoder_layers": 6,
  "cross_layers": 4,
  "dim_feedforward": 2048,
  "mlp_hidden_dim": 256,
  "backbone": "resnet50",
  "pretrained": true,
  "freeze_backbone": true,
  "partial_freeze_vision": true,
  "freeze_linguistic": false,
  "partial_freeze_linguistic": true,
  "batch_size": 32,
  "num_workers": 4,
  "learning_rate": 0.0001,
  "weight_decay": 0.0001,
  "num_epochs": 100,
  "lr": 0.001,
  "lr_bert": 2e-05,
  "lr_drop": 70,
  "gradient_clip_val": 1.0,
  "output_dir": "output",
  "epochs": 200
}
2025-05-19 14:04:46,867 - transvg_coordinates_fixed_20250519_140429 - INFO - Using device: cuda:1
2025-05-19 14:04:46,867 - transvg_coordinates_fixed_20250519_140429 - INFO - Visual backbone freeze: True, Linguistic backbone freeze: False (vision: partially)
2025-05-19 14:04:46,867 - transvg_coordinates_fixed_20250519_140429 - INFO - Building data loaders...
2025-05-19 14:04:48,119 - transvg_coordinates_fixed_20250519_140429 - INFO - Train dataset size: 27133
2025-05-19 14:04:48,120 - transvg_coordinates_fixed_20250519_140429 - INFO - Val dataset size: 3765
2025-05-19 14:04:48,120 - transvg_coordinates_fixed_20250519_140429 - INFO - Test dataset size: 7422
2025-05-19 14:04:48,120 - transvg_coordinates_fixed_20250519_140429 - INFO - Building model...
2025-05-19 14:04:55,083 - transvg_coordinates_fixed_20250519_140429 - INFO - Loading checkpoint from /home/pokle/Trans-VG/visual_grounding/checkpoints/transvg_coordinates_fixed_20250518_185059_epoch65.pth
2025-05-19 14:05:00,761 - transvg_coordinates_fixed_20250519_140429 - INFO - Starting training...
2025-05-19 14:05:00,761 - transvg_coordinates_fixed_20250519_140429 - INFO - Epoch 66/200
2025-05-19 14:05:15,805 - transvg_coordinates_fixed_20250519_140429 - INFO - Epoch 66, Batch 0/848, Loss: 3.8247
2025-05-19 14:05:15,805 - transvg_coordinates_fixed_20250519_140429 - INFO - Train metrics: l1_loss: 0.3893 | giou_loss: 0.9390 | total_loss: 3.8247
2025-05-19 14:05:50,864 - transvg_coordinates_fixed_20250519_140429 - INFO - Epoch 66, Batch 50/848, Loss: 3.6764
2025-05-19 14:05:50,864 - transvg_coordinates_fixed_20250519_140429 - INFO - Train metrics: l1_loss: 0.3825 | giou_loss: 0.8820 | total_loss: 3.6764
2025-05-19 14:06:25,514 - transvg_coordinates_fixed_20250519_140429 - INFO - Epoch 66, Batch 100/848, Loss: 3.3542
2025-05-19 14:06:25,514 - transvg_coordinates_fixed_20250519_140429 - INFO - Train metrics: l1_loss: 0.3214 | giou_loss: 0.8737 | total_loss: 3.3542
2025-05-19 14:06:54,799 - transvg_coordinates_fixed_20250519_140429 - INFO - Epoch 66, Batch 150/848, Loss: 3.6915
2025-05-19 14:06:54,800 - transvg_coordinates_fixed_20250519_140429 - INFO - Train metrics: l1_loss: 0.3850 | giou_loss: 0.8832 | total_loss: 3.6915
2025-05-19 14:07:22,315 - transvg_coordinates_fixed_20250519_140429 - INFO - Epoch 66, Batch 200/848, Loss: 3.8413
2025-05-19 14:07:22,316 - transvg_coordinates_fixed_20250519_140429 - INFO - Train metrics: l1_loss: 0.4026 | giou_loss: 0.9143 | total_loss: 3.8413
2025-05-19 14:07:47,540 - transvg_coordinates_fixed_20250519_140429 - INFO - Epoch 66, Batch 250/848, Loss: 3.7004
2025-05-19 14:07:47,541 - transvg_coordinates_fixed_20250519_140429 - INFO - Train metrics: l1_loss: 0.3776 | giou_loss: 0.9063 | total_loss: 3.7004
2025-05-19 14:08:10,689 - transvg_coordinates_fixed_20250519_140429 - INFO - Epoch 66, Batch 300/848, Loss: 3.2942
2025-05-19 14:08:10,689 - transvg_coordinates_fixed_20250519_140429 - INFO - Train metrics: l1_loss: 0.3204 | giou_loss: 0.8462 | total_loss: 3.2942
2025-05-19 14:08:30,128 - transvg_coordinates_fixed_20250519_140429 - INFO - Epoch 66, Batch 350/848, Loss: 3.4697
2025-05-19 14:08:30,128 - transvg_coordinates_fixed_20250519_140429 - INFO - Train metrics: l1_loss: 0.3306 | giou_loss: 0.9084 | total_loss: 3.4697
2025-05-19 14:08:49,345 - transvg_coordinates_fixed_20250519_140429 - INFO - Epoch 66, Batch 400/848, Loss: 3.8734
2025-05-19 14:08:49,345 - transvg_coordinates_fixed_20250519_140429 - INFO - Train metrics: l1_loss: 0.4282 | giou_loss: 0.8663 | total_loss: 3.8734
2025-05-19 14:09:06,465 - transvg_coordinates_fixed_20250519_140429 - INFO - Epoch 66, Batch 450/848, Loss: 4.0295
2025-05-19 14:09:06,465 - transvg_coordinates_fixed_20250519_140429 - INFO - Train metrics: l1_loss: 0.4294 | giou_loss: 0.9412 | total_loss: 4.0295
2025-05-19 14:09:23,241 - transvg_coordinates_fixed_20250519_140429 - INFO - Epoch 66, Batch 500/848, Loss: 3.9142
2025-05-19 14:09:23,241 - transvg_coordinates_fixed_20250519_140429 - INFO - Train metrics: l1_loss: 0.4207 | giou_loss: 0.9055 | total_loss: 3.9142
2025-05-19 14:09:40,009 - transvg_coordinates_fixed_20250519_140429 - INFO - Epoch 66, Batch 550/848, Loss: 3.7644
2025-05-19 14:09:40,010 - transvg_coordinates_fixed_20250519_140429 - INFO - Train metrics: l1_loss: 0.3741 | giou_loss: 0.9468 | total_loss: 3.7644
2025-05-19 14:09:56,767 - transvg_coordinates_fixed_20250519_140429 - INFO - Epoch 66, Batch 600/848, Loss: 3.5675
2025-05-19 14:09:56,767 - transvg_coordinates_fixed_20250519_140429 - INFO - Train metrics: l1_loss: 0.3485 | giou_loss: 0.9126 | total_loss: 3.5675
2025-05-19 14:10:13,720 - transvg_coordinates_fixed_20250519_140429 - INFO - Epoch 66, Batch 650/848, Loss: 3.6255
2025-05-19 14:10:13,720 - transvg_coordinates_fixed_20250519_140429 - INFO - Train metrics: l1_loss: 0.3728 | giou_loss: 0.8808 | total_loss: 3.6255
2025-05-19 14:10:30,522 - transvg_coordinates_fixed_20250519_140429 - INFO - Epoch 66, Batch 700/848, Loss: 4.1458
2025-05-19 14:10:30,522 - transvg_coordinates_fixed_20250519_140429 - INFO - Train metrics: l1_loss: 0.4556 | giou_loss: 0.9340 | total_loss: 4.1458
2025-05-19 14:10:47,296 - transvg_coordinates_fixed_20250519_140429 - INFO - Epoch 66, Batch 750/848, Loss: 3.5048
2025-05-19 14:10:47,297 - transvg_coordinates_fixed_20250519_140429 - INFO - Train metrics: l1_loss: 0.3670 | giou_loss: 0.8350 | total_loss: 3.5048
2025-05-19 14:11:04,119 - transvg_coordinates_fixed_20250519_140429 - INFO - Epoch 66, Batch 800/848, Loss: 3.5984
2025-05-19 14:11:04,120 - transvg_coordinates_fixed_20250519_140429 - INFO - Train metrics: l1_loss: 0.3696 | giou_loss: 0.8751 | total_loss: 3.5984
2025-05-19 14:11:20,029 - transvg_coordinates_fixed_20250519_140429 - INFO - Train Epoch 66, Loss: 3.6388
2025-05-19 14:12:05,545 - transvg_coordinates_fixed_20250519_140429 - INFO - Pred box sample: [98.01419830322266, 89.20997619628906, 263.5058288574219, 243.46206665039062]
2025-05-19 14:12:05,546 - transvg_coordinates_fixed_20250519_140429 - INFO - Target box sample: [207.0, 198.0, 287.0, 283.0]
2025-05-19 14:12:05,646 - transvg_coordinates_fixed_20250519_140429 - INFO - Validation Epoch 66, Loss: 4.7280
2025-05-19 14:12:05,646 - transvg_coordinates_fixed_20250519_140429 - INFO - Val metrics: Acc@0.25: 0.3015 | Acc@0.5: 0.1046 | Acc@0.75: 0.0117 | mIoU: 0.1733 | medianIoU: 0.0742 | mae_x1: 107.6304 | mae_y1: 102.1508 | mae_x2: 105.9222 | mae_y2: 103.2028 | center_x_error: 92.4472 | center_y_error: 87.8436 | width_error: 2.1921 | height_error: 2.0493 | loss: 4.7280
2025-05-19 14:12:06,287 - transvg_coordinates_fixed_20250519_140429 - INFO - Saved model checkpoint to /home/pokle/Trans-VG/visual_grounding/checkpoints/transvg_coordinates_fixed_20250519_140429_epoch66.pth
2025-05-19 14:12:06,288 - transvg_coordinates_fixed_20250519_140429 - INFO - Epoch 67/200
2025-05-19 14:12:07,380 - transvg_coordinates_fixed_20250519_140429 - INFO - Epoch 67, Batch 0/848, Loss: 3.3089
2025-05-19 14:12:07,380 - transvg_coordinates_fixed_20250519_140429 - INFO - Train metrics: l1_loss: 0.3291 | giou_loss: 0.8316 | total_loss: 3.3089
2025-05-19 14:12:25,308 - transvg_coordinates_fixed_20250519_140429 - INFO - Epoch 67, Batch 50/848, Loss: 3.8119
2025-05-19 14:12:25,308 - transvg_coordinates_fixed_20250519_140429 - INFO - Train metrics: l1_loss: 0.4013 | giou_loss: 0.9028 | total_loss: 3.8119
2025-05-19 14:12:43,321 - transvg_coordinates_fixed_20250519_140429 - INFO - Epoch 67, Batch 100/848, Loss: 4.1475
2025-05-19 14:12:43,322 - transvg_coordinates_fixed_20250519_140429 - INFO - Train metrics: l1_loss: 0.4359 | giou_loss: 0.9840 | total_loss: 4.1475
2025-05-19 14:13:01,449 - transvg_coordinates_fixed_20250519_140429 - INFO - Epoch 67, Batch 150/848, Loss: 3.9466
2025-05-19 14:13:01,450 - transvg_coordinates_fixed_20250519_140429 - INFO - Train metrics: l1_loss: 0.4297 | giou_loss: 0.8991 | total_loss: 3.9466
2025-05-19 14:13:19,612 - transvg_coordinates_fixed_20250519_140429 - INFO - Epoch 67, Batch 200/848, Loss: 4.3457
2025-05-19 14:13:19,613 - transvg_coordinates_fixed_20250519_140429 - INFO - Train metrics: l1_loss: 0.4851 | giou_loss: 0.9602 | total_loss: 4.3457
2025-05-19 14:13:37,840 - transvg_coordinates_fixed_20250519_140429 - INFO - Epoch 67, Batch 250/848, Loss: 3.8091
2025-05-19 14:13:37,840 - transvg_coordinates_fixed_20250519_140429 - INFO - Train metrics: l1_loss: 0.3910 | giou_loss: 0.9272 | total_loss: 3.8091
2025-05-19 14:13:56,123 - transvg_coordinates_fixed_20250519_140429 - INFO - Epoch 67, Batch 300/848, Loss: 3.6981
2025-05-19 14:13:56,124 - transvg_coordinates_fixed_20250519_140429 - INFO - Train metrics: l1_loss: 0.3704 | giou_loss: 0.9230 | total_loss: 3.6981
2025-05-19 14:14:14,435 - transvg_coordinates_fixed_20250519_140429 - INFO - Epoch 67, Batch 350/848, Loss: 3.3236
2025-05-19 14:14:14,435 - transvg_coordinates_fixed_20250519_140429 - INFO - Train metrics: l1_loss: 0.3302 | giou_loss: 0.8362 | total_loss: 3.3236
2025-05-19 14:14:32,606 - transvg_coordinates_fixed_20250519_140429 - INFO - Epoch 67, Batch 400/848, Loss: 3.3431
2025-05-19 14:14:32,607 - transvg_coordinates_fixed_20250519_140429 - INFO - Train metrics: l1_loss: 0.3161 | giou_loss: 0.8813 | total_loss: 3.3431
2025-05-19 14:14:50,872 - transvg_coordinates_fixed_20250519_140429 - INFO - Epoch 67, Batch 450/848, Loss: 3.8890
2025-05-19 14:14:50,872 - transvg_coordinates_fixed_20250519_140429 - INFO - Train metrics: l1_loss: 0.4177 | giou_loss: 0.9003 | total_loss: 3.8890
2025-05-19 14:15:09,221 - transvg_coordinates_fixed_20250519_140429 - INFO - Epoch 67, Batch 500/848, Loss: 2.8949
2025-05-19 14:15:09,222 - transvg_coordinates_fixed_20250519_140429 - INFO - Train metrics: l1_loss: 0.2776 | giou_loss: 0.7534 | total_loss: 2.8949
2025-05-19 14:15:27,490 - transvg_coordinates_fixed_20250519_140429 - INFO - Epoch 67, Batch 550/848, Loss: 3.7799
2025-05-19 14:15:27,491 - transvg_coordinates_fixed_20250519_140429 - INFO - Train metrics: l1_loss: 0.3679 | giou_loss: 0.9701 | total_loss: 3.7799
2025-05-19 14:15:45,871 - transvg_coordinates_fixed_20250519_140429 - INFO - Epoch 67, Batch 600/848, Loss: 3.1824
2025-05-19 14:15:45,872 - transvg_coordinates_fixed_20250519_140429 - INFO - Train metrics: l1_loss: 0.3140 | giou_loss: 0.8062 | total_loss: 3.1824
2025-05-19 14:16:04,421 - transvg_coordinates_fixed_20250519_140429 - INFO - Epoch 67, Batch 650/848, Loss: 3.6297
2025-05-19 14:16:04,422 - transvg_coordinates_fixed_20250519_140429 - INFO - Train metrics: l1_loss: 0.3848 | giou_loss: 0.8528 | total_loss: 3.6297
2025-05-19 14:16:22,800 - transvg_coordinates_fixed_20250519_140429 - INFO - Epoch 67, Batch 700/848, Loss: 3.9825
2025-05-19 14:16:22,801 - transvg_coordinates_fixed_20250519_140429 - INFO - Train metrics: l1_loss: 0.4196 | giou_loss: 0.9423 | total_loss: 3.9825
2025-05-19 14:16:41,284 - transvg_coordinates_fixed_20250519_140429 - INFO - Epoch 67, Batch 750/848, Loss: 3.0896
2025-05-19 14:16:41,285 - transvg_coordinates_fixed_20250519_140429 - INFO - Train metrics: l1_loss: 0.3087 | giou_loss: 0.7731 | total_loss: 3.0896
2025-05-19 14:16:59,676 - transvg_coordinates_fixed_20250519_140429 - INFO - Epoch 67, Batch 800/848, Loss: 3.4368
2025-05-19 14:16:59,676 - transvg_coordinates_fixed_20250519_140429 - INFO - Train metrics: l1_loss: 0.3474 | giou_loss: 0.8500 | total_loss: 3.4368
2025-05-19 14:17:17,026 - transvg_coordinates_fixed_20250519_140429 - INFO - Train Epoch 67, Loss: 3.6358
2025-05-19 14:17:33,954 - transvg_coordinates_fixed_20250519_140429 - INFO - Pred box sample: [67.38062286376953, 84.4132308959961, 217.04563903808594, 266.8490295410156]
2025-05-19 14:17:33,955 - transvg_coordinates_fixed_20250519_140429 - INFO - Target box sample: [207.0, 198.0, 287.0, 283.0]
2025-05-19 14:17:34,034 - transvg_coordinates_fixed_20250519_140429 - INFO - Validation Epoch 67, Loss: 4.7253
2025-05-19 14:17:34,034 - transvg_coordinates_fixed_20250519_140429 - INFO - Val metrics: Acc@0.25: 0.3044 | Acc@0.5: 0.1100 | Acc@0.75: 0.0130 | mIoU: 0.1758 | medianIoU: 0.0719 | mae_x1: 107.2135 | mae_y1: 103.9295 | mae_x2: 105.8185 | mae_y2: 102.0436 | center_x_error: 92.5419 | center_y_error: 87.3913 | width_error: 2.0984 | height_error: 2.0841 | loss: 4.7253
2025-05-19 14:17:34,664 - transvg_coordinates_fixed_20250519_140429 - INFO - Saved model checkpoint to /home/pokle/Trans-VG/visual_grounding/checkpoints/transvg_coordinates_fixed_20250519_140429_epoch67.pth
2025-05-19 14:17:34,665 - transvg_coordinates_fixed_20250519_140429 - INFO - New best model! Acc@0.5: 0.1100
2025-05-19 14:17:34,665 - transvg_coordinates_fixed_20250519_140429 - INFO - Epoch 68/200
2025-05-19 14:17:35,775 - transvg_coordinates_fixed_20250519_140429 - INFO - Epoch 68, Batch 0/848, Loss: 3.6083
2025-05-19 14:17:35,775 - transvg_coordinates_fixed_20250519_140429 - INFO - Train metrics: l1_loss: 0.3618 | giou_loss: 0.8997 | total_loss: 3.6083
2025-05-19 14:17:53,723 - transvg_coordinates_fixed_20250519_140429 - INFO - Epoch 68, Batch 50/848, Loss: 4.0616
2025-05-19 14:17:53,723 - transvg_coordinates_fixed_20250519_140429 - INFO - Train metrics: l1_loss: 0.4255 | giou_loss: 0.9672 | total_loss: 4.0616
2025-05-19 14:18:11,859 - transvg_coordinates_fixed_20250519_140429 - INFO - Epoch 68, Batch 100/848, Loss: 3.1216
2025-05-19 14:18:11,859 - transvg_coordinates_fixed_20250519_140429 - INFO - Train metrics: l1_loss: 0.3243 | giou_loss: 0.7502 | total_loss: 3.1216
2025-05-19 14:18:30,354 - transvg_coordinates_fixed_20250519_140429 - INFO - Epoch 68, Batch 150/848, Loss: 3.5747
2025-05-19 14:18:30,354 - transvg_coordinates_fixed_20250519_140429 - INFO - Train metrics: l1_loss: 0.3738 | giou_loss: 0.8528 | total_loss: 3.5747
2025-05-19 14:18:48,616 - transvg_coordinates_fixed_20250519_140429 - INFO - Epoch 68, Batch 200/848, Loss: 4.0408
2025-05-19 14:18:48,617 - transvg_coordinates_fixed_20250519_140429 - INFO - Train metrics: l1_loss: 0.4239 | giou_loss: 0.9608 | total_loss: 4.0408
2025-05-19 14:19:06,965 - transvg_coordinates_fixed_20250519_140429 - INFO - Epoch 68, Batch 250/848, Loss: 3.6425
2025-05-19 14:19:06,965 - transvg_coordinates_fixed_20250519_140429 - INFO - Train metrics: l1_loss: 0.3483 | giou_loss: 0.9506 | total_loss: 3.6425
2025-05-19 14:19:25,352 - transvg_coordinates_fixed_20250519_140429 - INFO - Epoch 68, Batch 300/848, Loss: 4.3425
2025-05-19 14:19:25,353 - transvg_coordinates_fixed_20250519_140429 - INFO - Train metrics: l1_loss: 0.4417 | giou_loss: 1.0670 | total_loss: 4.3425
2025-05-19 14:19:43,745 - transvg_coordinates_fixed_20250519_140429 - INFO - Epoch 68, Batch 350/848, Loss: 3.9720
2025-05-19 14:19:43,745 - transvg_coordinates_fixed_20250519_140429 - INFO - Train metrics: l1_loss: 0.4035 | giou_loss: 0.9773 | total_loss: 3.9720
2025-05-19 14:20:02,235 - transvg_coordinates_fixed_20250519_140429 - INFO - Epoch 68, Batch 400/848, Loss: 3.4871
2025-05-19 14:20:02,235 - transvg_coordinates_fixed_20250519_140429 - INFO - Train metrics: l1_loss: 0.3699 | giou_loss: 0.8188 | total_loss: 3.4871
2025-05-19 14:20:20,696 - transvg_coordinates_fixed_20250519_140429 - INFO - Epoch 68, Batch 450/848, Loss: 3.6902
2025-05-19 14:20:20,696 - transvg_coordinates_fixed_20250519_140429 - INFO - Train metrics: l1_loss: 0.3815 | giou_loss: 0.8915 | total_loss: 3.6902
2025-05-19 14:20:39,270 - transvg_coordinates_fixed_20250519_140429 - INFO - Epoch 68, Batch 500/848, Loss: 3.2154
2025-05-19 14:20:39,270 - transvg_coordinates_fixed_20250519_140429 - INFO - Train metrics: l1_loss: 0.3109 | giou_loss: 0.8306 | total_loss: 3.2154
2025-05-19 14:20:57,669 - transvg_coordinates_fixed_20250519_140429 - INFO - Epoch 68, Batch 550/848, Loss: 3.7231
2025-05-19 14:20:57,669 - transvg_coordinates_fixed_20250519_140429 - INFO - Train metrics: l1_loss: 0.4035 | giou_loss: 0.8528 | total_loss: 3.7231
2025-05-19 14:21:15,900 - transvg_coordinates_fixed_20250519_140429 - INFO - Epoch 68, Batch 600/848, Loss: 3.5657
2025-05-19 14:21:15,900 - transvg_coordinates_fixed_20250519_140429 - INFO - Train metrics: l1_loss: 0.3538 | giou_loss: 0.8983 | total_loss: 3.5657
2025-05-19 14:21:34,173 - transvg_coordinates_fixed_20250519_140429 - INFO - Epoch 68, Batch 650/848, Loss: 3.6959
2025-05-19 14:21:34,173 - transvg_coordinates_fixed_20250519_140429 - INFO - Train metrics: l1_loss: 0.3882 | giou_loss: 0.8773 | total_loss: 3.6959
2025-05-19 14:21:52,496 - transvg_coordinates_fixed_20250519_140429 - INFO - Epoch 68, Batch 700/848, Loss: 3.8452
2025-05-19 14:21:52,496 - transvg_coordinates_fixed_20250519_140429 - INFO - Train metrics: l1_loss: 0.4026 | giou_loss: 0.9160 | total_loss: 3.8452
2025-05-19 14:22:10,696 - transvg_coordinates_fixed_20250519_140429 - INFO - Epoch 68, Batch 750/848, Loss: 4.5405
2025-05-19 14:22:10,696 - transvg_coordinates_fixed_20250519_140429 - INFO - Train metrics: l1_loss: 0.5062 | giou_loss: 1.0046 | total_loss: 4.5405
2025-05-19 14:22:28,861 - transvg_coordinates_fixed_20250519_140429 - INFO - Epoch 68, Batch 800/848, Loss: 3.3740
2025-05-19 14:22:28,861 - transvg_coordinates_fixed_20250519_140429 - INFO - Train metrics: l1_loss: 0.3372 | giou_loss: 0.8440 | total_loss: 3.3740
2025-05-19 14:22:45,992 - transvg_coordinates_fixed_20250519_140429 - INFO - Train Epoch 68, Loss: 3.6284
2025-05-19 14:23:02,512 - transvg_coordinates_fixed_20250519_140429 - INFO - Pred box sample: [81.41587829589844, 86.8546142578125, 260.6534423828125, 277.8497314453125]
2025-05-19 14:23:02,513 - transvg_coordinates_fixed_20250519_140429 - INFO - Target box sample: [207.0, 198.0, 287.0, 283.0]
2025-05-19 14:23:02,593 - transvg_coordinates_fixed_20250519_140429 - INFO - Validation Epoch 68, Loss: 4.7536
2025-05-19 14:23:02,593 - transvg_coordinates_fixed_20250519_140429 - INFO - Val metrics: Acc@0.25: 0.2991 | Acc@0.5: 0.1076 | Acc@0.75: 0.0130 | mIoU: 0.1743 | medianIoU: 0.0724 | mae_x1: 106.4478 | mae_y1: 104.9043 | mae_x2: 107.8664 | mae_y2: 103.5375 | center_x_error: 92.2413 | center_y_error: 88.2020 | width_error: 2.1116 | height_error: 2.1470 | loss: 4.7536
2025-05-19 14:23:03,200 - transvg_coordinates_fixed_20250519_140429 - INFO - Saved model checkpoint to /home/pokle/Trans-VG/visual_grounding/checkpoints/transvg_coordinates_fixed_20250519_140429_epoch68.pth
2025-05-19 14:23:03,201 - transvg_coordinates_fixed_20250519_140429 - INFO - Epoch 69/200
2025-05-19 14:23:04,373 - transvg_coordinates_fixed_20250519_140429 - INFO - Epoch 69, Batch 0/848, Loss: 3.6464
2025-05-19 14:23:04,373 - transvg_coordinates_fixed_20250519_140429 - INFO - Train metrics: l1_loss: 0.3548 | giou_loss: 0.9362 | total_loss: 3.6464
2025-05-19 14:23:22,312 - transvg_coordinates_fixed_20250519_140429 - INFO - Epoch 69, Batch 50/848, Loss: 3.5503
2025-05-19 14:23:22,312 - transvg_coordinates_fixed_20250519_140429 - INFO - Train metrics: l1_loss: 0.3515 | giou_loss: 0.8965 | total_loss: 3.5503
2025-05-19 14:23:40,426 - transvg_coordinates_fixed_20250519_140429 - INFO - Epoch 69, Batch 100/848, Loss: 3.4449
2025-05-19 14:23:40,426 - transvg_coordinates_fixed_20250519_140429 - INFO - Train metrics: l1_loss: 0.3618 | giou_loss: 0.8181 | total_loss: 3.4449
2025-05-19 14:23:58,529 - transvg_coordinates_fixed_20250519_140429 - INFO - Epoch 69, Batch 150/848, Loss: 3.3973
2025-05-19 14:23:58,529 - transvg_coordinates_fixed_20250519_140429 - INFO - Train metrics: l1_loss: 0.3025 | giou_loss: 0.9424 | total_loss: 3.3973
2025-05-19 14:24:16,659 - transvg_coordinates_fixed_20250519_140429 - INFO - Epoch 69, Batch 200/848, Loss: 3.9054
2025-05-19 14:24:16,660 - transvg_coordinates_fixed_20250519_140429 - INFO - Train metrics: l1_loss: 0.4235 | giou_loss: 0.8940 | total_loss: 3.9054
2025-05-19 14:24:34,788 - transvg_coordinates_fixed_20250519_140429 - INFO - Epoch 69, Batch 250/848, Loss: 3.4230
2025-05-19 14:24:34,788 - transvg_coordinates_fixed_20250519_140429 - INFO - Train metrics: l1_loss: 0.3475 | giou_loss: 0.8426 | total_loss: 3.4230
2025-05-19 14:24:52,966 - transvg_coordinates_fixed_20250519_140429 - INFO - Epoch 69, Batch 300/848, Loss: 3.6673
2025-05-19 14:24:52,966 - transvg_coordinates_fixed_20250519_140429 - INFO - Train metrics: l1_loss: 0.3718 | giou_loss: 0.9041 | total_loss: 3.6673
2025-05-19 14:25:11,171 - transvg_coordinates_fixed_20250519_140429 - INFO - Epoch 69, Batch 350/848, Loss: 3.3348
2025-05-19 14:25:11,171 - transvg_coordinates_fixed_20250519_140429 - INFO - Train metrics: l1_loss: 0.3286 | giou_loss: 0.8460 | total_loss: 3.3348
2025-05-19 14:25:29,410 - transvg_coordinates_fixed_20250519_140429 - INFO - Epoch 69, Batch 400/848, Loss: 3.5405
2025-05-19 14:25:29,410 - transvg_coordinates_fixed_20250519_140429 - INFO - Train metrics: l1_loss: 0.3565 | giou_loss: 0.8791 | total_loss: 3.5405
2025-05-19 14:25:47,664 - transvg_coordinates_fixed_20250519_140429 - INFO - Epoch 69, Batch 450/848, Loss: 3.5079
2025-05-19 14:25:47,664 - transvg_coordinates_fixed_20250519_140429 - INFO - Train metrics: l1_loss: 0.3720 | giou_loss: 0.8239 | total_loss: 3.5079
2025-05-19 14:26:05,941 - transvg_coordinates_fixed_20250519_140429 - INFO - Epoch 69, Batch 500/848, Loss: 4.0865
2025-05-19 14:26:05,942 - transvg_coordinates_fixed_20250519_140429 - INFO - Train metrics: l1_loss: 0.4108 | giou_loss: 1.0163 | total_loss: 4.0865
2025-05-19 14:26:24,197 - transvg_coordinates_fixed_20250519_140429 - INFO - Epoch 69, Batch 550/848, Loss: 3.7813
2025-05-19 14:26:24,197 - transvg_coordinates_fixed_20250519_140429 - INFO - Train metrics: l1_loss: 0.4019 | giou_loss: 0.8858 | total_loss: 3.7813
2025-05-19 14:26:42,732 - transvg_coordinates_fixed_20250519_140429 - INFO - Epoch 69, Batch 600/848, Loss: 3.6276
2025-05-19 14:26:42,732 - transvg_coordinates_fixed_20250519_140429 - INFO - Train metrics: l1_loss: 0.3488 | giou_loss: 0.9418 | total_loss: 3.6276
2025-05-19 14:27:00,989 - transvg_coordinates_fixed_20250519_140429 - INFO - Epoch 69, Batch 650/848, Loss: 3.5629
2025-05-19 14:27:00,989 - transvg_coordinates_fixed_20250519_140429 - INFO - Train metrics: l1_loss: 0.3642 | giou_loss: 0.8710 | total_loss: 3.5629
2025-05-19 14:27:19,236 - transvg_coordinates_fixed_20250519_140429 - INFO - Epoch 69, Batch 700/848, Loss: 3.6158
2025-05-19 14:27:19,236 - transvg_coordinates_fixed_20250519_140429 - INFO - Train metrics: l1_loss: 0.3743 | giou_loss: 0.8721 | total_loss: 3.6158
2025-05-19 14:27:37,505 - transvg_coordinates_fixed_20250519_140429 - INFO - Epoch 69, Batch 750/848, Loss: 3.7417
2025-05-19 14:27:37,505 - transvg_coordinates_fixed_20250519_140429 - INFO - Train metrics: l1_loss: 0.3754 | giou_loss: 0.9323 | total_loss: 3.7417
2025-05-19 14:27:55,736 - transvg_coordinates_fixed_20250519_140429 - INFO - Epoch 69, Batch 800/848, Loss: 3.1088
2025-05-19 14:27:55,736 - transvg_coordinates_fixed_20250519_140429 - INFO - Train metrics: l1_loss: 0.2822 | giou_loss: 0.8489 | total_loss: 3.1088
2025-05-19 14:28:12,883 - transvg_coordinates_fixed_20250519_140429 - INFO - Train Epoch 69, Loss: 3.6196
2025-05-19 14:28:29,284 - transvg_coordinates_fixed_20250519_140429 - INFO - Pred box sample: [92.5750961303711, 96.2434310913086, 294.2327575683594, 255.07965087890625]
2025-05-19 14:28:29,284 - transvg_coordinates_fixed_20250519_140429 - INFO - Target box sample: [207.0, 198.0, 287.0, 283.0]
2025-05-19 14:28:29,350 - transvg_coordinates_fixed_20250519_140429 - INFO - Validation Epoch 69, Loss: 4.7037
2025-05-19 14:28:29,350 - transvg_coordinates_fixed_20250519_140429 - INFO - Val metrics: Acc@0.25: 0.3060 | Acc@0.5: 0.1147 | Acc@0.75: 0.0141 | mIoU: 0.1773 | medianIoU: 0.0753 | mae_x1: 106.1957 | mae_y1: 102.1302 | mae_x2: 107.5047 | mae_y2: 103.7529 | center_x_error: 91.1498 | center_y_error: 87.5754 | width_error: 2.3916 | height_error: 2.0587 | loss: 4.7037
2025-05-19 14:28:29,979 - transvg_coordinates_fixed_20250519_140429 - INFO - Saved model checkpoint to /home/pokle/Trans-VG/visual_grounding/checkpoints/transvg_coordinates_fixed_20250519_140429_epoch69.pth
2025-05-19 14:28:29,980 - transvg_coordinates_fixed_20250519_140429 - INFO - New best model! Acc@0.5: 0.1147
2025-05-19 14:28:29,980 - transvg_coordinates_fixed_20250519_140429 - INFO - Epoch 70/200
2025-05-19 14:28:31,078 - transvg_coordinates_fixed_20250519_140429 - INFO - Epoch 70, Batch 0/848, Loss: 3.7109
2025-05-19 14:28:31,079 - transvg_coordinates_fixed_20250519_140429 - INFO - Train metrics: l1_loss: 0.3823 | giou_loss: 0.8996 | total_loss: 3.7109
2025-05-19 14:28:49,167 - transvg_coordinates_fixed_20250519_140429 - INFO - Epoch 70, Batch 50/848, Loss: 3.7133
2025-05-19 14:28:49,168 - transvg_coordinates_fixed_20250519_140429 - INFO - Train metrics: l1_loss: 0.3878 | giou_loss: 0.8871 | total_loss: 3.7133
2025-05-19 14:29:07,355 - transvg_coordinates_fixed_20250519_140429 - INFO - Epoch 70, Batch 100/848, Loss: 3.1233
2025-05-19 14:29:07,355 - transvg_coordinates_fixed_20250519_140429 - INFO - Train metrics: l1_loss: 0.3208 | giou_loss: 0.7597 | total_loss: 3.1233
2025-05-19 14:29:25,516 - transvg_coordinates_fixed_20250519_140429 - INFO - Epoch 70, Batch 150/848, Loss: 4.0357
2025-05-19 14:29:25,516 - transvg_coordinates_fixed_20250519_140429 - INFO - Train metrics: l1_loss: 0.4455 | giou_loss: 0.9040 | total_loss: 4.0357
2025-05-19 14:29:43,732 - transvg_coordinates_fixed_20250519_140429 - INFO - Epoch 70, Batch 200/848, Loss: 4.1217
2025-05-19 14:29:43,733 - transvg_coordinates_fixed_20250519_140429 - INFO - Train metrics: l1_loss: 0.4305 | giou_loss: 0.9847 | total_loss: 4.1217
2025-05-19 14:30:01,933 - transvg_coordinates_fixed_20250519_140429 - INFO - Epoch 70, Batch 250/848, Loss: 3.3968
2025-05-19 14:30:01,933 - transvg_coordinates_fixed_20250519_140429 - INFO - Train metrics: l1_loss: 0.3653 | giou_loss: 0.7852 | total_loss: 3.3968
2025-05-19 14:30:20,124 - transvg_coordinates_fixed_20250519_140429 - INFO - Epoch 70, Batch 300/848, Loss: 4.1173
2025-05-19 14:30:20,124 - transvg_coordinates_fixed_20250519_140429 - INFO - Train metrics: l1_loss: 0.4112 | giou_loss: 1.0307 | total_loss: 4.1173
2025-05-19 14:30:38,281 - transvg_coordinates_fixed_20250519_140429 - INFO - Epoch 70, Batch 350/848, Loss: 3.8812
2025-05-19 14:30:38,281 - transvg_coordinates_fixed_20250519_140429 - INFO - Train metrics: l1_loss: 0.3967 | giou_loss: 0.9488 | total_loss: 3.8812
2025-05-19 14:30:56,484 - transvg_coordinates_fixed_20250519_140429 - INFO - Epoch 70, Batch 400/848, Loss: 3.6541
2025-05-19 14:30:56,484 - transvg_coordinates_fixed_20250519_140429 - INFO - Train metrics: l1_loss: 0.3843 | giou_loss: 0.8664 | total_loss: 3.6541
2025-05-19 14:31:14,728 - transvg_coordinates_fixed_20250519_140429 - INFO - Epoch 70, Batch 450/848, Loss: 3.2155
2025-05-19 14:31:14,728 - transvg_coordinates_fixed_20250519_140429 - INFO - Train metrics: l1_loss: 0.3328 | giou_loss: 0.7757 | total_loss: 3.2155
2025-05-19 14:31:32,908 - transvg_coordinates_fixed_20250519_140429 - INFO - Epoch 70, Batch 500/848, Loss: 3.5343
2025-05-19 14:31:32,908 - transvg_coordinates_fixed_20250519_140429 - INFO - Train metrics: l1_loss: 0.3635 | giou_loss: 0.8584 | total_loss: 3.5343
2025-05-19 14:31:51,157 - transvg_coordinates_fixed_20250519_140429 - INFO - Epoch 70, Batch 550/848, Loss: 3.3940
2025-05-19 14:31:51,157 - transvg_coordinates_fixed_20250519_140429 - INFO - Train metrics: l1_loss: 0.3307 | giou_loss: 0.8703 | total_loss: 3.3940
2025-05-19 14:32:09,430 - transvg_coordinates_fixed_20250519_140429 - INFO - Epoch 70, Batch 600/848, Loss: 3.4487
2025-05-19 14:32:09,430 - transvg_coordinates_fixed_20250519_140429 - INFO - Train metrics: l1_loss: 0.3361 | giou_loss: 0.8840 | total_loss: 3.4487
2025-05-19 14:32:27,800 - transvg_coordinates_fixed_20250519_140429 - INFO - Epoch 70, Batch 650/848, Loss: 3.5125
2025-05-19 14:32:27,800 - transvg_coordinates_fixed_20250519_140429 - INFO - Train metrics: l1_loss: 0.3373 | giou_loss: 0.9131 | total_loss: 3.5125
2025-05-19 14:32:46,040 - transvg_coordinates_fixed_20250519_140429 - INFO - Epoch 70, Batch 700/848, Loss: 4.1811
2025-05-19 14:32:46,040 - transvg_coordinates_fixed_20250519_140429 - INFO - Train metrics: l1_loss: 0.4573 | giou_loss: 0.9472 | total_loss: 4.1811
2025-05-19 14:33:04,294 - transvg_coordinates_fixed_20250519_140429 - INFO - Epoch 70, Batch 750/848, Loss: 3.4847
2025-05-19 14:33:04,294 - transvg_coordinates_fixed_20250519_140429 - INFO - Train metrics: l1_loss: 0.3529 | giou_loss: 0.8602 | total_loss: 3.4847
2025-05-19 14:33:22,466 - transvg_coordinates_fixed_20250519_140429 - INFO - Epoch 70, Batch 800/848, Loss: 3.8314
2025-05-19 14:33:22,466 - transvg_coordinates_fixed_20250519_140429 - INFO - Train metrics: l1_loss: 0.4031 | giou_loss: 0.9079 | total_loss: 3.8314
2025-05-19 14:33:39,558 - transvg_coordinates_fixed_20250519_140429 - INFO - Train Epoch 70, Loss: 3.6131
2025-05-19 14:33:56,587 - transvg_coordinates_fixed_20250519_140429 - INFO - Pred box sample: [90.49909973144531, 102.21904754638672, 276.8062744140625, 250.50994873046875]
2025-05-19 14:33:56,588 - transvg_coordinates_fixed_20250519_140429 - INFO - Target box sample: [207.0, 198.0, 287.0, 283.0]
2025-05-19 14:33:56,664 - transvg_coordinates_fixed_20250519_140429 - INFO - Validation Epoch 70, Loss: 4.7054
2025-05-19 14:33:56,664 - transvg_coordinates_fixed_20250519_140429 - INFO - Val metrics: Acc@0.25: 0.3073 | Acc@0.5: 0.1094 | Acc@0.75: 0.0151 | mIoU: 0.1769 | medianIoU: 0.0745 | mae_x1: 105.2787 | mae_y1: 102.0014 | mae_x2: 105.4414 | mae_y2: 101.9657 | center_x_error: 90.5635 | center_y_error: 87.2832 | width_error: 2.1557 | height_error: 1.9244 | loss: 4.7054
2025-05-19 14:33:57,299 - transvg_coordinates_fixed_20250519_140429 - INFO - Saved model checkpoint to /home/pokle/Trans-VG/visual_grounding/checkpoints/transvg_coordinates_fixed_20250519_140429_epoch70.pth
2025-05-19 14:33:57,300 - transvg_coordinates_fixed_20250519_140429 - INFO - Epoch 71/200
2025-05-19 14:33:58,366 - transvg_coordinates_fixed_20250519_140429 - INFO - Epoch 71, Batch 0/848, Loss: 3.4231
2025-05-19 14:33:58,366 - transvg_coordinates_fixed_20250519_140429 - INFO - Train metrics: l1_loss: 0.3323 | giou_loss: 0.8807 | total_loss: 3.4231
2025-05-19 14:34:16,617 - transvg_coordinates_fixed_20250519_140429 - INFO - Epoch 71, Batch 50/848, Loss: 4.5799
2025-05-19 14:34:16,617 - transvg_coordinates_fixed_20250519_140429 - INFO - Train metrics: l1_loss: 0.4739 | giou_loss: 1.1051 | total_loss: 4.5799
2025-05-19 14:34:34,632 - transvg_coordinates_fixed_20250519_140429 - INFO - Epoch 71, Batch 100/848, Loss: 3.2943
2025-05-19 14:34:34,632 - transvg_coordinates_fixed_20250519_140429 - INFO - Train metrics: l1_loss: 0.3347 | giou_loss: 0.8104 | total_loss: 3.2943
2025-05-19 14:34:52,733 - transvg_coordinates_fixed_20250519_140429 - INFO - Epoch 71, Batch 150/848, Loss: 3.8731
2025-05-19 14:34:52,733 - transvg_coordinates_fixed_20250519_140429 - INFO - Train metrics: l1_loss: 0.3805 | giou_loss: 0.9853 | total_loss: 3.8731
2025-05-19 14:35:10,855 - transvg_coordinates_fixed_20250519_140429 - INFO - Epoch 71, Batch 200/848, Loss: 4.0857
2025-05-19 14:35:10,855 - transvg_coordinates_fixed_20250519_140429 - INFO - Train metrics: l1_loss: 0.4651 | giou_loss: 0.8800 | total_loss: 4.0857
2025-05-19 14:35:29,127 - transvg_coordinates_fixed_20250519_140429 - INFO - Epoch 71, Batch 250/848, Loss: 3.3218
2025-05-19 14:35:29,127 - transvg_coordinates_fixed_20250519_140429 - INFO - Train metrics: l1_loss: 0.3119 | giou_loss: 0.8813 | total_loss: 3.3218
2025-05-19 14:35:47,401 - transvg_coordinates_fixed_20250519_140429 - INFO - Epoch 71, Batch 300/848, Loss: 3.5871
2025-05-19 14:35:47,401 - transvg_coordinates_fixed_20250519_140429 - INFO - Train metrics: l1_loss: 0.4119 | giou_loss: 0.7638 | total_loss: 3.5871
2025-05-19 14:36:05,720 - transvg_coordinates_fixed_20250519_140429 - INFO - Epoch 71, Batch 350/848, Loss: 3.6142
2025-05-19 14:36:05,721 - transvg_coordinates_fixed_20250519_140429 - INFO - Train metrics: l1_loss: 0.4070 | giou_loss: 0.7895 | total_loss: 3.6142
2025-05-19 14:36:24,038 - transvg_coordinates_fixed_20250519_140429 - INFO - Epoch 71, Batch 400/848, Loss: 3.3566
2025-05-19 14:36:24,038 - transvg_coordinates_fixed_20250519_140429 - INFO - Train metrics: l1_loss: 0.3460 | giou_loss: 0.8132 | total_loss: 3.3566
2025-05-19 14:36:42,233 - transvg_coordinates_fixed_20250519_140429 - INFO - Epoch 71, Batch 450/848, Loss: 4.5247
2025-05-19 14:36:42,233 - transvg_coordinates_fixed_20250519_140429 - INFO - Train metrics: l1_loss: 0.4951 | giou_loss: 1.0245 | total_loss: 4.5247
2025-05-19 14:37:00,484 - transvg_coordinates_fixed_20250519_140429 - INFO - Epoch 71, Batch 500/848, Loss: 3.5011
2025-05-19 14:37:00,485 - transvg_coordinates_fixed_20250519_140429 - INFO - Train metrics: l1_loss: 0.3667 | giou_loss: 0.8337 | total_loss: 3.5011
2025-05-19 14:37:18,678 - transvg_coordinates_fixed_20250519_140429 - INFO - Epoch 71, Batch 550/848, Loss: 3.7368
2025-05-19 14:37:18,678 - transvg_coordinates_fixed_20250519_140429 - INFO - Train metrics: l1_loss: 0.3732 | giou_loss: 0.9355 | total_loss: 3.7368
2025-05-19 14:37:36,980 - transvg_coordinates_fixed_20250519_140429 - INFO - Epoch 71, Batch 600/848, Loss: 3.3216
2025-05-19 14:37:36,980 - transvg_coordinates_fixed_20250519_140429 - INFO - Train metrics: l1_loss: 0.3291 | giou_loss: 0.8381 | total_loss: 3.3216
2025-05-19 14:37:55,263 - transvg_coordinates_fixed_20250519_140429 - INFO - Epoch 71, Batch 650/848, Loss: 3.5710
2025-05-19 14:37:55,263 - transvg_coordinates_fixed_20250519_140429 - INFO - Train metrics: l1_loss: 0.3649 | giou_loss: 0.8732 | total_loss: 3.5710
2025-05-19 14:38:13,518 - transvg_coordinates_fixed_20250519_140429 - INFO - Epoch 71, Batch 700/848, Loss: 3.4574
2025-05-19 14:38:13,519 - transvg_coordinates_fixed_20250519_140429 - INFO - Train metrics: l1_loss: 0.3487 | giou_loss: 0.8570 | total_loss: 3.4574
2025-05-19 14:38:31,732 - transvg_coordinates_fixed_20250519_140429 - INFO - Epoch 71, Batch 750/848, Loss: 3.7156
2025-05-19 14:38:31,732 - transvg_coordinates_fixed_20250519_140429 - INFO - Train metrics: l1_loss: 0.3801 | giou_loss: 0.9077 | total_loss: 3.7156
2025-05-19 14:38:49,966 - transvg_coordinates_fixed_20250519_140429 - INFO - Epoch 71, Batch 800/848, Loss: 4.2351
2025-05-19 14:38:49,966 - transvg_coordinates_fixed_20250519_140429 - INFO - Train metrics: l1_loss: 0.4724 | giou_loss: 0.9366 | total_loss: 4.2351
2025-05-19 14:39:07,101 - transvg_coordinates_fixed_20250519_140429 - INFO - Train Epoch 71, Loss: 3.6138
2025-05-19 14:39:23,772 - transvg_coordinates_fixed_20250519_140429 - INFO - Pred box sample: [94.8319320678711, 89.50230407714844, 260.5568542480469, 246.93670654296875]
2025-05-19 14:39:23,773 - transvg_coordinates_fixed_20250519_140429 - INFO - Target box sample: [207.0, 198.0, 287.0, 283.0]
2025-05-19 14:39:23,852 - transvg_coordinates_fixed_20250519_140429 - INFO - Validation Epoch 71, Loss: 4.7336
2025-05-19 14:39:23,852 - transvg_coordinates_fixed_20250519_140429 - INFO - Val metrics: Acc@0.25: 0.2940 | Acc@0.5: 0.1102 | Acc@0.75: 0.0138 | mIoU: 0.1735 | medianIoU: 0.0717 | mae_x1: 105.8309 | mae_y1: 103.4890 | mae_x2: 106.2886 | mae_y2: 102.2197 | center_x_error: 91.6710 | center_y_error: 87.9917 | width_error: 2.1158 | height_error: 1.9768 | loss: 4.7336
2025-05-19 14:39:24,477 - transvg_coordinates_fixed_20250519_140429 - INFO - Saved model checkpoint to /home/pokle/Trans-VG/visual_grounding/checkpoints/transvg_coordinates_fixed_20250519_140429_epoch71.pth
2025-05-19 14:39:24,477 - transvg_coordinates_fixed_20250519_140429 - INFO - Epoch 72/200
2025-05-19 14:39:25,578 - transvg_coordinates_fixed_20250519_140429 - INFO - Epoch 72, Batch 0/848, Loss: 3.3204
2025-05-19 14:39:25,578 - transvg_coordinates_fixed_20250519_140429 - INFO - Train metrics: l1_loss: 0.3315 | giou_loss: 0.8314 | total_loss: 3.3204
2025-05-19 14:39:43,758 - transvg_coordinates_fixed_20250519_140429 - INFO - Epoch 72, Batch 50/848, Loss: 3.9703
2025-05-19 14:39:43,758 - transvg_coordinates_fixed_20250519_140429 - INFO - Train metrics: l1_loss: 0.3993 | giou_loss: 0.9869 | total_loss: 3.9703
2025-05-19 14:40:01,987 - transvg_coordinates_fixed_20250519_140429 - INFO - Epoch 72, Batch 100/848, Loss: 3.7977
2025-05-19 14:40:01,987 - transvg_coordinates_fixed_20250519_140429 - INFO - Train metrics: l1_loss: 0.3959 | giou_loss: 0.9090 | total_loss: 3.7977
2025-05-19 14:40:20,172 - transvg_coordinates_fixed_20250519_140429 - INFO - Epoch 72, Batch 150/848, Loss: 3.1216
2025-05-19 14:40:20,172 - transvg_coordinates_fixed_20250519_140429 - INFO - Train metrics: l1_loss: 0.3045 | giou_loss: 0.7996 | total_loss: 3.1216
2025-05-19 14:40:38,440 - transvg_coordinates_fixed_20250519_140429 - INFO - Epoch 72, Batch 200/848, Loss: 3.7448
2025-05-19 14:40:38,440 - transvg_coordinates_fixed_20250519_140429 - INFO - Train metrics: l1_loss: 0.4154 | giou_loss: 0.8339 | total_loss: 3.7448
2025-05-19 14:40:56,717 - transvg_coordinates_fixed_20250519_140429 - INFO - Epoch 72, Batch 250/848, Loss: 3.7996
2025-05-19 14:40:56,717 - transvg_coordinates_fixed_20250519_140429 - INFO - Train metrics: l1_loss: 0.3945 | giou_loss: 0.9135 | total_loss: 3.7996
2025-05-19 14:41:14,969 - transvg_coordinates_fixed_20250519_140429 - INFO - Epoch 72, Batch 300/848, Loss: 3.1931
2025-05-19 14:41:14,969 - transvg_coordinates_fixed_20250519_140429 - INFO - Train metrics: l1_loss: 0.3036 | giou_loss: 0.8377 | total_loss: 3.1931
2025-05-19 14:41:33,313 - transvg_coordinates_fixed_20250519_140429 - INFO - Epoch 72, Batch 350/848, Loss: 3.8833
2025-05-19 14:41:33,313 - transvg_coordinates_fixed_20250519_140429 - INFO - Train metrics: l1_loss: 0.4065 | giou_loss: 0.9255 | total_loss: 3.8833
2025-05-19 14:41:51,613 - transvg_coordinates_fixed_20250519_140429 - INFO - Epoch 72, Batch 400/848, Loss: 3.8839
2025-05-19 14:41:51,613 - transvg_coordinates_fixed_20250519_140429 - INFO - Train metrics: l1_loss: 0.4240 | giou_loss: 0.8818 | total_loss: 3.8839
2025-05-19 14:42:09,884 - transvg_coordinates_fixed_20250519_140429 - INFO - Epoch 72, Batch 450/848, Loss: 3.2807
2025-05-19 14:42:09,884 - transvg_coordinates_fixed_20250519_140429 - INFO - Train metrics: l1_loss: 0.3581 | giou_loss: 0.7451 | total_loss: 3.2807
2025-05-19 14:42:28,329 - transvg_coordinates_fixed_20250519_140429 - INFO - Epoch 72, Batch 500/848, Loss: 2.9060
2025-05-19 14:42:28,329 - transvg_coordinates_fixed_20250519_140429 - INFO - Train metrics: l1_loss: 0.2883 | giou_loss: 0.7323 | total_loss: 2.9060
2025-05-19 14:42:46,603 - transvg_coordinates_fixed_20250519_140429 - INFO - Epoch 72, Batch 550/848, Loss: 4.2178
2025-05-19 14:42:46,604 - transvg_coordinates_fixed_20250519_140429 - INFO - Train metrics: l1_loss: 0.4575 | giou_loss: 0.9651 | total_loss: 4.2178
2025-05-19 14:43:04,909 - transvg_coordinates_fixed_20250519_140429 - INFO - Epoch 72, Batch 600/848, Loss: 3.2770
2025-05-19 14:43:04,909 - transvg_coordinates_fixed_20250519_140429 - INFO - Train metrics: l1_loss: 0.3140 | giou_loss: 0.8535 | total_loss: 3.2770
2025-05-19 14:43:23,191 - transvg_coordinates_fixed_20250519_140429 - INFO - Epoch 72, Batch 650/848, Loss: 3.7632
2025-05-19 14:43:23,192 - transvg_coordinates_fixed_20250519_140429 - INFO - Train metrics: l1_loss: 0.3960 | giou_loss: 0.8917 | total_loss: 3.7632
2025-05-19 14:43:41,489 - transvg_coordinates_fixed_20250519_140429 - INFO - Epoch 72, Batch 700/848, Loss: 3.5746
2025-05-19 14:43:41,489 - transvg_coordinates_fixed_20250519_140429 - INFO - Train metrics: l1_loss: 0.3587 | giou_loss: 0.8904 | total_loss: 3.5746
2025-05-19 14:43:59,789 - transvg_coordinates_fixed_20250519_140429 - INFO - Epoch 72, Batch 750/848, Loss: 3.3540
2025-05-19 14:43:59,789 - transvg_coordinates_fixed_20250519_140429 - INFO - Train metrics: l1_loss: 0.3168 | giou_loss: 0.8851 | total_loss: 3.3540
2025-05-19 14:44:18,107 - transvg_coordinates_fixed_20250519_140429 - INFO - Epoch 72, Batch 800/848, Loss: 3.5116
2025-05-19 14:44:18,107 - transvg_coordinates_fixed_20250519_140429 - INFO - Train metrics: l1_loss: 0.3780 | giou_loss: 0.8109 | total_loss: 3.5116
2025-05-19 14:44:35,415 - transvg_coordinates_fixed_20250519_140429 - INFO - Train Epoch 72, Loss: 3.6073
2025-05-19 14:44:52,301 - transvg_coordinates_fixed_20250519_140429 - INFO - Pred box sample: [94.79764556884766, 90.15035247802734, 315.7679138183594, 256.0935363769531]
2025-05-19 14:44:52,301 - transvg_coordinates_fixed_20250519_140429 - INFO - Target box sample: [207.0, 198.0, 287.0, 283.0]
2025-05-19 14:44:52,378 - transvg_coordinates_fixed_20250519_140429 - INFO - Validation Epoch 72, Loss: 4.6787
2025-05-19 14:44:52,378 - transvg_coordinates_fixed_20250519_140429 - INFO - Val metrics: Acc@0.25: 0.3049 | Acc@0.5: 0.1129 | Acc@0.75: 0.0138 | mIoU: 0.1776 | medianIoU: 0.0765 | mae_x1: 105.7523 | mae_y1: 103.3820 | mae_x2: 106.0307 | mae_y2: 100.5382 | center_x_error: 90.7577 | center_y_error: 86.2777 | width_error: 2.3240 | height_error: 2.0931 | loss: 4.6787
2025-05-19 14:44:53,012 - transvg_coordinates_fixed_20250519_140429 - INFO - Saved model checkpoint to /home/pokle/Trans-VG/visual_grounding/checkpoints/transvg_coordinates_fixed_20250519_140429_epoch72.pth
2025-05-19 14:44:53,013 - transvg_coordinates_fixed_20250519_140429 - INFO - Epoch 73/200
2025-05-19 14:44:54,130 - transvg_coordinates_fixed_20250519_140429 - INFO - Epoch 73, Batch 0/848, Loss: 4.1902
2025-05-19 14:44:54,130 - transvg_coordinates_fixed_20250519_140429 - INFO - Train metrics: l1_loss: 0.4683 | giou_loss: 0.9242 | total_loss: 4.1902
2025-05-19 14:45:12,187 - transvg_coordinates_fixed_20250519_140429 - INFO - Epoch 73, Batch 50/848, Loss: 3.5926
2025-05-19 14:45:12,188 - transvg_coordinates_fixed_20250519_140429 - INFO - Train metrics: l1_loss: 0.3470 | giou_loss: 0.9287 | total_loss: 3.5926
2025-05-19 14:45:30,273 - transvg_coordinates_fixed_20250519_140429 - INFO - Epoch 73, Batch 100/848, Loss: 3.1308
2025-05-19 14:45:30,273 - transvg_coordinates_fixed_20250519_140429 - INFO - Train metrics: l1_loss: 0.3303 | giou_loss: 0.7397 | total_loss: 3.1308
2025-05-19 14:45:48,402 - transvg_coordinates_fixed_20250519_140429 - INFO - Epoch 73, Batch 150/848, Loss: 3.1183
2025-05-19 14:45:48,402 - transvg_coordinates_fixed_20250519_140429 - INFO - Train metrics: l1_loss: 0.3141 | giou_loss: 0.7738 | total_loss: 3.1183
2025-05-19 14:46:06,577 - transvg_coordinates_fixed_20250519_140429 - INFO - Epoch 73, Batch 200/848, Loss: 3.6500
2025-05-19 14:46:06,578 - transvg_coordinates_fixed_20250519_140429 - INFO - Train metrics: l1_loss: 0.3666 | giou_loss: 0.9084 | total_loss: 3.6500
2025-05-19 14:46:24,795 - transvg_coordinates_fixed_20250519_140429 - INFO - Epoch 73, Batch 250/848, Loss: 3.5384
2025-05-19 14:46:24,795 - transvg_coordinates_fixed_20250519_140429 - INFO - Train metrics: l1_loss: 0.3528 | giou_loss: 0.8873 | total_loss: 3.5384
2025-05-19 14:46:43,019 - transvg_coordinates_fixed_20250519_140429 - INFO - Epoch 73, Batch 300/848, Loss: 3.4726
2025-05-19 14:46:43,019 - transvg_coordinates_fixed_20250519_140429 - INFO - Train metrics: l1_loss: 0.3556 | giou_loss: 0.8473 | total_loss: 3.4726
2025-05-19 14:47:01,211 - transvg_coordinates_fixed_20250519_140429 - INFO - Epoch 73, Batch 350/848, Loss: 3.2559
2025-05-19 14:47:01,211 - transvg_coordinates_fixed_20250519_140429 - INFO - Train metrics: l1_loss: 0.3203 | giou_loss: 0.8271 | total_loss: 3.2559
2025-05-19 14:47:19,371 - transvg_coordinates_fixed_20250519_140429 - INFO - Epoch 73, Batch 400/848, Loss: 3.1210
2025-05-19 14:47:19,371 - transvg_coordinates_fixed_20250519_140429 - INFO - Train metrics: l1_loss: 0.2908 | giou_loss: 0.8334 | total_loss: 3.1210
2025-05-19 14:47:37,582 - transvg_coordinates_fixed_20250519_140429 - INFO - Epoch 73, Batch 450/848, Loss: 3.4682
2025-05-19 14:47:37,582 - transvg_coordinates_fixed_20250519_140429 - INFO - Train metrics: l1_loss: 0.3685 | giou_loss: 0.8128 | total_loss: 3.4682
2025-05-19 14:47:55,897 - transvg_coordinates_fixed_20250519_140429 - INFO - Epoch 73, Batch 500/848, Loss: 3.6244
2025-05-19 14:47:55,897 - transvg_coordinates_fixed_20250519_140429 - INFO - Train metrics: l1_loss: 0.3827 | giou_loss: 0.8555 | total_loss: 3.6244
2025-05-19 14:48:14,109 - transvg_coordinates_fixed_20250519_140429 - INFO - Epoch 73, Batch 550/848, Loss: 3.5073
2025-05-19 14:48:14,109 - transvg_coordinates_fixed_20250519_140429 - INFO - Train metrics: l1_loss: 0.3399 | giou_loss: 0.9040 | total_loss: 3.5073
2025-05-19 14:48:32,401 - transvg_coordinates_fixed_20250519_140429 - INFO - Epoch 73, Batch 600/848, Loss: 3.6467
2025-05-19 14:48:32,401 - transvg_coordinates_fixed_20250519_140429 - INFO - Train metrics: l1_loss: 0.3482 | giou_loss: 0.9528 | total_loss: 3.6467
2025-05-19 14:48:50,623 - transvg_coordinates_fixed_20250519_140429 - INFO - Epoch 73, Batch 650/848, Loss: 3.4801
2025-05-19 14:48:50,623 - transvg_coordinates_fixed_20250519_140429 - INFO - Train metrics: l1_loss: 0.3625 | giou_loss: 0.8337 | total_loss: 3.4801
2025-05-19 14:49:08,841 - transvg_coordinates_fixed_20250519_140429 - INFO - Epoch 73, Batch 700/848, Loss: 3.9297
2025-05-19 14:49:08,841 - transvg_coordinates_fixed_20250519_140429 - INFO - Train metrics: l1_loss: 0.4137 | giou_loss: 0.9305 | total_loss: 3.9297
2025-05-19 14:49:27,072 - transvg_coordinates_fixed_20250519_140429 - INFO - Epoch 73, Batch 750/848, Loss: 3.8129
2025-05-19 14:49:27,072 - transvg_coordinates_fixed_20250519_140429 - INFO - Train metrics: l1_loss: 0.3845 | giou_loss: 0.9452 | total_loss: 3.8129
2025-05-19 14:49:45,330 - transvg_coordinates_fixed_20250519_140429 - INFO - Epoch 73, Batch 800/848, Loss: 4.6265
2025-05-19 14:49:45,330 - transvg_coordinates_fixed_20250519_140429 - INFO - Train metrics: l1_loss: 0.5154 | giou_loss: 1.0248 | total_loss: 4.6265
2025-05-19 14:50:02,497 - transvg_coordinates_fixed_20250519_140429 - INFO - Train Epoch 73, Loss: 3.6025
2025-05-19 14:50:19,276 - transvg_coordinates_fixed_20250519_140429 - INFO - Pred box sample: [66.4596939086914, 91.81438446044922, 287.1146545410156, 265.05169677734375]
2025-05-19 14:50:19,276 - transvg_coordinates_fixed_20250519_140429 - INFO - Target box sample: [207.0, 198.0, 287.0, 283.0]
2025-05-19 14:50:19,353 - transvg_coordinates_fixed_20250519_140429 - INFO - Validation Epoch 73, Loss: 4.7006
2025-05-19 14:50:19,353 - transvg_coordinates_fixed_20250519_140429 - INFO - Val metrics: Acc@0.25: 0.2991 | Acc@0.5: 0.1142 | Acc@0.75: 0.0138 | mIoU: 0.1753 | medianIoU: 0.0738 | mae_x1: 105.0088 | mae_y1: 103.4934 | mae_x2: 107.5408 | mae_y2: 102.5466 | center_x_error: 90.6715 | center_y_error: 88.3424 | width_error: 2.3681 | height_error: 2.0601 | loss: 4.7006
2025-05-19 14:50:19,984 - transvg_coordinates_fixed_20250519_140429 - INFO - Saved model checkpoint to /home/pokle/Trans-VG/visual_grounding/checkpoints/transvg_coordinates_fixed_20250519_140429_epoch73.pth
2025-05-19 14:50:19,984 - transvg_coordinates_fixed_20250519_140429 - INFO - Epoch 74/200
2025-05-19 14:50:21,044 - transvg_coordinates_fixed_20250519_140429 - INFO - Epoch 74, Batch 0/848, Loss: 3.5895
2025-05-19 14:50:21,044 - transvg_coordinates_fixed_20250519_140429 - INFO - Train metrics: l1_loss: 0.3562 | giou_loss: 0.9043 | total_loss: 3.5895
2025-05-19 14:50:39,197 - transvg_coordinates_fixed_20250519_140429 - INFO - Epoch 74, Batch 50/848, Loss: 3.1599
2025-05-19 14:50:39,198 - transvg_coordinates_fixed_20250519_140429 - INFO - Train metrics: l1_loss: 0.2964 | giou_loss: 0.8389 | total_loss: 3.1599
2025-05-19 14:50:57,326 - transvg_coordinates_fixed_20250519_140429 - INFO - Epoch 74, Batch 100/848, Loss: 3.0671
2025-05-19 14:50:57,326 - transvg_coordinates_fixed_20250519_140429 - INFO - Train metrics: l1_loss: 0.2936 | giou_loss: 0.7995 | total_loss: 3.0671
2025-05-19 14:51:15,527 - transvg_coordinates_fixed_20250519_140429 - INFO - Epoch 74, Batch 150/848, Loss: 3.7799
2025-05-19 14:51:15,527 - transvg_coordinates_fixed_20250519_140429 - INFO - Train metrics: l1_loss: 0.3916 | giou_loss: 0.9108 | total_loss: 3.7799
2025-05-19 14:51:33,719 - transvg_coordinates_fixed_20250519_140429 - INFO - Epoch 74, Batch 200/848, Loss: 4.0897
2025-05-19 14:51:33,719 - transvg_coordinates_fixed_20250519_140429 - INFO - Train metrics: l1_loss: 0.4503 | giou_loss: 0.9191 | total_loss: 4.0897
2025-05-19 14:51:51,840 - transvg_coordinates_fixed_20250519_140429 - INFO - Epoch 74, Batch 250/848, Loss: 2.8915
2025-05-19 14:51:51,840 - transvg_coordinates_fixed_20250519_140429 - INFO - Train metrics: l1_loss: 0.2516 | giou_loss: 0.8167 | total_loss: 2.8915
2025-05-19 14:52:09,980 - transvg_coordinates_fixed_20250519_140429 - INFO - Epoch 74, Batch 300/848, Loss: 3.6082
2025-05-19 14:52:09,980 - transvg_coordinates_fixed_20250519_140429 - INFO - Train metrics: l1_loss: 0.3800 | giou_loss: 0.8541 | total_loss: 3.6082
2025-05-19 14:52:28,067 - transvg_coordinates_fixed_20250519_140429 - INFO - Epoch 74, Batch 350/848, Loss: 3.6744
2025-05-19 14:52:28,067 - transvg_coordinates_fixed_20250519_140429 - INFO - Train metrics: l1_loss: 0.3675 | giou_loss: 0.9184 | total_loss: 3.6744
2025-05-19 14:52:46,124 - transvg_coordinates_fixed_20250519_140429 - INFO - Epoch 74, Batch 400/848, Loss: 3.3778
2025-05-19 14:52:46,125 - transvg_coordinates_fixed_20250519_140429 - INFO - Train metrics: l1_loss: 0.3396 | giou_loss: 0.8398 | total_loss: 3.3778
2025-05-19 14:53:04,179 - transvg_coordinates_fixed_20250519_140429 - INFO - Epoch 74, Batch 450/848, Loss: 3.3220
2025-05-19 14:53:04,179 - transvg_coordinates_fixed_20250519_140429 - INFO - Train metrics: l1_loss: 0.3314 | giou_loss: 0.8326 | total_loss: 3.3220
2025-05-19 14:53:22,201 - transvg_coordinates_fixed_20250519_140429 - INFO - Epoch 74, Batch 500/848, Loss: 4.0022
2025-05-19 14:53:22,202 - transvg_coordinates_fixed_20250519_140429 - INFO - Train metrics: l1_loss: 0.4197 | giou_loss: 0.9518 | total_loss: 4.0022
2025-05-19 14:53:40,289 - transvg_coordinates_fixed_20250519_140429 - INFO - Epoch 74, Batch 550/848, Loss: 3.6655
2025-05-19 14:53:40,289 - transvg_coordinates_fixed_20250519_140429 - INFO - Train metrics: l1_loss: 0.3945 | giou_loss: 0.8465 | total_loss: 3.6655
2025-05-19 14:53:58,358 - transvg_coordinates_fixed_20250519_140429 - INFO - Epoch 74, Batch 600/848, Loss: 3.5495
2025-05-19 14:53:58,358 - transvg_coordinates_fixed_20250519_140429 - INFO - Train metrics: l1_loss: 0.3645 | giou_loss: 0.8635 | total_loss: 3.5495
2025-05-19 14:54:16,402 - transvg_coordinates_fixed_20250519_140429 - INFO - Epoch 74, Batch 650/848, Loss: 3.4504
2025-05-19 14:54:16,402 - transvg_coordinates_fixed_20250519_140429 - INFO - Train metrics: l1_loss: 0.3501 | giou_loss: 0.8500 | total_loss: 3.4504
2025-05-19 14:54:34,526 - transvg_coordinates_fixed_20250519_140429 - INFO - Epoch 74, Batch 700/848, Loss: 3.6300
2025-05-19 14:54:34,526 - transvg_coordinates_fixed_20250519_140429 - INFO - Train metrics: l1_loss: 0.3621 | giou_loss: 0.9096 | total_loss: 3.6300
2025-05-19 14:54:52,576 - transvg_coordinates_fixed_20250519_140429 - INFO - Epoch 74, Batch 750/848, Loss: 3.3347
2025-05-19 14:54:52,576 - transvg_coordinates_fixed_20250519_140429 - INFO - Train metrics: l1_loss: 0.3285 | giou_loss: 0.8461 | total_loss: 3.3347
2025-05-19 14:55:10,623 - transvg_coordinates_fixed_20250519_140429 - INFO - Epoch 74, Batch 800/848, Loss: 3.9226
2025-05-19 14:55:10,623 - transvg_coordinates_fixed_20250519_140429 - INFO - Train metrics: l1_loss: 0.4048 | giou_loss: 0.9494 | total_loss: 3.9226
2025-05-19 14:55:27,644 - transvg_coordinates_fixed_20250519_140429 - INFO - Train Epoch 74, Loss: 3.6040
2025-05-19 14:55:44,058 - transvg_coordinates_fixed_20250519_140429 - INFO - Pred box sample: [65.90312194824219, 101.86183166503906, 258.87872314453125, 277.86346435546875]
2025-05-19 14:55:44,059 - transvg_coordinates_fixed_20250519_140429 - INFO - Target box sample: [207.0, 198.0, 287.0, 283.0]
2025-05-19 14:55:44,140 - transvg_coordinates_fixed_20250519_140429 - INFO - Validation Epoch 74, Loss: 4.7403
2025-05-19 14:55:44,141 - transvg_coordinates_fixed_20250519_140429 - INFO - Val metrics: Acc@0.25: 0.2959 | Acc@0.5: 0.1076 | Acc@0.75: 0.0135 | mIoU: 0.1736 | medianIoU: 0.0718 | mae_x1: 107.0899 | mae_y1: 104.4141 | mae_x2: 107.0031 | mae_y2: 102.6705 | center_x_error: 92.3166 | center_y_error: 88.5152 | width_error: 2.2179 | height_error: 2.0509 | loss: 4.7403
2025-05-19 14:55:44,778 - transvg_coordinates_fixed_20250519_140429 - INFO - Saved model checkpoint to /home/pokle/Trans-VG/visual_grounding/checkpoints/transvg_coordinates_fixed_20250519_140429_epoch74.pth
2025-05-19 14:55:44,779 - transvg_coordinates_fixed_20250519_140429 - INFO - Epoch 75/200
2025-05-19 14:55:45,924 - transvg_coordinates_fixed_20250519_140429 - INFO - Epoch 75, Batch 0/848, Loss: 3.1414
2025-05-19 14:55:45,924 - transvg_coordinates_fixed_20250519_140429 - INFO - Train metrics: l1_loss: 0.2992 | giou_loss: 0.8226 | total_loss: 3.1414
2025-05-19 14:56:03,830 - transvg_coordinates_fixed_20250519_140429 - INFO - Epoch 75, Batch 50/848, Loss: 3.3464
2025-05-19 14:56:03,830 - transvg_coordinates_fixed_20250519_140429 - INFO - Train metrics: l1_loss: 0.3416 | giou_loss: 0.8192 | total_loss: 3.3464
2025-05-19 14:56:21,795 - transvg_coordinates_fixed_20250519_140429 - INFO - Epoch 75, Batch 100/848, Loss: 3.8258
2025-05-19 14:56:21,795 - transvg_coordinates_fixed_20250519_140429 - INFO - Train metrics: l1_loss: 0.4118 | giou_loss: 0.8833 | total_loss: 3.8258
2025-05-19 14:56:39,731 - transvg_coordinates_fixed_20250519_140429 - INFO - Epoch 75, Batch 150/848, Loss: 3.1491
2025-05-19 14:56:39,731 - transvg_coordinates_fixed_20250519_140429 - INFO - Train metrics: l1_loss: 0.3191 | giou_loss: 0.7768 | total_loss: 3.1491
2025-05-19 14:56:57,854 - transvg_coordinates_fixed_20250519_140429 - INFO - Epoch 75, Batch 200/848, Loss: 3.9818
2025-05-19 14:56:57,854 - transvg_coordinates_fixed_20250519_140429 - INFO - Train metrics: l1_loss: 0.3984 | giou_loss: 0.9948 | total_loss: 3.9818
2025-05-19 14:57:15,970 - transvg_coordinates_fixed_20250519_140429 - INFO - Epoch 75, Batch 250/848, Loss: 3.5905
2025-05-19 14:57:15,970 - transvg_coordinates_fixed_20250519_140429 - INFO - Train metrics: l1_loss: 0.3319 | giou_loss: 0.9654 | total_loss: 3.5905
2025-05-19 14:57:34,083 - transvg_coordinates_fixed_20250519_140429 - INFO - Epoch 75, Batch 300/848, Loss: 3.5375
2025-05-19 14:57:34,084 - transvg_coordinates_fixed_20250519_140429 - INFO - Train metrics: l1_loss: 0.3559 | giou_loss: 0.8791 | total_loss: 3.5375
2025-05-19 14:57:52,207 - transvg_coordinates_fixed_20250519_140429 - INFO - Epoch 75, Batch 350/848, Loss: 3.0557
2025-05-19 14:57:52,207 - transvg_coordinates_fixed_20250519_140429 - INFO - Train metrics: l1_loss: 0.3029 | giou_loss: 0.7706 | total_loss: 3.0557
2025-05-19 14:58:10,480 - transvg_coordinates_fixed_20250519_140429 - INFO - Epoch 75, Batch 400/848, Loss: 3.6561
2025-05-19 14:58:10,480 - transvg_coordinates_fixed_20250519_140429 - INFO - Train metrics: l1_loss: 0.3758 | giou_loss: 0.8886 | total_loss: 3.6561
2025-05-19 14:58:28,617 - transvg_coordinates_fixed_20250519_140429 - INFO - Epoch 75, Batch 450/848, Loss: 3.2997
2025-05-19 14:58:28,617 - transvg_coordinates_fixed_20250519_140429 - INFO - Train metrics: l1_loss: 0.3272 | giou_loss: 0.8319 | total_loss: 3.2997
2025-05-19 14:58:46,758 - transvg_coordinates_fixed_20250519_140429 - INFO - Epoch 75, Batch 500/848, Loss: 4.0937
2025-05-19 14:58:46,758 - transvg_coordinates_fixed_20250519_140429 - INFO - Train metrics: l1_loss: 0.4328 | giou_loss: 0.9648 | total_loss: 4.0937
2025-05-19 14:59:04,857 - transvg_coordinates_fixed_20250519_140429 - INFO - Epoch 75, Batch 550/848, Loss: 2.9215
2025-05-19 14:59:04,857 - transvg_coordinates_fixed_20250519_140429 - INFO - Train metrics: l1_loss: 0.2860 | giou_loss: 0.7456 | total_loss: 2.9215
2025-05-19 14:59:22,967 - transvg_coordinates_fixed_20250519_140429 - INFO - Epoch 75, Batch 600/848, Loss: 3.6991
2025-05-19 14:59:22,967 - transvg_coordinates_fixed_20250519_140429 - INFO - Train metrics: l1_loss: 0.4002 | giou_loss: 0.8491 | total_loss: 3.6991
2025-05-19 14:59:41,091 - transvg_coordinates_fixed_20250519_140429 - INFO - Epoch 75, Batch 650/848, Loss: 3.9553
2025-05-19 14:59:41,091 - transvg_coordinates_fixed_20250519_140429 - INFO - Train metrics: l1_loss: 0.4157 | giou_loss: 0.9385 | total_loss: 3.9553
2025-05-19 14:59:59,190 - transvg_coordinates_fixed_20250519_140429 - INFO - Epoch 75, Batch 700/848, Loss: 3.7826
2025-05-19 14:59:59,190 - transvg_coordinates_fixed_20250519_140429 - INFO - Train metrics: l1_loss: 0.3835 | giou_loss: 0.9324 | total_loss: 3.7826
2025-05-19 15:00:17,272 - transvg_coordinates_fixed_20250519_140429 - INFO - Epoch 75, Batch 750/848, Loss: 3.7691
2025-05-19 15:00:17,272 - transvg_coordinates_fixed_20250519_140429 - INFO - Train metrics: l1_loss: 0.3999 | giou_loss: 0.8847 | total_loss: 3.7691
2025-05-19 15:00:35,369 - transvg_coordinates_fixed_20250519_140429 - INFO - Epoch 75, Batch 800/848, Loss: 3.7967
2025-05-19 15:00:35,369 - transvg_coordinates_fixed_20250519_140429 - INFO - Train metrics: l1_loss: 0.4022 | giou_loss: 0.8928 | total_loss: 3.7967
2025-05-19 15:00:52,398 - transvg_coordinates_fixed_20250519_140429 - INFO - Train Epoch 75, Loss: 3.6013
2025-05-19 15:01:08,619 - transvg_coordinates_fixed_20250519_140429 - INFO - Pred box sample: [58.90388488769531, 111.63331604003906, 221.66412353515625, 282.6825866699219]
2025-05-19 15:01:08,619 - transvg_coordinates_fixed_20250519_140429 - INFO - Target box sample: [207.0, 198.0, 287.0, 283.0]
2025-05-19 15:01:08,690 - transvg_coordinates_fixed_20250519_140429 - INFO - Validation Epoch 75, Loss: 4.7398
2025-05-19 15:01:08,690 - transvg_coordinates_fixed_20250519_140429 - INFO - Val metrics: Acc@0.25: 0.2991 | Acc@0.5: 0.1092 | Acc@0.75: 0.0125 | mIoU: 0.1728 | medianIoU: 0.0727 | mae_x1: 107.7160 | mae_y1: 101.9836 | mae_x2: 106.6096 | mae_y2: 104.6641 | center_x_error: 93.2333 | center_y_error: 87.6704 | width_error: 2.1555 | height_error: 2.1454 | loss: 4.7398
2025-05-19 15:01:09,314 - transvg_coordinates_fixed_20250519_140429 - INFO - Saved model checkpoint to /home/pokle/Trans-VG/visual_grounding/checkpoints/transvg_coordinates_fixed_20250519_140429_epoch75.pth
2025-05-19 15:01:09,315 - transvg_coordinates_fixed_20250519_140429 - INFO - Epoch 76/200
2025-05-19 15:01:10,402 - transvg_coordinates_fixed_20250519_140429 - INFO - Epoch 76, Batch 0/848, Loss: 3.2973
2025-05-19 15:01:10,402 - transvg_coordinates_fixed_20250519_140429 - INFO - Train metrics: l1_loss: 0.3226 | giou_loss: 0.8421 | total_loss: 3.2973
2025-05-19 15:01:28,422 - transvg_coordinates_fixed_20250519_140429 - INFO - Epoch 76, Batch 50/848, Loss: 3.4731
2025-05-19 15:01:28,422 - transvg_coordinates_fixed_20250519_140429 - INFO - Train metrics: l1_loss: 0.3290 | giou_loss: 0.9141 | total_loss: 3.4731
2025-05-19 15:01:46,507 - transvg_coordinates_fixed_20250519_140429 - INFO - Epoch 76, Batch 100/848, Loss: 3.5840
2025-05-19 15:01:46,507 - transvg_coordinates_fixed_20250519_140429 - INFO - Train metrics: l1_loss: 0.3774 | giou_loss: 0.8486 | total_loss: 3.5840
2025-05-19 15:02:04,653 - transvg_coordinates_fixed_20250519_140429 - INFO - Epoch 76, Batch 150/848, Loss: 3.6420
2025-05-19 15:02:04,653 - transvg_coordinates_fixed_20250519_140429 - INFO - Train metrics: l1_loss: 0.3853 | giou_loss: 0.8578 | total_loss: 3.6420
2025-05-19 15:02:22,834 - transvg_coordinates_fixed_20250519_140429 - INFO - Epoch 76, Batch 200/848, Loss: 3.0571
2025-05-19 15:02:22,834 - transvg_coordinates_fixed_20250519_140429 - INFO - Train metrics: l1_loss: 0.3044 | giou_loss: 0.7677 | total_loss: 3.0571
2025-05-19 15:02:41,017 - transvg_coordinates_fixed_20250519_140429 - INFO - Epoch 76, Batch 250/848, Loss: 3.7583
2025-05-19 15:02:41,017 - transvg_coordinates_fixed_20250519_140429 - INFO - Train metrics: l1_loss: 0.3946 | giou_loss: 0.8925 | total_loss: 3.7583
2025-05-19 15:02:59,175 - transvg_coordinates_fixed_20250519_140429 - INFO - Epoch 76, Batch 300/848, Loss: 4.0208
2025-05-19 15:02:59,175 - transvg_coordinates_fixed_20250519_140429 - INFO - Train metrics: l1_loss: 0.4443 | giou_loss: 0.8998 | total_loss: 4.0208
2025-05-19 15:03:17,326 - transvg_coordinates_fixed_20250519_140429 - INFO - Epoch 76, Batch 350/848, Loss: 3.6097
2025-05-19 15:03:17,326 - transvg_coordinates_fixed_20250519_140429 - INFO - Train metrics: l1_loss: 0.3513 | giou_loss: 0.9266 | total_loss: 3.6097
2025-05-19 15:03:35,523 - transvg_coordinates_fixed_20250519_140429 - INFO - Epoch 76, Batch 400/848, Loss: 3.0784
2025-05-19 15:03:35,523 - transvg_coordinates_fixed_20250519_140429 - INFO - Train metrics: l1_loss: 0.2944 | giou_loss: 0.8032 | total_loss: 3.0784
2025-05-19 15:03:53,700 - transvg_coordinates_fixed_20250519_140429 - INFO - Epoch 76, Batch 450/848, Loss: 3.3818
2025-05-19 15:03:53,700 - transvg_coordinates_fixed_20250519_140429 - INFO - Train metrics: l1_loss: 0.3459 | giou_loss: 0.8261 | total_loss: 3.3818
2025-05-19 15:04:11,871 - transvg_coordinates_fixed_20250519_140429 - INFO - Epoch 76, Batch 500/848, Loss: 3.8078
2025-05-19 15:04:11,871 - transvg_coordinates_fixed_20250519_140429 - INFO - Train metrics: l1_loss: 0.3628 | giou_loss: 0.9969 | total_loss: 3.8078
2025-05-19 15:04:30,052 - transvg_coordinates_fixed_20250519_140429 - INFO - Epoch 76, Batch 550/848, Loss: 3.3736
2025-05-19 15:04:30,052 - transvg_coordinates_fixed_20250519_140429 - INFO - Train metrics: l1_loss: 0.3353 | giou_loss: 0.8487 | total_loss: 3.3736
2025-05-19 15:04:48,246 - transvg_coordinates_fixed_20250519_140429 - INFO - Epoch 76, Batch 600/848, Loss: 4.2630
2025-05-19 15:04:48,246 - transvg_coordinates_fixed_20250519_140429 - INFO - Train metrics: l1_loss: 0.4703 | giou_loss: 0.9557 | total_loss: 4.2630
2025-05-19 15:05:06,427 - transvg_coordinates_fixed_20250519_140429 - INFO - Epoch 76, Batch 650/848, Loss: 3.9479
2025-05-19 15:05:06,427 - transvg_coordinates_fixed_20250519_140429 - INFO - Train metrics: l1_loss: 0.4193 | giou_loss: 0.9258 | total_loss: 3.9479
2025-05-19 15:05:24,602 - transvg_coordinates_fixed_20250519_140429 - INFO - Epoch 76, Batch 700/848, Loss: 4.0518
2025-05-19 15:05:24,602 - transvg_coordinates_fixed_20250519_140429 - INFO - Train metrics: l1_loss: 0.4432 | giou_loss: 0.9179 | total_loss: 4.0518
2025-05-19 15:05:42,805 - transvg_coordinates_fixed_20250519_140429 - INFO - Epoch 76, Batch 750/848, Loss: 3.1028
2025-05-19 15:05:42,805 - transvg_coordinates_fixed_20250519_140429 - INFO - Train metrics: l1_loss: 0.2959 | giou_loss: 0.8115 | total_loss: 3.1028
2025-05-19 15:06:01,135 - transvg_coordinates_fixed_20250519_140429 - INFO - Epoch 76, Batch 800/848, Loss: 4.2461
2025-05-19 15:06:01,135 - transvg_coordinates_fixed_20250519_140429 - INFO - Train metrics: l1_loss: 0.4393 | giou_loss: 1.0249 | total_loss: 4.2461
2025-05-19 15:06:18,302 - transvg_coordinates_fixed_20250519_140429 - INFO - Train Epoch 76, Loss: 3.5942
2025-05-19 15:06:34,816 - transvg_coordinates_fixed_20250519_140429 - INFO - Pred box sample: [66.95222473144531, 63.43790817260742, 235.13148498535156, 259.0760192871094]
2025-05-19 15:06:34,817 - transvg_coordinates_fixed_20250519_140429 - INFO - Target box sample: [207.0, 198.0, 287.0, 283.0]
2025-05-19 15:06:34,897 - transvg_coordinates_fixed_20250519_140429 - INFO - Validation Epoch 76, Loss: 4.7589
2025-05-19 15:06:34,898 - transvg_coordinates_fixed_20250519_140429 - INFO - Val metrics: Acc@0.25: 0.2961 | Acc@0.5: 0.1108 | Acc@0.75: 0.0151 | mIoU: 0.1733 | medianIoU: 0.0691 | mae_x1: 108.7670 | mae_y1: 106.6414 | mae_x2: 106.6399 | mae_y2: 101.7031 | center_x_error: 93.4483 | center_y_error: 89.1409 | width_error: 2.2248 | height_error: 2.1114 | loss: 4.7589
2025-05-19 15:06:35,520 - transvg_coordinates_fixed_20250519_140429 - INFO - Saved model checkpoint to /home/pokle/Trans-VG/visual_grounding/checkpoints/transvg_coordinates_fixed_20250519_140429_epoch76.pth
2025-05-19 15:06:35,521 - transvg_coordinates_fixed_20250519_140429 - INFO - Epoch 77/200
2025-05-19 15:06:36,633 - transvg_coordinates_fixed_20250519_140429 - INFO - Epoch 77, Batch 0/848, Loss: 3.4588
2025-05-19 15:06:36,633 - transvg_coordinates_fixed_20250519_140429 - INFO - Train metrics: l1_loss: 0.3378 | giou_loss: 0.8849 | total_loss: 3.4588
2025-05-19 15:06:54,824 - transvg_coordinates_fixed_20250519_140429 - INFO - Epoch 77, Batch 50/848, Loss: 3.8267
2025-05-19 15:06:54,825 - transvg_coordinates_fixed_20250519_140429 - INFO - Train metrics: l1_loss: 0.3911 | giou_loss: 0.9356 | total_loss: 3.8267
2025-05-19 15:07:13,131 - transvg_coordinates_fixed_20250519_140429 - INFO - Epoch 77, Batch 100/848, Loss: 3.8427
2025-05-19 15:07:13,131 - transvg_coordinates_fixed_20250519_140429 - INFO - Train metrics: l1_loss: 0.3871 | giou_loss: 0.9536 | total_loss: 3.8427
2025-05-19 15:07:31,436 - transvg_coordinates_fixed_20250519_140429 - INFO - Epoch 77, Batch 150/848, Loss: 3.4657
2025-05-19 15:07:31,437 - transvg_coordinates_fixed_20250519_140429 - INFO - Train metrics: l1_loss: 0.3628 | giou_loss: 0.8259 | total_loss: 3.4657
2025-05-19 15:07:49,793 - transvg_coordinates_fixed_20250519_140429 - INFO - Epoch 77, Batch 200/848, Loss: 3.9664
2025-05-19 15:07:49,793 - transvg_coordinates_fixed_20250519_140429 - INFO - Train metrics: l1_loss: 0.4204 | giou_loss: 0.9321 | total_loss: 3.9664
2025-05-19 15:08:08,145 - transvg_coordinates_fixed_20250519_140429 - INFO - Epoch 77, Batch 250/848, Loss: 3.4898
2025-05-19 15:08:08,145 - transvg_coordinates_fixed_20250519_140429 - INFO - Train metrics: l1_loss: 0.3307 | giou_loss: 0.9182 | total_loss: 3.4898
2025-05-19 15:08:26,465 - transvg_coordinates_fixed_20250519_140429 - INFO - Epoch 77, Batch 300/848, Loss: 3.3946
2025-05-19 15:08:26,465 - transvg_coordinates_fixed_20250519_140429 - INFO - Train metrics: l1_loss: 0.3149 | giou_loss: 0.9101 | total_loss: 3.3946
2025-05-19 15:08:44,792 - transvg_coordinates_fixed_20250519_140429 - INFO - Epoch 77, Batch 350/848, Loss: 3.4846
2025-05-19 15:08:44,792 - transvg_coordinates_fixed_20250519_140429 - INFO - Train metrics: l1_loss: 0.3615 | giou_loss: 0.8385 | total_loss: 3.4846
2025-05-19 15:09:03,141 - transvg_coordinates_fixed_20250519_140429 - INFO - Epoch 77, Batch 400/848, Loss: 3.6317
2025-05-19 15:09:03,141 - transvg_coordinates_fixed_20250519_140429 - INFO - Train metrics: l1_loss: 0.3593 | giou_loss: 0.9177 | total_loss: 3.6317
2025-05-19 15:09:21,525 - transvg_coordinates_fixed_20250519_140429 - INFO - Epoch 77, Batch 450/848, Loss: 4.3622
2025-05-19 15:09:21,526 - transvg_coordinates_fixed_20250519_140429 - INFO - Train metrics: l1_loss: 0.4596 | giou_loss: 1.0321 | total_loss: 4.3622
2025-05-19 15:09:39,776 - transvg_coordinates_fixed_20250519_140429 - INFO - Epoch 77, Batch 500/848, Loss: 4.0546
2025-05-19 15:09:39,776 - transvg_coordinates_fixed_20250519_140429 - INFO - Train metrics: l1_loss: 0.4388 | giou_loss: 0.9303 | total_loss: 4.0546
2025-05-19 15:09:58,143 - transvg_coordinates_fixed_20250519_140429 - INFO - Epoch 77, Batch 550/848, Loss: 3.9157
2025-05-19 15:09:58,143 - transvg_coordinates_fixed_20250519_140429 - INFO - Train metrics: l1_loss: 0.4006 | giou_loss: 0.9564 | total_loss: 3.9157
2025-05-19 15:10:16,424 - transvg_coordinates_fixed_20250519_140429 - INFO - Epoch 77, Batch 600/848, Loss: 3.5833
2025-05-19 15:10:16,424 - transvg_coordinates_fixed_20250519_140429 - INFO - Train metrics: l1_loss: 0.3648 | giou_loss: 0.8798 | total_loss: 3.5833
2025-05-19 15:10:34,775 - transvg_coordinates_fixed_20250519_140429 - INFO - Epoch 77, Batch 650/848, Loss: 3.9604
2025-05-19 15:10:34,775 - transvg_coordinates_fixed_20250519_140429 - INFO - Train metrics: l1_loss: 0.4273 | giou_loss: 0.9119 | total_loss: 3.9604
2025-05-19 15:10:53,123 - transvg_coordinates_fixed_20250519_140429 - INFO - Epoch 77, Batch 700/848, Loss: 3.4782
2025-05-19 15:10:53,123 - transvg_coordinates_fixed_20250519_140429 - INFO - Train metrics: l1_loss: 0.3352 | giou_loss: 0.9010 | total_loss: 3.4782
2025-05-19 15:11:11,441 - transvg_coordinates_fixed_20250519_140429 - INFO - Epoch 77, Batch 750/848, Loss: 3.4558
2025-05-19 15:11:11,441 - transvg_coordinates_fixed_20250519_140429 - INFO - Train metrics: l1_loss: 0.3365 | giou_loss: 0.8867 | total_loss: 3.4558
2025-05-19 15:11:29,751 - transvg_coordinates_fixed_20250519_140429 - INFO - Epoch 77, Batch 800/848, Loss: 3.7977
2025-05-19 15:11:29,751 - transvg_coordinates_fixed_20250519_140429 - INFO - Train metrics: l1_loss: 0.3839 | giou_loss: 0.9391 | total_loss: 3.7977
2025-05-19 15:11:46,948 - transvg_coordinates_fixed_20250519_140429 - INFO - Train Epoch 77, Loss: 3.6004
2025-05-19 15:12:03,215 - transvg_coordinates_fixed_20250519_140429 - INFO - Pred box sample: [87.51528930664062, 107.9975814819336, 241.08309936523438, 270.9971923828125]
2025-05-19 15:12:03,216 - transvg_coordinates_fixed_20250519_140429 - INFO - Target box sample: [207.0, 198.0, 287.0, 283.0]
2025-05-19 15:12:03,297 - transvg_coordinates_fixed_20250519_140429 - INFO - Validation Epoch 77, Loss: 4.7137
2025-05-19 15:12:03,297 - transvg_coordinates_fixed_20250519_140429 - INFO - Val metrics: Acc@0.25: 0.2999 | Acc@0.5: 0.1163 | Acc@0.75: 0.0146 | mIoU: 0.1764 | medianIoU: 0.0759 | mae_x1: 106.8352 | mae_y1: 102.7504 | mae_x2: 106.3434 | mae_y2: 102.1556 | center_x_error: 92.3783 | center_y_error: 87.1808 | width_error: 2.1488 | height_error: 2.0913 | loss: 4.7137
2025-05-19 15:12:03,911 - transvg_coordinates_fixed_20250519_140429 - INFO - Saved model checkpoint to /home/pokle/Trans-VG/visual_grounding/checkpoints/transvg_coordinates_fixed_20250519_140429_epoch77.pth
2025-05-19 15:12:03,912 - transvg_coordinates_fixed_20250519_140429 - INFO - New best model! Acc@0.5: 0.1163
2025-05-19 15:12:03,912 - transvg_coordinates_fixed_20250519_140429 - INFO - Epoch 78/200
2025-05-19 15:12:05,087 - transvg_coordinates_fixed_20250519_140429 - INFO - Epoch 78, Batch 0/848, Loss: 3.6552
2025-05-19 15:12:05,087 - transvg_coordinates_fixed_20250519_140429 - INFO - Train metrics: l1_loss: 0.3911 | giou_loss: 0.8499 | total_loss: 3.6552
2025-05-19 15:12:22,994 - transvg_coordinates_fixed_20250519_140429 - INFO - Epoch 78, Batch 50/848, Loss: 3.1082
2025-05-19 15:12:22,995 - transvg_coordinates_fixed_20250519_140429 - INFO - Train metrics: l1_loss: 0.3068 | giou_loss: 0.7870 | total_loss: 3.1082
2025-05-19 15:12:41,069 - transvg_coordinates_fixed_20250519_140429 - INFO - Epoch 78, Batch 100/848, Loss: 3.3527
2025-05-19 15:12:41,069 - transvg_coordinates_fixed_20250519_140429 - INFO - Train metrics: l1_loss: 0.3497 | giou_loss: 0.8020 | total_loss: 3.3527
2025-05-19 15:12:59,179 - transvg_coordinates_fixed_20250519_140429 - INFO - Epoch 78, Batch 150/848, Loss: 4.2530
2025-05-19 15:12:59,179 - transvg_coordinates_fixed_20250519_140429 - INFO - Train metrics: l1_loss: 0.4856 | giou_loss: 0.9126 | total_loss: 4.2530
2025-05-19 15:13:17,289 - transvg_coordinates_fixed_20250519_140429 - INFO - Epoch 78, Batch 200/848, Loss: 3.2807
2025-05-19 15:13:17,289 - transvg_coordinates_fixed_20250519_140429 - INFO - Train metrics: l1_loss: 0.3373 | giou_loss: 0.7972 | total_loss: 3.2807
2025-05-19 15:13:35,406 - transvg_coordinates_fixed_20250519_140429 - INFO - Epoch 78, Batch 250/848, Loss: 3.4715
2025-05-19 15:13:35,406 - transvg_coordinates_fixed_20250519_140429 - INFO - Train metrics: l1_loss: 0.3603 | giou_loss: 0.8351 | total_loss: 3.4715
2025-05-19 15:13:53,534 - transvg_coordinates_fixed_20250519_140429 - INFO - Epoch 78, Batch 300/848, Loss: 3.5005
2025-05-19 15:13:53,535 - transvg_coordinates_fixed_20250519_140429 - INFO - Train metrics: l1_loss: 0.3639 | giou_loss: 0.8405 | total_loss: 3.5005
2025-05-19 15:14:11,848 - transvg_coordinates_fixed_20250519_140429 - INFO - Epoch 78, Batch 350/848, Loss: 3.5005
2025-05-19 15:14:11,848 - transvg_coordinates_fixed_20250519_140429 - INFO - Train metrics: l1_loss: 0.3456 | giou_loss: 0.8863 | total_loss: 3.5005
2025-05-19 15:14:29,963 - transvg_coordinates_fixed_20250519_140429 - INFO - Epoch 78, Batch 400/848, Loss: 3.3745
2025-05-19 15:14:29,963 - transvg_coordinates_fixed_20250519_140429 - INFO - Train metrics: l1_loss: 0.3488 | giou_loss: 0.8151 | total_loss: 3.3745
2025-05-19 15:14:48,146 - transvg_coordinates_fixed_20250519_140429 - INFO - Epoch 78, Batch 450/848, Loss: 4.0680
2025-05-19 15:14:48,147 - transvg_coordinates_fixed_20250519_140429 - INFO - Train metrics: l1_loss: 0.4204 | giou_loss: 0.9830 | total_loss: 4.0680
2025-05-19 15:15:06,262 - transvg_coordinates_fixed_20250519_140429 - INFO - Epoch 78, Batch 500/848, Loss: 3.1308
2025-05-19 15:15:06,262 - transvg_coordinates_fixed_20250519_140429 - INFO - Train metrics: l1_loss: 0.3081 | giou_loss: 0.7951 | total_loss: 3.1308
2025-05-19 15:15:24,418 - transvg_coordinates_fixed_20250519_140429 - INFO - Epoch 78, Batch 550/848, Loss: 3.0768
2025-05-19 15:15:24,418 - transvg_coordinates_fixed_20250519_140429 - INFO - Train metrics: l1_loss: 0.2786 | giou_loss: 0.8418 | total_loss: 3.0768
2025-05-19 15:15:42,581 - transvg_coordinates_fixed_20250519_140429 - INFO - Epoch 78, Batch 600/848, Loss: 4.2266
2025-05-19 15:15:42,581 - transvg_coordinates_fixed_20250519_140429 - INFO - Train metrics: l1_loss: 0.4601 | giou_loss: 0.9631 | total_loss: 4.2266
2025-05-19 15:16:00,737 - transvg_coordinates_fixed_20250519_140429 - INFO - Epoch 78, Batch 650/848, Loss: 4.1398
2025-05-19 15:16:00,737 - transvg_coordinates_fixed_20250519_140429 - INFO - Train metrics: l1_loss: 0.4374 | giou_loss: 0.9763 | total_loss: 4.1398
2025-05-19 15:16:18,863 - transvg_coordinates_fixed_20250519_140429 - INFO - Epoch 78, Batch 700/848, Loss: 3.6143
2025-05-19 15:16:18,863 - transvg_coordinates_fixed_20250519_140429 - INFO - Train metrics: l1_loss: 0.3967 | giou_loss: 0.8153 | total_loss: 3.6143
2025-05-19 15:16:36,973 - transvg_coordinates_fixed_20250519_140429 - INFO - Epoch 78, Batch 750/848, Loss: 3.0084
2025-05-19 15:16:36,973 - transvg_coordinates_fixed_20250519_140429 - INFO - Train metrics: l1_loss: 0.2908 | giou_loss: 0.7773 | total_loss: 3.0084
2025-05-19 15:16:55,094 - transvg_coordinates_fixed_20250519_140429 - INFO - Epoch 78, Batch 800/848, Loss: 3.4032
2025-05-19 15:16:55,094 - transvg_coordinates_fixed_20250519_140429 - INFO - Train metrics: l1_loss: 0.3537 | giou_loss: 0.8174 | total_loss: 3.4032
2025-05-19 15:17:12,154 - transvg_coordinates_fixed_20250519_140429 - INFO - Train Epoch 78, Loss: 3.5891
2025-05-19 15:17:28,602 - transvg_coordinates_fixed_20250519_140429 - INFO - Pred box sample: [81.18295288085938, 78.67052459716797, 262.6304016113281, 255.36949157714844]
2025-05-19 15:17:28,602 - transvg_coordinates_fixed_20250519_140429 - INFO - Target box sample: [207.0, 198.0, 287.0, 283.0]
2025-05-19 15:17:28,679 - transvg_coordinates_fixed_20250519_140429 - INFO - Validation Epoch 78, Loss: 4.6970
2025-05-19 15:17:28,679 - transvg_coordinates_fixed_20250519_140429 - INFO - Val metrics: Acc@0.25: 0.3078 | Acc@0.5: 0.1129 | Acc@0.75: 0.0143 | mIoU: 0.1779 | medianIoU: 0.0783 | mae_x1: 107.3213 | mae_y1: 103.6598 | mae_x2: 107.5724 | mae_y2: 102.7291 | center_x_error: 90.7370 | center_y_error: 87.6204 | width_error: 2.5249 | height_error: 2.1277 | loss: 4.6970
2025-05-19 15:17:29,305 - transvg_coordinates_fixed_20250519_140429 - INFO - Saved model checkpoint to /home/pokle/Trans-VG/visual_grounding/checkpoints/transvg_coordinates_fixed_20250519_140429_epoch78.pth
2025-05-19 15:17:29,306 - transvg_coordinates_fixed_20250519_140429 - INFO - Epoch 79/200
2025-05-19 15:17:30,445 - transvg_coordinates_fixed_20250519_140429 - INFO - Epoch 79, Batch 0/848, Loss: 3.2100
2025-05-19 15:17:30,445 - transvg_coordinates_fixed_20250519_140429 - INFO - Train metrics: l1_loss: 0.3184 | giou_loss: 0.8089 | total_loss: 3.2100
2025-05-19 15:17:48,559 - transvg_coordinates_fixed_20250519_140429 - INFO - Epoch 79, Batch 50/848, Loss: 3.3113
2025-05-19 15:17:48,559 - transvg_coordinates_fixed_20250519_140429 - INFO - Train metrics: l1_loss: 0.3263 | giou_loss: 0.8398 | total_loss: 3.3113
2025-05-19 15:18:06,736 - transvg_coordinates_fixed_20250519_140429 - INFO - Epoch 79, Batch 100/848, Loss: 3.9089
2025-05-19 15:18:06,736 - transvg_coordinates_fixed_20250519_140429 - INFO - Train metrics: l1_loss: 0.3936 | giou_loss: 0.9704 | total_loss: 3.9089
2025-05-19 15:18:24,866 - transvg_coordinates_fixed_20250519_140429 - INFO - Epoch 79, Batch 150/848, Loss: 3.5701
2025-05-19 15:18:24,866 - transvg_coordinates_fixed_20250519_140429 - INFO - Train metrics: l1_loss: 0.3685 | giou_loss: 0.8639 | total_loss: 3.5701
2025-05-19 15:18:42,979 - transvg_coordinates_fixed_20250519_140429 - INFO - Epoch 79, Batch 200/848, Loss: 3.3828
2025-05-19 15:18:42,979 - transvg_coordinates_fixed_20250519_140429 - INFO - Train metrics: l1_loss: 0.3488 | giou_loss: 0.8194 | total_loss: 3.3828
2025-05-19 15:19:01,091 - transvg_coordinates_fixed_20250519_140429 - INFO - Epoch 79, Batch 250/848, Loss: 3.6332
2025-05-19 15:19:01,092 - transvg_coordinates_fixed_20250519_140429 - INFO - Train metrics: l1_loss: 0.3728 | giou_loss: 0.8847 | total_loss: 3.6332
2025-05-19 15:19:19,215 - transvg_coordinates_fixed_20250519_140429 - INFO - Epoch 79, Batch 300/848, Loss: 3.3853
2025-05-19 15:19:19,215 - transvg_coordinates_fixed_20250519_140429 - INFO - Train metrics: l1_loss: 0.3381 | giou_loss: 0.8475 | total_loss: 3.3853
2025-05-19 15:19:37,425 - transvg_coordinates_fixed_20250519_140429 - INFO - Epoch 79, Batch 350/848, Loss: 3.6042
2025-05-19 15:19:37,425 - transvg_coordinates_fixed_20250519_140429 - INFO - Train metrics: l1_loss: 0.3664 | giou_loss: 0.8860 | total_loss: 3.6042
2025-05-19 15:19:55,656 - transvg_coordinates_fixed_20250519_140429 - INFO - Epoch 79, Batch 400/848, Loss: 4.0343
2025-05-19 15:19:55,656 - transvg_coordinates_fixed_20250519_140429 - INFO - Train metrics: l1_loss: 0.4249 | giou_loss: 0.9549 | total_loss: 4.0343
2025-05-19 15:20:13,764 - transvg_coordinates_fixed_20250519_140429 - INFO - Epoch 79, Batch 450/848, Loss: 3.7990
2025-05-19 15:20:13,764 - transvg_coordinates_fixed_20250519_140429 - INFO - Train metrics: l1_loss: 0.3915 | giou_loss: 0.9207 | total_loss: 3.7990
2025-05-19 15:20:31,956 - transvg_coordinates_fixed_20250519_140429 - INFO - Epoch 79, Batch 500/848, Loss: 3.6621
2025-05-19 15:20:31,956 - transvg_coordinates_fixed_20250519_140429 - INFO - Train metrics: l1_loss: 0.3871 | giou_loss: 0.8634 | total_loss: 3.6621
2025-05-19 15:20:50,215 - transvg_coordinates_fixed_20250519_140429 - INFO - Epoch 79, Batch 550/848, Loss: 3.3132
2025-05-19 15:20:50,215 - transvg_coordinates_fixed_20250519_140429 - INFO - Train metrics: l1_loss: 0.3086 | giou_loss: 0.8851 | total_loss: 3.3132
2025-05-19 15:21:08,447 - transvg_coordinates_fixed_20250519_140429 - INFO - Epoch 79, Batch 600/848, Loss: 3.2244
2025-05-19 15:21:08,447 - transvg_coordinates_fixed_20250519_140429 - INFO - Train metrics: l1_loss: 0.3118 | giou_loss: 0.8327 | total_loss: 3.2244
2025-05-19 15:21:26,608 - transvg_coordinates_fixed_20250519_140429 - INFO - Epoch 79, Batch 650/848, Loss: 3.7699
2025-05-19 15:21:26,608 - transvg_coordinates_fixed_20250519_140429 - INFO - Train metrics: l1_loss: 0.3952 | giou_loss: 0.8969 | total_loss: 3.7699
2025-05-19 15:21:44,768 - transvg_coordinates_fixed_20250519_140429 - INFO - Epoch 79, Batch 700/848, Loss: 3.6990
2025-05-19 15:21:44,768 - transvg_coordinates_fixed_20250519_140429 - INFO - Train metrics: l1_loss: 0.3762 | giou_loss: 0.9090 | total_loss: 3.6990
2025-05-19 15:22:03,097 - transvg_coordinates_fixed_20250519_140429 - INFO - Epoch 79, Batch 750/848, Loss: 3.8950
2025-05-19 15:22:03,098 - transvg_coordinates_fixed_20250519_140429 - INFO - Train metrics: l1_loss: 0.4051 | giou_loss: 0.9348 | total_loss: 3.8950
2025-05-19 15:22:21,180 - transvg_coordinates_fixed_20250519_140429 - INFO - Epoch 79, Batch 800/848, Loss: 4.0630
2025-05-19 15:22:21,180 - transvg_coordinates_fixed_20250519_140429 - INFO - Train metrics: l1_loss: 0.4310 | giou_loss: 0.9540 | total_loss: 4.0630
2025-05-19 15:22:38,238 - transvg_coordinates_fixed_20250519_140429 - INFO - Train Epoch 79, Loss: 3.5858
2025-05-19 15:22:54,880 - transvg_coordinates_fixed_20250519_140429 - INFO - Pred box sample: [64.92131042480469, 81.45787048339844, 285.25360107421875, 242.12078857421875]
2025-05-19 15:22:54,880 - transvg_coordinates_fixed_20250519_140429 - INFO - Target box sample: [207.0, 198.0, 287.0, 283.0]
2025-05-19 15:22:54,962 - transvg_coordinates_fixed_20250519_140429 - INFO - Validation Epoch 79, Loss: 4.7325
2025-05-19 15:22:54,963 - transvg_coordinates_fixed_20250519_140429 - INFO - Val metrics: Acc@0.25: 0.3049 | Acc@0.5: 0.1097 | Acc@0.75: 0.0138 | mIoU: 0.1758 | medianIoU: 0.0752 | mae_x1: 107.6531 | mae_y1: 103.6525 | mae_x2: 108.8224 | mae_y2: 103.7979 | center_x_error: 91.9431 | center_y_error: 88.5014 | width_error: 2.4789 | height_error: 2.0996 | loss: 4.7325
2025-05-19 15:22:55,592 - transvg_coordinates_fixed_20250519_140429 - INFO - Saved model checkpoint to /home/pokle/Trans-VG/visual_grounding/checkpoints/transvg_coordinates_fixed_20250519_140429_epoch79.pth
2025-05-19 15:22:55,593 - transvg_coordinates_fixed_20250519_140429 - INFO - Epoch 80/200
2025-05-19 15:22:56,717 - transvg_coordinates_fixed_20250519_140429 - INFO - Epoch 80, Batch 0/848, Loss: 3.7878
2025-05-19 15:22:56,717 - transvg_coordinates_fixed_20250519_140429 - INFO - Train metrics: l1_loss: 0.4087 | giou_loss: 0.8722 | total_loss: 3.7878
2025-05-19 15:23:14,764 - transvg_coordinates_fixed_20250519_140429 - INFO - Epoch 80, Batch 50/848, Loss: 3.5821
2025-05-19 15:23:14,764 - transvg_coordinates_fixed_20250519_140429 - INFO - Train metrics: l1_loss: 0.3518 | giou_loss: 0.9117 | total_loss: 3.5821
2025-05-19 15:23:32,911 - transvg_coordinates_fixed_20250519_140429 - INFO - Epoch 80, Batch 100/848, Loss: 3.3433
2025-05-19 15:23:32,911 - transvg_coordinates_fixed_20250519_140429 - INFO - Train metrics: l1_loss: 0.3444 | giou_loss: 0.8106 | total_loss: 3.3433
2025-05-19 15:23:51,117 - transvg_coordinates_fixed_20250519_140429 - INFO - Epoch 80, Batch 150/848, Loss: 2.9694
2025-05-19 15:23:51,117 - transvg_coordinates_fixed_20250519_140429 - INFO - Train metrics: l1_loss: 0.2895 | giou_loss: 0.7610 | total_loss: 2.9694
2025-05-19 15:24:09,322 - transvg_coordinates_fixed_20250519_140429 - INFO - Epoch 80, Batch 200/848, Loss: 3.6977
2025-05-19 15:24:09,322 - transvg_coordinates_fixed_20250519_140429 - INFO - Train metrics: l1_loss: 0.3649 | giou_loss: 0.9365 | total_loss: 3.6977
2025-05-19 15:24:27,595 - transvg_coordinates_fixed_20250519_140429 - INFO - Epoch 80, Batch 250/848, Loss: 3.3278
2025-05-19 15:24:27,595 - transvg_coordinates_fixed_20250519_140429 - INFO - Train metrics: l1_loss: 0.3157 | giou_loss: 0.8745 | total_loss: 3.3278
2025-05-19 15:24:45,886 - transvg_coordinates_fixed_20250519_140429 - INFO - Epoch 80, Batch 300/848, Loss: 3.4007
2025-05-19 15:24:45,886 - transvg_coordinates_fixed_20250519_140429 - INFO - Train metrics: l1_loss: 0.3673 | giou_loss: 0.7822 | total_loss: 3.4007
2025-05-19 15:25:04,065 - transvg_coordinates_fixed_20250519_140429 - INFO - Epoch 80, Batch 350/848, Loss: 3.7908
2025-05-19 15:25:04,065 - transvg_coordinates_fixed_20250519_140429 - INFO - Train metrics: l1_loss: 0.3906 | giou_loss: 0.9189 | total_loss: 3.7908
2025-05-19 15:25:22,310 - transvg_coordinates_fixed_20250519_140429 - INFO - Epoch 80, Batch 400/848, Loss: 3.8628
2025-05-19 15:25:22,310 - transvg_coordinates_fixed_20250519_140429 - INFO - Train metrics: l1_loss: 0.3993 | giou_loss: 0.9332 | total_loss: 3.8628
2025-05-19 15:25:40,592 - transvg_coordinates_fixed_20250519_140429 - INFO - Epoch 80, Batch 450/848, Loss: 3.5497
2025-05-19 15:25:40,593 - transvg_coordinates_fixed_20250519_140429 - INFO - Train metrics: l1_loss: 0.3466 | giou_loss: 0.9083 | total_loss: 3.5497
2025-05-19 15:25:58,948 - transvg_coordinates_fixed_20250519_140429 - INFO - Epoch 80, Batch 500/848, Loss: 2.9838
2025-05-19 15:25:58,948 - transvg_coordinates_fixed_20250519_140429 - INFO - Train metrics: l1_loss: 0.2870 | giou_loss: 0.7743 | total_loss: 2.9838
2025-05-19 15:26:17,238 - transvg_coordinates_fixed_20250519_140429 - INFO - Epoch 80, Batch 550/848, Loss: 3.5672
2025-05-19 15:26:17,238 - transvg_coordinates_fixed_20250519_140429 - INFO - Train metrics: l1_loss: 0.3956 | giou_loss: 0.7945 | total_loss: 3.5672
2025-05-19 15:26:35,462 - transvg_coordinates_fixed_20250519_140429 - INFO - Epoch 80, Batch 600/848, Loss: 3.2766
2025-05-19 15:26:35,462 - transvg_coordinates_fixed_20250519_140429 - INFO - Train metrics: l1_loss: 0.3104 | giou_loss: 0.8623 | total_loss: 3.2766
2025-05-19 15:26:53,708 - transvg_coordinates_fixed_20250519_140429 - INFO - Epoch 80, Batch 650/848, Loss: 3.1475
2025-05-19 15:26:53,709 - transvg_coordinates_fixed_20250519_140429 - INFO - Train metrics: l1_loss: 0.3100 | giou_loss: 0.7987 | total_loss: 3.1475
2025-05-19 15:27:12,020 - transvg_coordinates_fixed_20250519_140429 - INFO - Epoch 80, Batch 700/848, Loss: 3.7193
2025-05-19 15:27:12,020 - transvg_coordinates_fixed_20250519_140429 - INFO - Train metrics: l1_loss: 0.3848 | giou_loss: 0.8978 | total_loss: 3.7193
2025-05-19 15:27:30,338 - transvg_coordinates_fixed_20250519_140429 - INFO - Epoch 80, Batch 750/848, Loss: 4.2045
2025-05-19 15:27:30,338 - transvg_coordinates_fixed_20250519_140429 - INFO - Train metrics: l1_loss: 0.4310 | giou_loss: 1.0249 | total_loss: 4.2045
2025-05-19 15:27:48,661 - transvg_coordinates_fixed_20250519_140429 - INFO - Epoch 80, Batch 800/848, Loss: 3.8691
2025-05-19 15:27:48,661 - transvg_coordinates_fixed_20250519_140429 - INFO - Train metrics: l1_loss: 0.3923 | giou_loss: 0.9539 | total_loss: 3.8691
2025-05-19 15:28:05,904 - transvg_coordinates_fixed_20250519_140429 - INFO - Train Epoch 80, Loss: 3.5857
2025-05-19 15:28:22,629 - transvg_coordinates_fixed_20250519_140429 - INFO - Pred box sample: [52.836727142333984, 89.53191375732422, 213.17227172851562, 240.46041870117188]
2025-05-19 15:28:22,630 - transvg_coordinates_fixed_20250519_140429 - INFO - Target box sample: [207.0, 198.0, 287.0, 283.0]
2025-05-19 15:28:22,703 - transvg_coordinates_fixed_20250519_140429 - INFO - Validation Epoch 80, Loss: 4.7291
2025-05-19 15:28:22,703 - transvg_coordinates_fixed_20250519_140429 - INFO - Val metrics: Acc@0.25: 0.2991 | Acc@0.5: 0.1081 | Acc@0.75: 0.0162 | mIoU: 0.1733 | medianIoU: 0.0704 | mae_x1: 107.0218 | mae_y1: 103.4198 | mae_x2: 106.7276 | mae_y2: 101.7406 | center_x_error: 92.9351 | center_y_error: 87.3193 | width_error: 2.1543 | height_error: 2.0744 | loss: 4.7291
2025-05-19 15:28:23,326 - transvg_coordinates_fixed_20250519_140429 - INFO - Saved model checkpoint to /home/pokle/Trans-VG/visual_grounding/checkpoints/transvg_coordinates_fixed_20250519_140429_epoch80.pth
2025-05-19 15:28:23,327 - transvg_coordinates_fixed_20250519_140429 - INFO - Epoch 81/200
2025-05-19 15:28:24,373 - transvg_coordinates_fixed_20250519_140429 - INFO - Epoch 81, Batch 0/848, Loss: 3.6604
2025-05-19 15:28:24,373 - transvg_coordinates_fixed_20250519_140429 - INFO - Train metrics: l1_loss: 0.4025 | giou_loss: 0.8240 | total_loss: 3.6604
2025-05-19 15:28:42,481 - transvg_coordinates_fixed_20250519_140429 - INFO - Epoch 81, Batch 50/848, Loss: 3.3466
2025-05-19 15:28:42,482 - transvg_coordinates_fixed_20250519_140429 - INFO - Train metrics: l1_loss: 0.3193 | giou_loss: 0.8750 | total_loss: 3.3466
2025-05-19 15:29:00,746 - transvg_coordinates_fixed_20250519_140429 - INFO - Epoch 81, Batch 100/848, Loss: 3.5625
2025-05-19 15:29:00,746 - transvg_coordinates_fixed_20250519_140429 - INFO - Train metrics: l1_loss: 0.3452 | giou_loss: 0.9182 | total_loss: 3.5625
2025-05-19 15:29:19,045 - transvg_coordinates_fixed_20250519_140429 - INFO - Epoch 81, Batch 150/848, Loss: 3.9567
2025-05-19 15:29:19,045 - transvg_coordinates_fixed_20250519_140429 - INFO - Train metrics: l1_loss: 0.3993 | giou_loss: 0.9802 | total_loss: 3.9567
2025-05-19 15:29:37,418 - transvg_coordinates_fixed_20250519_140429 - INFO - Epoch 81, Batch 200/848, Loss: 3.8008
2025-05-19 15:29:37,418 - transvg_coordinates_fixed_20250519_140429 - INFO - Train metrics: l1_loss: 0.3718 | giou_loss: 0.9709 | total_loss: 3.8008
2025-05-19 15:29:55,946 - transvg_coordinates_fixed_20250519_140429 - INFO - Epoch 81, Batch 250/848, Loss: 3.6947
2025-05-19 15:29:55,946 - transvg_coordinates_fixed_20250519_140429 - INFO - Train metrics: l1_loss: 0.3926 | giou_loss: 0.8658 | total_loss: 3.6947
2025-05-19 15:30:14,287 - transvg_coordinates_fixed_20250519_140429 - INFO - Epoch 81, Batch 300/848, Loss: 3.7846
2025-05-19 15:30:14,287 - transvg_coordinates_fixed_20250519_140429 - INFO - Train metrics: l1_loss: 0.3758 | giou_loss: 0.9529 | total_loss: 3.7846
2025-05-19 15:30:32,578 - transvg_coordinates_fixed_20250519_140429 - INFO - Epoch 81, Batch 350/848, Loss: 3.5864
2025-05-19 15:30:32,578 - transvg_coordinates_fixed_20250519_140429 - INFO - Train metrics: l1_loss: 0.3461 | giou_loss: 0.9280 | total_loss: 3.5864
2025-05-19 15:30:50,873 - transvg_coordinates_fixed_20250519_140429 - INFO - Epoch 81, Batch 400/848, Loss: 3.1854
2025-05-19 15:30:50,873 - transvg_coordinates_fixed_20250519_140429 - INFO - Train metrics: l1_loss: 0.3263 | giou_loss: 0.7769 | total_loss: 3.1854
2025-05-19 15:31:09,260 - transvg_coordinates_fixed_20250519_140429 - INFO - Epoch 81, Batch 450/848, Loss: 3.6171
2025-05-19 15:31:09,260 - transvg_coordinates_fixed_20250519_140429 - INFO - Train metrics: l1_loss: 0.3314 | giou_loss: 0.9800 | total_loss: 3.6171
2025-05-19 15:31:27,615 - transvg_coordinates_fixed_20250519_140429 - INFO - Epoch 81, Batch 500/848, Loss: 3.3516
2025-05-19 15:31:27,615 - transvg_coordinates_fixed_20250519_140429 - INFO - Train metrics: l1_loss: 0.3386 | giou_loss: 0.8293 | total_loss: 3.3516
2025-05-19 15:31:45,850 - transvg_coordinates_fixed_20250519_140429 - INFO - Epoch 81, Batch 550/848, Loss: 3.4256
2025-05-19 15:31:45,850 - transvg_coordinates_fixed_20250519_140429 - INFO - Train metrics: l1_loss: 0.3286 | giou_loss: 0.8913 | total_loss: 3.4256
2025-05-19 15:32:04,184 - transvg_coordinates_fixed_20250519_140429 - INFO - Epoch 81, Batch 600/848, Loss: 2.8375
2025-05-19 15:32:04,184 - transvg_coordinates_fixed_20250519_140429 - INFO - Train metrics: l1_loss: 0.2704 | giou_loss: 0.7427 | total_loss: 2.8375
2025-05-19 15:32:22,596 - transvg_coordinates_fixed_20250519_140429 - INFO - Epoch 81, Batch 650/848, Loss: 3.7469
2025-05-19 15:32:22,596 - transvg_coordinates_fixed_20250519_140429 - INFO - Train metrics: l1_loss: 0.4028 | giou_loss: 0.8665 | total_loss: 3.7469
2025-05-19 15:32:40,936 - transvg_coordinates_fixed_20250519_140429 - INFO - Epoch 81, Batch 700/848, Loss: 3.4985
2025-05-19 15:32:40,936 - transvg_coordinates_fixed_20250519_140429 - INFO - Train metrics: l1_loss: 0.3627 | giou_loss: 0.8424 | total_loss: 3.4985
2025-05-19 15:32:59,278 - transvg_coordinates_fixed_20250519_140429 - INFO - Epoch 81, Batch 750/848, Loss: 3.4791
2025-05-19 15:32:59,278 - transvg_coordinates_fixed_20250519_140429 - INFO - Train metrics: l1_loss: 0.3528 | giou_loss: 0.8576 | total_loss: 3.4791
2025-05-19 15:33:17,622 - transvg_coordinates_fixed_20250519_140429 - INFO - Epoch 81, Batch 800/848, Loss: 3.4710
2025-05-19 15:33:17,622 - transvg_coordinates_fixed_20250519_140429 - INFO - Train metrics: l1_loss: 0.3429 | giou_loss: 0.8782 | total_loss: 3.4710
2025-05-19 15:33:34,763 - transvg_coordinates_fixed_20250519_140429 - INFO - Train Epoch 81, Loss: 3.5794
2025-05-19 15:33:51,083 - transvg_coordinates_fixed_20250519_140429 - INFO - Pred box sample: [84.93710327148438, 79.15181732177734, 264.35150146484375, 254.95046997070312]
2025-05-19 15:33:51,084 - transvg_coordinates_fixed_20250519_140429 - INFO - Target box sample: [207.0, 198.0, 287.0, 283.0]
2025-05-19 15:33:51,164 - transvg_coordinates_fixed_20250519_140429 - INFO - Validation Epoch 81, Loss: 4.7168
2025-05-19 15:33:51,164 - transvg_coordinates_fixed_20250519_140429 - INFO - Val metrics: Acc@0.25: 0.3044 | Acc@0.5: 0.1089 | Acc@0.75: 0.0138 | mIoU: 0.1771 | medianIoU: 0.0759 | mae_x1: 106.2897 | mae_y1: 108.7109 | mae_x2: 107.1831 | mae_y2: 99.6398 | center_x_error: 92.3346 | center_y_error: 87.9703 | width_error: 2.2429 | height_error: 2.2527 | loss: 4.7168
2025-05-19 15:33:51,799 - transvg_coordinates_fixed_20250519_140429 - INFO - Saved model checkpoint to /home/pokle/Trans-VG/visual_grounding/checkpoints/transvg_coordinates_fixed_20250519_140429_epoch81.pth
2025-05-19 15:33:51,799 - transvg_coordinates_fixed_20250519_140429 - INFO - Epoch 82/200
2025-05-19 15:33:52,878 - transvg_coordinates_fixed_20250519_140429 - INFO - Epoch 82, Batch 0/848, Loss: 3.5493
2025-05-19 15:33:52,878 - transvg_coordinates_fixed_20250519_140429 - INFO - Train metrics: l1_loss: 0.3491 | giou_loss: 0.9019 | total_loss: 3.5493
2025-05-19 15:34:11,037 - transvg_coordinates_fixed_20250519_140429 - INFO - Epoch 82, Batch 50/848, Loss: 3.5671
2025-05-19 15:34:11,037 - transvg_coordinates_fixed_20250519_140429 - INFO - Train metrics: l1_loss: 0.3648 | giou_loss: 0.8715 | total_loss: 3.5671
2025-05-19 15:34:29,302 - transvg_coordinates_fixed_20250519_140429 - INFO - Epoch 82, Batch 100/848, Loss: 3.7909
2025-05-19 15:34:29,302 - transvg_coordinates_fixed_20250519_140429 - INFO - Train metrics: l1_loss: 0.3977 | giou_loss: 0.9012 | total_loss: 3.7909
2025-05-19 15:34:47,682 - transvg_coordinates_fixed_20250519_140429 - INFO - Epoch 82, Batch 150/848, Loss: 3.3598
2025-05-19 15:34:47,682 - transvg_coordinates_fixed_20250519_140429 - INFO - Train metrics: l1_loss: 0.3232 | giou_loss: 0.8719 | total_loss: 3.3598
2025-05-19 15:35:06,153 - transvg_coordinates_fixed_20250519_140429 - INFO - Epoch 82, Batch 200/848, Loss: 3.5036
2025-05-19 15:35:06,154 - transvg_coordinates_fixed_20250519_140429 - INFO - Train metrics: l1_loss: 0.3592 | giou_loss: 0.8538 | total_loss: 3.5036
2025-05-19 15:35:24,651 - transvg_coordinates_fixed_20250519_140429 - INFO - Epoch 82, Batch 250/848, Loss: 3.8211
2025-05-19 15:35:24,651 - transvg_coordinates_fixed_20250519_140429 - INFO - Train metrics: l1_loss: 0.4037 | giou_loss: 0.9013 | total_loss: 3.8211
2025-05-19 15:35:43,193 - transvg_coordinates_fixed_20250519_140429 - INFO - Epoch 82, Batch 300/848, Loss: 3.4232
2025-05-19 15:35:43,193 - transvg_coordinates_fixed_20250519_140429 - INFO - Train metrics: l1_loss: 0.3651 | giou_loss: 0.7989 | total_loss: 3.4232
2025-05-19 15:36:01,771 - transvg_coordinates_fixed_20250519_140429 - INFO - Epoch 82, Batch 350/848, Loss: 2.9618
2025-05-19 15:36:01,771 - transvg_coordinates_fixed_20250519_140429 - INFO - Train metrics: l1_loss: 0.2743 | giou_loss: 0.7950 | total_loss: 2.9618
2025-05-19 15:36:20,309 - transvg_coordinates_fixed_20250519_140429 - INFO - Epoch 82, Batch 400/848, Loss: 4.2621
2025-05-19 15:36:20,309 - transvg_coordinates_fixed_20250519_140429 - INFO - Train metrics: l1_loss: 0.4637 | giou_loss: 0.9718 | total_loss: 4.2621
2025-05-19 15:36:38,868 - transvg_coordinates_fixed_20250519_140429 - INFO - Epoch 82, Batch 450/848, Loss: 3.2908
2025-05-19 15:36:38,869 - transvg_coordinates_fixed_20250519_140429 - INFO - Train metrics: l1_loss: 0.3332 | giou_loss: 0.8124 | total_loss: 3.2908
2025-05-19 15:36:57,368 - transvg_coordinates_fixed_20250519_140429 - INFO - Epoch 82, Batch 500/848, Loss: 3.4272
2025-05-19 15:36:57,368 - transvg_coordinates_fixed_20250519_140429 - INFO - Train metrics: l1_loss: 0.3271 | giou_loss: 0.8959 | total_loss: 3.4272
2025-05-19 15:37:15,907 - transvg_coordinates_fixed_20250519_140429 - INFO - Epoch 82, Batch 550/848, Loss: 4.2272
2025-05-19 15:37:15,907 - transvg_coordinates_fixed_20250519_140429 - INFO - Train metrics: l1_loss: 0.4548 | giou_loss: 0.9765 | total_loss: 4.2272
2025-05-19 15:37:34,440 - transvg_coordinates_fixed_20250519_140429 - INFO - Epoch 82, Batch 600/848, Loss: 4.1610
2025-05-19 15:37:34,441 - transvg_coordinates_fixed_20250519_140429 - INFO - Train metrics: l1_loss: 0.4423 | giou_loss: 0.9748 | total_loss: 4.1610
2025-05-19 15:37:53,015 - transvg_coordinates_fixed_20250519_140429 - INFO - Epoch 82, Batch 650/848, Loss: 4.2164
2025-05-19 15:37:53,015 - transvg_coordinates_fixed_20250519_140429 - INFO - Train metrics: l1_loss: 0.4556 | giou_loss: 0.9691 | total_loss: 4.2164
2025-05-19 15:38:11,700 - transvg_coordinates_fixed_20250519_140429 - INFO - Epoch 82, Batch 700/848, Loss: 3.1314
2025-05-19 15:38:11,700 - transvg_coordinates_fixed_20250519_140429 - INFO - Train metrics: l1_loss: 0.2984 | giou_loss: 0.8197 | total_loss: 3.1314
2025-05-19 15:38:30,243 - transvg_coordinates_fixed_20250519_140429 - INFO - Epoch 82, Batch 750/848, Loss: 3.6110
2025-05-19 15:38:30,243 - transvg_coordinates_fixed_20250519_140429 - INFO - Train metrics: l1_loss: 0.3664 | giou_loss: 0.8895 | total_loss: 3.6110
2025-05-19 15:38:48,745 - transvg_coordinates_fixed_20250519_140429 - INFO - Epoch 82, Batch 800/848, Loss: 3.9435
2025-05-19 15:38:48,745 - transvg_coordinates_fixed_20250519_140429 - INFO - Train metrics: l1_loss: 0.3955 | giou_loss: 0.9829 | total_loss: 3.9435
2025-05-19 15:39:06,172 - transvg_coordinates_fixed_20250519_140429 - INFO - Train Epoch 82, Loss: 3.5772
2025-05-19 15:39:22,423 - transvg_coordinates_fixed_20250519_140429 - INFO - Pred box sample: [66.21168518066406, 90.71939849853516, 226.8176727294922, 272.65673828125]
2025-05-19 15:39:22,423 - transvg_coordinates_fixed_20250519_140429 - INFO - Target box sample: [207.0, 198.0, 287.0, 283.0]
2025-05-19 15:39:22,496 - transvg_coordinates_fixed_20250519_140429 - INFO - Validation Epoch 82, Loss: 4.7432
2025-05-19 15:39:22,496 - transvg_coordinates_fixed_20250519_140429 - INFO - Val metrics: Acc@0.25: 0.3015 | Acc@0.5: 0.1105 | Acc@0.75: 0.0125 | mIoU: 0.1738 | medianIoU: 0.0713 | mae_x1: 107.5583 | mae_y1: 106.0657 | mae_x2: 106.5464 | mae_y2: 101.6593 | center_x_error: 93.3086 | center_y_error: 87.7211 | width_error: 2.0907 | height_error: 2.1454 | loss: 4.7432
2025-05-19 15:39:23,122 - transvg_coordinates_fixed_20250519_140429 - INFO - Saved model checkpoint to /home/pokle/Trans-VG/visual_grounding/checkpoints/transvg_coordinates_fixed_20250519_140429_epoch82.pth
2025-05-19 15:39:23,123 - transvg_coordinates_fixed_20250519_140429 - INFO - Epoch 83/200
2025-05-19 15:39:24,209 - transvg_coordinates_fixed_20250519_140429 - INFO - Epoch 83, Batch 0/848, Loss: 3.2211
2025-05-19 15:39:24,209 - transvg_coordinates_fixed_20250519_140429 - INFO - Train metrics: l1_loss: 0.3047 | giou_loss: 0.8487 | total_loss: 3.2211
2025-05-19 15:39:42,494 - transvg_coordinates_fixed_20250519_140429 - INFO - Epoch 83, Batch 50/848, Loss: 3.4161
2025-05-19 15:39:42,494 - transvg_coordinates_fixed_20250519_140429 - INFO - Train metrics: l1_loss: 0.3238 | giou_loss: 0.8985 | total_loss: 3.4161
2025-05-19 15:40:00,782 - transvg_coordinates_fixed_20250519_140429 - INFO - Epoch 83, Batch 100/848, Loss: 3.4900
2025-05-19 15:40:00,782 - transvg_coordinates_fixed_20250519_140429 - INFO - Train metrics: l1_loss: 0.3453 | giou_loss: 0.8817 | total_loss: 3.4900
2025-05-19 15:40:19,122 - transvg_coordinates_fixed_20250519_140429 - INFO - Epoch 83, Batch 150/848, Loss: 3.6514
2025-05-19 15:40:19,122 - transvg_coordinates_fixed_20250519_140429 - INFO - Train metrics: l1_loss: 0.3525 | giou_loss: 0.9446 | total_loss: 3.6514
2025-05-19 15:40:37,466 - transvg_coordinates_fixed_20250519_140429 - INFO - Epoch 83, Batch 200/848, Loss: 3.3082
2025-05-19 15:40:37,467 - transvg_coordinates_fixed_20250519_140429 - INFO - Train metrics: l1_loss: 0.3505 | giou_loss: 0.7778 | total_loss: 3.3082
2025-05-19 15:40:55,812 - transvg_coordinates_fixed_20250519_140429 - INFO - Epoch 83, Batch 250/848, Loss: 3.4318
2025-05-19 15:40:55,812 - transvg_coordinates_fixed_20250519_140429 - INFO - Train metrics: l1_loss: 0.3397 | giou_loss: 0.8665 | total_loss: 3.4318
2025-05-19 15:41:14,130 - transvg_coordinates_fixed_20250519_140429 - INFO - Epoch 83, Batch 300/848, Loss: 3.2122
2025-05-19 15:41:14,130 - transvg_coordinates_fixed_20250519_140429 - INFO - Train metrics: l1_loss: 0.3318 | giou_loss: 0.7766 | total_loss: 3.2122
2025-05-19 15:41:32,476 - transvg_coordinates_fixed_20250519_140429 - INFO - Epoch 83, Batch 350/848, Loss: 3.6167
2025-05-19 15:41:32,476 - transvg_coordinates_fixed_20250519_140429 - INFO - Train metrics: l1_loss: 0.3785 | giou_loss: 0.8622 | total_loss: 3.6167
2025-05-19 15:41:50,820 - transvg_coordinates_fixed_20250519_140429 - INFO - Epoch 83, Batch 400/848, Loss: 3.3600
2025-05-19 15:41:50,820 - transvg_coordinates_fixed_20250519_140429 - INFO - Train metrics: l1_loss: 0.3360 | giou_loss: 0.8399 | total_loss: 3.3600
2025-05-19 15:42:09,244 - transvg_coordinates_fixed_20250519_140429 - INFO - Epoch 83, Batch 450/848, Loss: 3.2158
2025-05-19 15:42:09,244 - transvg_coordinates_fixed_20250519_140429 - INFO - Train metrics: l1_loss: 0.3342 | giou_loss: 0.7724 | total_loss: 3.2158
2025-05-19 15:42:27,650 - transvg_coordinates_fixed_20250519_140429 - INFO - Epoch 83, Batch 500/848, Loss: 3.3194
2025-05-19 15:42:27,650 - transvg_coordinates_fixed_20250519_140429 - INFO - Train metrics: l1_loss: 0.3483 | giou_loss: 0.7889 | total_loss: 3.3194
2025-05-19 15:42:46,027 - transvg_coordinates_fixed_20250519_140429 - INFO - Epoch 83, Batch 550/848, Loss: 3.7195
2025-05-19 15:42:46,027 - transvg_coordinates_fixed_20250519_140429 - INFO - Train metrics: l1_loss: 0.3649 | giou_loss: 0.9475 | total_loss: 3.7195
2025-05-19 15:43:04,470 - transvg_coordinates_fixed_20250519_140429 - INFO - Epoch 83, Batch 600/848, Loss: 3.7527
2025-05-19 15:43:04,470 - transvg_coordinates_fixed_20250519_140429 - INFO - Train metrics: l1_loss: 0.3850 | giou_loss: 0.9139 | total_loss: 3.7527
2025-05-19 15:43:22,876 - transvg_coordinates_fixed_20250519_140429 - INFO - Epoch 83, Batch 650/848, Loss: 3.4923
2025-05-19 15:43:22,876 - transvg_coordinates_fixed_20250519_140429 - INFO - Train metrics: l1_loss: 0.3458 | giou_loss: 0.8818 | total_loss: 3.4923
2025-05-19 15:43:41,229 - transvg_coordinates_fixed_20250519_140429 - INFO - Epoch 83, Batch 700/848, Loss: 3.1461
2025-05-19 15:43:41,229 - transvg_coordinates_fixed_20250519_140429 - INFO - Train metrics: l1_loss: 0.3027 | giou_loss: 0.8164 | total_loss: 3.1461
2025-05-19 15:43:59,620 - transvg_coordinates_fixed_20250519_140429 - INFO - Epoch 83, Batch 750/848, Loss: 3.3071
2025-05-19 15:43:59,620 - transvg_coordinates_fixed_20250519_140429 - INFO - Train metrics: l1_loss: 0.3196 | giou_loss: 0.8546 | total_loss: 3.3071
2025-05-19 15:44:18,012 - transvg_coordinates_fixed_20250519_140429 - INFO - Epoch 83, Batch 800/848, Loss: 3.6009
2025-05-19 15:44:18,012 - transvg_coordinates_fixed_20250519_140429 - INFO - Train metrics: l1_loss: 0.3769 | giou_loss: 0.8582 | total_loss: 3.6009
2025-05-19 15:44:35,291 - transvg_coordinates_fixed_20250519_140429 - INFO - Train Epoch 83, Loss: 3.5783
2025-05-19 15:44:51,626 - transvg_coordinates_fixed_20250519_140429 - INFO - Pred box sample: [86.75099182128906, 75.34153747558594, 252.30404663085938, 246.71804809570312]
2025-05-19 15:44:51,626 - transvg_coordinates_fixed_20250519_140429 - INFO - Target box sample: [207.0, 198.0, 287.0, 283.0]
2025-05-19 15:44:51,707 - transvg_coordinates_fixed_20250519_140429 - INFO - Validation Epoch 83, Loss: 4.7383
2025-05-19 15:44:51,707 - transvg_coordinates_fixed_20250519_140429 - INFO - Val metrics: Acc@0.25: 0.3001 | Acc@0.5: 0.1129 | Acc@0.75: 0.0127 | mIoU: 0.1739 | medianIoU: 0.0692 | mae_x1: 106.2968 | mae_y1: 104.1015 | mae_x2: 106.9551 | mae_y2: 100.2772 | center_x_error: 92.9954 | center_y_error: 87.2107 | width_error: 2.0469 | height_error: 1.9942 | loss: 4.7383
2025-05-19 15:44:52,334 - transvg_coordinates_fixed_20250519_140429 - INFO - Saved model checkpoint to /home/pokle/Trans-VG/visual_grounding/checkpoints/transvg_coordinates_fixed_20250519_140429_epoch83.pth
2025-05-19 15:44:52,335 - transvg_coordinates_fixed_20250519_140429 - INFO - Epoch 84/200
2025-05-19 15:44:53,419 - transvg_coordinates_fixed_20250519_140429 - INFO - Epoch 84, Batch 0/848, Loss: 4.2234
2025-05-19 15:44:53,419 - transvg_coordinates_fixed_20250519_140429 - INFO - Train metrics: l1_loss: 0.4343 | giou_loss: 1.0259 | total_loss: 4.2234
2025-05-19 15:45:11,638 - transvg_coordinates_fixed_20250519_140429 - INFO - Epoch 84, Batch 50/848, Loss: 3.0953
2025-05-19 15:45:11,638 - transvg_coordinates_fixed_20250519_140429 - INFO - Train metrics: l1_loss: 0.3169 | giou_loss: 0.7553 | total_loss: 3.0953
2025-05-19 15:45:29,931 - transvg_coordinates_fixed_20250519_140429 - INFO - Epoch 84, Batch 100/848, Loss: 3.5105
2025-05-19 15:45:29,931 - transvg_coordinates_fixed_20250519_140429 - INFO - Train metrics: l1_loss: 0.3590 | giou_loss: 0.8577 | total_loss: 3.5105
2025-05-19 15:45:48,146 - transvg_coordinates_fixed_20250519_140429 - INFO - Epoch 84, Batch 150/848, Loss: 3.1763
2025-05-19 15:45:48,146 - transvg_coordinates_fixed_20250519_140429 - INFO - Train metrics: l1_loss: 0.3045 | giou_loss: 0.8269 | total_loss: 3.1763
2025-05-19 15:46:06,684 - transvg_coordinates_fixed_20250519_140429 - INFO - Epoch 84, Batch 200/848, Loss: 2.8403
2025-05-19 15:46:06,684 - transvg_coordinates_fixed_20250519_140429 - INFO - Train metrics: l1_loss: 0.2668 | giou_loss: 0.7531 | total_loss: 2.8403
2025-05-19 15:46:25,025 - transvg_coordinates_fixed_20250519_140429 - INFO - Epoch 84, Batch 250/848, Loss: 3.8126
2025-05-19 15:46:25,025 - transvg_coordinates_fixed_20250519_140429 - INFO - Train metrics: l1_loss: 0.3846 | giou_loss: 0.9448 | total_loss: 3.8126
2025-05-19 15:46:43,460 - transvg_coordinates_fixed_20250519_140429 - INFO - Epoch 84, Batch 300/848, Loss: 3.8359
2025-05-19 15:46:43,460 - transvg_coordinates_fixed_20250519_140429 - INFO - Train metrics: l1_loss: 0.3944 | giou_loss: 0.9321 | total_loss: 3.8359
2025-05-19 15:47:01,856 - transvg_coordinates_fixed_20250519_140429 - INFO - Epoch 84, Batch 350/848, Loss: 3.0201
2025-05-19 15:47:01,856 - transvg_coordinates_fixed_20250519_140429 - INFO - Train metrics: l1_loss: 0.2857 | giou_loss: 0.7958 | total_loss: 3.0201
2025-05-19 15:47:20,255 - transvg_coordinates_fixed_20250519_140429 - INFO - Epoch 84, Batch 400/848, Loss: 3.7286
2025-05-19 15:47:20,255 - transvg_coordinates_fixed_20250519_140429 - INFO - Train metrics: l1_loss: 0.3951 | giou_loss: 0.8765 | total_loss: 3.7286
2025-05-19 15:47:38,686 - transvg_coordinates_fixed_20250519_140429 - INFO - Epoch 84, Batch 450/848, Loss: 4.0248
2025-05-19 15:47:38,686 - transvg_coordinates_fixed_20250519_140429 - INFO - Train metrics: l1_loss: 0.4414 | giou_loss: 0.9089 | total_loss: 4.0248
2025-05-19 15:47:57,147 - transvg_coordinates_fixed_20250519_140429 - INFO - Epoch 84, Batch 500/848, Loss: 3.0150
2025-05-19 15:47:57,147 - transvg_coordinates_fixed_20250519_140429 - INFO - Train metrics: l1_loss: 0.2859 | giou_loss: 0.7927 | total_loss: 3.0150
2025-05-19 15:48:15,594 - transvg_coordinates_fixed_20250519_140429 - INFO - Epoch 84, Batch 550/848, Loss: 3.5549
2025-05-19 15:48:15,595 - transvg_coordinates_fixed_20250519_140429 - INFO - Train metrics: l1_loss: 0.3352 | giou_loss: 0.9393 | total_loss: 3.5549
2025-05-19 15:48:34,005 - transvg_coordinates_fixed_20250519_140429 - INFO - Epoch 84, Batch 600/848, Loss: 3.6198
2025-05-19 15:48:34,005 - transvg_coordinates_fixed_20250519_140429 - INFO - Train metrics: l1_loss: 0.3675 | giou_loss: 0.8911 | total_loss: 3.6198
2025-05-19 15:48:52,458 - transvg_coordinates_fixed_20250519_140429 - INFO - Epoch 84, Batch 650/848, Loss: 3.7367
2025-05-19 15:48:52,458 - transvg_coordinates_fixed_20250519_140429 - INFO - Train metrics: l1_loss: 0.3791 | giou_loss: 0.9207 | total_loss: 3.7367
2025-05-19 15:49:10,880 - transvg_coordinates_fixed_20250519_140429 - INFO - Epoch 84, Batch 700/848, Loss: 4.0376
2025-05-19 15:49:10,881 - transvg_coordinates_fixed_20250519_140429 - INFO - Train metrics: l1_loss: 0.4357 | giou_loss: 0.9295 | total_loss: 4.0376
2025-05-19 15:49:29,273 - transvg_coordinates_fixed_20250519_140429 - INFO - Epoch 84, Batch 750/848, Loss: 3.4301
2025-05-19 15:49:29,273 - transvg_coordinates_fixed_20250519_140429 - INFO - Train metrics: l1_loss: 0.3293 | giou_loss: 0.8919 | total_loss: 3.4301
2025-05-19 15:49:47,692 - transvg_coordinates_fixed_20250519_140429 - INFO - Epoch 84, Batch 800/848, Loss: 3.1226
2025-05-19 15:49:47,692 - transvg_coordinates_fixed_20250519_140429 - INFO - Train metrics: l1_loss: 0.3186 | giou_loss: 0.7649 | total_loss: 3.1226
2025-05-19 15:50:05,000 - transvg_coordinates_fixed_20250519_140429 - INFO - Train Epoch 84, Loss: 3.5756
2025-05-19 15:50:21,215 - transvg_coordinates_fixed_20250519_140429 - INFO - Pred box sample: [85.78794860839844, 73.18712615966797, 247.17173767089844, 243.8548583984375]
2025-05-19 15:50:21,215 - transvg_coordinates_fixed_20250519_140429 - INFO - Target box sample: [207.0, 198.0, 287.0, 283.0]
2025-05-19 15:50:21,297 - transvg_coordinates_fixed_20250519_140429 - INFO - Validation Epoch 84, Loss: 4.7231
2025-05-19 15:50:21,297 - transvg_coordinates_fixed_20250519_140429 - INFO - Val metrics: Acc@0.25: 0.3025 | Acc@0.5: 0.1129 | Acc@0.75: 0.0157 | mIoU: 0.1758 | medianIoU: 0.0715 | mae_x1: 105.9439 | mae_y1: 102.9742 | mae_x2: 104.9948 | mae_y2: 102.4438 | center_x_error: 91.6216 | center_y_error: 87.6700 | width_error: 2.0461 | height_error: 2.0078 | loss: 4.7231
2025-05-19 15:50:21,919 - transvg_coordinates_fixed_20250519_140429 - INFO - Saved model checkpoint to /home/pokle/Trans-VG/visual_grounding/checkpoints/transvg_coordinates_fixed_20250519_140429_epoch84.pth
2025-05-19 15:50:21,920 - transvg_coordinates_fixed_20250519_140429 - INFO - Epoch 85/200
2025-05-19 15:50:23,052 - transvg_coordinates_fixed_20250519_140429 - INFO - Epoch 85, Batch 0/848, Loss: 3.6843
2025-05-19 15:50:23,052 - transvg_coordinates_fixed_20250519_140429 - INFO - Train metrics: l1_loss: 0.3837 | giou_loss: 0.8830 | total_loss: 3.6843
2025-05-19 15:50:41,519 - transvg_coordinates_fixed_20250519_140429 - INFO - Epoch 85, Batch 50/848, Loss: 2.8731
2025-05-19 15:50:41,520 - transvg_coordinates_fixed_20250519_140429 - INFO - Train metrics: l1_loss: 0.2720 | giou_loss: 0.7567 | total_loss: 2.8731
2025-05-19 15:51:00,063 - transvg_coordinates_fixed_20250519_140429 - INFO - Epoch 85, Batch 100/848, Loss: 3.1879
2025-05-19 15:51:00,064 - transvg_coordinates_fixed_20250519_140429 - INFO - Train metrics: l1_loss: 0.3055 | giou_loss: 0.8302 | total_loss: 3.1879
2025-05-19 15:51:18,610 - transvg_coordinates_fixed_20250519_140429 - INFO - Epoch 85, Batch 150/848, Loss: 3.8208
2025-05-19 15:51:18,611 - transvg_coordinates_fixed_20250519_140429 - INFO - Train metrics: l1_loss: 0.4116 | giou_loss: 0.8814 | total_loss: 3.8208
2025-05-19 15:51:37,155 - transvg_coordinates_fixed_20250519_140429 - INFO - Epoch 85, Batch 200/848, Loss: 3.4783
2025-05-19 15:51:37,156 - transvg_coordinates_fixed_20250519_140429 - INFO - Train metrics: l1_loss: 0.3441 | giou_loss: 0.8788 | total_loss: 3.4783
2025-05-19 15:51:55,688 - transvg_coordinates_fixed_20250519_140429 - INFO - Epoch 85, Batch 250/848, Loss: 4.1886
2025-05-19 15:51:55,688 - transvg_coordinates_fixed_20250519_140429 - INFO - Train metrics: l1_loss: 0.4441 | giou_loss: 0.9841 | total_loss: 4.1886
2025-05-19 15:52:14,211 - transvg_coordinates_fixed_20250519_140429 - INFO - Epoch 85, Batch 300/848, Loss: 3.2004
2025-05-19 15:52:14,211 - transvg_coordinates_fixed_20250519_140429 - INFO - Train metrics: l1_loss: 0.3097 | giou_loss: 0.8260 | total_loss: 3.2004
2025-05-19 15:52:32,737 - transvg_coordinates_fixed_20250519_140429 - INFO - Epoch 85, Batch 350/848, Loss: 3.8008
2025-05-19 15:52:32,737 - transvg_coordinates_fixed_20250519_140429 - INFO - Train metrics: l1_loss: 0.4085 | giou_loss: 0.8792 | total_loss: 3.8008
2025-05-19 15:52:51,184 - transvg_coordinates_fixed_20250519_140429 - INFO - Epoch 85, Batch 400/848, Loss: 3.8936
2025-05-19 15:52:51,185 - transvg_coordinates_fixed_20250519_140429 - INFO - Train metrics: l1_loss: 0.4019 | giou_loss: 0.9420 | total_loss: 3.8936
2025-05-19 15:53:09,647 - transvg_coordinates_fixed_20250519_140429 - INFO - Epoch 85, Batch 450/848, Loss: 3.6533
2025-05-19 15:53:09,648 - transvg_coordinates_fixed_20250519_140429 - INFO - Train metrics: l1_loss: 0.3766 | giou_loss: 0.8851 | total_loss: 3.6533
2025-05-19 15:53:28,116 - transvg_coordinates_fixed_20250519_140429 - INFO - Epoch 85, Batch 500/848, Loss: 3.1812
2025-05-19 15:53:28,117 - transvg_coordinates_fixed_20250519_140429 - INFO - Train metrics: l1_loss: 0.2994 | giou_loss: 0.8420 | total_loss: 3.1812
2025-05-19 15:53:46,576 - transvg_coordinates_fixed_20250519_140429 - INFO - Epoch 85, Batch 550/848, Loss: 3.9062
2025-05-19 15:53:46,576 - transvg_coordinates_fixed_20250519_140429 - INFO - Train metrics: l1_loss: 0.4043 | giou_loss: 0.9424 | total_loss: 3.9062
2025-05-19 15:54:05,276 - transvg_coordinates_fixed_20250519_140429 - INFO - Epoch 85, Batch 600/848, Loss: 3.1007
2025-05-19 15:54:05,276 - transvg_coordinates_fixed_20250519_140429 - INFO - Train metrics: l1_loss: 0.3019 | giou_loss: 0.7955 | total_loss: 3.1007
2025-05-19 15:54:23,687 - transvg_coordinates_fixed_20250519_140429 - INFO - Epoch 85, Batch 650/848, Loss: 3.3483
2025-05-19 15:54:23,687 - transvg_coordinates_fixed_20250519_140429 - INFO - Train metrics: l1_loss: 0.3458 | giou_loss: 0.8098 | total_loss: 3.3483
2025-05-19 15:54:42,170 - transvg_coordinates_fixed_20250519_140429 - INFO - Epoch 85, Batch 700/848, Loss: 3.8282
2025-05-19 15:54:42,170 - transvg_coordinates_fixed_20250519_140429 - INFO - Train metrics: l1_loss: 0.4062 | giou_loss: 0.8986 | total_loss: 3.8282
2025-05-19 15:55:00,659 - transvg_coordinates_fixed_20250519_140429 - INFO - Epoch 85, Batch 750/848, Loss: 3.6146
2025-05-19 15:55:00,659 - transvg_coordinates_fixed_20250519_140429 - INFO - Train metrics: l1_loss: 0.3549 | giou_loss: 0.9201 | total_loss: 3.6146
2025-05-19 15:55:19,177 - transvg_coordinates_fixed_20250519_140429 - INFO - Epoch 85, Batch 800/848, Loss: 3.8475
2025-05-19 15:55:19,177 - transvg_coordinates_fixed_20250519_140429 - INFO - Train metrics: l1_loss: 0.4231 | giou_loss: 0.8660 | total_loss: 3.8475
2025-05-19 15:55:36,659 - transvg_coordinates_fixed_20250519_140429 - INFO - Train Epoch 85, Loss: 3.5719
2025-05-19 15:55:53,029 - transvg_coordinates_fixed_20250519_140429 - INFO - Pred box sample: [82.75167846679688, 82.739501953125, 250.32899475097656, 243.03128051757812]
2025-05-19 15:55:53,030 - transvg_coordinates_fixed_20250519_140429 - INFO - Target box sample: [207.0, 198.0, 287.0, 283.0]
2025-05-19 15:55:53,112 - transvg_coordinates_fixed_20250519_140429 - INFO - Validation Epoch 85, Loss: 4.7357
2025-05-19 15:55:53,112 - transvg_coordinates_fixed_20250519_140429 - INFO - Val metrics: Acc@0.25: 0.3007 | Acc@0.5: 0.1076 | Acc@0.75: 0.0122 | mIoU: 0.1750 | medianIoU: 0.0723 | mae_x1: 106.9845 | mae_y1: 104.9762 | mae_x2: 107.3668 | mae_y2: 102.4413 | center_x_error: 92.6037 | center_y_error: 87.5841 | width_error: 2.1553 | height_error: 2.1931 | loss: 4.7357
2025-05-19 15:55:53,748 - transvg_coordinates_fixed_20250519_140429 - INFO - Saved model checkpoint to /home/pokle/Trans-VG/visual_grounding/checkpoints/transvg_coordinates_fixed_20250519_140429_epoch85.pth
2025-05-19 15:55:53,748 - transvg_coordinates_fixed_20250519_140429 - INFO - Epoch 86/200
2025-05-19 15:55:54,847 - transvg_coordinates_fixed_20250519_140429 - INFO - Epoch 86, Batch 0/848, Loss: 3.2641
2025-05-19 15:55:54,848 - transvg_coordinates_fixed_20250519_140429 - INFO - Train metrics: l1_loss: 0.3353 | giou_loss: 0.7939 | total_loss: 3.2641
2025-05-19 15:56:13,147 - transvg_coordinates_fixed_20250519_140429 - INFO - Epoch 86, Batch 50/848, Loss: 3.8551
2025-05-19 15:56:13,147 - transvg_coordinates_fixed_20250519_140429 - INFO - Train metrics: l1_loss: 0.3921 | giou_loss: 0.9472 | total_loss: 3.8551
2025-05-19 15:56:31,498 - transvg_coordinates_fixed_20250519_140429 - INFO - Epoch 86, Batch 100/848, Loss: 3.5644
2025-05-19 15:56:31,498 - transvg_coordinates_fixed_20250519_140429 - INFO - Train metrics: l1_loss: 0.3548 | giou_loss: 0.8952 | total_loss: 3.5644
2025-05-19 15:56:49,865 - transvg_coordinates_fixed_20250519_140429 - INFO - Epoch 86, Batch 150/848, Loss: 3.6409
2025-05-19 15:56:49,865 - transvg_coordinates_fixed_20250519_140429 - INFO - Train metrics: l1_loss: 0.3613 | giou_loss: 0.9172 | total_loss: 3.6409
2025-05-19 15:57:08,254 - transvg_coordinates_fixed_20250519_140429 - INFO - Epoch 86, Batch 200/848, Loss: 3.3406
2025-05-19 15:57:08,254 - transvg_coordinates_fixed_20250519_140429 - INFO - Train metrics: l1_loss: 0.3316 | giou_loss: 0.8412 | total_loss: 3.3406
2025-05-19 15:57:26,656 - transvg_coordinates_fixed_20250519_140429 - INFO - Epoch 86, Batch 250/848, Loss: 3.9880
2025-05-19 15:57:26,656 - transvg_coordinates_fixed_20250519_140429 - INFO - Train metrics: l1_loss: 0.4127 | giou_loss: 0.9622 | total_loss: 3.9880
2025-05-19 15:57:45,097 - transvg_coordinates_fixed_20250519_140429 - INFO - Epoch 86, Batch 300/848, Loss: 3.1279
2025-05-19 15:57:45,097 - transvg_coordinates_fixed_20250519_140429 - INFO - Train metrics: l1_loss: 0.3265 | giou_loss: 0.7478 | total_loss: 3.1279
2025-05-19 15:58:03,526 - transvg_coordinates_fixed_20250519_140429 - INFO - Epoch 86, Batch 350/848, Loss: 3.7647
2025-05-19 15:58:03,526 - transvg_coordinates_fixed_20250519_140429 - INFO - Train metrics: l1_loss: 0.3772 | giou_loss: 0.9393 | total_loss: 3.7647
2025-05-19 15:58:21,881 - transvg_coordinates_fixed_20250519_140429 - INFO - Epoch 86, Batch 400/848, Loss: 4.0020
2025-05-19 15:58:21,881 - transvg_coordinates_fixed_20250519_140429 - INFO - Train metrics: l1_loss: 0.4057 | giou_loss: 0.9867 | total_loss: 4.0020
2025-05-19 15:58:40,258 - transvg_coordinates_fixed_20250519_140429 - INFO - Epoch 86, Batch 450/848, Loss: 3.8650
2025-05-19 15:58:40,258 - transvg_coordinates_fixed_20250519_140429 - INFO - Train metrics: l1_loss: 0.3970 | giou_loss: 0.9399 | total_loss: 3.8650
2025-05-19 15:58:58,694 - transvg_coordinates_fixed_20250519_140429 - INFO - Epoch 86, Batch 500/848, Loss: 3.4552
2025-05-19 15:58:58,694 - transvg_coordinates_fixed_20250519_140429 - INFO - Train metrics: l1_loss: 0.3521 | giou_loss: 0.8474 | total_loss: 3.4552
2025-05-19 15:59:17,131 - transvg_coordinates_fixed_20250519_140429 - INFO - Epoch 86, Batch 550/848, Loss: 3.1310
2025-05-19 15:59:17,131 - transvg_coordinates_fixed_20250519_140429 - INFO - Train metrics: l1_loss: 0.3105 | giou_loss: 0.7892 | total_loss: 3.1310
2025-05-19 15:59:35,644 - transvg_coordinates_fixed_20250519_140429 - INFO - Epoch 86, Batch 600/848, Loss: 3.3455
2025-05-19 15:59:35,644 - transvg_coordinates_fixed_20250519_140429 - INFO - Train metrics: l1_loss: 0.3312 | giou_loss: 0.8447 | total_loss: 3.3455
2025-05-19 15:59:54,121 - transvg_coordinates_fixed_20250519_140429 - INFO - Epoch 86, Batch 650/848, Loss: 3.0655
2025-05-19 15:59:54,121 - transvg_coordinates_fixed_20250519_140429 - INFO - Train metrics: l1_loss: 0.2811 | giou_loss: 0.8300 | total_loss: 3.0655
2025-05-19 16:00:12,570 - transvg_coordinates_fixed_20250519_140429 - INFO - Epoch 86, Batch 700/848, Loss: 3.3542
2025-05-19 16:00:12,570 - transvg_coordinates_fixed_20250519_140429 - INFO - Train metrics: l1_loss: 0.3526 | giou_loss: 0.7956 | total_loss: 3.3542
2025-05-19 16:00:31,062 - transvg_coordinates_fixed_20250519_140429 - INFO - Epoch 86, Batch 750/848, Loss: 3.2884
2025-05-19 16:00:31,062 - transvg_coordinates_fixed_20250519_140429 - INFO - Train metrics: l1_loss: 0.3171 | giou_loss: 0.8514 | total_loss: 3.2884
2025-05-19 16:00:49,502 - transvg_coordinates_fixed_20250519_140429 - INFO - Epoch 86, Batch 800/848, Loss: 4.1652
2025-05-19 16:00:49,502 - transvg_coordinates_fixed_20250519_140429 - INFO - Train metrics: l1_loss: 0.4515 | giou_loss: 0.9539 | total_loss: 4.1652
2025-05-19 16:01:06,866 - transvg_coordinates_fixed_20250519_140429 - INFO - Train Epoch 86, Loss: 3.5667
2025-05-19 16:01:23,228 - transvg_coordinates_fixed_20250519_140429 - INFO - Pred box sample: [82.03311157226562, 108.75032806396484, 260.79522705078125, 258.9798583984375]
2025-05-19 16:01:23,229 - transvg_coordinates_fixed_20250519_140429 - INFO - Target box sample: [207.0, 198.0, 287.0, 283.0]
2025-05-19 16:01:23,309 - transvg_coordinates_fixed_20250519_140429 - INFO - Validation Epoch 86, Loss: 4.6936
2025-05-19 16:01:23,309 - transvg_coordinates_fixed_20250519_140429 - INFO - Val metrics: Acc@0.25: 0.3068 | Acc@0.5: 0.1116 | Acc@0.75: 0.0138 | mIoU: 0.1758 | medianIoU: 0.0729 | mae_x1: 104.7672 | mae_y1: 101.9043 | mae_x2: 105.4932 | mae_y2: 101.8285 | center_x_error: 91.4335 | center_y_error: 86.2365 | width_error: 2.0875 | height_error: 2.1163 | loss: 4.6936
2025-05-19 16:01:23,929 - transvg_coordinates_fixed_20250519_140429 - INFO - Saved model checkpoint to /home/pokle/Trans-VG/visual_grounding/checkpoints/transvg_coordinates_fixed_20250519_140429_epoch86.pth
2025-05-19 16:01:23,930 - transvg_coordinates_fixed_20250519_140429 - INFO - Epoch 87/200
2025-05-19 16:01:24,997 - transvg_coordinates_fixed_20250519_140429 - INFO - Epoch 87, Batch 0/848, Loss: 3.3817
2025-05-19 16:01:24,997 - transvg_coordinates_fixed_20250519_140429 - INFO - Train metrics: l1_loss: 0.3348 | giou_loss: 0.8539 | total_loss: 3.3817
2025-05-19 16:01:43,467 - transvg_coordinates_fixed_20250519_140429 - INFO - Epoch 87, Batch 50/848, Loss: 3.6340
2025-05-19 16:01:43,468 - transvg_coordinates_fixed_20250519_140429 - INFO - Train metrics: l1_loss: 0.3589 | giou_loss: 0.9198 | total_loss: 3.6340
2025-05-19 16:02:02,072 - transvg_coordinates_fixed_20250519_140429 - INFO - Epoch 87, Batch 100/848, Loss: 3.5583
2025-05-19 16:02:02,073 - transvg_coordinates_fixed_20250519_140429 - INFO - Train metrics: l1_loss: 0.3437 | giou_loss: 0.9199 | total_loss: 3.5583
2025-05-19 16:02:20,793 - transvg_coordinates_fixed_20250519_140429 - INFO - Epoch 87, Batch 150/848, Loss: 3.5845
2025-05-19 16:02:20,794 - transvg_coordinates_fixed_20250519_140429 - INFO - Train metrics: l1_loss: 0.3533 | giou_loss: 0.9091 | total_loss: 3.5845
2025-05-19 16:02:39,348 - transvg_coordinates_fixed_20250519_140429 - INFO - Epoch 87, Batch 200/848, Loss: 3.6362
2025-05-19 16:02:39,348 - transvg_coordinates_fixed_20250519_140429 - INFO - Train metrics: l1_loss: 0.3674 | giou_loss: 0.8996 | total_loss: 3.6362
2025-05-19 16:02:57,908 - transvg_coordinates_fixed_20250519_140429 - INFO - Epoch 87, Batch 250/848, Loss: 3.7318
2025-05-19 16:02:57,908 - transvg_coordinates_fixed_20250519_140429 - INFO - Train metrics: l1_loss: 0.3643 | giou_loss: 0.9550 | total_loss: 3.7318
2025-05-19 16:03:16,493 - transvg_coordinates_fixed_20250519_140429 - INFO - Epoch 87, Batch 300/848, Loss: 3.3282
2025-05-19 16:03:16,493 - transvg_coordinates_fixed_20250519_140429 - INFO - Train metrics: l1_loss: 0.3380 | giou_loss: 0.8191 | total_loss: 3.3282
2025-05-19 16:03:35,068 - transvg_coordinates_fixed_20250519_140429 - INFO - Epoch 87, Batch 350/848, Loss: 3.3260
2025-05-19 16:03:35,068 - transvg_coordinates_fixed_20250519_140429 - INFO - Train metrics: l1_loss: 0.3073 | giou_loss: 0.8947 | total_loss: 3.3260
2025-05-19 16:03:53,708 - transvg_coordinates_fixed_20250519_140429 - INFO - Epoch 87, Batch 400/848, Loss: 4.1325
2025-05-19 16:03:53,708 - transvg_coordinates_fixed_20250519_140429 - INFO - Train metrics: l1_loss: 0.4339 | giou_loss: 0.9815 | total_loss: 4.1325
2025-05-19 16:04:12,286 - transvg_coordinates_fixed_20250519_140429 - INFO - Epoch 87, Batch 450/848, Loss: 3.3585
2025-05-19 16:04:12,287 - transvg_coordinates_fixed_20250519_140429 - INFO - Train metrics: l1_loss: 0.3413 | giou_loss: 0.8260 | total_loss: 3.3585
2025-05-19 16:04:30,871 - transvg_coordinates_fixed_20250519_140429 - INFO - Epoch 87, Batch 500/848, Loss: 3.5960
2025-05-19 16:04:30,871 - transvg_coordinates_fixed_20250519_140429 - INFO - Train metrics: l1_loss: 0.3587 | giou_loss: 0.9012 | total_loss: 3.5960
2025-05-19 16:04:49,438 - transvg_coordinates_fixed_20250519_140429 - INFO - Epoch 87, Batch 550/848, Loss: 3.3948
2025-05-19 16:04:49,438 - transvg_coordinates_fixed_20250519_140429 - INFO - Train metrics: l1_loss: 0.3642 | giou_loss: 0.7870 | total_loss: 3.3948
2025-05-19 16:05:08,033 - transvg_coordinates_fixed_20250519_140429 - INFO - Epoch 87, Batch 600/848, Loss: 3.5501
2025-05-19 16:05:08,033 - transvg_coordinates_fixed_20250519_140429 - INFO - Train metrics: l1_loss: 0.3305 | giou_loss: 0.9487 | total_loss: 3.5501
2025-05-19 16:05:26,577 - transvg_coordinates_fixed_20250519_140429 - INFO - Epoch 87, Batch 650/848, Loss: 3.3460
2025-05-19 16:05:26,577 - transvg_coordinates_fixed_20250519_140429 - INFO - Train metrics: l1_loss: 0.3316 | giou_loss: 0.8439 | total_loss: 3.3460
2025-05-19 16:05:45,180 - transvg_coordinates_fixed_20250519_140429 - INFO - Epoch 87, Batch 700/848, Loss: 3.6019
2025-05-19 16:05:45,180 - transvg_coordinates_fixed_20250519_140429 - INFO - Train metrics: l1_loss: 0.3765 | giou_loss: 0.8596 | total_loss: 3.6019
2025-05-19 16:06:03,708 - transvg_coordinates_fixed_20250519_140429 - INFO - Epoch 87, Batch 750/848, Loss: 3.1398
2025-05-19 16:06:03,709 - transvg_coordinates_fixed_20250519_140429 - INFO - Train metrics: l1_loss: 0.3397 | giou_loss: 0.7206 | total_loss: 3.1398
2025-05-19 16:06:22,289 - transvg_coordinates_fixed_20250519_140429 - INFO - Epoch 87, Batch 800/848, Loss: 4.3575
2025-05-19 16:06:22,289 - transvg_coordinates_fixed_20250519_140429 - INFO - Train metrics: l1_loss: 0.4572 | giou_loss: 1.0358 | total_loss: 4.3575
2025-05-19 16:06:39,769 - transvg_coordinates_fixed_20250519_140429 - INFO - Train Epoch 87, Loss: 3.5687
2025-05-19 16:06:56,313 - transvg_coordinates_fixed_20250519_140429 - INFO - Pred box sample: [66.25541687011719, 91.64924621582031, 242.40757751464844, 258.5948181152344]
2025-05-19 16:06:56,314 - transvg_coordinates_fixed_20250519_140429 - INFO - Target box sample: [207.0, 198.0, 287.0, 283.0]
2025-05-19 16:06:56,405 - transvg_coordinates_fixed_20250519_140429 - INFO - Validation Epoch 87, Loss: 4.7815
2025-05-19 16:06:56,405 - transvg_coordinates_fixed_20250519_140429 - INFO - Val metrics: Acc@0.25: 0.2900 | Acc@0.5: 0.1057 | Acc@0.75: 0.0127 | mIoU: 0.1703 | medianIoU: 0.0686 | mae_x1: 109.2718 | mae_y1: 102.2394 | mae_x2: 106.7252 | mae_y2: 104.3909 | center_x_error: 94.0878 | center_y_error: 88.8448 | width_error: 2.1220 | height_error: 1.9594 | loss: 4.7815
2025-05-19 16:06:57,039 - transvg_coordinates_fixed_20250519_140429 - INFO - Saved model checkpoint to /home/pokle/Trans-VG/visual_grounding/checkpoints/transvg_coordinates_fixed_20250519_140429_epoch87.pth
2025-05-19 16:06:57,040 - transvg_coordinates_fixed_20250519_140429 - INFO - Epoch 88/200
2025-05-19 16:06:58,172 - transvg_coordinates_fixed_20250519_140429 - INFO - Epoch 88, Batch 0/848, Loss: 3.2571
2025-05-19 16:06:58,173 - transvg_coordinates_fixed_20250519_140429 - INFO - Train metrics: l1_loss: 0.3278 | giou_loss: 0.8090 | total_loss: 3.2571
2025-05-19 16:07:16,570 - transvg_coordinates_fixed_20250519_140429 - INFO - Epoch 88, Batch 50/848, Loss: 3.4123
2025-05-19 16:07:16,570 - transvg_coordinates_fixed_20250519_140429 - INFO - Train metrics: l1_loss: 0.3615 | giou_loss: 0.8025 | total_loss: 3.4123
2025-05-19 16:07:35,085 - transvg_coordinates_fixed_20250519_140429 - INFO - Epoch 88, Batch 100/848, Loss: 3.2595
2025-05-19 16:07:35,086 - transvg_coordinates_fixed_20250519_140429 - INFO - Train metrics: l1_loss: 0.3067 | giou_loss: 0.8629 | total_loss: 3.2595
2025-05-19 16:07:53,591 - transvg_coordinates_fixed_20250519_140429 - INFO - Epoch 88, Batch 150/848, Loss: 4.0069
2025-05-19 16:07:53,592 - transvg_coordinates_fixed_20250519_140429 - INFO - Train metrics: l1_loss: 0.4121 | giou_loss: 0.9731 | total_loss: 4.0069
2025-05-19 16:08:12,056 - transvg_coordinates_fixed_20250519_140429 - INFO - Epoch 88, Batch 200/848, Loss: 3.4420
2025-05-19 16:08:12,057 - transvg_coordinates_fixed_20250519_140429 - INFO - Train metrics: l1_loss: 0.3487 | giou_loss: 0.8492 | total_loss: 3.4420
2025-05-19 16:08:30,534 - transvg_coordinates_fixed_20250519_140429 - INFO - Epoch 88, Batch 250/848, Loss: 4.2569
2025-05-19 16:08:30,534 - transvg_coordinates_fixed_20250519_140429 - INFO - Train metrics: l1_loss: 0.4533 | giou_loss: 0.9951 | total_loss: 4.2569
2025-05-19 16:08:49,050 - transvg_coordinates_fixed_20250519_140429 - INFO - Epoch 88, Batch 300/848, Loss: 3.3855
2025-05-19 16:08:49,051 - transvg_coordinates_fixed_20250519_140429 - INFO - Train metrics: l1_loss: 0.3395 | giou_loss: 0.8440 | total_loss: 3.3855
2025-05-19 16:09:07,560 - transvg_coordinates_fixed_20250519_140429 - INFO - Epoch 88, Batch 350/848, Loss: 2.9876
2025-05-19 16:09:07,561 - transvg_coordinates_fixed_20250519_140429 - INFO - Train metrics: l1_loss: 0.2978 | giou_loss: 0.7494 | total_loss: 2.9876
2025-05-19 16:09:26,068 - transvg_coordinates_fixed_20250519_140429 - INFO - Epoch 88, Batch 400/848, Loss: 3.3343
2025-05-19 16:09:26,068 - transvg_coordinates_fixed_20250519_140429 - INFO - Train metrics: l1_loss: 0.3228 | giou_loss: 0.8601 | total_loss: 3.3343
2025-05-19 16:09:44,609 - transvg_coordinates_fixed_20250519_140429 - INFO - Epoch 88, Batch 450/848, Loss: 3.2736
2025-05-19 16:09:44,609 - transvg_coordinates_fixed_20250519_140429 - INFO - Train metrics: l1_loss: 0.3228 | giou_loss: 0.8298 | total_loss: 3.2736
2025-05-19 16:10:03,146 - transvg_coordinates_fixed_20250519_140429 - INFO - Epoch 88, Batch 500/848, Loss: 3.7023
2025-05-19 16:10:03,147 - transvg_coordinates_fixed_20250519_140429 - INFO - Train metrics: l1_loss: 0.3655 | giou_loss: 0.9373 | total_loss: 3.7023
2025-05-19 16:10:21,804 - transvg_coordinates_fixed_20250519_140429 - INFO - Epoch 88, Batch 550/848, Loss: 3.1516
2025-05-19 16:10:21,805 - transvg_coordinates_fixed_20250519_140429 - INFO - Train metrics: l1_loss: 0.3096 | giou_loss: 0.8017 | total_loss: 3.1516
2025-05-19 16:10:40,352 - transvg_coordinates_fixed_20250519_140429 - INFO - Epoch 88, Batch 600/848, Loss: 3.0953
2025-05-19 16:10:40,352 - transvg_coordinates_fixed_20250519_140429 - INFO - Train metrics: l1_loss: 0.3175 | giou_loss: 0.7538 | total_loss: 3.0953
2025-05-19 16:10:58,889 - transvg_coordinates_fixed_20250519_140429 - INFO - Epoch 88, Batch 650/848, Loss: 3.7624
2025-05-19 16:10:58,890 - transvg_coordinates_fixed_20250519_140429 - INFO - Train metrics: l1_loss: 0.4015 | giou_loss: 0.8774 | total_loss: 3.7624
2025-05-19 16:11:17,448 - transvg_coordinates_fixed_20250519_140429 - INFO - Epoch 88, Batch 700/848, Loss: 3.1995
2025-05-19 16:11:17,449 - transvg_coordinates_fixed_20250519_140429 - INFO - Train metrics: l1_loss: 0.3172 | giou_loss: 0.8067 | total_loss: 3.1995
2025-05-19 16:11:36,019 - transvg_coordinates_fixed_20250519_140429 - INFO - Epoch 88, Batch 750/848, Loss: 3.4749
2025-05-19 16:11:36,020 - transvg_coordinates_fixed_20250519_140429 - INFO - Train metrics: l1_loss: 0.3283 | giou_loss: 0.9168 | total_loss: 3.4749
2025-05-19 16:11:54,574 - transvg_coordinates_fixed_20250519_140429 - INFO - Epoch 88, Batch 800/848, Loss: 3.0560
2025-05-19 16:11:54,574 - transvg_coordinates_fixed_20250519_140429 - INFO - Train metrics: l1_loss: 0.2850 | giou_loss: 0.8156 | total_loss: 3.0560
2025-05-19 16:12:12,074 - transvg_coordinates_fixed_20250519_140429 - INFO - Train Epoch 88, Loss: 3.5615
2025-05-19 16:12:28,415 - transvg_coordinates_fixed_20250519_140429 - INFO - Pred box sample: [95.44906616210938, 90.48973083496094, 217.27908325195312, 249.57664489746094]
2025-05-19 16:12:28,416 - transvg_coordinates_fixed_20250519_140429 - INFO - Target box sample: [207.0, 198.0, 287.0, 283.0]
2025-05-19 16:12:28,491 - transvg_coordinates_fixed_20250519_140429 - INFO - Validation Epoch 88, Loss: 4.7582
2025-05-19 16:12:28,491 - transvg_coordinates_fixed_20250519_140429 - INFO - Val metrics: Acc@0.25: 0.2954 | Acc@0.5: 0.1094 | Acc@0.75: 0.0146 | mIoU: 0.1703 | medianIoU: 0.0649 | mae_x1: 105.0927 | mae_y1: 103.4762 | mae_x2: 106.4110 | mae_y2: 102.6526 | center_x_error: 92.8966 | center_y_error: 88.7194 | width_error: 1.9192 | height_error: 1.9933 | loss: 4.7582
2025-05-19 16:12:29,100 - transvg_coordinates_fixed_20250519_140429 - INFO - Saved model checkpoint to /home/pokle/Trans-VG/visual_grounding/checkpoints/transvg_coordinates_fixed_20250519_140429_epoch88.pth
2025-05-19 16:12:29,101 - transvg_coordinates_fixed_20250519_140429 - INFO - Epoch 89/200
2025-05-19 16:12:30,251 - transvg_coordinates_fixed_20250519_140429 - INFO - Epoch 89, Batch 0/848, Loss: 3.2080
2025-05-19 16:12:30,251 - transvg_coordinates_fixed_20250519_140429 - INFO - Train metrics: l1_loss: 0.2961 | giou_loss: 0.8637 | total_loss: 3.2080
2025-05-19 16:12:48,492 - transvg_coordinates_fixed_20250519_140429 - INFO - Epoch 89, Batch 50/848, Loss: 3.5006
2025-05-19 16:12:48,492 - transvg_coordinates_fixed_20250519_140429 - INFO - Train metrics: l1_loss: 0.3457 | giou_loss: 0.8860 | total_loss: 3.5006
2025-05-19 16:13:06,889 - transvg_coordinates_fixed_20250519_140429 - INFO - Epoch 89, Batch 100/848, Loss: 3.7358
2025-05-19 16:13:06,890 - transvg_coordinates_fixed_20250519_140429 - INFO - Train metrics: l1_loss: 0.3791 | giou_loss: 0.9200 | total_loss: 3.7358
2025-05-19 16:13:25,362 - transvg_coordinates_fixed_20250519_140429 - INFO - Epoch 89, Batch 150/848, Loss: 3.2209
2025-05-19 16:13:25,363 - transvg_coordinates_fixed_20250519_140429 - INFO - Train metrics: l1_loss: 0.3132 | giou_loss: 0.8275 | total_loss: 3.2209
2025-05-19 16:13:43,856 - transvg_coordinates_fixed_20250519_140429 - INFO - Epoch 89, Batch 200/848, Loss: 3.2177
2025-05-19 16:13:43,856 - transvg_coordinates_fixed_20250519_140429 - INFO - Train metrics: l1_loss: 0.3186 | giou_loss: 0.8125 | total_loss: 3.2177
2025-05-19 16:14:02,369 - transvg_coordinates_fixed_20250519_140429 - INFO - Epoch 89, Batch 250/848, Loss: 3.8957
2025-05-19 16:14:02,369 - transvg_coordinates_fixed_20250519_140429 - INFO - Train metrics: l1_loss: 0.4148 | giou_loss: 0.9107 | total_loss: 3.8957
2025-05-19 16:14:20,886 - transvg_coordinates_fixed_20250519_140429 - INFO - Epoch 89, Batch 300/848, Loss: 3.3905
2025-05-19 16:14:20,886 - transvg_coordinates_fixed_20250519_140429 - INFO - Train metrics: l1_loss: 0.3600 | giou_loss: 0.7952 | total_loss: 3.3905
2025-05-19 16:14:39,433 - transvg_coordinates_fixed_20250519_140429 - INFO - Epoch 89, Batch 350/848, Loss: 3.2431
2025-05-19 16:14:39,433 - transvg_coordinates_fixed_20250519_140429 - INFO - Train metrics: l1_loss: 0.3252 | giou_loss: 0.8085 | total_loss: 3.2431
2025-05-19 16:14:57,937 - transvg_coordinates_fixed_20250519_140429 - INFO - Epoch 89, Batch 400/848, Loss: 3.3094
2025-05-19 16:14:57,937 - transvg_coordinates_fixed_20250519_140429 - INFO - Train metrics: l1_loss: 0.3432 | giou_loss: 0.7968 | total_loss: 3.3094
2025-05-19 16:15:16,417 - transvg_coordinates_fixed_20250519_140429 - INFO - Epoch 89, Batch 450/848, Loss: 3.5440
2025-05-19 16:15:16,418 - transvg_coordinates_fixed_20250519_140429 - INFO - Train metrics: l1_loss: 0.3552 | giou_loss: 0.8841 | total_loss: 3.5440
2025-05-19 16:15:34,951 - transvg_coordinates_fixed_20250519_140429 - INFO - Epoch 89, Batch 500/848, Loss: 3.1275
2025-05-19 16:15:34,951 - transvg_coordinates_fixed_20250519_140429 - INFO - Train metrics: l1_loss: 0.3213 | giou_loss: 0.7606 | total_loss: 3.1275
2025-05-19 16:15:53,483 - transvg_coordinates_fixed_20250519_140429 - INFO - Epoch 89, Batch 550/848, Loss: 3.2690
2025-05-19 16:15:53,483 - transvg_coordinates_fixed_20250519_140429 - INFO - Train metrics: l1_loss: 0.3259 | giou_loss: 0.8197 | total_loss: 3.2690
2025-05-19 16:16:11,970 - transvg_coordinates_fixed_20250519_140429 - INFO - Epoch 89, Batch 600/848, Loss: 3.7663
2025-05-19 16:16:11,970 - transvg_coordinates_fixed_20250519_140429 - INFO - Train metrics: l1_loss: 0.3713 | giou_loss: 0.9549 | total_loss: 3.7663
2025-05-19 16:16:30,470 - transvg_coordinates_fixed_20250519_140429 - INFO - Epoch 89, Batch 650/848, Loss: 3.3988
2025-05-19 16:16:30,470 - transvg_coordinates_fixed_20250519_140429 - INFO - Train metrics: l1_loss: 0.3372 | giou_loss: 0.8564 | total_loss: 3.3988
2025-05-19 16:16:48,905 - transvg_coordinates_fixed_20250519_140429 - INFO - Epoch 89, Batch 700/848, Loss: 4.0273
2025-05-19 16:16:48,905 - transvg_coordinates_fixed_20250519_140429 - INFO - Train metrics: l1_loss: 0.4222 | giou_loss: 0.9581 | total_loss: 4.0273
2025-05-19 16:17:07,242 - transvg_coordinates_fixed_20250519_140429 - INFO - Epoch 89, Batch 750/848, Loss: 3.6558
2025-05-19 16:17:07,243 - transvg_coordinates_fixed_20250519_140429 - INFO - Train metrics: l1_loss: 0.3403 | giou_loss: 0.9773 | total_loss: 3.6558
2025-05-19 16:17:25,493 - transvg_coordinates_fixed_20250519_140429 - INFO - Epoch 89, Batch 800/848, Loss: 3.1971
2025-05-19 16:17:25,493 - transvg_coordinates_fixed_20250519_140429 - INFO - Train metrics: l1_loss: 0.3290 | giou_loss: 0.7759 | total_loss: 3.1971
2025-05-19 16:17:42,634 - transvg_coordinates_fixed_20250519_140429 - INFO - Train Epoch 89, Loss: 3.5587
2025-05-19 16:17:59,100 - transvg_coordinates_fixed_20250519_140429 - INFO - Pred box sample: [70.14833068847656, 83.63089752197266, 249.09278869628906, 230.4037628173828]
2025-05-19 16:17:59,101 - transvg_coordinates_fixed_20250519_140429 - INFO - Target box sample: [207.0, 198.0, 287.0, 283.0]
2025-05-19 16:17:59,182 - transvg_coordinates_fixed_20250519_140429 - INFO - Validation Epoch 89, Loss: 4.7240
2025-05-19 16:17:59,182 - transvg_coordinates_fixed_20250519_140429 - INFO - Val metrics: Acc@0.25: 0.2980 | Acc@0.5: 0.1121 | Acc@0.75: 0.0151 | mIoU: 0.1754 | medianIoU: 0.0712 | mae_x1: 107.5104 | mae_y1: 104.5022 | mae_x2: 106.1118 | mae_y2: 102.1928 | center_x_error: 92.2874 | center_y_error: 87.5331 | width_error: 2.2054 | height_error: 2.1622 | loss: 4.7240
2025-05-19 16:17:59,804 - transvg_coordinates_fixed_20250519_140429 - INFO - Saved model checkpoint to /home/pokle/Trans-VG/visual_grounding/checkpoints/transvg_coordinates_fixed_20250519_140429_epoch89.pth
2025-05-19 16:17:59,805 - transvg_coordinates_fixed_20250519_140429 - INFO - Epoch 90/200
2025-05-19 16:18:00,886 - transvg_coordinates_fixed_20250519_140429 - INFO - Epoch 90, Batch 0/848, Loss: 3.4421
2025-05-19 16:18:00,886 - transvg_coordinates_fixed_20250519_140429 - INFO - Train metrics: l1_loss: 0.3529 | giou_loss: 0.8389 | total_loss: 3.4421
2025-05-19 16:18:18,969 - transvg_coordinates_fixed_20250519_140429 - INFO - Epoch 90, Batch 50/848, Loss: 3.4231
2025-05-19 16:18:18,969 - transvg_coordinates_fixed_20250519_140429 - INFO - Train metrics: l1_loss: 0.3246 | giou_loss: 0.8999 | total_loss: 3.4231
2025-05-19 16:18:37,220 - transvg_coordinates_fixed_20250519_140429 - INFO - Epoch 90, Batch 100/848, Loss: 3.5657
2025-05-19 16:18:37,220 - transvg_coordinates_fixed_20250519_140429 - INFO - Train metrics: l1_loss: 0.3748 | giou_loss: 0.8458 | total_loss: 3.5657
2025-05-19 16:18:55,318 - transvg_coordinates_fixed_20250519_140429 - INFO - Epoch 90, Batch 150/848, Loss: 3.9762
2025-05-19 16:18:55,318 - transvg_coordinates_fixed_20250519_140429 - INFO - Train metrics: l1_loss: 0.4104 | giou_loss: 0.9621 | total_loss: 3.9762
2025-05-19 16:19:13,450 - transvg_coordinates_fixed_20250519_140429 - INFO - Epoch 90, Batch 200/848, Loss: 4.1789
2025-05-19 16:19:13,450 - transvg_coordinates_fixed_20250519_140429 - INFO - Train metrics: l1_loss: 0.4248 | giou_loss: 1.0274 | total_loss: 4.1789
2025-05-19 16:19:31,561 - transvg_coordinates_fixed_20250519_140429 - INFO - Epoch 90, Batch 250/848, Loss: 3.7902
2025-05-19 16:19:31,561 - transvg_coordinates_fixed_20250519_140429 - INFO - Train metrics: l1_loss: 0.3904 | giou_loss: 0.9191 | total_loss: 3.7902
2025-05-19 16:19:49,676 - transvg_coordinates_fixed_20250519_140429 - INFO - Epoch 90, Batch 300/848, Loss: 3.8386
2025-05-19 16:19:49,676 - transvg_coordinates_fixed_20250519_140429 - INFO - Train metrics: l1_loss: 0.4245 | giou_loss: 0.8579 | total_loss: 3.8386
2025-05-19 16:20:07,863 - transvg_coordinates_fixed_20250519_140429 - INFO - Epoch 90, Batch 350/848, Loss: 3.5806
2025-05-19 16:20:07,863 - transvg_coordinates_fixed_20250519_140429 - INFO - Train metrics: l1_loss: 0.3661 | giou_loss: 0.8750 | total_loss: 3.5806
2025-05-19 16:20:26,070 - transvg_coordinates_fixed_20250519_140429 - INFO - Epoch 90, Batch 400/848, Loss: 3.3721
2025-05-19 16:20:26,070 - transvg_coordinates_fixed_20250519_140429 - INFO - Train metrics: l1_loss: 0.3625 | giou_loss: 0.7798 | total_loss: 3.3721
2025-05-19 16:20:44,316 - transvg_coordinates_fixed_20250519_140429 - INFO - Epoch 90, Batch 450/848, Loss: 3.5106
2025-05-19 16:20:44,316 - transvg_coordinates_fixed_20250519_140429 - INFO - Train metrics: l1_loss: 0.3520 | giou_loss: 0.8754 | total_loss: 3.5106
2025-05-19 16:21:02,603 - transvg_coordinates_fixed_20250519_140429 - INFO - Epoch 90, Batch 500/848, Loss: 3.8332
2025-05-19 16:21:02,603 - transvg_coordinates_fixed_20250519_140429 - INFO - Train metrics: l1_loss: 0.3886 | giou_loss: 0.9452 | total_loss: 3.8332
2025-05-19 16:21:20,905 - transvg_coordinates_fixed_20250519_140429 - INFO - Epoch 90, Batch 550/848, Loss: 3.9935
2025-05-19 16:21:20,905 - transvg_coordinates_fixed_20250519_140429 - INFO - Train metrics: l1_loss: 0.4112 | giou_loss: 0.9688 | total_loss: 3.9935
2025-05-19 16:21:39,203 - transvg_coordinates_fixed_20250519_140429 - INFO - Epoch 90, Batch 600/848, Loss: 3.8787
2025-05-19 16:21:39,204 - transvg_coordinates_fixed_20250519_140429 - INFO - Train metrics: l1_loss: 0.4015 | giou_loss: 0.9355 | total_loss: 3.8787
2025-05-19 16:21:57,503 - transvg_coordinates_fixed_20250519_140429 - INFO - Epoch 90, Batch 650/848, Loss: 3.3367
2025-05-19 16:21:57,503 - transvg_coordinates_fixed_20250519_140429 - INFO - Train metrics: l1_loss: 0.3367 | giou_loss: 0.8265 | total_loss: 3.3367
2025-05-19 16:22:15,882 - transvg_coordinates_fixed_20250519_140429 - INFO - Epoch 90, Batch 700/848, Loss: 4.3342
2025-05-19 16:22:15,882 - transvg_coordinates_fixed_20250519_140429 - INFO - Train metrics: l1_loss: 0.4595 | giou_loss: 1.0184 | total_loss: 4.3342
2025-05-19 16:22:34,223 - transvg_coordinates_fixed_20250519_140429 - INFO - Epoch 90, Batch 750/848, Loss: 3.8546
2025-05-19 16:22:34,223 - transvg_coordinates_fixed_20250519_140429 - INFO - Train metrics: l1_loss: 0.4147 | giou_loss: 0.8905 | total_loss: 3.8546
2025-05-19 16:22:52,571 - transvg_coordinates_fixed_20250519_140429 - INFO - Epoch 90, Batch 800/848, Loss: 3.8959
2025-05-19 16:22:52,571 - transvg_coordinates_fixed_20250519_140429 - INFO - Train metrics: l1_loss: 0.3873 | giou_loss: 0.9798 | total_loss: 3.8959
2025-05-19 16:23:09,868 - transvg_coordinates_fixed_20250519_140429 - INFO - Train Epoch 90, Loss: 3.5536
2025-05-19 16:23:26,513 - transvg_coordinates_fixed_20250519_140429 - INFO - Pred box sample: [80.9719009399414, 92.03718566894531, 259.7223815917969, 231.16824340820312]
2025-05-19 16:23:26,514 - transvg_coordinates_fixed_20250519_140429 - INFO - Target box sample: [207.0, 198.0, 287.0, 283.0]
2025-05-19 16:23:26,595 - transvg_coordinates_fixed_20250519_140429 - INFO - Validation Epoch 90, Loss: 4.7344
2025-05-19 16:23:26,596 - transvg_coordinates_fixed_20250519_140429 - INFO - Val metrics: Acc@0.25: 0.3007 | Acc@0.5: 0.1113 | Acc@0.75: 0.0135 | mIoU: 0.1752 | medianIoU: 0.0717 | mae_x1: 108.2001 | mae_y1: 103.8302 | mae_x2: 107.3057 | mae_y2: 101.2581 | center_x_error: 92.0982 | center_y_error: 87.2137 | width_error: 2.3540 | height_error: 1.9732 | loss: 4.7344
2025-05-19 16:23:27,230 - transvg_coordinates_fixed_20250519_140429 - INFO - Saved model checkpoint to /home/pokle/Trans-VG/visual_grounding/checkpoints/transvg_coordinates_fixed_20250519_140429_epoch90.pth
2025-05-19 16:23:27,231 - transvg_coordinates_fixed_20250519_140429 - INFO - Epoch 91/200
2025-05-19 16:23:28,282 - transvg_coordinates_fixed_20250519_140429 - INFO - Epoch 91, Batch 0/848, Loss: 3.6909
2025-05-19 16:23:28,283 - transvg_coordinates_fixed_20250519_140429 - INFO - Train metrics: l1_loss: 0.3838 | giou_loss: 0.8858 | total_loss: 3.6909
2025-05-19 16:23:46,493 - transvg_coordinates_fixed_20250519_140429 - INFO - Epoch 91, Batch 50/848, Loss: 4.0045
2025-05-19 16:23:46,493 - transvg_coordinates_fixed_20250519_140429 - INFO - Train metrics: l1_loss: 0.4286 | giou_loss: 0.9308 | total_loss: 4.0045
2025-05-19 16:24:04,866 - transvg_coordinates_fixed_20250519_140429 - INFO - Epoch 91, Batch 100/848, Loss: 3.4144
2025-05-19 16:24:04,867 - transvg_coordinates_fixed_20250519_140429 - INFO - Train metrics: l1_loss: 0.3431 | giou_loss: 0.8494 | total_loss: 3.4144
2025-05-19 16:24:23,213 - transvg_coordinates_fixed_20250519_140429 - INFO - Epoch 91, Batch 150/848, Loss: 3.5443
2025-05-19 16:24:23,213 - transvg_coordinates_fixed_20250519_140429 - INFO - Train metrics: l1_loss: 0.3566 | giou_loss: 0.8806 | total_loss: 3.5443
2025-05-19 16:24:41,551 - transvg_coordinates_fixed_20250519_140429 - INFO - Epoch 91, Batch 200/848, Loss: 3.5031
2025-05-19 16:24:41,551 - transvg_coordinates_fixed_20250519_140429 - INFO - Train metrics: l1_loss: 0.3716 | giou_loss: 0.8225 | total_loss: 3.5031
2025-05-19 16:25:00,000 - transvg_coordinates_fixed_20250519_140429 - INFO - Epoch 91, Batch 250/848, Loss: 3.1413
2025-05-19 16:25:00,000 - transvg_coordinates_fixed_20250519_140429 - INFO - Train metrics: l1_loss: 0.3089 | giou_loss: 0.7984 | total_loss: 3.1413
2025-05-19 16:25:18,404 - transvg_coordinates_fixed_20250519_140429 - INFO - Epoch 91, Batch 300/848, Loss: 3.4589
2025-05-19 16:25:18,404 - transvg_coordinates_fixed_20250519_140429 - INFO - Train metrics: l1_loss: 0.3601 | giou_loss: 0.8292 | total_loss: 3.4589
2025-05-19 16:25:36,772 - transvg_coordinates_fixed_20250519_140429 - INFO - Epoch 91, Batch 350/848, Loss: 3.5289
2025-05-19 16:25:36,773 - transvg_coordinates_fixed_20250519_140429 - INFO - Train metrics: l1_loss: 0.3451 | giou_loss: 0.9017 | total_loss: 3.5289
2025-05-19 16:25:55,095 - transvg_coordinates_fixed_20250519_140429 - INFO - Epoch 91, Batch 400/848, Loss: 3.7517
2025-05-19 16:25:55,095 - transvg_coordinates_fixed_20250519_140429 - INFO - Train metrics: l1_loss: 0.3723 | giou_loss: 0.9451 | total_loss: 3.7517
2025-05-19 16:26:13,406 - transvg_coordinates_fixed_20250519_140429 - INFO - Epoch 91, Batch 450/848, Loss: 2.8220
2025-05-19 16:26:13,406 - transvg_coordinates_fixed_20250519_140429 - INFO - Train metrics: l1_loss: 0.2623 | giou_loss: 0.7552 | total_loss: 2.8220
2025-05-19 16:26:31,894 - transvg_coordinates_fixed_20250519_140429 - INFO - Epoch 91, Batch 500/848, Loss: 3.4875
2025-05-19 16:26:31,894 - transvg_coordinates_fixed_20250519_140429 - INFO - Train metrics: l1_loss: 0.3506 | giou_loss: 0.8672 | total_loss: 3.4875
2025-05-19 16:26:50,191 - transvg_coordinates_fixed_20250519_140429 - INFO - Epoch 91, Batch 550/848, Loss: 3.6830
2025-05-19 16:26:50,191 - transvg_coordinates_fixed_20250519_140429 - INFO - Train metrics: l1_loss: 0.3878 | giou_loss: 0.8720 | total_loss: 3.6830
2025-05-19 16:27:08,510 - transvg_coordinates_fixed_20250519_140429 - INFO - Epoch 91, Batch 600/848, Loss: 4.3669
2025-05-19 16:27:08,510 - transvg_coordinates_fixed_20250519_140429 - INFO - Train metrics: l1_loss: 0.4730 | giou_loss: 1.0008 | total_loss: 4.3669
2025-05-19 16:27:26,819 - transvg_coordinates_fixed_20250519_140429 - INFO - Epoch 91, Batch 650/848, Loss: 3.2052
2025-05-19 16:27:26,820 - transvg_coordinates_fixed_20250519_140429 - INFO - Train metrics: l1_loss: 0.3227 | giou_loss: 0.7959 | total_loss: 3.2052
2025-05-19 16:27:45,121 - transvg_coordinates_fixed_20250519_140429 - INFO - Epoch 91, Batch 700/848, Loss: 3.5397
2025-05-19 16:27:45,121 - transvg_coordinates_fixed_20250519_140429 - INFO - Train metrics: l1_loss: 0.3550 | giou_loss: 0.8824 | total_loss: 3.5397
2025-05-19 16:28:03,457 - transvg_coordinates_fixed_20250519_140429 - INFO - Epoch 91, Batch 750/848, Loss: 3.1024
2025-05-19 16:28:03,457 - transvg_coordinates_fixed_20250519_140429 - INFO - Train metrics: l1_loss: 0.3224 | giou_loss: 0.7451 | total_loss: 3.1024
2025-05-19 16:28:21,844 - transvg_coordinates_fixed_20250519_140429 - INFO - Epoch 91, Batch 800/848, Loss: 3.1539
2025-05-19 16:28:21,844 - transvg_coordinates_fixed_20250519_140429 - INFO - Train metrics: l1_loss: 0.3104 | giou_loss: 0.8009 | total_loss: 3.1539
2025-05-19 16:28:39,102 - transvg_coordinates_fixed_20250519_140429 - INFO - Train Epoch 91, Loss: 3.5610
2025-05-19 16:28:55,570 - transvg_coordinates_fixed_20250519_140429 - INFO - Pred box sample: [90.64645385742188, 73.18315887451172, 270.0706481933594, 262.73748779296875]
2025-05-19 16:28:55,570 - transvg_coordinates_fixed_20250519_140429 - INFO - Target box sample: [207.0, 198.0, 287.0, 283.0]
2025-05-19 16:28:55,651 - transvg_coordinates_fixed_20250519_140429 - INFO - Validation Epoch 91, Loss: 4.7411
2025-05-19 16:28:55,651 - transvg_coordinates_fixed_20250519_140429 - INFO - Val metrics: Acc@0.25: 0.3012 | Acc@0.5: 0.1113 | Acc@0.75: 0.0135 | mIoU: 0.1749 | medianIoU: 0.0698 | mae_x1: 105.3126 | mae_y1: 105.2330 | mae_x2: 110.2788 | mae_y2: 101.9549 | center_x_error: 92.8642 | center_y_error: 87.0197 | width_error: 2.2286 | height_error: 2.1738 | loss: 4.7411
2025-05-19 16:28:56,296 - transvg_coordinates_fixed_20250519_140429 - INFO - Saved model checkpoint to /home/pokle/Trans-VG/visual_grounding/checkpoints/transvg_coordinates_fixed_20250519_140429_epoch91.pth
2025-05-19 16:28:56,296 - transvg_coordinates_fixed_20250519_140429 - INFO - Epoch 92/200
2025-05-19 16:28:57,358 - transvg_coordinates_fixed_20250519_140429 - INFO - Epoch 92, Batch 0/848, Loss: 3.6728
2025-05-19 16:28:57,358 - transvg_coordinates_fixed_20250519_140429 - INFO - Train metrics: l1_loss: 0.3893 | giou_loss: 0.8631 | total_loss: 3.6728
2025-05-19 16:29:15,673 - transvg_coordinates_fixed_20250519_140429 - INFO - Epoch 92, Batch 50/848, Loss: 3.8587
2025-05-19 16:29:15,673 - transvg_coordinates_fixed_20250519_140429 - INFO - Train metrics: l1_loss: 0.3905 | giou_loss: 0.9531 | total_loss: 3.8587
2025-05-19 16:29:34,062 - transvg_coordinates_fixed_20250519_140429 - INFO - Epoch 92, Batch 100/848, Loss: 3.5708
2025-05-19 16:29:34,063 - transvg_coordinates_fixed_20250519_140429 - INFO - Train metrics: l1_loss: 0.3660 | giou_loss: 0.8703 | total_loss: 3.5708
2025-05-19 16:29:52,452 - transvg_coordinates_fixed_20250519_140429 - INFO - Epoch 92, Batch 150/848, Loss: 3.2057
2025-05-19 16:29:52,453 - transvg_coordinates_fixed_20250519_140429 - INFO - Train metrics: l1_loss: 0.3092 | giou_loss: 0.8299 | total_loss: 3.2057
2025-05-19 16:30:10,833 - transvg_coordinates_fixed_20250519_140429 - INFO - Epoch 92, Batch 200/848, Loss: 3.5224
2025-05-19 16:30:10,833 - transvg_coordinates_fixed_20250519_140429 - INFO - Train metrics: l1_loss: 0.3800 | giou_loss: 0.8111 | total_loss: 3.5224
2025-05-19 16:30:29,276 - transvg_coordinates_fixed_20250519_140429 - INFO - Epoch 92, Batch 250/848, Loss: 3.6577
2025-05-19 16:30:29,277 - transvg_coordinates_fixed_20250519_140429 - INFO - Train metrics: l1_loss: 0.3692 | giou_loss: 0.9058 | total_loss: 3.6577
2025-05-19 16:30:47,751 - transvg_coordinates_fixed_20250519_140429 - INFO - Epoch 92, Batch 300/848, Loss: 3.2263
2025-05-19 16:30:47,751 - transvg_coordinates_fixed_20250519_140429 - INFO - Train metrics: l1_loss: 0.3148 | giou_loss: 0.8261 | total_loss: 3.2263
2025-05-19 16:31:06,175 - transvg_coordinates_fixed_20250519_140429 - INFO - Epoch 92, Batch 350/848, Loss: 3.5951
2025-05-19 16:31:06,176 - transvg_coordinates_fixed_20250519_140429 - INFO - Train metrics: l1_loss: 0.3651 | giou_loss: 0.8848 | total_loss: 3.5951
2025-05-19 16:31:24,563 - transvg_coordinates_fixed_20250519_140429 - INFO - Epoch 92, Batch 400/848, Loss: 3.9057
2025-05-19 16:31:24,563 - transvg_coordinates_fixed_20250519_140429 - INFO - Train metrics: l1_loss: 0.4139 | giou_loss: 0.9181 | total_loss: 3.9057
2025-05-19 16:31:42,965 - transvg_coordinates_fixed_20250519_140429 - INFO - Epoch 92, Batch 450/848, Loss: 3.0182
2025-05-19 16:31:42,965 - transvg_coordinates_fixed_20250519_140429 - INFO - Train metrics: l1_loss: 0.2989 | giou_loss: 0.7618 | total_loss: 3.0182
2025-05-19 16:32:01,286 - transvg_coordinates_fixed_20250519_140429 - INFO - Epoch 92, Batch 500/848, Loss: 3.2160
2025-05-19 16:32:01,286 - transvg_coordinates_fixed_20250519_140429 - INFO - Train metrics: l1_loss: 0.3099 | giou_loss: 0.8334 | total_loss: 3.2160
2025-05-19 16:32:19,713 - transvg_coordinates_fixed_20250519_140429 - INFO - Epoch 92, Batch 550/848, Loss: 3.3620
2025-05-19 16:32:19,713 - transvg_coordinates_fixed_20250519_140429 - INFO - Train metrics: l1_loss: 0.3228 | giou_loss: 0.8740 | total_loss: 3.3620
2025-05-19 16:32:38,014 - transvg_coordinates_fixed_20250519_140429 - INFO - Epoch 92, Batch 600/848, Loss: 3.6777
2025-05-19 16:32:38,014 - transvg_coordinates_fixed_20250519_140429 - INFO - Train metrics: l1_loss: 0.3699 | giou_loss: 0.9142 | total_loss: 3.6777
2025-05-19 16:32:56,255 - transvg_coordinates_fixed_20250519_140429 - INFO - Epoch 92, Batch 650/848, Loss: 3.4225
2025-05-19 16:32:56,255 - transvg_coordinates_fixed_20250519_140429 - INFO - Train metrics: l1_loss: 0.3590 | giou_loss: 0.8137 | total_loss: 3.4225
2025-05-19 16:33:14,601 - transvg_coordinates_fixed_20250519_140429 - INFO - Epoch 92, Batch 700/848, Loss: 3.9372
2025-05-19 16:33:14,601 - transvg_coordinates_fixed_20250519_140429 - INFO - Train metrics: l1_loss: 0.4187 | giou_loss: 0.9218 | total_loss: 3.9372
2025-05-19 16:33:32,949 - transvg_coordinates_fixed_20250519_140429 - INFO - Epoch 92, Batch 750/848, Loss: 3.6242
2025-05-19 16:33:32,949 - transvg_coordinates_fixed_20250519_140429 - INFO - Train metrics: l1_loss: 0.3677 | giou_loss: 0.8929 | total_loss: 3.6242
2025-05-19 16:33:51,376 - transvg_coordinates_fixed_20250519_140429 - INFO - Epoch 92, Batch 800/848, Loss: 3.4671
2025-05-19 16:33:51,377 - transvg_coordinates_fixed_20250519_140429 - INFO - Train metrics: l1_loss: 0.3432 | giou_loss: 0.8756 | total_loss: 3.4671
2025-05-19 16:34:08,715 - transvg_coordinates_fixed_20250519_140429 - INFO - Train Epoch 92, Loss: 3.5571
2025-05-19 16:34:25,688 - transvg_coordinates_fixed_20250519_140429 - INFO - Pred box sample: [77.47953796386719, 78.9093246459961, 224.84368896484375, 283.76239013671875]
2025-05-19 16:34:25,688 - transvg_coordinates_fixed_20250519_140429 - INFO - Target box sample: [207.0, 198.0, 287.0, 283.0]
2025-05-19 16:34:25,758 - transvg_coordinates_fixed_20250519_140429 - INFO - Validation Epoch 92, Loss: 4.7264
2025-05-19 16:34:25,758 - transvg_coordinates_fixed_20250519_140429 - INFO - Val metrics: Acc@0.25: 0.3015 | Acc@0.5: 0.1078 | Acc@0.75: 0.0141 | mIoU: 0.1744 | medianIoU: 0.0714 | mae_x1: 108.3313 | mae_y1: 103.5076 | mae_x2: 106.7119 | mae_y2: 101.6089 | center_x_error: 93.8955 | center_y_error: 85.9023 | width_error: 2.1298 | height_error: 2.2385 | loss: 4.7264
2025-05-19 16:34:26,381 - transvg_coordinates_fixed_20250519_140429 - INFO - Saved model checkpoint to /home/pokle/Trans-VG/visual_grounding/checkpoints/transvg_coordinates_fixed_20250519_140429_epoch92.pth
2025-05-19 16:34:26,382 - transvg_coordinates_fixed_20250519_140429 - INFO - Epoch 93/200
2025-05-19 16:34:27,476 - transvg_coordinates_fixed_20250519_140429 - INFO - Epoch 93, Batch 0/848, Loss: 3.9381
2025-05-19 16:34:27,476 - transvg_coordinates_fixed_20250519_140429 - INFO - Train metrics: l1_loss: 0.4028 | giou_loss: 0.9620 | total_loss: 3.9381
2025-05-19 16:34:45,897 - transvg_coordinates_fixed_20250519_140429 - INFO - Epoch 93, Batch 50/848, Loss: 3.6217
2025-05-19 16:34:45,897 - transvg_coordinates_fixed_20250519_140429 - INFO - Train metrics: l1_loss: 0.3825 | giou_loss: 0.8547 | total_loss: 3.6217
2025-05-19 16:35:04,344 - transvg_coordinates_fixed_20250519_140429 - INFO - Epoch 93, Batch 100/848, Loss: 3.6716
2025-05-19 16:35:04,345 - transvg_coordinates_fixed_20250519_140429 - INFO - Train metrics: l1_loss: 0.3754 | giou_loss: 0.8973 | total_loss: 3.6716
2025-05-19 16:35:22,759 - transvg_coordinates_fixed_20250519_140429 - INFO - Epoch 93, Batch 150/848, Loss: 3.6849
2025-05-19 16:35:22,759 - transvg_coordinates_fixed_20250519_140429 - INFO - Train metrics: l1_loss: 0.3844 | giou_loss: 0.8816 | total_loss: 3.6849
2025-05-19 16:35:41,247 - transvg_coordinates_fixed_20250519_140429 - INFO - Epoch 93, Batch 200/848, Loss: 3.5972
2025-05-19 16:35:41,248 - transvg_coordinates_fixed_20250519_140429 - INFO - Train metrics: l1_loss: 0.3731 | giou_loss: 0.8659 | total_loss: 3.5972
2025-05-19 16:35:59,875 - transvg_coordinates_fixed_20250519_140429 - INFO - Epoch 93, Batch 250/848, Loss: 3.5390
2025-05-19 16:35:59,875 - transvg_coordinates_fixed_20250519_140429 - INFO - Train metrics: l1_loss: 0.3527 | giou_loss: 0.8878 | total_loss: 3.5390
2025-05-19 16:36:18,427 - transvg_coordinates_fixed_20250519_140429 - INFO - Epoch 93, Batch 300/848, Loss: 3.1361
2025-05-19 16:36:18,428 - transvg_coordinates_fixed_20250519_140429 - INFO - Train metrics: l1_loss: 0.3033 | giou_loss: 0.8099 | total_loss: 3.1361
2025-05-19 16:36:37,002 - transvg_coordinates_fixed_20250519_140429 - INFO - Epoch 93, Batch 350/848, Loss: 3.4462
2025-05-19 16:36:37,002 - transvg_coordinates_fixed_20250519_140429 - INFO - Train metrics: l1_loss: 0.3297 | giou_loss: 0.8987 | total_loss: 3.4462
2025-05-19 16:36:55,529 - transvg_coordinates_fixed_20250519_140429 - INFO - Epoch 93, Batch 400/848, Loss: 3.2136
2025-05-19 16:36:55,529 - transvg_coordinates_fixed_20250519_140429 - INFO - Train metrics: l1_loss: 0.3069 | giou_loss: 0.8396 | total_loss: 3.2136
2025-05-19 16:37:14,129 - transvg_coordinates_fixed_20250519_140429 - INFO - Epoch 93, Batch 450/848, Loss: 3.7257
2025-05-19 16:37:14,129 - transvg_coordinates_fixed_20250519_140429 - INFO - Train metrics: l1_loss: 0.3804 | giou_loss: 0.9118 | total_loss: 3.7257
2025-05-19 16:37:32,712 - transvg_coordinates_fixed_20250519_140429 - INFO - Epoch 93, Batch 500/848, Loss: 3.2837
2025-05-19 16:37:32,712 - transvg_coordinates_fixed_20250519_140429 - INFO - Train metrics: l1_loss: 0.3389 | giou_loss: 0.7947 | total_loss: 3.2837
2025-05-19 16:37:51,299 - transvg_coordinates_fixed_20250519_140429 - INFO - Epoch 93, Batch 550/848, Loss: 3.6007
2025-05-19 16:37:51,300 - transvg_coordinates_fixed_20250519_140429 - INFO - Train metrics: l1_loss: 0.3688 | giou_loss: 0.8784 | total_loss: 3.6007
2025-05-19 16:38:10,012 - transvg_coordinates_fixed_20250519_140429 - INFO - Epoch 93, Batch 600/848, Loss: 4.2159
2025-05-19 16:38:10,012 - transvg_coordinates_fixed_20250519_140429 - INFO - Train metrics: l1_loss: 0.4539 | giou_loss: 0.9731 | total_loss: 4.2159
2025-05-19 16:38:28,741 - transvg_coordinates_fixed_20250519_140429 - INFO - Epoch 93, Batch 650/848, Loss: 3.6132
2025-05-19 16:38:28,741 - transvg_coordinates_fixed_20250519_140429 - INFO - Train metrics: l1_loss: 0.3753 | giou_loss: 0.8683 | total_loss: 3.6132
2025-05-19 16:38:47,431 - transvg_coordinates_fixed_20250519_140429 - INFO - Epoch 93, Batch 700/848, Loss: 3.7186
2025-05-19 16:38:47,431 - transvg_coordinates_fixed_20250519_140429 - INFO - Train metrics: l1_loss: 0.3744 | giou_loss: 0.9233 | total_loss: 3.7186
2025-05-19 16:39:06,086 - transvg_coordinates_fixed_20250519_140429 - INFO - Epoch 93, Batch 750/848, Loss: 3.4320
2025-05-19 16:39:06,086 - transvg_coordinates_fixed_20250519_140429 - INFO - Train metrics: l1_loss: 0.3754 | giou_loss: 0.7776 | total_loss: 3.4320
2025-05-19 16:39:24,771 - transvg_coordinates_fixed_20250519_140429 - INFO - Epoch 93, Batch 800/848, Loss: 3.0968
2025-05-19 16:39:24,771 - transvg_coordinates_fixed_20250519_140429 - INFO - Train metrics: l1_loss: 0.3116 | giou_loss: 0.7693 | total_loss: 3.0968
2025-05-19 16:39:42,289 - transvg_coordinates_fixed_20250519_140429 - INFO - Train Epoch 93, Loss: 3.5543
2025-05-19 16:39:58,956 - transvg_coordinates_fixed_20250519_140429 - INFO - Pred box sample: [65.88182830810547, 105.609619140625, 237.81578063964844, 276.7557067871094]
2025-05-19 16:39:58,957 - transvg_coordinates_fixed_20250519_140429 - INFO - Target box sample: [207.0, 198.0, 287.0, 283.0]
2025-05-19 16:39:59,040 - transvg_coordinates_fixed_20250519_140429 - INFO - Validation Epoch 93, Loss: 4.7379
2025-05-19 16:39:59,040 - transvg_coordinates_fixed_20250519_140429 - INFO - Val metrics: Acc@0.25: 0.2967 | Acc@0.5: 0.1094 | Acc@0.75: 0.0127 | mIoU: 0.1740 | medianIoU: 0.0729 | mae_x1: 107.1445 | mae_y1: 103.9185 | mae_x2: 108.4548 | mae_y2: 102.3870 | center_x_error: 93.3018 | center_y_error: 87.4992 | width_error: 2.2809 | height_error: 2.0860 | loss: 4.7379
2025-05-19 16:39:59,674 - transvg_coordinates_fixed_20250519_140429 - INFO - Saved model checkpoint to /home/pokle/Trans-VG/visual_grounding/checkpoints/transvg_coordinates_fixed_20250519_140429_epoch93.pth
2025-05-19 16:39:59,675 - transvg_coordinates_fixed_20250519_140429 - INFO - Epoch 94/200
2025-05-19 16:40:00,769 - transvg_coordinates_fixed_20250519_140429 - INFO - Epoch 94, Batch 0/848, Loss: 3.4557
2025-05-19 16:40:00,769 - transvg_coordinates_fixed_20250519_140429 - INFO - Train metrics: l1_loss: 0.3596 | giou_loss: 0.8288 | total_loss: 3.4557
2025-05-19 16:40:19,195 - transvg_coordinates_fixed_20250519_140429 - INFO - Epoch 94, Batch 50/848, Loss: 3.2513
2025-05-19 16:40:19,195 - transvg_coordinates_fixed_20250519_140429 - INFO - Train metrics: l1_loss: 0.3289 | giou_loss: 0.8035 | total_loss: 3.2513
2025-05-19 16:40:37,607 - transvg_coordinates_fixed_20250519_140429 - INFO - Epoch 94, Batch 100/848, Loss: 3.2867
2025-05-19 16:40:37,607 - transvg_coordinates_fixed_20250519_140429 - INFO - Train metrics: l1_loss: 0.3286 | giou_loss: 0.8218 | total_loss: 3.2867
2025-05-19 16:40:55,978 - transvg_coordinates_fixed_20250519_140429 - INFO - Epoch 94, Batch 150/848, Loss: 3.1939
2025-05-19 16:40:55,978 - transvg_coordinates_fixed_20250519_140429 - INFO - Train metrics: l1_loss: 0.3306 | giou_loss: 0.7705 | total_loss: 3.1939
2025-05-19 16:41:14,412 - transvg_coordinates_fixed_20250519_140429 - INFO - Epoch 94, Batch 200/848, Loss: 3.4536
2025-05-19 16:41:14,412 - transvg_coordinates_fixed_20250519_140429 - INFO - Train metrics: l1_loss: 0.3401 | giou_loss: 0.8765 | total_loss: 3.4536
2025-05-19 16:41:32,955 - transvg_coordinates_fixed_20250519_140429 - INFO - Epoch 94, Batch 250/848, Loss: 3.3772
2025-05-19 16:41:32,956 - transvg_coordinates_fixed_20250519_140429 - INFO - Train metrics: l1_loss: 0.3449 | giou_loss: 0.8264 | total_loss: 3.3772
2025-05-19 16:41:51,472 - transvg_coordinates_fixed_20250519_140429 - INFO - Epoch 94, Batch 300/848, Loss: 3.2527
2025-05-19 16:41:51,472 - transvg_coordinates_fixed_20250519_140429 - INFO - Train metrics: l1_loss: 0.3364 | giou_loss: 0.7853 | total_loss: 3.2527
2025-05-19 16:42:09,896 - transvg_coordinates_fixed_20250519_140429 - INFO - Epoch 94, Batch 350/848, Loss: 3.4937
2025-05-19 16:42:09,896 - transvg_coordinates_fixed_20250519_140429 - INFO - Train metrics: l1_loss: 0.3562 | giou_loss: 0.8563 | total_loss: 3.4937
2025-05-19 16:42:28,383 - transvg_coordinates_fixed_20250519_140429 - INFO - Epoch 94, Batch 400/848, Loss: 3.0375
2025-05-19 16:42:28,383 - transvg_coordinates_fixed_20250519_140429 - INFO - Train metrics: l1_loss: 0.2908 | giou_loss: 0.7918 | total_loss: 3.0375
2025-05-19 16:42:46,919 - transvg_coordinates_fixed_20250519_140429 - INFO - Epoch 94, Batch 450/848, Loss: 3.2600
2025-05-19 16:42:46,919 - transvg_coordinates_fixed_20250519_140429 - INFO - Train metrics: l1_loss: 0.3343 | giou_loss: 0.7942 | total_loss: 3.2600
2025-05-19 16:43:05,396 - transvg_coordinates_fixed_20250519_140429 - INFO - Epoch 94, Batch 500/848, Loss: 3.1865
2025-05-19 16:43:05,396 - transvg_coordinates_fixed_20250519_140429 - INFO - Train metrics: l1_loss: 0.3274 | giou_loss: 0.7747 | total_loss: 3.1865
2025-05-19 16:43:23,857 - transvg_coordinates_fixed_20250519_140429 - INFO - Epoch 94, Batch 550/848, Loss: 3.5389
2025-05-19 16:43:23,858 - transvg_coordinates_fixed_20250519_140429 - INFO - Train metrics: l1_loss: 0.3673 | giou_loss: 0.8511 | total_loss: 3.5389
2025-05-19 16:43:42,479 - transvg_coordinates_fixed_20250519_140429 - INFO - Epoch 94, Batch 600/848, Loss: 3.5539
2025-05-19 16:43:42,479 - transvg_coordinates_fixed_20250519_140429 - INFO - Train metrics: l1_loss: 0.3544 | giou_loss: 0.8910 | total_loss: 3.5539
2025-05-19 16:44:01,038 - transvg_coordinates_fixed_20250519_140429 - INFO - Epoch 94, Batch 650/848, Loss: 4.1305
2025-05-19 16:44:01,038 - transvg_coordinates_fixed_20250519_140429 - INFO - Train metrics: l1_loss: 0.4590 | giou_loss: 0.9178 | total_loss: 4.1305
2025-05-19 16:44:19,494 - transvg_coordinates_fixed_20250519_140429 - INFO - Epoch 94, Batch 700/848, Loss: 3.3508
2025-05-19 16:44:19,494 - transvg_coordinates_fixed_20250519_140429 - INFO - Train metrics: l1_loss: 0.3253 | giou_loss: 0.8621 | total_loss: 3.3508
2025-05-19 16:44:38,023 - transvg_coordinates_fixed_20250519_140429 - INFO - Epoch 94, Batch 750/848, Loss: 3.1885
2025-05-19 16:44:38,024 - transvg_coordinates_fixed_20250519_140429 - INFO - Train metrics: l1_loss: 0.3148 | giou_loss: 0.8072 | total_loss: 3.1885
2025-05-19 16:44:56,584 - transvg_coordinates_fixed_20250519_140429 - INFO - Epoch 94, Batch 800/848, Loss: 4.1602
2025-05-19 16:44:56,585 - transvg_coordinates_fixed_20250519_140429 - INFO - Train metrics: l1_loss: 0.4339 | giou_loss: 0.9953 | total_loss: 4.1602
2025-05-19 16:45:14,042 - transvg_coordinates_fixed_20250519_140429 - INFO - Train Epoch 94, Loss: 3.5509
2025-05-19 16:45:30,677 - transvg_coordinates_fixed_20250519_140429 - INFO - Pred box sample: [102.77413177490234, 92.94319152832031, 264.94134521484375, 242.97885131835938]
2025-05-19 16:45:30,678 - transvg_coordinates_fixed_20250519_140429 - INFO - Target box sample: [207.0, 198.0, 287.0, 283.0]
2025-05-19 16:45:30,759 - transvg_coordinates_fixed_20250519_140429 - INFO - Validation Epoch 94, Loss: 4.7011
2025-05-19 16:45:30,759 - transvg_coordinates_fixed_20250519_140429 - INFO - Val metrics: Acc@0.25: 0.3046 | Acc@0.5: 0.1121 | Acc@0.75: 0.0146 | mIoU: 0.1752 | medianIoU: 0.0718 | mae_x1: 103.2245 | mae_y1: 102.9438 | mae_x2: 105.5197 | mae_y2: 104.0016 | center_x_error: 90.0241 | center_y_error: 88.2098 | width_error: 2.1535 | height_error: 2.1086 | loss: 4.7011
2025-05-19 16:45:31,445 - transvg_coordinates_fixed_20250519_140429 - INFO - Saved model checkpoint to /home/pokle/Trans-VG/visual_grounding/checkpoints/transvg_coordinates_fixed_20250519_140429_epoch94.pth
2025-05-19 16:45:31,446 - transvg_coordinates_fixed_20250519_140429 - INFO - Epoch 95/200
2025-05-19 16:45:32,593 - transvg_coordinates_fixed_20250519_140429 - INFO - Epoch 95, Batch 0/848, Loss: 3.9626
2025-05-19 16:45:32,593 - transvg_coordinates_fixed_20250519_140429 - INFO - Train metrics: l1_loss: 0.4199 | giou_loss: 0.9316 | total_loss: 3.9626
2025-05-19 16:45:50,978 - transvg_coordinates_fixed_20250519_140429 - INFO - Epoch 95, Batch 50/848, Loss: 3.5409
2025-05-19 16:45:50,978 - transvg_coordinates_fixed_20250519_140429 - INFO - Train metrics: l1_loss: 0.3576 | giou_loss: 0.8764 | total_loss: 3.5409
2025-05-19 16:46:09,466 - transvg_coordinates_fixed_20250519_140429 - INFO - Epoch 95, Batch 100/848, Loss: 3.8090
2025-05-19 16:46:09,467 - transvg_coordinates_fixed_20250519_140429 - INFO - Train metrics: l1_loss: 0.4062 | giou_loss: 0.8891 | total_loss: 3.8090
2025-05-19 16:46:27,898 - transvg_coordinates_fixed_20250519_140429 - INFO - Epoch 95, Batch 150/848, Loss: 3.2114
2025-05-19 16:46:27,898 - transvg_coordinates_fixed_20250519_140429 - INFO - Train metrics: l1_loss: 0.3397 | giou_loss: 0.7565 | total_loss: 3.2114
2025-05-19 16:46:46,366 - transvg_coordinates_fixed_20250519_140429 - INFO - Epoch 95, Batch 200/848, Loss: 3.7929
2025-05-19 16:46:46,366 - transvg_coordinates_fixed_20250519_140429 - INFO - Train metrics: l1_loss: 0.4017 | giou_loss: 0.8923 | total_loss: 3.7929
2025-05-19 16:47:04,815 - transvg_coordinates_fixed_20250519_140429 - INFO - Epoch 95, Batch 250/848, Loss: 3.5948
2025-05-19 16:47:04,815 - transvg_coordinates_fixed_20250519_140429 - INFO - Train metrics: l1_loss: 0.3647 | giou_loss: 0.8856 | total_loss: 3.5948
2025-05-19 16:47:23,355 - transvg_coordinates_fixed_20250519_140429 - INFO - Epoch 95, Batch 300/848, Loss: 3.4520
2025-05-19 16:47:23,355 - transvg_coordinates_fixed_20250519_140429 - INFO - Train metrics: l1_loss: 0.3404 | giou_loss: 0.8749 | total_loss: 3.4520
2025-05-19 16:47:41,936 - transvg_coordinates_fixed_20250519_140429 - INFO - Epoch 95, Batch 350/848, Loss: 3.3056
2025-05-19 16:47:41,936 - transvg_coordinates_fixed_20250519_140429 - INFO - Train metrics: l1_loss: 0.3371 | giou_loss: 0.8100 | total_loss: 3.3056
2025-05-19 16:48:00,559 - transvg_coordinates_fixed_20250519_140429 - INFO - Epoch 95, Batch 400/848, Loss: 3.4435
2025-05-19 16:48:00,559 - transvg_coordinates_fixed_20250519_140429 - INFO - Train metrics: l1_loss: 0.3610 | giou_loss: 0.8192 | total_loss: 3.4435
2025-05-19 16:48:19,168 - transvg_coordinates_fixed_20250519_140429 - INFO - Epoch 95, Batch 450/848, Loss: 4.0158
2025-05-19 16:48:19,168 - transvg_coordinates_fixed_20250519_140429 - INFO - Train metrics: l1_loss: 0.4062 | giou_loss: 0.9924 | total_loss: 4.0158
2025-05-19 16:48:37,719 - transvg_coordinates_fixed_20250519_140429 - INFO - Epoch 95, Batch 500/848, Loss: 3.5494
2025-05-19 16:48:37,719 - transvg_coordinates_fixed_20250519_140429 - INFO - Train metrics: l1_loss: 0.3889 | giou_loss: 0.8025 | total_loss: 3.5494
2025-05-19 16:48:56,290 - transvg_coordinates_fixed_20250519_140429 - INFO - Epoch 95, Batch 550/848, Loss: 3.2963
2025-05-19 16:48:56,290 - transvg_coordinates_fixed_20250519_140429 - INFO - Train metrics: l1_loss: 0.3381 | giou_loss: 0.8030 | total_loss: 3.2963
2025-05-19 16:49:14,905 - transvg_coordinates_fixed_20250519_140429 - INFO - Epoch 95, Batch 600/848, Loss: 3.7511
2025-05-19 16:49:14,905 - transvg_coordinates_fixed_20250519_140429 - INFO - Train metrics: l1_loss: 0.4136 | giou_loss: 0.8414 | total_loss: 3.7511
2025-05-19 16:49:33,468 - transvg_coordinates_fixed_20250519_140429 - INFO - Epoch 95, Batch 650/848, Loss: 3.8342
2025-05-19 16:49:33,468 - transvg_coordinates_fixed_20250519_140429 - INFO - Train metrics: l1_loss: 0.3962 | giou_loss: 0.9265 | total_loss: 3.8342
2025-05-19 16:49:51,974 - transvg_coordinates_fixed_20250519_140429 - INFO - Epoch 95, Batch 700/848, Loss: 3.7802
2025-05-19 16:49:51,974 - transvg_coordinates_fixed_20250519_140429 - INFO - Train metrics: l1_loss: 0.3807 | giou_loss: 0.9384 | total_loss: 3.7802
2025-05-19 16:50:10,453 - transvg_coordinates_fixed_20250519_140429 - INFO - Epoch 95, Batch 750/848, Loss: 4.1653
2025-05-19 16:50:10,454 - transvg_coordinates_fixed_20250519_140429 - INFO - Train metrics: l1_loss: 0.4386 | giou_loss: 0.9861 | total_loss: 4.1653
2025-05-19 16:50:28,946 - transvg_coordinates_fixed_20250519_140429 - INFO - Epoch 95, Batch 800/848, Loss: 3.5884
2025-05-19 16:50:28,946 - transvg_coordinates_fixed_20250519_140429 - INFO - Train metrics: l1_loss: 0.3685 | giou_loss: 0.8731 | total_loss: 3.5884
2025-05-19 16:50:46,494 - transvg_coordinates_fixed_20250519_140429 - INFO - Train Epoch 95, Loss: 3.5499
2025-05-19 16:51:03,071 - transvg_coordinates_fixed_20250519_140429 - INFO - Pred box sample: [82.37004089355469, 95.08467102050781, 256.5768737792969, 271.0149841308594]
2025-05-19 16:51:03,072 - transvg_coordinates_fixed_20250519_140429 - INFO - Target box sample: [207.0, 198.0, 287.0, 283.0]
2025-05-19 16:51:03,150 - transvg_coordinates_fixed_20250519_140429 - INFO - Validation Epoch 95, Loss: 4.7419
2025-05-19 16:51:03,150 - transvg_coordinates_fixed_20250519_140429 - INFO - Val metrics: Acc@0.25: 0.2959 | Acc@0.5: 0.1081 | Acc@0.75: 0.0135 | mIoU: 0.1720 | medianIoU: 0.0688 | mae_x1: 107.2931 | mae_y1: 102.3951 | mae_x2: 106.2874 | mae_y2: 101.1890 | center_x_error: 93.0592 | center_y_error: 86.3446 | width_error: 2.0038 | height_error: 2.0541 | loss: 4.7419
2025-05-19 16:51:03,786 - transvg_coordinates_fixed_20250519_140429 - INFO - Saved model checkpoint to /home/pokle/Trans-VG/visual_grounding/checkpoints/transvg_coordinates_fixed_20250519_140429_epoch95.pth
2025-05-19 16:51:03,787 - transvg_coordinates_fixed_20250519_140429 - INFO - Epoch 96/200
2025-05-19 16:51:04,901 - transvg_coordinates_fixed_20250519_140429 - INFO - Epoch 96, Batch 0/848, Loss: 3.1618
2025-05-19 16:51:04,902 - transvg_coordinates_fixed_20250519_140429 - INFO - Train metrics: l1_loss: 0.3094 | giou_loss: 0.8074 | total_loss: 3.1618
2025-05-19 16:51:23,268 - transvg_coordinates_fixed_20250519_140429 - INFO - Epoch 96, Batch 50/848, Loss: 3.5852
2025-05-19 16:51:23,268 - transvg_coordinates_fixed_20250519_140429 - INFO - Train metrics: l1_loss: 0.3774 | giou_loss: 0.8490 | total_loss: 3.5852
2025-05-19 16:51:41,645 - transvg_coordinates_fixed_20250519_140429 - INFO - Epoch 96, Batch 100/848, Loss: 3.7134
2025-05-19 16:51:41,645 - transvg_coordinates_fixed_20250519_140429 - INFO - Train metrics: l1_loss: 0.3848 | giou_loss: 0.8948 | total_loss: 3.7134
2025-05-19 16:52:00,032 - transvg_coordinates_fixed_20250519_140429 - INFO - Epoch 96, Batch 150/848, Loss: 4.5543
2025-05-19 16:52:00,032 - transvg_coordinates_fixed_20250519_140429 - INFO - Train metrics: l1_loss: 0.5335 | giou_loss: 0.9435 | total_loss: 4.5543
2025-05-19 16:52:18,562 - transvg_coordinates_fixed_20250519_140429 - INFO - Epoch 96, Batch 200/848, Loss: 3.7392
2025-05-19 16:52:18,562 - transvg_coordinates_fixed_20250519_140429 - INFO - Train metrics: l1_loss: 0.3879 | giou_loss: 0.8998 | total_loss: 3.7392
2025-05-19 16:52:37,185 - transvg_coordinates_fixed_20250519_140429 - INFO - Epoch 96, Batch 250/848, Loss: 3.9957
2025-05-19 16:52:37,185 - transvg_coordinates_fixed_20250519_140429 - INFO - Train metrics: l1_loss: 0.4470 | giou_loss: 0.8804 | total_loss: 3.9957
2025-05-19 16:52:55,631 - transvg_coordinates_fixed_20250519_140429 - INFO - Epoch 96, Batch 300/848, Loss: 3.3209
2025-05-19 16:52:55,631 - transvg_coordinates_fixed_20250519_140429 - INFO - Train metrics: l1_loss: 0.3080 | giou_loss: 0.8905 | total_loss: 3.3209
2025-05-19 16:53:14,219 - transvg_coordinates_fixed_20250519_140429 - INFO - Epoch 96, Batch 350/848, Loss: 4.4448
2025-05-19 16:53:14,220 - transvg_coordinates_fixed_20250519_140429 - INFO - Train metrics: l1_loss: 0.4774 | giou_loss: 1.0289 | total_loss: 4.4448
2025-05-19 16:53:32,799 - transvg_coordinates_fixed_20250519_140429 - INFO - Epoch 96, Batch 400/848, Loss: 3.6003
2025-05-19 16:53:32,800 - transvg_coordinates_fixed_20250519_140429 - INFO - Train metrics: l1_loss: 0.3725 | giou_loss: 0.8689 | total_loss: 3.6003
2025-05-19 16:53:51,407 - transvg_coordinates_fixed_20250519_140429 - INFO - Epoch 96, Batch 450/848, Loss: 3.9745
2025-05-19 16:53:51,407 - transvg_coordinates_fixed_20250519_140429 - INFO - Train metrics: l1_loss: 0.4324 | giou_loss: 0.9063 | total_loss: 3.9745
2025-05-19 16:54:09,991 - transvg_coordinates_fixed_20250519_140429 - INFO - Epoch 96, Batch 500/848, Loss: 3.0222
2025-05-19 16:54:09,991 - transvg_coordinates_fixed_20250519_140429 - INFO - Train metrics: l1_loss: 0.2868 | giou_loss: 0.7940 | total_loss: 3.0222
2025-05-19 16:54:28,577 - transvg_coordinates_fixed_20250519_140429 - INFO - Epoch 96, Batch 550/848, Loss: 3.4437
2025-05-19 16:54:28,578 - transvg_coordinates_fixed_20250519_140429 - INFO - Train metrics: l1_loss: 0.3591 | giou_loss: 0.8241 | total_loss: 3.4437
2025-05-19 16:54:47,151 - transvg_coordinates_fixed_20250519_140429 - INFO - Epoch 96, Batch 600/848, Loss: 3.6319
2025-05-19 16:54:47,152 - transvg_coordinates_fixed_20250519_140429 - INFO - Train metrics: l1_loss: 0.3559 | giou_loss: 0.9262 | total_loss: 3.6319
2025-05-19 16:55:05,780 - transvg_coordinates_fixed_20250519_140429 - INFO - Epoch 96, Batch 650/848, Loss: 3.2025
2025-05-19 16:55:05,780 - transvg_coordinates_fixed_20250519_140429 - INFO - Train metrics: l1_loss: 0.3057 | giou_loss: 0.8370 | total_loss: 3.2025
2025-05-19 16:55:24,394 - transvg_coordinates_fixed_20250519_140429 - INFO - Epoch 96, Batch 700/848, Loss: 3.3390
2025-05-19 16:55:24,394 - transvg_coordinates_fixed_20250519_140429 - INFO - Train metrics: l1_loss: 0.3229 | giou_loss: 0.8623 | total_loss: 3.3390
2025-05-19 16:55:42,955 - transvg_coordinates_fixed_20250519_140429 - INFO - Epoch 96, Batch 750/848, Loss: 4.2319
2025-05-19 16:55:42,956 - transvg_coordinates_fixed_20250519_140429 - INFO - Train metrics: l1_loss: 0.4626 | giou_loss: 0.9593 | total_loss: 4.2319
2025-05-19 16:56:01,523 - transvg_coordinates_fixed_20250519_140429 - INFO - Epoch 96, Batch 800/848, Loss: 3.5541
2025-05-19 16:56:01,523 - transvg_coordinates_fixed_20250519_140429 - INFO - Train metrics: l1_loss: 0.3598 | giou_loss: 0.8775 | total_loss: 3.5541
2025-05-19 16:56:19,085 - transvg_coordinates_fixed_20250519_140429 - INFO - Train Epoch 96, Loss: 3.5410
2025-05-19 16:56:36,076 - transvg_coordinates_fixed_20250519_140429 - INFO - Pred box sample: [85.025146484375, 77.85841369628906, 256.8092346191406, 220.1913299560547]
2025-05-19 16:56:36,076 - transvg_coordinates_fixed_20250519_140429 - INFO - Target box sample: [207.0, 198.0, 287.0, 283.0]
2025-05-19 16:56:36,159 - transvg_coordinates_fixed_20250519_140429 - INFO - Validation Epoch 96, Loss: 4.7313
2025-05-19 16:56:36,159 - transvg_coordinates_fixed_20250519_140429 - INFO - Val metrics: Acc@0.25: 0.2975 | Acc@0.5: 0.1086 | Acc@0.75: 0.0138 | mIoU: 0.1733 | medianIoU: 0.0707 | mae_x1: 106.2511 | mae_y1: 105.6458 | mae_x2: 106.7437 | mae_y2: 102.2451 | center_x_error: 92.4616 | center_y_error: 86.9609 | width_error: 2.1023 | height_error: 2.2721 | loss: 4.7313
2025-05-19 16:56:36,828 - transvg_coordinates_fixed_20250519_140429 - INFO - Saved model checkpoint to /home/pokle/Trans-VG/visual_grounding/checkpoints/transvg_coordinates_fixed_20250519_140429_epoch96.pth
2025-05-19 16:56:36,829 - transvg_coordinates_fixed_20250519_140429 - INFO - Epoch 97/200
2025-05-19 16:56:37,901 - transvg_coordinates_fixed_20250519_140429 - INFO - Epoch 97, Batch 0/848, Loss: 3.9379
2025-05-19 16:56:37,901 - transvg_coordinates_fixed_20250519_140429 - INFO - Train metrics: l1_loss: 0.4403 | giou_loss: 0.8681 | total_loss: 3.9379
2025-05-19 16:56:56,170 - transvg_coordinates_fixed_20250519_140429 - INFO - Epoch 97, Batch 50/848, Loss: 3.5244
2025-05-19 16:56:56,171 - transvg_coordinates_fixed_20250519_140429 - INFO - Train metrics: l1_loss: 0.3547 | giou_loss: 0.8755 | total_loss: 3.5244
2025-05-19 16:57:14,697 - transvg_coordinates_fixed_20250519_140429 - INFO - Epoch 97, Batch 100/848, Loss: 3.6697
2025-05-19 16:57:14,697 - transvg_coordinates_fixed_20250519_140429 - INFO - Train metrics: l1_loss: 0.3717 | giou_loss: 0.9055 | total_loss: 3.6697
2025-05-19 16:57:33,150 - transvg_coordinates_fixed_20250519_140429 - INFO - Epoch 97, Batch 150/848, Loss: 3.0554
2025-05-19 16:57:33,150 - transvg_coordinates_fixed_20250519_140429 - INFO - Train metrics: l1_loss: 0.2872 | giou_loss: 0.8096 | total_loss: 3.0554
2025-05-19 16:57:51,693 - transvg_coordinates_fixed_20250519_140429 - INFO - Epoch 97, Batch 200/848, Loss: 3.8545
2025-05-19 16:57:51,693 - transvg_coordinates_fixed_20250519_140429 - INFO - Train metrics: l1_loss: 0.3910 | giou_loss: 0.9498 | total_loss: 3.8545
2025-05-19 16:58:10,266 - transvg_coordinates_fixed_20250519_140429 - INFO - Epoch 97, Batch 250/848, Loss: 3.1678
2025-05-19 16:58:10,266 - transvg_coordinates_fixed_20250519_140429 - INFO - Train metrics: l1_loss: 0.3157 | giou_loss: 0.7947 | total_loss: 3.1678
2025-05-19 16:58:28,808 - transvg_coordinates_fixed_20250519_140429 - INFO - Epoch 97, Batch 300/848, Loss: 3.9464
2025-05-19 16:58:28,809 - transvg_coordinates_fixed_20250519_140429 - INFO - Train metrics: l1_loss: 0.3942 | giou_loss: 0.9877 | total_loss: 3.9464
2025-05-19 16:58:47,528 - transvg_coordinates_fixed_20250519_140429 - INFO - Epoch 97, Batch 350/848, Loss: 2.9450
2025-05-19 16:58:47,529 - transvg_coordinates_fixed_20250519_140429 - INFO - Train metrics: l1_loss: 0.2857 | giou_loss: 0.7583 | total_loss: 2.9450
2025-05-19 16:59:05,961 - transvg_coordinates_fixed_20250519_140429 - INFO - Epoch 97, Batch 400/848, Loss: 3.5406
2025-05-19 16:59:05,961 - transvg_coordinates_fixed_20250519_140429 - INFO - Train metrics: l1_loss: 0.3732 | giou_loss: 0.8374 | total_loss: 3.5406
2025-05-19 16:59:24,514 - transvg_coordinates_fixed_20250519_140429 - INFO - Epoch 97, Batch 450/848, Loss: 3.2742
2025-05-19 16:59:24,515 - transvg_coordinates_fixed_20250519_140429 - INFO - Train metrics: l1_loss: 0.3131 | giou_loss: 0.8542 | total_loss: 3.2742
2025-05-19 16:59:43,033 - transvg_coordinates_fixed_20250519_140429 - INFO - Epoch 97, Batch 500/848, Loss: 4.1990
2025-05-19 16:59:43,033 - transvg_coordinates_fixed_20250519_140429 - INFO - Train metrics: l1_loss: 0.4581 | giou_loss: 0.9541 | total_loss: 4.1990
2025-05-19 17:00:01,549 - transvg_coordinates_fixed_20250519_140429 - INFO - Epoch 97, Batch 550/848, Loss: 4.0620
2025-05-19 17:00:01,549 - transvg_coordinates_fixed_20250519_140429 - INFO - Train metrics: l1_loss: 0.4193 | giou_loss: 0.9827 | total_loss: 4.0620
2025-05-19 17:00:20,204 - transvg_coordinates_fixed_20250519_140429 - INFO - Epoch 97, Batch 600/848, Loss: 3.4511
2025-05-19 17:00:20,204 - transvg_coordinates_fixed_20250519_140429 - INFO - Train metrics: l1_loss: 0.3754 | giou_loss: 0.7870 | total_loss: 3.4511
2025-05-19 17:00:38,780 - transvg_coordinates_fixed_20250519_140429 - INFO - Epoch 97, Batch 650/848, Loss: 3.9382
2025-05-19 17:00:38,780 - transvg_coordinates_fixed_20250519_140429 - INFO - Train metrics: l1_loss: 0.4178 | giou_loss: 0.9245 | total_loss: 3.9382
2025-05-19 17:00:57,321 - transvg_coordinates_fixed_20250519_140429 - INFO - Epoch 97, Batch 700/848, Loss: 3.9216
2025-05-19 17:00:57,321 - transvg_coordinates_fixed_20250519_140429 - INFO - Train metrics: l1_loss: 0.3829 | giou_loss: 1.0035 | total_loss: 3.9216
2025-05-19 17:01:15,843 - transvg_coordinates_fixed_20250519_140429 - INFO - Epoch 97, Batch 750/848, Loss: 3.4776
2025-05-19 17:01:15,844 - transvg_coordinates_fixed_20250519_140429 - INFO - Train metrics: l1_loss: 0.3402 | giou_loss: 0.8884 | total_loss: 3.4776
2025-05-19 17:01:34,451 - transvg_coordinates_fixed_20250519_140429 - INFO - Epoch 97, Batch 800/848, Loss: 3.5184
2025-05-19 17:01:34,451 - transvg_coordinates_fixed_20250519_140429 - INFO - Train metrics: l1_loss: 0.3660 | giou_loss: 0.8443 | total_loss: 3.5184
2025-05-19 17:01:51,901 - transvg_coordinates_fixed_20250519_140429 - INFO - Train Epoch 97, Loss: 3.5458
2025-05-19 17:02:08,268 - transvg_coordinates_fixed_20250519_140429 - INFO - Pred box sample: [89.68205261230469, 77.08643341064453, 259.29864501953125, 262.9408874511719]
2025-05-19 17:02:08,269 - transvg_coordinates_fixed_20250519_140429 - INFO - Target box sample: [207.0, 198.0, 287.0, 283.0]
2025-05-19 17:02:08,350 - transvg_coordinates_fixed_20250519_140429 - INFO - Validation Epoch 97, Loss: 4.7813
2025-05-19 17:02:08,350 - transvg_coordinates_fixed_20250519_140429 - INFO - Val metrics: Acc@0.25: 0.2882 | Acc@0.5: 0.1062 | Acc@0.75: 0.0127 | mIoU: 0.1699 | medianIoU: 0.0659 | mae_x1: 107.0389 | mae_y1: 104.6135 | mae_x2: 107.5849 | mae_y2: 105.3774 | center_x_error: 92.7311 | center_y_error: 89.6017 | width_error: 2.1551 | height_error: 2.0765 | loss: 4.7813
2025-05-19 17:02:09,001 - transvg_coordinates_fixed_20250519_140429 - INFO - Saved model checkpoint to /home/pokle/Trans-VG/visual_grounding/checkpoints/transvg_coordinates_fixed_20250519_140429_epoch97.pth
2025-05-19 17:02:09,002 - transvg_coordinates_fixed_20250519_140429 - INFO - Epoch 98/200
2025-05-19 17:02:10,074 - transvg_coordinates_fixed_20250519_140429 - INFO - Epoch 98, Batch 0/848, Loss: 3.2418
2025-05-19 17:02:10,074 - transvg_coordinates_fixed_20250519_140429 - INFO - Train metrics: l1_loss: 0.3274 | giou_loss: 0.8024 | total_loss: 3.2418
2025-05-19 17:02:28,588 - transvg_coordinates_fixed_20250519_140429 - INFO - Epoch 98, Batch 50/848, Loss: 3.5483
2025-05-19 17:02:28,589 - transvg_coordinates_fixed_20250519_140429 - INFO - Train metrics: l1_loss: 0.3753 | giou_loss: 0.8359 | total_loss: 3.5483
2025-05-19 17:02:47,182 - transvg_coordinates_fixed_20250519_140429 - INFO - Epoch 98, Batch 100/848, Loss: 3.6318
2025-05-19 17:02:47,182 - transvg_coordinates_fixed_20250519_140429 - INFO - Train metrics: l1_loss: 0.3827 | giou_loss: 0.8591 | total_loss: 3.6318
2025-05-19 17:03:05,707 - transvg_coordinates_fixed_20250519_140429 - INFO - Epoch 98, Batch 150/848, Loss: 3.5807
2025-05-19 17:03:05,707 - transvg_coordinates_fixed_20250519_140429 - INFO - Train metrics: l1_loss: 0.3636 | giou_loss: 0.8814 | total_loss: 3.5807
2025-05-19 17:03:24,266 - transvg_coordinates_fixed_20250519_140429 - INFO - Epoch 98, Batch 200/848, Loss: 3.3825
2025-05-19 17:03:24,266 - transvg_coordinates_fixed_20250519_140429 - INFO - Train metrics: l1_loss: 0.3553 | giou_loss: 0.8031 | total_loss: 3.3825
2025-05-19 17:03:42,769 - transvg_coordinates_fixed_20250519_140429 - INFO - Epoch 98, Batch 250/848, Loss: 3.1502
2025-05-19 17:03:42,769 - transvg_coordinates_fixed_20250519_140429 - INFO - Train metrics: l1_loss: 0.3089 | giou_loss: 0.8028 | total_loss: 3.1502
2025-05-19 17:04:01,384 - transvg_coordinates_fixed_20250519_140429 - INFO - Epoch 98, Batch 300/848, Loss: 4.1173
2025-05-19 17:04:01,384 - transvg_coordinates_fixed_20250519_140429 - INFO - Train metrics: l1_loss: 0.4435 | giou_loss: 0.9500 | total_loss: 4.1173
2025-05-19 17:04:20,082 - transvg_coordinates_fixed_20250519_140429 - INFO - Epoch 98, Batch 350/848, Loss: 3.8208
2025-05-19 17:04:20,083 - transvg_coordinates_fixed_20250519_140429 - INFO - Train metrics: l1_loss: 0.3922 | giou_loss: 0.9299 | total_loss: 3.8208
2025-05-19 17:04:38,679 - transvg_coordinates_fixed_20250519_140429 - INFO - Epoch 98, Batch 400/848, Loss: 3.6871
2025-05-19 17:04:38,679 - transvg_coordinates_fixed_20250519_140429 - INFO - Train metrics: l1_loss: 0.3799 | giou_loss: 0.8939 | total_loss: 3.6871
2025-05-19 17:04:57,324 - transvg_coordinates_fixed_20250519_140429 - INFO - Epoch 98, Batch 450/848, Loss: 3.4212
2025-05-19 17:04:57,325 - transvg_coordinates_fixed_20250519_140429 - INFO - Train metrics: l1_loss: 0.3377 | giou_loss: 0.8663 | total_loss: 3.4212
2025-05-19 17:05:15,968 - transvg_coordinates_fixed_20250519_140429 - INFO - Epoch 98, Batch 500/848, Loss: 3.8047
2025-05-19 17:05:15,968 - transvg_coordinates_fixed_20250519_140429 - INFO - Train metrics: l1_loss: 0.4126 | giou_loss: 0.8708 | total_loss: 3.8047
2025-05-19 17:05:34,595 - transvg_coordinates_fixed_20250519_140429 - INFO - Epoch 98, Batch 550/848, Loss: 3.0933
2025-05-19 17:05:34,596 - transvg_coordinates_fixed_20250519_140429 - INFO - Train metrics: l1_loss: 0.2968 | giou_loss: 0.8046 | total_loss: 3.0933
2025-05-19 17:05:53,338 - transvg_coordinates_fixed_20250519_140429 - INFO - Epoch 98, Batch 600/848, Loss: 3.9070
2025-05-19 17:05:53,339 - transvg_coordinates_fixed_20250519_140429 - INFO - Train metrics: l1_loss: 0.4088 | giou_loss: 0.9316 | total_loss: 3.9070
2025-05-19 17:06:12,024 - transvg_coordinates_fixed_20250519_140429 - INFO - Epoch 98, Batch 650/848, Loss: 3.5398
2025-05-19 17:06:12,024 - transvg_coordinates_fixed_20250519_140429 - INFO - Train metrics: l1_loss: 0.3711 | giou_loss: 0.8422 | total_loss: 3.5398
2025-05-19 17:06:30,669 - transvg_coordinates_fixed_20250519_140429 - INFO - Epoch 98, Batch 700/848, Loss: 3.8054
2025-05-19 17:06:30,669 - transvg_coordinates_fixed_20250519_140429 - INFO - Train metrics: l1_loss: 0.4047 | giou_loss: 0.8910 | total_loss: 3.8054
2025-05-19 17:06:49,390 - transvg_coordinates_fixed_20250519_140429 - INFO - Epoch 98, Batch 750/848, Loss: 3.3837
2025-05-19 17:06:49,390 - transvg_coordinates_fixed_20250519_140429 - INFO - Train metrics: l1_loss: 0.3378 | giou_loss: 0.8473 | total_loss: 3.3837
2025-05-19 17:07:07,963 - transvg_coordinates_fixed_20250519_140429 - INFO - Epoch 98, Batch 800/848, Loss: 4.0310
2025-05-19 17:07:07,963 - transvg_coordinates_fixed_20250519_140429 - INFO - Train metrics: l1_loss: 0.4313 | giou_loss: 0.9372 | total_loss: 4.0310
2025-05-19 17:07:25,419 - transvg_coordinates_fixed_20250519_140429 - INFO - Train Epoch 98, Loss: 3.5376
2025-05-19 17:07:42,341 - transvg_coordinates_fixed_20250519_140429 - INFO - Pred box sample: [85.45806121826172, 101.19856262207031, 256.6820983886719, 261.35906982421875]
2025-05-19 17:07:42,342 - transvg_coordinates_fixed_20250519_140429 - INFO - Target box sample: [207.0, 198.0, 287.0, 283.0]
2025-05-19 17:07:42,424 - transvg_coordinates_fixed_20250519_140429 - INFO - Validation Epoch 98, Loss: 4.7225
2025-05-19 17:07:42,424 - transvg_coordinates_fixed_20250519_140429 - INFO - Val metrics: Acc@0.25: 0.3009 | Acc@0.5: 0.1044 | Acc@0.75: 0.0125 | mIoU: 0.1724 | medianIoU: 0.0732 | mae_x1: 105.3093 | mae_y1: 102.9958 | mae_x2: 106.6859 | mae_y2: 101.5008 | center_x_error: 91.9950 | center_y_error: 87.3073 | width_error: 2.0975 | height_error: 2.0047 | loss: 4.7225
2025-05-19 17:07:43,074 - transvg_coordinates_fixed_20250519_140429 - INFO - Saved model checkpoint to /home/pokle/Trans-VG/visual_grounding/checkpoints/transvg_coordinates_fixed_20250519_140429_epoch98.pth
2025-05-19 17:07:43,074 - transvg_coordinates_fixed_20250519_140429 - INFO - Epoch 99/200
2025-05-19 17:07:44,190 - transvg_coordinates_fixed_20250519_140429 - INFO - Epoch 99, Batch 0/848, Loss: 3.3768
2025-05-19 17:07:44,191 - transvg_coordinates_fixed_20250519_140429 - INFO - Train metrics: l1_loss: 0.3401 | giou_loss: 0.8382 | total_loss: 3.3768
2025-05-19 17:08:02,482 - transvg_coordinates_fixed_20250519_140429 - INFO - Epoch 99, Batch 50/848, Loss: 3.2313
2025-05-19 17:08:02,482 - transvg_coordinates_fixed_20250519_140429 - INFO - Train metrics: l1_loss: 0.3069 | giou_loss: 0.8483 | total_loss: 3.2313
2025-05-19 17:08:20,979 - transvg_coordinates_fixed_20250519_140429 - INFO - Epoch 99, Batch 100/848, Loss: 3.8672
2025-05-19 17:08:20,979 - transvg_coordinates_fixed_20250519_140429 - INFO - Train metrics: l1_loss: 0.4096 | giou_loss: 0.9095 | total_loss: 3.8672
2025-05-19 17:08:39,435 - transvg_coordinates_fixed_20250519_140429 - INFO - Epoch 99, Batch 150/848, Loss: 3.6050
2025-05-19 17:08:39,436 - transvg_coordinates_fixed_20250519_140429 - INFO - Train metrics: l1_loss: 0.3735 | giou_loss: 0.8687 | total_loss: 3.6050
2025-05-19 17:08:57,781 - transvg_coordinates_fixed_20250519_140429 - INFO - Epoch 99, Batch 200/848, Loss: 3.4880
2025-05-19 17:08:57,781 - transvg_coordinates_fixed_20250519_140429 - INFO - Train metrics: l1_loss: 0.3357 | giou_loss: 0.9049 | total_loss: 3.4880
2025-05-19 17:09:16,255 - transvg_coordinates_fixed_20250519_140429 - INFO - Epoch 99, Batch 250/848, Loss: 3.5126
2025-05-19 17:09:16,255 - transvg_coordinates_fixed_20250519_140429 - INFO - Train metrics: l1_loss: 0.3661 | giou_loss: 0.8410 | total_loss: 3.5126
2025-05-19 17:09:34,692 - transvg_coordinates_fixed_20250519_140429 - INFO - Epoch 99, Batch 300/848, Loss: 3.4925
2025-05-19 17:09:34,692 - transvg_coordinates_fixed_20250519_140429 - INFO - Train metrics: l1_loss: 0.3584 | giou_loss: 0.8503 | total_loss: 3.4925
2025-05-19 17:09:53,085 - transvg_coordinates_fixed_20250519_140429 - INFO - Epoch 99, Batch 350/848, Loss: 3.7414
2025-05-19 17:09:53,085 - transvg_coordinates_fixed_20250519_140429 - INFO - Train metrics: l1_loss: 0.3859 | giou_loss: 0.9059 | total_loss: 3.7414
2025-05-19 17:10:11,541 - transvg_coordinates_fixed_20250519_140429 - INFO - Epoch 99, Batch 400/848, Loss: 3.5497
2025-05-19 17:10:11,541 - transvg_coordinates_fixed_20250519_140429 - INFO - Train metrics: l1_loss: 0.3514 | giou_loss: 0.8963 | total_loss: 3.5497
2025-05-19 17:10:29,985 - transvg_coordinates_fixed_20250519_140429 - INFO - Epoch 99, Batch 450/848, Loss: 3.9586
2025-05-19 17:10:29,986 - transvg_coordinates_fixed_20250519_140429 - INFO - Train metrics: l1_loss: 0.4159 | giou_loss: 0.9396 | total_loss: 3.9586
2025-05-19 17:10:48,498 - transvg_coordinates_fixed_20250519_140429 - INFO - Epoch 99, Batch 500/848, Loss: 3.8918
2025-05-19 17:10:48,498 - transvg_coordinates_fixed_20250519_140429 - INFO - Train metrics: l1_loss: 0.3843 | giou_loss: 0.9851 | total_loss: 3.8918
2025-05-19 17:11:07,014 - transvg_coordinates_fixed_20250519_140429 - INFO - Epoch 99, Batch 550/848, Loss: 3.9211
2025-05-19 17:11:07,015 - transvg_coordinates_fixed_20250519_140429 - INFO - Train metrics: l1_loss: 0.4110 | giou_loss: 0.9331 | total_loss: 3.9211
2025-05-19 17:11:25,494 - transvg_coordinates_fixed_20250519_140429 - INFO - Epoch 99, Batch 600/848, Loss: 3.4352
2025-05-19 17:11:25,494 - transvg_coordinates_fixed_20250519_140429 - INFO - Train metrics: l1_loss: 0.3221 | giou_loss: 0.9124 | total_loss: 3.4352
2025-05-19 17:11:43,984 - transvg_coordinates_fixed_20250519_140429 - INFO - Epoch 99, Batch 650/848, Loss: 3.3526
2025-05-19 17:11:43,984 - transvg_coordinates_fixed_20250519_140429 - INFO - Train metrics: l1_loss: 0.3452 | giou_loss: 0.8133 | total_loss: 3.3526
2025-05-19 17:12:02,453 - transvg_coordinates_fixed_20250519_140429 - INFO - Epoch 99, Batch 700/848, Loss: 3.5606
2025-05-19 17:12:02,454 - transvg_coordinates_fixed_20250519_140429 - INFO - Train metrics: l1_loss: 0.3565 | giou_loss: 0.8890 | total_loss: 3.5606
2025-05-19 17:12:20,960 - transvg_coordinates_fixed_20250519_140429 - INFO - Epoch 99, Batch 750/848, Loss: 3.3516
2025-05-19 17:12:20,960 - transvg_coordinates_fixed_20250519_140429 - INFO - Train metrics: l1_loss: 0.3443 | giou_loss: 0.8150 | total_loss: 3.3516
2025-05-19 17:12:39,424 - transvg_coordinates_fixed_20250519_140429 - INFO - Epoch 99, Batch 800/848, Loss: 3.8063
2025-05-19 17:12:39,424 - transvg_coordinates_fixed_20250519_140429 - INFO - Train metrics: l1_loss: 0.4223 | giou_loss: 0.8473 | total_loss: 3.8063
2025-05-19 17:12:56,763 - transvg_coordinates_fixed_20250519_140429 - INFO - Train Epoch 99, Loss: 3.5391
2025-05-19 17:13:13,169 - transvg_coordinates_fixed_20250519_140429 - INFO - Pred box sample: [67.9101333618164, 102.55499267578125, 230.21888732910156, 300.5186462402344]
2025-05-19 17:13:13,170 - transvg_coordinates_fixed_20250519_140429 - INFO - Target box sample: [207.0, 198.0, 287.0, 283.0]
2025-05-19 17:13:13,252 - transvg_coordinates_fixed_20250519_140429 - INFO - Validation Epoch 99, Loss: 4.7443
2025-05-19 17:13:13,252 - transvg_coordinates_fixed_20250519_140429 - INFO - Val metrics: Acc@0.25: 0.2972 | Acc@0.5: 0.1078 | Acc@0.75: 0.0109 | mIoU: 0.1716 | medianIoU: 0.0679 | mae_x1: 105.8984 | mae_y1: 104.1271 | mae_x2: 107.2562 | mae_y2: 100.6690 | center_x_error: 93.8101 | center_y_error: 87.4390 | width_error: 1.9886 | height_error: 2.0616 | loss: 4.7443
2025-05-19 17:13:13,891 - transvg_coordinates_fixed_20250519_140429 - INFO - Saved model checkpoint to /home/pokle/Trans-VG/visual_grounding/checkpoints/transvg_coordinates_fixed_20250519_140429_epoch99.pth
2025-05-19 17:13:13,892 - transvg_coordinates_fixed_20250519_140429 - INFO - Epoch 100/200
2025-05-19 17:13:14,953 - transvg_coordinates_fixed_20250519_140429 - INFO - Epoch 100, Batch 0/848, Loss: 4.0597
2025-05-19 17:13:14,954 - transvg_coordinates_fixed_20250519_140429 - INFO - Train metrics: l1_loss: 0.4478 | giou_loss: 0.9103 | total_loss: 4.0597
2025-05-19 17:13:33,188 - transvg_coordinates_fixed_20250519_140429 - INFO - Epoch 100, Batch 50/848, Loss: 3.3597
2025-05-19 17:13:33,188 - transvg_coordinates_fixed_20250519_140429 - INFO - Train metrics: l1_loss: 0.3391 | giou_loss: 0.8322 | total_loss: 3.3597
2025-05-19 17:13:51,514 - transvg_coordinates_fixed_20250519_140429 - INFO - Epoch 100, Batch 100/848, Loss: 3.5371
2025-05-19 17:13:51,515 - transvg_coordinates_fixed_20250519_140429 - INFO - Train metrics: l1_loss: 0.3484 | giou_loss: 0.8977 | total_loss: 3.5371
2025-05-19 17:14:09,877 - transvg_coordinates_fixed_20250519_140429 - INFO - Epoch 100, Batch 150/848, Loss: 3.3371
2025-05-19 17:14:09,878 - transvg_coordinates_fixed_20250519_140429 - INFO - Train metrics: l1_loss: 0.3356 | giou_loss: 0.8295 | total_loss: 3.3371
2025-05-19 17:14:28,209 - transvg_coordinates_fixed_20250519_140429 - INFO - Epoch 100, Batch 200/848, Loss: 3.2619
2025-05-19 17:14:28,210 - transvg_coordinates_fixed_20250519_140429 - INFO - Train metrics: l1_loss: 0.3155 | giou_loss: 0.8423 | total_loss: 3.2619
2025-05-19 17:14:46,731 - transvg_coordinates_fixed_20250519_140429 - INFO - Epoch 100, Batch 250/848, Loss: 3.1629
2025-05-19 17:14:46,731 - transvg_coordinates_fixed_20250519_140429 - INFO - Train metrics: l1_loss: 0.2994 | giou_loss: 0.8330 | total_loss: 3.1629
2025-05-19 17:15:05,110 - transvg_coordinates_fixed_20250519_140429 - INFO - Epoch 100, Batch 300/848, Loss: 4.1833
2025-05-19 17:15:05,110 - transvg_coordinates_fixed_20250519_140429 - INFO - Train metrics: l1_loss: 0.4513 | giou_loss: 0.9633 | total_loss: 4.1833
2025-05-19 17:15:23,461 - transvg_coordinates_fixed_20250519_140429 - INFO - Epoch 100, Batch 350/848, Loss: 4.0469
2025-05-19 17:15:23,461 - transvg_coordinates_fixed_20250519_140429 - INFO - Train metrics: l1_loss: 0.4371 | giou_loss: 0.9307 | total_loss: 4.0469
2025-05-19 17:15:41,789 - transvg_coordinates_fixed_20250519_140429 - INFO - Epoch 100, Batch 400/848, Loss: 3.6700
2025-05-19 17:15:41,789 - transvg_coordinates_fixed_20250519_140429 - INFO - Train metrics: l1_loss: 0.3961 | giou_loss: 0.8449 | total_loss: 3.6700
2025-05-19 17:16:00,140 - transvg_coordinates_fixed_20250519_140429 - INFO - Epoch 100, Batch 450/848, Loss: 3.8556
2025-05-19 17:16:00,140 - transvg_coordinates_fixed_20250519_140429 - INFO - Train metrics: l1_loss: 0.3907 | giou_loss: 0.9511 | total_loss: 3.8556
2025-05-19 17:16:18,427 - transvg_coordinates_fixed_20250519_140429 - INFO - Epoch 100, Batch 500/848, Loss: 3.5126
2025-05-19 17:16:18,427 - transvg_coordinates_fixed_20250519_140429 - INFO - Train metrics: l1_loss: 0.3474 | giou_loss: 0.8879 | total_loss: 3.5126
2025-05-19 17:16:36,867 - transvg_coordinates_fixed_20250519_140429 - INFO - Epoch 100, Batch 550/848, Loss: 3.7583
2025-05-19 17:16:36,867 - transvg_coordinates_fixed_20250519_140429 - INFO - Train metrics: l1_loss: 0.3726 | giou_loss: 0.9476 | total_loss: 3.7583
2025-05-19 17:16:55,229 - transvg_coordinates_fixed_20250519_140429 - INFO - Epoch 100, Batch 600/848, Loss: 3.0809
2025-05-19 17:16:55,230 - transvg_coordinates_fixed_20250519_140429 - INFO - Train metrics: l1_loss: 0.2873 | giou_loss: 0.8223 | total_loss: 3.0809
2025-05-19 17:17:13,712 - transvg_coordinates_fixed_20250519_140429 - INFO - Epoch 100, Batch 650/848, Loss: 3.8363
2025-05-19 17:17:13,712 - transvg_coordinates_fixed_20250519_140429 - INFO - Train metrics: l1_loss: 0.3864 | giou_loss: 0.9521 | total_loss: 3.8363
2025-05-19 17:17:32,165 - transvg_coordinates_fixed_20250519_140429 - INFO - Epoch 100, Batch 700/848, Loss: 3.6732
2025-05-19 17:17:32,165 - transvg_coordinates_fixed_20250519_140429 - INFO - Train metrics: l1_loss: 0.4011 | giou_loss: 0.8338 | total_loss: 3.6732
2025-05-19 17:17:50,634 - transvg_coordinates_fixed_20250519_140429 - INFO - Epoch 100, Batch 750/848, Loss: 3.3889
2025-05-19 17:17:50,634 - transvg_coordinates_fixed_20250519_140429 - INFO - Train metrics: l1_loss: 0.3533 | giou_loss: 0.8111 | total_loss: 3.3889
2025-05-19 17:18:09,109 - transvg_coordinates_fixed_20250519_140429 - INFO - Epoch 100, Batch 800/848, Loss: 3.9135
2025-05-19 17:18:09,109 - transvg_coordinates_fixed_20250519_140429 - INFO - Train metrics: l1_loss: 0.4115 | giou_loss: 0.9280 | total_loss: 3.9135
2025-05-19 17:18:26,420 - transvg_coordinates_fixed_20250519_140429 - INFO - Train Epoch 100, Loss: 3.5432
2025-05-19 17:18:43,001 - transvg_coordinates_fixed_20250519_140429 - INFO - Pred box sample: [75.27202606201172, 107.49211120605469, 241.42185974121094, 285.8526611328125]
2025-05-19 17:18:43,001 - transvg_coordinates_fixed_20250519_140429 - INFO - Target box sample: [207.0, 198.0, 287.0, 283.0]
2025-05-19 17:18:43,082 - transvg_coordinates_fixed_20250519_140429 - INFO - Validation Epoch 100, Loss: 4.7851
2025-05-19 17:18:43,082 - transvg_coordinates_fixed_20250519_140429 - INFO - Val metrics: Acc@0.25: 0.2927 | Acc@0.5: 0.1076 | Acc@0.75: 0.0127 | mIoU: 0.1705 | medianIoU: 0.0619 | mae_x1: 105.4233 | mae_y1: 103.6194 | mae_x2: 109.5719 | mae_y2: 102.8728 | center_x_error: 93.6433 | center_y_error: 88.3822 | width_error: 2.0735 | height_error: 1.8885 | loss: 4.7851
2025-05-19 17:18:43,725 - transvg_coordinates_fixed_20250519_140429 - INFO - Saved model checkpoint to /home/pokle/Trans-VG/visual_grounding/checkpoints/transvg_coordinates_fixed_20250519_140429_epoch100.pth
2025-05-19 17:18:43,726 - transvg_coordinates_fixed_20250519_140429 - INFO - Epoch 101/200
2025-05-19 17:18:44,843 - transvg_coordinates_fixed_20250519_140429 - INFO - Epoch 101, Batch 0/848, Loss: 3.7968
2025-05-19 17:18:44,843 - transvg_coordinates_fixed_20250519_140429 - INFO - Train metrics: l1_loss: 0.3698 | giou_loss: 0.9740 | total_loss: 3.7968
2025-05-19 17:19:03,329 - transvg_coordinates_fixed_20250519_140429 - INFO - Epoch 101, Batch 50/848, Loss: 3.4689
2025-05-19 17:19:03,330 - transvg_coordinates_fixed_20250519_140429 - INFO - Train metrics: l1_loss: 0.3418 | giou_loss: 0.8800 | total_loss: 3.4689
2025-05-19 17:19:21,817 - transvg_coordinates_fixed_20250519_140429 - INFO - Epoch 101, Batch 100/848, Loss: 3.4982
2025-05-19 17:19:21,817 - transvg_coordinates_fixed_20250519_140429 - INFO - Train metrics: l1_loss: 0.3615 | giou_loss: 0.8453 | total_loss: 3.4982
2025-05-19 17:19:40,254 - transvg_coordinates_fixed_20250519_140429 - INFO - Epoch 101, Batch 150/848, Loss: 3.1662
2025-05-19 17:19:40,254 - transvg_coordinates_fixed_20250519_140429 - INFO - Train metrics: l1_loss: 0.3125 | giou_loss: 0.8019 | total_loss: 3.1662
2025-05-19 17:19:58,789 - transvg_coordinates_fixed_20250519_140429 - INFO - Epoch 101, Batch 200/848, Loss: 3.8517
2025-05-19 17:19:58,789 - transvg_coordinates_fixed_20250519_140429 - INFO - Train metrics: l1_loss: 0.3939 | giou_loss: 0.9411 | total_loss: 3.8517
2025-05-19 17:20:17,192 - transvg_coordinates_fixed_20250519_140429 - INFO - Epoch 101, Batch 250/848, Loss: 3.5865
2025-05-19 17:20:17,192 - transvg_coordinates_fixed_20250519_140429 - INFO - Train metrics: l1_loss: 0.3821 | giou_loss: 0.8379 | total_loss: 3.5865
2025-05-19 17:20:35,658 - transvg_coordinates_fixed_20250519_140429 - INFO - Epoch 101, Batch 300/848, Loss: 4.2111
2025-05-19 17:20:35,658 - transvg_coordinates_fixed_20250519_140429 - INFO - Train metrics: l1_loss: 0.4447 | giou_loss: 0.9937 | total_loss: 4.2111
2025-05-19 17:20:54,155 - transvg_coordinates_fixed_20250519_140429 - INFO - Epoch 101, Batch 350/848, Loss: 3.5500
2025-05-19 17:20:54,155 - transvg_coordinates_fixed_20250519_140429 - INFO - Train metrics: l1_loss: 0.3737 | giou_loss: 0.8407 | total_loss: 3.5500
2025-05-19 17:21:12,672 - transvg_coordinates_fixed_20250519_140429 - INFO - Epoch 101, Batch 400/848, Loss: 3.8009
2025-05-19 17:21:12,672 - transvg_coordinates_fixed_20250519_140429 - INFO - Train metrics: l1_loss: 0.4075 | giou_loss: 0.8816 | total_loss: 3.8009
2025-05-19 17:21:31,185 - transvg_coordinates_fixed_20250519_140429 - INFO - Epoch 101, Batch 450/848, Loss: 3.6359
2025-05-19 17:21:31,186 - transvg_coordinates_fixed_20250519_140429 - INFO - Train metrics: l1_loss: 0.3891 | giou_loss: 0.8453 | total_loss: 3.6359
2025-05-19 17:21:49,683 - transvg_coordinates_fixed_20250519_140429 - INFO - Epoch 101, Batch 500/848, Loss: 3.7140
2025-05-19 17:21:49,683 - transvg_coordinates_fixed_20250519_140429 - INFO - Train metrics: l1_loss: 0.3717 | giou_loss: 0.9277 | total_loss: 3.7140
2025-05-19 17:22:08,153 - transvg_coordinates_fixed_20250519_140429 - INFO - Epoch 101, Batch 550/848, Loss: 3.7834
2025-05-19 17:22:08,153 - transvg_coordinates_fixed_20250519_140429 - INFO - Train metrics: l1_loss: 0.3786 | giou_loss: 0.9453 | total_loss: 3.7834
2025-05-19 17:22:26,631 - transvg_coordinates_fixed_20250519_140429 - INFO - Epoch 101, Batch 600/848, Loss: 3.4218
2025-05-19 17:22:26,631 - transvg_coordinates_fixed_20250519_140429 - INFO - Train metrics: l1_loss: 0.3284 | giou_loss: 0.8899 | total_loss: 3.4218
2025-05-19 17:22:45,209 - transvg_coordinates_fixed_20250519_140429 - INFO - Epoch 101, Batch 650/848, Loss: 3.3353
2025-05-19 17:22:45,210 - transvg_coordinates_fixed_20250519_140429 - INFO - Train metrics: l1_loss: 0.3159 | giou_loss: 0.8778 | total_loss: 3.3353
2025-05-19 17:23:03,666 - transvg_coordinates_fixed_20250519_140429 - INFO - Epoch 101, Batch 700/848, Loss: 3.7926
2025-05-19 17:23:03,667 - transvg_coordinates_fixed_20250519_140429 - INFO - Train metrics: l1_loss: 0.3728 | giou_loss: 0.9643 | total_loss: 3.7926
2025-05-19 17:23:22,191 - transvg_coordinates_fixed_20250519_140429 - INFO - Epoch 101, Batch 750/848, Loss: 3.5430
2025-05-19 17:23:22,191 - transvg_coordinates_fixed_20250519_140429 - INFO - Train metrics: l1_loss: 0.3397 | giou_loss: 0.9222 | total_loss: 3.5430
2025-05-19 17:23:40,634 - transvg_coordinates_fixed_20250519_140429 - INFO - Epoch 101, Batch 800/848, Loss: 3.0944
2025-05-19 17:23:40,634 - transvg_coordinates_fixed_20250519_140429 - INFO - Train metrics: l1_loss: 0.3097 | giou_loss: 0.7728 | total_loss: 3.0944
2025-05-19 17:23:58,045 - transvg_coordinates_fixed_20250519_140429 - INFO - Train Epoch 101, Loss: 3.5366
2025-05-19 17:24:14,255 - transvg_coordinates_fixed_20250519_140429 - INFO - Pred box sample: [95.13697814941406, 94.70460510253906, 252.59356689453125, 269.0172424316406]
2025-05-19 17:24:14,255 - transvg_coordinates_fixed_20250519_140429 - INFO - Target box sample: [207.0, 198.0, 287.0, 283.0]
2025-05-19 17:24:14,328 - transvg_coordinates_fixed_20250519_140429 - INFO - Validation Epoch 101, Loss: 4.7540
2025-05-19 17:24:14,328 - transvg_coordinates_fixed_20250519_140429 - INFO - Val metrics: Acc@0.25: 0.2919 | Acc@0.5: 0.1081 | Acc@0.75: 0.0141 | mIoU: 0.1723 | medianIoU: 0.0684 | mae_x1: 106.3914 | mae_y1: 104.0098 | mae_x2: 109.3335 | mae_y2: 103.4346 | center_x_error: 92.9601 | center_y_error: 88.3263 | width_error: 2.1725 | height_error: 2.1620 | loss: 4.7540
2025-05-19 17:24:14,951 - transvg_coordinates_fixed_20250519_140429 - INFO - Saved model checkpoint to /home/pokle/Trans-VG/visual_grounding/checkpoints/transvg_coordinates_fixed_20250519_140429_epoch101.pth
2025-05-19 17:24:14,952 - transvg_coordinates_fixed_20250519_140429 - INFO - Epoch 102/200
2025-05-19 17:24:16,066 - transvg_coordinates_fixed_20250519_140429 - INFO - Epoch 102, Batch 0/848, Loss: 3.1402
2025-05-19 17:24:16,066 - transvg_coordinates_fixed_20250519_140429 - INFO - Train metrics: l1_loss: 0.3055 | giou_loss: 0.8064 | total_loss: 3.1402
2025-05-19 17:24:34,209 - transvg_coordinates_fixed_20250519_140429 - INFO - Epoch 102, Batch 50/848, Loss: 3.8601
2025-05-19 17:24:34,210 - transvg_coordinates_fixed_20250519_140429 - INFO - Train metrics: l1_loss: 0.3879 | giou_loss: 0.9603 | total_loss: 3.8601
2025-05-19 17:24:52,511 - transvg_coordinates_fixed_20250519_140429 - INFO - Epoch 102, Batch 100/848, Loss: 3.3574
2025-05-19 17:24:52,511 - transvg_coordinates_fixed_20250519_140429 - INFO - Train metrics: l1_loss: 0.3658 | giou_loss: 0.7642 | total_loss: 3.3574
2025-05-19 17:25:10,833 - transvg_coordinates_fixed_20250519_140429 - INFO - Epoch 102, Batch 150/848, Loss: 3.6149
2025-05-19 17:25:10,833 - transvg_coordinates_fixed_20250519_140429 - INFO - Train metrics: l1_loss: 0.3640 | giou_loss: 0.8974 | total_loss: 3.6149
2025-05-19 17:25:29,103 - transvg_coordinates_fixed_20250519_140429 - INFO - Epoch 102, Batch 200/848, Loss: 3.8472
2025-05-19 17:25:29,104 - transvg_coordinates_fixed_20250519_140429 - INFO - Train metrics: l1_loss: 0.3892 | giou_loss: 0.9506 | total_loss: 3.8472
2025-05-19 17:25:47,429 - transvg_coordinates_fixed_20250519_140429 - INFO - Epoch 102, Batch 250/848, Loss: 3.5574
2025-05-19 17:25:47,429 - transvg_coordinates_fixed_20250519_140429 - INFO - Train metrics: l1_loss: 0.3594 | giou_loss: 0.8802 | total_loss: 3.5574
2025-05-19 17:26:05,882 - transvg_coordinates_fixed_20250519_140429 - INFO - Epoch 102, Batch 300/848, Loss: 3.1879
2025-05-19 17:26:05,882 - transvg_coordinates_fixed_20250519_140429 - INFO - Train metrics: l1_loss: 0.3106 | giou_loss: 0.8175 | total_loss: 3.1879
2025-05-19 17:26:24,470 - transvg_coordinates_fixed_20250519_140429 - INFO - Epoch 102, Batch 350/848, Loss: 3.6039
2025-05-19 17:26:24,470 - transvg_coordinates_fixed_20250519_140429 - INFO - Train metrics: l1_loss: 0.3787 | giou_loss: 0.8552 | total_loss: 3.6039
2025-05-19 17:26:43,102 - transvg_coordinates_fixed_20250519_140429 - INFO - Epoch 102, Batch 400/848, Loss: 3.6592
2025-05-19 17:26:43,102 - transvg_coordinates_fixed_20250519_140429 - INFO - Train metrics: l1_loss: 0.3930 | giou_loss: 0.8472 | total_loss: 3.6592
2025-05-19 17:27:01,705 - transvg_coordinates_fixed_20250519_140429 - INFO - Epoch 102, Batch 450/848, Loss: 3.8256
2025-05-19 17:27:01,706 - transvg_coordinates_fixed_20250519_140429 - INFO - Train metrics: l1_loss: 0.4120 | giou_loss: 0.8827 | total_loss: 3.8256
2025-05-19 17:27:20,374 - transvg_coordinates_fixed_20250519_140429 - INFO - Epoch 102, Batch 500/848, Loss: 3.4678
2025-05-19 17:27:20,374 - transvg_coordinates_fixed_20250519_140429 - INFO - Train metrics: l1_loss: 0.3605 | giou_loss: 0.8326 | total_loss: 3.4678
2025-05-19 17:27:38,944 - transvg_coordinates_fixed_20250519_140429 - INFO - Epoch 102, Batch 550/848, Loss: 3.1929
2025-05-19 17:27:38,944 - transvg_coordinates_fixed_20250519_140429 - INFO - Train metrics: l1_loss: 0.3270 | giou_loss: 0.7789 | total_loss: 3.1929
2025-05-19 17:27:57,549 - transvg_coordinates_fixed_20250519_140429 - INFO - Epoch 102, Batch 600/848, Loss: 3.7355
2025-05-19 17:27:57,549 - transvg_coordinates_fixed_20250519_140429 - INFO - Train metrics: l1_loss: 0.3911 | giou_loss: 0.8900 | total_loss: 3.7355
2025-05-19 17:28:16,198 - transvg_coordinates_fixed_20250519_140429 - INFO - Epoch 102, Batch 650/848, Loss: 2.9492
2025-05-19 17:28:16,199 - transvg_coordinates_fixed_20250519_140429 - INFO - Train metrics: l1_loss: 0.2819 | giou_loss: 0.7699 | total_loss: 2.9492
2025-05-19 17:28:34,854 - transvg_coordinates_fixed_20250519_140429 - INFO - Epoch 102, Batch 700/848, Loss: 3.4131
2025-05-19 17:28:34,854 - transvg_coordinates_fixed_20250519_140429 - INFO - Train metrics: l1_loss: 0.3229 | giou_loss: 0.8994 | total_loss: 3.4131
2025-05-19 17:28:53,519 - transvg_coordinates_fixed_20250519_140429 - INFO - Epoch 102, Batch 750/848, Loss: 3.7173
2025-05-19 17:28:53,519 - transvg_coordinates_fixed_20250519_140429 - INFO - Train metrics: l1_loss: 0.3849 | giou_loss: 0.8965 | total_loss: 3.7173
2025-05-19 17:29:12,152 - transvg_coordinates_fixed_20250519_140429 - INFO - Epoch 102, Batch 800/848, Loss: 3.2648
2025-05-19 17:29:12,152 - transvg_coordinates_fixed_20250519_140429 - INFO - Train metrics: l1_loss: 0.3119 | giou_loss: 0.8526 | total_loss: 3.2648
2025-05-19 17:29:29,618 - transvg_coordinates_fixed_20250519_140429 - INFO - Train Epoch 102, Loss: 3.5298
2025-05-19 17:29:46,264 - transvg_coordinates_fixed_20250519_140429 - INFO - Pred box sample: [78.75260925292969, 106.68058776855469, 257.7561340332031, 266.8484802246094]
2025-05-19 17:29:46,265 - transvg_coordinates_fixed_20250519_140429 - INFO - Target box sample: [207.0, 198.0, 287.0, 283.0]
2025-05-19 17:29:46,348 - transvg_coordinates_fixed_20250519_140429 - INFO - Validation Epoch 102, Loss: 4.7348
2025-05-19 17:29:46,348 - transvg_coordinates_fixed_20250519_140429 - INFO - Val metrics: Acc@0.25: 0.2975 | Acc@0.5: 0.1070 | Acc@0.75: 0.0112 | mIoU: 0.1729 | medianIoU: 0.0702 | mae_x1: 106.7402 | mae_y1: 102.2267 | mae_x2: 107.1577 | mae_y2: 104.6195 | center_x_error: 92.6158 | center_y_error: 87.9156 | width_error: 2.1890 | height_error: 2.1352 | loss: 4.7348
2025-05-19 17:29:46,978 - transvg_coordinates_fixed_20250519_140429 - INFO - Saved model checkpoint to /home/pokle/Trans-VG/visual_grounding/checkpoints/transvg_coordinates_fixed_20250519_140429_epoch102.pth
2025-05-19 17:29:46,979 - transvg_coordinates_fixed_20250519_140429 - INFO - Epoch 103/200
2025-05-19 17:29:48,076 - transvg_coordinates_fixed_20250519_140429 - INFO - Epoch 103, Batch 0/848, Loss: 3.4338
2025-05-19 17:29:48,077 - transvg_coordinates_fixed_20250519_140429 - INFO - Train metrics: l1_loss: 0.3716 | giou_loss: 0.7879 | total_loss: 3.4338
2025-05-19 17:30:06,643 - transvg_coordinates_fixed_20250519_140429 - INFO - Epoch 103, Batch 50/848, Loss: 3.8539
2025-05-19 17:30:06,643 - transvg_coordinates_fixed_20250519_140429 - INFO - Train metrics: l1_loss: 0.4150 | giou_loss: 0.8894 | total_loss: 3.8539
2025-05-19 17:30:25,248 - transvg_coordinates_fixed_20250519_140429 - INFO - Epoch 103, Batch 100/848, Loss: 3.8024
2025-05-19 17:30:25,248 - transvg_coordinates_fixed_20250519_140429 - INFO - Train metrics: l1_loss: 0.3986 | giou_loss: 0.9046 | total_loss: 3.8024
2025-05-19 17:30:43,777 - transvg_coordinates_fixed_20250519_140429 - INFO - Epoch 103, Batch 150/848, Loss: 3.2727
2025-05-19 17:30:43,778 - transvg_coordinates_fixed_20250519_140429 - INFO - Train metrics: l1_loss: 0.3283 | giou_loss: 0.8157 | total_loss: 3.2727
2025-05-19 17:31:02,526 - transvg_coordinates_fixed_20250519_140429 - INFO - Epoch 103, Batch 200/848, Loss: 3.6344
2025-05-19 17:31:02,526 - transvg_coordinates_fixed_20250519_140429 - INFO - Train metrics: l1_loss: 0.3857 | giou_loss: 0.8530 | total_loss: 3.6344
2025-05-19 17:31:21,057 - transvg_coordinates_fixed_20250519_140429 - INFO - Epoch 103, Batch 250/848, Loss: 3.6621
2025-05-19 17:31:21,057 - transvg_coordinates_fixed_20250519_140429 - INFO - Train metrics: l1_loss: 0.3619 | giou_loss: 0.9264 | total_loss: 3.6621
2025-05-19 17:31:39,669 - transvg_coordinates_fixed_20250519_140429 - INFO - Epoch 103, Batch 300/848, Loss: 3.2328
2025-05-19 17:31:39,669 - transvg_coordinates_fixed_20250519_140429 - INFO - Train metrics: l1_loss: 0.3096 | giou_loss: 0.8423 | total_loss: 3.2328
2025-05-19 17:31:58,255 - transvg_coordinates_fixed_20250519_140429 - INFO - Epoch 103, Batch 350/848, Loss: 3.6875
2025-05-19 17:31:58,255 - transvg_coordinates_fixed_20250519_140429 - INFO - Train metrics: l1_loss: 0.3899 | giou_loss: 0.8691 | total_loss: 3.6875
2025-05-19 17:32:16,867 - transvg_coordinates_fixed_20250519_140429 - INFO - Epoch 103, Batch 400/848, Loss: 3.4431
2025-05-19 17:32:16,867 - transvg_coordinates_fixed_20250519_140429 - INFO - Train metrics: l1_loss: 0.3411 | giou_loss: 0.8687 | total_loss: 3.4431
2025-05-19 17:32:35,449 - transvg_coordinates_fixed_20250519_140429 - INFO - Epoch 103, Batch 450/848, Loss: 3.9248
2025-05-19 17:32:35,450 - transvg_coordinates_fixed_20250519_140429 - INFO - Train metrics: l1_loss: 0.4166 | giou_loss: 0.9209 | total_loss: 3.9248
2025-05-19 17:32:54,094 - transvg_coordinates_fixed_20250519_140429 - INFO - Epoch 103, Batch 500/848, Loss: 4.0474
2025-05-19 17:32:54,094 - transvg_coordinates_fixed_20250519_140429 - INFO - Train metrics: l1_loss: 0.4377 | giou_loss: 0.9294 | total_loss: 4.0474
2025-05-19 17:33:12,780 - transvg_coordinates_fixed_20250519_140429 - INFO - Epoch 103, Batch 550/848, Loss: 3.8640
2025-05-19 17:33:12,780 - transvg_coordinates_fixed_20250519_140429 - INFO - Train metrics: l1_loss: 0.3896 | giou_loss: 0.9580 | total_loss: 3.8640
2025-05-19 17:33:31,462 - transvg_coordinates_fixed_20250519_140429 - INFO - Epoch 103, Batch 600/848, Loss: 4.2228
2025-05-19 17:33:31,462 - transvg_coordinates_fixed_20250519_140429 - INFO - Train metrics: l1_loss: 0.4673 | giou_loss: 0.9431 | total_loss: 4.2228
2025-05-19 17:33:50,198 - transvg_coordinates_fixed_20250519_140429 - INFO - Epoch 103, Batch 650/848, Loss: 3.4965
2025-05-19 17:33:50,199 - transvg_coordinates_fixed_20250519_140429 - INFO - Train metrics: l1_loss: 0.3599 | giou_loss: 0.8485 | total_loss: 3.4965
2025-05-19 17:34:08,905 - transvg_coordinates_fixed_20250519_140429 - INFO - Epoch 103, Batch 700/848, Loss: 3.6084
2025-05-19 17:34:08,905 - transvg_coordinates_fixed_20250519_140429 - INFO - Train metrics: l1_loss: 0.3918 | giou_loss: 0.8247 | total_loss: 3.6084
2025-05-19 17:34:27,607 - transvg_coordinates_fixed_20250519_140429 - INFO - Epoch 103, Batch 750/848, Loss: 3.3306
2025-05-19 17:34:27,607 - transvg_coordinates_fixed_20250519_140429 - INFO - Train metrics: l1_loss: 0.3499 | giou_loss: 0.7904 | total_loss: 3.3306
2025-05-19 17:34:46,351 - transvg_coordinates_fixed_20250519_140429 - INFO - Epoch 103, Batch 800/848, Loss: 3.6212
2025-05-19 17:34:46,351 - transvg_coordinates_fixed_20250519_140429 - INFO - Train metrics: l1_loss: 0.3791 | giou_loss: 0.8629 | total_loss: 3.6212
2025-05-19 17:35:03,962 - transvg_coordinates_fixed_20250519_140429 - INFO - Train Epoch 103, Loss: 3.5339
2025-05-19 17:35:20,333 - transvg_coordinates_fixed_20250519_140429 - INFO - Pred box sample: [74.3248291015625, 97.02440643310547, 267.7470703125, 259.5738525390625]
2025-05-19 17:35:20,333 - transvg_coordinates_fixed_20250519_140429 - INFO - Target box sample: [207.0, 198.0, 287.0, 283.0]
2025-05-19 17:35:20,415 - transvg_coordinates_fixed_20250519_140429 - INFO - Validation Epoch 103, Loss: 4.7377
2025-05-19 17:35:20,415 - transvg_coordinates_fixed_20250519_140429 - INFO - Val metrics: Acc@0.25: 0.3068 | Acc@0.5: 0.1121 | Acc@0.75: 0.0149 | mIoU: 0.1759 | medianIoU: 0.0726 | mae_x1: 107.3444 | mae_y1: 104.6595 | mae_x2: 108.9005 | mae_y2: 102.9839 | center_x_error: 91.2213 | center_y_error: 87.8393 | width_error: 2.4479 | height_error: 2.1190 | loss: 4.7377
2025-05-19 17:35:21,043 - transvg_coordinates_fixed_20250519_140429 - INFO - Saved model checkpoint to /home/pokle/Trans-VG/visual_grounding/checkpoints/transvg_coordinates_fixed_20250519_140429_epoch103.pth
2025-05-19 17:35:21,044 - transvg_coordinates_fixed_20250519_140429 - INFO - Epoch 104/200
2025-05-19 17:35:22,195 - transvg_coordinates_fixed_20250519_140429 - INFO - Epoch 104, Batch 0/848, Loss: 3.8331
2025-05-19 17:35:22,196 - transvg_coordinates_fixed_20250519_140429 - INFO - Train metrics: l1_loss: 0.4016 | giou_loss: 0.9127 | total_loss: 3.8331
2025-05-19 17:35:40,661 - transvg_coordinates_fixed_20250519_140429 - INFO - Epoch 104, Batch 50/848, Loss: 2.9996
2025-05-19 17:35:40,661 - transvg_coordinates_fixed_20250519_140429 - INFO - Train metrics: l1_loss: 0.3193 | giou_loss: 0.7016 | total_loss: 2.9996
2025-05-19 17:35:59,342 - transvg_coordinates_fixed_20250519_140429 - INFO - Epoch 104, Batch 100/848, Loss: 3.5727
2025-05-19 17:35:59,342 - transvg_coordinates_fixed_20250519_140429 - INFO - Train metrics: l1_loss: 0.3454 | giou_loss: 0.9228 | total_loss: 3.5727
2025-05-19 17:36:17,923 - transvg_coordinates_fixed_20250519_140429 - INFO - Epoch 104, Batch 150/848, Loss: 3.6994
2025-05-19 17:36:17,923 - transvg_coordinates_fixed_20250519_140429 - INFO - Train metrics: l1_loss: 0.3837 | giou_loss: 0.8906 | total_loss: 3.6994
2025-05-19 17:36:36,616 - transvg_coordinates_fixed_20250519_140429 - INFO - Epoch 104, Batch 200/848, Loss: 3.2598
2025-05-19 17:36:36,616 - transvg_coordinates_fixed_20250519_140429 - INFO - Train metrics: l1_loss: 0.3246 | giou_loss: 0.8183 | total_loss: 3.2598
2025-05-19 17:36:55,376 - transvg_coordinates_fixed_20250519_140429 - INFO - Epoch 104, Batch 250/848, Loss: 3.4164
2025-05-19 17:36:55,377 - transvg_coordinates_fixed_20250519_140429 - INFO - Train metrics: l1_loss: 0.3183 | giou_loss: 0.9123 | total_loss: 3.4164
2025-05-19 17:37:14,127 - transvg_coordinates_fixed_20250519_140429 - INFO - Epoch 104, Batch 300/848, Loss: 3.6642
2025-05-19 17:37:14,128 - transvg_coordinates_fixed_20250519_140429 - INFO - Train metrics: l1_loss: 0.3919 | giou_loss: 0.8523 | total_loss: 3.6642
2025-05-19 17:37:32,977 - transvg_coordinates_fixed_20250519_140429 - INFO - Epoch 104, Batch 350/848, Loss: 3.1242
2025-05-19 17:37:32,977 - transvg_coordinates_fixed_20250519_140429 - INFO - Train metrics: l1_loss: 0.2972 | giou_loss: 0.8191 | total_loss: 3.1242
2025-05-19 17:37:51,820 - transvg_coordinates_fixed_20250519_140429 - INFO - Epoch 104, Batch 400/848, Loss: 3.1592
2025-05-19 17:37:51,820 - transvg_coordinates_fixed_20250519_140429 - INFO - Train metrics: l1_loss: 0.3023 | giou_loss: 0.8238 | total_loss: 3.1592
2025-05-19 17:38:10,629 - transvg_coordinates_fixed_20250519_140429 - INFO - Epoch 104, Batch 450/848, Loss: 3.3027
2025-05-19 17:38:10,629 - transvg_coordinates_fixed_20250519_140429 - INFO - Train metrics: l1_loss: 0.3200 | giou_loss: 0.8515 | total_loss: 3.3027
2025-05-19 17:38:29,459 - transvg_coordinates_fixed_20250519_140429 - INFO - Epoch 104, Batch 500/848, Loss: 3.5179
2025-05-19 17:38:29,459 - transvg_coordinates_fixed_20250519_140429 - INFO - Train metrics: l1_loss: 0.3678 | giou_loss: 0.8393 | total_loss: 3.5179
2025-05-19 17:38:48,275 - transvg_coordinates_fixed_20250519_140429 - INFO - Epoch 104, Batch 550/848, Loss: 3.4371
2025-05-19 17:38:48,275 - transvg_coordinates_fixed_20250519_140429 - INFO - Train metrics: l1_loss: 0.3563 | giou_loss: 0.8278 | total_loss: 3.4371
2025-05-19 17:39:07,349 - transvg_coordinates_fixed_20250519_140429 - INFO - Epoch 104, Batch 600/848, Loss: 3.2558
2025-05-19 17:39:07,349 - transvg_coordinates_fixed_20250519_140429 - INFO - Train metrics: l1_loss: 0.3600 | giou_loss: 0.7279 | total_loss: 3.2558
2025-05-19 17:39:26,152 - transvg_coordinates_fixed_20250519_140429 - INFO - Epoch 104, Batch 650/848, Loss: 3.6997
2025-05-19 17:39:26,152 - transvg_coordinates_fixed_20250519_140429 - INFO - Train metrics: l1_loss: 0.3683 | giou_loss: 0.9292 | total_loss: 3.6997
2025-05-19 17:39:44,976 - transvg_coordinates_fixed_20250519_140429 - INFO - Epoch 104, Batch 700/848, Loss: 3.2026
2025-05-19 17:39:44,976 - transvg_coordinates_fixed_20250519_140429 - INFO - Train metrics: l1_loss: 0.3191 | giou_loss: 0.8035 | total_loss: 3.2026
2025-05-19 17:40:03,835 - transvg_coordinates_fixed_20250519_140429 - INFO - Epoch 104, Batch 750/848, Loss: 3.5423
2025-05-19 17:40:03,835 - transvg_coordinates_fixed_20250519_140429 - INFO - Train metrics: l1_loss: 0.3872 | giou_loss: 0.8032 | total_loss: 3.5423
2025-05-19 17:40:22,667 - transvg_coordinates_fixed_20250519_140429 - INFO - Epoch 104, Batch 800/848, Loss: 3.2358
2025-05-19 17:40:22,667 - transvg_coordinates_fixed_20250519_140429 - INFO - Train metrics: l1_loss: 0.3430 | giou_loss: 0.7603 | total_loss: 3.2358
2025-05-19 17:40:40,396 - transvg_coordinates_fixed_20250519_140429 - INFO - Train Epoch 104, Loss: 3.5336
2025-05-19 17:40:56,990 - transvg_coordinates_fixed_20250519_140429 - INFO - Pred box sample: [88.23807525634766, 96.36595153808594, 234.4340057373047, 258.6238708496094]
2025-05-19 17:40:56,991 - transvg_coordinates_fixed_20250519_140429 - INFO - Target box sample: [207.0, 198.0, 287.0, 283.0]
2025-05-19 17:40:57,071 - transvg_coordinates_fixed_20250519_140429 - INFO - Validation Epoch 104, Loss: 4.7368
2025-05-19 17:40:57,071 - transvg_coordinates_fixed_20250519_140429 - INFO - Val metrics: Acc@0.25: 0.2985 | Acc@0.5: 0.1076 | Acc@0.75: 0.0141 | mIoU: 0.1732 | medianIoU: 0.0704 | mae_x1: 105.0367 | mae_y1: 103.6129 | mae_x2: 106.2791 | mae_y2: 104.0430 | center_x_error: 92.2119 | center_y_error: 87.3833 | width_error: 2.0294 | height_error: 2.1314 | loss: 4.7368
2025-05-19 17:40:57,709 - transvg_coordinates_fixed_20250519_140429 - INFO - Saved model checkpoint to /home/pokle/Trans-VG/visual_grounding/checkpoints/transvg_coordinates_fixed_20250519_140429_epoch104.pth
2025-05-19 17:40:57,710 - transvg_coordinates_fixed_20250519_140429 - INFO - Epoch 105/200
2025-05-19 17:40:58,799 - transvg_coordinates_fixed_20250519_140429 - INFO - Epoch 105, Batch 0/848, Loss: 4.0463
2025-05-19 17:40:58,799 - transvg_coordinates_fixed_20250519_140429 - INFO - Train metrics: l1_loss: 0.4136 | giou_loss: 0.9891 | total_loss: 4.0463
2025-05-19 17:41:17,593 - transvg_coordinates_fixed_20250519_140429 - INFO - Epoch 105, Batch 50/848, Loss: 3.3199
2025-05-19 17:41:17,594 - transvg_coordinates_fixed_20250519_140429 - INFO - Train metrics: l1_loss: 0.3325 | giou_loss: 0.8286 | total_loss: 3.3199
2025-05-19 17:41:36,503 - transvg_coordinates_fixed_20250519_140429 - INFO - Epoch 105, Batch 100/848, Loss: 3.4445
2025-05-19 17:41:36,504 - transvg_coordinates_fixed_20250519_140429 - INFO - Train metrics: l1_loss: 0.3409 | giou_loss: 0.8701 | total_loss: 3.4445
2025-05-19 17:41:55,427 - transvg_coordinates_fixed_20250519_140429 - INFO - Epoch 105, Batch 150/848, Loss: 3.3775
2025-05-19 17:41:55,428 - transvg_coordinates_fixed_20250519_140429 - INFO - Train metrics: l1_loss: 0.3420 | giou_loss: 0.8337 | total_loss: 3.3775
2025-05-19 17:42:14,310 - transvg_coordinates_fixed_20250519_140429 - INFO - Epoch 105, Batch 200/848, Loss: 3.0162
2025-05-19 17:42:14,310 - transvg_coordinates_fixed_20250519_140429 - INFO - Train metrics: l1_loss: 0.2954 | giou_loss: 0.7697 | total_loss: 3.0162
2025-05-19 17:42:33,202 - transvg_coordinates_fixed_20250519_140429 - INFO - Epoch 105, Batch 250/848, Loss: 3.9885
2025-05-19 17:42:33,202 - transvg_coordinates_fixed_20250519_140429 - INFO - Train metrics: l1_loss: 0.4032 | giou_loss: 0.9862 | total_loss: 3.9885
2025-05-19 17:42:52,156 - transvg_coordinates_fixed_20250519_140429 - INFO - Epoch 105, Batch 300/848, Loss: 3.3457
2025-05-19 17:42:52,156 - transvg_coordinates_fixed_20250519_140429 - INFO - Train metrics: l1_loss: 0.3433 | giou_loss: 0.8146 | total_loss: 3.3457
2025-05-19 17:43:11,019 - transvg_coordinates_fixed_20250519_140429 - INFO - Epoch 105, Batch 350/848, Loss: 3.8339
2025-05-19 17:43:11,019 - transvg_coordinates_fixed_20250519_140429 - INFO - Train metrics: l1_loss: 0.3984 | giou_loss: 0.9209 | total_loss: 3.8339
2025-05-19 17:43:29,898 - transvg_coordinates_fixed_20250519_140429 - INFO - Epoch 105, Batch 400/848, Loss: 3.5171
2025-05-19 17:43:29,898 - transvg_coordinates_fixed_20250519_140429 - INFO - Train metrics: l1_loss: 0.3467 | giou_loss: 0.8917 | total_loss: 3.5171
2025-05-19 17:43:48,736 - transvg_coordinates_fixed_20250519_140429 - INFO - Epoch 105, Batch 450/848, Loss: 3.2116
2025-05-19 17:43:48,736 - transvg_coordinates_fixed_20250519_140429 - INFO - Train metrics: l1_loss: 0.3070 | giou_loss: 0.8382 | total_loss: 3.2116
2025-05-19 17:44:07,511 - transvg_coordinates_fixed_20250519_140429 - INFO - Epoch 105, Batch 500/848, Loss: 3.9070
2025-05-19 17:44:07,511 - transvg_coordinates_fixed_20250519_140429 - INFO - Train metrics: l1_loss: 0.3843 | giou_loss: 0.9927 | total_loss: 3.9070
2025-05-19 17:44:26,325 - transvg_coordinates_fixed_20250519_140429 - INFO - Epoch 105, Batch 550/848, Loss: 3.9059
2025-05-19 17:44:26,326 - transvg_coordinates_fixed_20250519_140429 - INFO - Train metrics: l1_loss: 0.4267 | giou_loss: 0.8863 | total_loss: 3.9059
2025-05-19 17:44:45,138 - transvg_coordinates_fixed_20250519_140429 - INFO - Epoch 105, Batch 600/848, Loss: 3.6265
2025-05-19 17:44:45,139 - transvg_coordinates_fixed_20250519_140429 - INFO - Train metrics: l1_loss: 0.3982 | giou_loss: 0.8178 | total_loss: 3.6265
2025-05-19 17:45:03,905 - transvg_coordinates_fixed_20250519_140429 - INFO - Epoch 105, Batch 650/848, Loss: 3.7366
2025-05-19 17:45:03,906 - transvg_coordinates_fixed_20250519_140429 - INFO - Train metrics: l1_loss: 0.3718 | giou_loss: 0.9388 | total_loss: 3.7366
2025-05-19 17:45:22,751 - transvg_coordinates_fixed_20250519_140429 - INFO - Epoch 105, Batch 700/848, Loss: 3.8697
2025-05-19 17:45:22,752 - transvg_coordinates_fixed_20250519_140429 - INFO - Train metrics: l1_loss: 0.3810 | giou_loss: 0.9824 | total_loss: 3.8697
2025-05-19 17:45:41,630 - transvg_coordinates_fixed_20250519_140429 - INFO - Epoch 105, Batch 750/848, Loss: 3.5835
2025-05-19 17:45:41,631 - transvg_coordinates_fixed_20250519_140429 - INFO - Train metrics: l1_loss: 0.3510 | giou_loss: 0.9143 | total_loss: 3.5835
2025-05-19 17:46:00,556 - transvg_coordinates_fixed_20250519_140429 - INFO - Epoch 105, Batch 800/848, Loss: 3.5921
2025-05-19 17:46:00,556 - transvg_coordinates_fixed_20250519_140429 - INFO - Train metrics: l1_loss: 0.3785 | giou_loss: 0.8498 | total_loss: 3.5921
2025-05-19 17:46:18,185 - transvg_coordinates_fixed_20250519_140429 - INFO - Train Epoch 105, Loss: 3.5308
2025-05-19 17:46:35,008 - transvg_coordinates_fixed_20250519_140429 - INFO - Pred box sample: [75.47705841064453, 101.38638305664062, 263.7958984375, 278.98382568359375]
2025-05-19 17:46:35,009 - transvg_coordinates_fixed_20250519_140429 - INFO - Target box sample: [207.0, 198.0, 287.0, 283.0]
2025-05-19 17:46:35,090 - transvg_coordinates_fixed_20250519_140429 - INFO - Validation Epoch 105, Loss: 4.7312
2025-05-19 17:46:35,090 - transvg_coordinates_fixed_20250519_140429 - INFO - Val metrics: Acc@0.25: 0.2985 | Acc@0.5: 0.1116 | Acc@0.75: 0.0130 | mIoU: 0.1750 | medianIoU: 0.0750 | mae_x1: 106.5632 | mae_y1: 103.0998 | mae_x2: 106.8594 | mae_y2: 103.2835 | center_x_error: 92.5284 | center_y_error: 87.5195 | width_error: 2.1684 | height_error: 2.0586 | loss: 4.7312
2025-05-19 17:46:35,706 - transvg_coordinates_fixed_20250519_140429 - INFO - Saved model checkpoint to /home/pokle/Trans-VG/visual_grounding/checkpoints/transvg_coordinates_fixed_20250519_140429_epoch105.pth
2025-05-19 17:46:35,707 - transvg_coordinates_fixed_20250519_140429 - INFO - Epoch 106/200
2025-05-19 17:46:36,837 - transvg_coordinates_fixed_20250519_140429 - INFO - Epoch 106, Batch 0/848, Loss: 3.2763
2025-05-19 17:46:36,838 - transvg_coordinates_fixed_20250519_140429 - INFO - Train metrics: l1_loss: 0.3090 | giou_loss: 0.8656 | total_loss: 3.2763
2025-05-19 17:46:55,472 - transvg_coordinates_fixed_20250519_140429 - INFO - Epoch 106, Batch 50/848, Loss: 3.7804
2025-05-19 17:46:55,473 - transvg_coordinates_fixed_20250519_140429 - INFO - Train metrics: l1_loss: 0.4005 | giou_loss: 0.8889 | total_loss: 3.7804
2025-05-19 17:47:14,245 - transvg_coordinates_fixed_20250519_140429 - INFO - Epoch 106, Batch 100/848, Loss: 3.5332
2025-05-19 17:47:14,245 - transvg_coordinates_fixed_20250519_140429 - INFO - Train metrics: l1_loss: 0.3754 | giou_loss: 0.8280 | total_loss: 3.5332
2025-05-19 17:47:33,168 - transvg_coordinates_fixed_20250519_140429 - INFO - Epoch 106, Batch 150/848, Loss: 3.6353
2025-05-19 17:47:33,168 - transvg_coordinates_fixed_20250519_140429 - INFO - Train metrics: l1_loss: 0.3858 | giou_loss: 0.8531 | total_loss: 3.6353
2025-05-19 17:47:51,957 - transvg_coordinates_fixed_20250519_140429 - INFO - Epoch 106, Batch 200/848, Loss: 3.5221
2025-05-19 17:47:51,957 - transvg_coordinates_fixed_20250519_140429 - INFO - Train metrics: l1_loss: 0.3647 | giou_loss: 0.8494 | total_loss: 3.5221
2025-05-19 17:48:10,707 - transvg_coordinates_fixed_20250519_140429 - INFO - Epoch 106, Batch 250/848, Loss: 3.9704
2025-05-19 17:48:10,707 - transvg_coordinates_fixed_20250519_140429 - INFO - Train metrics: l1_loss: 0.4383 | giou_loss: 0.8896 | total_loss: 3.9704
2025-05-19 17:48:29,590 - transvg_coordinates_fixed_20250519_140429 - INFO - Epoch 106, Batch 300/848, Loss: 3.0592
2025-05-19 17:48:29,590 - transvg_coordinates_fixed_20250519_140429 - INFO - Train metrics: l1_loss: 0.3092 | giou_loss: 0.7566 | total_loss: 3.0592
2025-05-19 17:48:48,536 - transvg_coordinates_fixed_20250519_140429 - INFO - Epoch 106, Batch 350/848, Loss: 3.8849
2025-05-19 17:48:48,537 - transvg_coordinates_fixed_20250519_140429 - INFO - Train metrics: l1_loss: 0.4292 | giou_loss: 0.8694 | total_loss: 3.8849
2025-05-19 17:49:07,418 - transvg_coordinates_fixed_20250519_140429 - INFO - Epoch 106, Batch 400/848, Loss: 3.2101
2025-05-19 17:49:07,418 - transvg_coordinates_fixed_20250519_140429 - INFO - Train metrics: l1_loss: 0.3310 | giou_loss: 0.7776 | total_loss: 3.2101
2025-05-19 17:49:26,178 - transvg_coordinates_fixed_20250519_140429 - INFO - Epoch 106, Batch 450/848, Loss: 3.0051
2025-05-19 17:49:26,178 - transvg_coordinates_fixed_20250519_140429 - INFO - Train metrics: l1_loss: 0.3004 | giou_loss: 0.7516 | total_loss: 3.0051
2025-05-19 17:49:44,934 - transvg_coordinates_fixed_20250519_140429 - INFO - Epoch 106, Batch 500/848, Loss: 3.6768
2025-05-19 17:49:44,935 - transvg_coordinates_fixed_20250519_140429 - INFO - Train metrics: l1_loss: 0.3920 | giou_loss: 0.8584 | total_loss: 3.6768
2025-05-19 17:50:03,675 - transvg_coordinates_fixed_20250519_140429 - INFO - Epoch 106, Batch 550/848, Loss: 3.3602
2025-05-19 17:50:03,676 - transvg_coordinates_fixed_20250519_140429 - INFO - Train metrics: l1_loss: 0.3513 | giou_loss: 0.8019 | total_loss: 3.3602
2025-05-19 17:50:22,456 - transvg_coordinates_fixed_20250519_140429 - INFO - Epoch 106, Batch 600/848, Loss: 3.5167
2025-05-19 17:50:22,457 - transvg_coordinates_fixed_20250519_140429 - INFO - Train metrics: l1_loss: 0.3444 | giou_loss: 0.8974 | total_loss: 3.5167
2025-05-19 17:50:41,169 - transvg_coordinates_fixed_20250519_140429 - INFO - Epoch 106, Batch 650/848, Loss: 3.7857
2025-05-19 17:50:41,170 - transvg_coordinates_fixed_20250519_140429 - INFO - Train metrics: l1_loss: 0.3737 | giou_loss: 0.9585 | total_loss: 3.7857
2025-05-19 17:50:59,878 - transvg_coordinates_fixed_20250519_140429 - INFO - Epoch 106, Batch 700/848, Loss: 3.1262
2025-05-19 17:50:59,878 - transvg_coordinates_fixed_20250519_140429 - INFO - Train metrics: l1_loss: 0.3086 | giou_loss: 0.7915 | total_loss: 3.1262
2025-05-19 17:51:18,569 - transvg_coordinates_fixed_20250519_140429 - INFO - Epoch 106, Batch 750/848, Loss: 3.5304
2025-05-19 17:51:18,570 - transvg_coordinates_fixed_20250519_140429 - INFO - Train metrics: l1_loss: 0.3742 | giou_loss: 0.8297 | total_loss: 3.5304
2025-05-19 17:51:37,313 - transvg_coordinates_fixed_20250519_140429 - INFO - Epoch 106, Batch 800/848, Loss: 3.5156
2025-05-19 17:51:37,313 - transvg_coordinates_fixed_20250519_140429 - INFO - Train metrics: l1_loss: 0.3597 | giou_loss: 0.8585 | total_loss: 3.5156
2025-05-19 17:51:55,067 - transvg_coordinates_fixed_20250519_140429 - INFO - Train Epoch 106, Loss: 3.5272
2025-05-19 17:52:11,901 - transvg_coordinates_fixed_20250519_140429 - INFO - Pred box sample: [72.19332122802734, 123.4421615600586, 245.60549926757812, 273.1481018066406]
2025-05-19 17:52:11,901 - transvg_coordinates_fixed_20250519_140429 - INFO - Target box sample: [207.0, 198.0, 287.0, 283.0]
2025-05-19 17:52:11,982 - transvg_coordinates_fixed_20250519_140429 - INFO - Validation Epoch 106, Loss: 4.7234
2025-05-19 17:52:11,982 - transvg_coordinates_fixed_20250519_140429 - INFO - Val metrics: Acc@0.25: 0.3023 | Acc@0.5: 0.1097 | Acc@0.75: 0.0135 | mIoU: 0.1754 | medianIoU: 0.0753 | mae_x1: 107.8593 | mae_y1: 103.4241 | mae_x2: 107.1253 | mae_y2: 102.0323 | center_x_error: 92.4643 | center_y_error: 86.9697 | width_error: 2.2897 | height_error: 2.0565 | loss: 4.7234
2025-05-19 17:52:12,601 - transvg_coordinates_fixed_20250519_140429 - INFO - Saved model checkpoint to /home/pokle/Trans-VG/visual_grounding/checkpoints/transvg_coordinates_fixed_20250519_140429_epoch106.pth
2025-05-19 17:52:12,602 - transvg_coordinates_fixed_20250519_140429 - INFO - Epoch 107/200
2025-05-19 17:52:13,698 - transvg_coordinates_fixed_20250519_140429 - INFO - Epoch 107, Batch 0/848, Loss: 3.7862
2025-05-19 17:52:13,698 - transvg_coordinates_fixed_20250519_140429 - INFO - Train metrics: l1_loss: 0.3839 | giou_loss: 0.9333 | total_loss: 3.7862
2025-05-19 17:52:32,448 - transvg_coordinates_fixed_20250519_140429 - INFO - Epoch 107, Batch 50/848, Loss: 3.5057
2025-05-19 17:52:32,449 - transvg_coordinates_fixed_20250519_140429 - INFO - Train metrics: l1_loss: 0.3614 | giou_loss: 0.8494 | total_loss: 3.5057
2025-05-19 17:52:51,288 - transvg_coordinates_fixed_20250519_140429 - INFO - Epoch 107, Batch 100/848, Loss: 2.9246
2025-05-19 17:52:51,289 - transvg_coordinates_fixed_20250519_140429 - INFO - Train metrics: l1_loss: 0.3026 | giou_loss: 0.7058 | total_loss: 2.9246
2025-05-19 17:53:10,074 - transvg_coordinates_fixed_20250519_140429 - INFO - Epoch 107, Batch 150/848, Loss: 3.5663
2025-05-19 17:53:10,074 - transvg_coordinates_fixed_20250519_140429 - INFO - Train metrics: l1_loss: 0.3483 | giou_loss: 0.9123 | total_loss: 3.5663
2025-05-19 17:53:28,913 - transvg_coordinates_fixed_20250519_140429 - INFO - Epoch 107, Batch 200/848, Loss: 3.8775
2025-05-19 17:53:28,913 - transvg_coordinates_fixed_20250519_140429 - INFO - Train metrics: l1_loss: 0.4512 | giou_loss: 0.8107 | total_loss: 3.8775
2025-05-19 17:53:47,788 - transvg_coordinates_fixed_20250519_140429 - INFO - Epoch 107, Batch 250/848, Loss: 4.0011
2025-05-19 17:53:47,789 - transvg_coordinates_fixed_20250519_140429 - INFO - Train metrics: l1_loss: 0.4163 | giou_loss: 0.9597 | total_loss: 4.0011
2025-05-19 17:54:06,656 - transvg_coordinates_fixed_20250519_140429 - INFO - Epoch 107, Batch 300/848, Loss: 3.7503
2025-05-19 17:54:06,657 - transvg_coordinates_fixed_20250519_140429 - INFO - Train metrics: l1_loss: 0.3713 | giou_loss: 0.9470 | total_loss: 3.7503
2025-05-19 17:54:25,668 - transvg_coordinates_fixed_20250519_140429 - INFO - Epoch 107, Batch 350/848, Loss: 3.5584
2025-05-19 17:54:25,669 - transvg_coordinates_fixed_20250519_140429 - INFO - Train metrics: l1_loss: 0.3565 | giou_loss: 0.8879 | total_loss: 3.5584
2025-05-19 17:54:44,608 - transvg_coordinates_fixed_20250519_140429 - INFO - Epoch 107, Batch 400/848, Loss: 3.2060
2025-05-19 17:54:44,608 - transvg_coordinates_fixed_20250519_140429 - INFO - Train metrics: l1_loss: 0.3192 | giou_loss: 0.8050 | total_loss: 3.2060
2025-05-19 17:55:03,436 - transvg_coordinates_fixed_20250519_140429 - INFO - Epoch 107, Batch 450/848, Loss: 3.1429
2025-05-19 17:55:03,437 - transvg_coordinates_fixed_20250519_140429 - INFO - Train metrics: l1_loss: 0.3228 | giou_loss: 0.7644 | total_loss: 3.1429
2025-05-19 17:55:22,277 - transvg_coordinates_fixed_20250519_140429 - INFO - Epoch 107, Batch 500/848, Loss: 4.4648
2025-05-19 17:55:22,277 - transvg_coordinates_fixed_20250519_140429 - INFO - Train metrics: l1_loss: 0.5097 | giou_loss: 0.9580 | total_loss: 4.4648
2025-05-19 17:55:41,315 - transvg_coordinates_fixed_20250519_140429 - INFO - Epoch 107, Batch 550/848, Loss: 3.4452
2025-05-19 17:55:41,315 - transvg_coordinates_fixed_20250519_140429 - INFO - Train metrics: l1_loss: 0.3429 | giou_loss: 0.8654 | total_loss: 3.4452
2025-05-19 17:56:00,052 - transvg_coordinates_fixed_20250519_140429 - INFO - Epoch 107, Batch 600/848, Loss: 3.7489
2025-05-19 17:56:00,053 - transvg_coordinates_fixed_20250519_140429 - INFO - Train metrics: l1_loss: 0.3997 | giou_loss: 0.8751 | total_loss: 3.7489
2025-05-19 17:56:18,838 - transvg_coordinates_fixed_20250519_140429 - INFO - Epoch 107, Batch 650/848, Loss: 3.7702
2025-05-19 17:56:18,839 - transvg_coordinates_fixed_20250519_140429 - INFO - Train metrics: l1_loss: 0.3927 | giou_loss: 0.9034 | total_loss: 3.7702
2025-05-19 17:56:37,692 - transvg_coordinates_fixed_20250519_140429 - INFO - Epoch 107, Batch 700/848, Loss: 3.9653
2025-05-19 17:56:37,693 - transvg_coordinates_fixed_20250519_140429 - INFO - Train metrics: l1_loss: 0.4284 | giou_loss: 0.9117 | total_loss: 3.9653
2025-05-19 17:56:56,600 - transvg_coordinates_fixed_20250519_140429 - INFO - Epoch 107, Batch 750/848, Loss: 3.6841
2025-05-19 17:56:56,600 - transvg_coordinates_fixed_20250519_140429 - INFO - Train metrics: l1_loss: 0.3845 | giou_loss: 0.8808 | total_loss: 3.6841
2025-05-19 17:57:15,419 - transvg_coordinates_fixed_20250519_140429 - INFO - Epoch 107, Batch 800/848, Loss: 3.4021
2025-05-19 17:57:15,420 - transvg_coordinates_fixed_20250519_140429 - INFO - Train metrics: l1_loss: 0.3299 | giou_loss: 0.8763 | total_loss: 3.4021
2025-05-19 17:57:33,026 - transvg_coordinates_fixed_20250519_140429 - INFO - Train Epoch 107, Loss: 3.5243
2025-05-19 17:57:49,709 - transvg_coordinates_fixed_20250519_140429 - INFO - Pred box sample: [96.24645233154297, 100.30287170410156, 293.79779052734375, 244.09349060058594]
2025-05-19 17:57:49,710 - transvg_coordinates_fixed_20250519_140429 - INFO - Target box sample: [207.0, 198.0, 287.0, 283.0]
2025-05-19 17:57:49,791 - transvg_coordinates_fixed_20250519_140429 - INFO - Validation Epoch 107, Loss: 4.7218
2025-05-19 17:57:49,791 - transvg_coordinates_fixed_20250519_140429 - INFO - Val metrics: Acc@0.25: 0.2961 | Acc@0.5: 0.1078 | Acc@0.75: 0.0151 | mIoU: 0.1732 | medianIoU: 0.0716 | mae_x1: 104.6198 | mae_y1: 103.2517 | mae_x2: 104.9627 | mae_y2: 103.5310 | center_x_error: 90.8386 | center_y_error: 87.9563 | width_error: 2.0737 | height_error: 2.0365 | loss: 4.7218
2025-05-19 17:57:50,573 - transvg_coordinates_fixed_20250519_140429 - INFO - Saved model checkpoint to /home/pokle/Trans-VG/visual_grounding/checkpoints/transvg_coordinates_fixed_20250519_140429_epoch107.pth
2025-05-19 17:57:50,574 - transvg_coordinates_fixed_20250519_140429 - INFO - Epoch 108/200
2025-05-19 17:57:51,705 - transvg_coordinates_fixed_20250519_140429 - INFO - Epoch 108, Batch 0/848, Loss: 3.2306
2025-05-19 17:57:51,705 - transvg_coordinates_fixed_20250519_140429 - INFO - Train metrics: l1_loss: 0.3422 | giou_loss: 0.7598 | total_loss: 3.2306
2025-05-19 17:58:10,163 - transvg_coordinates_fixed_20250519_140429 - INFO - Epoch 108, Batch 50/848, Loss: 3.4581
2025-05-19 17:58:10,163 - transvg_coordinates_fixed_20250519_140429 - INFO - Train metrics: l1_loss: 0.3413 | giou_loss: 0.8757 | total_loss: 3.4581
2025-05-19 17:58:29,018 - transvg_coordinates_fixed_20250519_140429 - INFO - Epoch 108, Batch 100/848, Loss: 3.4561
2025-05-19 17:58:29,019 - transvg_coordinates_fixed_20250519_140429 - INFO - Train metrics: l1_loss: 0.3541 | giou_loss: 0.8427 | total_loss: 3.4561
2025-05-19 17:58:47,763 - transvg_coordinates_fixed_20250519_140429 - INFO - Epoch 108, Batch 150/848, Loss: 3.8585
2025-05-19 17:58:47,763 - transvg_coordinates_fixed_20250519_140429 - INFO - Train metrics: l1_loss: 0.4071 | giou_loss: 0.9114 | total_loss: 3.8585
2025-05-19 17:59:06,678 - transvg_coordinates_fixed_20250519_140429 - INFO - Epoch 108, Batch 200/848, Loss: 3.3831
2025-05-19 17:59:06,679 - transvg_coordinates_fixed_20250519_140429 - INFO - Train metrics: l1_loss: 0.3236 | giou_loss: 0.8827 | total_loss: 3.3831
2025-05-19 17:59:25,608 - transvg_coordinates_fixed_20250519_140429 - INFO - Epoch 108, Batch 250/848, Loss: 3.3060
2025-05-19 17:59:25,608 - transvg_coordinates_fixed_20250519_140429 - INFO - Train metrics: l1_loss: 0.3196 | giou_loss: 0.8539 | total_loss: 3.3060
2025-05-19 17:59:44,450 - transvg_coordinates_fixed_20250519_140429 - INFO - Epoch 108, Batch 300/848, Loss: 3.1893
2025-05-19 17:59:44,450 - transvg_coordinates_fixed_20250519_140429 - INFO - Train metrics: l1_loss: 0.3254 | giou_loss: 0.7813 | total_loss: 3.1893
2025-05-19 18:00:03,316 - transvg_coordinates_fixed_20250519_140429 - INFO - Epoch 108, Batch 350/848, Loss: 3.5531
2025-05-19 18:00:03,316 - transvg_coordinates_fixed_20250519_140429 - INFO - Train metrics: l1_loss: 0.3539 | giou_loss: 0.8919 | total_loss: 3.5531
2025-05-19 18:00:22,187 - transvg_coordinates_fixed_20250519_140429 - INFO - Epoch 108, Batch 400/848, Loss: 4.0148
2025-05-19 18:00:22,187 - transvg_coordinates_fixed_20250519_140429 - INFO - Train metrics: l1_loss: 0.4208 | giou_loss: 0.9553 | total_loss: 4.0148
2025-05-19 18:00:41,112 - transvg_coordinates_fixed_20250519_140429 - INFO - Epoch 108, Batch 450/848, Loss: 4.0899
2025-05-19 18:00:41,112 - transvg_coordinates_fixed_20250519_140429 - INFO - Train metrics: l1_loss: 0.4215 | giou_loss: 0.9911 | total_loss: 4.0899
2025-05-19 18:00:59,898 - transvg_coordinates_fixed_20250519_140429 - INFO - Epoch 108, Batch 500/848, Loss: 3.0594
2025-05-19 18:00:59,898 - transvg_coordinates_fixed_20250519_140429 - INFO - Train metrics: l1_loss: 0.3044 | giou_loss: 0.7687 | total_loss: 3.0594
2025-05-19 18:01:18,678 - transvg_coordinates_fixed_20250519_140429 - INFO - Epoch 108, Batch 550/848, Loss: 3.5300
2025-05-19 18:01:18,678 - transvg_coordinates_fixed_20250519_140429 - INFO - Train metrics: l1_loss: 0.3567 | giou_loss: 0.8733 | total_loss: 3.5300
2025-05-19 18:01:37,441 - transvg_coordinates_fixed_20250519_140429 - INFO - Epoch 108, Batch 600/848, Loss: 3.3024
2025-05-19 18:01:37,441 - transvg_coordinates_fixed_20250519_140429 - INFO - Train metrics: l1_loss: 0.3397 | giou_loss: 0.8019 | total_loss: 3.3024
2025-05-19 18:01:56,184 - transvg_coordinates_fixed_20250519_140429 - INFO - Epoch 108, Batch 650/848, Loss: 3.3732
2025-05-19 18:01:56,184 - transvg_coordinates_fixed_20250519_140429 - INFO - Train metrics: l1_loss: 0.3356 | giou_loss: 0.8476 | total_loss: 3.3732
2025-05-19 18:02:14,969 - transvg_coordinates_fixed_20250519_140429 - INFO - Epoch 108, Batch 700/848, Loss: 3.6385
2025-05-19 18:02:14,969 - transvg_coordinates_fixed_20250519_140429 - INFO - Train metrics: l1_loss: 0.3917 | giou_loss: 0.8400 | total_loss: 3.6385
2025-05-19 18:02:33,697 - transvg_coordinates_fixed_20250519_140429 - INFO - Epoch 108, Batch 750/848, Loss: 3.2993
2025-05-19 18:02:33,697 - transvg_coordinates_fixed_20250519_140429 - INFO - Train metrics: l1_loss: 0.3164 | giou_loss: 0.8587 | total_loss: 3.2993
2025-05-19 18:02:52,455 - transvg_coordinates_fixed_20250519_140429 - INFO - Epoch 108, Batch 800/848, Loss: 3.3145
2025-05-19 18:02:52,455 - transvg_coordinates_fixed_20250519_140429 - INFO - Train metrics: l1_loss: 0.2975 | giou_loss: 0.9135 | total_loss: 3.3145
2025-05-19 18:03:10,118 - transvg_coordinates_fixed_20250519_140429 - INFO - Train Epoch 108, Loss: 3.5198
2025-05-19 18:03:26,495 - transvg_coordinates_fixed_20250519_140429 - INFO - Pred box sample: [84.47333526611328, 91.55012512207031, 280.9337158203125, 276.21258544921875]
2025-05-19 18:03:26,496 - transvg_coordinates_fixed_20250519_140429 - INFO - Target box sample: [207.0, 198.0, 287.0, 283.0]
2025-05-19 18:03:26,575 - transvg_coordinates_fixed_20250519_140429 - INFO - Validation Epoch 108, Loss: 4.7062
2025-05-19 18:03:26,575 - transvg_coordinates_fixed_20250519_140429 - INFO - Val metrics: Acc@0.25: 0.3044 | Acc@0.5: 0.1131 | Acc@0.75: 0.0157 | mIoU: 0.1772 | medianIoU: 0.0724 | mae_x1: 105.4583 | mae_y1: 101.6229 | mae_x2: 106.5327 | mae_y2: 102.9300 | center_x_error: 91.2739 | center_y_error: 86.9478 | width_error: 2.1586 | height_error: 2.0293 | loss: 4.7062
2025-05-19 18:03:27,204 - transvg_coordinates_fixed_20250519_140429 - INFO - Saved model checkpoint to /home/pokle/Trans-VG/visual_grounding/checkpoints/transvg_coordinates_fixed_20250519_140429_epoch108.pth
2025-05-19 18:03:27,204 - transvg_coordinates_fixed_20250519_140429 - INFO - Epoch 109/200
2025-05-19 18:03:28,349 - transvg_coordinates_fixed_20250519_140429 - INFO - Epoch 109, Batch 0/848, Loss: 3.1355
2025-05-19 18:03:28,349 - transvg_coordinates_fixed_20250519_140429 - INFO - Train metrics: l1_loss: 0.2967 | giou_loss: 0.8260 | total_loss: 3.1355
2025-05-19 18:03:47,027 - transvg_coordinates_fixed_20250519_140429 - INFO - Epoch 109, Batch 50/848, Loss: 2.8429
2025-05-19 18:03:47,027 - transvg_coordinates_fixed_20250519_140429 - INFO - Train metrics: l1_loss: 0.2799 | giou_loss: 0.7217 | total_loss: 2.8429
2025-05-19 18:04:05,768 - transvg_coordinates_fixed_20250519_140429 - INFO - Epoch 109, Batch 100/848, Loss: 3.4206
2025-05-19 18:04:05,768 - transvg_coordinates_fixed_20250519_140429 - INFO - Train metrics: l1_loss: 0.3484 | giou_loss: 0.8394 | total_loss: 3.4206
2025-05-19 18:04:24,542 - transvg_coordinates_fixed_20250519_140429 - INFO - Epoch 109, Batch 150/848, Loss: 3.5016
2025-05-19 18:04:24,542 - transvg_coordinates_fixed_20250519_140429 - INFO - Train metrics: l1_loss: 0.3440 | giou_loss: 0.8907 | total_loss: 3.5016
2025-05-19 18:04:43,321 - transvg_coordinates_fixed_20250519_140429 - INFO - Epoch 109, Batch 200/848, Loss: 3.9427
2025-05-19 18:04:43,322 - transvg_coordinates_fixed_20250519_140429 - INFO - Train metrics: l1_loss: 0.4285 | giou_loss: 0.9002 | total_loss: 3.9427
2025-05-19 18:05:02,122 - transvg_coordinates_fixed_20250519_140429 - INFO - Epoch 109, Batch 250/848, Loss: 3.9269
2025-05-19 18:05:02,122 - transvg_coordinates_fixed_20250519_140429 - INFO - Train metrics: l1_loss: 0.4183 | giou_loss: 0.9177 | total_loss: 3.9269
2025-05-19 18:05:20,920 - transvg_coordinates_fixed_20250519_140429 - INFO - Epoch 109, Batch 300/848, Loss: 2.8161
2025-05-19 18:05:20,921 - transvg_coordinates_fixed_20250519_140429 - INFO - Train metrics: l1_loss: 0.2762 | giou_loss: 0.7176 | total_loss: 2.8161
2025-05-19 18:05:39,751 - transvg_coordinates_fixed_20250519_140429 - INFO - Epoch 109, Batch 350/848, Loss: 3.1599
2025-05-19 18:05:39,751 - transvg_coordinates_fixed_20250519_140429 - INFO - Train metrics: l1_loss: 0.3067 | giou_loss: 0.8133 | total_loss: 3.1599
2025-05-19 18:05:58,530 - transvg_coordinates_fixed_20250519_140429 - INFO - Epoch 109, Batch 400/848, Loss: 3.8480
2025-05-19 18:05:58,530 - transvg_coordinates_fixed_20250519_140429 - INFO - Train metrics: l1_loss: 0.4057 | giou_loss: 0.9098 | total_loss: 3.8480
2025-05-19 18:06:17,258 - transvg_coordinates_fixed_20250519_140429 - INFO - Epoch 109, Batch 450/848, Loss: 3.4968
2025-05-19 18:06:17,259 - transvg_coordinates_fixed_20250519_140429 - INFO - Train metrics: l1_loss: 0.3456 | giou_loss: 0.8845 | total_loss: 3.4968
2025-05-19 18:06:35,884 - transvg_coordinates_fixed_20250519_140429 - INFO - Epoch 109, Batch 500/848, Loss: 3.5042
2025-05-19 18:06:35,884 - transvg_coordinates_fixed_20250519_140429 - INFO - Train metrics: l1_loss: 0.3481 | giou_loss: 0.8819 | total_loss: 3.5042
2025-05-19 18:06:54,473 - transvg_coordinates_fixed_20250519_140429 - INFO - Epoch 109, Batch 550/848, Loss: 3.3510
2025-05-19 18:06:54,473 - transvg_coordinates_fixed_20250519_140429 - INFO - Train metrics: l1_loss: 0.3564 | giou_loss: 0.7846 | total_loss: 3.3510
2025-05-19 18:07:13,049 - transvg_coordinates_fixed_20250519_140429 - INFO - Epoch 109, Batch 600/848, Loss: 3.7773
2025-05-19 18:07:13,050 - transvg_coordinates_fixed_20250519_140429 - INFO - Train metrics: l1_loss: 0.3962 | giou_loss: 0.8981 | total_loss: 3.7773
2025-05-19 18:07:31,669 - transvg_coordinates_fixed_20250519_140429 - INFO - Epoch 109, Batch 650/848, Loss: 3.2086
2025-05-19 18:07:31,669 - transvg_coordinates_fixed_20250519_140429 - INFO - Train metrics: l1_loss: 0.2918 | giou_loss: 0.8747 | total_loss: 3.2086
2025-05-19 18:07:50,379 - transvg_coordinates_fixed_20250519_140429 - INFO - Epoch 109, Batch 700/848, Loss: 3.2290
2025-05-19 18:07:50,379 - transvg_coordinates_fixed_20250519_140429 - INFO - Train metrics: l1_loss: 0.3097 | giou_loss: 0.8403 | total_loss: 3.2290
2025-05-19 18:08:08,975 - transvg_coordinates_fixed_20250519_140429 - INFO - Epoch 109, Batch 750/848, Loss: 3.6543
2025-05-19 18:08:08,975 - transvg_coordinates_fixed_20250519_140429 - INFO - Train metrics: l1_loss: 0.3635 | giou_loss: 0.9185 | total_loss: 3.6543
2025-05-19 18:08:27,598 - transvg_coordinates_fixed_20250519_140429 - INFO - Epoch 109, Batch 800/848, Loss: 3.6305
2025-05-19 18:08:27,598 - transvg_coordinates_fixed_20250519_140429 - INFO - Train metrics: l1_loss: 0.3906 | giou_loss: 0.8388 | total_loss: 3.6305
2025-05-19 18:08:45,094 - transvg_coordinates_fixed_20250519_140429 - INFO - Train Epoch 109, Loss: 3.5237
2025-05-19 18:09:01,581 - transvg_coordinates_fixed_20250519_140429 - INFO - Pred box sample: [91.21942138671875, 107.1142349243164, 275.41839599609375, 269.93017578125]
2025-05-19 18:09:01,581 - transvg_coordinates_fixed_20250519_140429 - INFO - Target box sample: [207.0, 198.0, 287.0, 283.0]
2025-05-19 18:09:01,659 - transvg_coordinates_fixed_20250519_140429 - INFO - Validation Epoch 109, Loss: 4.7647
2025-05-19 18:09:01,659 - transvg_coordinates_fixed_20250519_140429 - INFO - Val metrics: Acc@0.25: 0.2988 | Acc@0.5: 0.1081 | Acc@0.75: 0.0117 | mIoU: 0.1727 | medianIoU: 0.0717 | mae_x1: 104.9764 | mae_y1: 104.9790 | mae_x2: 108.5991 | mae_y2: 102.9028 | center_x_error: 92.8349 | center_y_error: 88.4200 | width_error: 2.0453 | height_error: 2.0413 | loss: 4.7647
2025-05-19 18:09:02,287 - transvg_coordinates_fixed_20250519_140429 - INFO - Saved model checkpoint to /home/pokle/Trans-VG/visual_grounding/checkpoints/transvg_coordinates_fixed_20250519_140429_epoch109.pth
2025-05-19 18:09:02,288 - transvg_coordinates_fixed_20250519_140429 - INFO - Epoch 110/200
2025-05-19 18:09:03,338 - transvg_coordinates_fixed_20250519_140429 - INFO - Epoch 110, Batch 0/848, Loss: 3.7860
2025-05-19 18:09:03,338 - transvg_coordinates_fixed_20250519_140429 - INFO - Train metrics: l1_loss: 0.4011 | giou_loss: 0.8902 | total_loss: 3.7860
2025-05-19 18:09:21,694 - transvg_coordinates_fixed_20250519_140429 - INFO - Epoch 110, Batch 50/848, Loss: 3.8691
2025-05-19 18:09:21,695 - transvg_coordinates_fixed_20250519_140429 - INFO - Train metrics: l1_loss: 0.4098 | giou_loss: 0.9100 | total_loss: 3.8691
2025-05-19 18:09:40,354 - transvg_coordinates_fixed_20250519_140429 - INFO - Epoch 110, Batch 100/848, Loss: 3.5043
2025-05-19 18:09:40,354 - transvg_coordinates_fixed_20250519_140429 - INFO - Train metrics: l1_loss: 0.3426 | giou_loss: 0.8956 | total_loss: 3.5043
2025-05-19 18:09:59,070 - transvg_coordinates_fixed_20250519_140429 - INFO - Epoch 110, Batch 150/848, Loss: 3.2061
2025-05-19 18:09:59,070 - transvg_coordinates_fixed_20250519_140429 - INFO - Train metrics: l1_loss: 0.3219 | giou_loss: 0.7984 | total_loss: 3.2061
2025-05-19 18:10:17,756 - transvg_coordinates_fixed_20250519_140429 - INFO - Epoch 110, Batch 200/848, Loss: 3.5745
2025-05-19 18:10:17,756 - transvg_coordinates_fixed_20250519_140429 - INFO - Train metrics: l1_loss: 0.3628 | giou_loss: 0.8802 | total_loss: 3.5745
2025-05-19 18:10:36,472 - transvg_coordinates_fixed_20250519_140429 - INFO - Epoch 110, Batch 250/848, Loss: 3.6387
2025-05-19 18:10:36,473 - transvg_coordinates_fixed_20250519_140429 - INFO - Train metrics: l1_loss: 0.3261 | giou_loss: 1.0042 | total_loss: 3.6387
2025-05-19 18:10:55,145 - transvg_coordinates_fixed_20250519_140429 - INFO - Epoch 110, Batch 300/848, Loss: 3.8262
2025-05-19 18:10:55,145 - transvg_coordinates_fixed_20250519_140429 - INFO - Train metrics: l1_loss: 0.3844 | giou_loss: 0.9520 | total_loss: 3.8262
2025-05-19 18:11:13,794 - transvg_coordinates_fixed_20250519_140429 - INFO - Epoch 110, Batch 350/848, Loss: 3.6752
2025-05-19 18:11:13,794 - transvg_coordinates_fixed_20250519_140429 - INFO - Train metrics: l1_loss: 0.3639 | giou_loss: 0.9278 | total_loss: 3.6752
2025-05-19 18:11:32,414 - transvg_coordinates_fixed_20250519_140429 - INFO - Epoch 110, Batch 400/848, Loss: 3.6551
2025-05-19 18:11:32,414 - transvg_coordinates_fixed_20250519_140429 - INFO - Train metrics: l1_loss: 0.3727 | giou_loss: 0.8959 | total_loss: 3.6551
2025-05-19 18:11:51,162 - transvg_coordinates_fixed_20250519_140429 - INFO - Epoch 110, Batch 450/848, Loss: 3.6951
2025-05-19 18:11:51,162 - transvg_coordinates_fixed_20250519_140429 - INFO - Train metrics: l1_loss: 0.4124 | giou_loss: 0.8165 | total_loss: 3.6951
2025-05-19 18:12:09,737 - transvg_coordinates_fixed_20250519_140429 - INFO - Epoch 110, Batch 500/848, Loss: 3.5916
2025-05-19 18:12:09,737 - transvg_coordinates_fixed_20250519_140429 - INFO - Train metrics: l1_loss: 0.3818 | giou_loss: 0.8413 | total_loss: 3.5916
2025-05-19 18:12:28,354 - transvg_coordinates_fixed_20250519_140429 - INFO - Epoch 110, Batch 550/848, Loss: 3.8521
2025-05-19 18:12:28,354 - transvg_coordinates_fixed_20250519_140429 - INFO - Train metrics: l1_loss: 0.3938 | giou_loss: 0.9417 | total_loss: 3.8521
2025-05-19 18:12:46,988 - transvg_coordinates_fixed_20250519_140429 - INFO - Epoch 110, Batch 600/848, Loss: 3.3716
2025-05-19 18:12:46,988 - transvg_coordinates_fixed_20250519_140429 - INFO - Train metrics: l1_loss: 0.3500 | giou_loss: 0.8109 | total_loss: 3.3716
2025-05-19 18:13:05,722 - transvg_coordinates_fixed_20250519_140429 - INFO - Epoch 110, Batch 650/848, Loss: 3.4463
2025-05-19 18:13:05,722 - transvg_coordinates_fixed_20250519_140429 - INFO - Train metrics: l1_loss: 0.3503 | giou_loss: 0.8473 | total_loss: 3.4463
2025-05-19 18:13:24,431 - transvg_coordinates_fixed_20250519_140429 - INFO - Epoch 110, Batch 700/848, Loss: 3.3420
2025-05-19 18:13:24,431 - transvg_coordinates_fixed_20250519_140429 - INFO - Train metrics: l1_loss: 0.3397 | giou_loss: 0.8219 | total_loss: 3.3420
2025-05-19 18:13:43,052 - transvg_coordinates_fixed_20250519_140429 - INFO - Epoch 110, Batch 750/848, Loss: 3.9428
2025-05-19 18:13:43,052 - transvg_coordinates_fixed_20250519_140429 - INFO - Train metrics: l1_loss: 0.3954 | giou_loss: 0.9829 | total_loss: 3.9428
2025-05-19 18:14:01,693 - transvg_coordinates_fixed_20250519_140429 - INFO - Epoch 110, Batch 800/848, Loss: 3.7910
2025-05-19 18:14:01,693 - transvg_coordinates_fixed_20250519_140429 - INFO - Train metrics: l1_loss: 0.3696 | giou_loss: 0.9715 | total_loss: 3.7910
2025-05-19 18:14:19,152 - transvg_coordinates_fixed_20250519_140429 - INFO - Train Epoch 110, Loss: 3.5227
2025-05-19 18:14:35,402 - transvg_coordinates_fixed_20250519_140429 - INFO - Pred box sample: [82.24879455566406, 78.80987548828125, 255.2877655029297, 262.72711181640625]
2025-05-19 18:14:35,402 - transvg_coordinates_fixed_20250519_140429 - INFO - Target box sample: [207.0, 198.0, 287.0, 283.0]
2025-05-19 18:14:35,485 - transvg_coordinates_fixed_20250519_140429 - INFO - Validation Epoch 110, Loss: 4.7201
2025-05-19 18:14:35,485 - transvg_coordinates_fixed_20250519_140429 - INFO - Val metrics: Acc@0.25: 0.3009 | Acc@0.5: 0.1150 | Acc@0.75: 0.0135 | mIoU: 0.1761 | medianIoU: 0.0732 | mae_x1: 106.5878 | mae_y1: 102.3836 | mae_x2: 107.3127 | mae_y2: 103.0858 | center_x_error: 92.4645 | center_y_error: 86.5560 | width_error: 2.1131 | height_error: 2.1846 | loss: 4.7201
2025-05-19 18:14:36,112 - transvg_coordinates_fixed_20250519_140429 - INFO - Saved model checkpoint to /home/pokle/Trans-VG/visual_grounding/checkpoints/transvg_coordinates_fixed_20250519_140429_epoch110.pth
2025-05-19 18:14:36,113 - transvg_coordinates_fixed_20250519_140429 - INFO - Epoch 111/200
2025-05-19 18:14:37,200 - transvg_coordinates_fixed_20250519_140429 - INFO - Epoch 111, Batch 0/848, Loss: 3.6542
2025-05-19 18:14:37,200 - transvg_coordinates_fixed_20250519_140429 - INFO - Train metrics: l1_loss: 0.3621 | giou_loss: 0.9219 | total_loss: 3.6542
2025-05-19 18:14:55,570 - transvg_coordinates_fixed_20250519_140429 - INFO - Epoch 111, Batch 50/848, Loss: 3.2589
2025-05-19 18:14:55,570 - transvg_coordinates_fixed_20250519_140429 - INFO - Train metrics: l1_loss: 0.3380 | giou_loss: 0.7845 | total_loss: 3.2589
2025-05-19 18:15:14,112 - transvg_coordinates_fixed_20250519_140429 - INFO - Epoch 111, Batch 100/848, Loss: 3.6808
2025-05-19 18:15:14,112 - transvg_coordinates_fixed_20250519_140429 - INFO - Train metrics: l1_loss: 0.3601 | giou_loss: 0.9400 | total_loss: 3.6808
2025-05-19 18:15:32,636 - transvg_coordinates_fixed_20250519_140429 - INFO - Epoch 111, Batch 150/848, Loss: 3.9231
2025-05-19 18:15:32,637 - transvg_coordinates_fixed_20250519_140429 - INFO - Train metrics: l1_loss: 0.4209 | giou_loss: 0.9094 | total_loss: 3.9231
2025-05-19 18:15:51,150 - transvg_coordinates_fixed_20250519_140429 - INFO - Epoch 111, Batch 200/848, Loss: 3.3645
2025-05-19 18:15:51,151 - transvg_coordinates_fixed_20250519_140429 - INFO - Train metrics: l1_loss: 0.3394 | giou_loss: 0.8339 | total_loss: 3.3645
2025-05-19 18:16:09,731 - transvg_coordinates_fixed_20250519_140429 - INFO - Epoch 111, Batch 250/848, Loss: 3.6150
2025-05-19 18:16:09,731 - transvg_coordinates_fixed_20250519_140429 - INFO - Train metrics: l1_loss: 0.3931 | giou_loss: 0.8247 | total_loss: 3.6150
2025-05-19 18:16:28,332 - transvg_coordinates_fixed_20250519_140429 - INFO - Epoch 111, Batch 300/848, Loss: 2.7817
2025-05-19 18:16:28,333 - transvg_coordinates_fixed_20250519_140429 - INFO - Train metrics: l1_loss: 0.2841 | giou_loss: 0.6807 | total_loss: 2.7817
2025-05-19 18:16:46,959 - transvg_coordinates_fixed_20250519_140429 - INFO - Epoch 111, Batch 350/848, Loss: 3.3161
2025-05-19 18:16:46,959 - transvg_coordinates_fixed_20250519_140429 - INFO - Train metrics: l1_loss: 0.3410 | giou_loss: 0.8055 | total_loss: 3.3161
2025-05-19 18:17:05,784 - transvg_coordinates_fixed_20250519_140429 - INFO - Epoch 111, Batch 400/848, Loss: 4.1963
2025-05-19 18:17:05,784 - transvg_coordinates_fixed_20250519_140429 - INFO - Train metrics: l1_loss: 0.4543 | giou_loss: 0.9625 | total_loss: 4.1963
2025-05-19 18:17:24,515 - transvg_coordinates_fixed_20250519_140429 - INFO - Epoch 111, Batch 450/848, Loss: 2.9232
2025-05-19 18:17:24,515 - transvg_coordinates_fixed_20250519_140429 - INFO - Train metrics: l1_loss: 0.2708 | giou_loss: 0.7846 | total_loss: 2.9232
2025-05-19 18:17:43,206 - transvg_coordinates_fixed_20250519_140429 - INFO - Epoch 111, Batch 500/848, Loss: 3.7125
2025-05-19 18:17:43,206 - transvg_coordinates_fixed_20250519_140429 - INFO - Train metrics: l1_loss: 0.3785 | giou_loss: 0.9100 | total_loss: 3.7125
2025-05-19 18:18:01,933 - transvg_coordinates_fixed_20250519_140429 - INFO - Epoch 111, Batch 550/848, Loss: 3.4859
2025-05-19 18:18:01,934 - transvg_coordinates_fixed_20250519_140429 - INFO - Train metrics: l1_loss: 0.3628 | giou_loss: 0.8359 | total_loss: 3.4859
2025-05-19 18:18:20,587 - transvg_coordinates_fixed_20250519_140429 - INFO - Epoch 111, Batch 600/848, Loss: 3.7818
2025-05-19 18:18:20,587 - transvg_coordinates_fixed_20250519_140429 - INFO - Train metrics: l1_loss: 0.3901 | giou_loss: 0.9157 | total_loss: 3.7818
2025-05-19 18:18:39,328 - transvg_coordinates_fixed_20250519_140429 - INFO - Epoch 111, Batch 650/848, Loss: 2.9057
2025-05-19 18:18:39,328 - transvg_coordinates_fixed_20250519_140429 - INFO - Train metrics: l1_loss: 0.2992 | giou_loss: 0.7049 | total_loss: 2.9057
2025-05-19 18:18:58,075 - transvg_coordinates_fixed_20250519_140429 - INFO - Epoch 111, Batch 700/848, Loss: 4.0322
2025-05-19 18:18:58,075 - transvg_coordinates_fixed_20250519_140429 - INFO - Train metrics: l1_loss: 0.4365 | giou_loss: 0.9248 | total_loss: 4.0322
2025-05-19 18:19:16,833 - transvg_coordinates_fixed_20250519_140429 - INFO - Epoch 111, Batch 750/848, Loss: 3.5050
2025-05-19 18:19:16,833 - transvg_coordinates_fixed_20250519_140429 - INFO - Train metrics: l1_loss: 0.3429 | giou_loss: 0.8953 | total_loss: 3.5050
2025-05-19 18:19:35,581 - transvg_coordinates_fixed_20250519_140429 - INFO - Epoch 111, Batch 800/848, Loss: 4.1515
2025-05-19 18:19:35,582 - transvg_coordinates_fixed_20250519_140429 - INFO - Train metrics: l1_loss: 0.4465 | giou_loss: 0.9596 | total_loss: 4.1515
2025-05-19 18:19:53,397 - transvg_coordinates_fixed_20250519_140429 - INFO - Train Epoch 111, Loss: 3.5179
2025-05-19 18:20:10,060 - transvg_coordinates_fixed_20250519_140429 - INFO - Pred box sample: [86.47588348388672, 102.90773010253906, 255.96275329589844, 285.8223571777344]
2025-05-19 18:20:10,060 - transvg_coordinates_fixed_20250519_140429 - INFO - Target box sample: [207.0, 198.0, 287.0, 283.0]
2025-05-19 18:20:10,139 - transvg_coordinates_fixed_20250519_140429 - INFO - Validation Epoch 111, Loss: 4.7356
2025-05-19 18:20:10,139 - transvg_coordinates_fixed_20250519_140429 - INFO - Val metrics: Acc@0.25: 0.2977 | Acc@0.5: 0.1113 | Acc@0.75: 0.0154 | mIoU: 0.1758 | medianIoU: 0.0716 | mae_x1: 106.2310 | mae_y1: 103.2980 | mae_x2: 107.3160 | mae_y2: 103.9111 | center_x_error: 92.2255 | center_y_error: 87.5448 | width_error: 2.1217 | height_error: 2.1381 | loss: 4.7356
2025-05-19 18:20:10,764 - transvg_coordinates_fixed_20250519_140429 - INFO - Saved model checkpoint to /home/pokle/Trans-VG/visual_grounding/checkpoints/transvg_coordinates_fixed_20250519_140429_epoch111.pth
2025-05-19 18:20:10,765 - transvg_coordinates_fixed_20250519_140429 - INFO - Epoch 112/200
2025-05-19 18:20:11,857 - transvg_coordinates_fixed_20250519_140429 - INFO - Epoch 112, Batch 0/848, Loss: 3.4323
2025-05-19 18:20:11,857 - transvg_coordinates_fixed_20250519_140429 - INFO - Train metrics: l1_loss: 0.3378 | giou_loss: 0.8715 | total_loss: 3.4323
2025-05-19 18:20:30,382 - transvg_coordinates_fixed_20250519_140429 - INFO - Epoch 112, Batch 50/848, Loss: 3.7345
2025-05-19 18:20:30,382 - transvg_coordinates_fixed_20250519_140429 - INFO - Train metrics: l1_loss: 0.3711 | giou_loss: 0.9396 | total_loss: 3.7345
2025-05-19 18:20:49,040 - transvg_coordinates_fixed_20250519_140429 - INFO - Epoch 112, Batch 100/848, Loss: 4.3400
2025-05-19 18:20:49,040 - transvg_coordinates_fixed_20250519_140429 - INFO - Train metrics: l1_loss: 0.4542 | giou_loss: 1.0345 | total_loss: 4.3400
2025-05-19 18:21:07,915 - transvg_coordinates_fixed_20250519_140429 - INFO - Epoch 112, Batch 150/848, Loss: 3.6458
2025-05-19 18:21:07,916 - transvg_coordinates_fixed_20250519_140429 - INFO - Train metrics: l1_loss: 0.3776 | giou_loss: 0.8789 | total_loss: 3.6458
2025-05-19 18:21:26,672 - transvg_coordinates_fixed_20250519_140429 - INFO - Epoch 112, Batch 200/848, Loss: 3.4413
2025-05-19 18:21:26,672 - transvg_coordinates_fixed_20250519_140429 - INFO - Train metrics: l1_loss: 0.3584 | giou_loss: 0.8247 | total_loss: 3.4413
2025-05-19 18:21:45,341 - transvg_coordinates_fixed_20250519_140429 - INFO - Epoch 112, Batch 250/848, Loss: 3.5814
2025-05-19 18:21:45,341 - transvg_coordinates_fixed_20250519_140429 - INFO - Train metrics: l1_loss: 0.3618 | giou_loss: 0.8861 | total_loss: 3.5814
2025-05-19 18:22:03,954 - transvg_coordinates_fixed_20250519_140429 - INFO - Epoch 112, Batch 300/848, Loss: 3.8301
2025-05-19 18:22:03,955 - transvg_coordinates_fixed_20250519_140429 - INFO - Train metrics: l1_loss: 0.4050 | giou_loss: 0.9026 | total_loss: 3.8301
2025-05-19 18:22:22,741 - transvg_coordinates_fixed_20250519_140429 - INFO - Epoch 112, Batch 350/848, Loss: 3.7385
2025-05-19 18:22:22,741 - transvg_coordinates_fixed_20250519_140429 - INFO - Train metrics: l1_loss: 0.3832 | giou_loss: 0.9111 | total_loss: 3.7385
2025-05-19 18:22:41,586 - transvg_coordinates_fixed_20250519_140429 - INFO - Epoch 112, Batch 400/848, Loss: 3.3886
2025-05-19 18:22:41,587 - transvg_coordinates_fixed_20250519_140429 - INFO - Train metrics: l1_loss: 0.3284 | giou_loss: 0.8733 | total_loss: 3.3886
2025-05-19 18:23:00,305 - transvg_coordinates_fixed_20250519_140429 - INFO - Epoch 112, Batch 450/848, Loss: 3.4155
2025-05-19 18:23:00,306 - transvg_coordinates_fixed_20250519_140429 - INFO - Train metrics: l1_loss: 0.3370 | giou_loss: 0.8652 | total_loss: 3.4155
2025-05-19 18:23:19,179 - transvg_coordinates_fixed_20250519_140429 - INFO - Epoch 112, Batch 500/848, Loss: 3.4318
2025-05-19 18:23:19,179 - transvg_coordinates_fixed_20250519_140429 - INFO - Train metrics: l1_loss: 0.3421 | giou_loss: 0.8606 | total_loss: 3.4318
2025-05-19 18:23:37,802 - transvg_coordinates_fixed_20250519_140429 - INFO - Epoch 112, Batch 550/848, Loss: 3.4167
2025-05-19 18:23:37,802 - transvg_coordinates_fixed_20250519_140429 - INFO - Train metrics: l1_loss: 0.3650 | giou_loss: 0.7958 | total_loss: 3.4167
2025-05-19 18:23:56,589 - transvg_coordinates_fixed_20250519_140429 - INFO - Epoch 112, Batch 600/848, Loss: 3.5798
2025-05-19 18:23:56,589 - transvg_coordinates_fixed_20250519_140429 - INFO - Train metrics: l1_loss: 0.3619 | giou_loss: 0.8851 | total_loss: 3.5798
2025-05-19 18:24:15,222 - transvg_coordinates_fixed_20250519_140429 - INFO - Epoch 112, Batch 650/848, Loss: 3.2945
2025-05-19 18:24:15,223 - transvg_coordinates_fixed_20250519_140429 - INFO - Train metrics: l1_loss: 0.3159 | giou_loss: 0.8574 | total_loss: 3.2945
2025-05-19 18:24:33,816 - transvg_coordinates_fixed_20250519_140429 - INFO - Epoch 112, Batch 700/848, Loss: 3.1646
2025-05-19 18:24:33,816 - transvg_coordinates_fixed_20250519_140429 - INFO - Train metrics: l1_loss: 0.2925 | giou_loss: 0.8510 | total_loss: 3.1646
2025-05-19 18:24:52,413 - transvg_coordinates_fixed_20250519_140429 - INFO - Epoch 112, Batch 750/848, Loss: 3.0575
2025-05-19 18:24:52,414 - transvg_coordinates_fixed_20250519_140429 - INFO - Train metrics: l1_loss: 0.2968 | giou_loss: 0.7868 | total_loss: 3.0575
2025-05-19 18:25:10,927 - transvg_coordinates_fixed_20250519_140429 - INFO - Epoch 112, Batch 800/848, Loss: 3.1561
2025-05-19 18:25:10,927 - transvg_coordinates_fixed_20250519_140429 - INFO - Train metrics: l1_loss: 0.3019 | giou_loss: 0.8233 | total_loss: 3.1561
2025-05-19 18:25:28,374 - transvg_coordinates_fixed_20250519_140429 - INFO - Train Epoch 112, Loss: 3.5208
2025-05-19 18:26:20,719 - transvg_coordinates_fixed_20250519_140429 - INFO - Pred box sample: [76.96168518066406, 86.11376190185547, 254.146484375, 278.8770751953125]
2025-05-19 18:26:20,720 - transvg_coordinates_fixed_20250519_140429 - INFO - Target box sample: [207.0, 198.0, 287.0, 283.0]
2025-05-19 18:26:20,800 - transvg_coordinates_fixed_20250519_140429 - INFO - Validation Epoch 112, Loss: 4.7327
2025-05-19 18:26:20,800 - transvg_coordinates_fixed_20250519_140429 - INFO - Val metrics: Acc@0.25: 0.3025 | Acc@0.5: 0.1150 | Acc@0.75: 0.0162 | mIoU: 0.1766 | medianIoU: 0.0735 | mae_x1: 105.7247 | mae_y1: 104.9747 | mae_x2: 107.9707 | mae_y2: 102.4866 | center_x_error: 91.9606 | center_y_error: 87.5072 | width_error: 2.1937 | height_error: 2.1128 | loss: 4.7327
2025-05-19 18:26:21,491 - transvg_coordinates_fixed_20250519_140429 - INFO - Saved model checkpoint to /home/pokle/Trans-VG/visual_grounding/checkpoints/transvg_coordinates_fixed_20250519_140429_epoch112.pth
2025-05-19 18:26:21,492 - transvg_coordinates_fixed_20250519_140429 - INFO - Epoch 113/200
2025-05-19 18:26:23,116 - transvg_coordinates_fixed_20250519_140429 - INFO - Epoch 113, Batch 0/848, Loss: 3.7030
2025-05-19 18:26:23,116 - transvg_coordinates_fixed_20250519_140429 - INFO - Train metrics: l1_loss: 0.3658 | giou_loss: 0.9371 | total_loss: 3.7030
2025-05-19 18:26:40,957 - transvg_coordinates_fixed_20250519_140429 - INFO - Epoch 113, Batch 50/848, Loss: 4.3688
2025-05-19 18:26:40,957 - transvg_coordinates_fixed_20250519_140429 - INFO - Train metrics: l1_loss: 0.4761 | giou_loss: 0.9941 | total_loss: 4.3688
2025-05-19 18:26:58,842 - transvg_coordinates_fixed_20250519_140429 - INFO - Epoch 113, Batch 100/848, Loss: 3.9543
2025-05-19 18:26:58,843 - transvg_coordinates_fixed_20250519_140429 - INFO - Train metrics: l1_loss: 0.4142 | giou_loss: 0.9417 | total_loss: 3.9543
2025-05-19 18:27:16,923 - transvg_coordinates_fixed_20250519_140429 - INFO - Epoch 113, Batch 150/848, Loss: 3.0776
2025-05-19 18:27:16,923 - transvg_coordinates_fixed_20250519_140429 - INFO - Train metrics: l1_loss: 0.3207 | giou_loss: 0.7370 | total_loss: 3.0776
2025-05-19 18:27:34,990 - transvg_coordinates_fixed_20250519_140429 - INFO - Epoch 113, Batch 200/848, Loss: 3.6267
2025-05-19 18:27:34,990 - transvg_coordinates_fixed_20250519_140429 - INFO - Train metrics: l1_loss: 0.3542 | giou_loss: 0.9278 | total_loss: 3.6267
2025-05-19 18:27:53,240 - transvg_coordinates_fixed_20250519_140429 - INFO - Epoch 113, Batch 250/848, Loss: 3.5145
2025-05-19 18:27:53,240 - transvg_coordinates_fixed_20250519_140429 - INFO - Train metrics: l1_loss: 0.3436 | giou_loss: 0.8981 | total_loss: 3.5145
2025-05-19 18:28:11,571 - transvg_coordinates_fixed_20250519_140429 - INFO - Epoch 113, Batch 300/848, Loss: 3.2783
2025-05-19 18:28:11,571 - transvg_coordinates_fixed_20250519_140429 - INFO - Train metrics: l1_loss: 0.3307 | giou_loss: 0.8125 | total_loss: 3.2783
2025-05-19 18:28:29,999 - transvg_coordinates_fixed_20250519_140429 - INFO - Epoch 113, Batch 350/848, Loss: 3.6954
2025-05-19 18:28:30,000 - transvg_coordinates_fixed_20250519_140429 - INFO - Train metrics: l1_loss: 0.3633 | giou_loss: 0.9395 | total_loss: 3.6954
2025-05-19 18:28:48,612 - transvg_coordinates_fixed_20250519_140429 - INFO - Epoch 113, Batch 400/848, Loss: 3.5028
2025-05-19 18:28:48,613 - transvg_coordinates_fixed_20250519_140429 - INFO - Train metrics: l1_loss: 0.3429 | giou_loss: 0.8942 | total_loss: 3.5028
2025-05-19 18:29:07,067 - transvg_coordinates_fixed_20250519_140429 - INFO - Epoch 113, Batch 450/848, Loss: 3.3277
2025-05-19 18:29:07,068 - transvg_coordinates_fixed_20250519_140429 - INFO - Train metrics: l1_loss: 0.3547 | giou_loss: 0.7771 | total_loss: 3.3277
2025-05-19 18:29:25,525 - transvg_coordinates_fixed_20250519_140429 - INFO - Epoch 113, Batch 500/848, Loss: 2.9454
2025-05-19 18:29:25,525 - transvg_coordinates_fixed_20250519_140429 - INFO - Train metrics: l1_loss: 0.3039 | giou_loss: 0.7131 | total_loss: 2.9454
2025-05-19 18:29:44,030 - transvg_coordinates_fixed_20250519_140429 - INFO - Epoch 113, Batch 550/848, Loss: 3.7243
2025-05-19 18:29:44,030 - transvg_coordinates_fixed_20250519_140429 - INFO - Train metrics: l1_loss: 0.3928 | giou_loss: 0.8801 | total_loss: 3.7243
2025-05-19 18:30:02,467 - transvg_coordinates_fixed_20250519_140429 - INFO - Epoch 113, Batch 600/848, Loss: 3.2378
2025-05-19 18:30:02,467 - transvg_coordinates_fixed_20250519_140429 - INFO - Train metrics: l1_loss: 0.3022 | giou_loss: 0.8634 | total_loss: 3.2378
2025-05-19 18:30:20,974 - transvg_coordinates_fixed_20250519_140429 - INFO - Epoch 113, Batch 650/848, Loss: 4.1066
2025-05-19 18:30:20,974 - transvg_coordinates_fixed_20250519_140429 - INFO - Train metrics: l1_loss: 0.4279 | giou_loss: 0.9835 | total_loss: 4.1066
2025-05-19 18:30:39,412 - transvg_coordinates_fixed_20250519_140429 - INFO - Epoch 113, Batch 700/848, Loss: 2.9315
2025-05-19 18:30:39,412 - transvg_coordinates_fixed_20250519_140429 - INFO - Train metrics: l1_loss: 0.2793 | giou_loss: 0.7674 | total_loss: 2.9315
2025-05-19 18:30:57,850 - transvg_coordinates_fixed_20250519_140429 - INFO - Epoch 113, Batch 750/848, Loss: 3.8851
2025-05-19 18:30:57,850 - transvg_coordinates_fixed_20250519_140429 - INFO - Train metrics: l1_loss: 0.4192 | giou_loss: 0.8945 | total_loss: 3.8851
2025-05-19 18:31:16,340 - transvg_coordinates_fixed_20250519_140429 - INFO - Epoch 113, Batch 800/848, Loss: 4.0242
2025-05-19 18:31:16,340 - transvg_coordinates_fixed_20250519_140429 - INFO - Train metrics: l1_loss: 0.4177 | giou_loss: 0.9678 | total_loss: 4.0242
2025-05-19 18:31:33,797 - transvg_coordinates_fixed_20250519_140429 - INFO - Train Epoch 113, Loss: 3.5171
2025-05-19 18:31:58,010 - transvg_coordinates_fixed_20250519_140429 - INFO - Pred box sample: [62.310272216796875, 111.3191146850586, 234.4745635986328, 302.21661376953125]
2025-05-19 18:31:58,011 - transvg_coordinates_fixed_20250519_140429 - INFO - Target box sample: [207.0, 198.0, 287.0, 283.0]
2025-05-19 18:31:58,092 - transvg_coordinates_fixed_20250519_140429 - INFO - Validation Epoch 113, Loss: 4.7326
2025-05-19 18:31:58,092 - transvg_coordinates_fixed_20250519_140429 - INFO - Val metrics: Acc@0.25: 0.3017 | Acc@0.5: 0.1145 | Acc@0.75: 0.0154 | mIoU: 0.1761 | medianIoU: 0.0737 | mae_x1: 107.8800 | mae_y1: 104.3061 | mae_x2: 107.4512 | mae_y2: 104.2914 | center_x_error: 93.1005 | center_y_error: 86.7978 | width_error: 2.2063 | height_error: 2.2835 | loss: 4.7326
2025-05-19 18:31:58,736 - transvg_coordinates_fixed_20250519_140429 - INFO - Saved model checkpoint to /home/pokle/Trans-VG/visual_grounding/checkpoints/transvg_coordinates_fixed_20250519_140429_epoch113.pth
2025-05-19 18:31:58,736 - transvg_coordinates_fixed_20250519_140429 - INFO - Epoch 114/200
2025-05-19 18:31:59,881 - transvg_coordinates_fixed_20250519_140429 - INFO - Epoch 114, Batch 0/848, Loss: 2.7095
2025-05-19 18:31:59,882 - transvg_coordinates_fixed_20250519_140429 - INFO - Train metrics: l1_loss: 0.2413 | giou_loss: 0.7515 | total_loss: 2.7095
2025-05-19 18:32:17,699 - transvg_coordinates_fixed_20250519_140429 - INFO - Epoch 114, Batch 50/848, Loss: 3.3151
2025-05-19 18:32:17,699 - transvg_coordinates_fixed_20250519_140429 - INFO - Train metrics: l1_loss: 0.3295 | giou_loss: 0.8337 | total_loss: 3.3151
2025-05-19 18:32:35,681 - transvg_coordinates_fixed_20250519_140429 - INFO - Epoch 114, Batch 100/848, Loss: 3.5514
2025-05-19 18:32:35,681 - transvg_coordinates_fixed_20250519_140429 - INFO - Train metrics: l1_loss: 0.3628 | giou_loss: 0.8688 | total_loss: 3.5514
2025-05-19 18:32:53,805 - transvg_coordinates_fixed_20250519_140429 - INFO - Epoch 114, Batch 150/848, Loss: 3.1767
2025-05-19 18:32:53,806 - transvg_coordinates_fixed_20250519_140429 - INFO - Train metrics: l1_loss: 0.2987 | giou_loss: 0.8416 | total_loss: 3.1767
2025-05-19 18:33:11,938 - transvg_coordinates_fixed_20250519_140429 - INFO - Epoch 114, Batch 200/848, Loss: 3.6475
2025-05-19 18:33:11,938 - transvg_coordinates_fixed_20250519_140429 - INFO - Train metrics: l1_loss: 0.3512 | giou_loss: 0.9458 | total_loss: 3.6475
2025-05-19 18:33:30,215 - transvg_coordinates_fixed_20250519_140429 - INFO - Epoch 114, Batch 250/848, Loss: 4.1040
2025-05-19 18:33:30,216 - transvg_coordinates_fixed_20250519_140429 - INFO - Train metrics: l1_loss: 0.4304 | giou_loss: 0.9759 | total_loss: 4.1040
2025-05-19 18:33:48,514 - transvg_coordinates_fixed_20250519_140429 - INFO - Epoch 114, Batch 300/848, Loss: 3.2935
2025-05-19 18:33:48,515 - transvg_coordinates_fixed_20250519_140429 - INFO - Train metrics: l1_loss: 0.3143 | giou_loss: 0.8611 | total_loss: 3.2935
2025-05-19 18:34:06,837 - transvg_coordinates_fixed_20250519_140429 - INFO - Epoch 114, Batch 350/848, Loss: 3.6557
2025-05-19 18:34:06,838 - transvg_coordinates_fixed_20250519_140429 - INFO - Train metrics: l1_loss: 0.3725 | giou_loss: 0.8966 | total_loss: 3.6557
2025-05-19 18:34:25,261 - transvg_coordinates_fixed_20250519_140429 - INFO - Epoch 114, Batch 400/848, Loss: 3.2100
2025-05-19 18:34:25,261 - transvg_coordinates_fixed_20250519_140429 - INFO - Train metrics: l1_loss: 0.3031 | giou_loss: 0.8472 | total_loss: 3.2100
2025-05-19 18:34:43,742 - transvg_coordinates_fixed_20250519_140429 - INFO - Epoch 114, Batch 450/848, Loss: 3.5574
2025-05-19 18:34:43,742 - transvg_coordinates_fixed_20250519_140429 - INFO - Train metrics: l1_loss: 0.3736 | giou_loss: 0.8447 | total_loss: 3.5574
2025-05-19 18:35:02,196 - transvg_coordinates_fixed_20250519_140429 - INFO - Epoch 114, Batch 500/848, Loss: 2.9314
2025-05-19 18:35:02,196 - transvg_coordinates_fixed_20250519_140429 - INFO - Train metrics: l1_loss: 0.2883 | giou_loss: 0.7449 | total_loss: 2.9314
2025-05-19 18:35:20,549 - transvg_coordinates_fixed_20250519_140429 - INFO - Epoch 114, Batch 550/848, Loss: 3.1741
2025-05-19 18:35:20,549 - transvg_coordinates_fixed_20250519_140429 - INFO - Train metrics: l1_loss: 0.3053 | giou_loss: 0.8239 | total_loss: 3.1741
2025-05-19 18:35:38,990 - transvg_coordinates_fixed_20250519_140429 - INFO - Epoch 114, Batch 600/848, Loss: 3.7380
2025-05-19 18:35:38,990 - transvg_coordinates_fixed_20250519_140429 - INFO - Train metrics: l1_loss: 0.3865 | giou_loss: 0.9029 | total_loss: 3.7380
2025-05-19 18:35:57,415 - transvg_coordinates_fixed_20250519_140429 - INFO - Epoch 114, Batch 650/848, Loss: 3.7189
2025-05-19 18:35:57,415 - transvg_coordinates_fixed_20250519_140429 - INFO - Train metrics: l1_loss: 0.3955 | giou_loss: 0.8707 | total_loss: 3.7189
2025-05-19 18:36:15,855 - transvg_coordinates_fixed_20250519_140429 - INFO - Epoch 114, Batch 700/848, Loss: 3.8139
2025-05-19 18:36:15,855 - transvg_coordinates_fixed_20250519_140429 - INFO - Train metrics: l1_loss: 0.3959 | giou_loss: 0.9172 | total_loss: 3.8139
2025-05-19 18:36:34,512 - transvg_coordinates_fixed_20250519_140429 - INFO - Epoch 114, Batch 750/848, Loss: 3.2367
2025-05-19 18:36:34,512 - transvg_coordinates_fixed_20250519_140429 - INFO - Train metrics: l1_loss: 0.3169 | giou_loss: 0.8261 | total_loss: 3.2367
2025-05-19 18:36:52,914 - transvg_coordinates_fixed_20250519_140429 - INFO - Epoch 114, Batch 800/848, Loss: 3.2985
2025-05-19 18:36:52,914 - transvg_coordinates_fixed_20250519_140429 - INFO - Train metrics: l1_loss: 0.3181 | giou_loss: 0.8539 | total_loss: 3.2985
2025-05-19 18:37:10,250 - transvg_coordinates_fixed_20250519_140429 - INFO - Train Epoch 114, Loss: 3.5172
2025-05-19 18:37:36,798 - transvg_coordinates_fixed_20250519_140429 - INFO - Pred box sample: [94.89366912841797, 133.5213623046875, 280.35919189453125, 291.5801086425781]
2025-05-19 18:37:36,799 - transvg_coordinates_fixed_20250519_140429 - INFO - Target box sample: [207.0, 198.0, 287.0, 283.0]
2025-05-19 18:37:36,882 - transvg_coordinates_fixed_20250519_140429 - INFO - Validation Epoch 114, Loss: 4.7443
2025-05-19 18:37:36,882 - transvg_coordinates_fixed_20250519_140429 - INFO - Val metrics: Acc@0.25: 0.3001 | Acc@0.5: 0.1100 | Acc@0.75: 0.0127 | mIoU: 0.1740 | medianIoU: 0.0716 | mae_x1: 107.2916 | mae_y1: 103.6272 | mae_x2: 108.5596 | mae_y2: 102.9510 | center_x_error: 92.9713 | center_y_error: 87.8927 | width_error: 2.3036 | height_error: 2.0679 | loss: 4.7443
2025-05-19 18:37:37,509 - transvg_coordinates_fixed_20250519_140429 - INFO - Saved model checkpoint to /home/pokle/Trans-VG/visual_grounding/checkpoints/transvg_coordinates_fixed_20250519_140429_epoch114.pth
2025-05-19 18:37:37,509 - transvg_coordinates_fixed_20250519_140429 - INFO - Epoch 115/200
2025-05-19 18:37:38,722 - transvg_coordinates_fixed_20250519_140429 - INFO - Epoch 115, Batch 0/848, Loss: 3.3438
2025-05-19 18:37:38,723 - transvg_coordinates_fixed_20250519_140429 - INFO - Train metrics: l1_loss: 0.3459 | giou_loss: 0.8073 | total_loss: 3.3438
2025-05-19 18:37:56,424 - transvg_coordinates_fixed_20250519_140429 - INFO - Epoch 115, Batch 50/848, Loss: 2.6216
2025-05-19 18:37:56,425 - transvg_coordinates_fixed_20250519_140429 - INFO - Train metrics: l1_loss: 0.2538 | giou_loss: 0.6762 | total_loss: 2.6216
2025-05-19 18:38:14,338 - transvg_coordinates_fixed_20250519_140429 - INFO - Epoch 115, Batch 100/848, Loss: 3.6318
2025-05-19 18:38:14,338 - transvg_coordinates_fixed_20250519_140429 - INFO - Train metrics: l1_loss: 0.3748 | giou_loss: 0.8790 | total_loss: 3.6318
2025-05-19 18:38:32,458 - transvg_coordinates_fixed_20250519_140429 - INFO - Epoch 115, Batch 150/848, Loss: 3.2039
2025-05-19 18:38:32,458 - transvg_coordinates_fixed_20250519_140429 - INFO - Train metrics: l1_loss: 0.3242 | giou_loss: 0.7914 | total_loss: 3.2039
2025-05-19 18:38:50,712 - transvg_coordinates_fixed_20250519_140429 - INFO - Epoch 115, Batch 200/848, Loss: 3.2320
2025-05-19 18:38:50,712 - transvg_coordinates_fixed_20250519_140429 - INFO - Train metrics: l1_loss: 0.2935 | giou_loss: 0.8822 | total_loss: 3.2320
2025-05-19 18:39:09,125 - transvg_coordinates_fixed_20250519_140429 - INFO - Epoch 115, Batch 250/848, Loss: 3.3921
2025-05-19 18:39:09,125 - transvg_coordinates_fixed_20250519_140429 - INFO - Train metrics: l1_loss: 0.3412 | giou_loss: 0.8430 | total_loss: 3.3921
2025-05-19 18:39:27,588 - transvg_coordinates_fixed_20250519_140429 - INFO - Epoch 115, Batch 300/848, Loss: 3.7789
2025-05-19 18:39:27,588 - transvg_coordinates_fixed_20250519_140429 - INFO - Train metrics: l1_loss: 0.3766 | giou_loss: 0.9480 | total_loss: 3.7789
2025-05-19 18:39:46,040 - transvg_coordinates_fixed_20250519_140429 - INFO - Epoch 115, Batch 350/848, Loss: 3.1315
2025-05-19 18:39:46,040 - transvg_coordinates_fixed_20250519_140429 - INFO - Train metrics: l1_loss: 0.3272 | giou_loss: 0.7476 | total_loss: 3.1315
2025-05-19 18:40:04,595 - transvg_coordinates_fixed_20250519_140429 - INFO - Epoch 115, Batch 400/848, Loss: 3.6910
2025-05-19 18:40:04,595 - transvg_coordinates_fixed_20250519_140429 - INFO - Train metrics: l1_loss: 0.3745 | giou_loss: 0.9094 | total_loss: 3.6910
2025-05-19 18:40:23,032 - transvg_coordinates_fixed_20250519_140429 - INFO - Epoch 115, Batch 450/848, Loss: 3.1755
2025-05-19 18:40:23,033 - transvg_coordinates_fixed_20250519_140429 - INFO - Train metrics: l1_loss: 0.3238 | giou_loss: 0.7782 | total_loss: 3.1755
2025-05-19 18:40:41,431 - transvg_coordinates_fixed_20250519_140429 - INFO - Epoch 115, Batch 500/848, Loss: 3.8339
2025-05-19 18:40:41,432 - transvg_coordinates_fixed_20250519_140429 - INFO - Train metrics: l1_loss: 0.4005 | giou_loss: 0.9156 | total_loss: 3.8339
2025-05-19 18:40:59,800 - transvg_coordinates_fixed_20250519_140429 - INFO - Epoch 115, Batch 550/848, Loss: 4.0022
2025-05-19 18:40:59,801 - transvg_coordinates_fixed_20250519_140429 - INFO - Train metrics: l1_loss: 0.4125 | giou_loss: 0.9697 | total_loss: 4.0022
2025-05-19 18:41:18,152 - transvg_coordinates_fixed_20250519_140429 - INFO - Epoch 115, Batch 600/848, Loss: 3.1247
2025-05-19 18:41:18,153 - transvg_coordinates_fixed_20250519_140429 - INFO - Train metrics: l1_loss: 0.3052 | giou_loss: 0.7993 | total_loss: 3.1247
2025-05-19 18:41:36,460 - transvg_coordinates_fixed_20250519_140429 - INFO - Epoch 115, Batch 650/848, Loss: 3.2193
2025-05-19 18:41:36,460 - transvg_coordinates_fixed_20250519_140429 - INFO - Train metrics: l1_loss: 0.3316 | giou_loss: 0.7807 | total_loss: 3.2193
2025-05-19 18:41:54,646 - transvg_coordinates_fixed_20250519_140429 - INFO - Epoch 115, Batch 700/848, Loss: 3.3650
2025-05-19 18:41:54,647 - transvg_coordinates_fixed_20250519_140429 - INFO - Train metrics: l1_loss: 0.3377 | giou_loss: 0.8383 | total_loss: 3.3650
2025-05-19 18:42:12,807 - transvg_coordinates_fixed_20250519_140429 - INFO - Epoch 115, Batch 750/848, Loss: 3.2864
2025-05-19 18:42:12,807 - transvg_coordinates_fixed_20250519_140429 - INFO - Train metrics: l1_loss: 0.3444 | giou_loss: 0.7821 | total_loss: 3.2864
2025-05-19 18:42:30,991 - transvg_coordinates_fixed_20250519_140429 - INFO - Epoch 115, Batch 800/848, Loss: 4.0114
2025-05-19 18:42:30,991 - transvg_coordinates_fixed_20250519_140429 - INFO - Train metrics: l1_loss: 0.4263 | giou_loss: 0.9399 | total_loss: 4.0114
2025-05-19 18:42:48,078 - transvg_coordinates_fixed_20250519_140429 - INFO - Train Epoch 115, Loss: 3.5150
2025-05-19 18:43:17,983 - transvg_coordinates_fixed_20250519_140429 - INFO - Pred box sample: [89.23980712890625, 122.57470703125, 254.70106506347656, 264.8425598144531]
2025-05-19 18:43:18,002 - transvg_coordinates_fixed_20250519_140429 - INFO - Target box sample: [207.0, 198.0, 287.0, 283.0]
2025-05-19 18:43:18,086 - transvg_coordinates_fixed_20250519_140429 - INFO - Validation Epoch 115, Loss: 4.7825
2025-05-19 18:43:18,086 - transvg_coordinates_fixed_20250519_140429 - INFO - Val metrics: Acc@0.25: 0.2980 | Acc@0.5: 0.1086 | Acc@0.75: 0.0135 | mIoU: 0.1719 | medianIoU: 0.0723 | mae_x1: 106.8884 | mae_y1: 104.4028 | mae_x2: 107.2075 | mae_y2: 101.6821 | center_x_error: 92.2644 | center_y_error: 89.2405 | width_error: 2.1027 | height_error: 1.7717 | loss: 4.7825
2025-05-19 18:43:18,744 - transvg_coordinates_fixed_20250519_140429 - INFO - Saved model checkpoint to /home/pokle/Trans-VG/visual_grounding/checkpoints/transvg_coordinates_fixed_20250519_140429_epoch115.pth
2025-05-19 18:43:18,745 - transvg_coordinates_fixed_20250519_140429 - INFO - Epoch 116/200
2025-05-19 18:43:20,328 - transvg_coordinates_fixed_20250519_140429 - INFO - Epoch 116, Batch 0/848, Loss: 3.5606
2025-05-19 18:43:20,328 - transvg_coordinates_fixed_20250519_140429 - INFO - Train metrics: l1_loss: 0.3462 | giou_loss: 0.9149 | total_loss: 3.5606
2025-05-19 18:43:38,032 - transvg_coordinates_fixed_20250519_140429 - INFO - Epoch 116, Batch 50/848, Loss: 3.6205
2025-05-19 18:43:38,059 - transvg_coordinates_fixed_20250519_140429 - INFO - Train metrics: l1_loss: 0.3864 | giou_loss: 0.8441 | total_loss: 3.6205
2025-05-19 18:43:55,939 - transvg_coordinates_fixed_20250519_140429 - INFO - Epoch 116, Batch 100/848, Loss: 3.6050
2025-05-19 18:43:55,939 - transvg_coordinates_fixed_20250519_140429 - INFO - Train metrics: l1_loss: 0.3685 | giou_loss: 0.8813 | total_loss: 3.6050
2025-05-19 18:44:13,870 - transvg_coordinates_fixed_20250519_140429 - INFO - Epoch 116, Batch 150/848, Loss: 3.5399
2025-05-19 18:44:13,870 - transvg_coordinates_fixed_20250519_140429 - INFO - Train metrics: l1_loss: 0.3554 | giou_loss: 0.8814 | total_loss: 3.5399
2025-05-19 18:44:31,974 - transvg_coordinates_fixed_20250519_140429 - INFO - Epoch 116, Batch 200/848, Loss: 3.7590
2025-05-19 18:44:31,974 - transvg_coordinates_fixed_20250519_140429 - INFO - Train metrics: l1_loss: 0.3772 | giou_loss: 0.9366 | total_loss: 3.7590
2025-05-19 18:44:50,102 - transvg_coordinates_fixed_20250519_140429 - INFO - Epoch 116, Batch 250/848, Loss: 3.1283
2025-05-19 18:44:50,102 - transvg_coordinates_fixed_20250519_140429 - INFO - Train metrics: l1_loss: 0.3133 | giou_loss: 0.7810 | total_loss: 3.1283
2025-05-19 18:45:10,051 - transvg_coordinates_fixed_20250519_140429 - INFO - Epoch 116, Batch 300/848, Loss: 3.0489
2025-05-19 18:45:10,051 - transvg_coordinates_fixed_20250519_140429 - INFO - Train metrics: l1_loss: 0.3080 | giou_loss: 0.7546 | total_loss: 3.0489
2025-05-19 18:45:28,211 - transvg_coordinates_fixed_20250519_140429 - INFO - Epoch 116, Batch 350/848, Loss: 4.0260
2025-05-19 18:45:28,239 - transvg_coordinates_fixed_20250519_140429 - INFO - Train metrics: l1_loss: 0.4148 | giou_loss: 0.9760 | total_loss: 4.0260
2025-05-19 18:45:46,453 - transvg_coordinates_fixed_20250519_140429 - INFO - Epoch 116, Batch 400/848, Loss: 3.7837
2025-05-19 18:45:46,453 - transvg_coordinates_fixed_20250519_140429 - INFO - Train metrics: l1_loss: 0.4031 | giou_loss: 0.8840 | total_loss: 3.7837
2025-05-19 18:46:04,666 - transvg_coordinates_fixed_20250519_140429 - INFO - Epoch 116, Batch 450/848, Loss: 3.3898
2025-05-19 18:46:04,666 - transvg_coordinates_fixed_20250519_140429 - INFO - Train metrics: l1_loss: 0.3274 | giou_loss: 0.8765 | total_loss: 3.3898
2025-05-19 18:46:22,806 - transvg_coordinates_fixed_20250519_140429 - INFO - Epoch 116, Batch 500/848, Loss: 3.5767
2025-05-19 18:46:22,807 - transvg_coordinates_fixed_20250519_140429 - INFO - Train metrics: l1_loss: 0.3518 | giou_loss: 0.9088 | total_loss: 3.5767
2025-05-19 18:46:41,106 - transvg_coordinates_fixed_20250519_140429 - INFO - Epoch 116, Batch 550/848, Loss: 3.7658
2025-05-19 18:46:41,106 - transvg_coordinates_fixed_20250519_140429 - INFO - Train metrics: l1_loss: 0.4078 | giou_loss: 0.8633 | total_loss: 3.7658
2025-05-19 18:46:59,486 - transvg_coordinates_fixed_20250519_140429 - INFO - Epoch 116, Batch 600/848, Loss: 2.9977
2025-05-19 18:46:59,486 - transvg_coordinates_fixed_20250519_140429 - INFO - Train metrics: l1_loss: 0.3145 | giou_loss: 0.7127 | total_loss: 2.9977
2025-05-19 18:47:17,814 - transvg_coordinates_fixed_20250519_140429 - INFO - Epoch 116, Batch 650/848, Loss: 3.7397
2025-05-19 18:47:17,814 - transvg_coordinates_fixed_20250519_140429 - INFO - Train metrics: l1_loss: 0.3974 | giou_loss: 0.8763 | total_loss: 3.7397
2025-05-19 18:47:36,204 - transvg_coordinates_fixed_20250519_140429 - INFO - Epoch 116, Batch 700/848, Loss: 3.4600
2025-05-19 18:47:36,204 - transvg_coordinates_fixed_20250519_140429 - INFO - Train metrics: l1_loss: 0.3631 | giou_loss: 0.8224 | total_loss: 3.4600
2025-05-19 18:47:54,502 - transvg_coordinates_fixed_20250519_140429 - INFO - Epoch 116, Batch 750/848, Loss: 3.0837
2025-05-19 18:47:54,502 - transvg_coordinates_fixed_20250519_140429 - INFO - Train metrics: l1_loss: 0.2960 | giou_loss: 0.8019 | total_loss: 3.0837
2025-05-19 18:48:12,861 - transvg_coordinates_fixed_20250519_140429 - INFO - Epoch 116, Batch 800/848, Loss: 3.1029
2025-05-19 18:48:12,861 - transvg_coordinates_fixed_20250519_140429 - INFO - Train metrics: l1_loss: 0.3069 | giou_loss: 0.7841 | total_loss: 3.1029
2025-05-19 18:48:30,301 - transvg_coordinates_fixed_20250519_140429 - INFO - Train Epoch 116, Loss: 3.5115
2025-05-19 18:49:14,403 - transvg_coordinates_fixed_20250519_140429 - INFO - Pred box sample: [83.50672912597656, 100.47137451171875, 275.1409912109375, 239.4296875]
2025-05-19 18:49:14,404 - transvg_coordinates_fixed_20250519_140429 - INFO - Target box sample: [207.0, 198.0, 287.0, 283.0]
2025-05-19 18:49:14,557 - transvg_coordinates_fixed_20250519_140429 - INFO - Validation Epoch 116, Loss: 4.7199
2025-05-19 18:49:14,557 - transvg_coordinates_fixed_20250519_140429 - INFO - Val metrics: Acc@0.25: 0.3076 | Acc@0.5: 0.1142 | Acc@0.75: 0.0141 | mIoU: 0.1777 | medianIoU: 0.0727 | mae_x1: 108.2281 | mae_y1: 102.4128 | mae_x2: 108.0547 | mae_y2: 101.2787 | center_x_error: 92.3811 | center_y_error: 86.6148 | width_error: 2.3613 | height_error: 1.9575 | loss: 4.7199
2025-05-19 18:49:15,679 - transvg_coordinates_fixed_20250519_140429 - INFO - Saved model checkpoint to /home/pokle/Trans-VG/visual_grounding/checkpoints/transvg_coordinates_fixed_20250519_140429_epoch116.pth
2025-05-19 18:49:15,680 - transvg_coordinates_fixed_20250519_140429 - INFO - Epoch 117/200
2025-05-19 18:49:16,976 - transvg_coordinates_fixed_20250519_140429 - INFO - Epoch 117, Batch 0/848, Loss: 3.4120
2025-05-19 18:49:16,976 - transvg_coordinates_fixed_20250519_140429 - INFO - Train metrics: l1_loss: 0.3384 | giou_loss: 0.8599 | total_loss: 3.4120
2025-05-19 18:49:34,898 - transvg_coordinates_fixed_20250519_140429 - INFO - Epoch 117, Batch 50/848, Loss: 2.6901
2025-05-19 18:49:34,899 - transvg_coordinates_fixed_20250519_140429 - INFO - Train metrics: l1_loss: 0.2590 | giou_loss: 0.6976 | total_loss: 2.6901
2025-05-19 18:49:52,924 - transvg_coordinates_fixed_20250519_140429 - INFO - Epoch 117, Batch 100/848, Loss: 3.6454
2025-05-19 18:49:52,924 - transvg_coordinates_fixed_20250519_140429 - INFO - Train metrics: l1_loss: 0.3593 | giou_loss: 0.9245 | total_loss: 3.6454
2025-05-19 18:50:10,915 - transvg_coordinates_fixed_20250519_140429 - INFO - Epoch 117, Batch 150/848, Loss: 3.5372
2025-05-19 18:50:10,916 - transvg_coordinates_fixed_20250519_140429 - INFO - Train metrics: l1_loss: 0.3597 | giou_loss: 0.8694 | total_loss: 3.5372
2025-05-19 18:50:29,036 - transvg_coordinates_fixed_20250519_140429 - INFO - Epoch 117, Batch 200/848, Loss: 3.3645
2025-05-19 18:50:29,037 - transvg_coordinates_fixed_20250519_140429 - INFO - Train metrics: l1_loss: 0.3125 | giou_loss: 0.9010 | total_loss: 3.3645
2025-05-19 18:50:47,383 - transvg_coordinates_fixed_20250519_140429 - INFO - Epoch 117, Batch 250/848, Loss: 3.1411
2025-05-19 18:50:47,383 - transvg_coordinates_fixed_20250519_140429 - INFO - Train metrics: l1_loss: 0.3003 | giou_loss: 0.8198 | total_loss: 3.1411
2025-05-19 18:51:05,769 - transvg_coordinates_fixed_20250519_140429 - INFO - Epoch 117, Batch 300/848, Loss: 4.3480
2025-05-19 18:51:05,769 - transvg_coordinates_fixed_20250519_140429 - INFO - Train metrics: l1_loss: 0.4688 | giou_loss: 1.0020 | total_loss: 4.3480
2025-05-19 18:51:24,153 - transvg_coordinates_fixed_20250519_140429 - INFO - Epoch 117, Batch 350/848, Loss: 3.5175
2025-05-19 18:51:24,153 - transvg_coordinates_fixed_20250519_140429 - INFO - Train metrics: l1_loss: 0.3416 | giou_loss: 0.9049 | total_loss: 3.5175
2025-05-19 18:51:42,557 - transvg_coordinates_fixed_20250519_140429 - INFO - Epoch 117, Batch 400/848, Loss: 3.8549
2025-05-19 18:51:42,557 - transvg_coordinates_fixed_20250519_140429 - INFO - Train metrics: l1_loss: 0.3999 | giou_loss: 0.9276 | total_loss: 3.8549
2025-05-19 18:52:01,068 - transvg_coordinates_fixed_20250519_140429 - INFO - Epoch 117, Batch 450/848, Loss: 3.7547
2025-05-19 18:52:01,068 - transvg_coordinates_fixed_20250519_140429 - INFO - Train metrics: l1_loss: 0.3958 | giou_loss: 0.8878 | total_loss: 3.7547
2025-05-19 18:52:19,584 - transvg_coordinates_fixed_20250519_140429 - INFO - Epoch 117, Batch 500/848, Loss: 3.3589
2025-05-19 18:52:19,584 - transvg_coordinates_fixed_20250519_140429 - INFO - Train metrics: l1_loss: 0.3439 | giou_loss: 0.8196 | total_loss: 3.3589
2025-05-19 18:52:38,115 - transvg_coordinates_fixed_20250519_140429 - INFO - Epoch 117, Batch 550/848, Loss: 3.6604
2025-05-19 18:52:38,115 - transvg_coordinates_fixed_20250519_140429 - INFO - Train metrics: l1_loss: 0.3820 | giou_loss: 0.8752 | total_loss: 3.6604
2025-05-19 18:52:56,611 - transvg_coordinates_fixed_20250519_140429 - INFO - Epoch 117, Batch 600/848, Loss: 3.7479
2025-05-19 18:52:56,611 - transvg_coordinates_fixed_20250519_140429 - INFO - Train metrics: l1_loss: 0.3828 | giou_loss: 0.9171 | total_loss: 3.7479
2025-05-19 18:53:15,081 - transvg_coordinates_fixed_20250519_140429 - INFO - Epoch 117, Batch 650/848, Loss: 3.3980
2025-05-19 18:53:15,081 - transvg_coordinates_fixed_20250519_140429 - INFO - Train metrics: l1_loss: 0.3299 | giou_loss: 0.8743 | total_loss: 3.3980
2025-05-19 18:53:33,752 - transvg_coordinates_fixed_20250519_140429 - INFO - Epoch 117, Batch 700/848, Loss: 3.7302
2025-05-19 18:53:33,752 - transvg_coordinates_fixed_20250519_140429 - INFO - Train metrics: l1_loss: 0.4068 | giou_loss: 0.8482 | total_loss: 3.7302
2025-05-19 18:53:52,262 - transvg_coordinates_fixed_20250519_140429 - INFO - Epoch 117, Batch 750/848, Loss: 3.4672
2025-05-19 18:53:52,262 - transvg_coordinates_fixed_20250519_140429 - INFO - Train metrics: l1_loss: 0.3311 | giou_loss: 0.9059 | total_loss: 3.4672
2025-05-19 18:54:10,872 - transvg_coordinates_fixed_20250519_140429 - INFO - Epoch 117, Batch 800/848, Loss: 3.9696
2025-05-19 18:54:10,872 - transvg_coordinates_fixed_20250519_140429 - INFO - Train metrics: l1_loss: 0.4177 | giou_loss: 0.9406 | total_loss: 3.9696
2025-05-19 18:54:28,383 - transvg_coordinates_fixed_20250519_140429 - INFO - Train Epoch 117, Loss: 3.5172
2025-05-19 18:54:58,002 - transvg_coordinates_fixed_20250519_140429 - INFO - Pred box sample: [57.98310089111328, 91.81375122070312, 240.87342834472656, 247.3125457763672]
2025-05-19 18:54:58,003 - transvg_coordinates_fixed_20250519_140429 - INFO - Target box sample: [207.0, 198.0, 287.0, 283.0]
2025-05-19 18:54:58,087 - transvg_coordinates_fixed_20250519_140429 - INFO - Validation Epoch 117, Loss: 4.7386
2025-05-19 18:54:58,087 - transvg_coordinates_fixed_20250519_140429 - INFO - Val metrics: Acc@0.25: 0.3033 | Acc@0.5: 0.1121 | Acc@0.75: 0.0146 | mIoU: 0.1743 | medianIoU: 0.0707 | mae_x1: 108.7632 | mae_y1: 102.9557 | mae_x2: 106.5449 | mae_y2: 101.8383 | center_x_error: 92.9766 | center_y_error: 87.6695 | width_error: 2.2314 | height_error: 1.9847 | loss: 4.7386
2025-05-19 18:54:58,950 - transvg_coordinates_fixed_20250519_140429 - INFO - Saved model checkpoint to /home/pokle/Trans-VG/visual_grounding/checkpoints/transvg_coordinates_fixed_20250519_140429_epoch117.pth
2025-05-19 18:54:58,950 - transvg_coordinates_fixed_20250519_140429 - INFO - Epoch 118/200
2025-05-19 18:55:00,187 - transvg_coordinates_fixed_20250519_140429 - INFO - Epoch 118, Batch 0/848, Loss: 3.1873
2025-05-19 18:55:00,187 - transvg_coordinates_fixed_20250519_140429 - INFO - Train metrics: l1_loss: 0.3142 | giou_loss: 0.8081 | total_loss: 3.1873
2025-05-19 18:55:18,296 - transvg_coordinates_fixed_20250519_140429 - INFO - Epoch 118, Batch 50/848, Loss: 3.6042
2025-05-19 18:55:18,297 - transvg_coordinates_fixed_20250519_140429 - INFO - Train metrics: l1_loss: 0.3668 | giou_loss: 0.8851 | total_loss: 3.6042
2025-05-19 18:55:36,368 - transvg_coordinates_fixed_20250519_140429 - INFO - Epoch 118, Batch 100/848, Loss: 3.7452
2025-05-19 18:55:36,368 - transvg_coordinates_fixed_20250519_140429 - INFO - Train metrics: l1_loss: 0.3855 | giou_loss: 0.9088 | total_loss: 3.7452
2025-05-19 18:55:54,416 - transvg_coordinates_fixed_20250519_140429 - INFO - Epoch 118, Batch 150/848, Loss: 3.4193
2025-05-19 18:55:54,416 - transvg_coordinates_fixed_20250519_140429 - INFO - Train metrics: l1_loss: 0.3464 | giou_loss: 0.8435 | total_loss: 3.4193
2025-05-19 18:56:12,620 - transvg_coordinates_fixed_20250519_140429 - INFO - Epoch 118, Batch 200/848, Loss: 3.0131
2025-05-19 18:56:12,620 - transvg_coordinates_fixed_20250519_140429 - INFO - Train metrics: l1_loss: 0.2797 | giou_loss: 0.8073 | total_loss: 3.0131
2025-05-19 18:56:30,888 - transvg_coordinates_fixed_20250519_140429 - INFO - Epoch 118, Batch 250/848, Loss: 3.3113
2025-05-19 18:56:30,888 - transvg_coordinates_fixed_20250519_140429 - INFO - Train metrics: l1_loss: 0.3486 | giou_loss: 0.7842 | total_loss: 3.3113
2025-05-19 18:56:49,342 - transvg_coordinates_fixed_20250519_140429 - INFO - Epoch 118, Batch 300/848, Loss: 3.3822
2025-05-19 18:56:49,342 - transvg_coordinates_fixed_20250519_140429 - INFO - Train metrics: l1_loss: 0.3310 | giou_loss: 0.8637 | total_loss: 3.3822
2025-05-19 18:57:07,772 - transvg_coordinates_fixed_20250519_140429 - INFO - Epoch 118, Batch 350/848, Loss: 2.9911
2025-05-19 18:57:07,772 - transvg_coordinates_fixed_20250519_140429 - INFO - Train metrics: l1_loss: 0.2990 | giou_loss: 0.7480 | total_loss: 2.9911
2025-05-19 18:57:26,228 - transvg_coordinates_fixed_20250519_140429 - INFO - Epoch 118, Batch 400/848, Loss: 3.6527
2025-05-19 18:57:26,228 - transvg_coordinates_fixed_20250519_140429 - INFO - Train metrics: l1_loss: 0.3843 | giou_loss: 0.8656 | total_loss: 3.6527
2025-05-19 18:57:44,890 - transvg_coordinates_fixed_20250519_140429 - INFO - Epoch 118, Batch 450/848, Loss: 3.6776
2025-05-19 18:57:44,890 - transvg_coordinates_fixed_20250519_140429 - INFO - Train metrics: l1_loss: 0.3609 | giou_loss: 0.9366 | total_loss: 3.6776
2025-05-19 18:58:03,471 - transvg_coordinates_fixed_20250519_140429 - INFO - Epoch 118, Batch 500/848, Loss: 3.0684
2025-05-19 18:58:03,471 - transvg_coordinates_fixed_20250519_140429 - INFO - Train metrics: l1_loss: 0.3118 | giou_loss: 0.7547 | total_loss: 3.0684
2025-05-19 18:58:22,170 - transvg_coordinates_fixed_20250519_140429 - INFO - Epoch 118, Batch 550/848, Loss: 2.8725
2025-05-19 18:58:22,170 - transvg_coordinates_fixed_20250519_140429 - INFO - Train metrics: l1_loss: 0.2750 | giou_loss: 0.7487 | total_loss: 2.8725
2025-05-19 18:58:40,732 - transvg_coordinates_fixed_20250519_140429 - INFO - Epoch 118, Batch 600/848, Loss: 3.2911
2025-05-19 18:58:40,732 - transvg_coordinates_fixed_20250519_140429 - INFO - Train metrics: l1_loss: 0.3135 | giou_loss: 0.8617 | total_loss: 3.2911
2025-05-19 18:58:59,251 - transvg_coordinates_fixed_20250519_140429 - INFO - Epoch 118, Batch 650/848, Loss: 3.6328
2025-05-19 18:58:59,251 - transvg_coordinates_fixed_20250519_140429 - INFO - Train metrics: l1_loss: 0.3713 | giou_loss: 0.8882 | total_loss: 3.6328
2025-05-19 18:59:17,914 - transvg_coordinates_fixed_20250519_140429 - INFO - Epoch 118, Batch 700/848, Loss: 3.2798
2025-05-19 18:59:17,914 - transvg_coordinates_fixed_20250519_140429 - INFO - Train metrics: l1_loss: 0.3357 | giou_loss: 0.8007 | total_loss: 3.2798
2025-05-19 18:59:36,515 - transvg_coordinates_fixed_20250519_140429 - INFO - Epoch 118, Batch 750/848, Loss: 2.9610
2025-05-19 18:59:36,516 - transvg_coordinates_fixed_20250519_140429 - INFO - Train metrics: l1_loss: 0.2761 | giou_loss: 0.7903 | total_loss: 2.9610
2025-05-19 18:59:55,063 - transvg_coordinates_fixed_20250519_140429 - INFO - Epoch 118, Batch 800/848, Loss: 3.9336
2025-05-19 18:59:55,064 - transvg_coordinates_fixed_20250519_140429 - INFO - Train metrics: l1_loss: 0.4142 | giou_loss: 0.9312 | total_loss: 3.9336
2025-05-19 19:00:12,372 - transvg_coordinates_fixed_20250519_140429 - INFO - Train Epoch 118, Loss: 3.5173
2025-05-19 19:00:37,461 - transvg_coordinates_fixed_20250519_140429 - INFO - Pred box sample: [78.4180908203125, 122.55098724365234, 226.46815490722656, 249.72433471679688]
2025-05-19 19:00:37,461 - transvg_coordinates_fixed_20250519_140429 - INFO - Target box sample: [207.0, 198.0, 287.0, 283.0]
2025-05-19 19:00:37,542 - transvg_coordinates_fixed_20250519_140429 - INFO - Validation Epoch 118, Loss: 4.7743
2025-05-19 19:00:37,543 - transvg_coordinates_fixed_20250519_140429 - INFO - Val metrics: Acc@0.25: 0.2999 | Acc@0.5: 0.1084 | Acc@0.75: 0.0146 | mIoU: 0.1720 | medianIoU: 0.0644 | mae_x1: 107.5041 | mae_y1: 102.3703 | mae_x2: 107.2103 | mae_y2: 103.8072 | center_x_error: 93.6852 | center_y_error: 87.4465 | width_error: 1.9734 | height_error: 2.0191 | loss: 4.7743
2025-05-19 19:00:38,200 - transvg_coordinates_fixed_20250519_140429 - INFO - Saved model checkpoint to /home/pokle/Trans-VG/visual_grounding/checkpoints/transvg_coordinates_fixed_20250519_140429_epoch118.pth
2025-05-19 19:00:38,200 - transvg_coordinates_fixed_20250519_140429 - INFO - Epoch 119/200
2025-05-19 19:00:39,264 - transvg_coordinates_fixed_20250519_140429 - INFO - Epoch 119, Batch 0/848, Loss: 3.2274
2025-05-19 19:00:39,265 - transvg_coordinates_fixed_20250519_140429 - INFO - Train metrics: l1_loss: 0.3333 | giou_loss: 0.7805 | total_loss: 3.2274
2025-05-19 19:00:57,323 - transvg_coordinates_fixed_20250519_140429 - INFO - Epoch 119, Batch 50/848, Loss: 3.2754
2025-05-19 19:00:57,323 - transvg_coordinates_fixed_20250519_140429 - INFO - Train metrics: l1_loss: 0.3298 | giou_loss: 0.8133 | total_loss: 3.2754
2025-05-19 19:01:15,448 - transvg_coordinates_fixed_20250519_140429 - INFO - Epoch 119, Batch 100/848, Loss: 3.6456
2025-05-19 19:01:15,449 - transvg_coordinates_fixed_20250519_140429 - INFO - Train metrics: l1_loss: 0.3641 | giou_loss: 0.9125 | total_loss: 3.6456
2025-05-19 19:01:33,651 - transvg_coordinates_fixed_20250519_140429 - INFO - Epoch 119, Batch 150/848, Loss: 3.8045
2025-05-19 19:01:33,651 - transvg_coordinates_fixed_20250519_140429 - INFO - Train metrics: l1_loss: 0.3986 | giou_loss: 0.9058 | total_loss: 3.8045
2025-05-19 19:01:51,913 - transvg_coordinates_fixed_20250519_140429 - INFO - Epoch 119, Batch 200/848, Loss: 3.5574
2025-05-19 19:01:51,914 - transvg_coordinates_fixed_20250519_140429 - INFO - Train metrics: l1_loss: 0.3355 | giou_loss: 0.9400 | total_loss: 3.5574
2025-05-19 19:02:10,209 - transvg_coordinates_fixed_20250519_140429 - INFO - Epoch 119, Batch 250/848, Loss: 3.5299
2025-05-19 19:02:10,210 - transvg_coordinates_fixed_20250519_140429 - INFO - Train metrics: l1_loss: 0.3428 | giou_loss: 0.9079 | total_loss: 3.5299
2025-05-19 19:02:28,478 - transvg_coordinates_fixed_20250519_140429 - INFO - Epoch 119, Batch 300/848, Loss: 3.3557
2025-05-19 19:02:28,478 - transvg_coordinates_fixed_20250519_140429 - INFO - Train metrics: l1_loss: 0.3461 | giou_loss: 0.8126 | total_loss: 3.3557
2025-05-19 19:02:46,736 - transvg_coordinates_fixed_20250519_140429 - INFO - Epoch 119, Batch 350/848, Loss: 4.0660
2025-05-19 19:02:46,736 - transvg_coordinates_fixed_20250519_140429 - INFO - Train metrics: l1_loss: 0.4254 | giou_loss: 0.9696 | total_loss: 4.0660
2025-05-19 19:03:05,108 - transvg_coordinates_fixed_20250519_140429 - INFO - Epoch 119, Batch 400/848, Loss: 3.6887
2025-05-19 19:03:05,108 - transvg_coordinates_fixed_20250519_140429 - INFO - Train metrics: l1_loss: 0.3680 | giou_loss: 0.9244 | total_loss: 3.6887
2025-05-19 19:03:23,487 - transvg_coordinates_fixed_20250519_140429 - INFO - Epoch 119, Batch 450/848, Loss: 3.1652
2025-05-19 19:03:23,488 - transvg_coordinates_fixed_20250519_140429 - INFO - Train metrics: l1_loss: 0.2949 | giou_loss: 0.8452 | total_loss: 3.1652
2025-05-19 19:03:41,790 - transvg_coordinates_fixed_20250519_140429 - INFO - Epoch 119, Batch 500/848, Loss: 3.8598
2025-05-19 19:03:41,790 - transvg_coordinates_fixed_20250519_140429 - INFO - Train metrics: l1_loss: 0.3930 | giou_loss: 0.9474 | total_loss: 3.8598
2025-05-19 19:04:00,119 - transvg_coordinates_fixed_20250519_140429 - INFO - Epoch 119, Batch 550/848, Loss: 2.9981
2025-05-19 19:04:00,119 - transvg_coordinates_fixed_20250519_140429 - INFO - Train metrics: l1_loss: 0.2880 | giou_loss: 0.7790 | total_loss: 2.9981
2025-05-19 19:04:18,470 - transvg_coordinates_fixed_20250519_140429 - INFO - Epoch 119, Batch 600/848, Loss: 3.6626
2025-05-19 19:04:18,470 - transvg_coordinates_fixed_20250519_140429 - INFO - Train metrics: l1_loss: 0.3880 | giou_loss: 0.8612 | total_loss: 3.6626
2025-05-19 19:04:36,835 - transvg_coordinates_fixed_20250519_140429 - INFO - Epoch 119, Batch 650/848, Loss: 3.5687
2025-05-19 19:04:36,835 - transvg_coordinates_fixed_20250519_140429 - INFO - Train metrics: l1_loss: 0.3435 | giou_loss: 0.9256 | total_loss: 3.5687
2025-05-19 19:04:55,251 - transvg_coordinates_fixed_20250519_140429 - INFO - Epoch 119, Batch 700/848, Loss: 2.8657
2025-05-19 19:04:55,252 - transvg_coordinates_fixed_20250519_140429 - INFO - Train metrics: l1_loss: 0.2905 | giou_loss: 0.7067 | total_loss: 2.8657
2025-05-19 19:05:13,546 - transvg_coordinates_fixed_20250519_140429 - INFO - Epoch 119, Batch 750/848, Loss: 4.0304
2025-05-19 19:05:13,546 - transvg_coordinates_fixed_20250519_140429 - INFO - Train metrics: l1_loss: 0.4506 | giou_loss: 0.8888 | total_loss: 4.0304
2025-05-19 19:05:31,830 - transvg_coordinates_fixed_20250519_140429 - INFO - Epoch 119, Batch 800/848, Loss: 3.5406
2025-05-19 19:05:31,830 - transvg_coordinates_fixed_20250519_140429 - INFO - Train metrics: l1_loss: 0.3772 | giou_loss: 0.8273 | total_loss: 3.5406
2025-05-19 19:05:49,116 - transvg_coordinates_fixed_20250519_140429 - INFO - Train Epoch 119, Loss: 3.5076
2025-05-19 19:06:05,414 - transvg_coordinates_fixed_20250519_140429 - INFO - Pred box sample: [98.64795684814453, 129.8173828125, 299.4553527832031, 294.4066162109375]
2025-05-19 19:06:05,415 - transvg_coordinates_fixed_20250519_140429 - INFO - Target box sample: [207.0, 198.0, 287.0, 283.0]
2025-05-19 19:06:05,491 - transvg_coordinates_fixed_20250519_140429 - INFO - Validation Epoch 119, Loss: 4.7347
2025-05-19 19:06:05,491 - transvg_coordinates_fixed_20250519_140429 - INFO - Val metrics: Acc@0.25: 0.2975 | Acc@0.5: 0.1102 | Acc@0.75: 0.0149 | mIoU: 0.1736 | medianIoU: 0.0724 | mae_x1: 104.5965 | mae_y1: 104.5727 | mae_x2: 106.7095 | mae_y2: 103.3655 | center_x_error: 91.0597 | center_y_error: 88.5997 | width_error: 2.1708 | height_error: 2.0543 | loss: 4.7347
2025-05-19 19:06:06,134 - transvg_coordinates_fixed_20250519_140429 - INFO - Saved model checkpoint to /home/pokle/Trans-VG/visual_grounding/checkpoints/transvg_coordinates_fixed_20250519_140429_epoch119.pth
2025-05-19 19:06:06,135 - transvg_coordinates_fixed_20250519_140429 - INFO - Epoch 120/200
2025-05-19 19:06:07,176 - transvg_coordinates_fixed_20250519_140429 - INFO - Epoch 120, Batch 0/848, Loss: 4.0769
2025-05-19 19:06:07,176 - transvg_coordinates_fixed_20250519_140429 - INFO - Train metrics: l1_loss: 0.4361 | giou_loss: 0.9481 | total_loss: 4.0769
2025-05-19 19:06:25,458 - transvg_coordinates_fixed_20250519_140429 - INFO - Epoch 120, Batch 50/848, Loss: 3.2787
2025-05-19 19:06:25,459 - transvg_coordinates_fixed_20250519_140429 - INFO - Train metrics: l1_loss: 0.3191 | giou_loss: 0.8417 | total_loss: 3.2787
2025-05-19 19:06:43,756 - transvg_coordinates_fixed_20250519_140429 - INFO - Epoch 120, Batch 100/848, Loss: 3.4293
2025-05-19 19:06:43,756 - transvg_coordinates_fixed_20250519_140429 - INFO - Train metrics: l1_loss: 0.3626 | giou_loss: 0.8081 | total_loss: 3.4293
2025-05-19 19:07:02,088 - transvg_coordinates_fixed_20250519_140429 - INFO - Epoch 120, Batch 150/848, Loss: 3.1638
2025-05-19 19:07:02,088 - transvg_coordinates_fixed_20250519_140429 - INFO - Train metrics: l1_loss: 0.3095 | giou_loss: 0.8080 | total_loss: 3.1638
2025-05-19 19:07:20,410 - transvg_coordinates_fixed_20250519_140429 - INFO - Epoch 120, Batch 200/848, Loss: 3.2060
2025-05-19 19:07:20,410 - transvg_coordinates_fixed_20250519_140429 - INFO - Train metrics: l1_loss: 0.3125 | giou_loss: 0.8218 | total_loss: 3.2060
2025-05-19 19:07:38,792 - transvg_coordinates_fixed_20250519_140429 - INFO - Epoch 120, Batch 250/848, Loss: 2.8682
2025-05-19 19:07:38,792 - transvg_coordinates_fixed_20250519_140429 - INFO - Train metrics: l1_loss: 0.2837 | giou_loss: 0.7249 | total_loss: 2.8682
2025-05-19 19:07:57,094 - transvg_coordinates_fixed_20250519_140429 - INFO - Epoch 120, Batch 300/848, Loss: 3.6087
2025-05-19 19:07:57,094 - transvg_coordinates_fixed_20250519_140429 - INFO - Train metrics: l1_loss: 0.3705 | giou_loss: 0.8781 | total_loss: 3.6087
2025-05-19 19:08:15,352 - transvg_coordinates_fixed_20250519_140429 - INFO - Epoch 120, Batch 350/848, Loss: 4.0126
2025-05-19 19:08:15,352 - transvg_coordinates_fixed_20250519_140429 - INFO - Train metrics: l1_loss: 0.4156 | giou_loss: 0.9672 | total_loss: 4.0126
2025-05-19 19:08:33,817 - transvg_coordinates_fixed_20250519_140429 - INFO - Epoch 120, Batch 400/848, Loss: 3.1078
2025-05-19 19:08:33,817 - transvg_coordinates_fixed_20250519_140429 - INFO - Train metrics: l1_loss: 0.3261 | giou_loss: 0.7386 | total_loss: 3.1078
2025-05-19 19:08:52,129 - transvg_coordinates_fixed_20250519_140429 - INFO - Epoch 120, Batch 450/848, Loss: 3.5754
2025-05-19 19:08:52,130 - transvg_coordinates_fixed_20250519_140429 - INFO - Train metrics: l1_loss: 0.3833 | giou_loss: 0.8294 | total_loss: 3.5754
2025-05-19 19:09:10,445 - transvg_coordinates_fixed_20250519_140429 - INFO - Epoch 120, Batch 500/848, Loss: 3.6436
2025-05-19 19:09:10,446 - transvg_coordinates_fixed_20250519_140429 - INFO - Train metrics: l1_loss: 0.3835 | giou_loss: 0.8631 | total_loss: 3.6436
2025-05-19 19:09:28,820 - transvg_coordinates_fixed_20250519_140429 - INFO - Epoch 120, Batch 550/848, Loss: 3.4674
2025-05-19 19:09:28,820 - transvg_coordinates_fixed_20250519_140429 - INFO - Train metrics: l1_loss: 0.3520 | giou_loss: 0.8538 | total_loss: 3.4674
2025-05-19 19:09:47,125 - transvg_coordinates_fixed_20250519_140429 - INFO - Epoch 120, Batch 600/848, Loss: 3.6485
2025-05-19 19:09:47,125 - transvg_coordinates_fixed_20250519_140429 - INFO - Train metrics: l1_loss: 0.3838 | giou_loss: 0.8647 | total_loss: 3.6485
2025-05-19 19:10:05,607 - transvg_coordinates_fixed_20250519_140429 - INFO - Epoch 120, Batch 650/848, Loss: 3.5640
2025-05-19 19:10:05,607 - transvg_coordinates_fixed_20250519_140429 - INFO - Train metrics: l1_loss: 0.3780 | giou_loss: 0.8369 | total_loss: 3.5640
2025-05-19 19:10:23,965 - transvg_coordinates_fixed_20250519_140429 - INFO - Epoch 120, Batch 700/848, Loss: 2.9085
2025-05-19 19:10:23,966 - transvg_coordinates_fixed_20250519_140429 - INFO - Train metrics: l1_loss: 0.3022 | giou_loss: 0.6988 | total_loss: 2.9085
2025-05-19 19:10:42,305 - transvg_coordinates_fixed_20250519_140429 - INFO - Epoch 120, Batch 750/848, Loss: 3.7559
2025-05-19 19:10:42,305 - transvg_coordinates_fixed_20250519_140429 - INFO - Train metrics: l1_loss: 0.3690 | giou_loss: 0.9555 | total_loss: 3.7559
2025-05-19 19:11:00,617 - transvg_coordinates_fixed_20250519_140429 - INFO - Epoch 120, Batch 800/848, Loss: 3.7090
2025-05-19 19:11:00,617 - transvg_coordinates_fixed_20250519_140429 - INFO - Train metrics: l1_loss: 0.3732 | giou_loss: 0.9216 | total_loss: 3.7090
2025-05-19 19:11:17,838 - transvg_coordinates_fixed_20250519_140429 - INFO - Train Epoch 120, Loss: 3.5079
2025-05-19 19:11:34,140 - transvg_coordinates_fixed_20250519_140429 - INFO - Pred box sample: [87.2239761352539, 83.33704376220703, 264.6887512207031, 226.9563446044922]
2025-05-19 19:11:34,140 - transvg_coordinates_fixed_20250519_140429 - INFO - Target box sample: [207.0, 198.0, 287.0, 283.0]
2025-05-19 19:11:34,221 - transvg_coordinates_fixed_20250519_140429 - INFO - Validation Epoch 120, Loss: 4.7608
2025-05-19 19:11:34,221 - transvg_coordinates_fixed_20250519_140429 - INFO - Val metrics: Acc@0.25: 0.2892 | Acc@0.5: 0.1078 | Acc@0.75: 0.0162 | mIoU: 0.1720 | medianIoU: 0.0690 | mae_x1: 108.3267 | mae_y1: 104.1373 | mae_x2: 106.5352 | mae_y2: 101.2697 | center_x_error: 93.6750 | center_y_error: 87.3828 | width_error: 2.0954 | height_error: 1.9675 | loss: 4.7608
2025-05-19 19:11:34,865 - transvg_coordinates_fixed_20250519_140429 - INFO - Saved model checkpoint to /home/pokle/Trans-VG/visual_grounding/checkpoints/transvg_coordinates_fixed_20250519_140429_epoch120.pth
2025-05-19 19:11:34,866 - transvg_coordinates_fixed_20250519_140429 - INFO - Epoch 121/200
2025-05-19 19:11:35,982 - transvg_coordinates_fixed_20250519_140429 - INFO - Epoch 121, Batch 0/848, Loss: 3.5452
2025-05-19 19:11:35,982 - transvg_coordinates_fixed_20250519_140429 - INFO - Train metrics: l1_loss: 0.3520 | giou_loss: 0.8925 | total_loss: 3.5452
2025-05-19 19:11:54,194 - transvg_coordinates_fixed_20250519_140429 - INFO - Epoch 121, Batch 50/848, Loss: 3.9958
2025-05-19 19:11:54,194 - transvg_coordinates_fixed_20250519_140429 - INFO - Train metrics: l1_loss: 0.4225 | giou_loss: 0.9416 | total_loss: 3.9958
2025-05-19 19:12:12,466 - transvg_coordinates_fixed_20250519_140429 - INFO - Epoch 121, Batch 100/848, Loss: 3.2285
2025-05-19 19:12:12,466 - transvg_coordinates_fixed_20250519_140429 - INFO - Train metrics: l1_loss: 0.3156 | giou_loss: 0.8254 | total_loss: 3.2285
2025-05-19 19:12:30,797 - transvg_coordinates_fixed_20250519_140429 - INFO - Epoch 121, Batch 150/848, Loss: 3.5558
2025-05-19 19:12:30,797 - transvg_coordinates_fixed_20250519_140429 - INFO - Train metrics: l1_loss: 0.3706 | giou_loss: 0.8513 | total_loss: 3.5558
2025-05-19 19:12:49,120 - transvg_coordinates_fixed_20250519_140429 - INFO - Epoch 121, Batch 200/848, Loss: 3.6864
2025-05-19 19:12:49,120 - transvg_coordinates_fixed_20250519_140429 - INFO - Train metrics: l1_loss: 0.3874 | giou_loss: 0.8748 | total_loss: 3.6864
2025-05-19 19:13:07,524 - transvg_coordinates_fixed_20250519_140429 - INFO - Epoch 121, Batch 250/848, Loss: 3.7396
2025-05-19 19:13:07,524 - transvg_coordinates_fixed_20250519_140429 - INFO - Train metrics: l1_loss: 0.3979 | giou_loss: 0.8750 | total_loss: 3.7396
2025-05-19 19:13:25,934 - transvg_coordinates_fixed_20250519_140429 - INFO - Epoch 121, Batch 300/848, Loss: 4.1664
2025-05-19 19:13:25,934 - transvg_coordinates_fixed_20250519_140429 - INFO - Train metrics: l1_loss: 0.4378 | giou_loss: 0.9888 | total_loss: 4.1664
2025-05-19 19:13:44,312 - transvg_coordinates_fixed_20250519_140429 - INFO - Epoch 121, Batch 350/848, Loss: 2.9675
2025-05-19 19:13:44,312 - transvg_coordinates_fixed_20250519_140429 - INFO - Train metrics: l1_loss: 0.2890 | giou_loss: 0.7614 | total_loss: 2.9675
2025-05-19 19:14:02,697 - transvg_coordinates_fixed_20250519_140429 - INFO - Epoch 121, Batch 400/848, Loss: 3.5975
2025-05-19 19:14:02,697 - transvg_coordinates_fixed_20250519_140429 - INFO - Train metrics: l1_loss: 0.3346 | giou_loss: 0.9622 | total_loss: 3.5975
2025-05-19 19:14:21,049 - transvg_coordinates_fixed_20250519_140429 - INFO - Epoch 121, Batch 450/848, Loss: 3.2761
2025-05-19 19:14:21,050 - transvg_coordinates_fixed_20250519_140429 - INFO - Train metrics: l1_loss: 0.3197 | giou_loss: 0.8388 | total_loss: 3.2761
2025-05-19 19:14:39,333 - transvg_coordinates_fixed_20250519_140429 - INFO - Epoch 121, Batch 500/848, Loss: 3.5738
2025-05-19 19:14:39,333 - transvg_coordinates_fixed_20250519_140429 - INFO - Train metrics: l1_loss: 0.3798 | giou_loss: 0.8374 | total_loss: 3.5738
2025-05-19 19:14:57,694 - transvg_coordinates_fixed_20250519_140429 - INFO - Epoch 121, Batch 550/848, Loss: 2.8396
2025-05-19 19:14:57,694 - transvg_coordinates_fixed_20250519_140429 - INFO - Train metrics: l1_loss: 0.2824 | giou_loss: 0.7137 | total_loss: 2.8396
2025-05-19 19:15:16,034 - transvg_coordinates_fixed_20250519_140429 - INFO - Epoch 121, Batch 600/848, Loss: 2.9396
2025-05-19 19:15:16,034 - transvg_coordinates_fixed_20250519_140429 - INFO - Train metrics: l1_loss: 0.2947 | giou_loss: 0.7331 | total_loss: 2.9396
2025-05-19 19:15:34,332 - transvg_coordinates_fixed_20250519_140429 - INFO - Epoch 121, Batch 650/848, Loss: 2.8254
2025-05-19 19:15:34,332 - transvg_coordinates_fixed_20250519_140429 - INFO - Train metrics: l1_loss: 0.2634 | giou_loss: 0.7542 | total_loss: 2.8254
2025-05-19 19:15:52,652 - transvg_coordinates_fixed_20250519_140429 - INFO - Epoch 121, Batch 700/848, Loss: 4.3759
2025-05-19 19:15:52,653 - transvg_coordinates_fixed_20250519_140429 - INFO - Train metrics: l1_loss: 0.4907 | giou_loss: 0.9612 | total_loss: 4.3759
2025-05-19 19:16:11,009 - transvg_coordinates_fixed_20250519_140429 - INFO - Epoch 121, Batch 750/848, Loss: 2.7459
2025-05-19 19:16:11,009 - transvg_coordinates_fixed_20250519_140429 - INFO - Train metrics: l1_loss: 0.2574 | giou_loss: 0.7295 | total_loss: 2.7459
2025-05-19 19:16:29,351 - transvg_coordinates_fixed_20250519_140429 - INFO - Epoch 121, Batch 800/848, Loss: 3.7191
2025-05-19 19:16:29,351 - transvg_coordinates_fixed_20250519_140429 - INFO - Train metrics: l1_loss: 0.3709 | giou_loss: 0.9322 | total_loss: 3.7191
2025-05-19 19:16:46,615 - transvg_coordinates_fixed_20250519_140429 - INFO - Train Epoch 121, Loss: 3.5059
2025-05-19 19:17:02,810 - transvg_coordinates_fixed_20250519_140429 - INFO - Pred box sample: [102.12578582763672, 104.61658477783203, 280.4233093261719, 266.3114929199219]
2025-05-19 19:17:02,810 - transvg_coordinates_fixed_20250519_140429 - INFO - Target box sample: [207.0, 198.0, 287.0, 283.0]
2025-05-19 19:17:02,888 - transvg_coordinates_fixed_20250519_140429 - INFO - Validation Epoch 121, Loss: 4.7223
2025-05-19 19:17:02,888 - transvg_coordinates_fixed_20250519_140429 - INFO - Val metrics: Acc@0.25: 0.3046 | Acc@0.5: 0.1113 | Acc@0.75: 0.0130 | mIoU: 0.1760 | medianIoU: 0.0726 | mae_x1: 105.4149 | mae_y1: 104.0799 | mae_x2: 106.6948 | mae_y2: 101.9939 | center_x_error: 92.0043 | center_y_error: 87.9974 | width_error: 2.1288 | height_error: 2.0486 | loss: 4.7223
2025-05-19 19:17:03,501 - transvg_coordinates_fixed_20250519_140429 - INFO - Saved model checkpoint to /home/pokle/Trans-VG/visual_grounding/checkpoints/transvg_coordinates_fixed_20250519_140429_epoch121.pth
2025-05-19 19:17:03,502 - transvg_coordinates_fixed_20250519_140429 - INFO - Epoch 122/200
2025-05-19 19:17:04,579 - transvg_coordinates_fixed_20250519_140429 - INFO - Epoch 122, Batch 0/848, Loss: 3.9243
2025-05-19 19:17:04,579 - transvg_coordinates_fixed_20250519_140429 - INFO - Train metrics: l1_loss: 0.4149 | giou_loss: 0.9250 | total_loss: 3.9243
2025-05-19 19:17:22,822 - transvg_coordinates_fixed_20250519_140429 - INFO - Epoch 122, Batch 50/848, Loss: 3.5681
2025-05-19 19:17:22,822 - transvg_coordinates_fixed_20250519_140429 - INFO - Train metrics: l1_loss: 0.3582 | giou_loss: 0.8886 | total_loss: 3.5681
2025-05-19 19:17:41,235 - transvg_coordinates_fixed_20250519_140429 - INFO - Epoch 122, Batch 100/848, Loss: 4.0065
2025-05-19 19:17:41,235 - transvg_coordinates_fixed_20250519_140429 - INFO - Train metrics: l1_loss: 0.4357 | giou_loss: 0.9141 | total_loss: 4.0065
2025-05-19 19:17:59,720 - transvg_coordinates_fixed_20250519_140429 - INFO - Epoch 122, Batch 150/848, Loss: 3.7021
2025-05-19 19:17:59,720 - transvg_coordinates_fixed_20250519_140429 - INFO - Train metrics: l1_loss: 0.3890 | giou_loss: 0.8787 | total_loss: 3.7021
2025-05-19 19:18:18,003 - transvg_coordinates_fixed_20250519_140429 - INFO - Epoch 122, Batch 200/848, Loss: 3.1801
2025-05-19 19:18:18,004 - transvg_coordinates_fixed_20250519_140429 - INFO - Train metrics: l1_loss: 0.3036 | giou_loss: 0.8310 | total_loss: 3.1801
2025-05-19 19:18:36,368 - transvg_coordinates_fixed_20250519_140429 - INFO - Epoch 122, Batch 250/848, Loss: 2.9377
2025-05-19 19:18:36,368 - transvg_coordinates_fixed_20250519_140429 - INFO - Train metrics: l1_loss: 0.2866 | giou_loss: 0.7523 | total_loss: 2.9377
2025-05-19 19:18:54,767 - transvg_coordinates_fixed_20250519_140429 - INFO - Epoch 122, Batch 300/848, Loss: 3.9085
2025-05-19 19:18:54,767 - transvg_coordinates_fixed_20250519_140429 - INFO - Train metrics: l1_loss: 0.4237 | giou_loss: 0.8951 | total_loss: 3.9085
2025-05-19 19:19:13,098 - transvg_coordinates_fixed_20250519_140429 - INFO - Epoch 122, Batch 350/848, Loss: 3.4372
2025-05-19 19:19:13,098 - transvg_coordinates_fixed_20250519_140429 - INFO - Train metrics: l1_loss: 0.3439 | giou_loss: 0.8589 | total_loss: 3.4372
2025-05-19 19:19:31,430 - transvg_coordinates_fixed_20250519_140429 - INFO - Epoch 122, Batch 400/848, Loss: 3.0042
2025-05-19 19:19:31,431 - transvg_coordinates_fixed_20250519_140429 - INFO - Train metrics: l1_loss: 0.2988 | giou_loss: 0.7550 | total_loss: 3.0042
2025-05-19 19:19:49,782 - transvg_coordinates_fixed_20250519_140429 - INFO - Epoch 122, Batch 450/848, Loss: 3.6331
2025-05-19 19:19:49,782 - transvg_coordinates_fixed_20250519_140429 - INFO - Train metrics: l1_loss: 0.3793 | giou_loss: 0.8683 | total_loss: 3.6331
2025-05-19 19:20:08,057 - transvg_coordinates_fixed_20250519_140429 - INFO - Epoch 122, Batch 500/848, Loss: 3.3473
2025-05-19 19:20:08,057 - transvg_coordinates_fixed_20250519_140429 - INFO - Train metrics: l1_loss: 0.3493 | giou_loss: 0.8005 | total_loss: 3.3473
2025-05-19 19:20:26,351 - transvg_coordinates_fixed_20250519_140429 - INFO - Epoch 122, Batch 550/848, Loss: 3.4270
2025-05-19 19:20:26,351 - transvg_coordinates_fixed_20250519_140429 - INFO - Train metrics: l1_loss: 0.3500 | giou_loss: 0.8386 | total_loss: 3.4270
2025-05-19 19:20:44,633 - transvg_coordinates_fixed_20250519_140429 - INFO - Epoch 122, Batch 600/848, Loss: 3.6422
2025-05-19 19:20:44,633 - transvg_coordinates_fixed_20250519_140429 - INFO - Train metrics: l1_loss: 0.3801 | giou_loss: 0.8709 | total_loss: 3.6422
2025-05-19 19:21:02,928 - transvg_coordinates_fixed_20250519_140429 - INFO - Epoch 122, Batch 650/848, Loss: 3.6767
2025-05-19 19:21:02,928 - transvg_coordinates_fixed_20250519_140429 - INFO - Train metrics: l1_loss: 0.3740 | giou_loss: 0.9033 | total_loss: 3.6767
2025-05-19 19:21:21,197 - transvg_coordinates_fixed_20250519_140429 - INFO - Epoch 122, Batch 700/848, Loss: 3.4060
2025-05-19 19:21:21,197 - transvg_coordinates_fixed_20250519_140429 - INFO - Train metrics: l1_loss: 0.3706 | giou_loss: 0.7766 | total_loss: 3.4060
2025-05-19 19:21:39,405 - transvg_coordinates_fixed_20250519_140429 - INFO - Epoch 122, Batch 750/848, Loss: 3.5715
2025-05-19 19:21:39,405 - transvg_coordinates_fixed_20250519_140429 - INFO - Train metrics: l1_loss: 0.3713 | giou_loss: 0.8574 | total_loss: 3.5715
2025-05-19 19:21:57,674 - transvg_coordinates_fixed_20250519_140429 - INFO - Epoch 122, Batch 800/848, Loss: 4.1178
2025-05-19 19:21:57,674 - transvg_coordinates_fixed_20250519_140429 - INFO - Train metrics: l1_loss: 0.4327 | giou_loss: 0.9772 | total_loss: 4.1178
2025-05-19 19:22:14,864 - transvg_coordinates_fixed_20250519_140429 - INFO - Train Epoch 122, Loss: 3.5079
2025-05-19 19:22:31,286 - transvg_coordinates_fixed_20250519_140429 - INFO - Pred box sample: [91.83409881591797, 79.01322937011719, 274.3852233886719, 231.0333251953125]
2025-05-19 19:22:31,286 - transvg_coordinates_fixed_20250519_140429 - INFO - Target box sample: [207.0, 198.0, 287.0, 283.0]
2025-05-19 19:22:31,358 - transvg_coordinates_fixed_20250519_140429 - INFO - Validation Epoch 122, Loss: 4.7344
2025-05-19 19:22:31,358 - transvg_coordinates_fixed_20250519_140429 - INFO - Val metrics: Acc@0.25: 0.2977 | Acc@0.5: 0.1129 | Acc@0.75: 0.0165 | mIoU: 0.1760 | medianIoU: 0.0737 | mae_x1: 108.6931 | mae_y1: 104.7015 | mae_x2: 108.5444 | mae_y2: 99.7344 | center_x_error: 93.1267 | center_y_error: 86.8540 | width_error: 2.3447 | height_error: 2.0220 | loss: 4.7344
2025-05-19 19:22:31,990 - transvg_coordinates_fixed_20250519_140429 - INFO - Saved model checkpoint to /home/pokle/Trans-VG/visual_grounding/checkpoints/transvg_coordinates_fixed_20250519_140429_epoch122.pth
2025-05-19 19:22:31,991 - transvg_coordinates_fixed_20250519_140429 - INFO - Epoch 123/200
2025-05-19 19:22:33,089 - transvg_coordinates_fixed_20250519_140429 - INFO - Epoch 123, Batch 0/848, Loss: 3.6513
2025-05-19 19:22:33,089 - transvg_coordinates_fixed_20250519_140429 - INFO - Train metrics: l1_loss: 0.3536 | giou_loss: 0.9418 | total_loss: 3.6513
2025-05-19 19:22:51,173 - transvg_coordinates_fixed_20250519_140429 - INFO - Epoch 123, Batch 50/848, Loss: 3.2048
2025-05-19 19:22:51,173 - transvg_coordinates_fixed_20250519_140429 - INFO - Train metrics: l1_loss: 0.3257 | giou_loss: 0.7882 | total_loss: 3.2048
2025-05-19 19:23:09,365 - transvg_coordinates_fixed_20250519_140429 - INFO - Epoch 123, Batch 100/848, Loss: 3.4975
2025-05-19 19:23:09,365 - transvg_coordinates_fixed_20250519_140429 - INFO - Train metrics: l1_loss: 0.3823 | giou_loss: 0.7931 | total_loss: 3.4975
2025-05-19 19:23:27,622 - transvg_coordinates_fixed_20250519_140429 - INFO - Epoch 123, Batch 150/848, Loss: 3.3737
2025-05-19 19:23:27,623 - transvg_coordinates_fixed_20250519_140429 - INFO - Train metrics: l1_loss: 0.3245 | giou_loss: 0.8756 | total_loss: 3.3737
2025-05-19 19:23:46,036 - transvg_coordinates_fixed_20250519_140429 - INFO - Epoch 123, Batch 200/848, Loss: 3.8615
2025-05-19 19:23:46,036 - transvg_coordinates_fixed_20250519_140429 - INFO - Train metrics: l1_loss: 0.4105 | giou_loss: 0.9045 | total_loss: 3.8615
2025-05-19 19:24:04,424 - transvg_coordinates_fixed_20250519_140429 - INFO - Epoch 123, Batch 250/848, Loss: 3.0872
2025-05-19 19:24:04,425 - transvg_coordinates_fixed_20250519_140429 - INFO - Train metrics: l1_loss: 0.2902 | giou_loss: 0.8180 | total_loss: 3.0872
2025-05-19 19:24:22,804 - transvg_coordinates_fixed_20250519_140429 - INFO - Epoch 123, Batch 300/848, Loss: 3.7839
2025-05-19 19:24:22,804 - transvg_coordinates_fixed_20250519_140429 - INFO - Train metrics: l1_loss: 0.4095 | giou_loss: 0.8683 | total_loss: 3.7839
2025-05-19 19:24:41,084 - transvg_coordinates_fixed_20250519_140429 - INFO - Epoch 123, Batch 350/848, Loss: 3.4338
2025-05-19 19:24:41,084 - transvg_coordinates_fixed_20250519_140429 - INFO - Train metrics: l1_loss: 0.3340 | giou_loss: 0.8819 | total_loss: 3.4338
2025-05-19 19:24:59,342 - transvg_coordinates_fixed_20250519_140429 - INFO - Epoch 123, Batch 400/848, Loss: 3.3320
2025-05-19 19:24:59,342 - transvg_coordinates_fixed_20250519_140429 - INFO - Train metrics: l1_loss: 0.3300 | giou_loss: 0.8409 | total_loss: 3.3320
2025-05-19 19:25:17,609 - transvg_coordinates_fixed_20250519_140429 - INFO - Epoch 123, Batch 450/848, Loss: 3.1097
2025-05-19 19:25:17,609 - transvg_coordinates_fixed_20250519_140429 - INFO - Train metrics: l1_loss: 0.3159 | giou_loss: 0.7650 | total_loss: 3.1097
2025-05-19 19:25:35,977 - transvg_coordinates_fixed_20250519_140429 - INFO - Epoch 123, Batch 500/848, Loss: 3.2432
2025-05-19 19:25:35,977 - transvg_coordinates_fixed_20250519_140429 - INFO - Train metrics: l1_loss: 0.3139 | giou_loss: 0.8369 | total_loss: 3.2432
2025-05-19 19:25:54,500 - transvg_coordinates_fixed_20250519_140429 - INFO - Epoch 123, Batch 550/848, Loss: 4.0415
2025-05-19 19:25:54,500 - transvg_coordinates_fixed_20250519_140429 - INFO - Train metrics: l1_loss: 0.4427 | giou_loss: 0.9141 | total_loss: 4.0415
2025-05-19 19:26:12,746 - transvg_coordinates_fixed_20250519_140429 - INFO - Epoch 123, Batch 600/848, Loss: 3.6931
2025-05-19 19:26:12,746 - transvg_coordinates_fixed_20250519_140429 - INFO - Train metrics: l1_loss: 0.3630 | giou_loss: 0.9390 | total_loss: 3.6931
2025-05-19 19:26:30,943 - transvg_coordinates_fixed_20250519_140429 - INFO - Epoch 123, Batch 650/848, Loss: 3.5568
2025-05-19 19:26:30,943 - transvg_coordinates_fixed_20250519_140429 - INFO - Train metrics: l1_loss: 0.3731 | giou_loss: 0.8458 | total_loss: 3.5568
2025-05-19 19:26:49,129 - transvg_coordinates_fixed_20250519_140429 - INFO - Epoch 123, Batch 700/848, Loss: 3.5972
2025-05-19 19:26:49,129 - transvg_coordinates_fixed_20250519_140429 - INFO - Train metrics: l1_loss: 0.3673 | giou_loss: 0.8804 | total_loss: 3.5972
2025-05-19 19:27:07,359 - transvg_coordinates_fixed_20250519_140429 - INFO - Epoch 123, Batch 750/848, Loss: 3.4111
2025-05-19 19:27:07,359 - transvg_coordinates_fixed_20250519_140429 - INFO - Train metrics: l1_loss: 0.3432 | giou_loss: 0.8477 | total_loss: 3.4111
2025-05-19 19:27:25,564 - transvg_coordinates_fixed_20250519_140429 - INFO - Epoch 123, Batch 800/848, Loss: 3.2874
2025-05-19 19:27:25,564 - transvg_coordinates_fixed_20250519_140429 - INFO - Train metrics: l1_loss: 0.3180 | giou_loss: 0.8488 | total_loss: 3.2874
2025-05-19 19:27:42,648 - transvg_coordinates_fixed_20250519_140429 - INFO - Train Epoch 123, Loss: 3.5085
2025-05-19 19:27:59,097 - transvg_coordinates_fixed_20250519_140429 - INFO - Pred box sample: [89.44100952148438, 92.1932373046875, 248.2561798095703, 246.4588623046875]
2025-05-19 19:27:59,097 - transvg_coordinates_fixed_20250519_140429 - INFO - Target box sample: [207.0, 198.0, 287.0, 283.0]
2025-05-19 19:27:59,178 - transvg_coordinates_fixed_20250519_140429 - INFO - Validation Epoch 123, Loss: 4.7481
2025-05-19 19:27:59,178 - transvg_coordinates_fixed_20250519_140429 - INFO - Val metrics: Acc@0.25: 0.2927 | Acc@0.5: 0.1084 | Acc@0.75: 0.0130 | mIoU: 0.1720 | medianIoU: 0.0706 | mae_x1: 107.5302 | mae_y1: 101.9389 | mae_x2: 105.7451 | mae_y2: 102.2508 | center_x_error: 92.6146 | center_y_error: 87.2740 | width_error: 2.0462 | height_error: 1.9375 | loss: 4.7481
2025-05-19 19:27:59,776 - transvg_coordinates_fixed_20250519_140429 - INFO - Saved model checkpoint to /home/pokle/Trans-VG/visual_grounding/checkpoints/transvg_coordinates_fixed_20250519_140429_epoch123.pth
2025-05-19 19:27:59,777 - transvg_coordinates_fixed_20250519_140429 - INFO - Epoch 124/200
2025-05-19 19:28:00,895 - transvg_coordinates_fixed_20250519_140429 - INFO - Epoch 124, Batch 0/848, Loss: 3.4905
2025-05-19 19:28:00,895 - transvg_coordinates_fixed_20250519_140429 - INFO - Train metrics: l1_loss: 0.3549 | giou_loss: 0.8580 | total_loss: 3.4905
2025-05-19 19:28:18,933 - transvg_coordinates_fixed_20250519_140429 - INFO - Epoch 124, Batch 50/848, Loss: 3.8019
2025-05-19 19:28:18,934 - transvg_coordinates_fixed_20250519_140429 - INFO - Train metrics: l1_loss: 0.3876 | giou_loss: 0.9321 | total_loss: 3.8019
2025-05-19 19:28:37,078 - transvg_coordinates_fixed_20250519_140429 - INFO - Epoch 124, Batch 100/848, Loss: 3.2144
2025-05-19 19:28:37,078 - transvg_coordinates_fixed_20250519_140429 - INFO - Train metrics: l1_loss: 0.3188 | giou_loss: 0.8102 | total_loss: 3.2144
2025-05-19 19:28:55,264 - transvg_coordinates_fixed_20250519_140429 - INFO - Epoch 124, Batch 150/848, Loss: 3.3494
2025-05-19 19:28:55,264 - transvg_coordinates_fixed_20250519_140429 - INFO - Train metrics: l1_loss: 0.3248 | giou_loss: 0.8626 | total_loss: 3.3494
2025-05-19 19:29:13,454 - transvg_coordinates_fixed_20250519_140429 - INFO - Epoch 124, Batch 200/848, Loss: 3.0786
2025-05-19 19:29:13,454 - transvg_coordinates_fixed_20250519_140429 - INFO - Train metrics: l1_loss: 0.3123 | giou_loss: 0.7585 | total_loss: 3.0786
2025-05-19 19:29:31,720 - transvg_coordinates_fixed_20250519_140429 - INFO - Epoch 124, Batch 250/848, Loss: 3.7069
2025-05-19 19:29:31,720 - transvg_coordinates_fixed_20250519_140429 - INFO - Train metrics: l1_loss: 0.3769 | giou_loss: 0.9111 | total_loss: 3.7069
2025-05-19 19:29:50,029 - transvg_coordinates_fixed_20250519_140429 - INFO - Epoch 124, Batch 300/848, Loss: 3.3809
2025-05-19 19:29:50,029 - transvg_coordinates_fixed_20250519_140429 - INFO - Train metrics: l1_loss: 0.3412 | giou_loss: 0.8375 | total_loss: 3.3809
2025-05-19 19:30:08,377 - transvg_coordinates_fixed_20250519_140429 - INFO - Epoch 124, Batch 350/848, Loss: 3.4886
2025-05-19 19:30:08,378 - transvg_coordinates_fixed_20250519_140429 - INFO - Train metrics: l1_loss: 0.3613 | giou_loss: 0.8409 | total_loss: 3.4886
2025-05-19 19:30:26,694 - transvg_coordinates_fixed_20250519_140429 - INFO - Epoch 124, Batch 400/848, Loss: 3.9211
2025-05-19 19:30:26,694 - transvg_coordinates_fixed_20250519_140429 - INFO - Train metrics: l1_loss: 0.4311 | giou_loss: 0.8828 | total_loss: 3.9211
2025-05-19 19:30:45,073 - transvg_coordinates_fixed_20250519_140429 - INFO - Epoch 124, Batch 450/848, Loss: 3.4578
2025-05-19 19:30:45,074 - transvg_coordinates_fixed_20250519_140429 - INFO - Train metrics: l1_loss: 0.3426 | giou_loss: 0.8724 | total_loss: 3.4578
2025-05-19 19:31:03,404 - transvg_coordinates_fixed_20250519_140429 - INFO - Epoch 124, Batch 500/848, Loss: 3.5420
2025-05-19 19:31:03,404 - transvg_coordinates_fixed_20250519_140429 - INFO - Train metrics: l1_loss: 0.3734 | giou_loss: 0.8375 | total_loss: 3.5420
2025-05-19 19:31:21,790 - transvg_coordinates_fixed_20250519_140429 - INFO - Epoch 124, Batch 550/848, Loss: 3.9324
2025-05-19 19:31:21,790 - transvg_coordinates_fixed_20250519_140429 - INFO - Train metrics: l1_loss: 0.4213 | giou_loss: 0.9130 | total_loss: 3.9324
2025-05-19 19:31:40,169 - transvg_coordinates_fixed_20250519_140429 - INFO - Epoch 124, Batch 600/848, Loss: 3.2925
2025-05-19 19:31:40,169 - transvg_coordinates_fixed_20250519_140429 - INFO - Train metrics: l1_loss: 0.3291 | giou_loss: 0.8234 | total_loss: 3.2925
2025-05-19 19:31:58,537 - transvg_coordinates_fixed_20250519_140429 - INFO - Epoch 124, Batch 650/848, Loss: 4.1931
2025-05-19 19:31:58,538 - transvg_coordinates_fixed_20250519_140429 - INFO - Train metrics: l1_loss: 0.4251 | giou_loss: 1.0338 | total_loss: 4.1931
2025-05-19 19:32:16,863 - transvg_coordinates_fixed_20250519_140429 - INFO - Epoch 124, Batch 700/848, Loss: 3.1077
2025-05-19 19:32:16,863 - transvg_coordinates_fixed_20250519_140429 - INFO - Train metrics: l1_loss: 0.2951 | giou_loss: 0.8161 | total_loss: 3.1077
2025-05-19 19:32:35,154 - transvg_coordinates_fixed_20250519_140429 - INFO - Epoch 124, Batch 750/848, Loss: 3.6960
2025-05-19 19:32:35,154 - transvg_coordinates_fixed_20250519_140429 - INFO - Train metrics: l1_loss: 0.3756 | giou_loss: 0.9090 | total_loss: 3.6960
2025-05-19 19:32:53,489 - transvg_coordinates_fixed_20250519_140429 - INFO - Epoch 124, Batch 800/848, Loss: 3.0882
2025-05-19 19:32:53,489 - transvg_coordinates_fixed_20250519_140429 - INFO - Train metrics: l1_loss: 0.3173 | giou_loss: 0.7509 | total_loss: 3.0882
2025-05-19 19:33:10,664 - transvg_coordinates_fixed_20250519_140429 - INFO - Train Epoch 124, Loss: 3.5080
2025-05-19 19:33:27,074 - transvg_coordinates_fixed_20250519_140429 - INFO - Pred box sample: [75.21112060546875, 103.72956848144531, 279.041748046875, 265.81256103515625]
2025-05-19 19:33:27,074 - transvg_coordinates_fixed_20250519_140429 - INFO - Target box sample: [207.0, 198.0, 287.0, 283.0]
2025-05-19 19:33:27,157 - transvg_coordinates_fixed_20250519_140429 - INFO - Validation Epoch 124, Loss: 4.7254
2025-05-19 19:33:27,157 - transvg_coordinates_fixed_20250519_140429 - INFO - Val metrics: Acc@0.25: 0.3004 | Acc@0.5: 0.1094 | Acc@0.75: 0.0146 | mIoU: 0.1763 | medianIoU: 0.0757 | mae_x1: 105.5015 | mae_y1: 103.6792 | mae_x2: 109.7820 | mae_y2: 104.1203 | center_x_error: 92.3460 | center_y_error: 87.4886 | width_error: 2.3059 | height_error: 2.2081 | loss: 4.7254
2025-05-19 19:33:27,754 - transvg_coordinates_fixed_20250519_140429 - INFO - Saved model checkpoint to /home/pokle/Trans-VG/visual_grounding/checkpoints/transvg_coordinates_fixed_20250519_140429_epoch124.pth
2025-05-19 19:33:27,754 - transvg_coordinates_fixed_20250519_140429 - INFO - Epoch 125/200
2025-05-19 19:33:28,876 - transvg_coordinates_fixed_20250519_140429 - INFO - Epoch 125, Batch 0/848, Loss: 3.5334
2025-05-19 19:33:28,876 - transvg_coordinates_fixed_20250519_140429 - INFO - Train metrics: l1_loss: 0.3412 | giou_loss: 0.9138 | total_loss: 3.5334
2025-05-19 19:33:46,943 - transvg_coordinates_fixed_20250519_140429 - INFO - Epoch 125, Batch 50/848, Loss: 3.5672
2025-05-19 19:33:46,944 - transvg_coordinates_fixed_20250519_140429 - INFO - Train metrics: l1_loss: 0.3605 | giou_loss: 0.8824 | total_loss: 3.5672
2025-05-19 19:34:05,295 - transvg_coordinates_fixed_20250519_140429 - INFO - Epoch 125, Batch 100/848, Loss: 3.0177
2025-05-19 19:34:05,295 - transvg_coordinates_fixed_20250519_140429 - INFO - Train metrics: l1_loss: 0.2908 | giou_loss: 0.7818 | total_loss: 3.0177
2025-05-19 19:34:23,518 - transvg_coordinates_fixed_20250519_140429 - INFO - Epoch 125, Batch 150/848, Loss: 3.2544
2025-05-19 19:34:23,518 - transvg_coordinates_fixed_20250519_140429 - INFO - Train metrics: l1_loss: 0.3055 | giou_loss: 0.8634 | total_loss: 3.2544
2025-05-19 19:34:41,805 - transvg_coordinates_fixed_20250519_140429 - INFO - Epoch 125, Batch 200/848, Loss: 3.4541
2025-05-19 19:34:41,805 - transvg_coordinates_fixed_20250519_140429 - INFO - Train metrics: l1_loss: 0.3565 | giou_loss: 0.8358 | total_loss: 3.4541
2025-05-19 19:35:00,069 - transvg_coordinates_fixed_20250519_140429 - INFO - Epoch 125, Batch 250/848, Loss: 4.0841
2025-05-19 19:35:00,069 - transvg_coordinates_fixed_20250519_140429 - INFO - Train metrics: l1_loss: 0.4526 | giou_loss: 0.9105 | total_loss: 4.0841
2025-05-19 19:35:18,376 - transvg_coordinates_fixed_20250519_140429 - INFO - Epoch 125, Batch 300/848, Loss: 3.8388
2025-05-19 19:35:18,376 - transvg_coordinates_fixed_20250519_140429 - INFO - Train metrics: l1_loss: 0.4089 | giou_loss: 0.8971 | total_loss: 3.8388
2025-05-19 19:35:36,697 - transvg_coordinates_fixed_20250519_140429 - INFO - Epoch 125, Batch 350/848, Loss: 3.8518
2025-05-19 19:35:36,697 - transvg_coordinates_fixed_20250519_140429 - INFO - Train metrics: l1_loss: 0.3895 | giou_loss: 0.9521 | total_loss: 3.8518
2025-05-19 19:35:54,935 - transvg_coordinates_fixed_20250519_140429 - INFO - Epoch 125, Batch 400/848, Loss: 3.2428
2025-05-19 19:35:54,935 - transvg_coordinates_fixed_20250519_140429 - INFO - Train metrics: l1_loss: 0.3236 | giou_loss: 0.8124 | total_loss: 3.2428
2025-05-19 19:36:13,236 - transvg_coordinates_fixed_20250519_140429 - INFO - Epoch 125, Batch 450/848, Loss: 2.7925
2025-05-19 19:36:13,236 - transvg_coordinates_fixed_20250519_140429 - INFO - Train metrics: l1_loss: 0.2932 | giou_loss: 0.6632 | total_loss: 2.7925
2025-05-19 19:36:31,557 - transvg_coordinates_fixed_20250519_140429 - INFO - Epoch 125, Batch 500/848, Loss: 3.4602
2025-05-19 19:36:31,557 - transvg_coordinates_fixed_20250519_140429 - INFO - Train metrics: l1_loss: 0.3675 | giou_loss: 0.8115 | total_loss: 3.4602
2025-05-19 19:36:50,041 - transvg_coordinates_fixed_20250519_140429 - INFO - Epoch 125, Batch 550/848, Loss: 3.3637
2025-05-19 19:36:50,042 - transvg_coordinates_fixed_20250519_140429 - INFO - Train metrics: l1_loss: 0.3285 | giou_loss: 0.8607 | total_loss: 3.3637
2025-05-19 19:37:08,406 - transvg_coordinates_fixed_20250519_140429 - INFO - Epoch 125, Batch 600/848, Loss: 3.5159
2025-05-19 19:37:08,406 - transvg_coordinates_fixed_20250519_140429 - INFO - Train metrics: l1_loss: 0.3512 | giou_loss: 0.8799 | total_loss: 3.5159
2025-05-19 19:37:26,705 - transvg_coordinates_fixed_20250519_140429 - INFO - Epoch 125, Batch 650/848, Loss: 3.7592
2025-05-19 19:37:26,706 - transvg_coordinates_fixed_20250519_140429 - INFO - Train metrics: l1_loss: 0.3926 | giou_loss: 0.8981 | total_loss: 3.7592
2025-05-19 19:37:45,002 - transvg_coordinates_fixed_20250519_140429 - INFO - Epoch 125, Batch 700/848, Loss: 3.3627
2025-05-19 19:37:45,003 - transvg_coordinates_fixed_20250519_140429 - INFO - Train metrics: l1_loss: 0.3424 | giou_loss: 0.8253 | total_loss: 3.3627
2025-05-19 19:38:03,332 - transvg_coordinates_fixed_20250519_140429 - INFO - Epoch 125, Batch 750/848, Loss: 3.3468
2025-05-19 19:38:03,332 - transvg_coordinates_fixed_20250519_140429 - INFO - Train metrics: l1_loss: 0.3283 | giou_loss: 0.8526 | total_loss: 3.3468
2025-05-19 19:38:21,562 - transvg_coordinates_fixed_20250519_140429 - INFO - Epoch 125, Batch 800/848, Loss: 3.3818
2025-05-19 19:38:21,562 - transvg_coordinates_fixed_20250519_140429 - INFO - Train metrics: l1_loss: 0.3359 | giou_loss: 0.8511 | total_loss: 3.3818
2025-05-19 19:38:38,695 - transvg_coordinates_fixed_20250519_140429 - INFO - Train Epoch 125, Loss: 3.5056
2025-05-19 19:38:55,107 - transvg_coordinates_fixed_20250519_140429 - INFO - Pred box sample: [82.8708267211914, 88.11548614501953, 268.7677917480469, 247.01475524902344]
2025-05-19 19:38:55,107 - transvg_coordinates_fixed_20250519_140429 - INFO - Target box sample: [207.0, 198.0, 287.0, 283.0]
2025-05-19 19:38:55,180 - transvg_coordinates_fixed_20250519_140429 - INFO - Validation Epoch 125, Loss: 4.7677
2025-05-19 19:38:55,180 - transvg_coordinates_fixed_20250519_140429 - INFO - Val metrics: Acc@0.25: 0.2914 | Acc@0.5: 0.1097 | Acc@0.75: 0.0114 | mIoU: 0.1709 | medianIoU: 0.0678 | mae_x1: 105.3501 | mae_y1: 104.1818 | mae_x2: 107.2706 | mae_y2: 101.5636 | center_x_error: 92.6430 | center_y_error: 88.9985 | width_error: 2.0308 | height_error: 1.8735 | loss: 4.7677
2025-05-19 19:38:55,778 - transvg_coordinates_fixed_20250519_140429 - INFO - Saved model checkpoint to /home/pokle/Trans-VG/visual_grounding/checkpoints/transvg_coordinates_fixed_20250519_140429_epoch125.pth
2025-05-19 19:38:55,779 - transvg_coordinates_fixed_20250519_140429 - INFO - Epoch 126/200
2025-05-19 19:38:56,819 - transvg_coordinates_fixed_20250519_140429 - INFO - Epoch 126, Batch 0/848, Loss: 2.7516
2025-05-19 19:38:56,819 - transvg_coordinates_fixed_20250519_140429 - INFO - Train metrics: l1_loss: 0.2689 | giou_loss: 0.7034 | total_loss: 2.7516
2025-05-19 19:39:14,885 - transvg_coordinates_fixed_20250519_140429 - INFO - Epoch 126, Batch 50/848, Loss: 3.8653
2025-05-19 19:39:14,885 - transvg_coordinates_fixed_20250519_140429 - INFO - Train metrics: l1_loss: 0.4047 | giou_loss: 0.9209 | total_loss: 3.8653
2025-05-19 19:39:33,057 - transvg_coordinates_fixed_20250519_140429 - INFO - Epoch 126, Batch 100/848, Loss: 3.7521
2025-05-19 19:39:33,057 - transvg_coordinates_fixed_20250519_140429 - INFO - Train metrics: l1_loss: 0.3917 | giou_loss: 0.8969 | total_loss: 3.7521
2025-05-19 19:39:51,333 - transvg_coordinates_fixed_20250519_140429 - INFO - Epoch 126, Batch 150/848, Loss: 3.4736
2025-05-19 19:39:51,333 - transvg_coordinates_fixed_20250519_140429 - INFO - Train metrics: l1_loss: 0.3729 | giou_loss: 0.8046 | total_loss: 3.4736
2025-05-19 19:40:09,677 - transvg_coordinates_fixed_20250519_140429 - INFO - Epoch 126, Batch 200/848, Loss: 3.5271
2025-05-19 19:40:09,677 - transvg_coordinates_fixed_20250519_140429 - INFO - Train metrics: l1_loss: 0.3783 | giou_loss: 0.8177 | total_loss: 3.5271
2025-05-19 19:40:27,912 - transvg_coordinates_fixed_20250519_140429 - INFO - Epoch 126, Batch 250/848, Loss: 3.0209
2025-05-19 19:40:27,912 - transvg_coordinates_fixed_20250519_140429 - INFO - Train metrics: l1_loss: 0.2927 | giou_loss: 0.7786 | total_loss: 3.0209
2025-05-19 19:40:46,168 - transvg_coordinates_fixed_20250519_140429 - INFO - Epoch 126, Batch 300/848, Loss: 3.6799
2025-05-19 19:40:46,168 - transvg_coordinates_fixed_20250519_140429 - INFO - Train metrics: l1_loss: 0.3677 | giou_loss: 0.9206 | total_loss: 3.6799
2025-05-19 19:41:04,396 - transvg_coordinates_fixed_20250519_140429 - INFO - Epoch 126, Batch 350/848, Loss: 3.2731
2025-05-19 19:41:04,396 - transvg_coordinates_fixed_20250519_140429 - INFO - Train metrics: l1_loss: 0.3274 | giou_loss: 0.8180 | total_loss: 3.2731
2025-05-19 19:41:22,631 - transvg_coordinates_fixed_20250519_140429 - INFO - Epoch 126, Batch 400/848, Loss: 3.5237
2025-05-19 19:41:22,631 - transvg_coordinates_fixed_20250519_140429 - INFO - Train metrics: l1_loss: 0.3872 | giou_loss: 0.7939 | total_loss: 3.5237
2025-05-19 19:41:40,818 - transvg_coordinates_fixed_20250519_140429 - INFO - Epoch 126, Batch 450/848, Loss: 3.2741
2025-05-19 19:41:40,819 - transvg_coordinates_fixed_20250519_140429 - INFO - Train metrics: l1_loss: 0.3254 | giou_loss: 0.8236 | total_loss: 3.2741
2025-05-19 19:41:59,432 - transvg_coordinates_fixed_20250519_140429 - INFO - Epoch 126, Batch 500/848, Loss: 3.4305
2025-05-19 19:41:59,432 - transvg_coordinates_fixed_20250519_140429 - INFO - Train metrics: l1_loss: 0.3543 | giou_loss: 0.8296 | total_loss: 3.4305
2025-05-19 19:42:17,615 - transvg_coordinates_fixed_20250519_140429 - INFO - Epoch 126, Batch 550/848, Loss: 3.9809
2025-05-19 19:42:17,616 - transvg_coordinates_fixed_20250519_140429 - INFO - Train metrics: l1_loss: 0.4011 | giou_loss: 0.9877 | total_loss: 3.9809
2025-05-19 19:42:35,867 - transvg_coordinates_fixed_20250519_140429 - INFO - Epoch 126, Batch 600/848, Loss: 3.5232
2025-05-19 19:42:35,867 - transvg_coordinates_fixed_20250519_140429 - INFO - Train metrics: l1_loss: 0.3806 | giou_loss: 0.8101 | total_loss: 3.5232
2025-05-19 19:42:54,004 - transvg_coordinates_fixed_20250519_140429 - INFO - Epoch 126, Batch 650/848, Loss: 3.3575
2025-05-19 19:42:54,004 - transvg_coordinates_fixed_20250519_140429 - INFO - Train metrics: l1_loss: 0.3296 | giou_loss: 0.8547 | total_loss: 3.3575
2025-05-19 19:43:12,224 - transvg_coordinates_fixed_20250519_140429 - INFO - Epoch 126, Batch 700/848, Loss: 3.3421
2025-05-19 19:43:12,224 - transvg_coordinates_fixed_20250519_140429 - INFO - Train metrics: l1_loss: 0.3309 | giou_loss: 0.8438 | total_loss: 3.3421
2025-05-19 19:43:30,374 - transvg_coordinates_fixed_20250519_140429 - INFO - Epoch 126, Batch 750/848, Loss: 3.0904
2025-05-19 19:43:30,374 - transvg_coordinates_fixed_20250519_140429 - INFO - Train metrics: l1_loss: 0.3047 | giou_loss: 0.7836 | total_loss: 3.0904
2025-05-19 19:43:48,537 - transvg_coordinates_fixed_20250519_140429 - INFO - Epoch 126, Batch 800/848, Loss: 3.7193
2025-05-19 19:43:48,537 - transvg_coordinates_fixed_20250519_140429 - INFO - Train metrics: l1_loss: 0.3943 | giou_loss: 0.8739 | total_loss: 3.7193
2025-05-19 19:44:05,657 - transvg_coordinates_fixed_20250519_140429 - INFO - Train Epoch 126, Loss: 3.5064
2025-05-19 19:44:22,069 - transvg_coordinates_fixed_20250519_140429 - INFO - Pred box sample: [106.69686889648438, 106.55938720703125, 232.8041534423828, 243.12667846679688]
2025-05-19 19:44:22,069 - transvg_coordinates_fixed_20250519_140429 - INFO - Target box sample: [207.0, 198.0, 287.0, 283.0]
2025-05-19 19:44:22,142 - transvg_coordinates_fixed_20250519_140429 - INFO - Validation Epoch 126, Loss: 4.7803
2025-05-19 19:44:22,142 - transvg_coordinates_fixed_20250519_140429 - INFO - Val metrics: Acc@0.25: 0.2919 | Acc@0.5: 0.1060 | Acc@0.75: 0.0112 | mIoU: 0.1702 | medianIoU: 0.0659 | mae_x1: 105.3921 | mae_y1: 103.1692 | mae_x2: 107.1409 | mae_y2: 102.0255 | center_x_error: 93.6153 | center_y_error: 88.1062 | width_error: 1.8206 | height_error: 1.9177 | loss: 4.7803
2025-05-19 19:44:22,748 - transvg_coordinates_fixed_20250519_140429 - INFO - Saved model checkpoint to /home/pokle/Trans-VG/visual_grounding/checkpoints/transvg_coordinates_fixed_20250519_140429_epoch126.pth
2025-05-19 19:44:22,749 - transvg_coordinates_fixed_20250519_140429 - INFO - Epoch 127/200
2025-05-19 19:44:23,867 - transvg_coordinates_fixed_20250519_140429 - INFO - Epoch 127, Batch 0/848, Loss: 3.2416
2025-05-19 19:44:23,868 - transvg_coordinates_fixed_20250519_140429 - INFO - Train metrics: l1_loss: 0.3080 | giou_loss: 0.8508 | total_loss: 3.2416
2025-05-19 19:44:41,947 - transvg_coordinates_fixed_20250519_140429 - INFO - Epoch 127, Batch 50/848, Loss: 3.7764
2025-05-19 19:44:41,947 - transvg_coordinates_fixed_20250519_140429 - INFO - Train metrics: l1_loss: 0.3820 | giou_loss: 0.9332 | total_loss: 3.7764
2025-05-19 19:45:00,142 - transvg_coordinates_fixed_20250519_140429 - INFO - Epoch 127, Batch 100/848, Loss: 3.1611
2025-05-19 19:45:00,142 - transvg_coordinates_fixed_20250519_140429 - INFO - Train metrics: l1_loss: 0.3096 | giou_loss: 0.8066 | total_loss: 3.1611
2025-05-19 19:45:18,369 - transvg_coordinates_fixed_20250519_140429 - INFO - Epoch 127, Batch 150/848, Loss: 3.6923
2025-05-19 19:45:18,369 - transvg_coordinates_fixed_20250519_140429 - INFO - Train metrics: l1_loss: 0.3721 | giou_loss: 0.9160 | total_loss: 3.6923
2025-05-19 19:45:36,574 - transvg_coordinates_fixed_20250519_140429 - INFO - Epoch 127, Batch 200/848, Loss: 3.7531
2025-05-19 19:45:36,575 - transvg_coordinates_fixed_20250519_140429 - INFO - Train metrics: l1_loss: 0.3772 | giou_loss: 0.9336 | total_loss: 3.7531
2025-05-19 19:45:54,840 - transvg_coordinates_fixed_20250519_140429 - INFO - Epoch 127, Batch 250/848, Loss: 3.5435
2025-05-19 19:45:54,840 - transvg_coordinates_fixed_20250519_140429 - INFO - Train metrics: l1_loss: 0.3815 | giou_loss: 0.8179 | total_loss: 3.5435
2025-05-19 19:46:13,244 - transvg_coordinates_fixed_20250519_140429 - INFO - Epoch 127, Batch 300/848, Loss: 3.7606
2025-05-19 19:46:13,244 - transvg_coordinates_fixed_20250519_140429 - INFO - Train metrics: l1_loss: 0.3735 | giou_loss: 0.9467 | total_loss: 3.7606
2025-05-19 19:46:31,658 - transvg_coordinates_fixed_20250519_140429 - INFO - Epoch 127, Batch 350/848, Loss: 3.6794
2025-05-19 19:46:31,658 - transvg_coordinates_fixed_20250519_140429 - INFO - Train metrics: l1_loss: 0.3721 | giou_loss: 0.9094 | total_loss: 3.6794
2025-05-19 19:46:50,106 - transvg_coordinates_fixed_20250519_140429 - INFO - Epoch 127, Batch 400/848, Loss: 3.4975
2025-05-19 19:46:50,106 - transvg_coordinates_fixed_20250519_140429 - INFO - Train metrics: l1_loss: 0.3682 | giou_loss: 0.8284 | total_loss: 3.4975
2025-05-19 19:47:08,514 - transvg_coordinates_fixed_20250519_140429 - INFO - Epoch 127, Batch 450/848, Loss: 3.3968
2025-05-19 19:47:08,514 - transvg_coordinates_fixed_20250519_140429 - INFO - Train metrics: l1_loss: 0.3180 | giou_loss: 0.9033 | total_loss: 3.3968
2025-05-19 19:47:26,813 - transvg_coordinates_fixed_20250519_140429 - INFO - Epoch 127, Batch 500/848, Loss: 3.2655
2025-05-19 19:47:26,813 - transvg_coordinates_fixed_20250519_140429 - INFO - Train metrics: l1_loss: 0.2985 | giou_loss: 0.8866 | total_loss: 3.2655
2025-05-19 19:47:45,187 - transvg_coordinates_fixed_20250519_140429 - INFO - Epoch 127, Batch 550/848, Loss: 3.5497
2025-05-19 19:47:45,187 - transvg_coordinates_fixed_20250519_140429 - INFO - Train metrics: l1_loss: 0.3656 | giou_loss: 0.8608 | total_loss: 3.5497
2025-05-19 19:48:03,459 - transvg_coordinates_fixed_20250519_140429 - INFO - Epoch 127, Batch 600/848, Loss: 3.1552
2025-05-19 19:48:03,459 - transvg_coordinates_fixed_20250519_140429 - INFO - Train metrics: l1_loss: 0.3274 | giou_loss: 0.7590 | total_loss: 3.1552
2025-05-19 19:48:21,706 - transvg_coordinates_fixed_20250519_140429 - INFO - Epoch 127, Batch 650/848, Loss: 3.2395
2025-05-19 19:48:21,706 - transvg_coordinates_fixed_20250519_140429 - INFO - Train metrics: l1_loss: 0.3281 | giou_loss: 0.7996 | total_loss: 3.2395
2025-05-19 19:48:40,131 - transvg_coordinates_fixed_20250519_140429 - INFO - Epoch 127, Batch 700/848, Loss: 3.5099
2025-05-19 19:48:40,131 - transvg_coordinates_fixed_20250519_140429 - INFO - Train metrics: l1_loss: 0.3412 | giou_loss: 0.9021 | total_loss: 3.5099
2025-05-19 19:48:58,427 - transvg_coordinates_fixed_20250519_140429 - INFO - Epoch 127, Batch 750/848, Loss: 3.1441
2025-05-19 19:48:58,427 - transvg_coordinates_fixed_20250519_140429 - INFO - Train metrics: l1_loss: 0.3138 | giou_loss: 0.7875 | total_loss: 3.1441
2025-05-19 19:49:16,704 - transvg_coordinates_fixed_20250519_140429 - INFO - Epoch 127, Batch 800/848, Loss: 3.8079
2025-05-19 19:49:16,704 - transvg_coordinates_fixed_20250519_140429 - INFO - Train metrics: l1_loss: 0.3947 | giou_loss: 0.9173 | total_loss: 3.8079
2025-05-19 19:49:33,859 - transvg_coordinates_fixed_20250519_140429 - INFO - Train Epoch 127, Loss: 3.4983
2025-05-19 19:49:50,320 - transvg_coordinates_fixed_20250519_140429 - INFO - Pred box sample: [81.45637512207031, 101.98338317871094, 252.54437255859375, 218.50027465820312]
2025-05-19 19:49:50,321 - transvg_coordinates_fixed_20250519_140429 - INFO - Target box sample: [207.0, 198.0, 287.0, 283.0]
2025-05-19 19:49:50,401 - transvg_coordinates_fixed_20250519_140429 - INFO - Validation Epoch 127, Loss: 4.7484
2025-05-19 19:49:50,401 - transvg_coordinates_fixed_20250519_140429 - INFO - Val metrics: Acc@0.25: 0.2940 | Acc@0.5: 0.1086 | Acc@0.75: 0.0157 | mIoU: 0.1720 | medianIoU: 0.0663 | mae_x1: 105.8058 | mae_y1: 102.8058 | mae_x2: 106.7330 | mae_y2: 103.3495 | center_x_error: 91.5646 | center_y_error: 88.2126 | width_error: 2.1730 | height_error: 1.9307 | loss: 4.7484
2025-05-19 19:49:51,124 - transvg_coordinates_fixed_20250519_140429 - INFO - Saved model checkpoint to /home/pokle/Trans-VG/visual_grounding/checkpoints/transvg_coordinates_fixed_20250519_140429_epoch127.pth
2025-05-19 19:49:51,125 - transvg_coordinates_fixed_20250519_140429 - INFO - Epoch 128/200
2025-05-19 19:49:52,185 - transvg_coordinates_fixed_20250519_140429 - INFO - Epoch 128, Batch 0/848, Loss: 3.1226
2025-05-19 19:49:52,186 - transvg_coordinates_fixed_20250519_140429 - INFO - Train metrics: l1_loss: 0.3196 | giou_loss: 0.7623 | total_loss: 3.1226
2025-05-19 19:50:10,203 - transvg_coordinates_fixed_20250519_140429 - INFO - Epoch 128, Batch 50/848, Loss: 3.2038
2025-05-19 19:50:10,203 - transvg_coordinates_fixed_20250519_140429 - INFO - Train metrics: l1_loss: 0.2980 | giou_loss: 0.8569 | total_loss: 3.2038
2025-05-19 19:50:28,339 - transvg_coordinates_fixed_20250519_140429 - INFO - Epoch 128, Batch 100/848, Loss: 2.9201
2025-05-19 19:50:28,339 - transvg_coordinates_fixed_20250519_140429 - INFO - Train metrics: l1_loss: 0.2780 | giou_loss: 0.7651 | total_loss: 2.9201
2025-05-19 19:50:46,541 - transvg_coordinates_fixed_20250519_140429 - INFO - Epoch 128, Batch 150/848, Loss: 3.5480
2025-05-19 19:50:46,541 - transvg_coordinates_fixed_20250519_140429 - INFO - Train metrics: l1_loss: 0.3439 | giou_loss: 0.9142 | total_loss: 3.5480
2025-05-19 19:51:04,748 - transvg_coordinates_fixed_20250519_140429 - INFO - Epoch 128, Batch 200/848, Loss: 3.5361
2025-05-19 19:51:04,748 - transvg_coordinates_fixed_20250519_140429 - INFO - Train metrics: l1_loss: 0.3576 | giou_loss: 0.8741 | total_loss: 3.5361
2025-05-19 19:51:23,157 - transvg_coordinates_fixed_20250519_140429 - INFO - Epoch 128, Batch 250/848, Loss: 4.1491
2025-05-19 19:51:23,158 - transvg_coordinates_fixed_20250519_140429 - INFO - Train metrics: l1_loss: 0.4429 | giou_loss: 0.9672 | total_loss: 4.1491
2025-05-19 19:51:41,404 - transvg_coordinates_fixed_20250519_140429 - INFO - Epoch 128, Batch 300/848, Loss: 3.4371
2025-05-19 19:51:41,404 - transvg_coordinates_fixed_20250519_140429 - INFO - Train metrics: l1_loss: 0.3468 | giou_loss: 0.8517 | total_loss: 3.4371
2025-05-19 19:51:59,680 - transvg_coordinates_fixed_20250519_140429 - INFO - Epoch 128, Batch 350/848, Loss: 3.5507
2025-05-19 19:51:59,680 - transvg_coordinates_fixed_20250519_140429 - INFO - Train metrics: l1_loss: 0.3730 | giou_loss: 0.8429 | total_loss: 3.5507
2025-05-19 19:52:17,900 - transvg_coordinates_fixed_20250519_140429 - INFO - Epoch 128, Batch 400/848, Loss: 3.5745
2025-05-19 19:52:17,900 - transvg_coordinates_fixed_20250519_140429 - INFO - Train metrics: l1_loss: 0.3716 | giou_loss: 0.8582 | total_loss: 3.5745
2025-05-19 19:52:36,346 - transvg_coordinates_fixed_20250519_140429 - INFO - Epoch 128, Batch 450/848, Loss: 3.0792
2025-05-19 19:52:36,346 - transvg_coordinates_fixed_20250519_140429 - INFO - Train metrics: l1_loss: 0.2989 | giou_loss: 0.7922 | total_loss: 3.0792
2025-05-19 19:52:54,601 - transvg_coordinates_fixed_20250519_140429 - INFO - Epoch 128, Batch 500/848, Loss: 3.3746
2025-05-19 19:52:54,602 - transvg_coordinates_fixed_20250519_140429 - INFO - Train metrics: l1_loss: 0.3456 | giou_loss: 0.8233 | total_loss: 3.3746
2025-05-19 19:53:12,833 - transvg_coordinates_fixed_20250519_140429 - INFO - Epoch 128, Batch 550/848, Loss: 3.5563
2025-05-19 19:53:12,833 - transvg_coordinates_fixed_20250519_140429 - INFO - Train metrics: l1_loss: 0.3854 | giou_loss: 0.8146 | total_loss: 3.5563
2025-05-19 19:53:31,088 - transvg_coordinates_fixed_20250519_140429 - INFO - Epoch 128, Batch 600/848, Loss: 3.3288
2025-05-19 19:53:31,088 - transvg_coordinates_fixed_20250519_140429 - INFO - Train metrics: l1_loss: 0.3378 | giou_loss: 0.8199 | total_loss: 3.3288
2025-05-19 19:53:49,403 - transvg_coordinates_fixed_20250519_140429 - INFO - Epoch 128, Batch 650/848, Loss: 3.4534
2025-05-19 19:53:49,404 - transvg_coordinates_fixed_20250519_140429 - INFO - Train metrics: l1_loss: 0.3352 | giou_loss: 0.8888 | total_loss: 3.4534
2025-05-19 19:54:07,705 - transvg_coordinates_fixed_20250519_140429 - INFO - Epoch 128, Batch 700/848, Loss: 3.5135
2025-05-19 19:54:07,705 - transvg_coordinates_fixed_20250519_140429 - INFO - Train metrics: l1_loss: 0.3607 | giou_loss: 0.8551 | total_loss: 3.5135
2025-05-19 19:54:25,920 - transvg_coordinates_fixed_20250519_140429 - INFO - Epoch 128, Batch 750/848, Loss: 3.3453
2025-05-19 19:54:25,920 - transvg_coordinates_fixed_20250519_140429 - INFO - Train metrics: l1_loss: 0.3324 | giou_loss: 0.8417 | total_loss: 3.3453
2025-05-19 19:54:44,336 - transvg_coordinates_fixed_20250519_140429 - INFO - Epoch 128, Batch 800/848, Loss: 3.4512
2025-05-19 19:54:44,336 - transvg_coordinates_fixed_20250519_140429 - INFO - Train metrics: l1_loss: 0.3328 | giou_loss: 0.8937 | total_loss: 3.4512
2025-05-19 19:55:01,421 - transvg_coordinates_fixed_20250519_140429 - INFO - Train Epoch 128, Loss: 3.4969
2025-05-19 19:55:17,902 - transvg_coordinates_fixed_20250519_140429 - INFO - Pred box sample: [108.89344024658203, 94.94468688964844, 281.05352783203125, 270.9030456542969]
2025-05-19 19:55:17,902 - transvg_coordinates_fixed_20250519_140429 - INFO - Target box sample: [207.0, 198.0, 287.0, 283.0]
2025-05-19 19:55:17,982 - transvg_coordinates_fixed_20250519_140429 - INFO - Validation Epoch 128, Loss: 4.7185
2025-05-19 19:55:17,983 - transvg_coordinates_fixed_20250519_140429 - INFO - Val metrics: Acc@0.25: 0.2999 | Acc@0.5: 0.1116 | Acc@0.75: 0.0133 | mIoU: 0.1760 | medianIoU: 0.0714 | mae_x1: 106.5069 | mae_y1: 101.4906 | mae_x2: 107.4405 | mae_y2: 103.1491 | center_x_error: 91.8531 | center_y_error: 86.1895 | width_error: 2.2278 | height_error: 2.1044 | loss: 4.7185
2025-05-19 19:55:18,584 - transvg_coordinates_fixed_20250519_140429 - INFO - Saved model checkpoint to /home/pokle/Trans-VG/visual_grounding/checkpoints/transvg_coordinates_fixed_20250519_140429_epoch128.pth
2025-05-19 19:55:18,584 - transvg_coordinates_fixed_20250519_140429 - INFO - Epoch 129/200
2025-05-19 19:55:19,675 - transvg_coordinates_fixed_20250519_140429 - INFO - Epoch 129, Batch 0/848, Loss: 4.1005
2025-05-19 19:55:19,676 - transvg_coordinates_fixed_20250519_140429 - INFO - Train metrics: l1_loss: 0.4446 | giou_loss: 0.9387 | total_loss: 4.1005
2025-05-19 19:55:37,685 - transvg_coordinates_fixed_20250519_140429 - INFO - Epoch 129, Batch 50/848, Loss: 3.8681
2025-05-19 19:55:37,685 - transvg_coordinates_fixed_20250519_140429 - INFO - Train metrics: l1_loss: 0.4102 | giou_loss: 0.9085 | total_loss: 3.8681
2025-05-19 19:55:55,850 - transvg_coordinates_fixed_20250519_140429 - INFO - Epoch 129, Batch 100/848, Loss: 3.3560
2025-05-19 19:55:55,851 - transvg_coordinates_fixed_20250519_140429 - INFO - Train metrics: l1_loss: 0.3401 | giou_loss: 0.8277 | total_loss: 3.3560
2025-05-19 19:56:14,136 - transvg_coordinates_fixed_20250519_140429 - INFO - Epoch 129, Batch 150/848, Loss: 3.2777
2025-05-19 19:56:14,136 - transvg_coordinates_fixed_20250519_140429 - INFO - Train metrics: l1_loss: 0.3342 | giou_loss: 0.8034 | total_loss: 3.2777
2025-05-19 19:56:32,373 - transvg_coordinates_fixed_20250519_140429 - INFO - Epoch 129, Batch 200/848, Loss: 3.4146
2025-05-19 19:56:32,373 - transvg_coordinates_fixed_20250519_140429 - INFO - Train metrics: l1_loss: 0.3567 | giou_loss: 0.8154 | total_loss: 3.4146
2025-05-19 19:56:50,654 - transvg_coordinates_fixed_20250519_140429 - INFO - Epoch 129, Batch 250/848, Loss: 3.5447
2025-05-19 19:56:50,655 - transvg_coordinates_fixed_20250519_140429 - INFO - Train metrics: l1_loss: 0.3766 | giou_loss: 0.8308 | total_loss: 3.5447
2025-05-19 19:57:08,879 - transvg_coordinates_fixed_20250519_140429 - INFO - Epoch 129, Batch 300/848, Loss: 3.3687
2025-05-19 19:57:08,880 - transvg_coordinates_fixed_20250519_140429 - INFO - Train metrics: l1_loss: 0.3267 | giou_loss: 0.8677 | total_loss: 3.3687
2025-05-19 19:57:27,076 - transvg_coordinates_fixed_20250519_140429 - INFO - Epoch 129, Batch 350/848, Loss: 3.9612
2025-05-19 19:57:27,076 - transvg_coordinates_fixed_20250519_140429 - INFO - Train metrics: l1_loss: 0.4200 | giou_loss: 0.9307 | total_loss: 3.9612
2025-05-19 19:57:45,418 - transvg_coordinates_fixed_20250519_140429 - INFO - Epoch 129, Batch 400/848, Loss: 4.3856
2025-05-19 19:57:45,418 - transvg_coordinates_fixed_20250519_140429 - INFO - Train metrics: l1_loss: 0.4772 | giou_loss: 0.9998 | total_loss: 4.3856
2025-05-19 19:58:03,707 - transvg_coordinates_fixed_20250519_140429 - INFO - Epoch 129, Batch 450/848, Loss: 3.5788
2025-05-19 19:58:03,707 - transvg_coordinates_fixed_20250519_140429 - INFO - Train metrics: l1_loss: 0.3315 | giou_loss: 0.9606 | total_loss: 3.5788
2025-05-19 19:58:22,018 - transvg_coordinates_fixed_20250519_140429 - INFO - Epoch 129, Batch 500/848, Loss: 3.5449
2025-05-19 19:58:22,018 - transvg_coordinates_fixed_20250519_140429 - INFO - Train metrics: l1_loss: 0.3803 | giou_loss: 0.8216 | total_loss: 3.5449
2025-05-19 19:58:40,311 - transvg_coordinates_fixed_20250519_140429 - INFO - Epoch 129, Batch 550/848, Loss: 3.3469
2025-05-19 19:58:40,311 - transvg_coordinates_fixed_20250519_140429 - INFO - Train metrics: l1_loss: 0.3395 | giou_loss: 0.8248 | total_loss: 3.3469
2025-05-19 19:58:58,576 - transvg_coordinates_fixed_20250519_140429 - INFO - Epoch 129, Batch 600/848, Loss: 3.2936
2025-05-19 19:58:58,576 - transvg_coordinates_fixed_20250519_140429 - INFO - Train metrics: l1_loss: 0.3301 | giou_loss: 0.8215 | total_loss: 3.2936
2025-05-19 19:59:16,760 - transvg_coordinates_fixed_20250519_140429 - INFO - Epoch 129, Batch 650/848, Loss: 3.4103
2025-05-19 19:59:16,760 - transvg_coordinates_fixed_20250519_140429 - INFO - Train metrics: l1_loss: 0.3450 | giou_loss: 0.8426 | total_loss: 3.4103
2025-05-19 19:59:35,020 - transvg_coordinates_fixed_20250519_140429 - INFO - Epoch 129, Batch 700/848, Loss: 3.6241
2025-05-19 19:59:35,020 - transvg_coordinates_fixed_20250519_140429 - INFO - Train metrics: l1_loss: 0.3480 | giou_loss: 0.9420 | total_loss: 3.6241
2025-05-19 19:59:53,274 - transvg_coordinates_fixed_20250519_140429 - INFO - Epoch 129, Batch 750/848, Loss: 3.7719
2025-05-19 19:59:53,274 - transvg_coordinates_fixed_20250519_140429 - INFO - Train metrics: l1_loss: 0.3856 | giou_loss: 0.9218 | total_loss: 3.7719
2025-05-19 20:00:11,535 - transvg_coordinates_fixed_20250519_140429 - INFO - Epoch 129, Batch 800/848, Loss: 3.9777
2025-05-19 20:00:11,535 - transvg_coordinates_fixed_20250519_140429 - INFO - Train metrics: l1_loss: 0.4330 | giou_loss: 0.9063 | total_loss: 3.9777
2025-05-19 20:00:28,729 - transvg_coordinates_fixed_20250519_140429 - INFO - Train Epoch 129, Loss: 3.4933
2025-05-19 20:00:45,148 - transvg_coordinates_fixed_20250519_140429 - INFO - Pred box sample: [85.96441650390625, 105.2413101196289, 225.48849487304688, 270.5547180175781]
2025-05-19 20:00:45,148 - transvg_coordinates_fixed_20250519_140429 - INFO - Target box sample: [207.0, 198.0, 287.0, 283.0]
2025-05-19 20:00:45,221 - transvg_coordinates_fixed_20250519_140429 - INFO - Validation Epoch 129, Loss: 4.7455
2025-05-19 20:00:45,221 - transvg_coordinates_fixed_20250519_140429 - INFO - Val metrics: Acc@0.25: 0.2999 | Acc@0.5: 0.1131 | Acc@0.75: 0.0127 | mIoU: 0.1741 | medianIoU: 0.0704 | mae_x1: 106.0926 | mae_y1: 103.4591 | mae_x2: 107.6036 | mae_y2: 102.2009 | center_x_error: 93.0381 | center_y_error: 87.3603 | width_error: 2.0424 | height_error: 2.0768 | loss: 4.7455
2025-05-19 20:00:45,851 - transvg_coordinates_fixed_20250519_140429 - INFO - Saved model checkpoint to /home/pokle/Trans-VG/visual_grounding/checkpoints/transvg_coordinates_fixed_20250519_140429_epoch129.pth
2025-05-19 20:00:45,852 - transvg_coordinates_fixed_20250519_140429 - INFO - Epoch 130/200
2025-05-19 20:00:46,954 - transvg_coordinates_fixed_20250519_140429 - INFO - Epoch 130, Batch 0/848, Loss: 3.5701
2025-05-19 20:00:46,954 - transvg_coordinates_fixed_20250519_140429 - INFO - Train metrics: l1_loss: 0.3645 | giou_loss: 0.8737 | total_loss: 3.5701
2025-05-19 20:01:05,127 - transvg_coordinates_fixed_20250519_140429 - INFO - Epoch 130, Batch 50/848, Loss: 3.8780
2025-05-19 20:01:05,127 - transvg_coordinates_fixed_20250519_140429 - INFO - Train metrics: l1_loss: 0.4268 | giou_loss: 0.8721 | total_loss: 3.8780
2025-05-19 20:01:23,401 - transvg_coordinates_fixed_20250519_140429 - INFO - Epoch 130, Batch 100/848, Loss: 3.1443
2025-05-19 20:01:23,402 - transvg_coordinates_fixed_20250519_140429 - INFO - Train metrics: l1_loss: 0.2981 | giou_loss: 0.8270 | total_loss: 3.1443
2025-05-19 20:01:41,752 - transvg_coordinates_fixed_20250519_140429 - INFO - Epoch 130, Batch 150/848, Loss: 3.7217
2025-05-19 20:01:41,752 - transvg_coordinates_fixed_20250519_140429 - INFO - Train metrics: l1_loss: 0.3704 | giou_loss: 0.9350 | total_loss: 3.7217
2025-05-19 20:02:00,092 - transvg_coordinates_fixed_20250519_140429 - INFO - Epoch 130, Batch 200/848, Loss: 3.3955
2025-05-19 20:02:00,092 - transvg_coordinates_fixed_20250519_140429 - INFO - Train metrics: l1_loss: 0.3362 | giou_loss: 0.8572 | total_loss: 3.3955
2025-05-19 20:02:18,446 - transvg_coordinates_fixed_20250519_140429 - INFO - Epoch 130, Batch 250/848, Loss: 2.9681
2025-05-19 20:02:18,446 - transvg_coordinates_fixed_20250519_140429 - INFO - Train metrics: l1_loss: 0.2752 | giou_loss: 0.7961 | total_loss: 2.9681
2025-05-19 20:02:36,773 - transvg_coordinates_fixed_20250519_140429 - INFO - Epoch 130, Batch 300/848, Loss: 3.9131
2025-05-19 20:02:36,773 - transvg_coordinates_fixed_20250519_140429 - INFO - Train metrics: l1_loss: 0.4037 | giou_loss: 0.9473 | total_loss: 3.9131
2025-05-19 20:02:55,063 - transvg_coordinates_fixed_20250519_140429 - INFO - Epoch 130, Batch 350/848, Loss: 3.1345
2025-05-19 20:02:55,063 - transvg_coordinates_fixed_20250519_140429 - INFO - Train metrics: l1_loss: 0.2948 | giou_loss: 0.8303 | total_loss: 3.1345
2025-05-19 20:03:13,319 - transvg_coordinates_fixed_20250519_140429 - INFO - Epoch 130, Batch 400/848, Loss: 3.7478
2025-05-19 20:03:13,320 - transvg_coordinates_fixed_20250519_140429 - INFO - Train metrics: l1_loss: 0.3669 | giou_loss: 0.9566 | total_loss: 3.7478
2025-05-19 20:03:31,570 - transvg_coordinates_fixed_20250519_140429 - INFO - Epoch 130, Batch 450/848, Loss: 3.2215
2025-05-19 20:03:31,570 - transvg_coordinates_fixed_20250519_140429 - INFO - Train metrics: l1_loss: 0.3366 | giou_loss: 0.7691 | total_loss: 3.2215
2025-05-19 20:03:49,903 - transvg_coordinates_fixed_20250519_140429 - INFO - Epoch 130, Batch 500/848, Loss: 3.4764
2025-05-19 20:03:49,903 - transvg_coordinates_fixed_20250519_140429 - INFO - Train metrics: l1_loss: 0.3794 | giou_loss: 0.7896 | total_loss: 3.4764
2025-05-19 20:04:08,180 - transvg_coordinates_fixed_20250519_140429 - INFO - Epoch 130, Batch 550/848, Loss: 3.4163
2025-05-19 20:04:08,181 - transvg_coordinates_fixed_20250519_140429 - INFO - Train metrics: l1_loss: 0.3268 | giou_loss: 0.8911 | total_loss: 3.4163
2025-05-19 20:04:26,342 - transvg_coordinates_fixed_20250519_140429 - INFO - Epoch 130, Batch 600/848, Loss: 3.5759
2025-05-19 20:04:26,342 - transvg_coordinates_fixed_20250519_140429 - INFO - Train metrics: l1_loss: 0.3643 | giou_loss: 0.8772 | total_loss: 3.5759
2025-05-19 20:04:44,537 - transvg_coordinates_fixed_20250519_140429 - INFO - Epoch 130, Batch 650/848, Loss: 3.9979
2025-05-19 20:04:44,537 - transvg_coordinates_fixed_20250519_140429 - INFO - Train metrics: l1_loss: 0.4134 | giou_loss: 0.9655 | total_loss: 3.9979
2025-05-19 20:05:02,709 - transvg_coordinates_fixed_20250519_140429 - INFO - Epoch 130, Batch 700/848, Loss: 3.2229
2025-05-19 20:05:02,709 - transvg_coordinates_fixed_20250519_140429 - INFO - Train metrics: l1_loss: 0.3239 | giou_loss: 0.8017 | total_loss: 3.2229
2025-05-19 20:05:20,855 - transvg_coordinates_fixed_20250519_140429 - INFO - Epoch 130, Batch 750/848, Loss: 3.1827
2025-05-19 20:05:20,855 - transvg_coordinates_fixed_20250519_140429 - INFO - Train metrics: l1_loss: 0.3366 | giou_loss: 0.7498 | total_loss: 3.1827
2025-05-19 20:05:39,111 - transvg_coordinates_fixed_20250519_140429 - INFO - Epoch 130, Batch 800/848, Loss: 3.6827
2025-05-19 20:05:39,112 - transvg_coordinates_fixed_20250519_140429 - INFO - Train metrics: l1_loss: 0.3837 | giou_loss: 0.8822 | total_loss: 3.6827
2025-05-19 20:05:56,094 - transvg_coordinates_fixed_20250519_140429 - INFO - Train Epoch 130, Loss: 3.4947
2025-05-19 20:06:12,484 - transvg_coordinates_fixed_20250519_140429 - INFO - Pred box sample: [87.25334167480469, 109.9859619140625, 234.68453979492188, 259.92291259765625]
2025-05-19 20:06:12,484 - transvg_coordinates_fixed_20250519_140429 - INFO - Target box sample: [207.0, 198.0, 287.0, 283.0]
2025-05-19 20:06:12,563 - transvg_coordinates_fixed_20250519_140429 - INFO - Validation Epoch 130, Loss: 4.7287
2025-05-19 20:06:12,563 - transvg_coordinates_fixed_20250519_140429 - INFO - Val metrics: Acc@0.25: 0.3015 | Acc@0.5: 0.1110 | Acc@0.75: 0.0117 | mIoU: 0.1752 | medianIoU: 0.0726 | mae_x1: 106.2437 | mae_y1: 102.9874 | mae_x2: 107.1490 | mae_y2: 102.7634 | center_x_error: 92.6925 | center_y_error: 86.4311 | width_error: 2.0945 | height_error: 2.1390 | loss: 4.7287
2025-05-19 20:06:13,164 - transvg_coordinates_fixed_20250519_140429 - INFO - Saved model checkpoint to /home/pokle/Trans-VG/visual_grounding/checkpoints/transvg_coordinates_fixed_20250519_140429_epoch130.pth
2025-05-19 20:06:13,164 - transvg_coordinates_fixed_20250519_140429 - INFO - Epoch 131/200
2025-05-19 20:06:14,266 - transvg_coordinates_fixed_20250519_140429 - INFO - Epoch 131, Batch 0/848, Loss: 3.2261
2025-05-19 20:06:14,266 - transvg_coordinates_fixed_20250519_140429 - INFO - Train metrics: l1_loss: 0.3191 | giou_loss: 0.8152 | total_loss: 3.2261
2025-05-19 20:06:32,285 - transvg_coordinates_fixed_20250519_140429 - INFO - Epoch 131, Batch 50/848, Loss: 3.3648
2025-05-19 20:06:32,285 - transvg_coordinates_fixed_20250519_140429 - INFO - Train metrics: l1_loss: 0.3424 | giou_loss: 0.8264 | total_loss: 3.3648
2025-05-19 20:06:50,469 - transvg_coordinates_fixed_20250519_140429 - INFO - Epoch 131, Batch 100/848, Loss: 3.4662
2025-05-19 20:06:50,470 - transvg_coordinates_fixed_20250519_140429 - INFO - Train metrics: l1_loss: 0.3273 | giou_loss: 0.9149 | total_loss: 3.4662
2025-05-19 20:07:08,673 - transvg_coordinates_fixed_20250519_140429 - INFO - Epoch 131, Batch 150/848, Loss: 3.4553
2025-05-19 20:07:08,673 - transvg_coordinates_fixed_20250519_140429 - INFO - Train metrics: l1_loss: 0.3229 | giou_loss: 0.9204 | total_loss: 3.4553
2025-05-19 20:07:26,856 - transvg_coordinates_fixed_20250519_140429 - INFO - Epoch 131, Batch 200/848, Loss: 3.9867
2025-05-19 20:07:26,856 - transvg_coordinates_fixed_20250519_140429 - INFO - Train metrics: l1_loss: 0.4311 | giou_loss: 0.9156 | total_loss: 3.9867
2025-05-19 20:07:44,955 - transvg_coordinates_fixed_20250519_140429 - INFO - Epoch 131, Batch 250/848, Loss: 3.7488
2025-05-19 20:07:44,955 - transvg_coordinates_fixed_20250519_140429 - INFO - Train metrics: l1_loss: 0.4115 | giou_loss: 0.8456 | total_loss: 3.7488
2025-05-19 20:08:03,077 - transvg_coordinates_fixed_20250519_140429 - INFO - Epoch 131, Batch 300/848, Loss: 3.8062
2025-05-19 20:08:03,077 - transvg_coordinates_fixed_20250519_140429 - INFO - Train metrics: l1_loss: 0.3792 | giou_loss: 0.9551 | total_loss: 3.8062
2025-05-19 20:08:21,220 - transvg_coordinates_fixed_20250519_140429 - INFO - Epoch 131, Batch 350/848, Loss: 3.2818
2025-05-19 20:08:21,220 - transvg_coordinates_fixed_20250519_140429 - INFO - Train metrics: l1_loss: 0.3221 | giou_loss: 0.8356 | total_loss: 3.2818
2025-05-19 20:08:39,379 - transvg_coordinates_fixed_20250519_140429 - INFO - Epoch 131, Batch 400/848, Loss: 3.8396
2025-05-19 20:08:39,379 - transvg_coordinates_fixed_20250519_140429 - INFO - Train metrics: l1_loss: 0.4304 | giou_loss: 0.8439 | total_loss: 3.8396
2025-05-19 20:08:57,552 - transvg_coordinates_fixed_20250519_140429 - INFO - Epoch 131, Batch 450/848, Loss: 4.0051
2025-05-19 20:08:57,552 - transvg_coordinates_fixed_20250519_140429 - INFO - Train metrics: l1_loss: 0.4276 | giou_loss: 0.9335 | total_loss: 4.0051
2025-05-19 20:09:15,746 - transvg_coordinates_fixed_20250519_140429 - INFO - Epoch 131, Batch 500/848, Loss: 3.4520
2025-05-19 20:09:15,746 - transvg_coordinates_fixed_20250519_140429 - INFO - Train metrics: l1_loss: 0.3744 | giou_loss: 0.7901 | total_loss: 3.4520
2025-05-19 20:09:33,948 - transvg_coordinates_fixed_20250519_140429 - INFO - Epoch 131, Batch 550/848, Loss: 4.0912
2025-05-19 20:09:33,948 - transvg_coordinates_fixed_20250519_140429 - INFO - Train metrics: l1_loss: 0.4648 | giou_loss: 0.8837 | total_loss: 4.0912
2025-05-19 20:09:52,112 - transvg_coordinates_fixed_20250519_140429 - INFO - Epoch 131, Batch 600/848, Loss: 3.0352
2025-05-19 20:09:52,112 - transvg_coordinates_fixed_20250519_140429 - INFO - Train metrics: l1_loss: 0.2934 | giou_loss: 0.7842 | total_loss: 3.0352
2025-05-19 20:10:10,226 - transvg_coordinates_fixed_20250519_140429 - INFO - Epoch 131, Batch 650/848, Loss: 3.4676
2025-05-19 20:10:10,226 - transvg_coordinates_fixed_20250519_140429 - INFO - Train metrics: l1_loss: 0.3411 | giou_loss: 0.8810 | total_loss: 3.4676
2025-05-19 20:10:28,429 - transvg_coordinates_fixed_20250519_140429 - INFO - Epoch 131, Batch 700/848, Loss: 3.0656
2025-05-19 20:10:28,429 - transvg_coordinates_fixed_20250519_140429 - INFO - Train metrics: l1_loss: 0.2914 | giou_loss: 0.8044 | total_loss: 3.0656
2025-05-19 20:10:46,591 - transvg_coordinates_fixed_20250519_140429 - INFO - Epoch 131, Batch 750/848, Loss: 3.1218
2025-05-19 20:10:46,591 - transvg_coordinates_fixed_20250519_140429 - INFO - Train metrics: l1_loss: 0.3130 | giou_loss: 0.7785 | total_loss: 3.1218
2025-05-19 20:11:04,815 - transvg_coordinates_fixed_20250519_140429 - INFO - Epoch 131, Batch 800/848, Loss: 3.0862
2025-05-19 20:11:04,815 - transvg_coordinates_fixed_20250519_140429 - INFO - Train metrics: l1_loss: 0.3185 | giou_loss: 0.7468 | total_loss: 3.0862
2025-05-19 20:11:21,896 - transvg_coordinates_fixed_20250519_140429 - INFO - Train Epoch 131, Loss: 3.4968
2025-05-19 20:11:38,317 - transvg_coordinates_fixed_20250519_140429 - INFO - Pred box sample: [93.20895385742188, 98.93873596191406, 253.96055603027344, 263.54248046875]
2025-05-19 20:11:38,318 - transvg_coordinates_fixed_20250519_140429 - INFO - Target box sample: [207.0, 198.0, 287.0, 283.0]
2025-05-19 20:11:38,390 - transvg_coordinates_fixed_20250519_140429 - INFO - Validation Epoch 131, Loss: 4.7639
2025-05-19 20:11:38,391 - transvg_coordinates_fixed_20250519_140429 - INFO - Val metrics: Acc@0.25: 0.2996 | Acc@0.5: 0.1113 | Acc@0.75: 0.0135 | mIoU: 0.1731 | medianIoU: 0.0708 | mae_x1: 105.2129 | mae_y1: 106.7769 | mae_x2: 107.5080 | mae_y2: 105.2495 | center_x_error: 92.0907 | center_y_error: 88.8323 | width_error: 2.0932 | height_error: 2.2218 | loss: 4.7639
2025-05-19 20:11:38,989 - transvg_coordinates_fixed_20250519_140429 - INFO - Saved model checkpoint to /home/pokle/Trans-VG/visual_grounding/checkpoints/transvg_coordinates_fixed_20250519_140429_epoch131.pth
2025-05-19 20:11:38,990 - transvg_coordinates_fixed_20250519_140429 - INFO - Epoch 132/200
2025-05-19 20:11:40,050 - transvg_coordinates_fixed_20250519_140429 - INFO - Epoch 132, Batch 0/848, Loss: 3.2798
2025-05-19 20:11:40,051 - transvg_coordinates_fixed_20250519_140429 - INFO - Train metrics: l1_loss: 0.3402 | giou_loss: 0.7893 | total_loss: 3.2798
2025-05-19 20:11:58,178 - transvg_coordinates_fixed_20250519_140429 - INFO - Epoch 132, Batch 50/848, Loss: 3.5612
2025-05-19 20:11:58,178 - transvg_coordinates_fixed_20250519_140429 - INFO - Train metrics: l1_loss: 0.3712 | giou_loss: 0.8525 | total_loss: 3.5612
2025-05-19 20:12:16,560 - transvg_coordinates_fixed_20250519_140429 - INFO - Epoch 132, Batch 100/848, Loss: 3.6633
2025-05-19 20:12:16,560 - transvg_coordinates_fixed_20250519_140429 - INFO - Train metrics: l1_loss: 0.4020 | giou_loss: 0.8266 | total_loss: 3.6633
2025-05-19 20:12:34,993 - transvg_coordinates_fixed_20250519_140429 - INFO - Epoch 132, Batch 150/848, Loss: 3.1362
2025-05-19 20:12:34,994 - transvg_coordinates_fixed_20250519_140429 - INFO - Train metrics: l1_loss: 0.3211 | giou_loss: 0.7652 | total_loss: 3.1362
2025-05-19 20:12:53,492 - transvg_coordinates_fixed_20250519_140429 - INFO - Epoch 132, Batch 200/848, Loss: 3.4297
2025-05-19 20:12:53,492 - transvg_coordinates_fixed_20250519_140429 - INFO - Train metrics: l1_loss: 0.3489 | giou_loss: 0.8427 | total_loss: 3.4297
2025-05-19 20:13:11,888 - transvg_coordinates_fixed_20250519_140429 - INFO - Epoch 132, Batch 250/848, Loss: 3.7558
2025-05-19 20:13:11,888 - transvg_coordinates_fixed_20250519_140429 - INFO - Train metrics: l1_loss: 0.3803 | giou_loss: 0.9270 | total_loss: 3.7558
2025-05-19 20:13:30,320 - transvg_coordinates_fixed_20250519_140429 - INFO - Epoch 132, Batch 300/848, Loss: 3.5489
2025-05-19 20:13:30,321 - transvg_coordinates_fixed_20250519_140429 - INFO - Train metrics: l1_loss: 0.3632 | giou_loss: 0.8665 | total_loss: 3.5489
2025-05-19 20:13:48,950 - transvg_coordinates_fixed_20250519_140429 - INFO - Epoch 132, Batch 350/848, Loss: 3.5513
2025-05-19 20:13:48,950 - transvg_coordinates_fixed_20250519_140429 - INFO - Train metrics: l1_loss: 0.3507 | giou_loss: 0.8988 | total_loss: 3.5513
2025-05-19 20:14:07,434 - transvg_coordinates_fixed_20250519_140429 - INFO - Epoch 132, Batch 400/848, Loss: 3.6328
2025-05-19 20:14:07,435 - transvg_coordinates_fixed_20250519_140429 - INFO - Train metrics: l1_loss: 0.3808 | giou_loss: 0.8643 | total_loss: 3.6328
2025-05-19 20:14:26,031 - transvg_coordinates_fixed_20250519_140429 - INFO - Epoch 132, Batch 450/848, Loss: 3.2672
2025-05-19 20:14:26,031 - transvg_coordinates_fixed_20250519_140429 - INFO - Train metrics: l1_loss: 0.3144 | giou_loss: 0.8476 | total_loss: 3.2672
2025-05-19 20:14:44,601 - transvg_coordinates_fixed_20250519_140429 - INFO - Epoch 132, Batch 500/848, Loss: 3.1175
2025-05-19 20:14:44,602 - transvg_coordinates_fixed_20250519_140429 - INFO - Train metrics: l1_loss: 0.2989 | giou_loss: 0.8114 | total_loss: 3.1175
2025-05-19 20:15:03,184 - transvg_coordinates_fixed_20250519_140429 - INFO - Epoch 132, Batch 550/848, Loss: 4.0609
2025-05-19 20:15:03,184 - transvg_coordinates_fixed_20250519_140429 - INFO - Train metrics: l1_loss: 0.4544 | giou_loss: 0.8944 | total_loss: 4.0609
2025-05-19 20:15:21,741 - transvg_coordinates_fixed_20250519_140429 - INFO - Epoch 132, Batch 600/848, Loss: 3.9199
2025-05-19 20:15:21,742 - transvg_coordinates_fixed_20250519_140429 - INFO - Train metrics: l1_loss: 0.4004 | giou_loss: 0.9591 | total_loss: 3.9199
2025-05-19 20:15:40,353 - transvg_coordinates_fixed_20250519_140429 - INFO - Epoch 132, Batch 650/848, Loss: 3.5571
2025-05-19 20:15:40,354 - transvg_coordinates_fixed_20250519_140429 - INFO - Train metrics: l1_loss: 0.3609 | giou_loss: 0.8763 | total_loss: 3.5571
2025-05-19 20:15:58,948 - transvg_coordinates_fixed_20250519_140429 - INFO - Epoch 132, Batch 700/848, Loss: 3.6174
2025-05-19 20:15:58,949 - transvg_coordinates_fixed_20250519_140429 - INFO - Train metrics: l1_loss: 0.3730 | giou_loss: 0.8761 | total_loss: 3.6174
2025-05-19 20:16:17,572 - transvg_coordinates_fixed_20250519_140429 - INFO - Epoch 132, Batch 750/848, Loss: 3.6448
2025-05-19 20:16:17,572 - transvg_coordinates_fixed_20250519_140429 - INFO - Train metrics: l1_loss: 0.3863 | giou_loss: 0.8566 | total_loss: 3.6448
2025-05-19 20:16:36,262 - transvg_coordinates_fixed_20250519_140429 - INFO - Epoch 132, Batch 800/848, Loss: 3.6360
2025-05-19 20:16:36,263 - transvg_coordinates_fixed_20250519_140429 - INFO - Train metrics: l1_loss: 0.3727 | giou_loss: 0.8863 | total_loss: 3.6360
2025-05-19 20:16:53,793 - transvg_coordinates_fixed_20250519_140429 - INFO - Train Epoch 132, Loss: 3.5073
2025-05-19 20:17:10,175 - transvg_coordinates_fixed_20250519_140429 - INFO - Pred box sample: [77.30158233642578, 96.63092803955078, 263.0866394042969, 255.65101623535156]
2025-05-19 20:17:10,176 - transvg_coordinates_fixed_20250519_140429 - INFO - Target box sample: [207.0, 198.0, 287.0, 283.0]
2025-05-19 20:17:10,245 - transvg_coordinates_fixed_20250519_140429 - INFO - Validation Epoch 132, Loss: 4.7630
2025-05-19 20:17:10,245 - transvg_coordinates_fixed_20250519_140429 - INFO - Val metrics: Acc@0.25: 0.2972 | Acc@0.5: 0.1116 | Acc@0.75: 0.0141 | mIoU: 0.1738 | medianIoU: 0.0694 | mae_x1: 107.8765 | mae_y1: 104.1187 | mae_x2: 106.2893 | mae_y2: 103.6997 | center_x_error: 92.5380 | center_y_error: 88.4879 | width_error: 2.0980 | height_error: 1.9936 | loss: 4.7630
2025-05-19 20:17:10,860 - transvg_coordinates_fixed_20250519_140429 - INFO - Saved model checkpoint to /home/pokle/Trans-VG/visual_grounding/checkpoints/transvg_coordinates_fixed_20250519_140429_epoch132.pth
2025-05-19 20:17:10,861 - transvg_coordinates_fixed_20250519_140429 - INFO - Epoch 133/200
2025-05-19 20:17:11,941 - transvg_coordinates_fixed_20250519_140429 - INFO - Epoch 133, Batch 0/848, Loss: 3.2331
2025-05-19 20:17:11,942 - transvg_coordinates_fixed_20250519_140429 - INFO - Train metrics: l1_loss: 0.3245 | giou_loss: 0.8054 | total_loss: 3.2331
2025-05-19 20:17:30,343 - transvg_coordinates_fixed_20250519_140429 - INFO - Epoch 133, Batch 50/848, Loss: 3.3476
2025-05-19 20:17:30,343 - transvg_coordinates_fixed_20250519_140429 - INFO - Train metrics: l1_loss: 0.3422 | giou_loss: 0.8184 | total_loss: 3.3476
2025-05-19 20:17:48,828 - transvg_coordinates_fixed_20250519_140429 - INFO - Epoch 133, Batch 100/848, Loss: 3.9881
2025-05-19 20:17:48,828 - transvg_coordinates_fixed_20250519_140429 - INFO - Train metrics: l1_loss: 0.4464 | giou_loss: 0.8780 | total_loss: 3.9881
2025-05-19 20:18:07,279 - transvg_coordinates_fixed_20250519_140429 - INFO - Epoch 133, Batch 150/848, Loss: 3.9809
2025-05-19 20:18:07,280 - transvg_coordinates_fixed_20250519_140429 - INFO - Train metrics: l1_loss: 0.4137 | giou_loss: 0.9561 | total_loss: 3.9809
2025-05-19 20:18:25,737 - transvg_coordinates_fixed_20250519_140429 - INFO - Epoch 133, Batch 200/848, Loss: 3.3037
2025-05-19 20:18:25,737 - transvg_coordinates_fixed_20250519_140429 - INFO - Train metrics: l1_loss: 0.3213 | giou_loss: 0.8486 | total_loss: 3.3037
2025-05-19 20:18:44,157 - transvg_coordinates_fixed_20250519_140429 - INFO - Epoch 133, Batch 250/848, Loss: 3.7351
2025-05-19 20:18:44,157 - transvg_coordinates_fixed_20250519_140429 - INFO - Train metrics: l1_loss: 0.3931 | giou_loss: 0.8849 | total_loss: 3.7351
2025-05-19 20:19:02,689 - transvg_coordinates_fixed_20250519_140429 - INFO - Epoch 133, Batch 300/848, Loss: 3.7896
2025-05-19 20:19:02,689 - transvg_coordinates_fixed_20250519_140429 - INFO - Train metrics: l1_loss: 0.3869 | giou_loss: 0.9276 | total_loss: 3.7896
2025-05-19 20:19:21,196 - transvg_coordinates_fixed_20250519_140429 - INFO - Epoch 133, Batch 350/848, Loss: 3.6520
2025-05-19 20:19:21,196 - transvg_coordinates_fixed_20250519_140429 - INFO - Train metrics: l1_loss: 0.3867 | giou_loss: 0.8593 | total_loss: 3.6520
2025-05-19 20:19:39,848 - transvg_coordinates_fixed_20250519_140429 - INFO - Epoch 133, Batch 400/848, Loss: 4.0896
2025-05-19 20:19:39,848 - transvg_coordinates_fixed_20250519_140429 - INFO - Train metrics: l1_loss: 0.4400 | giou_loss: 0.9448 | total_loss: 4.0896
2025-05-19 20:19:58,328 - transvg_coordinates_fixed_20250519_140429 - INFO - Epoch 133, Batch 450/848, Loss: 3.3829
2025-05-19 20:19:58,328 - transvg_coordinates_fixed_20250519_140429 - INFO - Train metrics: l1_loss: 0.3440 | giou_loss: 0.8316 | total_loss: 3.3829
2025-05-19 20:20:16,973 - transvg_coordinates_fixed_20250519_140429 - INFO - Epoch 133, Batch 500/848, Loss: 3.8598
2025-05-19 20:20:16,973 - transvg_coordinates_fixed_20250519_140429 - INFO - Train metrics: l1_loss: 0.4175 | giou_loss: 0.8861 | total_loss: 3.8598
2025-05-19 20:20:35,767 - transvg_coordinates_fixed_20250519_140429 - INFO - Epoch 133, Batch 550/848, Loss: 3.5578
2025-05-19 20:20:35,767 - transvg_coordinates_fixed_20250519_140429 - INFO - Train metrics: l1_loss: 0.3685 | giou_loss: 0.8577 | total_loss: 3.5578
2025-05-19 20:20:54,435 - transvg_coordinates_fixed_20250519_140429 - INFO - Epoch 133, Batch 600/848, Loss: 3.9654
2025-05-19 20:20:54,435 - transvg_coordinates_fixed_20250519_140429 - INFO - Train metrics: l1_loss: 0.3964 | giou_loss: 0.9918 | total_loss: 3.9654
2025-05-19 20:21:13,095 - transvg_coordinates_fixed_20250519_140429 - INFO - Epoch 133, Batch 650/848, Loss: 3.6933
2025-05-19 20:21:13,095 - transvg_coordinates_fixed_20250519_140429 - INFO - Train metrics: l1_loss: 0.3930 | giou_loss: 0.8642 | total_loss: 3.6933
2025-05-19 20:21:31,606 - transvg_coordinates_fixed_20250519_140429 - INFO - Epoch 133, Batch 700/848, Loss: 3.1731
2025-05-19 20:21:31,606 - transvg_coordinates_fixed_20250519_140429 - INFO - Train metrics: l1_loss: 0.3065 | giou_loss: 0.8203 | total_loss: 3.1731
2025-05-19 20:21:50,275 - transvg_coordinates_fixed_20250519_140429 - INFO - Epoch 133, Batch 750/848, Loss: 3.1766
2025-05-19 20:21:50,276 - transvg_coordinates_fixed_20250519_140429 - INFO - Train metrics: l1_loss: 0.3074 | giou_loss: 0.8199 | total_loss: 3.1766
2025-05-19 20:22:08,817 - transvg_coordinates_fixed_20250519_140429 - INFO - Epoch 133, Batch 800/848, Loss: 3.2455
2025-05-19 20:22:08,817 - transvg_coordinates_fixed_20250519_140429 - INFO - Train metrics: l1_loss: 0.3284 | giou_loss: 0.8017 | total_loss: 3.2455
2025-05-19 20:22:26,411 - transvg_coordinates_fixed_20250519_140429 - INFO - Train Epoch 133, Loss: 3.5080
2025-05-19 20:22:42,660 - transvg_coordinates_fixed_20250519_140429 - INFO - Pred box sample: [72.84780883789062, 88.6089096069336, 247.58546447753906, 236.7105255126953]
2025-05-19 20:22:42,661 - transvg_coordinates_fixed_20250519_140429 - INFO - Target box sample: [207.0, 198.0, 287.0, 283.0]
2025-05-19 20:22:42,740 - transvg_coordinates_fixed_20250519_140429 - INFO - Validation Epoch 133, Loss: 4.7738
2025-05-19 20:22:42,740 - transvg_coordinates_fixed_20250519_140429 - INFO - Val metrics: Acc@0.25: 0.2948 | Acc@0.5: 0.1100 | Acc@0.75: 0.0117 | mIoU: 0.1723 | medianIoU: 0.0710 | mae_x1: 108.3861 | mae_y1: 104.4912 | mae_x2: 109.8063 | mae_y2: 102.7380 | center_x_error: 94.3843 | center_y_error: 88.5248 | width_error: 2.2762 | height_error: 2.0548 | loss: 4.7738
2025-05-19 20:22:43,356 - transvg_coordinates_fixed_20250519_140429 - INFO - Saved model checkpoint to /home/pokle/Trans-VG/visual_grounding/checkpoints/transvg_coordinates_fixed_20250519_140429_epoch133.pth
2025-05-19 20:22:43,356 - transvg_coordinates_fixed_20250519_140429 - INFO - Epoch 134/200
2025-05-19 20:22:44,425 - transvg_coordinates_fixed_20250519_140429 - INFO - Epoch 134, Batch 0/848, Loss: 3.5365
2025-05-19 20:22:44,425 - transvg_coordinates_fixed_20250519_140429 - INFO - Train metrics: l1_loss: 0.3552 | giou_loss: 0.8803 | total_loss: 3.5365
2025-05-19 20:23:02,769 - transvg_coordinates_fixed_20250519_140429 - INFO - Epoch 134, Batch 50/848, Loss: 3.6858
2025-05-19 20:23:02,769 - transvg_coordinates_fixed_20250519_140429 - INFO - Train metrics: l1_loss: 0.3833 | giou_loss: 0.8847 | total_loss: 3.6858
2025-05-19 20:23:21,148 - transvg_coordinates_fixed_20250519_140429 - INFO - Epoch 134, Batch 100/848, Loss: 3.6197
2025-05-19 20:23:21,148 - transvg_coordinates_fixed_20250519_140429 - INFO - Train metrics: l1_loss: 0.3642 | giou_loss: 0.8994 | total_loss: 3.6197
2025-05-19 20:23:39,548 - transvg_coordinates_fixed_20250519_140429 - INFO - Epoch 134, Batch 150/848, Loss: 3.9410
2025-05-19 20:23:39,549 - transvg_coordinates_fixed_20250519_140429 - INFO - Train metrics: l1_loss: 0.4423 | giou_loss: 0.8647 | total_loss: 3.9410
2025-05-19 20:23:57,946 - transvg_coordinates_fixed_20250519_140429 - INFO - Epoch 134, Batch 200/848, Loss: 3.3242
2025-05-19 20:23:57,946 - transvg_coordinates_fixed_20250519_140429 - INFO - Train metrics: l1_loss: 0.3366 | giou_loss: 0.8207 | total_loss: 3.3242
2025-05-19 20:24:16,296 - transvg_coordinates_fixed_20250519_140429 - INFO - Epoch 134, Batch 250/848, Loss: 3.8485
2025-05-19 20:24:16,296 - transvg_coordinates_fixed_20250519_140429 - INFO - Train metrics: l1_loss: 0.4082 | giou_loss: 0.9037 | total_loss: 3.8485
2025-05-19 20:24:34,743 - transvg_coordinates_fixed_20250519_140429 - INFO - Epoch 134, Batch 300/848, Loss: 3.4241
2025-05-19 20:24:34,743 - transvg_coordinates_fixed_20250519_140429 - INFO - Train metrics: l1_loss: 0.3369 | giou_loss: 0.8699 | total_loss: 3.4241
2025-05-19 20:24:53,170 - transvg_coordinates_fixed_20250519_140429 - INFO - Epoch 134, Batch 350/848, Loss: 3.9933
2025-05-19 20:24:53,170 - transvg_coordinates_fixed_20250519_140429 - INFO - Train metrics: l1_loss: 0.4328 | giou_loss: 0.9148 | total_loss: 3.9933
2025-05-19 20:25:11,597 - transvg_coordinates_fixed_20250519_140429 - INFO - Epoch 134, Batch 400/848, Loss: 3.5959
2025-05-19 20:25:11,597 - transvg_coordinates_fixed_20250519_140429 - INFO - Train metrics: l1_loss: 0.3677 | giou_loss: 0.8788 | total_loss: 3.5959
2025-05-19 20:25:30,073 - transvg_coordinates_fixed_20250519_140429 - INFO - Epoch 134, Batch 450/848, Loss: 4.0632
2025-05-19 20:25:30,073 - transvg_coordinates_fixed_20250519_140429 - INFO - Train metrics: l1_loss: 0.4455 | giou_loss: 0.9180 | total_loss: 4.0632
2025-05-19 20:25:48,571 - transvg_coordinates_fixed_20250519_140429 - INFO - Epoch 134, Batch 500/848, Loss: 3.0873
2025-05-19 20:25:48,571 - transvg_coordinates_fixed_20250519_140429 - INFO - Train metrics: l1_loss: 0.3059 | giou_loss: 0.7789 | total_loss: 3.0873
2025-05-19 20:26:07,094 - transvg_coordinates_fixed_20250519_140429 - INFO - Epoch 134, Batch 550/848, Loss: 3.6813
2025-05-19 20:26:07,094 - transvg_coordinates_fixed_20250519_140429 - INFO - Train metrics: l1_loss: 0.3951 | giou_loss: 0.8530 | total_loss: 3.6813
2025-05-19 20:26:25,620 - transvg_coordinates_fixed_20250519_140429 - INFO - Epoch 134, Batch 600/848, Loss: 2.9764
2025-05-19 20:26:25,620 - transvg_coordinates_fixed_20250519_140429 - INFO - Train metrics: l1_loss: 0.2996 | giou_loss: 0.7392 | total_loss: 2.9764
2025-05-19 20:26:44,118 - transvg_coordinates_fixed_20250519_140429 - INFO - Epoch 134, Batch 650/848, Loss: 3.0762
2025-05-19 20:26:44,119 - transvg_coordinates_fixed_20250519_140429 - INFO - Train metrics: l1_loss: 0.2887 | giou_loss: 0.8163 | total_loss: 3.0762
2025-05-19 20:27:02,598 - transvg_coordinates_fixed_20250519_140429 - INFO - Epoch 134, Batch 700/848, Loss: 3.6425
2025-05-19 20:27:02,599 - transvg_coordinates_fixed_20250519_140429 - INFO - Train metrics: l1_loss: 0.3802 | giou_loss: 0.8707 | total_loss: 3.6425
2025-05-19 20:27:21,108 - transvg_coordinates_fixed_20250519_140429 - INFO - Epoch 134, Batch 750/848, Loss: 3.6283
2025-05-19 20:27:21,108 - transvg_coordinates_fixed_20250519_140429 - INFO - Train metrics: l1_loss: 0.3845 | giou_loss: 0.8530 | total_loss: 3.6283
2025-05-19 20:27:39,634 - transvg_coordinates_fixed_20250519_140429 - INFO - Epoch 134, Batch 800/848, Loss: 3.7104
2025-05-19 20:27:39,634 - transvg_coordinates_fixed_20250519_140429 - INFO - Train metrics: l1_loss: 0.3899 | giou_loss: 0.8804 | total_loss: 3.7104
2025-05-19 20:27:57,041 - transvg_coordinates_fixed_20250519_140429 - INFO - Train Epoch 134, Loss: 3.5106
2025-05-19 20:28:13,199 - transvg_coordinates_fixed_20250519_140429 - INFO - Pred box sample: [96.44122314453125, 136.64305114746094, 266.576416015625, 259.0674743652344]
2025-05-19 20:28:13,199 - transvg_coordinates_fixed_20250519_140429 - INFO - Target box sample: [207.0, 198.0, 287.0, 283.0]
2025-05-19 20:28:13,272 - transvg_coordinates_fixed_20250519_140429 - INFO - Validation Epoch 134, Loss: 4.7476
2025-05-19 20:28:13,272 - transvg_coordinates_fixed_20250519_140429 - INFO - Val metrics: Acc@0.25: 0.3001 | Acc@0.5: 0.1161 | Acc@0.75: 0.0135 | mIoU: 0.1757 | medianIoU: 0.0682 | mae_x1: 105.8503 | mae_y1: 100.9184 | mae_x2: 107.6277 | mae_y2: 102.8765 | center_x_error: 92.1551 | center_y_error: 87.2229 | width_error: 2.1131 | height_error: 1.8494 | loss: 4.7476
2025-05-19 20:28:13,879 - transvg_coordinates_fixed_20250519_140429 - INFO - Saved model checkpoint to /home/pokle/Trans-VG/visual_grounding/checkpoints/transvg_coordinates_fixed_20250519_140429_epoch134.pth
2025-05-19 20:28:13,880 - transvg_coordinates_fixed_20250519_140429 - INFO - Epoch 135/200
2025-05-19 20:28:14,943 - transvg_coordinates_fixed_20250519_140429 - INFO - Epoch 135, Batch 0/848, Loss: 3.5229
2025-05-19 20:28:14,943 - transvg_coordinates_fixed_20250519_140429 - INFO - Train metrics: l1_loss: 0.3453 | giou_loss: 0.8981 | total_loss: 3.5229
2025-05-19 20:28:33,320 - transvg_coordinates_fixed_20250519_140429 - INFO - Epoch 135, Batch 50/848, Loss: 3.0320
2025-05-19 20:28:33,321 - transvg_coordinates_fixed_20250519_140429 - INFO - Train metrics: l1_loss: 0.2903 | giou_loss: 0.7903 | total_loss: 3.0320
2025-05-19 20:28:51,781 - transvg_coordinates_fixed_20250519_140429 - INFO - Epoch 135, Batch 100/848, Loss: 3.5574
2025-05-19 20:28:51,781 - transvg_coordinates_fixed_20250519_140429 - INFO - Train metrics: l1_loss: 0.3511 | giou_loss: 0.9011 | total_loss: 3.5574
2025-05-19 20:29:10,673 - transvg_coordinates_fixed_20250519_140429 - INFO - Epoch 135, Batch 150/848, Loss: 3.2058
2025-05-19 20:29:10,673 - transvg_coordinates_fixed_20250519_140429 - INFO - Train metrics: l1_loss: 0.3517 | giou_loss: 0.7235 | total_loss: 3.2058
2025-05-19 20:29:30,782 - transvg_coordinates_fixed_20250519_140429 - INFO - Epoch 135, Batch 200/848, Loss: 3.0393
2025-05-19 20:29:30,783 - transvg_coordinates_fixed_20250519_140429 - INFO - Train metrics: l1_loss: 0.3077 | giou_loss: 0.7505 | total_loss: 3.0393
2025-05-19 20:29:51,497 - transvg_coordinates_fixed_20250519_140429 - INFO - Epoch 135, Batch 250/848, Loss: 3.6531
2025-05-19 20:29:51,499 - transvg_coordinates_fixed_20250519_140429 - INFO - Train metrics: l1_loss: 0.3706 | giou_loss: 0.9000 | total_loss: 3.6531
2025-05-19 20:30:12,183 - transvg_coordinates_fixed_20250519_140429 - INFO - Epoch 135, Batch 300/848, Loss: 3.3521
2025-05-19 20:30:12,184 - transvg_coordinates_fixed_20250519_140429 - INFO - Train metrics: l1_loss: 0.3202 | giou_loss: 0.8756 | total_loss: 3.3521
2025-05-19 20:30:32,877 - transvg_coordinates_fixed_20250519_140429 - INFO - Epoch 135, Batch 350/848, Loss: 3.0347
2025-05-19 20:30:32,882 - transvg_coordinates_fixed_20250519_140429 - INFO - Train metrics: l1_loss: 0.2754 | giou_loss: 0.8289 | total_loss: 3.0347
2025-05-19 20:30:53,266 - transvg_coordinates_fixed_20250519_140429 - INFO - Epoch 135, Batch 400/848, Loss: 3.8851
2025-05-19 20:30:53,268 - transvg_coordinates_fixed_20250519_140429 - INFO - Train metrics: l1_loss: 0.4052 | giou_loss: 0.9295 | total_loss: 3.8851
2025-05-19 20:31:13,310 - transvg_coordinates_fixed_20250519_140429 - INFO - Epoch 135, Batch 450/848, Loss: 3.6028
2025-05-19 20:31:13,311 - transvg_coordinates_fixed_20250519_140429 - INFO - Train metrics: l1_loss: 0.3695 | giou_loss: 0.8777 | total_loss: 3.6028
2025-05-19 20:31:33,115 - transvg_coordinates_fixed_20250519_140429 - INFO - Epoch 135, Batch 500/848, Loss: 3.0617
2025-05-19 20:31:33,116 - transvg_coordinates_fixed_20250519_140429 - INFO - Train metrics: l1_loss: 0.2955 | giou_loss: 0.7921 | total_loss: 3.0617
2025-05-19 20:31:53,094 - transvg_coordinates_fixed_20250519_140429 - INFO - Epoch 135, Batch 550/848, Loss: 4.2152
2025-05-19 20:31:53,094 - transvg_coordinates_fixed_20250519_140429 - INFO - Train metrics: l1_loss: 0.4583 | giou_loss: 0.9618 | total_loss: 4.2152
2025-05-19 20:32:13,165 - transvg_coordinates_fixed_20250519_140429 - INFO - Epoch 135, Batch 600/848, Loss: 3.7349
2025-05-19 20:32:13,166 - transvg_coordinates_fixed_20250519_140429 - INFO - Train metrics: l1_loss: 0.3809 | giou_loss: 0.9151 | total_loss: 3.7349
2025-05-19 20:32:33,036 - transvg_coordinates_fixed_20250519_140429 - INFO - Epoch 135, Batch 650/848, Loss: 3.2372
2025-05-19 20:32:33,038 - transvg_coordinates_fixed_20250519_140429 - INFO - Train metrics: l1_loss: 0.3169 | giou_loss: 0.8264 | total_loss: 3.2372
2025-05-19 20:32:52,958 - transvg_coordinates_fixed_20250519_140429 - INFO - Epoch 135, Batch 700/848, Loss: 3.5497
2025-05-19 20:32:52,959 - transvg_coordinates_fixed_20250519_140429 - INFO - Train metrics: l1_loss: 0.3765 | giou_loss: 0.8336 | total_loss: 3.5497
2025-05-19 20:33:12,810 - transvg_coordinates_fixed_20250519_140429 - INFO - Epoch 135, Batch 750/848, Loss: 3.3697
2025-05-19 20:33:12,810 - transvg_coordinates_fixed_20250519_140429 - INFO - Train metrics: l1_loss: 0.3317 | giou_loss: 0.8556 | total_loss: 3.3697
2025-05-19 20:33:32,594 - transvg_coordinates_fixed_20250519_140429 - INFO - Epoch 135, Batch 800/848, Loss: 3.9956
2025-05-19 20:33:32,595 - transvg_coordinates_fixed_20250519_140429 - INFO - Train metrics: l1_loss: 0.4171 | giou_loss: 0.9552 | total_loss: 3.9956
2025-05-19 20:33:51,663 - transvg_coordinates_fixed_20250519_140429 - INFO - Train Epoch 135, Loss: 3.5046
2025-05-19 20:34:18,923 - transvg_coordinates_fixed_20250519_140429 - INFO - Pred box sample: [92.73207092285156, 99.25135803222656, 261.8850402832031, 260.193115234375]
2025-05-19 20:34:18,923 - transvg_coordinates_fixed_20250519_140429 - INFO - Target box sample: [207.0, 198.0, 287.0, 283.0]
2025-05-19 20:34:19,020 - transvg_coordinates_fixed_20250519_140429 - INFO - Validation Epoch 135, Loss: 4.7767
2025-05-19 20:34:19,020 - transvg_coordinates_fixed_20250519_140429 - INFO - Val metrics: Acc@0.25: 0.2940 | Acc@0.5: 0.1089 | Acc@0.75: 0.0138 | mIoU: 0.1731 | medianIoU: 0.0691 | mae_x1: 106.6383 | mae_y1: 104.4339 | mae_x2: 107.7193 | mae_y2: 104.7603 | center_x_error: 93.2912 | center_y_error: 87.7476 | width_error: 2.0283 | height_error: 2.1379 | loss: 4.7767
2025-05-19 20:34:20,160 - transvg_coordinates_fixed_20250519_140429 - INFO - Saved model checkpoint to /home/pokle/Trans-VG/visual_grounding/checkpoints/transvg_coordinates_fixed_20250519_140429_epoch135.pth
2025-05-19 20:34:20,161 - transvg_coordinates_fixed_20250519_140429 - INFO - Epoch 136/200
2025-05-19 20:34:21,855 - transvg_coordinates_fixed_20250519_140429 - INFO - Epoch 136, Batch 0/848, Loss: 3.5656
2025-05-19 20:34:21,857 - transvg_coordinates_fixed_20250519_140429 - INFO - Train metrics: l1_loss: 0.3732 | giou_loss: 0.8499 | total_loss: 3.5656
2025-05-19 20:34:42,270 - transvg_coordinates_fixed_20250519_140429 - INFO - Epoch 136, Batch 50/848, Loss: 3.2365
2025-05-19 20:34:42,271 - transvg_coordinates_fixed_20250519_140429 - INFO - Train metrics: l1_loss: 0.3058 | giou_loss: 0.8538 | total_loss: 3.2365
2025-05-19 20:35:02,050 - transvg_coordinates_fixed_20250519_140429 - INFO - Epoch 136, Batch 100/848, Loss: 3.0085
2025-05-19 20:35:02,050 - transvg_coordinates_fixed_20250519_140429 - INFO - Train metrics: l1_loss: 0.2951 | giou_loss: 0.7665 | total_loss: 3.0085
2025-05-19 20:35:21,588 - transvg_coordinates_fixed_20250519_140429 - INFO - Epoch 136, Batch 150/848, Loss: 2.9837
2025-05-19 20:35:21,588 - transvg_coordinates_fixed_20250519_140429 - INFO - Train metrics: l1_loss: 0.3108 | giou_loss: 0.7149 | total_loss: 2.9837
2025-05-19 20:35:40,934 - transvg_coordinates_fixed_20250519_140429 - INFO - Epoch 136, Batch 200/848, Loss: 3.1743
2025-05-19 20:35:40,935 - transvg_coordinates_fixed_20250519_140429 - INFO - Train metrics: l1_loss: 0.2860 | giou_loss: 0.8721 | total_loss: 3.1743
2025-05-19 20:36:00,707 - transvg_coordinates_fixed_20250519_140429 - INFO - Epoch 136, Batch 250/848, Loss: 3.3620
2025-05-19 20:36:00,708 - transvg_coordinates_fixed_20250519_140429 - INFO - Train metrics: l1_loss: 0.3381 | giou_loss: 0.8356 | total_loss: 3.3620
2025-05-19 20:36:20,270 - transvg_coordinates_fixed_20250519_140429 - INFO - Epoch 136, Batch 300/848, Loss: 3.3520
2025-05-19 20:36:20,270 - transvg_coordinates_fixed_20250519_140429 - INFO - Train metrics: l1_loss: 0.3627 | giou_loss: 0.7693 | total_loss: 3.3520
2025-05-19 20:36:39,787 - transvg_coordinates_fixed_20250519_140429 - INFO - Epoch 136, Batch 350/848, Loss: 3.3519
2025-05-19 20:36:39,787 - transvg_coordinates_fixed_20250519_140429 - INFO - Train metrics: l1_loss: 0.3473 | giou_loss: 0.8078 | total_loss: 3.3519
2025-05-19 20:36:59,508 - transvg_coordinates_fixed_20250519_140429 - INFO - Epoch 136, Batch 400/848, Loss: 3.7149
2025-05-19 20:36:59,512 - transvg_coordinates_fixed_20250519_140429 - INFO - Train metrics: l1_loss: 0.3910 | giou_loss: 0.8800 | total_loss: 3.7149
2025-05-19 20:37:19,636 - transvg_coordinates_fixed_20250519_140429 - INFO - Epoch 136, Batch 450/848, Loss: 3.7784
2025-05-19 20:37:19,637 - transvg_coordinates_fixed_20250519_140429 - INFO - Train metrics: l1_loss: 0.3886 | giou_loss: 0.9176 | total_loss: 3.7784
2025-05-19 20:37:39,420 - transvg_coordinates_fixed_20250519_140429 - INFO - Epoch 136, Batch 500/848, Loss: 3.8185
2025-05-19 20:37:39,420 - transvg_coordinates_fixed_20250519_140429 - INFO - Train metrics: l1_loss: 0.4021 | giou_loss: 0.9041 | total_loss: 3.8185
2025-05-19 20:37:59,232 - transvg_coordinates_fixed_20250519_140429 - INFO - Epoch 136, Batch 550/848, Loss: 3.3291
2025-05-19 20:37:59,232 - transvg_coordinates_fixed_20250519_140429 - INFO - Train metrics: l1_loss: 0.3289 | giou_loss: 0.8422 | total_loss: 3.3291
2025-05-19 20:38:19,093 - transvg_coordinates_fixed_20250519_140429 - INFO - Epoch 136, Batch 600/848, Loss: 3.4988
2025-05-19 20:38:19,094 - transvg_coordinates_fixed_20250519_140429 - INFO - Train metrics: l1_loss: 0.3506 | giou_loss: 0.8730 | total_loss: 3.4988
2025-05-19 20:38:38,922 - transvg_coordinates_fixed_20250519_140429 - INFO - Epoch 136, Batch 650/848, Loss: 3.7877
2025-05-19 20:38:38,922 - transvg_coordinates_fixed_20250519_140429 - INFO - Train metrics: l1_loss: 0.4092 | giou_loss: 0.8708 | total_loss: 3.7877
2025-05-19 20:38:59,278 - transvg_coordinates_fixed_20250519_140429 - INFO - Epoch 136, Batch 700/848, Loss: 3.0426
2025-05-19 20:38:59,279 - transvg_coordinates_fixed_20250519_140429 - INFO - Train metrics: l1_loss: 0.3262 | giou_loss: 0.7057 | total_loss: 3.0426
2025-05-19 20:39:18,277 - transvg_coordinates_fixed_20250519_140429 - INFO - Epoch 136, Batch 750/848, Loss: 3.8254
2025-05-19 20:39:18,277 - transvg_coordinates_fixed_20250519_140429 - INFO - Train metrics: l1_loss: 0.4025 | giou_loss: 0.9065 | total_loss: 3.8254
2025-05-19 20:39:35,944 - transvg_coordinates_fixed_20250519_140429 - INFO - Epoch 136, Batch 800/848, Loss: 3.1601
2025-05-19 20:39:35,944 - transvg_coordinates_fixed_20250519_140429 - INFO - Train metrics: l1_loss: 0.3379 | giou_loss: 0.7354 | total_loss: 3.1601
2025-05-19 20:39:52,810 - transvg_coordinates_fixed_20250519_140429 - INFO - Train Epoch 136, Loss: 3.4271
2025-05-19 20:40:09,118 - transvg_coordinates_fixed_20250519_140429 - INFO - Pred box sample: [95.50540924072266, 97.88928985595703, 265.1604309082031, 244.5901336669922]
2025-05-19 20:40:09,118 - transvg_coordinates_fixed_20250519_140429 - INFO - Target box sample: [207.0, 198.0, 287.0, 283.0]
2025-05-19 20:40:09,202 - transvg_coordinates_fixed_20250519_140429 - INFO - Validation Epoch 136, Loss: 4.7352
2025-05-19 20:40:09,202 - transvg_coordinates_fixed_20250519_140429 - INFO - Val metrics: Acc@0.25: 0.3039 | Acc@0.5: 0.1145 | Acc@0.75: 0.0157 | mIoU: 0.1762 | medianIoU: 0.0733 | mae_x1: 106.2961 | mae_y1: 103.8589 | mae_x2: 106.9238 | mae_y2: 102.2150 | center_x_error: 92.6318 | center_y_error: 87.3515 | width_error: 2.0977 | height_error: 2.0360 | loss: 4.7352
2025-05-19 20:40:09,825 - transvg_coordinates_fixed_20250519_140429 - INFO - Saved model checkpoint to /home/pokle/Trans-VG/visual_grounding/checkpoints/transvg_coordinates_fixed_20250519_140429_epoch136.pth
2025-05-19 20:40:09,826 - transvg_coordinates_fixed_20250519_140429 - INFO - Epoch 137/200
2025-05-19 20:40:10,946 - transvg_coordinates_fixed_20250519_140429 - INFO - Epoch 137, Batch 0/848, Loss: 3.5998
2025-05-19 20:40:10,946 - transvg_coordinates_fixed_20250519_140429 - INFO - Train metrics: l1_loss: 0.3725 | giou_loss: 0.8686 | total_loss: 3.5998
2025-05-19 20:40:28,780 - transvg_coordinates_fixed_20250519_140429 - INFO - Epoch 137, Batch 50/848, Loss: 3.3224
2025-05-19 20:40:28,780 - transvg_coordinates_fixed_20250519_140429 - INFO - Train metrics: l1_loss: 0.3474 | giou_loss: 0.7928 | total_loss: 3.3224
2025-05-19 20:40:46,533 - transvg_coordinates_fixed_20250519_140429 - INFO - Epoch 137, Batch 100/848, Loss: 4.0694
2025-05-19 20:40:46,533 - transvg_coordinates_fixed_20250519_140429 - INFO - Train metrics: l1_loss: 0.4336 | giou_loss: 0.9506 | total_loss: 4.0694
2025-05-19 20:41:04,373 - transvg_coordinates_fixed_20250519_140429 - INFO - Epoch 137, Batch 150/848, Loss: 2.9351
2025-05-19 20:41:04,373 - transvg_coordinates_fixed_20250519_140429 - INFO - Train metrics: l1_loss: 0.2821 | giou_loss: 0.7623 | total_loss: 2.9351
2025-05-19 20:41:22,264 - transvg_coordinates_fixed_20250519_140429 - INFO - Epoch 137, Batch 200/848, Loss: 3.5998
2025-05-19 20:41:22,264 - transvg_coordinates_fixed_20250519_140429 - INFO - Train metrics: l1_loss: 0.3645 | giou_loss: 0.8887 | total_loss: 3.5998
2025-05-19 20:41:40,017 - transvg_coordinates_fixed_20250519_140429 - INFO - Epoch 137, Batch 250/848, Loss: 3.2543
2025-05-19 20:41:40,018 - transvg_coordinates_fixed_20250519_140429 - INFO - Train metrics: l1_loss: 0.3070 | giou_loss: 0.8598 | total_loss: 3.2543
2025-05-19 20:41:57,741 - transvg_coordinates_fixed_20250519_140429 - INFO - Epoch 137, Batch 300/848, Loss: 3.1061
2025-05-19 20:41:57,742 - transvg_coordinates_fixed_20250519_140429 - INFO - Train metrics: l1_loss: 0.2837 | giou_loss: 0.8438 | total_loss: 3.1061
2025-05-19 20:42:15,609 - transvg_coordinates_fixed_20250519_140429 - INFO - Epoch 137, Batch 350/848, Loss: 3.1315
2025-05-19 20:42:15,610 - transvg_coordinates_fixed_20250519_140429 - INFO - Train metrics: l1_loss: 0.3069 | giou_loss: 0.7984 | total_loss: 3.1315
2025-05-19 20:42:33,542 - transvg_coordinates_fixed_20250519_140429 - INFO - Epoch 137, Batch 400/848, Loss: 3.3249
2025-05-19 20:42:33,543 - transvg_coordinates_fixed_20250519_140429 - INFO - Train metrics: l1_loss: 0.3298 | giou_loss: 0.8379 | total_loss: 3.3249
2025-05-19 20:42:51,486 - transvg_coordinates_fixed_20250519_140429 - INFO - Epoch 137, Batch 450/848, Loss: 2.9483
2025-05-19 20:42:51,486 - transvg_coordinates_fixed_20250519_140429 - INFO - Train metrics: l1_loss: 0.2911 | giou_loss: 0.7464 | total_loss: 2.9483
2025-05-19 20:43:09,468 - transvg_coordinates_fixed_20250519_140429 - INFO - Epoch 137, Batch 500/848, Loss: 3.1345
2025-05-19 20:43:09,468 - transvg_coordinates_fixed_20250519_140429 - INFO - Train metrics: l1_loss: 0.3105 | giou_loss: 0.7910 | total_loss: 3.1345
2025-05-19 20:43:27,474 - transvg_coordinates_fixed_20250519_140429 - INFO - Epoch 137, Batch 550/848, Loss: 3.7140
2025-05-19 20:43:27,474 - transvg_coordinates_fixed_20250519_140429 - INFO - Train metrics: l1_loss: 0.4018 | giou_loss: 0.8526 | total_loss: 3.7140
2025-05-19 20:43:45,513 - transvg_coordinates_fixed_20250519_140429 - INFO - Epoch 137, Batch 600/848, Loss: 3.1423
2025-05-19 20:43:45,513 - transvg_coordinates_fixed_20250519_140429 - INFO - Train metrics: l1_loss: 0.3156 | giou_loss: 0.7822 | total_loss: 3.1423
2025-05-19 20:44:03,546 - transvg_coordinates_fixed_20250519_140429 - INFO - Epoch 137, Batch 650/848, Loss: 3.6349
2025-05-19 20:44:03,546 - transvg_coordinates_fixed_20250519_140429 - INFO - Train metrics: l1_loss: 0.3828 | giou_loss: 0.8604 | total_loss: 3.6349
2025-05-19 20:44:21,585 - transvg_coordinates_fixed_20250519_140429 - INFO - Epoch 137, Batch 700/848, Loss: 3.4008
2025-05-19 20:44:21,586 - transvg_coordinates_fixed_20250519_140429 - INFO - Train metrics: l1_loss: 0.3361 | giou_loss: 0.8601 | total_loss: 3.4008
2025-05-19 20:44:39,667 - transvg_coordinates_fixed_20250519_140429 - INFO - Epoch 137, Batch 750/848, Loss: 4.1619
2025-05-19 20:44:39,668 - transvg_coordinates_fixed_20250519_140429 - INFO - Train metrics: l1_loss: 0.4373 | giou_loss: 0.9878 | total_loss: 4.1619
2025-05-19 20:44:57,787 - transvg_coordinates_fixed_20250519_140429 - INFO - Epoch 137, Batch 800/848, Loss: 2.5576
2025-05-19 20:44:57,787 - transvg_coordinates_fixed_20250519_140429 - INFO - Train metrics: l1_loss: 0.2353 | giou_loss: 0.6905 | total_loss: 2.5576
2025-05-19 20:45:14,818 - transvg_coordinates_fixed_20250519_140429 - INFO - Train Epoch 137, Loss: 3.4118
2025-05-19 20:45:31,325 - transvg_coordinates_fixed_20250519_140429 - INFO - Pred box sample: [98.42288208007812, 103.66829681396484, 256.1913146972656, 242.4449005126953]
2025-05-19 20:45:31,325 - transvg_coordinates_fixed_20250519_140429 - INFO - Target box sample: [207.0, 198.0, 287.0, 283.0]
2025-05-19 20:45:31,406 - transvg_coordinates_fixed_20250519_140429 - INFO - Validation Epoch 137, Loss: 4.7420
2025-05-19 20:45:31,406 - transvg_coordinates_fixed_20250519_140429 - INFO - Val metrics: Acc@0.25: 0.3054 | Acc@0.5: 0.1129 | Acc@0.75: 0.0130 | mIoU: 0.1755 | medianIoU: 0.0744 | mae_x1: 105.6008 | mae_y1: 103.4810 | mae_x2: 107.0329 | mae_y2: 102.6904 | center_x_error: 92.4612 | center_y_error: 87.9778 | width_error: 2.0660 | height_error: 1.9770 | loss: 4.7420
2025-05-19 20:45:32,034 - transvg_coordinates_fixed_20250519_140429 - INFO - Saved model checkpoint to /home/pokle/Trans-VG/visual_grounding/checkpoints/transvg_coordinates_fixed_20250519_140429_epoch137.pth
2025-05-19 20:45:32,034 - transvg_coordinates_fixed_20250519_140429 - INFO - Epoch 138/200
2025-05-19 20:45:33,110 - transvg_coordinates_fixed_20250519_140429 - INFO - Epoch 138, Batch 0/848, Loss: 3.5424
2025-05-19 20:45:33,110 - transvg_coordinates_fixed_20250519_140429 - INFO - Train metrics: l1_loss: 0.3801 | giou_loss: 0.8210 | total_loss: 3.5424
2025-05-19 20:45:51,026 - transvg_coordinates_fixed_20250519_140429 - INFO - Epoch 138, Batch 50/848, Loss: 3.8583
2025-05-19 20:45:51,026 - transvg_coordinates_fixed_20250519_140429 - INFO - Train metrics: l1_loss: 0.3994 | giou_loss: 0.9305 | total_loss: 3.8583
2025-05-19 20:46:09,060 - transvg_coordinates_fixed_20250519_140429 - INFO - Epoch 138, Batch 100/848, Loss: 2.9877
2025-05-19 20:46:09,060 - transvg_coordinates_fixed_20250519_140429 - INFO - Train metrics: l1_loss: 0.2753 | giou_loss: 0.8056 | total_loss: 2.9877
2025-05-19 20:46:27,137 - transvg_coordinates_fixed_20250519_140429 - INFO - Epoch 138, Batch 150/848, Loss: 3.3695
2025-05-19 20:46:27,137 - transvg_coordinates_fixed_20250519_140429 - INFO - Train metrics: l1_loss: 0.3209 | giou_loss: 0.8825 | total_loss: 3.3695
2025-05-19 20:46:45,330 - transvg_coordinates_fixed_20250519_140429 - INFO - Epoch 138, Batch 200/848, Loss: 3.6155
2025-05-19 20:46:45,330 - transvg_coordinates_fixed_20250519_140429 - INFO - Train metrics: l1_loss: 0.3736 | giou_loss: 0.8736 | total_loss: 3.6155
2025-05-19 20:47:03,409 - transvg_coordinates_fixed_20250519_140429 - INFO - Epoch 138, Batch 250/848, Loss: 3.4438
2025-05-19 20:47:03,409 - transvg_coordinates_fixed_20250519_140429 - INFO - Train metrics: l1_loss: 0.3761 | giou_loss: 0.7816 | total_loss: 3.4438
2025-05-19 20:47:21,512 - transvg_coordinates_fixed_20250519_140429 - INFO - Epoch 138, Batch 300/848, Loss: 4.0756
2025-05-19 20:47:21,513 - transvg_coordinates_fixed_20250519_140429 - INFO - Train metrics: l1_loss: 0.4291 | giou_loss: 0.9651 | total_loss: 4.0756
2025-05-19 20:47:39,624 - transvg_coordinates_fixed_20250519_140429 - INFO - Epoch 138, Batch 350/848, Loss: 3.5600
2025-05-19 20:47:39,625 - transvg_coordinates_fixed_20250519_140429 - INFO - Train metrics: l1_loss: 0.3777 | giou_loss: 0.8357 | total_loss: 3.5600
2025-05-19 20:47:57,752 - transvg_coordinates_fixed_20250519_140429 - INFO - Epoch 138, Batch 400/848, Loss: 3.8564
2025-05-19 20:47:57,752 - transvg_coordinates_fixed_20250519_140429 - INFO - Train metrics: l1_loss: 0.3974 | giou_loss: 0.9346 | total_loss: 3.8564
2025-05-19 20:48:15,869 - transvg_coordinates_fixed_20250519_140429 - INFO - Epoch 138, Batch 450/848, Loss: 3.6025
2025-05-19 20:48:15,869 - transvg_coordinates_fixed_20250519_140429 - INFO - Train metrics: l1_loss: 0.3783 | giou_loss: 0.8556 | total_loss: 3.6025
2025-05-19 20:48:33,992 - transvg_coordinates_fixed_20250519_140429 - INFO - Epoch 138, Batch 500/848, Loss: 3.2301
2025-05-19 20:48:33,992 - transvg_coordinates_fixed_20250519_140429 - INFO - Train metrics: l1_loss: 0.3327 | giou_loss: 0.7832 | total_loss: 3.2301
2025-05-19 20:48:52,148 - transvg_coordinates_fixed_20250519_140429 - INFO - Epoch 138, Batch 550/848, Loss: 2.9364
2025-05-19 20:48:52,148 - transvg_coordinates_fixed_20250519_140429 - INFO - Train metrics: l1_loss: 0.2879 | giou_loss: 0.7485 | total_loss: 2.9364
2025-05-19 20:49:10,309 - transvg_coordinates_fixed_20250519_140429 - INFO - Epoch 138, Batch 600/848, Loss: 3.4716
2025-05-19 20:49:10,309 - transvg_coordinates_fixed_20250519_140429 - INFO - Train metrics: l1_loss: 0.3723 | giou_loss: 0.8050 | total_loss: 3.4716
2025-05-19 20:49:28,480 - transvg_coordinates_fixed_20250519_140429 - INFO - Epoch 138, Batch 650/848, Loss: 3.7552
2025-05-19 20:49:28,480 - transvg_coordinates_fixed_20250519_140429 - INFO - Train metrics: l1_loss: 0.3746 | giou_loss: 0.9411 | total_loss: 3.7552
2025-05-19 20:49:46,595 - transvg_coordinates_fixed_20250519_140429 - INFO - Epoch 138, Batch 700/848, Loss: 3.9210
2025-05-19 20:49:46,595 - transvg_coordinates_fixed_20250519_140429 - INFO - Train metrics: l1_loss: 0.4003 | giou_loss: 0.9597 | total_loss: 3.9210
2025-05-19 20:50:04,776 - transvg_coordinates_fixed_20250519_140429 - INFO - Epoch 138, Batch 750/848, Loss: 4.0892
2025-05-19 20:50:04,776 - transvg_coordinates_fixed_20250519_140429 - INFO - Train metrics: l1_loss: 0.4389 | giou_loss: 0.9473 | total_loss: 4.0892
2025-05-19 20:50:22,972 - transvg_coordinates_fixed_20250519_140429 - INFO - Epoch 138, Batch 800/848, Loss: 2.9791
2025-05-19 20:50:22,972 - transvg_coordinates_fixed_20250519_140429 - INFO - Train metrics: l1_loss: 0.2972 | giou_loss: 0.7465 | total_loss: 2.9791
2025-05-19 20:50:40,108 - transvg_coordinates_fixed_20250519_140429 - INFO - Train Epoch 138, Loss: 3.3976
2025-05-19 20:50:56,234 - transvg_coordinates_fixed_20250519_140429 - INFO - Pred box sample: [96.33149719238281, 99.4542465209961, 265.00830078125, 250.0115203857422]
2025-05-19 20:50:56,234 - transvg_coordinates_fixed_20250519_140429 - INFO - Target box sample: [207.0, 198.0, 287.0, 283.0]
2025-05-19 20:50:56,311 - transvg_coordinates_fixed_20250519_140429 - INFO - Validation Epoch 138, Loss: 4.7396
2025-05-19 20:50:56,311 - transvg_coordinates_fixed_20250519_140429 - INFO - Val metrics: Acc@0.25: 0.3033 | Acc@0.5: 0.1126 | Acc@0.75: 0.0133 | mIoU: 0.1762 | medianIoU: 0.0745 | mae_x1: 105.6173 | mae_y1: 103.5765 | mae_x2: 107.0990 | mae_y2: 103.1835 | center_x_error: 92.3786 | center_y_error: 88.0332 | width_error: 2.0791 | height_error: 2.0147 | loss: 4.7396
2025-05-19 20:50:56,926 - transvg_coordinates_fixed_20250519_140429 - INFO - Saved model checkpoint to /home/pokle/Trans-VG/visual_grounding/checkpoints/transvg_coordinates_fixed_20250519_140429_epoch138.pth
2025-05-19 20:50:56,927 - transvg_coordinates_fixed_20250519_140429 - INFO - Epoch 139/200
2025-05-19 20:50:57,997 - transvg_coordinates_fixed_20250519_140429 - INFO - Epoch 139, Batch 0/848, Loss: 3.6377
2025-05-19 20:50:57,997 - transvg_coordinates_fixed_20250519_140429 - INFO - Train metrics: l1_loss: 0.3766 | giou_loss: 0.8774 | total_loss: 3.6377
2025-05-19 20:51:16,059 - transvg_coordinates_fixed_20250519_140429 - INFO - Epoch 139, Batch 50/848, Loss: 3.4344
2025-05-19 20:51:16,059 - transvg_coordinates_fixed_20250519_140429 - INFO - Train metrics: l1_loss: 0.3553 | giou_loss: 0.8289 | total_loss: 3.4344
2025-05-19 20:51:34,185 - transvg_coordinates_fixed_20250519_140429 - INFO - Epoch 139, Batch 100/848, Loss: 3.6187
2025-05-19 20:51:34,185 - transvg_coordinates_fixed_20250519_140429 - INFO - Train metrics: l1_loss: 0.3587 | giou_loss: 0.9126 | total_loss: 3.6187
2025-05-19 20:51:52,338 - transvg_coordinates_fixed_20250519_140429 - INFO - Epoch 139, Batch 150/848, Loss: 3.7612
2025-05-19 20:51:52,338 - transvg_coordinates_fixed_20250519_140429 - INFO - Train metrics: l1_loss: 0.3668 | giou_loss: 0.9636 | total_loss: 3.7612
2025-05-19 20:52:10,497 - transvg_coordinates_fixed_20250519_140429 - INFO - Epoch 139, Batch 200/848, Loss: 3.7979
2025-05-19 20:52:10,497 - transvg_coordinates_fixed_20250519_140429 - INFO - Train metrics: l1_loss: 0.4027 | giou_loss: 0.8923 | total_loss: 3.7979
2025-05-19 20:52:28,668 - transvg_coordinates_fixed_20250519_140429 - INFO - Epoch 139, Batch 250/848, Loss: 3.5926
2025-05-19 20:52:28,669 - transvg_coordinates_fixed_20250519_140429 - INFO - Train metrics: l1_loss: 0.3666 | giou_loss: 0.8798 | total_loss: 3.5926
2025-05-19 20:52:46,896 - transvg_coordinates_fixed_20250519_140429 - INFO - Epoch 139, Batch 300/848, Loss: 3.1815
2025-05-19 20:52:46,896 - transvg_coordinates_fixed_20250519_140429 - INFO - Train metrics: l1_loss: 0.3091 | giou_loss: 0.8181 | total_loss: 3.1815
2025-05-19 20:53:05,150 - transvg_coordinates_fixed_20250519_140429 - INFO - Epoch 139, Batch 350/848, Loss: 3.5502
2025-05-19 20:53:05,150 - transvg_coordinates_fixed_20250519_140429 - INFO - Train metrics: l1_loss: 0.3623 | giou_loss: 0.8694 | total_loss: 3.5502
2025-05-19 20:53:23,346 - transvg_coordinates_fixed_20250519_140429 - INFO - Epoch 139, Batch 400/848, Loss: 3.6331
2025-05-19 20:53:23,346 - transvg_coordinates_fixed_20250519_140429 - INFO - Train metrics: l1_loss: 0.3712 | giou_loss: 0.8886 | total_loss: 3.6331
2025-05-19 20:53:41,503 - transvg_coordinates_fixed_20250519_140429 - INFO - Epoch 139, Batch 450/848, Loss: 3.8327
2025-05-19 20:53:41,503 - transvg_coordinates_fixed_20250519_140429 - INFO - Train metrics: l1_loss: 0.4001 | giou_loss: 0.9161 | total_loss: 3.8327
2025-05-19 20:53:59,749 - transvg_coordinates_fixed_20250519_140429 - INFO - Epoch 139, Batch 500/848, Loss: 2.9922
2025-05-19 20:53:59,750 - transvg_coordinates_fixed_20250519_140429 - INFO - Train metrics: l1_loss: 0.3048 | giou_loss: 0.7340 | total_loss: 2.9922
2025-05-19 20:54:18,001 - transvg_coordinates_fixed_20250519_140429 - INFO - Epoch 139, Batch 550/848, Loss: 3.1861
2025-05-19 20:54:18,001 - transvg_coordinates_fixed_20250519_140429 - INFO - Train metrics: l1_loss: 0.3154 | giou_loss: 0.8046 | total_loss: 3.1861
2025-05-19 20:54:36,414 - transvg_coordinates_fixed_20250519_140429 - INFO - Epoch 139, Batch 600/848, Loss: 3.4605
2025-05-19 20:54:36,414 - transvg_coordinates_fixed_20250519_140429 - INFO - Train metrics: l1_loss: 0.3537 | giou_loss: 0.8460 | total_loss: 3.4605
2025-05-19 20:54:54,541 - transvg_coordinates_fixed_20250519_140429 - INFO - Epoch 139, Batch 650/848, Loss: 3.0269
2025-05-19 20:54:54,541 - transvg_coordinates_fixed_20250519_140429 - INFO - Train metrics: l1_loss: 0.2867 | giou_loss: 0.7968 | total_loss: 3.0269
2025-05-19 20:55:12,708 - transvg_coordinates_fixed_20250519_140429 - INFO - Epoch 139, Batch 700/848, Loss: 3.3874
2025-05-19 20:55:12,708 - transvg_coordinates_fixed_20250519_140429 - INFO - Train metrics: l1_loss: 0.3208 | giou_loss: 0.8917 | total_loss: 3.3874
2025-05-19 20:55:30,885 - transvg_coordinates_fixed_20250519_140429 - INFO - Epoch 139, Batch 750/848, Loss: 3.1309
2025-05-19 20:55:30,885 - transvg_coordinates_fixed_20250519_140429 - INFO - Train metrics: l1_loss: 0.2994 | giou_loss: 0.8169 | total_loss: 3.1309
2025-05-19 20:55:49,079 - transvg_coordinates_fixed_20250519_140429 - INFO - Epoch 139, Batch 800/848, Loss: 3.4495
2025-05-19 20:55:49,079 - transvg_coordinates_fixed_20250519_140429 - INFO - Train metrics: l1_loss: 0.3662 | giou_loss: 0.8092 | total_loss: 3.4495
2025-05-19 20:56:06,186 - transvg_coordinates_fixed_20250519_140429 - INFO - Train Epoch 139, Loss: 3.3920
2025-05-19 20:56:22,350 - transvg_coordinates_fixed_20250519_140429 - INFO - Pred box sample: [98.09351348876953, 104.91763305664062, 266.6844787597656, 260.6636657714844]
2025-05-19 20:56:22,351 - transvg_coordinates_fixed_20250519_140429 - INFO - Target box sample: [207.0, 198.0, 287.0, 283.0]
2025-05-19 20:56:22,426 - transvg_coordinates_fixed_20250519_140429 - INFO - Validation Epoch 139, Loss: 4.7421
2025-05-19 20:56:22,426 - transvg_coordinates_fixed_20250519_140429 - INFO - Val metrics: Acc@0.25: 0.3031 | Acc@0.5: 0.1126 | Acc@0.75: 0.0130 | mIoU: 0.1754 | medianIoU: 0.0739 | mae_x1: 105.7579 | mae_y1: 103.7392 | mae_x2: 106.7665 | mae_y2: 102.8406 | center_x_error: 92.4203 | center_y_error: 87.8366 | width_error: 2.0521 | height_error: 2.0075 | loss: 4.7421
2025-05-19 20:56:23,029 - transvg_coordinates_fixed_20250519_140429 - INFO - Saved model checkpoint to /home/pokle/Trans-VG/visual_grounding/checkpoints/transvg_coordinates_fixed_20250519_140429_epoch139.pth
2025-05-19 20:56:23,030 - transvg_coordinates_fixed_20250519_140429 - INFO - Epoch 140/200
2025-05-19 20:56:24,125 - transvg_coordinates_fixed_20250519_140429 - INFO - Epoch 140, Batch 0/848, Loss: 3.0485
2025-05-19 20:56:24,126 - transvg_coordinates_fixed_20250519_140429 - INFO - Train metrics: l1_loss: 0.2900 | giou_loss: 0.7992 | total_loss: 3.0485
2025-05-19 20:56:42,198 - transvg_coordinates_fixed_20250519_140429 - INFO - Epoch 140, Batch 50/848, Loss: 3.7295
2025-05-19 20:56:42,198 - transvg_coordinates_fixed_20250519_140429 - INFO - Train metrics: l1_loss: 0.3983 | giou_loss: 0.8690 | total_loss: 3.7295
2025-05-19 20:57:00,392 - transvg_coordinates_fixed_20250519_140429 - INFO - Epoch 140, Batch 100/848, Loss: 3.6371
2025-05-19 20:57:00,393 - transvg_coordinates_fixed_20250519_140429 - INFO - Train metrics: l1_loss: 0.3728 | giou_loss: 0.8866 | total_loss: 3.6371
2025-05-19 20:57:18,615 - transvg_coordinates_fixed_20250519_140429 - INFO - Epoch 140, Batch 150/848, Loss: 3.3216
2025-05-19 20:57:18,615 - transvg_coordinates_fixed_20250519_140429 - INFO - Train metrics: l1_loss: 0.3355 | giou_loss: 0.8221 | total_loss: 3.3216
2025-05-19 20:57:36,812 - transvg_coordinates_fixed_20250519_140429 - INFO - Epoch 140, Batch 200/848, Loss: 2.8894
2025-05-19 20:57:36,813 - transvg_coordinates_fixed_20250519_140429 - INFO - Train metrics: l1_loss: 0.2908 | giou_loss: 0.7178 | total_loss: 2.8894
2025-05-19 20:57:55,008 - transvg_coordinates_fixed_20250519_140429 - INFO - Epoch 140, Batch 250/848, Loss: 3.1710
2025-05-19 20:57:55,008 - transvg_coordinates_fixed_20250519_140429 - INFO - Train metrics: l1_loss: 0.2977 | giou_loss: 0.8411 | total_loss: 3.1710
2025-05-19 20:58:13,163 - transvg_coordinates_fixed_20250519_140429 - INFO - Epoch 140, Batch 300/848, Loss: 3.3527
2025-05-19 20:58:13,163 - transvg_coordinates_fixed_20250519_140429 - INFO - Train metrics: l1_loss: 0.3398 | giou_loss: 0.8268 | total_loss: 3.3527
2025-05-19 20:58:31,393 - transvg_coordinates_fixed_20250519_140429 - INFO - Epoch 140, Batch 350/848, Loss: 3.1789
2025-05-19 20:58:31,393 - transvg_coordinates_fixed_20250519_140429 - INFO - Train metrics: l1_loss: 0.3286 | giou_loss: 0.7678 | total_loss: 3.1789
2025-05-19 20:58:49,564 - transvg_coordinates_fixed_20250519_140429 - INFO - Epoch 140, Batch 400/848, Loss: 3.1069
2025-05-19 20:58:49,564 - transvg_coordinates_fixed_20250519_140429 - INFO - Train metrics: l1_loss: 0.2955 | giou_loss: 0.8146 | total_loss: 3.1069
2025-05-19 20:59:07,765 - transvg_coordinates_fixed_20250519_140429 - INFO - Epoch 140, Batch 450/848, Loss: 3.3513
2025-05-19 20:59:07,766 - transvg_coordinates_fixed_20250519_140429 - INFO - Train metrics: l1_loss: 0.3416 | giou_loss: 0.8217 | total_loss: 3.3513
2025-05-19 20:59:25,938 - transvg_coordinates_fixed_20250519_140429 - INFO - Epoch 140, Batch 500/848, Loss: 2.9234
2025-05-19 20:59:25,938 - transvg_coordinates_fixed_20250519_140429 - INFO - Train metrics: l1_loss: 0.2881 | giou_loss: 0.7413 | total_loss: 2.9234
2025-05-19 20:59:44,110 - transvg_coordinates_fixed_20250519_140429 - INFO - Epoch 140, Batch 550/848, Loss: 3.5713
2025-05-19 20:59:44,110 - transvg_coordinates_fixed_20250519_140429 - INFO - Train metrics: l1_loss: 0.3918 | giou_loss: 0.8062 | total_loss: 3.5713
2025-05-19 21:00:02,264 - transvg_coordinates_fixed_20250519_140429 - INFO - Epoch 140, Batch 600/848, Loss: 3.0125
2025-05-19 21:00:02,264 - transvg_coordinates_fixed_20250519_140429 - INFO - Train metrics: l1_loss: 0.2937 | giou_loss: 0.7721 | total_loss: 3.0125
2025-05-19 21:00:20,509 - transvg_coordinates_fixed_20250519_140429 - INFO - Epoch 140, Batch 650/848, Loss: 2.9840
2025-05-19 21:00:20,510 - transvg_coordinates_fixed_20250519_140429 - INFO - Train metrics: l1_loss: 0.2901 | giou_loss: 0.7669 | total_loss: 2.9840
2025-05-19 21:00:38,745 - transvg_coordinates_fixed_20250519_140429 - INFO - Epoch 140, Batch 700/848, Loss: 3.6957
2025-05-19 21:00:38,745 - transvg_coordinates_fixed_20250519_140429 - INFO - Train metrics: l1_loss: 0.3953 | giou_loss: 0.8595 | total_loss: 3.6957
2025-05-19 21:00:56,968 - transvg_coordinates_fixed_20250519_140429 - INFO - Epoch 140, Batch 750/848, Loss: 3.3278
2025-05-19 21:00:56,968 - transvg_coordinates_fixed_20250519_140429 - INFO - Train metrics: l1_loss: 0.3142 | giou_loss: 0.8785 | total_loss: 3.3278
2025-05-19 21:01:15,198 - transvg_coordinates_fixed_20250519_140429 - INFO - Epoch 140, Batch 800/848, Loss: 3.1078
2025-05-19 21:01:15,198 - transvg_coordinates_fixed_20250519_140429 - INFO - Train metrics: l1_loss: 0.2870 | giou_loss: 0.8365 | total_loss: 3.1078
2025-05-19 21:01:32,324 - transvg_coordinates_fixed_20250519_140429 - INFO - Train Epoch 140, Loss: 3.3808
2025-05-19 21:01:48,280 - transvg_coordinates_fixed_20250519_140429 - INFO - Pred box sample: [90.88237762451172, 102.33457946777344, 270.02667236328125, 254.4314422607422]
2025-05-19 21:01:48,280 - transvg_coordinates_fixed_20250519_140429 - INFO - Target box sample: [207.0, 198.0, 287.0, 283.0]
2025-05-19 21:01:48,353 - transvg_coordinates_fixed_20250519_140429 - INFO - Validation Epoch 140, Loss: 4.7400
2025-05-19 21:01:48,353 - transvg_coordinates_fixed_20250519_140429 - INFO - Val metrics: Acc@0.25: 0.3049 | Acc@0.5: 0.1118 | Acc@0.75: 0.0141 | mIoU: 0.1763 | medianIoU: 0.0749 | mae_x1: 106.6619 | mae_y1: 103.9752 | mae_x2: 106.6466 | mae_y2: 102.8586 | center_x_error: 92.4478 | center_y_error: 87.7735 | width_error: 2.1091 | height_error: 2.0284 | loss: 4.7400
2025-05-19 21:01:48,962 - transvg_coordinates_fixed_20250519_140429 - INFO - Saved model checkpoint to /home/pokle/Trans-VG/visual_grounding/checkpoints/transvg_coordinates_fixed_20250519_140429_epoch140.pth
2025-05-19 21:01:48,963 - transvg_coordinates_fixed_20250519_140429 - INFO - Epoch 141/200
2025-05-19 21:01:50,036 - transvg_coordinates_fixed_20250519_140429 - INFO - Epoch 141, Batch 0/848, Loss: 3.3255
2025-05-19 21:01:50,037 - transvg_coordinates_fixed_20250519_140429 - INFO - Train metrics: l1_loss: 0.3250 | giou_loss: 0.8503 | total_loss: 3.3255
2025-05-19 21:02:08,069 - transvg_coordinates_fixed_20250519_140429 - INFO - Epoch 141, Batch 50/848, Loss: 3.0895
2025-05-19 21:02:08,069 - transvg_coordinates_fixed_20250519_140429 - INFO - Train metrics: l1_loss: 0.3052 | giou_loss: 0.7818 | total_loss: 3.0895
2025-05-19 21:02:26,220 - transvg_coordinates_fixed_20250519_140429 - INFO - Epoch 141, Batch 100/848, Loss: 3.7754
2025-05-19 21:02:26,220 - transvg_coordinates_fixed_20250519_140429 - INFO - Train metrics: l1_loss: 0.4075 | giou_loss: 0.8690 | total_loss: 3.7754
2025-05-19 21:02:44,513 - transvg_coordinates_fixed_20250519_140429 - INFO - Epoch 141, Batch 150/848, Loss: 2.7692
2025-05-19 21:02:44,513 - transvg_coordinates_fixed_20250519_140429 - INFO - Train metrics: l1_loss: 0.2717 | giou_loss: 0.7053 | total_loss: 2.7692
2025-05-19 21:03:02,577 - transvg_coordinates_fixed_20250519_140429 - INFO - Epoch 141, Batch 200/848, Loss: 3.9971
2025-05-19 21:03:02,577 - transvg_coordinates_fixed_20250519_140429 - INFO - Train metrics: l1_loss: 0.4159 | giou_loss: 0.9587 | total_loss: 3.9971
2025-05-19 21:03:20,681 - transvg_coordinates_fixed_20250519_140429 - INFO - Epoch 141, Batch 250/848, Loss: 3.4822
2025-05-19 21:03:20,682 - transvg_coordinates_fixed_20250519_140429 - INFO - Train metrics: l1_loss: 0.3472 | giou_loss: 0.8730 | total_loss: 3.4822
2025-05-19 21:03:38,804 - transvg_coordinates_fixed_20250519_140429 - INFO - Epoch 141, Batch 300/848, Loss: 3.4027
2025-05-19 21:03:38,804 - transvg_coordinates_fixed_20250519_140429 - INFO - Train metrics: l1_loss: 0.3228 | giou_loss: 0.8943 | total_loss: 3.4027
2025-05-19 21:03:56,918 - transvg_coordinates_fixed_20250519_140429 - INFO - Epoch 141, Batch 350/848, Loss: 4.0019
2025-05-19 21:03:56,918 - transvg_coordinates_fixed_20250519_140429 - INFO - Train metrics: l1_loss: 0.4363 | giou_loss: 0.9103 | total_loss: 4.0019
2025-05-19 21:04:15,158 - transvg_coordinates_fixed_20250519_140429 - INFO - Epoch 141, Batch 400/848, Loss: 3.9924
2025-05-19 21:04:15,158 - transvg_coordinates_fixed_20250519_140429 - INFO - Train metrics: l1_loss: 0.4312 | giou_loss: 0.9183 | total_loss: 3.9924
2025-05-19 21:04:33,377 - transvg_coordinates_fixed_20250519_140429 - INFO - Epoch 141, Batch 450/848, Loss: 3.2527
2025-05-19 21:04:33,377 - transvg_coordinates_fixed_20250519_140429 - INFO - Train metrics: l1_loss: 0.3302 | giou_loss: 0.8009 | total_loss: 3.2527
2025-05-19 21:04:51,555 - transvg_coordinates_fixed_20250519_140429 - INFO - Epoch 141, Batch 500/848, Loss: 4.1038
2025-05-19 21:04:51,556 - transvg_coordinates_fixed_20250519_140429 - INFO - Train metrics: l1_loss: 0.4547 | giou_loss: 0.9152 | total_loss: 4.1038
2025-05-19 21:05:09,742 - transvg_coordinates_fixed_20250519_140429 - INFO - Epoch 141, Batch 550/848, Loss: 3.7759
2025-05-19 21:05:09,743 - transvg_coordinates_fixed_20250519_140429 - INFO - Train metrics: l1_loss: 0.3826 | giou_loss: 0.9315 | total_loss: 3.7759
2025-05-19 21:05:27,940 - transvg_coordinates_fixed_20250519_140429 - INFO - Epoch 141, Batch 600/848, Loss: 3.4541
2025-05-19 21:05:27,940 - transvg_coordinates_fixed_20250519_140429 - INFO - Train metrics: l1_loss: 0.3623 | giou_loss: 0.8213 | total_loss: 3.4541
2025-05-19 21:05:46,135 - transvg_coordinates_fixed_20250519_140429 - INFO - Epoch 141, Batch 650/848, Loss: 3.0507
2025-05-19 21:05:46,136 - transvg_coordinates_fixed_20250519_140429 - INFO - Train metrics: l1_loss: 0.3089 | giou_loss: 0.7531 | total_loss: 3.0507
2025-05-19 21:06:04,319 - transvg_coordinates_fixed_20250519_140429 - INFO - Epoch 141, Batch 700/848, Loss: 3.4605
2025-05-19 21:06:04,319 - transvg_coordinates_fixed_20250519_140429 - INFO - Train metrics: l1_loss: 0.3528 | giou_loss: 0.8482 | total_loss: 3.4605
2025-05-19 21:06:22,524 - transvg_coordinates_fixed_20250519_140429 - INFO - Epoch 141, Batch 750/848, Loss: 3.2627
2025-05-19 21:06:22,524 - transvg_coordinates_fixed_20250519_140429 - INFO - Train metrics: l1_loss: 0.3355 | giou_loss: 0.7927 | total_loss: 3.2627
2025-05-19 21:06:40,667 - transvg_coordinates_fixed_20250519_140429 - INFO - Epoch 141, Batch 800/848, Loss: 3.1004
2025-05-19 21:06:40,668 - transvg_coordinates_fixed_20250519_140429 - INFO - Train metrics: l1_loss: 0.3149 | giou_loss: 0.7629 | total_loss: 3.1004
2025-05-19 21:06:57,747 - transvg_coordinates_fixed_20250519_140429 - INFO - Train Epoch 141, Loss: 3.3783
2025-05-19 21:07:13,931 - transvg_coordinates_fixed_20250519_140429 - INFO - Pred box sample: [95.00806427001953, 104.3214340209961, 265.9691162109375, 254.21011352539062]
2025-05-19 21:07:13,932 - transvg_coordinates_fixed_20250519_140429 - INFO - Target box sample: [207.0, 198.0, 287.0, 283.0]
2025-05-19 21:07:14,012 - transvg_coordinates_fixed_20250519_140429 - INFO - Validation Epoch 141, Loss: 4.7420
2025-05-19 21:07:14,013 - transvg_coordinates_fixed_20250519_140429 - INFO - Val metrics: Acc@0.25: 0.3046 | Acc@0.5: 0.1121 | Acc@0.75: 0.0122 | mIoU: 0.1753 | medianIoU: 0.0741 | mae_x1: 106.1231 | mae_y1: 103.4817 | mae_x2: 106.6591 | mae_y2: 102.3593 | center_x_error: 92.4980 | center_y_error: 87.9514 | width_error: 2.0530 | height_error: 1.9703 | loss: 4.7420
2025-05-19 21:07:14,621 - transvg_coordinates_fixed_20250519_140429 - INFO - Saved model checkpoint to /home/pokle/Trans-VG/visual_grounding/checkpoints/transvg_coordinates_fixed_20250519_140429_epoch141.pth
2025-05-19 21:07:14,622 - transvg_coordinates_fixed_20250519_140429 - INFO - Epoch 142/200
2025-05-19 21:07:15,718 - transvg_coordinates_fixed_20250519_140429 - INFO - Epoch 142, Batch 0/848, Loss: 3.6077
2025-05-19 21:07:15,718 - transvg_coordinates_fixed_20250519_140429 - INFO - Train metrics: l1_loss: 0.4075 | giou_loss: 0.7850 | total_loss: 3.6077
2025-05-19 21:07:33,839 - transvg_coordinates_fixed_20250519_140429 - INFO - Epoch 142, Batch 50/848, Loss: 3.1559
2025-05-19 21:07:33,839 - transvg_coordinates_fixed_20250519_140429 - INFO - Train metrics: l1_loss: 0.3121 | giou_loss: 0.7976 | total_loss: 3.1559
2025-05-19 21:07:51,961 - transvg_coordinates_fixed_20250519_140429 - INFO - Epoch 142, Batch 100/848, Loss: 3.2785
2025-05-19 21:07:51,961 - transvg_coordinates_fixed_20250519_140429 - INFO - Train metrics: l1_loss: 0.3244 | giou_loss: 0.8282 | total_loss: 3.2785
2025-05-19 21:08:10,143 - transvg_coordinates_fixed_20250519_140429 - INFO - Epoch 142, Batch 150/848, Loss: 3.5896
2025-05-19 21:08:10,143 - transvg_coordinates_fixed_20250519_140429 - INFO - Train metrics: l1_loss: 0.3508 | giou_loss: 0.9179 | total_loss: 3.5896
2025-05-19 21:08:28,412 - transvg_coordinates_fixed_20250519_140429 - INFO - Epoch 142, Batch 200/848, Loss: 3.3633
2025-05-19 21:08:28,412 - transvg_coordinates_fixed_20250519_140429 - INFO - Train metrics: l1_loss: 0.3089 | giou_loss: 0.9095 | total_loss: 3.3633
2025-05-19 21:08:46,712 - transvg_coordinates_fixed_20250519_140429 - INFO - Epoch 142, Batch 250/848, Loss: 3.3506
2025-05-19 21:08:46,712 - transvg_coordinates_fixed_20250519_140429 - INFO - Train metrics: l1_loss: 0.3521 | giou_loss: 0.7952 | total_loss: 3.3506
2025-05-19 21:09:05,034 - transvg_coordinates_fixed_20250519_140429 - INFO - Epoch 142, Batch 300/848, Loss: 3.4611
2025-05-19 21:09:05,034 - transvg_coordinates_fixed_20250519_140429 - INFO - Train metrics: l1_loss: 0.3383 | giou_loss: 0.8848 | total_loss: 3.4611
2025-05-19 21:09:23,321 - transvg_coordinates_fixed_20250519_140429 - INFO - Epoch 142, Batch 350/848, Loss: 3.8892
2025-05-19 21:09:23,321 - transvg_coordinates_fixed_20250519_140429 - INFO - Train metrics: l1_loss: 0.4170 | giou_loss: 0.9020 | total_loss: 3.8892
2025-05-19 21:09:41,571 - transvg_coordinates_fixed_20250519_140429 - INFO - Epoch 142, Batch 400/848, Loss: 3.5649
2025-05-19 21:09:41,571 - transvg_coordinates_fixed_20250519_140429 - INFO - Train metrics: l1_loss: 0.3676 | giou_loss: 0.8634 | total_loss: 3.5649
2025-05-19 21:09:59,871 - transvg_coordinates_fixed_20250519_140429 - INFO - Epoch 142, Batch 450/848, Loss: 3.7806
2025-05-19 21:09:59,871 - transvg_coordinates_fixed_20250519_140429 - INFO - Train metrics: l1_loss: 0.3981 | giou_loss: 0.8951 | total_loss: 3.7806
2025-05-19 21:10:18,163 - transvg_coordinates_fixed_20250519_140429 - INFO - Epoch 142, Batch 500/848, Loss: 3.9607
2025-05-19 21:10:18,163 - transvg_coordinates_fixed_20250519_140429 - INFO - Train metrics: l1_loss: 0.4356 | giou_loss: 0.8912 | total_loss: 3.9607
2025-05-19 21:10:36,576 - transvg_coordinates_fixed_20250519_140429 - INFO - Epoch 142, Batch 550/848, Loss: 2.9079
2025-05-19 21:10:36,576 - transvg_coordinates_fixed_20250519_140429 - INFO - Train metrics: l1_loss: 0.2999 | giou_loss: 0.7041 | total_loss: 2.9079
2025-05-19 21:10:54,835 - transvg_coordinates_fixed_20250519_140429 - INFO - Epoch 142, Batch 600/848, Loss: 3.0659
2025-05-19 21:10:54,835 - transvg_coordinates_fixed_20250519_140429 - INFO - Train metrics: l1_loss: 0.3036 | giou_loss: 0.7739 | total_loss: 3.0659
2025-05-19 21:11:13,092 - transvg_coordinates_fixed_20250519_140429 - INFO - Epoch 142, Batch 650/848, Loss: 3.7115
2025-05-19 21:11:13,092 - transvg_coordinates_fixed_20250519_140429 - INFO - Train metrics: l1_loss: 0.4030 | giou_loss: 0.8482 | total_loss: 3.7115
2025-05-19 21:11:31,325 - transvg_coordinates_fixed_20250519_140429 - INFO - Epoch 142, Batch 700/848, Loss: 3.9906
2025-05-19 21:11:31,325 - transvg_coordinates_fixed_20250519_140429 - INFO - Train metrics: l1_loss: 0.4250 | giou_loss: 0.9328 | total_loss: 3.9906
2025-05-19 21:11:49,559 - transvg_coordinates_fixed_20250519_140429 - INFO - Epoch 142, Batch 750/848, Loss: 3.5367
2025-05-19 21:11:49,559 - transvg_coordinates_fixed_20250519_140429 - INFO - Train metrics: l1_loss: 0.3577 | giou_loss: 0.8740 | total_loss: 3.5367
2025-05-19 21:12:07,805 - transvg_coordinates_fixed_20250519_140429 - INFO - Epoch 142, Batch 800/848, Loss: 3.5600
2025-05-19 21:12:07,805 - transvg_coordinates_fixed_20250519_140429 - INFO - Train metrics: l1_loss: 0.3834 | giou_loss: 0.8214 | total_loss: 3.5600
2025-05-19 21:12:24,936 - transvg_coordinates_fixed_20250519_140429 - INFO - Train Epoch 142, Loss: 3.3779
2025-05-19 21:12:41,151 - transvg_coordinates_fixed_20250519_140429 - INFO - Pred box sample: [95.80697631835938, 101.58316040039062, 265.1536560058594, 250.04119873046875]
2025-05-19 21:12:41,151 - transvg_coordinates_fixed_20250519_140429 - INFO - Target box sample: [207.0, 198.0, 287.0, 283.0]
2025-05-19 21:12:41,227 - transvg_coordinates_fixed_20250519_140429 - INFO - Validation Epoch 142, Loss: 4.7431
2025-05-19 21:12:41,227 - transvg_coordinates_fixed_20250519_140429 - INFO - Val metrics: Acc@0.25: 0.3015 | Acc@0.5: 0.1126 | Acc@0.75: 0.0138 | mIoU: 0.1752 | medianIoU: 0.0737 | mae_x1: 106.1339 | mae_y1: 103.3879 | mae_x2: 106.7806 | mae_y2: 102.4388 | center_x_error: 92.5814 | center_y_error: 87.9470 | width_error: 2.0540 | height_error: 1.9625 | loss: 4.7431
2025-05-19 21:12:41,825 - transvg_coordinates_fixed_20250519_140429 - INFO - Saved model checkpoint to /home/pokle/Trans-VG/visual_grounding/checkpoints/transvg_coordinates_fixed_20250519_140429_epoch142.pth
2025-05-19 21:12:41,825 - transvg_coordinates_fixed_20250519_140429 - INFO - Epoch 143/200
2025-05-19 21:12:42,965 - transvg_coordinates_fixed_20250519_140429 - INFO - Epoch 143, Batch 0/848, Loss: 3.7923
2025-05-19 21:12:42,965 - transvg_coordinates_fixed_20250519_140429 - INFO - Train metrics: l1_loss: 0.4155 | giou_loss: 0.8574 | total_loss: 3.7923
2025-05-19 21:13:00,913 - transvg_coordinates_fixed_20250519_140429 - INFO - Epoch 143, Batch 50/848, Loss: 3.6745
2025-05-19 21:13:00,913 - transvg_coordinates_fixed_20250519_140429 - INFO - Train metrics: l1_loss: 0.3596 | giou_loss: 0.9383 | total_loss: 3.6745
2025-05-19 21:13:18,975 - transvg_coordinates_fixed_20250519_140429 - INFO - Epoch 143, Batch 100/848, Loss: 4.0253
2025-05-19 21:13:18,976 - transvg_coordinates_fixed_20250519_140429 - INFO - Train metrics: l1_loss: 0.4171 | giou_loss: 0.9700 | total_loss: 4.0253
2025-05-19 21:13:37,039 - transvg_coordinates_fixed_20250519_140429 - INFO - Epoch 143, Batch 150/848, Loss: 3.2616
2025-05-19 21:13:37,039 - transvg_coordinates_fixed_20250519_140429 - INFO - Train metrics: l1_loss: 0.3216 | giou_loss: 0.8269 | total_loss: 3.2616
2025-05-19 21:13:55,167 - transvg_coordinates_fixed_20250519_140429 - INFO - Epoch 143, Batch 200/848, Loss: 3.5309
2025-05-19 21:13:55,167 - transvg_coordinates_fixed_20250519_140429 - INFO - Train metrics: l1_loss: 0.3711 | giou_loss: 0.8376 | total_loss: 3.5309
2025-05-19 21:14:13,271 - transvg_coordinates_fixed_20250519_140429 - INFO - Epoch 143, Batch 250/848, Loss: 3.5059
2025-05-19 21:14:13,271 - transvg_coordinates_fixed_20250519_140429 - INFO - Train metrics: l1_loss: 0.3246 | giou_loss: 0.9414 | total_loss: 3.5059
2025-05-19 21:14:31,387 - transvg_coordinates_fixed_20250519_140429 - INFO - Epoch 143, Batch 300/848, Loss: 3.1098
2025-05-19 21:14:31,387 - transvg_coordinates_fixed_20250519_140429 - INFO - Train metrics: l1_loss: 0.3087 | giou_loss: 0.7831 | total_loss: 3.1098
2025-05-19 21:14:49,506 - transvg_coordinates_fixed_20250519_140429 - INFO - Epoch 143, Batch 350/848, Loss: 3.9002
2025-05-19 21:14:49,507 - transvg_coordinates_fixed_20250519_140429 - INFO - Train metrics: l1_loss: 0.4315 | giou_loss: 0.8712 | total_loss: 3.9002
2025-05-19 21:15:07,651 - transvg_coordinates_fixed_20250519_140429 - INFO - Epoch 143, Batch 400/848, Loss: 3.5518
2025-05-19 21:15:07,652 - transvg_coordinates_fixed_20250519_140429 - INFO - Train metrics: l1_loss: 0.3611 | giou_loss: 0.8732 | total_loss: 3.5518
2025-05-19 21:15:25,797 - transvg_coordinates_fixed_20250519_140429 - INFO - Epoch 143, Batch 450/848, Loss: 3.4846
2025-05-19 21:15:25,798 - transvg_coordinates_fixed_20250519_140429 - INFO - Train metrics: l1_loss: 0.3618 | giou_loss: 0.8378 | total_loss: 3.4846
2025-05-19 21:15:43,908 - transvg_coordinates_fixed_20250519_140429 - INFO - Epoch 143, Batch 500/848, Loss: 3.3883
2025-05-19 21:15:43,908 - transvg_coordinates_fixed_20250519_140429 - INFO - Train metrics: l1_loss: 0.3659 | giou_loss: 0.7795 | total_loss: 3.3883
2025-05-19 21:16:02,043 - transvg_coordinates_fixed_20250519_140429 - INFO - Epoch 143, Batch 550/848, Loss: 3.8613
2025-05-19 21:16:02,044 - transvg_coordinates_fixed_20250519_140429 - INFO - Train metrics: l1_loss: 0.4027 | giou_loss: 0.9239 | total_loss: 3.8613
2025-05-19 21:16:20,155 - transvg_coordinates_fixed_20250519_140429 - INFO - Epoch 143, Batch 600/848, Loss: 3.2296
2025-05-19 21:16:20,156 - transvg_coordinates_fixed_20250519_140429 - INFO - Train metrics: l1_loss: 0.2931 | giou_loss: 0.8821 | total_loss: 3.2296
2025-05-19 21:16:38,290 - transvg_coordinates_fixed_20250519_140429 - INFO - Epoch 143, Batch 650/848, Loss: 4.0915
2025-05-19 21:16:38,291 - transvg_coordinates_fixed_20250519_140429 - INFO - Train metrics: l1_loss: 0.4521 | giou_loss: 0.9154 | total_loss: 4.0915
2025-05-19 21:16:56,449 - transvg_coordinates_fixed_20250519_140429 - INFO - Epoch 143, Batch 700/848, Loss: 3.5282
2025-05-19 21:16:56,449 - transvg_coordinates_fixed_20250519_140429 - INFO - Train metrics: l1_loss: 0.3601 | giou_loss: 0.8639 | total_loss: 3.5282
2025-05-19 21:17:14,596 - transvg_coordinates_fixed_20250519_140429 - INFO - Epoch 143, Batch 750/848, Loss: 3.1583
2025-05-19 21:17:14,596 - transvg_coordinates_fixed_20250519_140429 - INFO - Train metrics: l1_loss: 0.3159 | giou_loss: 0.7894 | total_loss: 3.1583
2025-05-19 21:17:32,779 - transvg_coordinates_fixed_20250519_140429 - INFO - Epoch 143, Batch 800/848, Loss: 3.3696
2025-05-19 21:17:32,779 - transvg_coordinates_fixed_20250519_140429 - INFO - Train metrics: l1_loss: 0.3349 | giou_loss: 0.8475 | total_loss: 3.3696
2025-05-19 21:17:49,892 - transvg_coordinates_fixed_20250519_140429 - INFO - Train Epoch 143, Loss: 3.3624
2025-05-19 21:18:06,096 - transvg_coordinates_fixed_20250519_140429 - INFO - Pred box sample: [90.10123443603516, 95.56766510009766, 258.2876892089844, 248.447998046875]
2025-05-19 21:18:06,096 - transvg_coordinates_fixed_20250519_140429 - INFO - Target box sample: [207.0, 198.0, 287.0, 283.0]
2025-05-19 21:18:06,163 - transvg_coordinates_fixed_20250519_140429 - INFO - Validation Epoch 143, Loss: 4.7554
2025-05-19 21:18:06,163 - transvg_coordinates_fixed_20250519_140429 - INFO - Val metrics: Acc@0.25: 0.3004 | Acc@0.5: 0.1105 | Acc@0.75: 0.0122 | mIoU: 0.1743 | medianIoU: 0.0728 | mae_x1: 106.1909 | mae_y1: 103.9844 | mae_x2: 107.2854 | mae_y2: 102.3747 | center_x_error: 92.8697 | center_y_error: 88.1272 | width_error: 2.0547 | height_error: 1.9577 | loss: 4.7554
2025-05-19 21:18:06,768 - transvg_coordinates_fixed_20250519_140429 - INFO - Saved model checkpoint to /home/pokle/Trans-VG/visual_grounding/checkpoints/transvg_coordinates_fixed_20250519_140429_epoch143.pth
2025-05-19 21:18:06,769 - transvg_coordinates_fixed_20250519_140429 - INFO - Epoch 144/200
2025-05-19 21:18:07,861 - transvg_coordinates_fixed_20250519_140429 - INFO - Epoch 144, Batch 0/848, Loss: 3.4405
2025-05-19 21:18:07,862 - transvg_coordinates_fixed_20250519_140429 - INFO - Train metrics: l1_loss: 0.3430 | giou_loss: 0.8627 | total_loss: 3.4405
2025-05-19 21:18:25,990 - transvg_coordinates_fixed_20250519_140429 - INFO - Epoch 144, Batch 50/848, Loss: 3.9555
2025-05-19 21:18:25,990 - transvg_coordinates_fixed_20250519_140429 - INFO - Train metrics: l1_loss: 0.4119 | giou_loss: 0.9481 | total_loss: 3.9555
2025-05-19 21:18:44,124 - transvg_coordinates_fixed_20250519_140429 - INFO - Epoch 144, Batch 100/848, Loss: 3.3054
2025-05-19 21:18:44,124 - transvg_coordinates_fixed_20250519_140429 - INFO - Train metrics: l1_loss: 0.3419 | giou_loss: 0.7980 | total_loss: 3.3054
2025-05-19 21:19:02,240 - transvg_coordinates_fixed_20250519_140429 - INFO - Epoch 144, Batch 150/848, Loss: 3.2031
2025-05-19 21:19:02,241 - transvg_coordinates_fixed_20250519_140429 - INFO - Train metrics: l1_loss: 0.3103 | giou_loss: 0.8259 | total_loss: 3.2031
2025-05-19 21:19:20,378 - transvg_coordinates_fixed_20250519_140429 - INFO - Epoch 144, Batch 200/848, Loss: 3.1638
2025-05-19 21:19:20,378 - transvg_coordinates_fixed_20250519_140429 - INFO - Train metrics: l1_loss: 0.2969 | giou_loss: 0.8396 | total_loss: 3.1638
2025-05-19 21:19:38,532 - transvg_coordinates_fixed_20250519_140429 - INFO - Epoch 144, Batch 250/848, Loss: 3.0015
2025-05-19 21:19:38,533 - transvg_coordinates_fixed_20250519_140429 - INFO - Train metrics: l1_loss: 0.2902 | giou_loss: 0.7752 | total_loss: 3.0015
2025-05-19 21:19:56,645 - transvg_coordinates_fixed_20250519_140429 - INFO - Epoch 144, Batch 300/848, Loss: 2.7001
2025-05-19 21:19:56,646 - transvg_coordinates_fixed_20250519_140429 - INFO - Train metrics: l1_loss: 0.2560 | giou_loss: 0.7099 | total_loss: 2.7001
2025-05-19 21:20:14,779 - transvg_coordinates_fixed_20250519_140429 - INFO - Epoch 144, Batch 350/848, Loss: 2.8360
2025-05-19 21:20:14,779 - transvg_coordinates_fixed_20250519_140429 - INFO - Train metrics: l1_loss: 0.2752 | giou_loss: 0.7299 | total_loss: 2.8360
2025-05-19 21:20:32,947 - transvg_coordinates_fixed_20250519_140429 - INFO - Epoch 144, Batch 400/848, Loss: 3.3613
2025-05-19 21:20:32,947 - transvg_coordinates_fixed_20250519_140429 - INFO - Train metrics: l1_loss: 0.3484 | giou_loss: 0.8096 | total_loss: 3.3613
2025-05-19 21:20:51,071 - transvg_coordinates_fixed_20250519_140429 - INFO - Epoch 144, Batch 450/848, Loss: 4.0226
2025-05-19 21:20:51,071 - transvg_coordinates_fixed_20250519_140429 - INFO - Train metrics: l1_loss: 0.4268 | giou_loss: 0.9444 | total_loss: 4.0226
2025-05-19 21:21:09,236 - transvg_coordinates_fixed_20250519_140429 - INFO - Epoch 144, Batch 500/848, Loss: 3.3450
2025-05-19 21:21:09,236 - transvg_coordinates_fixed_20250519_140429 - INFO - Train metrics: l1_loss: 0.3310 | giou_loss: 0.8449 | total_loss: 3.3450
2025-05-19 21:21:27,369 - transvg_coordinates_fixed_20250519_140429 - INFO - Epoch 144, Batch 550/848, Loss: 3.2824
2025-05-19 21:21:27,370 - transvg_coordinates_fixed_20250519_140429 - INFO - Train metrics: l1_loss: 0.3171 | giou_loss: 0.8485 | total_loss: 3.2824
2025-05-19 21:21:45,574 - transvg_coordinates_fixed_20250519_140429 - INFO - Epoch 144, Batch 600/848, Loss: 2.9962
2025-05-19 21:21:45,574 - transvg_coordinates_fixed_20250519_140429 - INFO - Train metrics: l1_loss: 0.2867 | giou_loss: 0.7814 | total_loss: 2.9962
2025-05-19 21:22:03,839 - transvg_coordinates_fixed_20250519_140429 - INFO - Epoch 144, Batch 650/848, Loss: 3.1039
2025-05-19 21:22:03,839 - transvg_coordinates_fixed_20250519_140429 - INFO - Train metrics: l1_loss: 0.2905 | giou_loss: 0.8257 | total_loss: 3.1039
2025-05-19 21:22:22,001 - transvg_coordinates_fixed_20250519_140429 - INFO - Epoch 144, Batch 700/848, Loss: 2.9505
2025-05-19 21:22:22,001 - transvg_coordinates_fixed_20250519_140429 - INFO - Train metrics: l1_loss: 0.2903 | giou_loss: 0.7495 | total_loss: 2.9505
2025-05-19 21:22:40,198 - transvg_coordinates_fixed_20250519_140429 - INFO - Epoch 144, Batch 750/848, Loss: 3.9997
2025-05-19 21:22:40,198 - transvg_coordinates_fixed_20250519_140429 - INFO - Train metrics: l1_loss: 0.4237 | giou_loss: 0.9406 | total_loss: 3.9997
2025-05-19 21:22:58,369 - transvg_coordinates_fixed_20250519_140429 - INFO - Epoch 144, Batch 800/848, Loss: 3.1634
2025-05-19 21:22:58,369 - transvg_coordinates_fixed_20250519_140429 - INFO - Train metrics: l1_loss: 0.3127 | giou_loss: 0.8001 | total_loss: 3.1634
2025-05-19 21:23:15,530 - transvg_coordinates_fixed_20250519_140429 - INFO - Train Epoch 144, Loss: 3.3655
2025-05-19 21:23:31,740 - transvg_coordinates_fixed_20250519_140429 - INFO - Pred box sample: [87.97087860107422, 103.75086212158203, 252.7714080810547, 249.69189453125]
2025-05-19 21:23:31,741 - transvg_coordinates_fixed_20250519_140429 - INFO - Target box sample: [207.0, 198.0, 287.0, 283.0]
2025-05-19 21:23:31,812 - transvg_coordinates_fixed_20250519_140429 - INFO - Validation Epoch 144, Loss: 4.7629
2025-05-19 21:23:31,812 - transvg_coordinates_fixed_20250519_140429 - INFO - Val metrics: Acc@0.25: 0.2969 | Acc@0.5: 0.1110 | Acc@0.75: 0.0125 | mIoU: 0.1734 | medianIoU: 0.0731 | mae_x1: 106.7056 | mae_y1: 103.2123 | mae_x2: 107.3007 | mae_y2: 102.9110 | center_x_error: 92.9990 | center_y_error: 88.4814 | width_error: 2.0694 | height_error: 1.9091 | loss: 4.7629
2025-05-19 21:23:32,416 - transvg_coordinates_fixed_20250519_140429 - INFO - Saved model checkpoint to /home/pokle/Trans-VG/visual_grounding/checkpoints/transvg_coordinates_fixed_20250519_140429_epoch144.pth
2025-05-19 21:23:32,417 - transvg_coordinates_fixed_20250519_140429 - INFO - Epoch 145/200
2025-05-19 21:23:33,512 - transvg_coordinates_fixed_20250519_140429 - INFO - Epoch 145, Batch 0/848, Loss: 3.3785
2025-05-19 21:23:33,513 - transvg_coordinates_fixed_20250519_140429 - INFO - Train metrics: l1_loss: 0.3536 | giou_loss: 0.8052 | total_loss: 3.3785
2025-05-19 21:23:51,523 - transvg_coordinates_fixed_20250519_140429 - INFO - Epoch 145, Batch 50/848, Loss: 3.6973
2025-05-19 21:23:51,523 - transvg_coordinates_fixed_20250519_140429 - INFO - Train metrics: l1_loss: 0.3849 | giou_loss: 0.8865 | total_loss: 3.6973
2025-05-19 21:24:09,648 - transvg_coordinates_fixed_20250519_140429 - INFO - Epoch 145, Batch 100/848, Loss: 3.6861
2025-05-19 21:24:09,648 - transvg_coordinates_fixed_20250519_140429 - INFO - Train metrics: l1_loss: 0.3907 | giou_loss: 0.8663 | total_loss: 3.6861
2025-05-19 21:24:27,771 - transvg_coordinates_fixed_20250519_140429 - INFO - Epoch 145, Batch 150/848, Loss: 3.7948
2025-05-19 21:24:27,771 - transvg_coordinates_fixed_20250519_140429 - INFO - Train metrics: l1_loss: 0.4008 | giou_loss: 0.8954 | total_loss: 3.7948
2025-05-19 21:24:45,887 - transvg_coordinates_fixed_20250519_140429 - INFO - Epoch 145, Batch 200/848, Loss: 3.9203
2025-05-19 21:24:45,887 - transvg_coordinates_fixed_20250519_140429 - INFO - Train metrics: l1_loss: 0.4059 | giou_loss: 0.9455 | total_loss: 3.9203
2025-05-19 21:25:04,072 - transvg_coordinates_fixed_20250519_140429 - INFO - Epoch 145, Batch 250/848, Loss: 3.8012
2025-05-19 21:25:04,072 - transvg_coordinates_fixed_20250519_140429 - INFO - Train metrics: l1_loss: 0.3903 | giou_loss: 0.9248 | total_loss: 3.8012
2025-05-19 21:25:22,259 - transvg_coordinates_fixed_20250519_140429 - INFO - Epoch 145, Batch 300/848, Loss: 3.9432
2025-05-19 21:25:22,259 - transvg_coordinates_fixed_20250519_140429 - INFO - Train metrics: l1_loss: 0.4265 | giou_loss: 0.9053 | total_loss: 3.9432
2025-05-19 21:25:40,406 - transvg_coordinates_fixed_20250519_140429 - INFO - Epoch 145, Batch 350/848, Loss: 3.4025
2025-05-19 21:25:40,406 - transvg_coordinates_fixed_20250519_140429 - INFO - Train metrics: l1_loss: 0.3394 | giou_loss: 0.8528 | total_loss: 3.4025
2025-05-19 21:25:58,578 - transvg_coordinates_fixed_20250519_140429 - INFO - Epoch 145, Batch 400/848, Loss: 3.5057
2025-05-19 21:25:58,578 - transvg_coordinates_fixed_20250519_140429 - INFO - Train metrics: l1_loss: 0.3579 | giou_loss: 0.8582 | total_loss: 3.5057
2025-05-19 21:26:16,890 - transvg_coordinates_fixed_20250519_140429 - INFO - Epoch 145, Batch 450/848, Loss: 3.7446
2025-05-19 21:26:16,890 - transvg_coordinates_fixed_20250519_140429 - INFO - Train metrics: l1_loss: 0.4124 | giou_loss: 0.8414 | total_loss: 3.7446
2025-05-19 21:26:34,994 - transvg_coordinates_fixed_20250519_140429 - INFO - Epoch 145, Batch 500/848, Loss: 2.8513
2025-05-19 21:26:34,994 - transvg_coordinates_fixed_20250519_140429 - INFO - Train metrics: l1_loss: 0.2699 | giou_loss: 0.7510 | total_loss: 2.8513
2025-05-19 21:26:53,176 - transvg_coordinates_fixed_20250519_140429 - INFO - Epoch 145, Batch 550/848, Loss: 3.7086
2025-05-19 21:26:53,176 - transvg_coordinates_fixed_20250519_140429 - INFO - Train metrics: l1_loss: 0.3773 | giou_loss: 0.9111 | total_loss: 3.7086
2025-05-19 21:27:11,377 - transvg_coordinates_fixed_20250519_140429 - INFO - Epoch 145, Batch 600/848, Loss: 3.3218
2025-05-19 21:27:11,377 - transvg_coordinates_fixed_20250519_140429 - INFO - Train metrics: l1_loss: 0.3325 | giou_loss: 0.8296 | total_loss: 3.3218
2025-05-19 21:27:29,531 - transvg_coordinates_fixed_20250519_140429 - INFO - Epoch 145, Batch 650/848, Loss: 3.3213
2025-05-19 21:27:29,531 - transvg_coordinates_fixed_20250519_140429 - INFO - Train metrics: l1_loss: 0.3347 | giou_loss: 0.8239 | total_loss: 3.3213
2025-05-19 21:27:47,713 - transvg_coordinates_fixed_20250519_140429 - INFO - Epoch 145, Batch 700/848, Loss: 3.4845
2025-05-19 21:27:47,713 - transvg_coordinates_fixed_20250519_140429 - INFO - Train metrics: l1_loss: 0.3528 | giou_loss: 0.8602 | total_loss: 3.4845
2025-05-19 21:28:05,871 - transvg_coordinates_fixed_20250519_140429 - INFO - Epoch 145, Batch 750/848, Loss: 3.2331
2025-05-19 21:28:05,871 - transvg_coordinates_fixed_20250519_140429 - INFO - Train metrics: l1_loss: 0.3149 | giou_loss: 0.8292 | total_loss: 3.2331
2025-05-19 21:28:24,059 - transvg_coordinates_fixed_20250519_140429 - INFO - Epoch 145, Batch 800/848, Loss: 2.8211
2025-05-19 21:28:24,059 - transvg_coordinates_fixed_20250519_140429 - INFO - Train metrics: l1_loss: 0.2797 | giou_loss: 0.7113 | total_loss: 2.8211
2025-05-19 21:28:41,221 - transvg_coordinates_fixed_20250519_140429 - INFO - Train Epoch 145, Loss: 3.3617
2025-05-19 21:28:57,525 - transvg_coordinates_fixed_20250519_140429 - INFO - Pred box sample: [90.61483001708984, 101.46478271484375, 264.64794921875, 257.17681884765625]
2025-05-19 21:28:57,525 - transvg_coordinates_fixed_20250519_140429 - INFO - Target box sample: [207.0, 198.0, 287.0, 283.0]
2025-05-19 21:28:57,615 - transvg_coordinates_fixed_20250519_140429 - INFO - Validation Epoch 145, Loss: 4.7524
2025-05-19 21:28:57,615 - transvg_coordinates_fixed_20250519_140429 - INFO - Val metrics: Acc@0.25: 0.3015 | Acc@0.5: 0.1110 | Acc@0.75: 0.0133 | mIoU: 0.1745 | medianIoU: 0.0714 | mae_x1: 106.2875 | mae_y1: 103.5241 | mae_x2: 107.1268 | mae_y2: 102.2849 | center_x_error: 92.9040 | center_y_error: 87.8817 | width_error: 2.0456 | height_error: 1.9472 | loss: 4.7524
2025-05-19 21:28:58,226 - transvg_coordinates_fixed_20250519_140429 - INFO - Saved model checkpoint to /home/pokle/Trans-VG/visual_grounding/checkpoints/transvg_coordinates_fixed_20250519_140429_epoch145.pth
2025-05-19 21:28:58,226 - transvg_coordinates_fixed_20250519_140429 - INFO - Epoch 146/200
2025-05-19 21:28:59,381 - transvg_coordinates_fixed_20250519_140429 - INFO - Epoch 146, Batch 0/848, Loss: 3.0885
2025-05-19 21:28:59,381 - transvg_coordinates_fixed_20250519_140429 - INFO - Train metrics: l1_loss: 0.3101 | giou_loss: 0.7690 | total_loss: 3.0885
2025-05-19 21:29:17,351 - transvg_coordinates_fixed_20250519_140429 - INFO - Epoch 146, Batch 50/848, Loss: 3.8103
2025-05-19 21:29:17,351 - transvg_coordinates_fixed_20250519_140429 - INFO - Train metrics: l1_loss: 0.3746 | giou_loss: 0.9687 | total_loss: 3.8103
2025-05-19 21:29:35,477 - transvg_coordinates_fixed_20250519_140429 - INFO - Epoch 146, Batch 100/848, Loss: 3.1297
2025-05-19 21:29:35,477 - transvg_coordinates_fixed_20250519_140429 - INFO - Train metrics: l1_loss: 0.3067 | giou_loss: 0.7981 | total_loss: 3.1297
2025-05-19 21:29:53,601 - transvg_coordinates_fixed_20250519_140429 - INFO - Epoch 146, Batch 150/848, Loss: 2.8128
2025-05-19 21:29:53,601 - transvg_coordinates_fixed_20250519_140429 - INFO - Train metrics: l1_loss: 0.2581 | giou_loss: 0.7611 | total_loss: 2.8128
2025-05-19 21:30:11,800 - transvg_coordinates_fixed_20250519_140429 - INFO - Epoch 146, Batch 200/848, Loss: 3.3720
2025-05-19 21:30:11,800 - transvg_coordinates_fixed_20250519_140429 - INFO - Train metrics: l1_loss: 0.3484 | giou_loss: 0.8151 | total_loss: 3.3720
2025-05-19 21:30:29,968 - transvg_coordinates_fixed_20250519_140429 - INFO - Epoch 146, Batch 250/848, Loss: 3.1090
2025-05-19 21:30:29,969 - transvg_coordinates_fixed_20250519_140429 - INFO - Train metrics: l1_loss: 0.3282 | giou_loss: 0.7341 | total_loss: 3.1090
2025-05-19 21:30:48,088 - transvg_coordinates_fixed_20250519_140429 - INFO - Epoch 146, Batch 300/848, Loss: 3.1195
2025-05-19 21:30:48,089 - transvg_coordinates_fixed_20250519_140429 - INFO - Train metrics: l1_loss: 0.3139 | giou_loss: 0.7749 | total_loss: 3.1195
2025-05-19 21:31:06,202 - transvg_coordinates_fixed_20250519_140429 - INFO - Epoch 146, Batch 350/848, Loss: 2.9955
2025-05-19 21:31:06,203 - transvg_coordinates_fixed_20250519_140429 - INFO - Train metrics: l1_loss: 0.3001 | giou_loss: 0.7476 | total_loss: 2.9955
2025-05-19 21:31:24,382 - transvg_coordinates_fixed_20250519_140429 - INFO - Epoch 146, Batch 400/848, Loss: 2.7042
2025-05-19 21:31:24,382 - transvg_coordinates_fixed_20250519_140429 - INFO - Train metrics: l1_loss: 0.2386 | giou_loss: 0.7557 | total_loss: 2.7042
2025-05-19 21:31:42,586 - transvg_coordinates_fixed_20250519_140429 - INFO - Epoch 146, Batch 450/848, Loss: 3.0331
2025-05-19 21:31:42,587 - transvg_coordinates_fixed_20250519_140429 - INFO - Train metrics: l1_loss: 0.2942 | giou_loss: 0.7810 | total_loss: 3.0331
2025-05-19 21:32:00,807 - transvg_coordinates_fixed_20250519_140429 - INFO - Epoch 146, Batch 500/848, Loss: 3.4220
2025-05-19 21:32:00,807 - transvg_coordinates_fixed_20250519_140429 - INFO - Train metrics: l1_loss: 0.3751 | giou_loss: 0.7732 | total_loss: 3.4220
2025-05-19 21:32:18,980 - transvg_coordinates_fixed_20250519_140429 - INFO - Epoch 146, Batch 550/848, Loss: 3.4689
2025-05-19 21:32:18,980 - transvg_coordinates_fixed_20250519_140429 - INFO - Train metrics: l1_loss: 0.3327 | giou_loss: 0.9027 | total_loss: 3.4689
2025-05-19 21:32:37,192 - transvg_coordinates_fixed_20250519_140429 - INFO - Epoch 146, Batch 600/848, Loss: 3.8067
2025-05-19 21:32:37,192 - transvg_coordinates_fixed_20250519_140429 - INFO - Train metrics: l1_loss: 0.3806 | giou_loss: 0.9519 | total_loss: 3.8067
2025-05-19 21:32:55,316 - transvg_coordinates_fixed_20250519_140429 - INFO - Epoch 146, Batch 650/848, Loss: 3.6669
2025-05-19 21:32:55,316 - transvg_coordinates_fixed_20250519_140429 - INFO - Train metrics: l1_loss: 0.3721 | giou_loss: 0.9031 | total_loss: 3.6669
2025-05-19 21:33:13,447 - transvg_coordinates_fixed_20250519_140429 - INFO - Epoch 146, Batch 700/848, Loss: 2.6882
2025-05-19 21:33:13,447 - transvg_coordinates_fixed_20250519_140429 - INFO - Train metrics: l1_loss: 0.2647 | giou_loss: 0.6823 | total_loss: 2.6882
2025-05-19 21:33:31,624 - transvg_coordinates_fixed_20250519_140429 - INFO - Epoch 146, Batch 750/848, Loss: 3.7936
2025-05-19 21:33:31,624 - transvg_coordinates_fixed_20250519_140429 - INFO - Train metrics: l1_loss: 0.4279 | giou_loss: 0.8271 | total_loss: 3.7936
2025-05-19 21:33:49,782 - transvg_coordinates_fixed_20250519_140429 - INFO - Epoch 146, Batch 800/848, Loss: 3.1075
2025-05-19 21:33:49,782 - transvg_coordinates_fixed_20250519_140429 - INFO - Train metrics: l1_loss: 0.2962 | giou_loss: 0.8131 | total_loss: 3.1075
2025-05-19 21:34:06,907 - transvg_coordinates_fixed_20250519_140429 - INFO - Train Epoch 146, Loss: 3.3560
2025-05-19 21:34:23,221 - transvg_coordinates_fixed_20250519_140429 - INFO - Pred box sample: [91.09243774414062, 102.2227554321289, 255.7120361328125, 256.7535705566406]
2025-05-19 21:34:23,221 - transvg_coordinates_fixed_20250519_140429 - INFO - Target box sample: [207.0, 198.0, 287.0, 283.0]
2025-05-19 21:34:23,294 - transvg_coordinates_fixed_20250519_140429 - INFO - Validation Epoch 146, Loss: 4.7417
2025-05-19 21:34:23,294 - transvg_coordinates_fixed_20250519_140429 - INFO - Val metrics: Acc@0.25: 0.3025 | Acc@0.5: 0.1110 | Acc@0.75: 0.0135 | mIoU: 0.1757 | medianIoU: 0.0740 | mae_x1: 106.0292 | mae_y1: 103.4179 | mae_x2: 106.5469 | mae_y2: 102.5958 | center_x_error: 92.3803 | center_y_error: 87.8017 | width_error: 2.0447 | height_error: 1.9709 | loss: 4.7417
2025-05-19 21:34:24,113 - transvg_coordinates_fixed_20250519_140429 - INFO - Saved model checkpoint to /home/pokle/Trans-VG/visual_grounding/checkpoints/transvg_coordinates_fixed_20250519_140429_epoch146.pth
2025-05-19 21:34:24,113 - transvg_coordinates_fixed_20250519_140429 - INFO - Epoch 147/200
2025-05-19 21:34:25,195 - transvg_coordinates_fixed_20250519_140429 - INFO - Epoch 147, Batch 0/848, Loss: 2.6325
2025-05-19 21:34:25,195 - transvg_coordinates_fixed_20250519_140429 - INFO - Train metrics: l1_loss: 0.2454 | giou_loss: 0.7026 | total_loss: 2.6325
2025-05-19 21:34:43,455 - transvg_coordinates_fixed_20250519_140429 - INFO - Epoch 147, Batch 50/848, Loss: 3.3662
2025-05-19 21:34:43,456 - transvg_coordinates_fixed_20250519_140429 - INFO - Train metrics: l1_loss: 0.3377 | giou_loss: 0.8389 | total_loss: 3.3662
2025-05-19 21:35:01,762 - transvg_coordinates_fixed_20250519_140429 - INFO - Epoch 147, Batch 100/848, Loss: 3.3248
2025-05-19 21:35:01,762 - transvg_coordinates_fixed_20250519_140429 - INFO - Train metrics: l1_loss: 0.3346 | giou_loss: 0.8260 | total_loss: 3.3248
2025-05-19 21:35:20,021 - transvg_coordinates_fixed_20250519_140429 - INFO - Epoch 147, Batch 150/848, Loss: 3.4826
2025-05-19 21:35:20,021 - transvg_coordinates_fixed_20250519_140429 - INFO - Train metrics: l1_loss: 0.3641 | giou_loss: 0.8310 | total_loss: 3.4826
2025-05-19 21:35:38,266 - transvg_coordinates_fixed_20250519_140429 - INFO - Epoch 147, Batch 200/848, Loss: 3.0088
2025-05-19 21:35:38,266 - transvg_coordinates_fixed_20250519_140429 - INFO - Train metrics: l1_loss: 0.2816 | giou_loss: 0.8004 | total_loss: 3.0088
2025-05-19 21:35:56,668 - transvg_coordinates_fixed_20250519_140429 - INFO - Epoch 147, Batch 250/848, Loss: 3.0255
2025-05-19 21:35:56,668 - transvg_coordinates_fixed_20250519_140429 - INFO - Train metrics: l1_loss: 0.3062 | giou_loss: 0.7471 | total_loss: 3.0255
2025-05-19 21:36:14,932 - transvg_coordinates_fixed_20250519_140429 - INFO - Epoch 147, Batch 300/848, Loss: 3.2939
2025-05-19 21:36:14,932 - transvg_coordinates_fixed_20250519_140429 - INFO - Train metrics: l1_loss: 0.3157 | giou_loss: 0.8577 | total_loss: 3.2939
2025-05-19 21:36:33,237 - transvg_coordinates_fixed_20250519_140429 - INFO - Epoch 147, Batch 350/848, Loss: 3.1207
2025-05-19 21:36:33,237 - transvg_coordinates_fixed_20250519_140429 - INFO - Train metrics: l1_loss: 0.2938 | giou_loss: 0.8260 | total_loss: 3.1207
2025-05-19 21:36:51,559 - transvg_coordinates_fixed_20250519_140429 - INFO - Epoch 147, Batch 400/848, Loss: 3.2269
2025-05-19 21:36:51,559 - transvg_coordinates_fixed_20250519_140429 - INFO - Train metrics: l1_loss: 0.3190 | giou_loss: 0.8160 | total_loss: 3.2269
2025-05-19 21:37:09,878 - transvg_coordinates_fixed_20250519_140429 - INFO - Epoch 147, Batch 450/848, Loss: 2.7942
2025-05-19 21:37:09,878 - transvg_coordinates_fixed_20250519_140429 - INFO - Train metrics: l1_loss: 0.2501 | giou_loss: 0.7717 | total_loss: 2.7942
2025-05-19 21:37:28,213 - transvg_coordinates_fixed_20250519_140429 - INFO - Epoch 147, Batch 500/848, Loss: 3.2416
2025-05-19 21:37:28,213 - transvg_coordinates_fixed_20250519_140429 - INFO - Train metrics: l1_loss: 0.3075 | giou_loss: 0.8521 | total_loss: 3.2416
2025-05-19 21:37:46,514 - transvg_coordinates_fixed_20250519_140429 - INFO - Epoch 147, Batch 550/848, Loss: 3.2601
2025-05-19 21:37:46,514 - transvg_coordinates_fixed_20250519_140429 - INFO - Train metrics: l1_loss: 0.3419 | giou_loss: 0.7753 | total_loss: 3.2601
2025-05-19 21:38:04,773 - transvg_coordinates_fixed_20250519_140429 - INFO - Epoch 147, Batch 600/848, Loss: 3.0829
2025-05-19 21:38:04,773 - transvg_coordinates_fixed_20250519_140429 - INFO - Train metrics: l1_loss: 0.3015 | giou_loss: 0.7877 | total_loss: 3.0829
2025-05-19 21:38:23,043 - transvg_coordinates_fixed_20250519_140429 - INFO - Epoch 147, Batch 650/848, Loss: 3.0834
2025-05-19 21:38:23,043 - transvg_coordinates_fixed_20250519_140429 - INFO - Train metrics: l1_loss: 0.3217 | giou_loss: 0.7374 | total_loss: 3.0834
2025-05-19 21:38:41,290 - transvg_coordinates_fixed_20250519_140429 - INFO - Epoch 147, Batch 700/848, Loss: 3.2515
2025-05-19 21:38:41,291 - transvg_coordinates_fixed_20250519_140429 - INFO - Train metrics: l1_loss: 0.3158 | giou_loss: 0.8364 | total_loss: 3.2515
2025-05-19 21:38:59,547 - transvg_coordinates_fixed_20250519_140429 - INFO - Epoch 147, Batch 750/848, Loss: 3.0833
2025-05-19 21:38:59,547 - transvg_coordinates_fixed_20250519_140429 - INFO - Train metrics: l1_loss: 0.3235 | giou_loss: 0.7329 | total_loss: 3.0833
2025-05-19 21:39:17,853 - transvg_coordinates_fixed_20250519_140429 - INFO - Epoch 147, Batch 800/848, Loss: 3.4472
2025-05-19 21:39:17,853 - transvg_coordinates_fixed_20250519_140429 - INFO - Train metrics: l1_loss: 0.3524 | giou_loss: 0.8425 | total_loss: 3.4472
2025-05-19 21:39:35,062 - transvg_coordinates_fixed_20250519_140429 - INFO - Train Epoch 147, Loss: 3.3593
2025-05-19 21:39:51,924 - transvg_coordinates_fixed_20250519_140429 - INFO - Pred box sample: [91.2633056640625, 100.32986450195312, 253.0291290283203, 252.88458251953125]
2025-05-19 21:39:51,924 - transvg_coordinates_fixed_20250519_140429 - INFO - Target box sample: [207.0, 198.0, 287.0, 283.0]
2025-05-19 21:39:51,996 - transvg_coordinates_fixed_20250519_140429 - INFO - Validation Epoch 147, Loss: 4.7555
2025-05-19 21:39:51,996 - transvg_coordinates_fixed_20250519_140429 - INFO - Val metrics: Acc@0.25: 0.3020 | Acc@0.5: 0.1126 | Acc@0.75: 0.0122 | mIoU: 0.1747 | medianIoU: 0.0739 | mae_x1: 106.4838 | mae_y1: 103.9894 | mae_x2: 107.7151 | mae_y2: 103.1904 | center_x_error: 92.9095 | center_y_error: 88.1462 | width_error: 2.0913 | height_error: 2.0088 | loss: 4.7555
2025-05-19 21:39:52,595 - transvg_coordinates_fixed_20250519_140429 - INFO - Saved model checkpoint to /home/pokle/Trans-VG/visual_grounding/checkpoints/transvg_coordinates_fixed_20250519_140429_epoch147.pth
2025-05-19 21:39:52,596 - transvg_coordinates_fixed_20250519_140429 - INFO - Epoch 148/200
2025-05-19 21:39:53,658 - transvg_coordinates_fixed_20250519_140429 - INFO - Epoch 148, Batch 0/848, Loss: 3.5032
2025-05-19 21:39:53,658 - transvg_coordinates_fixed_20250519_140429 - INFO - Train metrics: l1_loss: 0.3755 | giou_loss: 0.8128 | total_loss: 3.5032
2025-05-19 21:40:11,681 - transvg_coordinates_fixed_20250519_140429 - INFO - Epoch 148, Batch 50/848, Loss: 3.0546
2025-05-19 21:40:11,682 - transvg_coordinates_fixed_20250519_140429 - INFO - Train metrics: l1_loss: 0.3027 | giou_loss: 0.7706 | total_loss: 3.0546
2025-05-19 21:40:29,758 - transvg_coordinates_fixed_20250519_140429 - INFO - Epoch 148, Batch 100/848, Loss: 3.7335
2025-05-19 21:40:29,758 - transvg_coordinates_fixed_20250519_140429 - INFO - Train metrics: l1_loss: 0.3896 | giou_loss: 0.8927 | total_loss: 3.7335
2025-05-19 21:40:47,865 - transvg_coordinates_fixed_20250519_140429 - INFO - Epoch 148, Batch 150/848, Loss: 2.8700
2025-05-19 21:40:47,865 - transvg_coordinates_fixed_20250519_140429 - INFO - Train metrics: l1_loss: 0.2853 | giou_loss: 0.7217 | total_loss: 2.8700
2025-05-19 21:41:05,928 - transvg_coordinates_fixed_20250519_140429 - INFO - Epoch 148, Batch 200/848, Loss: 3.6943
2025-05-19 21:41:05,929 - transvg_coordinates_fixed_20250519_140429 - INFO - Train metrics: l1_loss: 0.3924 | giou_loss: 0.8662 | total_loss: 3.6943
2025-05-19 21:41:23,988 - transvg_coordinates_fixed_20250519_140429 - INFO - Epoch 148, Batch 250/848, Loss: 3.3661
2025-05-19 21:41:23,988 - transvg_coordinates_fixed_20250519_140429 - INFO - Train metrics: l1_loss: 0.3481 | giou_loss: 0.8129 | total_loss: 3.3661
2025-05-19 21:41:42,095 - transvg_coordinates_fixed_20250519_140429 - INFO - Epoch 148, Batch 300/848, Loss: 3.1449
2025-05-19 21:41:42,096 - transvg_coordinates_fixed_20250519_140429 - INFO - Train metrics: l1_loss: 0.3318 | giou_loss: 0.7430 | total_loss: 3.1449
2025-05-19 21:42:00,228 - transvg_coordinates_fixed_20250519_140429 - INFO - Epoch 148, Batch 350/848, Loss: 3.8581
2025-05-19 21:42:00,229 - transvg_coordinates_fixed_20250519_140429 - INFO - Train metrics: l1_loss: 0.3917 | giou_loss: 0.9497 | total_loss: 3.8581
2025-05-19 21:42:18,345 - transvg_coordinates_fixed_20250519_140429 - INFO - Epoch 148, Batch 400/848, Loss: 3.1478
2025-05-19 21:42:18,346 - transvg_coordinates_fixed_20250519_140429 - INFO - Train metrics: l1_loss: 0.3105 | giou_loss: 0.7977 | total_loss: 3.1478
2025-05-19 21:42:36,609 - transvg_coordinates_fixed_20250519_140429 - INFO - Epoch 148, Batch 450/848, Loss: 3.2725
2025-05-19 21:42:36,610 - transvg_coordinates_fixed_20250519_140429 - INFO - Train metrics: l1_loss: 0.3195 | giou_loss: 0.8374 | total_loss: 3.2725
2025-05-19 21:42:54,716 - transvg_coordinates_fixed_20250519_140429 - INFO - Epoch 148, Batch 500/848, Loss: 3.1165
2025-05-19 21:42:54,716 - transvg_coordinates_fixed_20250519_140429 - INFO - Train metrics: l1_loss: 0.3147 | giou_loss: 0.7714 | total_loss: 3.1165
2025-05-19 21:43:12,820 - transvg_coordinates_fixed_20250519_140429 - INFO - Epoch 148, Batch 550/848, Loss: 3.1984
2025-05-19 21:43:12,821 - transvg_coordinates_fixed_20250519_140429 - INFO - Train metrics: l1_loss: 0.3338 | giou_loss: 0.7648 | total_loss: 3.1984
2025-05-19 21:43:30,924 - transvg_coordinates_fixed_20250519_140429 - INFO - Epoch 148, Batch 600/848, Loss: 3.1635
2025-05-19 21:43:30,925 - transvg_coordinates_fixed_20250519_140429 - INFO - Train metrics: l1_loss: 0.3031 | giou_loss: 0.8240 | total_loss: 3.1635
2025-05-19 21:43:49,025 - transvg_coordinates_fixed_20250519_140429 - INFO - Epoch 148, Batch 650/848, Loss: 3.1932
2025-05-19 21:43:49,026 - transvg_coordinates_fixed_20250519_140429 - INFO - Train metrics: l1_loss: 0.2957 | giou_loss: 0.8574 | total_loss: 3.1932
2025-05-19 21:44:07,106 - transvg_coordinates_fixed_20250519_140429 - INFO - Epoch 148, Batch 700/848, Loss: 3.1064
2025-05-19 21:44:07,106 - transvg_coordinates_fixed_20250519_140429 - INFO - Train metrics: l1_loss: 0.2947 | giou_loss: 0.8165 | total_loss: 3.1064
2025-05-19 21:44:25,208 - transvg_coordinates_fixed_20250519_140429 - INFO - Epoch 148, Batch 750/848, Loss: 3.5457
2025-05-19 21:44:25,209 - transvg_coordinates_fixed_20250519_140429 - INFO - Train metrics: l1_loss: 0.4051 | giou_loss: 0.7602 | total_loss: 3.5457
2025-05-19 21:44:43,323 - transvg_coordinates_fixed_20250519_140429 - INFO - Epoch 148, Batch 800/848, Loss: 3.3880
2025-05-19 21:44:43,323 - transvg_coordinates_fixed_20250519_140429 - INFO - Train metrics: l1_loss: 0.3640 | giou_loss: 0.7839 | total_loss: 3.3880
2025-05-19 21:45:00,382 - transvg_coordinates_fixed_20250519_140429 - INFO - Train Epoch 148, Loss: 3.3556
2025-05-19 21:45:16,606 - transvg_coordinates_fixed_20250519_140429 - INFO - Pred box sample: [86.76329803466797, 98.77991485595703, 251.33175659179688, 248.30958557128906]
2025-05-19 21:45:16,606 - transvg_coordinates_fixed_20250519_140429 - INFO - Target box sample: [207.0, 198.0, 287.0, 283.0]
2025-05-19 21:45:16,689 - transvg_coordinates_fixed_20250519_140429 - INFO - Validation Epoch 148, Loss: 4.7546
2025-05-19 21:45:16,689 - transvg_coordinates_fixed_20250519_140429 - INFO - Val metrics: Acc@0.25: 0.3004 | Acc@0.5: 0.1102 | Acc@0.75: 0.0114 | mIoU: 0.1742 | medianIoU: 0.0729 | mae_x1: 106.1761 | mae_y1: 103.3483 | mae_x2: 106.6310 | mae_y2: 103.2339 | center_x_error: 92.5219 | center_y_error: 88.2495 | width_error: 2.0359 | height_error: 1.9500 | loss: 4.7546
2025-05-19 21:45:17,301 - transvg_coordinates_fixed_20250519_140429 - INFO - Saved model checkpoint to /home/pokle/Trans-VG/visual_grounding/checkpoints/transvg_coordinates_fixed_20250519_140429_epoch148.pth
2025-05-19 21:45:17,302 - transvg_coordinates_fixed_20250519_140429 - INFO - Epoch 149/200
2025-05-19 21:45:18,492 - transvg_coordinates_fixed_20250519_140429 - INFO - Epoch 149, Batch 0/848, Loss: 3.5230
2025-05-19 21:45:18,493 - transvg_coordinates_fixed_20250519_140429 - INFO - Train metrics: l1_loss: 0.3540 | giou_loss: 0.8765 | total_loss: 3.5230
2025-05-19 21:45:36,414 - transvg_coordinates_fixed_20250519_140429 - INFO - Epoch 149, Batch 50/848, Loss: 2.9925
2025-05-19 21:45:36,414 - transvg_coordinates_fixed_20250519_140429 - INFO - Train metrics: l1_loss: 0.2814 | giou_loss: 0.7928 | total_loss: 2.9925
2025-05-19 21:45:54,458 - transvg_coordinates_fixed_20250519_140429 - INFO - Epoch 149, Batch 100/848, Loss: 3.1548
2025-05-19 21:45:54,458 - transvg_coordinates_fixed_20250519_140429 - INFO - Train metrics: l1_loss: 0.3267 | giou_loss: 0.7607 | total_loss: 3.1548
2025-05-19 21:46:12,506 - transvg_coordinates_fixed_20250519_140429 - INFO - Epoch 149, Batch 150/848, Loss: 2.9547
2025-05-19 21:46:12,507 - transvg_coordinates_fixed_20250519_140429 - INFO - Train metrics: l1_loss: 0.2889 | giou_loss: 0.7552 | total_loss: 2.9547
2025-05-19 21:46:30,561 - transvg_coordinates_fixed_20250519_140429 - INFO - Epoch 149, Batch 200/848, Loss: 3.6260
2025-05-19 21:46:30,561 - transvg_coordinates_fixed_20250519_140429 - INFO - Train metrics: l1_loss: 0.3602 | giou_loss: 0.9124 | total_loss: 3.6260
2025-05-19 21:46:48,666 - transvg_coordinates_fixed_20250519_140429 - INFO - Epoch 149, Batch 250/848, Loss: 3.0939
2025-05-19 21:46:48,666 - transvg_coordinates_fixed_20250519_140429 - INFO - Train metrics: l1_loss: 0.2829 | giou_loss: 0.8398 | total_loss: 3.0939
2025-05-19 21:47:06,800 - transvg_coordinates_fixed_20250519_140429 - INFO - Epoch 149, Batch 300/848, Loss: 3.1194
2025-05-19 21:47:06,800 - transvg_coordinates_fixed_20250519_140429 - INFO - Train metrics: l1_loss: 0.3052 | giou_loss: 0.7968 | total_loss: 3.1194
2025-05-19 21:47:24,839 - transvg_coordinates_fixed_20250519_140429 - INFO - Epoch 149, Batch 350/848, Loss: 3.1615
2025-05-19 21:47:24,839 - transvg_coordinates_fixed_20250519_140429 - INFO - Train metrics: l1_loss: 0.3084 | giou_loss: 0.8098 | total_loss: 3.1615
2025-05-19 21:47:42,931 - transvg_coordinates_fixed_20250519_140429 - INFO - Epoch 149, Batch 400/848, Loss: 3.4550
2025-05-19 21:47:42,931 - transvg_coordinates_fixed_20250519_140429 - INFO - Train metrics: l1_loss: 0.3338 | giou_loss: 0.8930 | total_loss: 3.4550
2025-05-19 21:48:00,990 - transvg_coordinates_fixed_20250519_140429 - INFO - Epoch 149, Batch 450/848, Loss: 3.6119
2025-05-19 21:48:00,990 - transvg_coordinates_fixed_20250519_140429 - INFO - Train metrics: l1_loss: 0.3499 | giou_loss: 0.9312 | total_loss: 3.6119
2025-05-19 21:48:19,084 - transvg_coordinates_fixed_20250519_140429 - INFO - Epoch 149, Batch 500/848, Loss: 2.9529
2025-05-19 21:48:19,084 - transvg_coordinates_fixed_20250519_140429 - INFO - Train metrics: l1_loss: 0.2927 | giou_loss: 0.7447 | total_loss: 2.9529
2025-05-19 21:48:37,217 - transvg_coordinates_fixed_20250519_140429 - INFO - Epoch 149, Batch 550/848, Loss: 2.5836
2025-05-19 21:48:37,217 - transvg_coordinates_fixed_20250519_140429 - INFO - Train metrics: l1_loss: 0.2451 | giou_loss: 0.6790 | total_loss: 2.5836
2025-05-19 21:48:55,398 - transvg_coordinates_fixed_20250519_140429 - INFO - Epoch 149, Batch 600/848, Loss: 3.5430
2025-05-19 21:48:55,398 - transvg_coordinates_fixed_20250519_140429 - INFO - Train metrics: l1_loss: 0.3688 | giou_loss: 0.8494 | total_loss: 3.5430
2025-05-19 21:49:13,531 - transvg_coordinates_fixed_20250519_140429 - INFO - Epoch 149, Batch 650/848, Loss: 3.0350
2025-05-19 21:49:13,531 - transvg_coordinates_fixed_20250519_140429 - INFO - Train metrics: l1_loss: 0.2992 | giou_loss: 0.7695 | total_loss: 3.0350
2025-05-19 21:49:31,601 - transvg_coordinates_fixed_20250519_140429 - INFO - Epoch 149, Batch 700/848, Loss: 3.7836
2025-05-19 21:49:31,601 - transvg_coordinates_fixed_20250519_140429 - INFO - Train metrics: l1_loss: 0.3878 | giou_loss: 0.9223 | total_loss: 3.7836
2025-05-19 21:49:49,733 - transvg_coordinates_fixed_20250519_140429 - INFO - Epoch 149, Batch 750/848, Loss: 3.1430
2025-05-19 21:49:49,734 - transvg_coordinates_fixed_20250519_140429 - INFO - Train metrics: l1_loss: 0.3212 | giou_loss: 0.7685 | total_loss: 3.1430
2025-05-19 21:50:07,846 - transvg_coordinates_fixed_20250519_140429 - INFO - Epoch 149, Batch 800/848, Loss: 3.5424
2025-05-19 21:50:07,847 - transvg_coordinates_fixed_20250519_140429 - INFO - Train metrics: l1_loss: 0.3589 | giou_loss: 0.8739 | total_loss: 3.5424
2025-05-19 21:50:24,943 - transvg_coordinates_fixed_20250519_140429 - INFO - Train Epoch 149, Loss: 3.3474
2025-05-19 21:50:41,201 - transvg_coordinates_fixed_20250519_140429 - INFO - Pred box sample: [83.34737396240234, 101.18628692626953, 255.75204467773438, 264.91217041015625]
2025-05-19 21:50:41,202 - transvg_coordinates_fixed_20250519_140429 - INFO - Target box sample: [207.0, 198.0, 287.0, 283.0]
2025-05-19 21:50:41,286 - transvg_coordinates_fixed_20250519_140429 - INFO - Validation Epoch 149, Loss: 4.7554
2025-05-19 21:50:41,286 - transvg_coordinates_fixed_20250519_140429 - INFO - Val metrics: Acc@0.25: 0.3009 | Acc@0.5: 0.1108 | Acc@0.75: 0.0117 | mIoU: 0.1745 | medianIoU: 0.0703 | mae_x1: 106.6529 | mae_y1: 103.2701 | mae_x2: 107.6350 | mae_y2: 102.2740 | center_x_error: 93.2042 | center_y_error: 87.6748 | width_error: 2.0423 | height_error: 1.9667 | loss: 4.7554
2025-05-19 21:50:41,919 - transvg_coordinates_fixed_20250519_140429 - INFO - Saved model checkpoint to /home/pokle/Trans-VG/visual_grounding/checkpoints/transvg_coordinates_fixed_20250519_140429_epoch149.pth
2025-05-19 21:50:41,919 - transvg_coordinates_fixed_20250519_140429 - INFO - Epoch 150/200
2025-05-19 21:50:42,979 - transvg_coordinates_fixed_20250519_140429 - INFO - Epoch 150, Batch 0/848, Loss: 3.8010
2025-05-19 21:50:42,980 - transvg_coordinates_fixed_20250519_140429 - INFO - Train metrics: l1_loss: 0.4109 | giou_loss: 0.8733 | total_loss: 3.8010
2025-05-19 21:51:00,875 - transvg_coordinates_fixed_20250519_140429 - INFO - Epoch 150, Batch 50/848, Loss: 3.1589
2025-05-19 21:51:00,875 - transvg_coordinates_fixed_20250519_140429 - INFO - Train metrics: l1_loss: 0.3226 | giou_loss: 0.7730 | total_loss: 3.1589
2025-05-19 21:51:18,823 - transvg_coordinates_fixed_20250519_140429 - INFO - Epoch 150, Batch 100/848, Loss: 2.8349
2025-05-19 21:51:18,823 - transvg_coordinates_fixed_20250519_140429 - INFO - Train metrics: l1_loss: 0.2529 | giou_loss: 0.7852 | total_loss: 2.8349
2025-05-19 21:51:36,860 - transvg_coordinates_fixed_20250519_140429 - INFO - Epoch 150, Batch 150/848, Loss: 2.9871
2025-05-19 21:51:36,861 - transvg_coordinates_fixed_20250519_140429 - INFO - Train metrics: l1_loss: 0.2987 | giou_loss: 0.7467 | total_loss: 2.9871
2025-05-19 21:51:54,921 - transvg_coordinates_fixed_20250519_140429 - INFO - Epoch 150, Batch 200/848, Loss: 3.3838
2025-05-19 21:51:54,921 - transvg_coordinates_fixed_20250519_140429 - INFO - Train metrics: l1_loss: 0.3323 | giou_loss: 0.8611 | total_loss: 3.3838
2025-05-19 21:52:13,074 - transvg_coordinates_fixed_20250519_140429 - INFO - Epoch 150, Batch 250/848, Loss: 3.5472
2025-05-19 21:52:13,074 - transvg_coordinates_fixed_20250519_140429 - INFO - Train metrics: l1_loss: 0.3667 | giou_loss: 0.8568 | total_loss: 3.5472
2025-05-19 21:52:31,211 - transvg_coordinates_fixed_20250519_140429 - INFO - Epoch 150, Batch 300/848, Loss: 3.5309
2025-05-19 21:52:31,212 - transvg_coordinates_fixed_20250519_140429 - INFO - Train metrics: l1_loss: 0.3541 | giou_loss: 0.8803 | total_loss: 3.5309
2025-05-19 21:52:49,366 - transvg_coordinates_fixed_20250519_140429 - INFO - Epoch 150, Batch 350/848, Loss: 2.5869
2025-05-19 21:52:49,366 - transvg_coordinates_fixed_20250519_140429 - INFO - Train metrics: l1_loss: 0.2334 | giou_loss: 0.7100 | total_loss: 2.5869
2025-05-19 21:53:07,577 - transvg_coordinates_fixed_20250519_140429 - INFO - Epoch 150, Batch 400/848, Loss: 2.9958
2025-05-19 21:53:07,577 - transvg_coordinates_fixed_20250519_140429 - INFO - Train metrics: l1_loss: 0.2972 | giou_loss: 0.7548 | total_loss: 2.9958
2025-05-19 21:53:25,737 - transvg_coordinates_fixed_20250519_140429 - INFO - Epoch 150, Batch 450/848, Loss: 3.4499
2025-05-19 21:53:25,737 - transvg_coordinates_fixed_20250519_140429 - INFO - Train metrics: l1_loss: 0.3579 | giou_loss: 0.8301 | total_loss: 3.4499
2025-05-19 21:53:44,003 - transvg_coordinates_fixed_20250519_140429 - INFO - Epoch 150, Batch 500/848, Loss: 3.1099
2025-05-19 21:53:44,003 - transvg_coordinates_fixed_20250519_140429 - INFO - Train metrics: l1_loss: 0.3225 | giou_loss: 0.7488 | total_loss: 3.1099
2025-05-19 21:54:02,234 - transvg_coordinates_fixed_20250519_140429 - INFO - Epoch 150, Batch 550/848, Loss: 4.1476
2025-05-19 21:54:02,255 - transvg_coordinates_fixed_20250519_140429 - INFO - Train metrics: l1_loss: 0.4542 | giou_loss: 0.9384 | total_loss: 4.1476
2025-05-19 21:54:20,361 - transvg_coordinates_fixed_20250519_140429 - INFO - Epoch 150, Batch 600/848, Loss: 3.9760
2025-05-19 21:54:20,361 - transvg_coordinates_fixed_20250519_140429 - INFO - Train metrics: l1_loss: 0.4307 | giou_loss: 0.9112 | total_loss: 3.9760
2025-05-19 21:54:38,516 - transvg_coordinates_fixed_20250519_140429 - INFO - Epoch 150, Batch 650/848, Loss: 3.6730
2025-05-19 21:54:38,516 - transvg_coordinates_fixed_20250519_140429 - INFO - Train metrics: l1_loss: 0.3722 | giou_loss: 0.9060 | total_loss: 3.6730
2025-05-19 21:54:56,680 - transvg_coordinates_fixed_20250519_140429 - INFO - Epoch 150, Batch 700/848, Loss: 3.6274
2025-05-19 21:54:56,680 - transvg_coordinates_fixed_20250519_140429 - INFO - Train metrics: l1_loss: 0.3536 | giou_loss: 0.9297 | total_loss: 3.6274
2025-05-19 21:55:14,758 - transvg_coordinates_fixed_20250519_140429 - INFO - Epoch 150, Batch 750/848, Loss: 3.5025
2025-05-19 21:55:14,759 - transvg_coordinates_fixed_20250519_140429 - INFO - Train metrics: l1_loss: 0.3467 | giou_loss: 0.8844 | total_loss: 3.5025
2025-05-19 21:55:32,897 - transvg_coordinates_fixed_20250519_140429 - INFO - Epoch 150, Batch 800/848, Loss: 2.9408
2025-05-19 21:55:32,897 - transvg_coordinates_fixed_20250519_140429 - INFO - Train metrics: l1_loss: 0.2832 | giou_loss: 0.7623 | total_loss: 2.9408
2025-05-19 21:55:49,934 - transvg_coordinates_fixed_20250519_140429 - INFO - Train Epoch 150, Loss: 3.3501
2025-05-19 21:56:15,360 - transvg_coordinates_fixed_20250519_140429 - INFO - Pred box sample: [87.88053894042969, 96.39802551269531, 260.5346374511719, 254.71673583984375]
2025-05-19 21:56:15,360 - transvg_coordinates_fixed_20250519_140429 - INFO - Target box sample: [207.0, 198.0, 287.0, 283.0]
2025-05-19 21:56:15,440 - transvg_coordinates_fixed_20250519_140429 - INFO - Validation Epoch 150, Loss: 4.7491
2025-05-19 21:56:15,440 - transvg_coordinates_fixed_20250519_140429 - INFO - Val metrics: Acc@0.25: 0.2996 | Acc@0.5: 0.1113 | Acc@0.75: 0.0120 | mIoU: 0.1748 | medianIoU: 0.0730 | mae_x1: 106.5377 | mae_y1: 103.1065 | mae_x2: 107.1276 | mae_y2: 102.2008 | center_x_error: 92.7523 | center_y_error: 87.7716 | width_error: 2.0705 | height_error: 1.9277 | loss: 4.7491
2025-05-19 21:56:16,087 - transvg_coordinates_fixed_20250519_140429 - INFO - Saved model checkpoint to /home/pokle/Trans-VG/visual_grounding/checkpoints/transvg_coordinates_fixed_20250519_140429_epoch150.pth
2025-05-19 21:56:16,087 - transvg_coordinates_fixed_20250519_140429 - INFO - Epoch 151/200
2025-05-19 21:56:17,181 - transvg_coordinates_fixed_20250519_140429 - INFO - Epoch 151, Batch 0/848, Loss: 3.4094
2025-05-19 21:56:17,181 - transvg_coordinates_fixed_20250519_140429 - INFO - Train metrics: l1_loss: 0.3237 | giou_loss: 0.8955 | total_loss: 3.4094
2025-05-19 21:56:35,038 - transvg_coordinates_fixed_20250519_140429 - INFO - Epoch 151, Batch 50/848, Loss: 2.7578
2025-05-19 21:56:35,038 - transvg_coordinates_fixed_20250519_140429 - INFO - Train metrics: l1_loss: 0.2869 | giou_loss: 0.6616 | total_loss: 2.7578
2025-05-19 21:56:52,940 - transvg_coordinates_fixed_20250519_140429 - INFO - Epoch 151, Batch 100/848, Loss: 3.6363
2025-05-19 21:56:52,940 - transvg_coordinates_fixed_20250519_140429 - INFO - Train metrics: l1_loss: 0.3831 | giou_loss: 0.8603 | total_loss: 3.6363
2025-05-19 21:57:10,970 - transvg_coordinates_fixed_20250519_140429 - INFO - Epoch 151, Batch 150/848, Loss: 3.4057
2025-05-19 21:57:10,970 - transvg_coordinates_fixed_20250519_140429 - INFO - Train metrics: l1_loss: 0.3498 | giou_loss: 0.8283 | total_loss: 3.4057
2025-05-19 21:57:28,936 - transvg_coordinates_fixed_20250519_140429 - INFO - Epoch 151, Batch 200/848, Loss: 3.0377
2025-05-19 21:57:28,936 - transvg_coordinates_fixed_20250519_140429 - INFO - Train metrics: l1_loss: 0.3016 | giou_loss: 0.7650 | total_loss: 3.0377
2025-05-19 21:57:46,987 - transvg_coordinates_fixed_20250519_140429 - INFO - Epoch 151, Batch 250/848, Loss: 3.0472
2025-05-19 21:57:46,988 - transvg_coordinates_fixed_20250519_140429 - INFO - Train metrics: l1_loss: 0.3174 | giou_loss: 0.7302 | total_loss: 3.0472
2025-05-19 21:58:05,103 - transvg_coordinates_fixed_20250519_140429 - INFO - Epoch 151, Batch 300/848, Loss: 3.3635
2025-05-19 21:58:05,103 - transvg_coordinates_fixed_20250519_140429 - INFO - Train metrics: l1_loss: 0.3425 | giou_loss: 0.8256 | total_loss: 3.3635
2025-05-19 21:58:23,392 - transvg_coordinates_fixed_20250519_140429 - INFO - Epoch 151, Batch 350/848, Loss: 3.1481
2025-05-19 21:58:23,393 - transvg_coordinates_fixed_20250519_140429 - INFO - Train metrics: l1_loss: 0.3419 | giou_loss: 0.7193 | total_loss: 3.1481
2025-05-19 21:58:41,463 - transvg_coordinates_fixed_20250519_140429 - INFO - Epoch 151, Batch 400/848, Loss: 2.9714
2025-05-19 21:58:41,463 - transvg_coordinates_fixed_20250519_140429 - INFO - Train metrics: l1_loss: 0.2938 | giou_loss: 0.7511 | total_loss: 2.9714
2025-05-19 21:58:59,599 - transvg_coordinates_fixed_20250519_140429 - INFO - Epoch 151, Batch 450/848, Loss: 2.7606
2025-05-19 21:58:59,600 - transvg_coordinates_fixed_20250519_140429 - INFO - Train metrics: l1_loss: 0.2595 | giou_loss: 0.7315 | total_loss: 2.7606
2025-05-19 21:59:17,775 - transvg_coordinates_fixed_20250519_140429 - INFO - Epoch 151, Batch 500/848, Loss: 3.3351
2025-05-19 21:59:17,775 - transvg_coordinates_fixed_20250519_140429 - INFO - Train metrics: l1_loss: 0.3624 | giou_loss: 0.7616 | total_loss: 3.3351
2025-05-19 21:59:35,964 - transvg_coordinates_fixed_20250519_140429 - INFO - Epoch 151, Batch 550/848, Loss: 3.5679
2025-05-19 21:59:35,964 - transvg_coordinates_fixed_20250519_140429 - INFO - Train metrics: l1_loss: 0.3805 | giou_loss: 0.8327 | total_loss: 3.5679
2025-05-19 21:59:54,164 - transvg_coordinates_fixed_20250519_140429 - INFO - Epoch 151, Batch 600/848, Loss: 3.9007
2025-05-19 21:59:54,164 - transvg_coordinates_fixed_20250519_140429 - INFO - Train metrics: l1_loss: 0.4366 | giou_loss: 0.8587 | total_loss: 3.9007
2025-05-19 22:00:12,361 - transvg_coordinates_fixed_20250519_140429 - INFO - Epoch 151, Batch 650/848, Loss: 3.2038
2025-05-19 22:00:12,361 - transvg_coordinates_fixed_20250519_140429 - INFO - Train metrics: l1_loss: 0.3188 | giou_loss: 0.8049 | total_loss: 3.2038
2025-05-19 22:00:30,559 - transvg_coordinates_fixed_20250519_140429 - INFO - Epoch 151, Batch 700/848, Loss: 2.9249
2025-05-19 22:00:30,559 - transvg_coordinates_fixed_20250519_140429 - INFO - Train metrics: l1_loss: 0.2677 | giou_loss: 0.7932 | total_loss: 2.9249
2025-05-19 22:00:48,734 - transvg_coordinates_fixed_20250519_140429 - INFO - Epoch 151, Batch 750/848, Loss: 3.2353
2025-05-19 22:00:48,734 - transvg_coordinates_fixed_20250519_140429 - INFO - Train metrics: l1_loss: 0.3225 | giou_loss: 0.8115 | total_loss: 3.2353
2025-05-19 22:01:06,891 - transvg_coordinates_fixed_20250519_140429 - INFO - Epoch 151, Batch 800/848, Loss: 3.3626
2025-05-19 22:01:06,891 - transvg_coordinates_fixed_20250519_140429 - INFO - Train metrics: l1_loss: 0.3242 | giou_loss: 0.8709 | total_loss: 3.3626
2025-05-19 22:01:23,929 - transvg_coordinates_fixed_20250519_140429 - INFO - Train Epoch 151, Loss: 3.3523
2025-05-19 22:01:47,784 - transvg_coordinates_fixed_20250519_140429 - INFO - Pred box sample: [101.0819091796875, 96.30529022216797, 272.39801025390625, 253.45968627929688]
2025-05-19 22:01:47,785 - transvg_coordinates_fixed_20250519_140429 - INFO - Target box sample: [207.0, 198.0, 287.0, 283.0]
2025-05-19 22:01:47,875 - transvg_coordinates_fixed_20250519_140429 - INFO - Validation Epoch 151, Loss: 4.7446
2025-05-19 22:01:47,875 - transvg_coordinates_fixed_20250519_140429 - INFO - Val metrics: Acc@0.25: 0.3020 | Acc@0.5: 0.1116 | Acc@0.75: 0.0122 | mIoU: 0.1752 | medianIoU: 0.0743 | mae_x1: 105.5086 | mae_y1: 103.3740 | mae_x2: 106.3877 | mae_y2: 103.1869 | center_x_error: 92.1358 | center_y_error: 87.8931 | width_error: 2.0064 | height_error: 1.9893 | loss: 4.7446
2025-05-19 22:01:48,602 - transvg_coordinates_fixed_20250519_140429 - INFO - Saved model checkpoint to /home/pokle/Trans-VG/visual_grounding/checkpoints/transvg_coordinates_fixed_20250519_140429_epoch151.pth
2025-05-19 22:01:48,603 - transvg_coordinates_fixed_20250519_140429 - INFO - Epoch 152/200
2025-05-19 22:01:49,665 - transvg_coordinates_fixed_20250519_140429 - INFO - Epoch 152, Batch 0/848, Loss: 3.4285
2025-05-19 22:01:49,665 - transvg_coordinates_fixed_20250519_140429 - INFO - Train metrics: l1_loss: 0.3396 | giou_loss: 0.8652 | total_loss: 3.4285
2025-05-19 22:02:07,522 - transvg_coordinates_fixed_20250519_140429 - INFO - Epoch 152, Batch 50/848, Loss: 4.0585
2025-05-19 22:02:07,522 - transvg_coordinates_fixed_20250519_140429 - INFO - Train metrics: l1_loss: 0.4478 | giou_loss: 0.9098 | total_loss: 4.0585
2025-05-19 22:02:25,428 - transvg_coordinates_fixed_20250519_140429 - INFO - Epoch 152, Batch 100/848, Loss: 3.5664
2025-05-19 22:02:25,428 - transvg_coordinates_fixed_20250519_140429 - INFO - Train metrics: l1_loss: 0.3710 | giou_loss: 0.8558 | total_loss: 3.5664
2025-05-19 22:02:43,373 - transvg_coordinates_fixed_20250519_140429 - INFO - Epoch 152, Batch 150/848, Loss: 3.1974
2025-05-19 22:02:43,373 - transvg_coordinates_fixed_20250519_140429 - INFO - Train metrics: l1_loss: 0.3232 | giou_loss: 0.7906 | total_loss: 3.1974
2025-05-19 22:03:01,401 - transvg_coordinates_fixed_20250519_140429 - INFO - Epoch 152, Batch 200/848, Loss: 2.9615
2025-05-19 22:03:01,401 - transvg_coordinates_fixed_20250519_140429 - INFO - Train metrics: l1_loss: 0.2759 | giou_loss: 0.7910 | total_loss: 2.9615
2025-05-19 22:03:19,488 - transvg_coordinates_fixed_20250519_140429 - INFO - Epoch 152, Batch 250/848, Loss: 3.4202
2025-05-19 22:03:19,488 - transvg_coordinates_fixed_20250519_140429 - INFO - Train metrics: l1_loss: 0.3558 | giou_loss: 0.8205 | total_loss: 3.4202
2025-05-19 22:03:37,595 - transvg_coordinates_fixed_20250519_140429 - INFO - Epoch 152, Batch 300/848, Loss: 3.2801
2025-05-19 22:03:37,595 - transvg_coordinates_fixed_20250519_140429 - INFO - Train metrics: l1_loss: 0.3339 | giou_loss: 0.8054 | total_loss: 3.2801
2025-05-19 22:03:55,749 - transvg_coordinates_fixed_20250519_140429 - INFO - Epoch 152, Batch 350/848, Loss: 3.4419
2025-05-19 22:03:55,749 - transvg_coordinates_fixed_20250519_140429 - INFO - Train metrics: l1_loss: 0.3486 | giou_loss: 0.8493 | total_loss: 3.4419
2025-05-19 22:04:13,930 - transvg_coordinates_fixed_20250519_140429 - INFO - Epoch 152, Batch 400/848, Loss: 3.2421
2025-05-19 22:04:13,930 - transvg_coordinates_fixed_20250519_140429 - INFO - Train metrics: l1_loss: 0.2960 | giou_loss: 0.8809 | total_loss: 3.2421
2025-05-19 22:04:32,106 - transvg_coordinates_fixed_20250519_140429 - INFO - Epoch 152, Batch 450/848, Loss: 3.8275
2025-05-19 22:04:32,106 - transvg_coordinates_fixed_20250519_140429 - INFO - Train metrics: l1_loss: 0.4144 | giou_loss: 0.8778 | total_loss: 3.8275
2025-05-19 22:04:50,289 - transvg_coordinates_fixed_20250519_140429 - INFO - Epoch 152, Batch 500/848, Loss: 3.6457
2025-05-19 22:04:50,289 - transvg_coordinates_fixed_20250519_140429 - INFO - Train metrics: l1_loss: 0.3981 | giou_loss: 0.8277 | total_loss: 3.6457
2025-05-19 22:05:08,475 - transvg_coordinates_fixed_20250519_140429 - INFO - Epoch 152, Batch 550/848, Loss: 3.6352
2025-05-19 22:05:08,475 - transvg_coordinates_fixed_20250519_140429 - INFO - Train metrics: l1_loss: 0.3847 | giou_loss: 0.8559 | total_loss: 3.6352
2025-05-19 22:05:26,729 - transvg_coordinates_fixed_20250519_140429 - INFO - Epoch 152, Batch 600/848, Loss: 3.4869
2025-05-19 22:05:26,729 - transvg_coordinates_fixed_20250519_140429 - INFO - Train metrics: l1_loss: 0.3499 | giou_loss: 0.8688 | total_loss: 3.4869
2025-05-19 22:05:44,960 - transvg_coordinates_fixed_20250519_140429 - INFO - Epoch 152, Batch 650/848, Loss: 2.6692
2025-05-19 22:05:44,960 - transvg_coordinates_fixed_20250519_140429 - INFO - Train metrics: l1_loss: 0.2639 | giou_loss: 0.6748 | total_loss: 2.6692
2025-05-19 22:06:03,187 - transvg_coordinates_fixed_20250519_140429 - INFO - Epoch 152, Batch 700/848, Loss: 4.1990
2025-05-19 22:06:03,187 - transvg_coordinates_fixed_20250519_140429 - INFO - Train metrics: l1_loss: 0.4273 | giou_loss: 1.0312 | total_loss: 4.1990
2025-05-19 22:06:22,837 - transvg_coordinates_fixed_20250519_140429 - INFO - Epoch 152, Batch 750/848, Loss: 3.3583
2025-05-19 22:06:22,837 - transvg_coordinates_fixed_20250519_140429 - INFO - Train metrics: l1_loss: 0.3336 | giou_loss: 0.8453 | total_loss: 3.3583
2025-05-19 22:06:40,887 - transvg_coordinates_fixed_20250519_140429 - INFO - Epoch 152, Batch 800/848, Loss: 3.4533
2025-05-19 22:06:40,887 - transvg_coordinates_fixed_20250519_140429 - INFO - Train metrics: l1_loss: 0.3573 | giou_loss: 0.8335 | total_loss: 3.4533
2025-05-19 22:06:58,050 - transvg_coordinates_fixed_20250519_140429 - INFO - Train Epoch 152, Loss: 3.3475
2025-05-19 22:07:20,992 - transvg_coordinates_fixed_20250519_140429 - INFO - Pred box sample: [93.43096160888672, 93.35469055175781, 268.2468566894531, 251.51206970214844]
2025-05-19 22:07:20,992 - transvg_coordinates_fixed_20250519_140429 - INFO - Target box sample: [207.0, 198.0, 287.0, 283.0]
2025-05-19 22:07:21,244 - transvg_coordinates_fixed_20250519_140429 - INFO - Validation Epoch 152, Loss: 4.7481
2025-05-19 22:07:21,244 - transvg_coordinates_fixed_20250519_140429 - INFO - Val metrics: Acc@0.25: 0.3015 | Acc@0.5: 0.1134 | Acc@0.75: 0.0127 | mIoU: 0.1750 | medianIoU: 0.0736 | mae_x1: 105.9485 | mae_y1: 103.8993 | mae_x2: 107.2181 | mae_y2: 102.2625 | center_x_error: 92.7345 | center_y_error: 87.8395 | width_error: 2.0391 | height_error: 1.9860 | loss: 4.7481
2025-05-19 22:07:22,024 - transvg_coordinates_fixed_20250519_140429 - INFO - Saved model checkpoint to /home/pokle/Trans-VG/visual_grounding/checkpoints/transvg_coordinates_fixed_20250519_140429_epoch152.pth
2025-05-19 22:07:22,024 - transvg_coordinates_fixed_20250519_140429 - INFO - Epoch 153/200
2025-05-19 22:07:23,189 - transvg_coordinates_fixed_20250519_140429 - INFO - Epoch 153, Batch 0/848, Loss: 3.3240
2025-05-19 22:07:23,189 - transvg_coordinates_fixed_20250519_140429 - INFO - Train metrics: l1_loss: 0.3352 | giou_loss: 0.8239 | total_loss: 3.3240
2025-05-19 22:07:40,969 - transvg_coordinates_fixed_20250519_140429 - INFO - Epoch 153, Batch 50/848, Loss: 3.3535
2025-05-19 22:07:40,969 - transvg_coordinates_fixed_20250519_140429 - INFO - Train metrics: l1_loss: 0.3322 | giou_loss: 0.8464 | total_loss: 3.3535
2025-05-19 22:07:58,829 - transvg_coordinates_fixed_20250519_140429 - INFO - Epoch 153, Batch 100/848, Loss: 3.1051
2025-05-19 22:07:58,829 - transvg_coordinates_fixed_20250519_140429 - INFO - Train metrics: l1_loss: 0.3037 | giou_loss: 0.7933 | total_loss: 3.1051
2025-05-19 22:08:16,739 - transvg_coordinates_fixed_20250519_140429 - INFO - Epoch 153, Batch 150/848, Loss: 3.0772
2025-05-19 22:08:16,739 - transvg_coordinates_fixed_20250519_140429 - INFO - Train metrics: l1_loss: 0.2990 | giou_loss: 0.7912 | total_loss: 3.0772
2025-05-19 22:08:34,732 - transvg_coordinates_fixed_20250519_140429 - INFO - Epoch 153, Batch 200/848, Loss: 3.4451
2025-05-19 22:08:34,733 - transvg_coordinates_fixed_20250519_140429 - INFO - Train metrics: l1_loss: 0.3314 | giou_loss: 0.8941 | total_loss: 3.4451
2025-05-19 22:08:52,841 - transvg_coordinates_fixed_20250519_140429 - INFO - Epoch 153, Batch 250/848, Loss: 3.4685
2025-05-19 22:08:52,841 - transvg_coordinates_fixed_20250519_140429 - INFO - Train metrics: l1_loss: 0.3708 | giou_loss: 0.8072 | total_loss: 3.4685
2025-05-19 22:09:11,071 - transvg_coordinates_fixed_20250519_140429 - INFO - Epoch 153, Batch 300/848, Loss: 3.7311
2025-05-19 22:09:11,071 - transvg_coordinates_fixed_20250519_140429 - INFO - Train metrics: l1_loss: 0.4190 | giou_loss: 0.8181 | total_loss: 3.7311
2025-05-19 22:09:29,153 - transvg_coordinates_fixed_20250519_140429 - INFO - Epoch 153, Batch 350/848, Loss: 3.4619
2025-05-19 22:09:29,153 - transvg_coordinates_fixed_20250519_140429 - INFO - Train metrics: l1_loss: 0.3600 | giou_loss: 0.8310 | total_loss: 3.4619
2025-05-19 22:09:47,455 - transvg_coordinates_fixed_20250519_140429 - INFO - Epoch 153, Batch 400/848, Loss: 3.0153
2025-05-19 22:09:47,456 - transvg_coordinates_fixed_20250519_140429 - INFO - Train metrics: l1_loss: 0.2782 | giou_loss: 0.8121 | total_loss: 3.0153
2025-05-19 22:10:05,588 - transvg_coordinates_fixed_20250519_140429 - INFO - Epoch 153, Batch 450/848, Loss: 3.2143
2025-05-19 22:10:05,589 - transvg_coordinates_fixed_20250519_140429 - INFO - Train metrics: l1_loss: 0.3255 | giou_loss: 0.7934 | total_loss: 3.2143
2025-05-19 22:10:23,729 - transvg_coordinates_fixed_20250519_140429 - INFO - Epoch 153, Batch 500/848, Loss: 3.1045
2025-05-19 22:10:23,729 - transvg_coordinates_fixed_20250519_140429 - INFO - Train metrics: l1_loss: 0.3128 | giou_loss: 0.7703 | total_loss: 3.1045
2025-05-19 22:10:41,842 - transvg_coordinates_fixed_20250519_140429 - INFO - Epoch 153, Batch 550/848, Loss: 2.9146
2025-05-19 22:10:41,842 - transvg_coordinates_fixed_20250519_140429 - INFO - Train metrics: l1_loss: 0.2766 | giou_loss: 0.7658 | total_loss: 2.9146
2025-05-19 22:10:59,968 - transvg_coordinates_fixed_20250519_140429 - INFO - Epoch 153, Batch 600/848, Loss: 3.0443
2025-05-19 22:10:59,968 - transvg_coordinates_fixed_20250519_140429 - INFO - Train metrics: l1_loss: 0.3031 | giou_loss: 0.7644 | total_loss: 3.0443
2025-05-19 22:11:18,144 - transvg_coordinates_fixed_20250519_140429 - INFO - Epoch 153, Batch 650/848, Loss: 3.5649
2025-05-19 22:11:18,144 - transvg_coordinates_fixed_20250519_140429 - INFO - Train metrics: l1_loss: 0.3747 | giou_loss: 0.8457 | total_loss: 3.5649
2025-05-19 22:11:36,352 - transvg_coordinates_fixed_20250519_140429 - INFO - Epoch 153, Batch 700/848, Loss: 3.1662
2025-05-19 22:11:36,352 - transvg_coordinates_fixed_20250519_140429 - INFO - Train metrics: l1_loss: 0.3303 | giou_loss: 0.7573 | total_loss: 3.1662
2025-05-19 22:11:54,529 - transvg_coordinates_fixed_20250519_140429 - INFO - Epoch 153, Batch 750/848, Loss: 2.7076
2025-05-19 22:11:54,529 - transvg_coordinates_fixed_20250519_140429 - INFO - Train metrics: l1_loss: 0.2554 | giou_loss: 0.7152 | total_loss: 2.7076
2025-05-19 22:12:12,689 - transvg_coordinates_fixed_20250519_140429 - INFO - Epoch 153, Batch 800/848, Loss: 3.7959
2025-05-19 22:12:12,689 - transvg_coordinates_fixed_20250519_140429 - INFO - Train metrics: l1_loss: 0.4073 | giou_loss: 0.8797 | total_loss: 3.7959
2025-05-19 22:12:29,834 - transvg_coordinates_fixed_20250519_140429 - INFO - Train Epoch 153, Loss: 3.3464
2025-05-19 22:12:45,966 - transvg_coordinates_fixed_20250519_140429 - INFO - Pred box sample: [85.2406005859375, 94.02941131591797, 256.6741638183594, 249.89620971679688]
2025-05-19 22:12:45,966 - transvg_coordinates_fixed_20250519_140429 - INFO - Target box sample: [207.0, 198.0, 287.0, 283.0]
2025-05-19 22:12:46,048 - transvg_coordinates_fixed_20250519_140429 - INFO - Validation Epoch 153, Loss: 4.7483
2025-05-19 22:12:46,048 - transvg_coordinates_fixed_20250519_140429 - INFO - Val metrics: Acc@0.25: 0.3036 | Acc@0.5: 0.1113 | Acc@0.75: 0.0130 | mIoU: 0.1753 | medianIoU: 0.0733 | mae_x1: 106.5991 | mae_y1: 103.9831 | mae_x2: 107.4939 | mae_y2: 102.2616 | center_x_error: 92.9164 | center_y_error: 87.7551 | width_error: 2.0910 | height_error: 2.0022 | loss: 4.7483
2025-05-19 22:12:46,685 - transvg_coordinates_fixed_20250519_140429 - INFO - Saved model checkpoint to /home/pokle/Trans-VG/visual_grounding/checkpoints/transvg_coordinates_fixed_20250519_140429_epoch153.pth
2025-05-19 22:12:46,685 - transvg_coordinates_fixed_20250519_140429 - INFO - Epoch 154/200
2025-05-19 22:12:47,796 - transvg_coordinates_fixed_20250519_140429 - INFO - Epoch 154, Batch 0/848, Loss: 3.6437
2025-05-19 22:12:47,796 - transvg_coordinates_fixed_20250519_140429 - INFO - Train metrics: l1_loss: 0.3704 | giou_loss: 0.8957 | total_loss: 3.6437
2025-05-19 22:13:05,887 - transvg_coordinates_fixed_20250519_140429 - INFO - Epoch 154, Batch 50/848, Loss: 3.4900
2025-05-19 22:13:05,887 - transvg_coordinates_fixed_20250519_140429 - INFO - Train metrics: l1_loss: 0.3637 | giou_loss: 0.8358 | total_loss: 3.4900
2025-05-19 22:13:23,908 - transvg_coordinates_fixed_20250519_140429 - INFO - Epoch 154, Batch 100/848, Loss: 2.9885
2025-05-19 22:13:23,908 - transvg_coordinates_fixed_20250519_140429 - INFO - Train metrics: l1_loss: 0.2934 | giou_loss: 0.7608 | total_loss: 2.9885
2025-05-19 22:13:42,031 - transvg_coordinates_fixed_20250519_140429 - INFO - Epoch 154, Batch 150/848, Loss: 3.7456
2025-05-19 22:13:42,031 - transvg_coordinates_fixed_20250519_140429 - INFO - Train metrics: l1_loss: 0.3977 | giou_loss: 0.8785 | total_loss: 3.7456
2025-05-19 22:14:00,187 - transvg_coordinates_fixed_20250519_140429 - INFO - Epoch 154, Batch 200/848, Loss: 3.3423
2025-05-19 22:14:00,188 - transvg_coordinates_fixed_20250519_140429 - INFO - Train metrics: l1_loss: 0.3451 | giou_loss: 0.8083 | total_loss: 3.3423
2025-05-19 22:14:18,412 - transvg_coordinates_fixed_20250519_140429 - INFO - Epoch 154, Batch 250/848, Loss: 3.0202
2025-05-19 22:14:18,412 - transvg_coordinates_fixed_20250519_140429 - INFO - Train metrics: l1_loss: 0.2752 | giou_loss: 0.8220 | total_loss: 3.0202
2025-05-19 22:14:36,730 - transvg_coordinates_fixed_20250519_140429 - INFO - Epoch 154, Batch 300/848, Loss: 3.1882
2025-05-19 22:14:36,730 - transvg_coordinates_fixed_20250519_140429 - INFO - Train metrics: l1_loss: 0.3299 | giou_loss: 0.7693 | total_loss: 3.1882
2025-05-19 22:14:54,921 - transvg_coordinates_fixed_20250519_140429 - INFO - Epoch 154, Batch 350/848, Loss: 3.5866
2025-05-19 22:14:54,922 - transvg_coordinates_fixed_20250519_140429 - INFO - Train metrics: l1_loss: 0.3467 | giou_loss: 0.9264 | total_loss: 3.5866
2025-05-19 22:15:13,183 - transvg_coordinates_fixed_20250519_140429 - INFO - Epoch 154, Batch 400/848, Loss: 3.4001
2025-05-19 22:15:13,184 - transvg_coordinates_fixed_20250519_140429 - INFO - Train metrics: l1_loss: 0.3425 | giou_loss: 0.8437 | total_loss: 3.4001
2025-05-19 22:15:31,508 - transvg_coordinates_fixed_20250519_140429 - INFO - Epoch 154, Batch 450/848, Loss: 3.0899
2025-05-19 22:15:31,508 - transvg_coordinates_fixed_20250519_140429 - INFO - Train metrics: l1_loss: 0.2997 | giou_loss: 0.7957 | total_loss: 3.0899
2025-05-19 22:15:49,787 - transvg_coordinates_fixed_20250519_140429 - INFO - Epoch 154, Batch 500/848, Loss: 3.6126
2025-05-19 22:15:49,787 - transvg_coordinates_fixed_20250519_140429 - INFO - Train metrics: l1_loss: 0.3861 | giou_loss: 0.8409 | total_loss: 3.6126
2025-05-19 22:16:08,048 - transvg_coordinates_fixed_20250519_140429 - INFO - Epoch 154, Batch 550/848, Loss: 3.5722
2025-05-19 22:16:08,048 - transvg_coordinates_fixed_20250519_140429 - INFO - Train metrics: l1_loss: 0.3602 | giou_loss: 0.8856 | total_loss: 3.5722
2025-05-19 22:16:26,353 - transvg_coordinates_fixed_20250519_140429 - INFO - Epoch 154, Batch 600/848, Loss: 2.8703
2025-05-19 22:16:26,353 - transvg_coordinates_fixed_20250519_140429 - INFO - Train metrics: l1_loss: 0.2741 | giou_loss: 0.7500 | total_loss: 2.8703
2025-05-19 22:16:44,671 - transvg_coordinates_fixed_20250519_140429 - INFO - Epoch 154, Batch 650/848, Loss: 3.4870
2025-05-19 22:16:44,671 - transvg_coordinates_fixed_20250519_140429 - INFO - Train metrics: l1_loss: 0.3682 | giou_loss: 0.8229 | total_loss: 3.4870
2025-05-19 22:17:02,918 - transvg_coordinates_fixed_20250519_140429 - INFO - Epoch 154, Batch 700/848, Loss: 3.5618
2025-05-19 22:17:02,918 - transvg_coordinates_fixed_20250519_140429 - INFO - Train metrics: l1_loss: 0.3646 | giou_loss: 0.8695 | total_loss: 3.5618
2025-05-19 22:17:21,196 - transvg_coordinates_fixed_20250519_140429 - INFO - Epoch 154, Batch 750/848, Loss: 3.4940
2025-05-19 22:17:21,196 - transvg_coordinates_fixed_20250519_140429 - INFO - Train metrics: l1_loss: 0.3696 | giou_loss: 0.8229 | total_loss: 3.4940
2025-05-19 22:17:39,475 - transvg_coordinates_fixed_20250519_140429 - INFO - Epoch 154, Batch 800/848, Loss: 3.7180
2025-05-19 22:17:39,475 - transvg_coordinates_fixed_20250519_140429 - INFO - Train metrics: l1_loss: 0.3952 | giou_loss: 0.8710 | total_loss: 3.7180
2025-05-19 22:17:56,643 - transvg_coordinates_fixed_20250519_140429 - INFO - Train Epoch 154, Loss: 3.3442
2025-05-19 22:18:12,611 - transvg_coordinates_fixed_20250519_140429 - INFO - Pred box sample: [91.88471984863281, 99.59208679199219, 265.6274719238281, 250.27439880371094]
2025-05-19 22:18:12,612 - transvg_coordinates_fixed_20250519_140429 - INFO - Target box sample: [207.0, 198.0, 287.0, 283.0]
2025-05-19 22:18:12,691 - transvg_coordinates_fixed_20250519_140429 - INFO - Validation Epoch 154, Loss: 4.7450
2025-05-19 22:18:12,692 - transvg_coordinates_fixed_20250519_140429 - INFO - Val metrics: Acc@0.25: 0.3044 | Acc@0.5: 0.1126 | Acc@0.75: 0.0135 | mIoU: 0.1754 | medianIoU: 0.0735 | mae_x1: 106.2424 | mae_y1: 103.3858 | mae_x2: 107.5083 | mae_y2: 102.5459 | center_x_error: 92.7127 | center_y_error: 87.7184 | width_error: 2.0967 | height_error: 1.9738 | loss: 4.7450
2025-05-19 22:18:13,297 - transvg_coordinates_fixed_20250519_140429 - INFO - Saved model checkpoint to /home/pokle/Trans-VG/visual_grounding/checkpoints/transvg_coordinates_fixed_20250519_140429_epoch154.pth
2025-05-19 22:18:13,297 - transvg_coordinates_fixed_20250519_140429 - INFO - Epoch 155/200
2025-05-19 22:18:14,460 - transvg_coordinates_fixed_20250519_140429 - INFO - Epoch 155, Batch 0/848, Loss: 3.7674
2025-05-19 22:18:14,460 - transvg_coordinates_fixed_20250519_140429 - INFO - Train metrics: l1_loss: 0.3822 | giou_loss: 0.9282 | total_loss: 3.7674
2025-05-19 22:18:32,495 - transvg_coordinates_fixed_20250519_140429 - INFO - Epoch 155, Batch 50/848, Loss: 3.3530
2025-05-19 22:18:32,495 - transvg_coordinates_fixed_20250519_140429 - INFO - Train metrics: l1_loss: 0.3180 | giou_loss: 0.8814 | total_loss: 3.3530
2025-05-19 22:18:50,601 - transvg_coordinates_fixed_20250519_140429 - INFO - Epoch 155, Batch 100/848, Loss: 3.2579
2025-05-19 22:18:50,602 - transvg_coordinates_fixed_20250519_140429 - INFO - Train metrics: l1_loss: 0.3362 | giou_loss: 0.7886 | total_loss: 3.2579
2025-05-19 22:19:08,724 - transvg_coordinates_fixed_20250519_140429 - INFO - Epoch 155, Batch 150/848, Loss: 3.0766
2025-05-19 22:19:08,724 - transvg_coordinates_fixed_20250519_140429 - INFO - Train metrics: l1_loss: 0.3069 | giou_loss: 0.7710 | total_loss: 3.0766
2025-05-19 22:19:26,825 - transvg_coordinates_fixed_20250519_140429 - INFO - Epoch 155, Batch 200/848, Loss: 3.3230
2025-05-19 22:19:26,825 - transvg_coordinates_fixed_20250519_140429 - INFO - Train metrics: l1_loss: 0.3440 | giou_loss: 0.8015 | total_loss: 3.3230
2025-05-19 22:19:44,950 - transvg_coordinates_fixed_20250519_140429 - INFO - Epoch 155, Batch 250/848, Loss: 3.4876
2025-05-19 22:19:44,950 - transvg_coordinates_fixed_20250519_140429 - INFO - Train metrics: l1_loss: 0.3626 | giou_loss: 0.8374 | total_loss: 3.4876
2025-05-19 22:20:03,060 - transvg_coordinates_fixed_20250519_140429 - INFO - Epoch 155, Batch 300/848, Loss: 3.3510
2025-05-19 22:20:03,060 - transvg_coordinates_fixed_20250519_140429 - INFO - Train metrics: l1_loss: 0.3328 | giou_loss: 0.8436 | total_loss: 3.3510
2025-05-19 22:20:21,097 - transvg_coordinates_fixed_20250519_140429 - INFO - Epoch 155, Batch 350/848, Loss: 3.8519
2025-05-19 22:20:21,097 - transvg_coordinates_fixed_20250519_140429 - INFO - Train metrics: l1_loss: 0.3805 | giou_loss: 0.9747 | total_loss: 3.8519
2025-05-19 22:20:39,141 - transvg_coordinates_fixed_20250519_140429 - INFO - Epoch 155, Batch 400/848, Loss: 2.9962
2025-05-19 22:20:39,142 - transvg_coordinates_fixed_20250519_140429 - INFO - Train metrics: l1_loss: 0.2942 | giou_loss: 0.7625 | total_loss: 2.9962
2025-05-19 22:20:57,231 - transvg_coordinates_fixed_20250519_140429 - INFO - Epoch 155, Batch 450/848, Loss: 3.1415
2025-05-19 22:20:57,232 - transvg_coordinates_fixed_20250519_140429 - INFO - Train metrics: l1_loss: 0.3169 | giou_loss: 0.7786 | total_loss: 3.1415
2025-05-19 22:21:15,313 - transvg_coordinates_fixed_20250519_140429 - INFO - Epoch 155, Batch 500/848, Loss: 3.6237
2025-05-19 22:21:15,313 - transvg_coordinates_fixed_20250519_140429 - INFO - Train metrics: l1_loss: 0.3662 | giou_loss: 0.8964 | total_loss: 3.6237
2025-05-19 22:21:33,399 - transvg_coordinates_fixed_20250519_140429 - INFO - Epoch 155, Batch 550/848, Loss: 3.0426
2025-05-19 22:21:33,400 - transvg_coordinates_fixed_20250519_140429 - INFO - Train metrics: l1_loss: 0.2857 | giou_loss: 0.8071 | total_loss: 3.0426
2025-05-19 22:21:51,525 - transvg_coordinates_fixed_20250519_140429 - INFO - Epoch 155, Batch 600/848, Loss: 3.8700
2025-05-19 22:21:51,526 - transvg_coordinates_fixed_20250519_140429 - INFO - Train metrics: l1_loss: 0.4254 | giou_loss: 0.8714 | total_loss: 3.8700
2025-05-19 22:22:09,637 - transvg_coordinates_fixed_20250519_140429 - INFO - Epoch 155, Batch 650/848, Loss: 3.6395
2025-05-19 22:22:09,638 - transvg_coordinates_fixed_20250519_140429 - INFO - Train metrics: l1_loss: 0.3761 | giou_loss: 0.8795 | total_loss: 3.6395
2025-05-19 22:22:27,902 - transvg_coordinates_fixed_20250519_140429 - INFO - Epoch 155, Batch 700/848, Loss: 3.3355
2025-05-19 22:22:27,902 - transvg_coordinates_fixed_20250519_140429 - INFO - Train metrics: l1_loss: 0.3162 | giou_loss: 0.8773 | total_loss: 3.3355
2025-05-19 22:22:46,004 - transvg_coordinates_fixed_20250519_140429 - INFO - Epoch 155, Batch 750/848, Loss: 3.2462
2025-05-19 22:22:46,005 - transvg_coordinates_fixed_20250519_140429 - INFO - Train metrics: l1_loss: 0.3342 | giou_loss: 0.7876 | total_loss: 3.2462
2025-05-19 22:23:04,114 - transvg_coordinates_fixed_20250519_140429 - INFO - Epoch 155, Batch 800/848, Loss: 3.2988
2025-05-19 22:23:04,115 - transvg_coordinates_fixed_20250519_140429 - INFO - Train metrics: l1_loss: 0.3266 | giou_loss: 0.8330 | total_loss: 3.2988
2025-05-19 22:23:21,172 - transvg_coordinates_fixed_20250519_140429 - INFO - Train Epoch 155, Loss: 3.3421
2025-05-19 22:23:37,463 - transvg_coordinates_fixed_20250519_140429 - INFO - Pred box sample: [89.14336395263672, 101.89302062988281, 265.1318054199219, 264.8246154785156]
2025-05-19 22:23:37,463 - transvg_coordinates_fixed_20250519_140429 - INFO - Target box sample: [207.0, 198.0, 287.0, 283.0]
2025-05-19 22:23:37,543 - transvg_coordinates_fixed_20250519_140429 - INFO - Validation Epoch 155, Loss: 4.7513
2025-05-19 22:23:37,543 - transvg_coordinates_fixed_20250519_140429 - INFO - Val metrics: Acc@0.25: 0.3007 | Acc@0.5: 0.1108 | Acc@0.75: 0.0138 | mIoU: 0.1748 | medianIoU: 0.0726 | mae_x1: 106.4900 | mae_y1: 103.0600 | mae_x2: 107.2301 | mae_y2: 102.8790 | center_x_error: 93.0420 | center_y_error: 87.6107 | width_error: 2.0349 | height_error: 1.9929 | loss: 4.7513
2025-05-19 22:23:38,141 - transvg_coordinates_fixed_20250519_140429 - INFO - Saved model checkpoint to /home/pokle/Trans-VG/visual_grounding/checkpoints/transvg_coordinates_fixed_20250519_140429_epoch155.pth
2025-05-19 22:23:38,142 - transvg_coordinates_fixed_20250519_140429 - INFO - Epoch 156/200
2025-05-19 22:23:39,246 - transvg_coordinates_fixed_20250519_140429 - INFO - Epoch 156, Batch 0/848, Loss: 3.4240
2025-05-19 22:23:39,246 - transvg_coordinates_fixed_20250519_140429 - INFO - Train metrics: l1_loss: 0.3316 | giou_loss: 0.8830 | total_loss: 3.4240
2025-05-19 22:23:57,212 - transvg_coordinates_fixed_20250519_140429 - INFO - Epoch 156, Batch 50/848, Loss: 3.3964
2025-05-19 22:23:57,213 - transvg_coordinates_fixed_20250519_140429 - INFO - Train metrics: l1_loss: 0.3346 | giou_loss: 0.8617 | total_loss: 3.3964
2025-05-19 22:24:15,254 - transvg_coordinates_fixed_20250519_140429 - INFO - Epoch 156, Batch 100/848, Loss: 2.8979
2025-05-19 22:24:15,254 - transvg_coordinates_fixed_20250519_140429 - INFO - Train metrics: l1_loss: 0.2831 | giou_loss: 0.7412 | total_loss: 2.8979
2025-05-19 22:24:33,362 - transvg_coordinates_fixed_20250519_140429 - INFO - Epoch 156, Batch 150/848, Loss: 4.0897
2025-05-19 22:24:33,362 - transvg_coordinates_fixed_20250519_140429 - INFO - Train metrics: l1_loss: 0.4337 | giou_loss: 0.9606 | total_loss: 4.0897
2025-05-19 22:24:51,489 - transvg_coordinates_fixed_20250519_140429 - INFO - Epoch 156, Batch 200/848, Loss: 3.5703
2025-05-19 22:24:51,489 - transvg_coordinates_fixed_20250519_140429 - INFO - Train metrics: l1_loss: 0.3651 | giou_loss: 0.8725 | total_loss: 3.5703
2025-05-19 22:25:09,609 - transvg_coordinates_fixed_20250519_140429 - INFO - Epoch 156, Batch 250/848, Loss: 3.2425
2025-05-19 22:25:09,609 - transvg_coordinates_fixed_20250519_140429 - INFO - Train metrics: l1_loss: 0.3045 | giou_loss: 0.8601 | total_loss: 3.2425
2025-05-19 22:25:27,710 - transvg_coordinates_fixed_20250519_140429 - INFO - Epoch 156, Batch 300/848, Loss: 2.7051
2025-05-19 22:25:27,711 - transvg_coordinates_fixed_20250519_140429 - INFO - Train metrics: l1_loss: 0.2714 | giou_loss: 0.6740 | total_loss: 2.7051
2025-05-19 22:25:45,824 - transvg_coordinates_fixed_20250519_140429 - INFO - Epoch 156, Batch 350/848, Loss: 3.4676
2025-05-19 22:25:45,825 - transvg_coordinates_fixed_20250519_140429 - INFO - Train metrics: l1_loss: 0.3612 | giou_loss: 0.8308 | total_loss: 3.4676
2025-05-19 22:26:03,939 - transvg_coordinates_fixed_20250519_140429 - INFO - Epoch 156, Batch 400/848, Loss: 2.7947
2025-05-19 22:26:03,940 - transvg_coordinates_fixed_20250519_140429 - INFO - Train metrics: l1_loss: 0.2626 | giou_loss: 0.7408 | total_loss: 2.7947
2025-05-19 22:26:22,048 - transvg_coordinates_fixed_20250519_140429 - INFO - Epoch 156, Batch 450/848, Loss: 3.3949
2025-05-19 22:26:22,048 - transvg_coordinates_fixed_20250519_140429 - INFO - Train metrics: l1_loss: 0.3498 | giou_loss: 0.8229 | total_loss: 3.3949
2025-05-19 22:26:40,164 - transvg_coordinates_fixed_20250519_140429 - INFO - Epoch 156, Batch 500/848, Loss: 3.4837
2025-05-19 22:26:40,164 - transvg_coordinates_fixed_20250519_140429 - INFO - Train metrics: l1_loss: 0.3708 | giou_loss: 0.8149 | total_loss: 3.4837
2025-05-19 22:26:58,294 - transvg_coordinates_fixed_20250519_140429 - INFO - Epoch 156, Batch 550/848, Loss: 3.9731
2025-05-19 22:26:58,295 - transvg_coordinates_fixed_20250519_140429 - INFO - Train metrics: l1_loss: 0.4350 | giou_loss: 0.8992 | total_loss: 3.9731
2025-05-19 22:27:16,413 - transvg_coordinates_fixed_20250519_140429 - INFO - Epoch 156, Batch 600/848, Loss: 3.4093
2025-05-19 22:27:16,413 - transvg_coordinates_fixed_20250519_140429 - INFO - Train metrics: l1_loss: 0.3580 | giou_loss: 0.8096 | total_loss: 3.4093
2025-05-19 22:27:34,504 - transvg_coordinates_fixed_20250519_140429 - INFO - Epoch 156, Batch 650/848, Loss: 3.0438
2025-05-19 22:27:34,504 - transvg_coordinates_fixed_20250519_140429 - INFO - Train metrics: l1_loss: 0.2994 | giou_loss: 0.7735 | total_loss: 3.0438
2025-05-19 22:27:52,609 - transvg_coordinates_fixed_20250519_140429 - INFO - Epoch 156, Batch 700/848, Loss: 3.7856
2025-05-19 22:27:52,609 - transvg_coordinates_fixed_20250519_140429 - INFO - Train metrics: l1_loss: 0.4351 | giou_loss: 0.8052 | total_loss: 3.7856
2025-05-19 22:28:10,704 - transvg_coordinates_fixed_20250519_140429 - INFO - Epoch 156, Batch 750/848, Loss: 3.5423
2025-05-19 22:28:10,704 - transvg_coordinates_fixed_20250519_140429 - INFO - Train metrics: l1_loss: 0.3854 | giou_loss: 0.8076 | total_loss: 3.5423
2025-05-19 22:28:28,772 - transvg_coordinates_fixed_20250519_140429 - INFO - Epoch 156, Batch 800/848, Loss: 3.2801
2025-05-19 22:28:28,772 - transvg_coordinates_fixed_20250519_140429 - INFO - Train metrics: l1_loss: 0.3040 | giou_loss: 0.8800 | total_loss: 3.2801
2025-05-19 22:28:45,836 - transvg_coordinates_fixed_20250519_140429 - INFO - Train Epoch 156, Loss: 3.3420
2025-05-19 22:29:02,312 - transvg_coordinates_fixed_20250519_140429 - INFO - Pred box sample: [84.03788757324219, 99.64981079101562, 250.61502075195312, 255.3819122314453]
2025-05-19 22:29:02,313 - transvg_coordinates_fixed_20250519_140429 - INFO - Target box sample: [207.0, 198.0, 287.0, 283.0]
2025-05-19 22:29:02,403 - transvg_coordinates_fixed_20250519_140429 - INFO - Validation Epoch 156, Loss: 4.7558
2025-05-19 22:29:02,403 - transvg_coordinates_fixed_20250519_140429 - INFO - Val metrics: Acc@0.25: 0.3004 | Acc@0.5: 0.1097 | Acc@0.75: 0.0138 | mIoU: 0.1744 | medianIoU: 0.0735 | mae_x1: 106.7107 | mae_y1: 103.0717 | mae_x2: 107.3737 | mae_y2: 103.0235 | center_x_error: 93.0585 | center_y_error: 87.7007 | width_error: 2.0534 | height_error: 1.9850 | loss: 4.7558
2025-05-19 22:29:03,021 - transvg_coordinates_fixed_20250519_140429 - INFO - Saved model checkpoint to /home/pokle/Trans-VG/visual_grounding/checkpoints/transvg_coordinates_fixed_20250519_140429_epoch156.pth
2025-05-19 22:29:03,022 - transvg_coordinates_fixed_20250519_140429 - INFO - Epoch 157/200
2025-05-19 22:29:04,142 - transvg_coordinates_fixed_20250519_140429 - INFO - Epoch 157, Batch 0/848, Loss: 3.3410
2025-05-19 22:29:04,142 - transvg_coordinates_fixed_20250519_140429 - INFO - Train metrics: l1_loss: 0.3509 | giou_loss: 0.7933 | total_loss: 3.3410
2025-05-19 22:29:22,088 - transvg_coordinates_fixed_20250519_140429 - INFO - Epoch 157, Batch 50/848, Loss: 3.2537
2025-05-19 22:29:22,088 - transvg_coordinates_fixed_20250519_140429 - INFO - Train metrics: l1_loss: 0.3232 | giou_loss: 0.8188 | total_loss: 3.2537
2025-05-19 22:29:40,080 - transvg_coordinates_fixed_20250519_140429 - INFO - Epoch 157, Batch 100/848, Loss: 2.8949
2025-05-19 22:29:40,080 - transvg_coordinates_fixed_20250519_140429 - INFO - Train metrics: l1_loss: 0.2929 | giou_loss: 0.7152 | total_loss: 2.8949
2025-05-19 22:29:58,167 - transvg_coordinates_fixed_20250519_140429 - INFO - Epoch 157, Batch 150/848, Loss: 3.7330
2025-05-19 22:29:58,167 - transvg_coordinates_fixed_20250519_140429 - INFO - Train metrics: l1_loss: 0.3944 | giou_loss: 0.8805 | total_loss: 3.7330
2025-05-19 22:30:16,245 - transvg_coordinates_fixed_20250519_140429 - INFO - Epoch 157, Batch 200/848, Loss: 3.6883
2025-05-19 22:30:16,245 - transvg_coordinates_fixed_20250519_140429 - INFO - Train metrics: l1_loss: 0.3918 | giou_loss: 0.8648 | total_loss: 3.6883
2025-05-19 22:30:34,497 - transvg_coordinates_fixed_20250519_140429 - INFO - Epoch 157, Batch 250/848, Loss: 3.3164
2025-05-19 22:30:34,497 - transvg_coordinates_fixed_20250519_140429 - INFO - Train metrics: l1_loss: 0.3226 | giou_loss: 0.8517 | total_loss: 3.3164
2025-05-19 22:30:52,609 - transvg_coordinates_fixed_20250519_140429 - INFO - Epoch 157, Batch 300/848, Loss: 2.9993
2025-05-19 22:30:52,609 - transvg_coordinates_fixed_20250519_140429 - INFO - Train metrics: l1_loss: 0.2738 | giou_loss: 0.8151 | total_loss: 2.9993
2025-05-19 22:31:10,716 - transvg_coordinates_fixed_20250519_140429 - INFO - Epoch 157, Batch 350/848, Loss: 3.4541
2025-05-19 22:31:10,717 - transvg_coordinates_fixed_20250519_140429 - INFO - Train metrics: l1_loss: 0.3543 | giou_loss: 0.8414 | total_loss: 3.4541
2025-05-19 22:31:28,835 - transvg_coordinates_fixed_20250519_140429 - INFO - Epoch 157, Batch 400/848, Loss: 3.4728
2025-05-19 22:31:28,836 - transvg_coordinates_fixed_20250519_140429 - INFO - Train metrics: l1_loss: 0.3539 | giou_loss: 0.8516 | total_loss: 3.4728
2025-05-19 22:31:46,924 - transvg_coordinates_fixed_20250519_140429 - INFO - Epoch 157, Batch 450/848, Loss: 3.4645
2025-05-19 22:31:46,924 - transvg_coordinates_fixed_20250519_140429 - INFO - Train metrics: l1_loss: 0.3739 | giou_loss: 0.7975 | total_loss: 3.4645
2025-05-19 22:32:04,988 - transvg_coordinates_fixed_20250519_140429 - INFO - Epoch 157, Batch 500/848, Loss: 4.2356
2025-05-19 22:32:04,989 - transvg_coordinates_fixed_20250519_140429 - INFO - Train metrics: l1_loss: 0.4556 | giou_loss: 0.9789 | total_loss: 4.2356
2025-05-19 22:32:23,090 - transvg_coordinates_fixed_20250519_140429 - INFO - Epoch 157, Batch 550/848, Loss: 3.2295
2025-05-19 22:32:23,091 - transvg_coordinates_fixed_20250519_140429 - INFO - Train metrics: l1_loss: 0.3121 | giou_loss: 0.8345 | total_loss: 3.2295
2025-05-19 22:32:41,227 - transvg_coordinates_fixed_20250519_140429 - INFO - Epoch 157, Batch 600/848, Loss: 3.2031
2025-05-19 22:32:41,228 - transvg_coordinates_fixed_20250519_140429 - INFO - Train metrics: l1_loss: 0.3174 | giou_loss: 0.8080 | total_loss: 3.2031
2025-05-19 22:32:59,321 - transvg_coordinates_fixed_20250519_140429 - INFO - Epoch 157, Batch 650/848, Loss: 3.4193
2025-05-19 22:32:59,321 - transvg_coordinates_fixed_20250519_140429 - INFO - Train metrics: l1_loss: 0.3570 | giou_loss: 0.8172 | total_loss: 3.4193
2025-05-19 22:33:17,444 - transvg_coordinates_fixed_20250519_140429 - INFO - Epoch 157, Batch 700/848, Loss: 3.2014
2025-05-19 22:33:17,444 - transvg_coordinates_fixed_20250519_140429 - INFO - Train metrics: l1_loss: 0.3192 | giou_loss: 0.8026 | total_loss: 3.2014
2025-05-19 22:33:35,550 - transvg_coordinates_fixed_20250519_140429 - INFO - Epoch 157, Batch 750/848, Loss: 3.0098
2025-05-19 22:33:35,550 - transvg_coordinates_fixed_20250519_140429 - INFO - Train metrics: l1_loss: 0.2846 | giou_loss: 0.7935 | total_loss: 3.0098
2025-05-19 22:33:53,654 - transvg_coordinates_fixed_20250519_140429 - INFO - Epoch 157, Batch 800/848, Loss: 3.2705
2025-05-19 22:33:53,654 - transvg_coordinates_fixed_20250519_140429 - INFO - Train metrics: l1_loss: 0.3265 | giou_loss: 0.8190 | total_loss: 3.2705
2025-05-19 22:34:10,669 - transvg_coordinates_fixed_20250519_140429 - INFO - Train Epoch 157, Loss: 3.3374
2025-05-19 22:34:27,336 - transvg_coordinates_fixed_20250519_140429 - INFO - Pred box sample: [90.1066665649414, 100.08154296875, 263.3123474121094, 255.58895874023438]
2025-05-19 22:34:27,336 - transvg_coordinates_fixed_20250519_140429 - INFO - Target box sample: [207.0, 198.0, 287.0, 283.0]
2025-05-19 22:34:27,420 - transvg_coordinates_fixed_20250519_140429 - INFO - Validation Epoch 157, Loss: 4.7618
2025-05-19 22:34:27,420 - transvg_coordinates_fixed_20250519_140429 - INFO - Val metrics: Acc@0.25: 0.2975 | Acc@0.5: 0.1108 | Acc@0.75: 0.0141 | mIoU: 0.1734 | medianIoU: 0.0720 | mae_x1: 106.8209 | mae_y1: 103.0779 | mae_x2: 107.1799 | mae_y2: 102.9542 | center_x_error: 93.1845 | center_y_error: 88.0203 | width_error: 2.0430 | height_error: 1.9393 | loss: 4.7618
2025-05-19 22:34:28,060 - transvg_coordinates_fixed_20250519_140429 - INFO - Saved model checkpoint to /home/pokle/Trans-VG/visual_grounding/checkpoints/transvg_coordinates_fixed_20250519_140429_epoch157.pth
2025-05-19 22:34:28,061 - transvg_coordinates_fixed_20250519_140429 - INFO - Epoch 158/200
2025-05-19 22:34:29,108 - transvg_coordinates_fixed_20250519_140429 - INFO - Epoch 158, Batch 0/848, Loss: 3.0738
2025-05-19 22:34:29,108 - transvg_coordinates_fixed_20250519_140429 - INFO - Train metrics: l1_loss: 0.2816 | giou_loss: 0.8330 | total_loss: 3.0738
2025-05-19 22:34:47,365 - transvg_coordinates_fixed_20250519_140429 - INFO - Epoch 158, Batch 50/848, Loss: 2.6754
2025-05-19 22:34:47,366 - transvg_coordinates_fixed_20250519_140429 - INFO - Train metrics: l1_loss: 0.2389 | giou_loss: 0.7404 | total_loss: 2.6754
2025-05-19 22:35:05,642 - transvg_coordinates_fixed_20250519_140429 - INFO - Epoch 158, Batch 100/848, Loss: 2.8354
2025-05-19 22:35:05,642 - transvg_coordinates_fixed_20250519_140429 - INFO - Train metrics: l1_loss: 0.2901 | giou_loss: 0.6925 | total_loss: 2.8354
2025-05-19 22:35:23,934 - transvg_coordinates_fixed_20250519_140429 - INFO - Epoch 158, Batch 150/848, Loss: 3.5303
2025-05-19 22:35:23,935 - transvg_coordinates_fixed_20250519_140429 - INFO - Train metrics: l1_loss: 0.3690 | giou_loss: 0.8425 | total_loss: 3.5303
2025-05-19 22:35:42,191 - transvg_coordinates_fixed_20250519_140429 - INFO - Epoch 158, Batch 200/848, Loss: 3.2334
2025-05-19 22:35:42,192 - transvg_coordinates_fixed_20250519_140429 - INFO - Train metrics: l1_loss: 0.3235 | giou_loss: 0.8080 | total_loss: 3.2334
2025-05-19 22:36:00,483 - transvg_coordinates_fixed_20250519_140429 - INFO - Epoch 158, Batch 250/848, Loss: 3.6701
2025-05-19 22:36:00,483 - transvg_coordinates_fixed_20250519_140429 - INFO - Train metrics: l1_loss: 0.3908 | giou_loss: 0.8581 | total_loss: 3.6701
2025-05-19 22:36:18,776 - transvg_coordinates_fixed_20250519_140429 - INFO - Epoch 158, Batch 300/848, Loss: 2.9306
2025-05-19 22:36:18,777 - transvg_coordinates_fixed_20250519_140429 - INFO - Train metrics: l1_loss: 0.2792 | giou_loss: 0.7674 | total_loss: 2.9306
2025-05-19 22:36:36,975 - transvg_coordinates_fixed_20250519_140429 - INFO - Epoch 158, Batch 350/848, Loss: 3.7213
2025-05-19 22:36:36,975 - transvg_coordinates_fixed_20250519_140429 - INFO - Train metrics: l1_loss: 0.3846 | giou_loss: 0.8991 | total_loss: 3.7213
2025-05-19 22:36:55,218 - transvg_coordinates_fixed_20250519_140429 - INFO - Epoch 158, Batch 400/848, Loss: 3.3731
2025-05-19 22:36:55,219 - transvg_coordinates_fixed_20250519_140429 - INFO - Train metrics: l1_loss: 0.3513 | giou_loss: 0.8084 | total_loss: 3.3731
2025-05-19 22:37:13,432 - transvg_coordinates_fixed_20250519_140429 - INFO - Epoch 158, Batch 450/848, Loss: 3.4190
2025-05-19 22:37:13,432 - transvg_coordinates_fixed_20250519_140429 - INFO - Train metrics: l1_loss: 0.3410 | giou_loss: 0.8570 | total_loss: 3.4190
2025-05-19 22:37:31,708 - transvg_coordinates_fixed_20250519_140429 - INFO - Epoch 158, Batch 500/848, Loss: 3.0640
2025-05-19 22:37:31,708 - transvg_coordinates_fixed_20250519_140429 - INFO - Train metrics: l1_loss: 0.3049 | giou_loss: 0.7697 | total_loss: 3.0640
2025-05-19 22:37:49,868 - transvg_coordinates_fixed_20250519_140429 - INFO - Epoch 158, Batch 550/848, Loss: 3.5108
2025-05-19 22:37:49,868 - transvg_coordinates_fixed_20250519_140429 - INFO - Train metrics: l1_loss: 0.3418 | giou_loss: 0.9009 | total_loss: 3.5108
2025-05-19 22:38:08,029 - transvg_coordinates_fixed_20250519_140429 - INFO - Epoch 158, Batch 600/848, Loss: 3.4540
2025-05-19 22:38:08,029 - transvg_coordinates_fixed_20250519_140429 - INFO - Train metrics: l1_loss: 0.3442 | giou_loss: 0.8665 | total_loss: 3.4540
2025-05-19 22:38:26,495 - transvg_coordinates_fixed_20250519_140429 - INFO - Epoch 158, Batch 650/848, Loss: 3.0840
2025-05-19 22:38:26,495 - transvg_coordinates_fixed_20250519_140429 - INFO - Train metrics: l1_loss: 0.2878 | giou_loss: 0.8226 | total_loss: 3.0840
2025-05-19 22:38:44,859 - transvg_coordinates_fixed_20250519_140429 - INFO - Epoch 158, Batch 700/848, Loss: 2.8804
2025-05-19 22:38:44,859 - transvg_coordinates_fixed_20250519_140429 - INFO - Train metrics: l1_loss: 0.2968 | giou_loss: 0.6982 | total_loss: 2.8804
2025-05-19 22:39:03,179 - transvg_coordinates_fixed_20250519_140429 - INFO - Epoch 158, Batch 750/848, Loss: 3.0642
2025-05-19 22:39:03,180 - transvg_coordinates_fixed_20250519_140429 - INFO - Train metrics: l1_loss: 0.2991 | giou_loss: 0.7843 | total_loss: 3.0642
2025-05-19 22:39:21,448 - transvg_coordinates_fixed_20250519_140429 - INFO - Epoch 158, Batch 800/848, Loss: 3.4922
2025-05-19 22:39:21,448 - transvg_coordinates_fixed_20250519_140429 - INFO - Train metrics: l1_loss: 0.3499 | giou_loss: 0.8715 | total_loss: 3.4922
2025-05-19 22:39:38,567 - transvg_coordinates_fixed_20250519_140429 - INFO - Train Epoch 158, Loss: 3.3384
2025-05-19 22:39:55,376 - transvg_coordinates_fixed_20250519_140429 - INFO - Pred box sample: [85.60530090332031, 102.08558654785156, 272.90234375, 265.6072998046875]
2025-05-19 22:39:55,376 - transvg_coordinates_fixed_20250519_140429 - INFO - Target box sample: [207.0, 198.0, 287.0, 283.0]
2025-05-19 22:39:55,458 - transvg_coordinates_fixed_20250519_140429 - INFO - Validation Epoch 158, Loss: 4.7392
2025-05-19 22:39:55,458 - transvg_coordinates_fixed_20250519_140429 - INFO - Val metrics: Acc@0.25: 0.3036 | Acc@0.5: 0.1121 | Acc@0.75: 0.0141 | mIoU: 0.1762 | medianIoU: 0.0738 | mae_x1: 106.4465 | mae_y1: 103.1932 | mae_x2: 107.0187 | mae_y2: 103.1283 | center_x_error: 92.4431 | center_y_error: 87.4984 | width_error: 2.1137 | height_error: 2.0212 | loss: 4.7392
2025-05-19 22:39:56,217 - transvg_coordinates_fixed_20250519_140429 - INFO - Saved model checkpoint to /home/pokle/Trans-VG/visual_grounding/checkpoints/transvg_coordinates_fixed_20250519_140429_epoch158.pth
2025-05-19 22:39:56,218 - transvg_coordinates_fixed_20250519_140429 - INFO - Epoch 159/200
2025-05-19 22:39:57,366 - transvg_coordinates_fixed_20250519_140429 - INFO - Epoch 159, Batch 0/848, Loss: 3.6582
2025-05-19 22:39:57,366 - transvg_coordinates_fixed_20250519_140429 - INFO - Train metrics: l1_loss: 0.4002 | giou_loss: 0.8286 | total_loss: 3.6582
2025-05-19 22:40:15,606 - transvg_coordinates_fixed_20250519_140429 - INFO - Epoch 159, Batch 50/848, Loss: 3.3716
2025-05-19 22:40:15,606 - transvg_coordinates_fixed_20250519_140429 - INFO - Train metrics: l1_loss: 0.3511 | giou_loss: 0.8079 | total_loss: 3.3716
2025-05-19 22:40:33,934 - transvg_coordinates_fixed_20250519_140429 - INFO - Epoch 159, Batch 100/848, Loss: 3.2955
2025-05-19 22:40:33,934 - transvg_coordinates_fixed_20250519_140429 - INFO - Train metrics: l1_loss: 0.3124 | giou_loss: 0.8667 | total_loss: 3.2955
2025-05-19 22:40:52,253 - transvg_coordinates_fixed_20250519_140429 - INFO - Epoch 159, Batch 150/848, Loss: 3.5539
2025-05-19 22:40:52,253 - transvg_coordinates_fixed_20250519_140429 - INFO - Train metrics: l1_loss: 0.3759 | giou_loss: 0.8373 | total_loss: 3.5539
2025-05-19 22:41:10,548 - transvg_coordinates_fixed_20250519_140429 - INFO - Epoch 159, Batch 200/848, Loss: 3.5220
2025-05-19 22:41:10,549 - transvg_coordinates_fixed_20250519_140429 - INFO - Train metrics: l1_loss: 0.3508 | giou_loss: 0.8840 | total_loss: 3.5220
2025-05-19 22:41:28,843 - transvg_coordinates_fixed_20250519_140429 - INFO - Epoch 159, Batch 250/848, Loss: 3.3521
2025-05-19 22:41:28,843 - transvg_coordinates_fixed_20250519_140429 - INFO - Train metrics: l1_loss: 0.3392 | giou_loss: 0.8280 | total_loss: 3.3521
2025-05-19 22:41:47,292 - transvg_coordinates_fixed_20250519_140429 - INFO - Epoch 159, Batch 300/848, Loss: 3.7721
2025-05-19 22:41:47,292 - transvg_coordinates_fixed_20250519_140429 - INFO - Train metrics: l1_loss: 0.3944 | giou_loss: 0.9002 | total_loss: 3.7721
2025-05-19 22:42:05,716 - transvg_coordinates_fixed_20250519_140429 - INFO - Epoch 159, Batch 350/848, Loss: 2.8842
2025-05-19 22:42:05,717 - transvg_coordinates_fixed_20250519_140429 - INFO - Train metrics: l1_loss: 0.2857 | giou_loss: 0.7279 | total_loss: 2.8842
2025-05-19 22:42:23,818 - transvg_coordinates_fixed_20250519_140429 - INFO - Epoch 159, Batch 400/848, Loss: 3.5228
2025-05-19 22:42:23,818 - transvg_coordinates_fixed_20250519_140429 - INFO - Train metrics: l1_loss: 0.3745 | giou_loss: 0.8251 | total_loss: 3.5228
2025-05-19 22:42:41,950 - transvg_coordinates_fixed_20250519_140429 - INFO - Epoch 159, Batch 450/848, Loss: 3.2515
2025-05-19 22:42:41,950 - transvg_coordinates_fixed_20250519_140429 - INFO - Train metrics: l1_loss: 0.3117 | giou_loss: 0.8465 | total_loss: 3.2515
2025-05-19 22:43:00,055 - transvg_coordinates_fixed_20250519_140429 - INFO - Epoch 159, Batch 500/848, Loss: 3.4375
2025-05-19 22:43:00,055 - transvg_coordinates_fixed_20250519_140429 - INFO - Train metrics: l1_loss: 0.3673 | giou_loss: 0.8004 | total_loss: 3.4375
2025-05-19 22:43:18,174 - transvg_coordinates_fixed_20250519_140429 - INFO - Epoch 159, Batch 550/848, Loss: 3.2302
2025-05-19 22:43:18,174 - transvg_coordinates_fixed_20250519_140429 - INFO - Train metrics: l1_loss: 0.3351 | giou_loss: 0.7773 | total_loss: 3.2302
2025-05-19 22:43:36,409 - transvg_coordinates_fixed_20250519_140429 - INFO - Epoch 159, Batch 600/848, Loss: 3.5610
2025-05-19 22:43:36,410 - transvg_coordinates_fixed_20250519_140429 - INFO - Train metrics: l1_loss: 0.3498 | giou_loss: 0.9061 | total_loss: 3.5610
2025-05-19 22:43:54,646 - transvg_coordinates_fixed_20250519_140429 - INFO - Epoch 159, Batch 650/848, Loss: 3.6664
2025-05-19 22:43:54,646 - transvg_coordinates_fixed_20250519_140429 - INFO - Train metrics: l1_loss: 0.3735 | giou_loss: 0.8995 | total_loss: 3.6664
2025-05-19 22:44:12,965 - transvg_coordinates_fixed_20250519_140429 - INFO - Epoch 159, Batch 700/848, Loss: 3.1356
2025-05-19 22:44:12,965 - transvg_coordinates_fixed_20250519_140429 - INFO - Train metrics: l1_loss: 0.3077 | giou_loss: 0.7986 | total_loss: 3.1356
2025-05-19 22:44:31,319 - transvg_coordinates_fixed_20250519_140429 - INFO - Epoch 159, Batch 750/848, Loss: 3.0045
2025-05-19 22:44:31,319 - transvg_coordinates_fixed_20250519_140429 - INFO - Train metrics: l1_loss: 0.2975 | giou_loss: 0.7585 | total_loss: 3.0045
2025-05-19 22:44:49,678 - transvg_coordinates_fixed_20250519_140429 - INFO - Epoch 159, Batch 800/848, Loss: 3.4188
2025-05-19 22:44:49,678 - transvg_coordinates_fixed_20250519_140429 - INFO - Train metrics: l1_loss: 0.3281 | giou_loss: 0.8891 | total_loss: 3.4188
2025-05-19 22:45:06,887 - transvg_coordinates_fixed_20250519_140429 - INFO - Train Epoch 159, Loss: 3.3380
2025-05-19 22:45:34,601 - transvg_coordinates_fixed_20250519_140429 - INFO - Pred box sample: [93.88829040527344, 101.3626708984375, 268.7718505859375, 261.0308532714844]
2025-05-19 22:45:34,602 - transvg_coordinates_fixed_20250519_140429 - INFO - Target box sample: [207.0, 198.0, 287.0, 283.0]
2025-05-19 22:45:34,688 - transvg_coordinates_fixed_20250519_140429 - INFO - Validation Epoch 159, Loss: 4.7517
2025-05-19 22:45:34,688 - transvg_coordinates_fixed_20250519_140429 - INFO - Val metrics: Acc@0.25: 0.3023 | Acc@0.5: 0.1116 | Acc@0.75: 0.0133 | mIoU: 0.1752 | medianIoU: 0.0712 | mae_x1: 105.9552 | mae_y1: 103.7032 | mae_x2: 107.6656 | mae_y2: 102.7812 | center_x_error: 92.7778 | center_y_error: 87.8852 | width_error: 2.0714 | height_error: 1.9834 | loss: 4.7517
2025-05-19 22:45:35,358 - transvg_coordinates_fixed_20250519_140429 - INFO - Saved model checkpoint to /home/pokle/Trans-VG/visual_grounding/checkpoints/transvg_coordinates_fixed_20250519_140429_epoch159.pth
2025-05-19 22:45:35,359 - transvg_coordinates_fixed_20250519_140429 - INFO - Epoch 160/200
2025-05-19 22:45:36,511 - transvg_coordinates_fixed_20250519_140429 - INFO - Epoch 160, Batch 0/848, Loss: 3.5596
2025-05-19 22:45:36,512 - transvg_coordinates_fixed_20250519_140429 - INFO - Train metrics: l1_loss: 0.3861 | giou_loss: 0.8145 | total_loss: 3.5596
2025-05-19 22:45:54,474 - transvg_coordinates_fixed_20250519_140429 - INFO - Epoch 160, Batch 50/848, Loss: 3.4006
2025-05-19 22:45:54,474 - transvg_coordinates_fixed_20250519_140429 - INFO - Train metrics: l1_loss: 0.3561 | giou_loss: 0.8100 | total_loss: 3.4006
2025-05-19 22:46:12,509 - transvg_coordinates_fixed_20250519_140429 - INFO - Epoch 160, Batch 100/848, Loss: 2.9535
2025-05-19 22:46:12,535 - transvg_coordinates_fixed_20250519_140429 - INFO - Train metrics: l1_loss: 0.2810 | giou_loss: 0.7742 | total_loss: 2.9535
2025-05-19 22:46:30,821 - transvg_coordinates_fixed_20250519_140429 - INFO - Epoch 160, Batch 150/848, Loss: 3.5657
2025-05-19 22:46:30,821 - transvg_coordinates_fixed_20250519_140429 - INFO - Train metrics: l1_loss: 0.3603 | giou_loss: 0.8821 | total_loss: 3.5657
2025-05-19 22:46:48,970 - transvg_coordinates_fixed_20250519_140429 - INFO - Epoch 160, Batch 200/848, Loss: 3.2644
2025-05-19 22:46:48,970 - transvg_coordinates_fixed_20250519_140429 - INFO - Train metrics: l1_loss: 0.3324 | giou_loss: 0.8012 | total_loss: 3.2644
2025-05-19 22:47:07,121 - transvg_coordinates_fixed_20250519_140429 - INFO - Epoch 160, Batch 250/848, Loss: 2.8894
2025-05-19 22:47:07,121 - transvg_coordinates_fixed_20250519_140429 - INFO - Train metrics: l1_loss: 0.2683 | giou_loss: 0.7739 | total_loss: 2.8894
2025-05-19 22:47:25,201 - transvg_coordinates_fixed_20250519_140429 - INFO - Epoch 160, Batch 300/848, Loss: 3.1344
2025-05-19 22:47:25,201 - transvg_coordinates_fixed_20250519_140429 - INFO - Train metrics: l1_loss: 0.3222 | giou_loss: 0.7617 | total_loss: 3.1344
2025-05-19 22:47:43,343 - transvg_coordinates_fixed_20250519_140429 - INFO - Epoch 160, Batch 350/848, Loss: 3.8932
2025-05-19 22:47:43,343 - transvg_coordinates_fixed_20250519_140429 - INFO - Train metrics: l1_loss: 0.3922 | giou_loss: 0.9661 | total_loss: 3.8932
2025-05-19 22:48:01,468 - transvg_coordinates_fixed_20250519_140429 - INFO - Epoch 160, Batch 400/848, Loss: 3.3669
2025-05-19 22:48:01,469 - transvg_coordinates_fixed_20250519_140429 - INFO - Train metrics: l1_loss: 0.3320 | giou_loss: 0.8535 | total_loss: 3.3669
2025-05-19 22:48:19,481 - transvg_coordinates_fixed_20250519_140429 - INFO - Epoch 160, Batch 450/848, Loss: 3.9865
2025-05-19 22:48:19,481 - transvg_coordinates_fixed_20250519_140429 - INFO - Train metrics: l1_loss: 0.3958 | giou_loss: 1.0038 | total_loss: 3.9865
2025-05-19 22:48:37,476 - transvg_coordinates_fixed_20250519_140429 - INFO - Epoch 160, Batch 500/848, Loss: 3.8047
2025-05-19 22:48:37,476 - transvg_coordinates_fixed_20250519_140429 - INFO - Train metrics: l1_loss: 0.3890 | giou_loss: 0.9300 | total_loss: 3.8047
2025-05-19 22:48:55,810 - transvg_coordinates_fixed_20250519_140429 - INFO - Epoch 160, Batch 550/848, Loss: 3.6330
2025-05-19 22:48:55,810 - transvg_coordinates_fixed_20250519_140429 - INFO - Train metrics: l1_loss: 0.3827 | giou_loss: 0.8597 | total_loss: 3.6330
2025-05-19 22:49:16,703 - transvg_coordinates_fixed_20250519_140429 - INFO - Epoch 160, Batch 600/848, Loss: 3.3631
2025-05-19 22:49:16,703 - transvg_coordinates_fixed_20250519_140429 - INFO - Train metrics: l1_loss: 0.3598 | giou_loss: 0.7820 | total_loss: 3.3631
2025-05-19 22:49:39,958 - transvg_coordinates_fixed_20250519_140429 - INFO - Epoch 160, Batch 650/848, Loss: 2.7488
2025-05-19 22:49:39,958 - transvg_coordinates_fixed_20250519_140429 - INFO - Train metrics: l1_loss: 0.2751 | giou_loss: 0.6868 | total_loss: 2.7488
2025-05-19 22:50:02,945 - transvg_coordinates_fixed_20250519_140429 - INFO - Epoch 160, Batch 700/848, Loss: 3.5166
2025-05-19 22:50:02,945 - transvg_coordinates_fixed_20250519_140429 - INFO - Train metrics: l1_loss: 0.3768 | giou_loss: 0.8164 | total_loss: 3.5166
2025-05-19 22:50:24,850 - transvg_coordinates_fixed_20250519_140429 - INFO - Epoch 160, Batch 750/848, Loss: 3.1326
2025-05-19 22:50:24,850 - transvg_coordinates_fixed_20250519_140429 - INFO - Train metrics: l1_loss: 0.3016 | giou_loss: 0.8123 | total_loss: 3.1326
2025-05-19 22:50:46,742 - transvg_coordinates_fixed_20250519_140429 - INFO - Epoch 160, Batch 800/848, Loss: 3.4209
2025-05-19 22:50:46,743 - transvg_coordinates_fixed_20250519_140429 - INFO - Train metrics: l1_loss: 0.3481 | giou_loss: 0.8403 | total_loss: 3.4209
2025-05-19 22:51:07,543 - transvg_coordinates_fixed_20250519_140429 - INFO - Train Epoch 160, Loss: 3.3405
2025-05-19 22:51:49,733 - transvg_coordinates_fixed_20250519_140429 - INFO - Pred box sample: [92.61398315429688, 97.93766784667969, 263.51593017578125, 258.1084289550781]
2025-05-19 22:51:49,733 - transvg_coordinates_fixed_20250519_140429 - INFO - Target box sample: [207.0, 198.0, 287.0, 283.0]
2025-05-19 22:51:49,815 - transvg_coordinates_fixed_20250519_140429 - INFO - Validation Epoch 160, Loss: 4.7473
2025-05-19 22:51:49,815 - transvg_coordinates_fixed_20250519_140429 - INFO - Val metrics: Acc@0.25: 0.3023 | Acc@0.5: 0.1105 | Acc@0.75: 0.0141 | mIoU: 0.1752 | medianIoU: 0.0729 | mae_x1: 105.6052 | mae_y1: 103.5687 | mae_x2: 106.7696 | mae_y2: 102.4930 | center_x_error: 92.3944 | center_y_error: 87.9002 | width_error: 2.0184 | height_error: 1.9537 | loss: 4.7473
2025-05-19 22:51:50,497 - transvg_coordinates_fixed_20250519_140429 - INFO - Saved model checkpoint to /home/pokle/Trans-VG/visual_grounding/checkpoints/transvg_coordinates_fixed_20250519_140429_epoch160.pth
2025-05-19 22:51:50,498 - transvg_coordinates_fixed_20250519_140429 - INFO - Epoch 161/200
2025-05-19 22:51:52,008 - transvg_coordinates_fixed_20250519_140429 - INFO - Epoch 161, Batch 0/848, Loss: 3.5742
2025-05-19 22:51:52,008 - transvg_coordinates_fixed_20250519_140429 - INFO - Train metrics: l1_loss: 0.3712 | giou_loss: 0.8591 | total_loss: 3.5742
2025-05-19 22:52:09,681 - transvg_coordinates_fixed_20250519_140429 - INFO - Epoch 161, Batch 50/848, Loss: 4.6293
2025-05-19 22:52:09,681 - transvg_coordinates_fixed_20250519_140429 - INFO - Train metrics: l1_loss: 0.4950 | giou_loss: 1.0771 | total_loss: 4.6293
2025-05-19 22:52:29,083 - transvg_coordinates_fixed_20250519_140429 - INFO - Epoch 161, Batch 100/848, Loss: 3.1322
2025-05-19 22:52:29,083 - transvg_coordinates_fixed_20250519_140429 - INFO - Train metrics: l1_loss: 0.3158 | giou_loss: 0.7766 | total_loss: 3.1322
2025-05-19 22:52:47,195 - transvg_coordinates_fixed_20250519_140429 - INFO - Epoch 161, Batch 150/848, Loss: 3.1471
2025-05-19 22:52:47,195 - transvg_coordinates_fixed_20250519_140429 - INFO - Train metrics: l1_loss: 0.3237 | giou_loss: 0.7643 | total_loss: 3.1471
2025-05-19 22:53:05,018 - transvg_coordinates_fixed_20250519_140429 - INFO - Epoch 161, Batch 200/848, Loss: 2.8569
2025-05-19 22:53:05,018 - transvg_coordinates_fixed_20250519_140429 - INFO - Train metrics: l1_loss: 0.2807 | giou_loss: 0.7268 | total_loss: 2.8569
2025-05-19 22:53:22,832 - transvg_coordinates_fixed_20250519_140429 - INFO - Epoch 161, Batch 250/848, Loss: 3.0138
2025-05-19 22:53:22,832 - transvg_coordinates_fixed_20250519_140429 - INFO - Train metrics: l1_loss: 0.2944 | giou_loss: 0.7708 | total_loss: 3.0138
2025-05-19 22:53:40,673 - transvg_coordinates_fixed_20250519_140429 - INFO - Epoch 161, Batch 300/848, Loss: 3.4332
2025-05-19 22:53:40,673 - transvg_coordinates_fixed_20250519_140429 - INFO - Train metrics: l1_loss: 0.3421 | giou_loss: 0.8612 | total_loss: 3.4332
2025-05-19 22:53:58,489 - transvg_coordinates_fixed_20250519_140429 - INFO - Epoch 161, Batch 350/848, Loss: 3.0599
2025-05-19 22:53:58,490 - transvg_coordinates_fixed_20250519_140429 - INFO - Train metrics: l1_loss: 0.2894 | giou_loss: 0.8064 | total_loss: 3.0599
2025-05-19 22:54:17,053 - transvg_coordinates_fixed_20250519_140429 - INFO - Epoch 161, Batch 400/848, Loss: 3.1193
2025-05-19 22:54:17,053 - transvg_coordinates_fixed_20250519_140429 - INFO - Train metrics: l1_loss: 0.3054 | giou_loss: 0.7963 | total_loss: 3.1193
2025-05-19 22:54:35,412 - transvg_coordinates_fixed_20250519_140429 - INFO - Epoch 161, Batch 450/848, Loss: 3.1692
2025-05-19 22:54:35,412 - transvg_coordinates_fixed_20250519_140429 - INFO - Train metrics: l1_loss: 0.3301 | giou_loss: 0.7594 | total_loss: 3.1692
2025-05-19 22:54:53,289 - transvg_coordinates_fixed_20250519_140429 - INFO - Epoch 161, Batch 500/848, Loss: 3.3479
2025-05-19 22:54:53,290 - transvg_coordinates_fixed_20250519_140429 - INFO - Train metrics: l1_loss: 0.3227 | giou_loss: 0.8673 | total_loss: 3.3479
2025-05-19 22:55:11,469 - transvg_coordinates_fixed_20250519_140429 - INFO - Epoch 161, Batch 550/848, Loss: 2.7110
2025-05-19 22:55:11,469 - transvg_coordinates_fixed_20250519_140429 - INFO - Train metrics: l1_loss: 0.2528 | giou_loss: 0.7234 | total_loss: 2.7110
2025-05-19 22:55:29,495 - transvg_coordinates_fixed_20250519_140429 - INFO - Epoch 161, Batch 600/848, Loss: 3.3333
2025-05-19 22:55:29,495 - transvg_coordinates_fixed_20250519_140429 - INFO - Train metrics: l1_loss: 0.3466 | giou_loss: 0.8002 | total_loss: 3.3333
2025-05-19 22:55:47,542 - transvg_coordinates_fixed_20250519_140429 - INFO - Epoch 161, Batch 650/848, Loss: 3.2639
2025-05-19 22:55:47,542 - transvg_coordinates_fixed_20250519_140429 - INFO - Train metrics: l1_loss: 0.3341 | giou_loss: 0.7967 | total_loss: 3.2639
2025-05-19 22:56:05,600 - transvg_coordinates_fixed_20250519_140429 - INFO - Epoch 161, Batch 700/848, Loss: 3.4649
2025-05-19 22:56:05,600 - transvg_coordinates_fixed_20250519_140429 - INFO - Train metrics: l1_loss: 0.3594 | giou_loss: 0.8339 | total_loss: 3.4649
2025-05-19 22:56:23,733 - transvg_coordinates_fixed_20250519_140429 - INFO - Epoch 161, Batch 750/848, Loss: 3.5409
2025-05-19 22:56:23,734 - transvg_coordinates_fixed_20250519_140429 - INFO - Train metrics: l1_loss: 0.3791 | giou_loss: 0.8226 | total_loss: 3.5409
2025-05-19 22:56:41,932 - transvg_coordinates_fixed_20250519_140429 - INFO - Epoch 161, Batch 800/848, Loss: 3.6020
2025-05-19 22:56:41,933 - transvg_coordinates_fixed_20250519_140429 - INFO - Train metrics: l1_loss: 0.3928 | giou_loss: 0.8190 | total_loss: 3.6020
2025-05-19 22:56:58,966 - transvg_coordinates_fixed_20250519_140429 - INFO - Train Epoch 161, Loss: 3.3392
2025-05-19 22:57:24,376 - transvg_coordinates_fixed_20250519_140429 - INFO - Pred box sample: [92.21515655517578, 104.28813934326172, 263.0401916503906, 257.63116455078125]
2025-05-19 22:57:24,376 - transvg_coordinates_fixed_20250519_140429 - INFO - Target box sample: [207.0, 198.0, 287.0, 283.0]
2025-05-19 22:57:24,459 - transvg_coordinates_fixed_20250519_140429 - INFO - Validation Epoch 161, Loss: 4.7446
2025-05-19 22:57:24,459 - transvg_coordinates_fixed_20250519_140429 - INFO - Val metrics: Acc@0.25: 0.3020 | Acc@0.5: 0.1113 | Acc@0.75: 0.0130 | mIoU: 0.1754 | medianIoU: 0.0730 | mae_x1: 106.2430 | mae_y1: 103.1087 | mae_x2: 107.0757 | mae_y2: 102.8049 | center_x_error: 92.4463 | center_y_error: 87.6388 | width_error: 2.0814 | height_error: 1.9715 | loss: 4.7446
2025-05-19 22:57:25,126 - transvg_coordinates_fixed_20250519_140429 - INFO - Saved model checkpoint to /home/pokle/Trans-VG/visual_grounding/checkpoints/transvg_coordinates_fixed_20250519_140429_epoch161.pth
2025-05-19 22:57:25,127 - transvg_coordinates_fixed_20250519_140429 - INFO - Epoch 162/200
2025-05-19 22:57:26,418 - transvg_coordinates_fixed_20250519_140429 - INFO - Epoch 162, Batch 0/848, Loss: 3.2717
2025-05-19 22:57:26,418 - transvg_coordinates_fixed_20250519_140429 - INFO - Train metrics: l1_loss: 0.3307 | giou_loss: 0.8090 | total_loss: 3.2717
2025-05-19 22:57:44,311 - transvg_coordinates_fixed_20250519_140429 - INFO - Epoch 162, Batch 50/848, Loss: 4.1452
2025-05-19 22:57:44,312 - transvg_coordinates_fixed_20250519_140429 - INFO - Train metrics: l1_loss: 0.4477 | giou_loss: 0.9535 | total_loss: 4.1452
2025-05-19 22:58:02,256 - transvg_coordinates_fixed_20250519_140429 - INFO - Epoch 162, Batch 100/848, Loss: 2.4194
2025-05-19 22:58:02,257 - transvg_coordinates_fixed_20250519_140429 - INFO - Train metrics: l1_loss: 0.2337 | giou_loss: 0.6255 | total_loss: 2.4194
2025-05-19 22:58:20,277 - transvg_coordinates_fixed_20250519_140429 - INFO - Epoch 162, Batch 150/848, Loss: 3.1705
2025-05-19 22:58:20,277 - transvg_coordinates_fixed_20250519_140429 - INFO - Train metrics: l1_loss: 0.3135 | giou_loss: 0.8015 | total_loss: 3.1705
2025-05-19 22:58:38,480 - transvg_coordinates_fixed_20250519_140429 - INFO - Epoch 162, Batch 200/848, Loss: 3.1817
2025-05-19 22:58:38,480 - transvg_coordinates_fixed_20250519_140429 - INFO - Train metrics: l1_loss: 0.3252 | giou_loss: 0.7778 | total_loss: 3.1817
2025-05-19 22:58:56,749 - transvg_coordinates_fixed_20250519_140429 - INFO - Epoch 162, Batch 250/848, Loss: 2.8955
2025-05-19 22:58:56,749 - transvg_coordinates_fixed_20250519_140429 - INFO - Train metrics: l1_loss: 0.2813 | giou_loss: 0.7446 | total_loss: 2.8955
2025-05-19 22:59:14,953 - transvg_coordinates_fixed_20250519_140429 - INFO - Epoch 162, Batch 300/848, Loss: 3.3158
2025-05-19 22:59:14,954 - transvg_coordinates_fixed_20250519_140429 - INFO - Train metrics: l1_loss: 0.3489 | giou_loss: 0.7857 | total_loss: 3.3158
2025-05-19 22:59:33,095 - transvg_coordinates_fixed_20250519_140429 - INFO - Epoch 162, Batch 350/848, Loss: 3.4239
2025-05-19 22:59:33,095 - transvg_coordinates_fixed_20250519_140429 - INFO - Train metrics: l1_loss: 0.3464 | giou_loss: 0.8460 | total_loss: 3.4239
2025-05-19 22:59:51,249 - transvg_coordinates_fixed_20250519_140429 - INFO - Epoch 162, Batch 400/848, Loss: 3.5203
2025-05-19 22:59:51,249 - transvg_coordinates_fixed_20250519_140429 - INFO - Train metrics: l1_loss: 0.3752 | giou_loss: 0.8221 | total_loss: 3.5203
2025-05-19 23:00:09,423 - transvg_coordinates_fixed_20250519_140429 - INFO - Epoch 162, Batch 450/848, Loss: 3.5292
2025-05-19 23:00:09,423 - transvg_coordinates_fixed_20250519_140429 - INFO - Train metrics: l1_loss: 0.3566 | giou_loss: 0.8730 | total_loss: 3.5292
2025-05-19 23:00:27,568 - transvg_coordinates_fixed_20250519_140429 - INFO - Epoch 162, Batch 500/848, Loss: 3.0583
2025-05-19 23:00:27,568 - transvg_coordinates_fixed_20250519_140429 - INFO - Train metrics: l1_loss: 0.3146 | giou_loss: 0.7427 | total_loss: 3.0583
2025-05-19 23:00:45,712 - transvg_coordinates_fixed_20250519_140429 - INFO - Epoch 162, Batch 550/848, Loss: 2.9478
2025-05-19 23:00:45,713 - transvg_coordinates_fixed_20250519_140429 - INFO - Train metrics: l1_loss: 0.2902 | giou_loss: 0.7483 | total_loss: 2.9478
2025-05-19 23:01:03,805 - transvg_coordinates_fixed_20250519_140429 - INFO - Epoch 162, Batch 600/848, Loss: 3.8934
2025-05-19 23:01:03,805 - transvg_coordinates_fixed_20250519_140429 - INFO - Train metrics: l1_loss: 0.3973 | giou_loss: 0.9535 | total_loss: 3.8934
2025-05-19 23:01:21,850 - transvg_coordinates_fixed_20250519_140429 - INFO - Epoch 162, Batch 650/848, Loss: 3.1106
2025-05-19 23:01:21,851 - transvg_coordinates_fixed_20250519_140429 - INFO - Train metrics: l1_loss: 0.2964 | giou_loss: 0.8144 | total_loss: 3.1106
2025-05-19 23:01:39,993 - transvg_coordinates_fixed_20250519_140429 - INFO - Epoch 162, Batch 700/848, Loss: 3.1879
2025-05-19 23:01:39,993 - transvg_coordinates_fixed_20250519_140429 - INFO - Train metrics: l1_loss: 0.3019 | giou_loss: 0.8391 | total_loss: 3.1879
2025-05-19 23:01:58,081 - transvg_coordinates_fixed_20250519_140429 - INFO - Epoch 162, Batch 750/848, Loss: 3.6603
2025-05-19 23:01:58,081 - transvg_coordinates_fixed_20250519_140429 - INFO - Train metrics: l1_loss: 0.3773 | giou_loss: 0.8868 | total_loss: 3.6603
2025-05-19 23:02:16,217 - transvg_coordinates_fixed_20250519_140429 - INFO - Epoch 162, Batch 800/848, Loss: 3.6346
2025-05-19 23:02:16,218 - transvg_coordinates_fixed_20250519_140429 - INFO - Train metrics: l1_loss: 0.3757 | giou_loss: 0.8781 | total_loss: 3.6346
2025-05-19 23:02:33,187 - transvg_coordinates_fixed_20250519_140429 - INFO - Train Epoch 162, Loss: 3.3336
2025-05-19 23:03:02,279 - transvg_coordinates_fixed_20250519_140429 - INFO - Pred box sample: [90.34098052978516, 101.03427124023438, 265.63360595703125, 259.00628662109375]
2025-05-19 23:03:02,280 - transvg_coordinates_fixed_20250519_140429 - INFO - Target box sample: [207.0, 198.0, 287.0, 283.0]
2025-05-19 23:03:02,364 - transvg_coordinates_fixed_20250519_140429 - INFO - Validation Epoch 162, Loss: 4.7548
2025-05-19 23:03:02,364 - transvg_coordinates_fixed_20250519_140429 - INFO - Val metrics: Acc@0.25: 0.2983 | Acc@0.5: 0.1124 | Acc@0.75: 0.0133 | mIoU: 0.1749 | medianIoU: 0.0715 | mae_x1: 106.6337 | mae_y1: 103.4800 | mae_x2: 106.9724 | mae_y2: 103.1396 | center_x_error: 92.9488 | center_y_error: 87.9641 | width_error: 2.0464 | height_error: 1.9778 | loss: 4.7548
2025-05-19 23:03:03,187 - transvg_coordinates_fixed_20250519_140429 - INFO - Saved model checkpoint to /home/pokle/Trans-VG/visual_grounding/checkpoints/transvg_coordinates_fixed_20250519_140429_epoch162.pth
2025-05-19 23:03:03,188 - transvg_coordinates_fixed_20250519_140429 - INFO - Epoch 163/200
2025-05-19 23:03:04,463 - transvg_coordinates_fixed_20250519_140429 - INFO - Epoch 163, Batch 0/848, Loss: 2.9588
2025-05-19 23:03:04,463 - transvg_coordinates_fixed_20250519_140429 - INFO - Train metrics: l1_loss: 0.2956 | giou_loss: 0.7405 | total_loss: 2.9588
2025-05-19 23:03:22,410 - transvg_coordinates_fixed_20250519_140429 - INFO - Epoch 163, Batch 50/848, Loss: 3.3452
2025-05-19 23:03:22,411 - transvg_coordinates_fixed_20250519_140429 - INFO - Train metrics: l1_loss: 0.3366 | giou_loss: 0.8311 | total_loss: 3.3452
2025-05-19 23:03:40,576 - transvg_coordinates_fixed_20250519_140429 - INFO - Epoch 163, Batch 100/848, Loss: 3.2698
2025-05-19 23:03:40,577 - transvg_coordinates_fixed_20250519_140429 - INFO - Train metrics: l1_loss: 0.3385 | giou_loss: 0.7888 | total_loss: 3.2698
2025-05-19 23:03:58,508 - transvg_coordinates_fixed_20250519_140429 - INFO - Epoch 163, Batch 150/848, Loss: 3.2207
2025-05-19 23:03:58,508 - transvg_coordinates_fixed_20250519_140429 - INFO - Train metrics: l1_loss: 0.3145 | giou_loss: 0.8242 | total_loss: 3.2207
2025-05-19 23:04:16,561 - transvg_coordinates_fixed_20250519_140429 - INFO - Epoch 163, Batch 200/848, Loss: 3.0969
2025-05-19 23:04:16,562 - transvg_coordinates_fixed_20250519_140429 - INFO - Train metrics: l1_loss: 0.3234 | giou_loss: 0.7400 | total_loss: 3.0969
2025-05-19 23:04:34,698 - transvg_coordinates_fixed_20250519_140429 - INFO - Epoch 163, Batch 250/848, Loss: 2.6437
2025-05-19 23:04:34,698 - transvg_coordinates_fixed_20250519_140429 - INFO - Train metrics: l1_loss: 0.2537 | giou_loss: 0.6875 | total_loss: 2.6437
2025-05-19 23:04:52,815 - transvg_coordinates_fixed_20250519_140429 - INFO - Epoch 163, Batch 300/848, Loss: 3.6652
2025-05-19 23:04:52,816 - transvg_coordinates_fixed_20250519_140429 - INFO - Train metrics: l1_loss: 0.3903 | giou_loss: 0.8567 | total_loss: 3.6652
2025-05-19 23:05:10,729 - transvg_coordinates_fixed_20250519_140429 - INFO - Epoch 163, Batch 350/848, Loss: 3.5613
2025-05-19 23:05:10,729 - transvg_coordinates_fixed_20250519_140429 - INFO - Train metrics: l1_loss: 0.3838 | giou_loss: 0.8212 | total_loss: 3.5613
2025-05-19 23:05:28,768 - transvg_coordinates_fixed_20250519_140429 - INFO - Epoch 163, Batch 400/848, Loss: 3.0227
2025-05-19 23:05:28,768 - transvg_coordinates_fixed_20250519_140429 - INFO - Train metrics: l1_loss: 0.2829 | giou_loss: 0.8041 | total_loss: 3.0227
2025-05-19 23:05:46,766 - transvg_coordinates_fixed_20250519_140429 - INFO - Epoch 163, Batch 450/848, Loss: 3.0135
2025-05-19 23:05:46,766 - transvg_coordinates_fixed_20250519_140429 - INFO - Train metrics: l1_loss: 0.2934 | giou_loss: 0.7733 | total_loss: 3.0135
2025-05-19 23:06:04,803 - transvg_coordinates_fixed_20250519_140429 - INFO - Epoch 163, Batch 500/848, Loss: 3.0665
2025-05-19 23:06:04,803 - transvg_coordinates_fixed_20250519_140429 - INFO - Train metrics: l1_loss: 0.3042 | giou_loss: 0.7728 | total_loss: 3.0665
2025-05-19 23:06:22,714 - transvg_coordinates_fixed_20250519_140429 - INFO - Epoch 163, Batch 550/848, Loss: 3.6040
2025-05-19 23:06:22,714 - transvg_coordinates_fixed_20250519_140429 - INFO - Train metrics: l1_loss: 0.3888 | giou_loss: 0.8300 | total_loss: 3.6040
2025-05-19 23:06:40,641 - transvg_coordinates_fixed_20250519_140429 - INFO - Epoch 163, Batch 600/848, Loss: 3.4340
2025-05-19 23:06:40,641 - transvg_coordinates_fixed_20250519_140429 - INFO - Train metrics: l1_loss: 0.3334 | giou_loss: 0.8835 | total_loss: 3.4340
2025-05-19 23:06:58,551 - transvg_coordinates_fixed_20250519_140429 - INFO - Epoch 163, Batch 650/848, Loss: 3.8370
2025-05-19 23:06:58,551 - transvg_coordinates_fixed_20250519_140429 - INFO - Train metrics: l1_loss: 0.4062 | giou_loss: 0.9029 | total_loss: 3.8370
2025-05-19 23:07:16,573 - transvg_coordinates_fixed_20250519_140429 - INFO - Epoch 163, Batch 700/848, Loss: 3.1136
2025-05-19 23:07:16,573 - transvg_coordinates_fixed_20250519_140429 - INFO - Train metrics: l1_loss: 0.3151 | giou_loss: 0.7691 | total_loss: 3.1136
2025-05-19 23:07:34,568 - transvg_coordinates_fixed_20250519_140429 - INFO - Epoch 163, Batch 750/848, Loss: 3.0848
2025-05-19 23:07:34,568 - transvg_coordinates_fixed_20250519_140429 - INFO - Train metrics: l1_loss: 0.3167 | giou_loss: 0.7507 | total_loss: 3.0848
2025-05-19 23:07:52,535 - transvg_coordinates_fixed_20250519_140429 - INFO - Epoch 163, Batch 800/848, Loss: 3.1842
2025-05-19 23:07:52,535 - transvg_coordinates_fixed_20250519_140429 - INFO - Train metrics: l1_loss: 0.3270 | giou_loss: 0.7747 | total_loss: 3.1842
2025-05-19 23:08:09,350 - transvg_coordinates_fixed_20250519_140429 - INFO - Train Epoch 163, Loss: 3.3358
2025-05-19 23:08:25,450 - transvg_coordinates_fixed_20250519_140429 - INFO - Pred box sample: [92.2667007446289, 97.10464477539062, 253.75559997558594, 250.93362426757812]
2025-05-19 23:08:25,451 - transvg_coordinates_fixed_20250519_140429 - INFO - Target box sample: [207.0, 198.0, 287.0, 283.0]
2025-05-19 23:08:25,531 - transvg_coordinates_fixed_20250519_140429 - INFO - Validation Epoch 163, Loss: 4.7452
2025-05-19 23:08:25,532 - transvg_coordinates_fixed_20250519_140429 - INFO - Val metrics: Acc@0.25: 0.3020 | Acc@0.5: 0.1124 | Acc@0.75: 0.0135 | mIoU: 0.1751 | medianIoU: 0.0717 | mae_x1: 105.9686 | mae_y1: 103.0551 | mae_x2: 106.7886 | mae_y2: 102.8640 | center_x_error: 92.4204 | center_y_error: 87.6788 | width_error: 2.0335 | height_error: 1.9700 | loss: 4.7452
2025-05-19 23:08:26,167 - transvg_coordinates_fixed_20250519_140429 - INFO - Saved model checkpoint to /home/pokle/Trans-VG/visual_grounding/checkpoints/transvg_coordinates_fixed_20250519_140429_epoch163.pth
2025-05-19 23:08:26,168 - transvg_coordinates_fixed_20250519_140429 - INFO - Epoch 164/200
2025-05-19 23:08:27,167 - transvg_coordinates_fixed_20250519_140429 - INFO - Epoch 164, Batch 0/848, Loss: 3.0083
2025-05-19 23:08:27,168 - transvg_coordinates_fixed_20250519_140429 - INFO - Train metrics: l1_loss: 0.3250 | giou_loss: 0.6916 | total_loss: 3.0083
2025-05-19 23:08:45,283 - transvg_coordinates_fixed_20250519_140429 - INFO - Epoch 164, Batch 50/848, Loss: 3.0905
2025-05-19 23:08:45,283 - transvg_coordinates_fixed_20250519_140429 - INFO - Train metrics: l1_loss: 0.3246 | giou_loss: 0.7338 | total_loss: 3.0905
2025-05-19 23:09:03,374 - transvg_coordinates_fixed_20250519_140429 - INFO - Epoch 164, Batch 100/848, Loss: 2.6646
2025-05-19 23:09:03,374 - transvg_coordinates_fixed_20250519_140429 - INFO - Train metrics: l1_loss: 0.2595 | giou_loss: 0.6835 | total_loss: 2.6646
2025-05-19 23:09:21,501 - transvg_coordinates_fixed_20250519_140429 - INFO - Epoch 164, Batch 150/848, Loss: 3.2249
2025-05-19 23:09:21,501 - transvg_coordinates_fixed_20250519_140429 - INFO - Train metrics: l1_loss: 0.3148 | giou_loss: 0.8254 | total_loss: 3.2249
2025-05-19 23:09:39,666 - transvg_coordinates_fixed_20250519_140429 - INFO - Epoch 164, Batch 200/848, Loss: 3.5889
2025-05-19 23:09:39,666 - transvg_coordinates_fixed_20250519_140429 - INFO - Train metrics: l1_loss: 0.3854 | giou_loss: 0.8310 | total_loss: 3.5889
2025-05-19 23:09:57,839 - transvg_coordinates_fixed_20250519_140429 - INFO - Epoch 164, Batch 250/848, Loss: 3.1652
2025-05-19 23:09:57,839 - transvg_coordinates_fixed_20250519_140429 - INFO - Train metrics: l1_loss: 0.3240 | giou_loss: 0.7725 | total_loss: 3.1652
2025-05-19 23:10:16,072 - transvg_coordinates_fixed_20250519_140429 - INFO - Epoch 164, Batch 300/848, Loss: 3.7055
2025-05-19 23:10:16,073 - transvg_coordinates_fixed_20250519_140429 - INFO - Train metrics: l1_loss: 0.3871 | giou_loss: 0.8851 | total_loss: 3.7055
2025-05-19 23:10:34,266 - transvg_coordinates_fixed_20250519_140429 - INFO - Epoch 164, Batch 350/848, Loss: 3.5259
2025-05-19 23:10:34,266 - transvg_coordinates_fixed_20250519_140429 - INFO - Train metrics: l1_loss: 0.3814 | giou_loss: 0.8096 | total_loss: 3.5259
2025-05-19 23:10:52,396 - transvg_coordinates_fixed_20250519_140429 - INFO - Epoch 164, Batch 400/848, Loss: 3.1920
2025-05-19 23:10:52,396 - transvg_coordinates_fixed_20250519_140429 - INFO - Train metrics: l1_loss: 0.3147 | giou_loss: 0.8093 | total_loss: 3.1920
2025-05-19 23:11:10,565 - transvg_coordinates_fixed_20250519_140429 - INFO - Epoch 164, Batch 450/848, Loss: 3.7200
2025-05-19 23:11:10,565 - transvg_coordinates_fixed_20250519_140429 - INFO - Train metrics: l1_loss: 0.3812 | giou_loss: 0.9071 | total_loss: 3.7200
2025-05-19 23:11:28,809 - transvg_coordinates_fixed_20250519_140429 - INFO - Epoch 164, Batch 500/848, Loss: 3.1628
2025-05-19 23:11:28,809 - transvg_coordinates_fixed_20250519_140429 - INFO - Train metrics: l1_loss: 0.3160 | giou_loss: 0.7914 | total_loss: 3.1628
2025-05-19 23:11:46,928 - transvg_coordinates_fixed_20250519_140429 - INFO - Epoch 164, Batch 550/848, Loss: 3.5563
2025-05-19 23:11:46,928 - transvg_coordinates_fixed_20250519_140429 - INFO - Train metrics: l1_loss: 0.3553 | giou_loss: 0.8900 | total_loss: 3.5563
2025-05-19 23:12:05,045 - transvg_coordinates_fixed_20250519_140429 - INFO - Epoch 164, Batch 600/848, Loss: 2.8324
2025-05-19 23:12:05,046 - transvg_coordinates_fixed_20250519_140429 - INFO - Train metrics: l1_loss: 0.2879 | giou_loss: 0.6965 | total_loss: 2.8324
2025-05-19 23:12:23,215 - transvg_coordinates_fixed_20250519_140429 - INFO - Epoch 164, Batch 650/848, Loss: 3.7736
2025-05-19 23:12:23,215 - transvg_coordinates_fixed_20250519_140429 - INFO - Train metrics: l1_loss: 0.3974 | giou_loss: 0.8932 | total_loss: 3.7736
2025-05-19 23:12:41,347 - transvg_coordinates_fixed_20250519_140429 - INFO - Epoch 164, Batch 700/848, Loss: 3.1077
2025-05-19 23:12:41,347 - transvg_coordinates_fixed_20250519_140429 - INFO - Train metrics: l1_loss: 0.3045 | giou_loss: 0.7925 | total_loss: 3.1077
2025-05-19 23:12:59,472 - transvg_coordinates_fixed_20250519_140429 - INFO - Epoch 164, Batch 750/848, Loss: 2.7818
2025-05-19 23:12:59,472 - transvg_coordinates_fixed_20250519_140429 - INFO - Train metrics: l1_loss: 0.2559 | giou_loss: 0.7513 | total_loss: 2.7818
2025-05-19 23:13:17,677 - transvg_coordinates_fixed_20250519_140429 - INFO - Epoch 164, Batch 800/848, Loss: 3.9792
2025-05-19 23:13:17,677 - transvg_coordinates_fixed_20250519_140429 - INFO - Train metrics: l1_loss: 0.4309 | giou_loss: 0.9125 | total_loss: 3.9792
2025-05-19 23:13:34,721 - transvg_coordinates_fixed_20250519_140429 - INFO - Train Epoch 164, Loss: 3.3355
2025-05-19 23:13:50,782 - transvg_coordinates_fixed_20250519_140429 - INFO - Pred box sample: [89.39199829101562, 100.21444702148438, 256.3933410644531, 245.3504638671875]
2025-05-19 23:13:50,783 - transvg_coordinates_fixed_20250519_140429 - INFO - Target box sample: [207.0, 198.0, 287.0, 283.0]
2025-05-19 23:13:50,862 - transvg_coordinates_fixed_20250519_140429 - INFO - Validation Epoch 164, Loss: 4.7498
2025-05-19 23:13:50,863 - transvg_coordinates_fixed_20250519_140429 - INFO - Val metrics: Acc@0.25: 0.3012 | Acc@0.5: 0.1116 | Acc@0.75: 0.0127 | mIoU: 0.1747 | medianIoU: 0.0746 | mae_x1: 106.4875 | mae_y1: 103.2299 | mae_x2: 106.3879 | mae_y2: 102.7806 | center_x_error: 92.6762 | center_y_error: 87.6429 | width_error: 2.0287 | height_error: 1.9695 | loss: 4.7498
2025-05-19 23:13:51,511 - transvg_coordinates_fixed_20250519_140429 - INFO - Saved model checkpoint to /home/pokle/Trans-VG/visual_grounding/checkpoints/transvg_coordinates_fixed_20250519_140429_epoch164.pth
2025-05-19 23:13:51,512 - transvg_coordinates_fixed_20250519_140429 - INFO - Epoch 165/200
2025-05-19 23:13:52,616 - transvg_coordinates_fixed_20250519_140429 - INFO - Epoch 165, Batch 0/848, Loss: 3.7699
2025-05-19 23:13:52,616 - transvg_coordinates_fixed_20250519_140429 - INFO - Train metrics: l1_loss: 0.4055 | giou_loss: 0.8713 | total_loss: 3.7699
2025-05-19 23:14:10,597 - transvg_coordinates_fixed_20250519_140429 - INFO - Epoch 165, Batch 50/848, Loss: 3.2968
2025-05-19 23:14:10,597 - transvg_coordinates_fixed_20250519_140429 - INFO - Train metrics: l1_loss: 0.3319 | giou_loss: 0.8186 | total_loss: 3.2968
2025-05-19 23:14:28,662 - transvg_coordinates_fixed_20250519_140429 - INFO - Epoch 165, Batch 100/848, Loss: 3.1041
2025-05-19 23:14:28,662 - transvg_coordinates_fixed_20250519_140429 - INFO - Train metrics: l1_loss: 0.3170 | giou_loss: 0.7595 | total_loss: 3.1041
2025-05-19 23:14:46,611 - transvg_coordinates_fixed_20250519_140429 - INFO - Epoch 165, Batch 150/848, Loss: 2.7418
2025-05-19 23:14:46,612 - transvg_coordinates_fixed_20250519_140429 - INFO - Train metrics: l1_loss: 0.2620 | giou_loss: 0.7159 | total_loss: 2.7418
2025-05-19 23:15:04,469 - transvg_coordinates_fixed_20250519_140429 - INFO - Epoch 165, Batch 200/848, Loss: 3.3783
2025-05-19 23:15:04,469 - transvg_coordinates_fixed_20250519_140429 - INFO - Train metrics: l1_loss: 0.3442 | giou_loss: 0.8287 | total_loss: 3.3783
2025-05-19 23:15:22,433 - transvg_coordinates_fixed_20250519_140429 - INFO - Epoch 165, Batch 250/848, Loss: 3.1979
2025-05-19 23:15:22,433 - transvg_coordinates_fixed_20250519_140429 - INFO - Train metrics: l1_loss: 0.3119 | giou_loss: 0.8193 | total_loss: 3.1979
2025-05-19 23:15:40,231 - transvg_coordinates_fixed_20250519_140429 - INFO - Epoch 165, Batch 300/848, Loss: 3.1526
2025-05-19 23:15:40,231 - transvg_coordinates_fixed_20250519_140429 - INFO - Train metrics: l1_loss: 0.3077 | giou_loss: 0.8071 | total_loss: 3.1526
2025-05-19 23:15:58,058 - transvg_coordinates_fixed_20250519_140429 - INFO - Epoch 165, Batch 350/848, Loss: 3.5114
2025-05-19 23:15:58,059 - transvg_coordinates_fixed_20250519_140429 - INFO - Train metrics: l1_loss: 0.3437 | giou_loss: 0.8965 | total_loss: 3.5114
2025-05-19 23:16:15,921 - transvg_coordinates_fixed_20250519_140429 - INFO - Epoch 165, Batch 400/848, Loss: 3.4314
2025-05-19 23:16:15,921 - transvg_coordinates_fixed_20250519_140429 - INFO - Train metrics: l1_loss: 0.3538 | giou_loss: 0.8311 | total_loss: 3.4314
2025-05-19 23:16:33,762 - transvg_coordinates_fixed_20250519_140429 - INFO - Epoch 165, Batch 450/848, Loss: 3.0511
2025-05-19 23:16:33,762 - transvg_coordinates_fixed_20250519_140429 - INFO - Train metrics: l1_loss: 0.2917 | giou_loss: 0.7963 | total_loss: 3.0511
2025-05-19 23:16:51,615 - transvg_coordinates_fixed_20250519_140429 - INFO - Epoch 165, Batch 500/848, Loss: 3.5923
2025-05-19 23:16:51,615 - transvg_coordinates_fixed_20250519_140429 - INFO - Train metrics: l1_loss: 0.3848 | giou_loss: 0.8342 | total_loss: 3.5923
2025-05-19 23:17:09,474 - transvg_coordinates_fixed_20250519_140429 - INFO - Epoch 165, Batch 550/848, Loss: 3.6591
2025-05-19 23:17:09,474 - transvg_coordinates_fixed_20250519_140429 - INFO - Train metrics: l1_loss: 0.3580 | giou_loss: 0.9345 | total_loss: 3.6591
2025-05-19 23:17:27,379 - transvg_coordinates_fixed_20250519_140429 - INFO - Epoch 165, Batch 600/848, Loss: 2.8294
2025-05-19 23:17:27,379 - transvg_coordinates_fixed_20250519_140429 - INFO - Train metrics: l1_loss: 0.2823 | giou_loss: 0.7089 | total_loss: 2.8294
2025-05-19 23:17:45,204 - transvg_coordinates_fixed_20250519_140429 - INFO - Epoch 165, Batch 650/848, Loss: 3.3708
2025-05-19 23:17:45,204 - transvg_coordinates_fixed_20250519_140429 - INFO - Train metrics: l1_loss: 0.3211 | giou_loss: 0.8827 | total_loss: 3.3708
2025-05-19 23:18:03,118 - transvg_coordinates_fixed_20250519_140429 - INFO - Epoch 165, Batch 700/848, Loss: 3.3865
2025-05-19 23:18:03,118 - transvg_coordinates_fixed_20250519_140429 - INFO - Train metrics: l1_loss: 0.3638 | giou_loss: 0.7838 | total_loss: 3.3865
2025-05-19 23:18:20,995 - transvg_coordinates_fixed_20250519_140429 - INFO - Epoch 165, Batch 750/848, Loss: 3.1935
2025-05-19 23:18:20,995 - transvg_coordinates_fixed_20250519_140429 - INFO - Train metrics: l1_loss: 0.3259 | giou_loss: 0.7820 | total_loss: 3.1935
2025-05-19 23:18:38,869 - transvg_coordinates_fixed_20250519_140429 - INFO - Epoch 165, Batch 800/848, Loss: 4.0961
2025-05-19 23:18:38,869 - transvg_coordinates_fixed_20250519_140429 - INFO - Train metrics: l1_loss: 0.4417 | giou_loss: 0.9438 | total_loss: 4.0961
2025-05-19 23:18:55,695 - transvg_coordinates_fixed_20250519_140429 - INFO - Train Epoch 165, Loss: 3.3326
2025-05-19 23:19:11,970 - transvg_coordinates_fixed_20250519_140429 - INFO - Pred box sample: [91.5886001586914, 99.40166473388672, 260.7816162109375, 245.09434509277344]
2025-05-19 23:19:11,971 - transvg_coordinates_fixed_20250519_140429 - INFO - Target box sample: [207.0, 198.0, 287.0, 283.0]
2025-05-19 23:19:12,051 - transvg_coordinates_fixed_20250519_140429 - INFO - Validation Epoch 165, Loss: 4.7556
2025-05-19 23:19:12,051 - transvg_coordinates_fixed_20250519_140429 - INFO - Val metrics: Acc@0.25: 0.3004 | Acc@0.5: 0.1116 | Acc@0.75: 0.0135 | mIoU: 0.1743 | medianIoU: 0.0718 | mae_x1: 106.3038 | mae_y1: 103.2247 | mae_x2: 106.9303 | mae_y2: 103.2819 | center_x_error: 92.5365 | center_y_error: 88.0057 | width_error: 2.0593 | height_error: 1.9483 | loss: 4.7556
2025-05-19 23:19:12,678 - transvg_coordinates_fixed_20250519_140429 - INFO - Saved model checkpoint to /home/pokle/Trans-VG/visual_grounding/checkpoints/transvg_coordinates_fixed_20250519_140429_epoch165.pth
2025-05-19 23:19:12,678 - transvg_coordinates_fixed_20250519_140429 - INFO - Epoch 166/200
2025-05-19 23:19:13,872 - transvg_coordinates_fixed_20250519_140429 - INFO - Epoch 166, Batch 0/848, Loss: 3.6280
2025-05-19 23:19:13,872 - transvg_coordinates_fixed_20250519_140429 - INFO - Train metrics: l1_loss: 0.3739 | giou_loss: 0.8794 | total_loss: 3.6280
2025-05-19 23:19:31,922 - transvg_coordinates_fixed_20250519_140429 - INFO - Epoch 166, Batch 50/848, Loss: 3.0875
2025-05-19 23:19:31,922 - transvg_coordinates_fixed_20250519_140429 - INFO - Train metrics: l1_loss: 0.3118 | giou_loss: 0.7642 | total_loss: 3.0875
2025-05-19 23:19:49,851 - transvg_coordinates_fixed_20250519_140429 - INFO - Epoch 166, Batch 100/848, Loss: 3.6079
2025-05-19 23:19:49,851 - transvg_coordinates_fixed_20250519_140429 - INFO - Train metrics: l1_loss: 0.3659 | giou_loss: 0.8892 | total_loss: 3.6079
2025-05-19 23:20:07,868 - transvg_coordinates_fixed_20250519_140429 - INFO - Epoch 166, Batch 150/848, Loss: 3.5758
2025-05-19 23:20:07,868 - transvg_coordinates_fixed_20250519_140429 - INFO - Train metrics: l1_loss: 0.3428 | giou_loss: 0.9310 | total_loss: 3.5758
2025-05-19 23:20:25,838 - transvg_coordinates_fixed_20250519_140429 - INFO - Epoch 166, Batch 200/848, Loss: 4.2119
2025-05-19 23:20:25,838 - transvg_coordinates_fixed_20250519_140429 - INFO - Train metrics: l1_loss: 0.4392 | giou_loss: 1.0079 | total_loss: 4.2119
2025-05-19 23:20:43,889 - transvg_coordinates_fixed_20250519_140429 - INFO - Epoch 166, Batch 250/848, Loss: 3.3251
2025-05-19 23:20:43,889 - transvg_coordinates_fixed_20250519_140429 - INFO - Train metrics: l1_loss: 0.3475 | giou_loss: 0.7938 | total_loss: 3.3251
2025-05-19 23:21:01,881 - transvg_coordinates_fixed_20250519_140429 - INFO - Epoch 166, Batch 300/848, Loss: 2.9320
2025-05-19 23:21:01,882 - transvg_coordinates_fixed_20250519_140429 - INFO - Train metrics: l1_loss: 0.2829 | giou_loss: 0.7586 | total_loss: 2.9320
2025-05-19 23:21:19,958 - transvg_coordinates_fixed_20250519_140429 - INFO - Epoch 166, Batch 350/848, Loss: 3.4588
2025-05-19 23:21:19,958 - transvg_coordinates_fixed_20250519_140429 - INFO - Train metrics: l1_loss: 0.3524 | giou_loss: 0.8484 | total_loss: 3.4588
2025-05-19 23:21:37,953 - transvg_coordinates_fixed_20250519_140429 - INFO - Epoch 166, Batch 400/848, Loss: 3.0856
2025-05-19 23:21:37,954 - transvg_coordinates_fixed_20250519_140429 - INFO - Train metrics: l1_loss: 0.2858 | giou_loss: 0.8284 | total_loss: 3.0856
2025-05-19 23:21:55,958 - transvg_coordinates_fixed_20250519_140429 - INFO - Epoch 166, Batch 450/848, Loss: 3.4763
2025-05-19 23:21:55,959 - transvg_coordinates_fixed_20250519_140429 - INFO - Train metrics: l1_loss: 0.3427 | giou_loss: 0.8815 | total_loss: 3.4763
2025-05-19 23:22:13,984 - transvg_coordinates_fixed_20250519_140429 - INFO - Epoch 166, Batch 500/848, Loss: 4.2065
2025-05-19 23:22:13,984 - transvg_coordinates_fixed_20250519_140429 - INFO - Train metrics: l1_loss: 0.4712 | giou_loss: 0.9253 | total_loss: 4.2065
2025-05-19 23:22:31,987 - transvg_coordinates_fixed_20250519_140429 - INFO - Epoch 166, Batch 550/848, Loss: 3.3718
2025-05-19 23:22:31,987 - transvg_coordinates_fixed_20250519_140429 - INFO - Train metrics: l1_loss: 0.3486 | giou_loss: 0.8145 | total_loss: 3.3718
2025-05-19 23:22:50,010 - transvg_coordinates_fixed_20250519_140429 - INFO - Epoch 166, Batch 600/848, Loss: 3.1950
2025-05-19 23:22:50,010 - transvg_coordinates_fixed_20250519_140429 - INFO - Train metrics: l1_loss: 0.3249 | giou_loss: 0.7854 | total_loss: 3.1950
2025-05-19 23:23:08,054 - transvg_coordinates_fixed_20250519_140429 - INFO - Epoch 166, Batch 650/848, Loss: 3.1154
2025-05-19 23:23:08,054 - transvg_coordinates_fixed_20250519_140429 - INFO - Train metrics: l1_loss: 0.3035 | giou_loss: 0.7989 | total_loss: 3.1154
2025-05-19 23:23:26,184 - transvg_coordinates_fixed_20250519_140429 - INFO - Epoch 166, Batch 700/848, Loss: 3.2604
2025-05-19 23:23:26,184 - transvg_coordinates_fixed_20250519_140429 - INFO - Train metrics: l1_loss: 0.3196 | giou_loss: 0.8312 | total_loss: 3.2604
2025-05-19 23:23:44,284 - transvg_coordinates_fixed_20250519_140429 - INFO - Epoch 166, Batch 750/848, Loss: 3.9354
2025-05-19 23:23:44,284 - transvg_coordinates_fixed_20250519_140429 - INFO - Train metrics: l1_loss: 0.4286 | giou_loss: 0.8961 | total_loss: 3.9354
2025-05-19 23:24:02,274 - transvg_coordinates_fixed_20250519_140429 - INFO - Epoch 166, Batch 800/848, Loss: 3.5386
2025-05-19 23:24:02,275 - transvg_coordinates_fixed_20250519_140429 - INFO - Train metrics: l1_loss: 0.3809 | giou_loss: 0.8171 | total_loss: 3.5386
2025-05-19 23:24:19,228 - transvg_coordinates_fixed_20250519_140429 - INFO - Train Epoch 166, Loss: 3.3318
2025-05-19 23:24:35,956 - transvg_coordinates_fixed_20250519_140429 - INFO - Pred box sample: [90.5896987915039, 103.42103576660156, 259.2556457519531, 250.90455627441406]
2025-05-19 23:24:35,957 - transvg_coordinates_fixed_20250519_140429 - INFO - Target box sample: [207.0, 198.0, 287.0, 283.0]
2025-05-19 23:24:36,035 - transvg_coordinates_fixed_20250519_140429 - INFO - Validation Epoch 166, Loss: 4.7542
2025-05-19 23:24:36,035 - transvg_coordinates_fixed_20250519_140429 - INFO - Val metrics: Acc@0.25: 0.3012 | Acc@0.5: 0.1124 | Acc@0.75: 0.0130 | mIoU: 0.1746 | medianIoU: 0.0712 | mae_x1: 106.2999 | mae_y1: 102.9123 | mae_x2: 106.8102 | mae_y2: 102.7239 | center_x_error: 92.6285 | center_y_error: 87.6522 | width_error: 2.0100 | height_error: 1.9292 | loss: 4.7542
2025-05-19 23:24:36,639 - transvg_coordinates_fixed_20250519_140429 - INFO - Saved model checkpoint to /home/pokle/Trans-VG/visual_grounding/checkpoints/transvg_coordinates_fixed_20250519_140429_epoch166.pth
2025-05-19 23:24:36,640 - transvg_coordinates_fixed_20250519_140429 - INFO - Epoch 167/200
2025-05-19 23:24:37,665 - transvg_coordinates_fixed_20250519_140429 - INFO - Epoch 167, Batch 0/848, Loss: 3.7878
2025-05-19 23:24:37,665 - transvg_coordinates_fixed_20250519_140429 - INFO - Train metrics: l1_loss: 0.3782 | giou_loss: 0.9485 | total_loss: 3.7878
2025-05-19 23:24:55,626 - transvg_coordinates_fixed_20250519_140429 - INFO - Epoch 167, Batch 50/848, Loss: 2.5498
2025-05-19 23:24:55,627 - transvg_coordinates_fixed_20250519_140429 - INFO - Train metrics: l1_loss: 0.2480 | giou_loss: 0.6548 | total_loss: 2.5498
2025-05-19 23:25:13,608 - transvg_coordinates_fixed_20250519_140429 - INFO - Epoch 167, Batch 100/848, Loss: 3.7216
2025-05-19 23:25:13,608 - transvg_coordinates_fixed_20250519_140429 - INFO - Train metrics: l1_loss: 0.3944 | giou_loss: 0.8748 | total_loss: 3.7216
2025-05-19 23:25:31,575 - transvg_coordinates_fixed_20250519_140429 - INFO - Epoch 167, Batch 150/848, Loss: 3.3607
2025-05-19 23:25:31,575 - transvg_coordinates_fixed_20250519_140429 - INFO - Train metrics: l1_loss: 0.3448 | giou_loss: 0.8184 | total_loss: 3.3607
2025-05-19 23:25:49,644 - transvg_coordinates_fixed_20250519_140429 - INFO - Epoch 167, Batch 200/848, Loss: 3.0530
2025-05-19 23:25:49,644 - transvg_coordinates_fixed_20250519_140429 - INFO - Train metrics: l1_loss: 0.2997 | giou_loss: 0.7773 | total_loss: 3.0530
2025-05-19 23:26:07,687 - transvg_coordinates_fixed_20250519_140429 - INFO - Epoch 167, Batch 250/848, Loss: 3.7401
2025-05-19 23:26:07,687 - transvg_coordinates_fixed_20250519_140429 - INFO - Train metrics: l1_loss: 0.3971 | giou_loss: 0.8773 | total_loss: 3.7401
2025-05-19 23:26:25,665 - transvg_coordinates_fixed_20250519_140429 - INFO - Epoch 167, Batch 300/848, Loss: 2.8967
2025-05-19 23:26:25,665 - transvg_coordinates_fixed_20250519_140429 - INFO - Train metrics: l1_loss: 0.2756 | giou_loss: 0.7594 | total_loss: 2.8967
2025-05-19 23:26:43,752 - transvg_coordinates_fixed_20250519_140429 - INFO - Epoch 167, Batch 350/848, Loss: 3.0666
2025-05-19 23:26:43,753 - transvg_coordinates_fixed_20250519_140429 - INFO - Train metrics: l1_loss: 0.2781 | giou_loss: 0.8379 | total_loss: 3.0666
2025-05-19 23:27:01,903 - transvg_coordinates_fixed_20250519_140429 - INFO - Epoch 167, Batch 400/848, Loss: 2.9082
2025-05-19 23:27:01,903 - transvg_coordinates_fixed_20250519_140429 - INFO - Train metrics: l1_loss: 0.2714 | giou_loss: 0.7757 | total_loss: 2.9082
2025-05-19 23:27:19,911 - transvg_coordinates_fixed_20250519_140429 - INFO - Epoch 167, Batch 450/848, Loss: 3.2495
2025-05-19 23:27:19,911 - transvg_coordinates_fixed_20250519_140429 - INFO - Train metrics: l1_loss: 0.3279 | giou_loss: 0.8049 | total_loss: 3.2495
2025-05-19 23:27:38,036 - transvg_coordinates_fixed_20250519_140429 - INFO - Epoch 167, Batch 500/848, Loss: 3.4878
2025-05-19 23:27:38,036 - transvg_coordinates_fixed_20250519_140429 - INFO - Train metrics: l1_loss: 0.3516 | giou_loss: 0.8649 | total_loss: 3.4878
2025-05-19 23:27:56,077 - transvg_coordinates_fixed_20250519_140429 - INFO - Epoch 167, Batch 550/848, Loss: 3.1235
2025-05-19 23:27:56,077 - transvg_coordinates_fixed_20250519_140429 - INFO - Train metrics: l1_loss: 0.3296 | giou_loss: 0.7378 | total_loss: 3.1235
2025-05-19 23:28:14,222 - transvg_coordinates_fixed_20250519_140429 - INFO - Epoch 167, Batch 600/848, Loss: 3.4048
2025-05-19 23:28:14,222 - transvg_coordinates_fixed_20250519_140429 - INFO - Train metrics: l1_loss: 0.3427 | giou_loss: 0.8457 | total_loss: 3.4048
2025-05-19 23:28:32,303 - transvg_coordinates_fixed_20250519_140429 - INFO - Epoch 167, Batch 650/848, Loss: 3.3643
2025-05-19 23:28:32,304 - transvg_coordinates_fixed_20250519_140429 - INFO - Train metrics: l1_loss: 0.3434 | giou_loss: 0.8236 | total_loss: 3.3643
2025-05-19 23:28:50,351 - transvg_coordinates_fixed_20250519_140429 - INFO - Epoch 167, Batch 700/848, Loss: 3.1413
2025-05-19 23:28:50,351 - transvg_coordinates_fixed_20250519_140429 - INFO - Train metrics: l1_loss: 0.3044 | giou_loss: 0.8097 | total_loss: 3.1413
2025-05-19 23:29:08,377 - transvg_coordinates_fixed_20250519_140429 - INFO - Epoch 167, Batch 750/848, Loss: 3.4754
2025-05-19 23:29:08,377 - transvg_coordinates_fixed_20250519_140429 - INFO - Train metrics: l1_loss: 0.3479 | giou_loss: 0.8681 | total_loss: 3.4754
2025-05-19 23:29:26,393 - transvg_coordinates_fixed_20250519_140429 - INFO - Epoch 167, Batch 800/848, Loss: 2.7939
2025-05-19 23:29:26,393 - transvg_coordinates_fixed_20250519_140429 - INFO - Train metrics: l1_loss: 0.2501 | giou_loss: 0.7718 | total_loss: 2.7939
2025-05-19 23:29:43,289 - transvg_coordinates_fixed_20250519_140429 - INFO - Train Epoch 167, Loss: 3.3304
2025-05-19 23:29:59,635 - transvg_coordinates_fixed_20250519_140429 - INFO - Pred box sample: [89.06041717529297, 106.77562713623047, 259.635986328125, 255.51927185058594]
2025-05-19 23:29:59,636 - transvg_coordinates_fixed_20250519_140429 - INFO - Target box sample: [207.0, 198.0, 287.0, 283.0]
2025-05-19 23:29:59,716 - transvg_coordinates_fixed_20250519_140429 - INFO - Validation Epoch 167, Loss: 4.7457
2025-05-19 23:29:59,716 - transvg_coordinates_fixed_20250519_140429 - INFO - Val metrics: Acc@0.25: 0.3031 | Acc@0.5: 0.1137 | Acc@0.75: 0.0130 | mIoU: 0.1750 | medianIoU: 0.0718 | mae_x1: 106.2874 | mae_y1: 102.6916 | mae_x2: 106.8823 | mae_y2: 102.2849 | center_x_error: 92.5564 | center_y_error: 87.4211 | width_error: 2.0567 | height_error: 1.9227 | loss: 4.7457
2025-05-19 23:30:00,348 - transvg_coordinates_fixed_20250519_140429 - INFO - Saved model checkpoint to /home/pokle/Trans-VG/visual_grounding/checkpoints/transvg_coordinates_fixed_20250519_140429_epoch167.pth
2025-05-19 23:30:00,349 - transvg_coordinates_fixed_20250519_140429 - INFO - Epoch 168/200
2025-05-19 23:30:01,407 - transvg_coordinates_fixed_20250519_140429 - INFO - Epoch 168, Batch 0/848, Loss: 3.2828
2025-05-19 23:30:01,407 - transvg_coordinates_fixed_20250519_140429 - INFO - Train metrics: l1_loss: 0.2931 | giou_loss: 0.9086 | total_loss: 3.2828
2025-05-19 23:30:19,495 - transvg_coordinates_fixed_20250519_140429 - INFO - Epoch 168, Batch 50/848, Loss: 3.0619
2025-05-19 23:30:19,496 - transvg_coordinates_fixed_20250519_140429 - INFO - Train metrics: l1_loss: 0.3077 | giou_loss: 0.7616 | total_loss: 3.0619
2025-05-19 23:30:37,631 - transvg_coordinates_fixed_20250519_140429 - INFO - Epoch 168, Batch 100/848, Loss: 3.4866
2025-05-19 23:30:37,631 - transvg_coordinates_fixed_20250519_140429 - INFO - Train metrics: l1_loss: 0.3591 | giou_loss: 0.8455 | total_loss: 3.4866
2025-05-19 23:30:55,644 - transvg_coordinates_fixed_20250519_140429 - INFO - Epoch 168, Batch 150/848, Loss: 3.1400
2025-05-19 23:30:55,644 - transvg_coordinates_fixed_20250519_140429 - INFO - Train metrics: l1_loss: 0.3149 | giou_loss: 0.7827 | total_loss: 3.1400
2025-05-19 23:31:13,612 - transvg_coordinates_fixed_20250519_140429 - INFO - Epoch 168, Batch 200/848, Loss: 3.3158
2025-05-19 23:31:13,612 - transvg_coordinates_fixed_20250519_140429 - INFO - Train metrics: l1_loss: 0.3092 | giou_loss: 0.8850 | total_loss: 3.3158
2025-05-19 23:31:31,658 - transvg_coordinates_fixed_20250519_140429 - INFO - Epoch 168, Batch 250/848, Loss: 3.1674
2025-05-19 23:31:31,658 - transvg_coordinates_fixed_20250519_140429 - INFO - Train metrics: l1_loss: 0.3114 | giou_loss: 0.8052 | total_loss: 3.1674
2025-05-19 23:31:49,837 - transvg_coordinates_fixed_20250519_140429 - INFO - Epoch 168, Batch 300/848, Loss: 2.9978
2025-05-19 23:31:49,837 - transvg_coordinates_fixed_20250519_140429 - INFO - Train metrics: l1_loss: 0.3080 | giou_loss: 0.7290 | total_loss: 2.9978
2025-05-19 23:32:07,960 - transvg_coordinates_fixed_20250519_140429 - INFO - Epoch 168, Batch 350/848, Loss: 2.8283
2025-05-19 23:32:07,960 - transvg_coordinates_fixed_20250519_140429 - INFO - Train metrics: l1_loss: 0.2679 | giou_loss: 0.7445 | total_loss: 2.8283
2025-05-19 23:32:26,131 - transvg_coordinates_fixed_20250519_140429 - INFO - Epoch 168, Batch 400/848, Loss: 3.7940
2025-05-19 23:32:26,131 - transvg_coordinates_fixed_20250519_140429 - INFO - Train metrics: l1_loss: 0.4138 | giou_loss: 0.8625 | total_loss: 3.7940
2025-05-19 23:32:44,284 - transvg_coordinates_fixed_20250519_140429 - INFO - Epoch 168, Batch 450/848, Loss: 3.3945
2025-05-19 23:32:44,284 - transvg_coordinates_fixed_20250519_140429 - INFO - Train metrics: l1_loss: 0.3484 | giou_loss: 0.8264 | total_loss: 3.3945
2025-05-19 23:33:02,434 - transvg_coordinates_fixed_20250519_140429 - INFO - Epoch 168, Batch 500/848, Loss: 3.1971
2025-05-19 23:33:02,434 - transvg_coordinates_fixed_20250519_140429 - INFO - Train metrics: l1_loss: 0.3189 | giou_loss: 0.8012 | total_loss: 3.1971
2025-05-19 23:33:20,542 - transvg_coordinates_fixed_20250519_140429 - INFO - Epoch 168, Batch 550/848, Loss: 3.1015
2025-05-19 23:33:20,542 - transvg_coordinates_fixed_20250519_140429 - INFO - Train metrics: l1_loss: 0.2972 | giou_loss: 0.8078 | total_loss: 3.1015
2025-05-19 23:33:38,668 - transvg_coordinates_fixed_20250519_140429 - INFO - Epoch 168, Batch 600/848, Loss: 3.8052
2025-05-19 23:33:38,668 - transvg_coordinates_fixed_20250519_140429 - INFO - Train metrics: l1_loss: 0.3637 | giou_loss: 0.9932 | total_loss: 3.8052
2025-05-19 23:33:56,765 - transvg_coordinates_fixed_20250519_140429 - INFO - Epoch 168, Batch 650/848, Loss: 2.8746
2025-05-19 23:33:56,765 - transvg_coordinates_fixed_20250519_140429 - INFO - Train metrics: l1_loss: 0.2721 | giou_loss: 0.7570 | total_loss: 2.8746
2025-05-19 23:34:14,946 - transvg_coordinates_fixed_20250519_140429 - INFO - Epoch 168, Batch 700/848, Loss: 3.2203
2025-05-19 23:34:14,946 - transvg_coordinates_fixed_20250519_140429 - INFO - Train metrics: l1_loss: 0.3267 | giou_loss: 0.7933 | total_loss: 3.2203
2025-05-19 23:34:33,076 - transvg_coordinates_fixed_20250519_140429 - INFO - Epoch 168, Batch 750/848, Loss: 3.2615
2025-05-19 23:34:33,077 - transvg_coordinates_fixed_20250519_140429 - INFO - Train metrics: l1_loss: 0.3049 | giou_loss: 0.8685 | total_loss: 3.2615
2025-05-19 23:34:51,427 - transvg_coordinates_fixed_20250519_140429 - INFO - Epoch 168, Batch 800/848, Loss: 3.9184
2025-05-19 23:34:51,427 - transvg_coordinates_fixed_20250519_140429 - INFO - Train metrics: l1_loss: 0.4084 | giou_loss: 0.9381 | total_loss: 3.9184
2025-05-19 23:35:08,487 - transvg_coordinates_fixed_20250519_140429 - INFO - Train Epoch 168, Loss: 3.3355
2025-05-19 23:35:24,895 - transvg_coordinates_fixed_20250519_140429 - INFO - Pred box sample: [95.38726806640625, 102.98466491699219, 268.6678771972656, 255.36727905273438]
2025-05-19 23:35:24,896 - transvg_coordinates_fixed_20250519_140429 - INFO - Target box sample: [207.0, 198.0, 287.0, 283.0]
2025-05-19 23:35:24,973 - transvg_coordinates_fixed_20250519_140429 - INFO - Validation Epoch 168, Loss: 4.7436
2025-05-19 23:35:24,973 - transvg_coordinates_fixed_20250519_140429 - INFO - Val metrics: Acc@0.25: 0.3017 | Acc@0.5: 0.1116 | Acc@0.75: 0.0117 | mIoU: 0.1749 | medianIoU: 0.0733 | mae_x1: 105.9101 | mae_y1: 102.5942 | mae_x2: 106.6249 | mae_y2: 102.5270 | center_x_error: 92.4121 | center_y_error: 87.5006 | width_error: 2.0217 | height_error: 1.9401 | loss: 4.7436
2025-05-19 23:35:25,588 - transvg_coordinates_fixed_20250519_140429 - INFO - Saved model checkpoint to /home/pokle/Trans-VG/visual_grounding/checkpoints/transvg_coordinates_fixed_20250519_140429_epoch168.pth
2025-05-19 23:35:25,589 - transvg_coordinates_fixed_20250519_140429 - INFO - Epoch 169/200
2025-05-19 23:35:26,599 - transvg_coordinates_fixed_20250519_140429 - INFO - Epoch 169, Batch 0/848, Loss: 2.8225
2025-05-19 23:35:26,599 - transvg_coordinates_fixed_20250519_140429 - INFO - Train metrics: l1_loss: 0.2932 | giou_loss: 0.6783 | total_loss: 2.8225
2025-05-19 23:35:44,774 - transvg_coordinates_fixed_20250519_140429 - INFO - Epoch 169, Batch 50/848, Loss: 4.0516
2025-05-19 23:35:44,774 - transvg_coordinates_fixed_20250519_140429 - INFO - Train metrics: l1_loss: 0.4207 | giou_loss: 0.9742 | total_loss: 4.0516
2025-05-19 23:36:02,912 - transvg_coordinates_fixed_20250519_140429 - INFO - Epoch 169, Batch 100/848, Loss: 3.7094
2025-05-19 23:36:02,912 - transvg_coordinates_fixed_20250519_140429 - INFO - Train metrics: l1_loss: 0.3955 | giou_loss: 0.8659 | total_loss: 3.7094
2025-05-19 23:36:21,021 - transvg_coordinates_fixed_20250519_140429 - INFO - Epoch 169, Batch 150/848, Loss: 2.9920
2025-05-19 23:36:21,022 - transvg_coordinates_fixed_20250519_140429 - INFO - Train metrics: l1_loss: 0.2832 | giou_loss: 0.7880 | total_loss: 2.9920
2025-05-19 23:36:39,147 - transvg_coordinates_fixed_20250519_140429 - INFO - Epoch 169, Batch 200/848, Loss: 3.2639
2025-05-19 23:36:39,147 - transvg_coordinates_fixed_20250519_140429 - INFO - Train metrics: l1_loss: 0.3220 | giou_loss: 0.8269 | total_loss: 3.2639
2025-05-19 23:36:57,260 - transvg_coordinates_fixed_20250519_140429 - INFO - Epoch 169, Batch 250/848, Loss: 3.2645
2025-05-19 23:36:57,260 - transvg_coordinates_fixed_20250519_140429 - INFO - Train metrics: l1_loss: 0.3270 | giou_loss: 0.8148 | total_loss: 3.2645
2025-05-19 23:37:15,414 - transvg_coordinates_fixed_20250519_140429 - INFO - Epoch 169, Batch 300/848, Loss: 3.1567
2025-05-19 23:37:15,414 - transvg_coordinates_fixed_20250519_140429 - INFO - Train metrics: l1_loss: 0.3138 | giou_loss: 0.7938 | total_loss: 3.1567
2025-05-19 23:37:33,559 - transvg_coordinates_fixed_20250519_140429 - INFO - Epoch 169, Batch 350/848, Loss: 3.2222
2025-05-19 23:37:33,559 - transvg_coordinates_fixed_20250519_140429 - INFO - Train metrics: l1_loss: 0.3066 | giou_loss: 0.8446 | total_loss: 3.2222
2025-05-19 23:37:51,675 - transvg_coordinates_fixed_20250519_140429 - INFO - Epoch 169, Batch 400/848, Loss: 3.0078
2025-05-19 23:37:51,675 - transvg_coordinates_fixed_20250519_140429 - INFO - Train metrics: l1_loss: 0.2960 | giou_loss: 0.7640 | total_loss: 3.0078
2025-05-19 23:38:09,799 - transvg_coordinates_fixed_20250519_140429 - INFO - Epoch 169, Batch 450/848, Loss: 3.4128
2025-05-19 23:38:09,799 - transvg_coordinates_fixed_20250519_140429 - INFO - Train metrics: l1_loss: 0.3589 | giou_loss: 0.8091 | total_loss: 3.4128
2025-05-19 23:38:27,962 - transvg_coordinates_fixed_20250519_140429 - INFO - Epoch 169, Batch 500/848, Loss: 3.1586
2025-05-19 23:38:27,963 - transvg_coordinates_fixed_20250519_140429 - INFO - Train metrics: l1_loss: 0.3159 | giou_loss: 0.7896 | total_loss: 3.1586
2025-05-19 23:38:46,154 - transvg_coordinates_fixed_20250519_140429 - INFO - Epoch 169, Batch 550/848, Loss: 3.0418
2025-05-19 23:38:46,154 - transvg_coordinates_fixed_20250519_140429 - INFO - Train metrics: l1_loss: 0.2990 | giou_loss: 0.7735 | total_loss: 3.0418
2025-05-19 23:39:04,330 - transvg_coordinates_fixed_20250519_140429 - INFO - Epoch 169, Batch 600/848, Loss: 2.4401
2025-05-19 23:39:04,330 - transvg_coordinates_fixed_20250519_140429 - INFO - Train metrics: l1_loss: 0.2320 | giou_loss: 0.6400 | total_loss: 2.4401
2025-05-19 23:39:22,467 - transvg_coordinates_fixed_20250519_140429 - INFO - Epoch 169, Batch 650/848, Loss: 3.3398
2025-05-19 23:39:22,467 - transvg_coordinates_fixed_20250519_140429 - INFO - Train metrics: l1_loss: 0.3343 | giou_loss: 0.8342 | total_loss: 3.3398
2025-05-19 23:39:40,561 - transvg_coordinates_fixed_20250519_140429 - INFO - Epoch 169, Batch 700/848, Loss: 3.7796
2025-05-19 23:39:40,562 - transvg_coordinates_fixed_20250519_140429 - INFO - Train metrics: l1_loss: 0.3905 | giou_loss: 0.9135 | total_loss: 3.7796
2025-05-19 23:39:58,917 - transvg_coordinates_fixed_20250519_140429 - INFO - Epoch 169, Batch 750/848, Loss: 3.3486
2025-05-19 23:39:58,918 - transvg_coordinates_fixed_20250519_140429 - INFO - Train metrics: l1_loss: 0.3328 | giou_loss: 0.8423 | total_loss: 3.3486
2025-05-19 23:40:17,116 - transvg_coordinates_fixed_20250519_140429 - INFO - Epoch 169, Batch 800/848, Loss: 3.0925
2025-05-19 23:40:17,116 - transvg_coordinates_fixed_20250519_140429 - INFO - Train metrics: l1_loss: 0.3053 | giou_loss: 0.7829 | total_loss: 3.0925
2025-05-19 23:40:34,195 - transvg_coordinates_fixed_20250519_140429 - INFO - Train Epoch 169, Loss: 3.3307
2025-05-19 23:40:50,801 - transvg_coordinates_fixed_20250519_140429 - INFO - Pred box sample: [94.69474792480469, 97.61416625976562, 275.66668701171875, 256.04461669921875]
2025-05-19 23:40:50,802 - transvg_coordinates_fixed_20250519_140429 - INFO - Target box sample: [207.0, 198.0, 287.0, 283.0]
2025-05-19 23:40:50,880 - transvg_coordinates_fixed_20250519_140429 - INFO - Validation Epoch 169, Loss: 4.7527
2025-05-19 23:40:50,880 - transvg_coordinates_fixed_20250519_140429 - INFO - Val metrics: Acc@0.25: 0.3025 | Acc@0.5: 0.1124 | Acc@0.75: 0.0138 | mIoU: 0.1750 | medianIoU: 0.0724 | mae_x1: 105.9993 | mae_y1: 103.4916 | mae_x2: 107.7367 | mae_y2: 103.0681 | center_x_error: 92.3992 | center_y_error: 88.1470 | width_error: 2.1250 | height_error: 1.9451 | loss: 4.7527
2025-05-19 23:40:51,502 - transvg_coordinates_fixed_20250519_140429 - INFO - Saved model checkpoint to /home/pokle/Trans-VG/visual_grounding/checkpoints/transvg_coordinates_fixed_20250519_140429_epoch169.pth
2025-05-19 23:40:51,502 - transvg_coordinates_fixed_20250519_140429 - INFO - Epoch 170/200
2025-05-19 23:40:52,488 - transvg_coordinates_fixed_20250519_140429 - INFO - Epoch 170, Batch 0/848, Loss: 3.9085
2025-05-19 23:40:52,489 - transvg_coordinates_fixed_20250519_140429 - INFO - Train metrics: l1_loss: 0.4151 | giou_loss: 0.9165 | total_loss: 3.9085
2025-05-19 23:41:10,674 - transvg_coordinates_fixed_20250519_140429 - INFO - Epoch 170, Batch 50/848, Loss: 2.5995
2025-05-19 23:41:10,674 - transvg_coordinates_fixed_20250519_140429 - INFO - Train metrics: l1_loss: 0.2469 | giou_loss: 0.6825 | total_loss: 2.5995
2025-05-19 23:41:28,869 - transvg_coordinates_fixed_20250519_140429 - INFO - Epoch 170, Batch 100/848, Loss: 3.1656
2025-05-19 23:41:28,869 - transvg_coordinates_fixed_20250519_140429 - INFO - Train metrics: l1_loss: 0.2979 | giou_loss: 0.8382 | total_loss: 3.1656
2025-05-19 23:41:47,135 - transvg_coordinates_fixed_20250519_140429 - INFO - Epoch 170, Batch 150/848, Loss: 3.2868
2025-05-19 23:41:47,135 - transvg_coordinates_fixed_20250519_140429 - INFO - Train metrics: l1_loss: 0.3212 | giou_loss: 0.8404 | total_loss: 3.2868
2025-05-19 23:42:05,399 - transvg_coordinates_fixed_20250519_140429 - INFO - Epoch 170, Batch 200/848, Loss: 2.9302
2025-05-19 23:42:05,399 - transvg_coordinates_fixed_20250519_140429 - INFO - Train metrics: l1_loss: 0.2907 | giou_loss: 0.7384 | total_loss: 2.9302
2025-05-19 23:42:23,689 - transvg_coordinates_fixed_20250519_140429 - INFO - Epoch 170, Batch 250/848, Loss: 3.4294
2025-05-19 23:42:23,689 - transvg_coordinates_fixed_20250519_140429 - INFO - Train metrics: l1_loss: 0.3519 | giou_loss: 0.8351 | total_loss: 3.4294
2025-05-19 23:42:41,997 - transvg_coordinates_fixed_20250519_140429 - INFO - Epoch 170, Batch 300/848, Loss: 3.2716
2025-05-19 23:42:41,997 - transvg_coordinates_fixed_20250519_140429 - INFO - Train metrics: l1_loss: 0.3593 | giou_loss: 0.7374 | total_loss: 3.2716
2025-05-19 23:43:00,348 - transvg_coordinates_fixed_20250519_140429 - INFO - Epoch 170, Batch 350/848, Loss: 2.7245
2025-05-19 23:43:00,348 - transvg_coordinates_fixed_20250519_140429 - INFO - Train metrics: l1_loss: 0.2529 | giou_loss: 0.7299 | total_loss: 2.7245
2025-05-19 23:43:18,518 - transvg_coordinates_fixed_20250519_140429 - INFO - Epoch 170, Batch 400/848, Loss: 3.0857
2025-05-19 23:43:18,518 - transvg_coordinates_fixed_20250519_140429 - INFO - Train metrics: l1_loss: 0.3128 | giou_loss: 0.7609 | total_loss: 3.0857
2025-05-19 23:43:36,623 - transvg_coordinates_fixed_20250519_140429 - INFO - Epoch 170, Batch 450/848, Loss: 2.8236
2025-05-19 23:43:36,623 - transvg_coordinates_fixed_20250519_140429 - INFO - Train metrics: l1_loss: 0.2784 | giou_loss: 0.7157 | total_loss: 2.8236
2025-05-19 23:43:54,733 - transvg_coordinates_fixed_20250519_140429 - INFO - Epoch 170, Batch 500/848, Loss: 3.2265
2025-05-19 23:43:54,733 - transvg_coordinates_fixed_20250519_140429 - INFO - Train metrics: l1_loss: 0.3518 | giou_loss: 0.7338 | total_loss: 3.2265
2025-05-19 23:44:12,919 - transvg_coordinates_fixed_20250519_140429 - INFO - Epoch 170, Batch 550/848, Loss: 2.9826
2025-05-19 23:44:12,920 - transvg_coordinates_fixed_20250519_140429 - INFO - Train metrics: l1_loss: 0.2830 | giou_loss: 0.7839 | total_loss: 2.9826
2025-05-19 23:44:31,142 - transvg_coordinates_fixed_20250519_140429 - INFO - Epoch 170, Batch 600/848, Loss: 3.6922
2025-05-19 23:44:31,142 - transvg_coordinates_fixed_20250519_140429 - INFO - Train metrics: l1_loss: 0.3952 | giou_loss: 0.8581 | total_loss: 3.6922
2025-05-19 23:44:49,278 - transvg_coordinates_fixed_20250519_140429 - INFO - Epoch 170, Batch 650/848, Loss: 3.4286
2025-05-19 23:44:49,278 - transvg_coordinates_fixed_20250519_140429 - INFO - Train metrics: l1_loss: 0.3418 | giou_loss: 0.8599 | total_loss: 3.4286
2025-05-19 23:45:07,510 - transvg_coordinates_fixed_20250519_140429 - INFO - Epoch 170, Batch 700/848, Loss: 3.8244
2025-05-19 23:45:07,510 - transvg_coordinates_fixed_20250519_140429 - INFO - Train metrics: l1_loss: 0.3666 | giou_loss: 0.9957 | total_loss: 3.8244
2025-05-19 23:45:25,684 - transvg_coordinates_fixed_20250519_140429 - INFO - Epoch 170, Batch 750/848, Loss: 2.6088
2025-05-19 23:45:25,684 - transvg_coordinates_fixed_20250519_140429 - INFO - Train metrics: l1_loss: 0.2526 | giou_loss: 0.6728 | total_loss: 2.6088
2025-05-19 23:45:43,828 - transvg_coordinates_fixed_20250519_140429 - INFO - Epoch 170, Batch 800/848, Loss: 3.3310
2025-05-19 23:45:43,828 - transvg_coordinates_fixed_20250519_140429 - INFO - Train metrics: l1_loss: 0.3158 | giou_loss: 0.8761 | total_loss: 3.3310
2025-05-19 23:46:01,018 - transvg_coordinates_fixed_20250519_140429 - INFO - Train Epoch 170, Loss: 3.3332
2025-05-19 23:46:17,016 - transvg_coordinates_fixed_20250519_140429 - INFO - Pred box sample: [92.99337768554688, 107.01656341552734, 271.0513000488281, 269.5006408691406]
2025-05-19 23:46:17,016 - transvg_coordinates_fixed_20250519_140429 - INFO - Target box sample: [207.0, 198.0, 287.0, 283.0]
2025-05-19 23:46:17,098 - transvg_coordinates_fixed_20250519_140429 - INFO - Validation Epoch 170, Loss: 4.7480
2025-05-19 23:46:17,098 - transvg_coordinates_fixed_20250519_140429 - INFO - Val metrics: Acc@0.25: 0.3001 | Acc@0.5: 0.1126 | Acc@0.75: 0.0135 | mIoU: 0.1750 | medianIoU: 0.0720 | mae_x1: 106.4592 | mae_y1: 102.9280 | mae_x2: 106.8762 | mae_y2: 102.9261 | center_x_error: 92.5500 | center_y_error: 87.7352 | width_error: 2.0699 | height_error: 1.9606 | loss: 4.7480
2025-05-19 23:46:17,725 - transvg_coordinates_fixed_20250519_140429 - INFO - Saved model checkpoint to /home/pokle/Trans-VG/visual_grounding/checkpoints/transvg_coordinates_fixed_20250519_140429_epoch170.pth
2025-05-19 23:46:17,726 - transvg_coordinates_fixed_20250519_140429 - INFO - Epoch 171/200
2025-05-19 23:46:18,796 - transvg_coordinates_fixed_20250519_140429 - INFO - Epoch 171, Batch 0/848, Loss: 3.6280
2025-05-19 23:46:18,797 - transvg_coordinates_fixed_20250519_140429 - INFO - Train metrics: l1_loss: 0.3746 | giou_loss: 0.8776 | total_loss: 3.6280
2025-05-19 23:46:36,746 - transvg_coordinates_fixed_20250519_140429 - INFO - Epoch 171, Batch 50/848, Loss: 3.0549
2025-05-19 23:46:36,746 - transvg_coordinates_fixed_20250519_140429 - INFO - Train metrics: l1_loss: 0.3017 | giou_loss: 0.7731 | total_loss: 3.0549
2025-05-19 23:46:54,926 - transvg_coordinates_fixed_20250519_140429 - INFO - Epoch 171, Batch 100/848, Loss: 3.0864
2025-05-19 23:46:54,927 - transvg_coordinates_fixed_20250519_140429 - INFO - Train metrics: l1_loss: 0.3307 | giou_loss: 0.7164 | total_loss: 3.0864
2025-05-19 23:47:13,035 - transvg_coordinates_fixed_20250519_140429 - INFO - Epoch 171, Batch 150/848, Loss: 3.2535
2025-05-19 23:47:13,035 - transvg_coordinates_fixed_20250519_140429 - INFO - Train metrics: l1_loss: 0.3484 | giou_loss: 0.7558 | total_loss: 3.2535
2025-05-19 23:47:31,049 - transvg_coordinates_fixed_20250519_140429 - INFO - Epoch 171, Batch 200/848, Loss: 3.4979
2025-05-19 23:47:31,049 - transvg_coordinates_fixed_20250519_140429 - INFO - Train metrics: l1_loss: 0.3707 | giou_loss: 0.8222 | total_loss: 3.4979
2025-05-19 23:47:49,058 - transvg_coordinates_fixed_20250519_140429 - INFO - Epoch 171, Batch 250/848, Loss: 3.3737
2025-05-19 23:47:49,058 - transvg_coordinates_fixed_20250519_140429 - INFO - Train metrics: l1_loss: 0.3475 | giou_loss: 0.8181 | total_loss: 3.3737
2025-05-19 23:48:07,090 - transvg_coordinates_fixed_20250519_140429 - INFO - Epoch 171, Batch 300/848, Loss: 3.2503
2025-05-19 23:48:07,090 - transvg_coordinates_fixed_20250519_140429 - INFO - Train metrics: l1_loss: 0.3311 | giou_loss: 0.7975 | total_loss: 3.2503
2025-05-19 23:48:25,120 - transvg_coordinates_fixed_20250519_140429 - INFO - Epoch 171, Batch 350/848, Loss: 3.5131
2025-05-19 23:48:25,120 - transvg_coordinates_fixed_20250519_140429 - INFO - Train metrics: l1_loss: 0.3669 | giou_loss: 0.8393 | total_loss: 3.5131
2025-05-19 23:48:43,157 - transvg_coordinates_fixed_20250519_140429 - INFO - Epoch 171, Batch 400/848, Loss: 3.1298
2025-05-19 23:48:43,157 - transvg_coordinates_fixed_20250519_140429 - INFO - Train metrics: l1_loss: 0.2973 | giou_loss: 0.8216 | total_loss: 3.1298
2025-05-19 23:49:01,198 - transvg_coordinates_fixed_20250519_140429 - INFO - Epoch 171, Batch 450/848, Loss: 3.5317
2025-05-19 23:49:01,198 - transvg_coordinates_fixed_20250519_140429 - INFO - Train metrics: l1_loss: 0.3563 | giou_loss: 0.8752 | total_loss: 3.5317
2025-05-19 23:49:19,338 - transvg_coordinates_fixed_20250519_140429 - INFO - Epoch 171, Batch 500/848, Loss: 3.4700
2025-05-19 23:49:19,338 - transvg_coordinates_fixed_20250519_140429 - INFO - Train metrics: l1_loss: 0.3743 | giou_loss: 0.7994 | total_loss: 3.4700
2025-05-19 23:49:37,432 - transvg_coordinates_fixed_20250519_140429 - INFO - Epoch 171, Batch 550/848, Loss: 3.3765
2025-05-19 23:49:37,432 - transvg_coordinates_fixed_20250519_140429 - INFO - Train metrics: l1_loss: 0.3656 | giou_loss: 0.7743 | total_loss: 3.3765
2025-05-19 23:49:55,479 - transvg_coordinates_fixed_20250519_140429 - INFO - Epoch 171, Batch 600/848, Loss: 4.2351
2025-05-19 23:49:55,479 - transvg_coordinates_fixed_20250519_140429 - INFO - Train metrics: l1_loss: 0.4578 | giou_loss: 0.9730 | total_loss: 4.2351
2025-05-19 23:50:13,515 - transvg_coordinates_fixed_20250519_140429 - INFO - Epoch 171, Batch 650/848, Loss: 3.5044
2025-05-19 23:50:13,515 - transvg_coordinates_fixed_20250519_140429 - INFO - Train metrics: l1_loss: 0.3697 | giou_loss: 0.8280 | total_loss: 3.5044
2025-05-19 23:50:31,615 - transvg_coordinates_fixed_20250519_140429 - INFO - Epoch 171, Batch 700/848, Loss: 4.0866
2025-05-19 23:50:31,615 - transvg_coordinates_fixed_20250519_140429 - INFO - Train metrics: l1_loss: 0.4433 | giou_loss: 0.9349 | total_loss: 4.0866
2025-05-19 23:50:49,732 - transvg_coordinates_fixed_20250519_140429 - INFO - Epoch 171, Batch 750/848, Loss: 3.3355
2025-05-19 23:50:49,732 - transvg_coordinates_fixed_20250519_140429 - INFO - Train metrics: l1_loss: 0.3593 | giou_loss: 0.7694 | total_loss: 3.3355
2025-05-19 23:51:07,774 - transvg_coordinates_fixed_20250519_140429 - INFO - Epoch 171, Batch 800/848, Loss: 3.0147
2025-05-19 23:51:07,774 - transvg_coordinates_fixed_20250519_140429 - INFO - Train metrics: l1_loss: 0.2873 | giou_loss: 0.7891 | total_loss: 3.0147
2025-05-19 23:51:24,703 - transvg_coordinates_fixed_20250519_140429 - INFO - Train Epoch 171, Loss: 3.3323
2025-05-19 23:51:40,864 - transvg_coordinates_fixed_20250519_140429 - INFO - Pred box sample: [92.41622924804688, 103.35774230957031, 254.15187072753906, 257.8672790527344]
2025-05-19 23:51:40,865 - transvg_coordinates_fixed_20250519_140429 - INFO - Target box sample: [207.0, 198.0, 287.0, 283.0]
2025-05-19 23:51:40,941 - transvg_coordinates_fixed_20250519_140429 - INFO - Validation Epoch 171, Loss: 4.7580
2025-05-19 23:51:40,941 - transvg_coordinates_fixed_20250519_140429 - INFO - Val metrics: Acc@0.25: 0.2983 | Acc@0.5: 0.1102 | Acc@0.75: 0.0135 | mIoU: 0.1734 | medianIoU: 0.0709 | mae_x1: 106.2953 | mae_y1: 102.3339 | mae_x2: 106.9208 | mae_y2: 102.4714 | center_x_error: 93.1287 | center_y_error: 87.5552 | width_error: 1.9785 | height_error: 1.8990 | loss: 4.7580
2025-05-19 23:51:41,559 - transvg_coordinates_fixed_20250519_140429 - INFO - Saved model checkpoint to /home/pokle/Trans-VG/visual_grounding/checkpoints/transvg_coordinates_fixed_20250519_140429_epoch171.pth
2025-05-19 23:51:41,560 - transvg_coordinates_fixed_20250519_140429 - INFO - Epoch 172/200
2025-05-19 23:51:42,589 - transvg_coordinates_fixed_20250519_140429 - INFO - Epoch 172, Batch 0/848, Loss: 3.0059
2025-05-19 23:51:42,589 - transvg_coordinates_fixed_20250519_140429 - INFO - Train metrics: l1_loss: 0.2670 | giou_loss: 0.8355 | total_loss: 3.0059
2025-05-19 23:52:00,643 - transvg_coordinates_fixed_20250519_140429 - INFO - Epoch 172, Batch 50/848, Loss: 3.4288
2025-05-19 23:52:00,643 - transvg_coordinates_fixed_20250519_140429 - INFO - Train metrics: l1_loss: 0.3310 | giou_loss: 0.8870 | total_loss: 3.4288
2025-05-19 23:52:18,675 - transvg_coordinates_fixed_20250519_140429 - INFO - Epoch 172, Batch 100/848, Loss: 3.6465
2025-05-19 23:52:18,675 - transvg_coordinates_fixed_20250519_140429 - INFO - Train metrics: l1_loss: 0.3701 | giou_loss: 0.8979 | total_loss: 3.6465
2025-05-19 23:52:36,775 - transvg_coordinates_fixed_20250519_140429 - INFO - Epoch 172, Batch 150/848, Loss: 2.5983
2025-05-19 23:52:36,776 - transvg_coordinates_fixed_20250519_140429 - INFO - Train metrics: l1_loss: 0.2281 | giou_loss: 0.7288 | total_loss: 2.5983
2025-05-19 23:52:54,852 - transvg_coordinates_fixed_20250519_140429 - INFO - Epoch 172, Batch 200/848, Loss: 3.0173
2025-05-19 23:52:54,852 - transvg_coordinates_fixed_20250519_140429 - INFO - Train metrics: l1_loss: 0.2959 | giou_loss: 0.7690 | total_loss: 3.0173
2025-05-19 23:53:12,979 - transvg_coordinates_fixed_20250519_140429 - INFO - Epoch 172, Batch 250/848, Loss: 3.7761
2025-05-19 23:53:12,980 - transvg_coordinates_fixed_20250519_140429 - INFO - Train metrics: l1_loss: 0.3794 | giou_loss: 0.9395 | total_loss: 3.7761
2025-05-19 23:53:31,126 - transvg_coordinates_fixed_20250519_140429 - INFO - Epoch 172, Batch 300/848, Loss: 2.9796
2025-05-19 23:53:31,126 - transvg_coordinates_fixed_20250519_140429 - INFO - Train metrics: l1_loss: 0.2828 | giou_loss: 0.7829 | total_loss: 2.9796
2025-05-19 23:53:49,222 - transvg_coordinates_fixed_20250519_140429 - INFO - Epoch 172, Batch 350/848, Loss: 3.3766
2025-05-19 23:53:49,222 - transvg_coordinates_fixed_20250519_140429 - INFO - Train metrics: l1_loss: 0.3320 | giou_loss: 0.8583 | total_loss: 3.3766
2025-05-19 23:54:07,351 - transvg_coordinates_fixed_20250519_140429 - INFO - Epoch 172, Batch 400/848, Loss: 3.3913
2025-05-19 23:54:07,351 - transvg_coordinates_fixed_20250519_140429 - INFO - Train metrics: l1_loss: 0.3360 | giou_loss: 0.8556 | total_loss: 3.3913
2025-05-19 23:54:25,484 - transvg_coordinates_fixed_20250519_140429 - INFO - Epoch 172, Batch 450/848, Loss: 3.2707
2025-05-19 23:54:25,484 - transvg_coordinates_fixed_20250519_140429 - INFO - Train metrics: l1_loss: 0.3304 | giou_loss: 0.8094 | total_loss: 3.2707
2025-05-19 23:54:43,668 - transvg_coordinates_fixed_20250519_140429 - INFO - Epoch 172, Batch 500/848, Loss: 3.7976
2025-05-19 23:54:43,669 - transvg_coordinates_fixed_20250519_140429 - INFO - Train metrics: l1_loss: 0.3997 | giou_loss: 0.8994 | total_loss: 3.7976
2025-05-19 23:55:01,837 - transvg_coordinates_fixed_20250519_140429 - INFO - Epoch 172, Batch 550/848, Loss: 3.4687
2025-05-19 23:55:01,837 - transvg_coordinates_fixed_20250519_140429 - INFO - Train metrics: l1_loss: 0.3553 | giou_loss: 0.8461 | total_loss: 3.4687
2025-05-19 23:55:19,988 - transvg_coordinates_fixed_20250519_140429 - INFO - Epoch 172, Batch 600/848, Loss: 3.1713
2025-05-19 23:55:19,988 - transvg_coordinates_fixed_20250519_140429 - INFO - Train metrics: l1_loss: 0.3378 | giou_loss: 0.7413 | total_loss: 3.1713
2025-05-19 23:55:38,119 - transvg_coordinates_fixed_20250519_140429 - INFO - Epoch 172, Batch 650/848, Loss: 3.4460
2025-05-19 23:55:38,119 - transvg_coordinates_fixed_20250519_140429 - INFO - Train metrics: l1_loss: 0.3757 | giou_loss: 0.7838 | total_loss: 3.4460
2025-05-19 23:55:56,259 - transvg_coordinates_fixed_20250519_140429 - INFO - Epoch 172, Batch 700/848, Loss: 2.8200
2025-05-19 23:55:56,259 - transvg_coordinates_fixed_20250519_140429 - INFO - Train metrics: l1_loss: 0.2690 | giou_loss: 0.7375 | total_loss: 2.8200
2025-05-19 23:56:14,445 - transvg_coordinates_fixed_20250519_140429 - INFO - Epoch 172, Batch 750/848, Loss: 3.1654
2025-05-19 23:56:14,445 - transvg_coordinates_fixed_20250519_140429 - INFO - Train metrics: l1_loss: 0.3140 | giou_loss: 0.7977 | total_loss: 3.1654
2025-05-19 23:56:32,579 - transvg_coordinates_fixed_20250519_140429 - INFO - Epoch 172, Batch 800/848, Loss: 3.5340
2025-05-19 23:56:32,579 - transvg_coordinates_fixed_20250519_140429 - INFO - Train metrics: l1_loss: 0.3703 | giou_loss: 0.8411 | total_loss: 3.5340
2025-05-19 23:56:49,634 - transvg_coordinates_fixed_20250519_140429 - INFO - Train Epoch 172, Loss: 3.3310
2025-05-19 23:57:05,542 - transvg_coordinates_fixed_20250519_140429 - INFO - Pred box sample: [93.554443359375, 102.32615661621094, 263.2889709472656, 258.5697326660156]
2025-05-19 23:57:05,543 - transvg_coordinates_fixed_20250519_140429 - INFO - Target box sample: [207.0, 198.0, 287.0, 283.0]
2025-05-19 23:57:05,622 - transvg_coordinates_fixed_20250519_140429 - INFO - Validation Epoch 172, Loss: 4.7540
2025-05-19 23:57:05,622 - transvg_coordinates_fixed_20250519_140429 - INFO - Val metrics: Acc@0.25: 0.3001 | Acc@0.5: 0.1105 | Acc@0.75: 0.0130 | mIoU: 0.1745 | medianIoU: 0.0713 | mae_x1: 106.3614 | mae_y1: 103.0950 | mae_x2: 107.3025 | mae_y2: 102.8687 | center_x_error: 92.9277 | center_y_error: 87.7902 | width_error: 2.0310 | height_error: 1.9722 | loss: 4.7540
2025-05-19 23:57:06,255 - transvg_coordinates_fixed_20250519_140429 - INFO - Saved model checkpoint to /home/pokle/Trans-VG/visual_grounding/checkpoints/transvg_coordinates_fixed_20250519_140429_epoch172.pth
2025-05-19 23:57:06,256 - transvg_coordinates_fixed_20250519_140429 - INFO - Epoch 173/200
2025-05-19 23:57:07,312 - transvg_coordinates_fixed_20250519_140429 - INFO - Epoch 173, Batch 0/848, Loss: 3.5403
2025-05-19 23:57:07,313 - transvg_coordinates_fixed_20250519_140429 - INFO - Train metrics: l1_loss: 0.3732 | giou_loss: 0.8372 | total_loss: 3.5403
2025-05-19 23:57:25,191 - transvg_coordinates_fixed_20250519_140429 - INFO - Epoch 173, Batch 50/848, Loss: 4.0208
2025-05-19 23:57:25,192 - transvg_coordinates_fixed_20250519_140429 - INFO - Train metrics: l1_loss: 0.4201 | giou_loss: 0.9600 | total_loss: 4.0208
2025-05-19 23:57:43,200 - transvg_coordinates_fixed_20250519_140429 - INFO - Epoch 173, Batch 100/848, Loss: 3.4382
2025-05-19 23:57:43,200 - transvg_coordinates_fixed_20250519_140429 - INFO - Train metrics: l1_loss: 0.3471 | giou_loss: 0.8513 | total_loss: 3.4382
2025-05-19 23:58:01,177 - transvg_coordinates_fixed_20250519_140429 - INFO - Epoch 173, Batch 150/848, Loss: 3.4141
2025-05-19 23:58:01,177 - transvg_coordinates_fixed_20250519_140429 - INFO - Train metrics: l1_loss: 0.3521 | giou_loss: 0.8268 | total_loss: 3.4141
2025-05-19 23:58:19,165 - transvg_coordinates_fixed_20250519_140429 - INFO - Epoch 173, Batch 200/848, Loss: 3.5133
2025-05-19 23:58:19,165 - transvg_coordinates_fixed_20250519_140429 - INFO - Train metrics: l1_loss: 0.3499 | giou_loss: 0.8820 | total_loss: 3.5133
2025-05-19 23:58:37,423 - transvg_coordinates_fixed_20250519_140429 - INFO - Epoch 173, Batch 250/848, Loss: 3.1489
2025-05-19 23:58:37,424 - transvg_coordinates_fixed_20250519_140429 - INFO - Train metrics: l1_loss: 0.3076 | giou_loss: 0.8054 | total_loss: 3.1489
2025-05-19 23:58:55,498 - transvg_coordinates_fixed_20250519_140429 - INFO - Epoch 173, Batch 300/848, Loss: 3.5030
2025-05-19 23:58:55,499 - transvg_coordinates_fixed_20250519_140429 - INFO - Train metrics: l1_loss: 0.3567 | giou_loss: 0.8596 | total_loss: 3.5030
2025-05-19 23:59:13,551 - transvg_coordinates_fixed_20250519_140429 - INFO - Epoch 173, Batch 350/848, Loss: 3.5158
2025-05-19 23:59:13,552 - transvg_coordinates_fixed_20250519_140429 - INFO - Train metrics: l1_loss: 0.3568 | giou_loss: 0.8660 | total_loss: 3.5158
2025-05-19 23:59:31,603 - transvg_coordinates_fixed_20250519_140429 - INFO - Epoch 173, Batch 400/848, Loss: 3.5112
2025-05-19 23:59:31,604 - transvg_coordinates_fixed_20250519_140429 - INFO - Train metrics: l1_loss: 0.3430 | giou_loss: 0.8980 | total_loss: 3.5112
2025-05-19 23:59:49,649 - transvg_coordinates_fixed_20250519_140429 - INFO - Epoch 173, Batch 450/848, Loss: 3.1099
2025-05-19 23:59:49,650 - transvg_coordinates_fixed_20250519_140429 - INFO - Train metrics: l1_loss: 0.3134 | giou_loss: 0.7716 | total_loss: 3.1099
2025-05-20 00:00:07,698 - transvg_coordinates_fixed_20250519_140429 - INFO - Epoch 173, Batch 500/848, Loss: 3.4371
2025-05-20 00:00:07,699 - transvg_coordinates_fixed_20250519_140429 - INFO - Train metrics: l1_loss: 0.3471 | giou_loss: 0.8509 | total_loss: 3.4371
2025-05-20 00:00:25,832 - transvg_coordinates_fixed_20250519_140429 - INFO - Epoch 173, Batch 550/848, Loss: 3.4878
2025-05-20 00:00:25,832 - transvg_coordinates_fixed_20250519_140429 - INFO - Train metrics: l1_loss: 0.3594 | giou_loss: 0.8454 | total_loss: 3.4878
2025-05-20 00:00:43,942 - transvg_coordinates_fixed_20250519_140429 - INFO - Epoch 173, Batch 600/848, Loss: 2.5665
2025-05-20 00:00:43,942 - transvg_coordinates_fixed_20250519_140429 - INFO - Train metrics: l1_loss: 0.2540 | giou_loss: 0.6484 | total_loss: 2.5665
2025-05-20 00:01:02,074 - transvg_coordinates_fixed_20250519_140429 - INFO - Epoch 173, Batch 650/848, Loss: 3.5631
2025-05-20 00:01:02,074 - transvg_coordinates_fixed_20250519_140429 - INFO - Train metrics: l1_loss: 0.3632 | giou_loss: 0.8736 | total_loss: 3.5631
2025-05-20 00:01:20,282 - transvg_coordinates_fixed_20250519_140429 - INFO - Epoch 173, Batch 700/848, Loss: 3.2296
2025-05-20 00:01:20,282 - transvg_coordinates_fixed_20250519_140429 - INFO - Train metrics: l1_loss: 0.3240 | giou_loss: 0.8047 | total_loss: 3.2296
2025-05-20 00:01:38,500 - transvg_coordinates_fixed_20250519_140429 - INFO - Epoch 173, Batch 750/848, Loss: 3.1757
2025-05-20 00:01:38,501 - transvg_coordinates_fixed_20250519_140429 - INFO - Train metrics: l1_loss: 0.3357 | giou_loss: 0.7485 | total_loss: 3.1757
2025-05-20 00:01:56,622 - transvg_coordinates_fixed_20250519_140429 - INFO - Epoch 173, Batch 800/848, Loss: 2.7582
2025-05-20 00:01:56,622 - transvg_coordinates_fixed_20250519_140429 - INFO - Train metrics: l1_loss: 0.2719 | giou_loss: 0.6994 | total_loss: 2.7582
2025-05-20 00:02:13,644 - transvg_coordinates_fixed_20250519_140429 - INFO - Train Epoch 173, Loss: 3.3324
2025-05-20 00:02:29,760 - transvg_coordinates_fixed_20250519_140429 - INFO - Pred box sample: [91.69615936279297, 101.36815643310547, 263.3087463378906, 255.56671142578125]
2025-05-20 00:02:29,760 - transvg_coordinates_fixed_20250519_140429 - INFO - Target box sample: [207.0, 198.0, 287.0, 283.0]
2025-05-20 00:02:29,839 - transvg_coordinates_fixed_20250519_140429 - INFO - Validation Epoch 173, Loss: 4.7538
2025-05-20 00:02:29,839 - transvg_coordinates_fixed_20250519_140429 - INFO - Val metrics: Acc@0.25: 0.3012 | Acc@0.5: 0.1137 | Acc@0.75: 0.0143 | mIoU: 0.1749 | medianIoU: 0.0732 | mae_x1: 106.3163 | mae_y1: 103.2438 | mae_x2: 107.1560 | mae_y2: 102.8445 | center_x_error: 92.4649 | center_y_error: 88.0968 | width_error: 2.0785 | height_error: 1.9287 | loss: 4.7538
2025-05-20 00:02:30,459 - transvg_coordinates_fixed_20250519_140429 - INFO - Saved model checkpoint to /home/pokle/Trans-VG/visual_grounding/checkpoints/transvg_coordinates_fixed_20250519_140429_epoch173.pth
2025-05-20 00:02:30,460 - transvg_coordinates_fixed_20250519_140429 - INFO - Epoch 174/200
2025-05-20 00:02:31,459 - transvg_coordinates_fixed_20250519_140429 - INFO - Epoch 174, Batch 0/848, Loss: 4.3340
2025-05-20 00:02:31,459 - transvg_coordinates_fixed_20250519_140429 - INFO - Train metrics: l1_loss: 0.4769 | giou_loss: 0.9748 | total_loss: 4.3340
2025-05-20 00:02:49,607 - transvg_coordinates_fixed_20250519_140429 - INFO - Epoch 174, Batch 50/848, Loss: 2.8060
2025-05-20 00:02:49,607 - transvg_coordinates_fixed_20250519_140429 - INFO - Train metrics: l1_loss: 0.2499 | giou_loss: 0.7782 | total_loss: 2.8060
2025-05-20 00:03:07,848 - transvg_coordinates_fixed_20250519_140429 - INFO - Epoch 174, Batch 100/848, Loss: 4.0923
2025-05-20 00:03:07,848 - transvg_coordinates_fixed_20250519_140429 - INFO - Train metrics: l1_loss: 0.4296 | giou_loss: 0.9722 | total_loss: 4.0923
2025-05-20 00:03:26,048 - transvg_coordinates_fixed_20250519_140429 - INFO - Epoch 174, Batch 150/848, Loss: 4.1476
2025-05-20 00:03:26,048 - transvg_coordinates_fixed_20250519_140429 - INFO - Train metrics: l1_loss: 0.4555 | giou_loss: 0.9350 | total_loss: 4.1476
2025-05-20 00:03:44,361 - transvg_coordinates_fixed_20250519_140429 - INFO - Epoch 174, Batch 200/848, Loss: 3.3705
2025-05-20 00:03:44,361 - transvg_coordinates_fixed_20250519_140429 - INFO - Train metrics: l1_loss: 0.3577 | giou_loss: 0.7909 | total_loss: 3.3705
2025-05-20 00:04:02,615 - transvg_coordinates_fixed_20250519_140429 - INFO - Epoch 174, Batch 250/848, Loss: 3.4374
2025-05-20 00:04:02,615 - transvg_coordinates_fixed_20250519_140429 - INFO - Train metrics: l1_loss: 0.3321 | giou_loss: 0.8884 | total_loss: 3.4374
2025-05-20 00:04:20,899 - transvg_coordinates_fixed_20250519_140429 - INFO - Epoch 174, Batch 300/848, Loss: 3.3226
2025-05-20 00:04:20,899 - transvg_coordinates_fixed_20250519_140429 - INFO - Train metrics: l1_loss: 0.3414 | giou_loss: 0.8077 | total_loss: 3.3226
2025-05-20 00:04:39,224 - transvg_coordinates_fixed_20250519_140429 - INFO - Epoch 174, Batch 350/848, Loss: 2.8441
2025-05-20 00:04:39,224 - transvg_coordinates_fixed_20250519_140429 - INFO - Train metrics: l1_loss: 0.2896 | giou_loss: 0.6981 | total_loss: 2.8441
2025-05-20 00:04:57,416 - transvg_coordinates_fixed_20250519_140429 - INFO - Epoch 174, Batch 400/848, Loss: 3.2336
2025-05-20 00:04:57,416 - transvg_coordinates_fixed_20250519_140429 - INFO - Train metrics: l1_loss: 0.2922 | giou_loss: 0.8862 | total_loss: 3.2336
2025-05-20 00:05:15,600 - transvg_coordinates_fixed_20250519_140429 - INFO - Epoch 174, Batch 450/848, Loss: 3.5504
2025-05-20 00:05:15,600 - transvg_coordinates_fixed_20250519_140429 - INFO - Train metrics: l1_loss: 0.3668 | giou_loss: 0.8581 | total_loss: 3.5504
2025-05-20 00:05:33,851 - transvg_coordinates_fixed_20250519_140429 - INFO - Epoch 174, Batch 500/848, Loss: 2.9492
2025-05-20 00:05:33,851 - transvg_coordinates_fixed_20250519_140429 - INFO - Train metrics: l1_loss: 0.2610 | giou_loss: 0.8220 | total_loss: 2.9492
2025-05-20 00:05:52,047 - transvg_coordinates_fixed_20250519_140429 - INFO - Epoch 174, Batch 550/848, Loss: 3.2041
2025-05-20 00:05:52,047 - transvg_coordinates_fixed_20250519_140429 - INFO - Train metrics: l1_loss: 0.3317 | giou_loss: 0.7727 | total_loss: 3.2041
2025-05-20 00:06:10,252 - transvg_coordinates_fixed_20250519_140429 - INFO - Epoch 174, Batch 600/848, Loss: 3.3010
2025-05-20 00:06:10,252 - transvg_coordinates_fixed_20250519_140429 - INFO - Train metrics: l1_loss: 0.3240 | giou_loss: 0.8406 | total_loss: 3.3010
2025-05-20 00:06:28,587 - transvg_coordinates_fixed_20250519_140429 - INFO - Epoch 174, Batch 650/848, Loss: 3.6031
2025-05-20 00:06:28,587 - transvg_coordinates_fixed_20250519_140429 - INFO - Train metrics: l1_loss: 0.3703 | giou_loss: 0.8759 | total_loss: 3.6031
2025-05-20 00:06:46,739 - transvg_coordinates_fixed_20250519_140429 - INFO - Epoch 174, Batch 700/848, Loss: 3.6082
2025-05-20 00:06:46,740 - transvg_coordinates_fixed_20250519_140429 - INFO - Train metrics: l1_loss: 0.3527 | giou_loss: 0.9225 | total_loss: 3.6082
2025-05-20 00:07:04,867 - transvg_coordinates_fixed_20250519_140429 - INFO - Epoch 174, Batch 750/848, Loss: 3.9196
2025-05-20 00:07:04,867 - transvg_coordinates_fixed_20250519_140429 - INFO - Train metrics: l1_loss: 0.4165 | giou_loss: 0.9185 | total_loss: 3.9196
2025-05-20 00:07:23,088 - transvg_coordinates_fixed_20250519_140429 - INFO - Epoch 174, Batch 800/848, Loss: 3.0986
2025-05-20 00:07:23,088 - transvg_coordinates_fixed_20250519_140429 - INFO - Train metrics: l1_loss: 0.3176 | giou_loss: 0.7552 | total_loss: 3.0986
2025-05-20 00:07:40,132 - transvg_coordinates_fixed_20250519_140429 - INFO - Train Epoch 174, Loss: 3.3244
2025-05-20 00:07:56,107 - transvg_coordinates_fixed_20250519_140429 - INFO - Pred box sample: [89.59569549560547, 99.83688354492188, 255.74375915527344, 253.48126220703125]
2025-05-20 00:07:56,107 - transvg_coordinates_fixed_20250519_140429 - INFO - Target box sample: [207.0, 198.0, 287.0, 283.0]
2025-05-20 00:07:56,187 - transvg_coordinates_fixed_20250519_140429 - INFO - Validation Epoch 174, Loss: 4.7530
2025-05-20 00:07:56,187 - transvg_coordinates_fixed_20250519_140429 - INFO - Val metrics: Acc@0.25: 0.3023 | Acc@0.5: 0.1126 | Acc@0.75: 0.0133 | mIoU: 0.1750 | medianIoU: 0.0718 | mae_x1: 106.5654 | mae_y1: 103.5101 | mae_x2: 106.6100 | mae_y2: 102.7013 | center_x_error: 92.5940 | center_y_error: 87.9743 | width_error: 2.0441 | height_error: 1.9470 | loss: 4.7530
2025-05-20 00:07:56,815 - transvg_coordinates_fixed_20250519_140429 - INFO - Saved model checkpoint to /home/pokle/Trans-VG/visual_grounding/checkpoints/transvg_coordinates_fixed_20250519_140429_epoch174.pth
2025-05-20 00:07:56,816 - transvg_coordinates_fixed_20250519_140429 - INFO - Epoch 175/200
2025-05-20 00:07:57,861 - transvg_coordinates_fixed_20250519_140429 - INFO - Epoch 175, Batch 0/848, Loss: 3.2089
2025-05-20 00:07:57,861 - transvg_coordinates_fixed_20250519_140429 - INFO - Train metrics: l1_loss: 0.3054 | giou_loss: 0.8409 | total_loss: 3.2089
2025-05-20 00:08:15,875 - transvg_coordinates_fixed_20250519_140429 - INFO - Epoch 175, Batch 50/848, Loss: 3.4784
2025-05-20 00:08:15,875 - transvg_coordinates_fixed_20250519_140429 - INFO - Train metrics: l1_loss: 0.3411 | giou_loss: 0.8864 | total_loss: 3.4784
2025-05-20 00:08:33,940 - transvg_coordinates_fixed_20250519_140429 - INFO - Epoch 175, Batch 100/848, Loss: 2.9561
2025-05-20 00:08:33,940 - transvg_coordinates_fixed_20250519_140429 - INFO - Train metrics: l1_loss: 0.2891 | giou_loss: 0.7553 | total_loss: 2.9561
2025-05-20 00:08:51,971 - transvg_coordinates_fixed_20250519_140429 - INFO - Epoch 175, Batch 150/848, Loss: 3.2550
2025-05-20 00:08:51,971 - transvg_coordinates_fixed_20250519_140429 - INFO - Train metrics: l1_loss: 0.3316 | giou_loss: 0.7986 | total_loss: 3.2550
2025-05-20 00:09:10,047 - transvg_coordinates_fixed_20250519_140429 - INFO - Epoch 175, Batch 200/848, Loss: 3.2635
2025-05-20 00:09:10,047 - transvg_coordinates_fixed_20250519_140429 - INFO - Train metrics: l1_loss: 0.3295 | giou_loss: 0.8080 | total_loss: 3.2635
2025-05-20 00:09:28,157 - transvg_coordinates_fixed_20250519_140429 - INFO - Epoch 175, Batch 250/848, Loss: 3.3774
2025-05-20 00:09:28,157 - transvg_coordinates_fixed_20250519_140429 - INFO - Train metrics: l1_loss: 0.3039 | giou_loss: 0.9289 | total_loss: 3.3774
2025-05-20 00:09:46,221 - transvg_coordinates_fixed_20250519_140429 - INFO - Epoch 175, Batch 300/848, Loss: 3.0150
2025-05-20 00:09:46,221 - transvg_coordinates_fixed_20250519_140429 - INFO - Train metrics: l1_loss: 0.2745 | giou_loss: 0.8212 | total_loss: 3.0150
2025-05-20 00:10:04,318 - transvg_coordinates_fixed_20250519_140429 - INFO - Epoch 175, Batch 350/848, Loss: 2.9986
2025-05-20 00:10:04,319 - transvg_coordinates_fixed_20250519_140429 - INFO - Train metrics: l1_loss: 0.2903 | giou_loss: 0.7734 | total_loss: 2.9986
2025-05-20 00:10:22,412 - transvg_coordinates_fixed_20250519_140429 - INFO - Epoch 175, Batch 400/848, Loss: 3.7431
2025-05-20 00:10:22,412 - transvg_coordinates_fixed_20250519_140429 - INFO - Train metrics: l1_loss: 0.3782 | giou_loss: 0.9261 | total_loss: 3.7431
2025-05-20 00:10:40,561 - transvg_coordinates_fixed_20250519_140429 - INFO - Epoch 175, Batch 450/848, Loss: 3.2735
2025-05-20 00:10:40,561 - transvg_coordinates_fixed_20250519_140429 - INFO - Train metrics: l1_loss: 0.3187 | giou_loss: 0.8399 | total_loss: 3.2735
2025-05-20 00:10:58,641 - transvg_coordinates_fixed_20250519_140429 - INFO - Epoch 175, Batch 500/848, Loss: 3.1431
2025-05-20 00:10:58,641 - transvg_coordinates_fixed_20250519_140429 - INFO - Train metrics: l1_loss: 0.3118 | giou_loss: 0.7920 | total_loss: 3.1431
2025-05-20 00:11:16,783 - transvg_coordinates_fixed_20250519_140429 - INFO - Epoch 175, Batch 550/848, Loss: 2.9912
2025-05-20 00:11:16,783 - transvg_coordinates_fixed_20250519_140429 - INFO - Train metrics: l1_loss: 0.3150 | giou_loss: 0.7080 | total_loss: 2.9912
2025-05-20 00:11:34,932 - transvg_coordinates_fixed_20250519_140429 - INFO - Epoch 175, Batch 600/848, Loss: 2.9893
2025-05-20 00:11:34,932 - transvg_coordinates_fixed_20250519_140429 - INFO - Train metrics: l1_loss: 0.2829 | giou_loss: 0.7874 | total_loss: 2.9893
2025-05-20 00:11:52,995 - transvg_coordinates_fixed_20250519_140429 - INFO - Epoch 175, Batch 650/848, Loss: 3.2861
2025-05-20 00:11:52,995 - transvg_coordinates_fixed_20250519_140429 - INFO - Train metrics: l1_loss: 0.3264 | giou_loss: 0.8271 | total_loss: 3.2861
2025-05-20 00:12:11,163 - transvg_coordinates_fixed_20250519_140429 - INFO - Epoch 175, Batch 700/848, Loss: 3.4321
2025-05-20 00:12:11,164 - transvg_coordinates_fixed_20250519_140429 - INFO - Train metrics: l1_loss: 0.3420 | giou_loss: 0.8610 | total_loss: 3.4321
2025-05-20 00:12:29,309 - transvg_coordinates_fixed_20250519_140429 - INFO - Epoch 175, Batch 750/848, Loss: 3.4232
2025-05-20 00:12:29,309 - transvg_coordinates_fixed_20250519_140429 - INFO - Train metrics: l1_loss: 0.3480 | giou_loss: 0.8415 | total_loss: 3.4232
2025-05-20 00:12:47,496 - transvg_coordinates_fixed_20250519_140429 - INFO - Epoch 175, Batch 800/848, Loss: 3.3344
2025-05-20 00:12:47,496 - transvg_coordinates_fixed_20250519_140429 - INFO - Train metrics: l1_loss: 0.3206 | giou_loss: 0.8656 | total_loss: 3.3344
2025-05-20 00:13:04,502 - transvg_coordinates_fixed_20250519_140429 - INFO - Train Epoch 175, Loss: 3.3222
2025-05-20 00:13:21,019 - transvg_coordinates_fixed_20250519_140429 - INFO - Pred box sample: [93.2925033569336, 97.25724792480469, 262.1962890625, 258.0321350097656]
2025-05-20 00:13:21,020 - transvg_coordinates_fixed_20250519_140429 - INFO - Target box sample: [207.0, 198.0, 287.0, 283.0]
2025-05-20 00:13:21,101 - transvg_coordinates_fixed_20250519_140429 - INFO - Validation Epoch 175, Loss: 4.7501
2025-05-20 00:13:21,101 - transvg_coordinates_fixed_20250519_140429 - INFO - Val metrics: Acc@0.25: 0.3007 | Acc@0.5: 0.1118 | Acc@0.75: 0.0125 | mIoU: 0.1747 | medianIoU: 0.0720 | mae_x1: 105.7181 | mae_y1: 103.7190 | mae_x2: 106.3734 | mae_y2: 102.4690 | center_x_error: 92.6069 | center_y_error: 87.8510 | width_error: 1.9639 | height_error: 1.9762 | loss: 4.7501
